location,code,year,pvtd_che,hf122_che,hf21_che,hf3_che
Algeria,DZA,2000,27.984378810000003,0.0,0.8180981550552068,25.794513886597567
Algeria,DZA,2001,23.726696009999994,0.0,0.847557416883419,21.668524707719516
Algeria,DZA,2002,24.67682266,0.0,0.9543437431877662,22.524883379587028
Algeria,DZA,2003,23.255569459999997,0.0,0.9807680457455006,21.14863710502427
Algeria,DZA,2004,28.59969521,0.0,1.445427561616089,26.094326713149883
Algeria,DZA,2005,30.629756929999996,0.0,1.3746567628994657,28.09361340870351
Algeria,DZA,2006,31.484992979999998,0.0,1.2435199632073477,29.12135964299271
Algeria,DZA,2007,30.146129610000003,0.0,1.0721495367842515,28.088581976109552
Algeria,DZA,2008,27.96792603,0.0,0.9287260682419616,26.14695866487478
Algeria,DZA,2009,29.064437869999995,0.0,0.9060976007054019,27.449507561421818
Algeria,DZA,2010,30.489658360000004,0.0,0.8671569523067061,28.882442618322184
Algeria,DZA,2011,29.362874980000004,0.0,0.7652230018049675,27.873466013844137
Algeria,DZA,2012,28.511877060000007,0.0,0.6786940979999344,27.21595316680783
Algeria,DZA,2013,30.616008760000007,0.0,0.7248126681432941,29.278417374388333
Algeria,DZA,2014,29.827842710000006,0.0,0.6994165459518867,28.563593477073738
Algeria,DZA,2015,31.47016144,0.0,0.7393116741776645,30.19287752955549
Algeria,DZA,2016,34.26882171999999,0.0,0.8054748560001902,32.89492717314877
Algeria,DZA,2017,35.341827390000006,0.0,0.8309916430405466,33.93701165927426
Algeria,DZA,2018,35.165950779999996,0.0,0.8267542010045514,33.763958029941655
Algeria,DZA,2019,39.482158659999996,0.0,0.9285968998917721,37.92312965155471
Algeria,DZA,2020,41.221389769999995,0.0,0.9707161988827615,39.64324699918672
Algeria,DZA,2021,42.17322922,0.0,0.9917350788011099,40.50164067720346
Algeria,DZA,2022,52.29389571999999,0.0,1.2275018195850023,50.13015944492696
Algeria,DZA,2023,46.88788605,0.0,1.1019362672283328,45.00216610104393
Angola,AGO,2000,41.27677154999999,0.0,1.5848057557471311,27.304688093186158
Angola,AGO,2001,52.92855834999999,0.0,2.615836320547992,45.09108640570071
Angola,AGO,2002,59.418113710000014,0.0,2.8809089441895894,49.66205143399484
Angola,AGO,2003,57.652774810000004,0.0,2.813959296022382,48.51068844211233
Angola,AGO,2004,55.55617904999999,0.0,2.7200438782250504,46.89109955948987
Angola,AGO,2005,52.128002170000016,0.0,2.4556261183062054,42.3326550156828
Angola,AGO,2006,40.36954498000001,0.0,1.77884174872076,30.665700706138306
Angola,AGO,2007,39.40856934,0.0,2.9968217574293665,28.38397137943825
Angola,AGO,2008,33.15676498,0.0,2.806482336513859,21.6532374734864
Angola,AGO,2009,28.498266219999998,0.0,4.469583023733954,15.508905276859709
Angola,AGO,2010,34.637279510000006,0.0,4.177700686132203,19.343756552505763
Angola,AGO,2011,32.38171005,0.0,3.6835676430856297,17.993809547316484
Angola,AGO,2012,32.570018770000004,0.0,3.662904628497251,17.61917736571861
Angola,AGO,2013,35.40424347,0.0,3.8828300316071513,21.34927835946469
Angola,AGO,2014,42.676586150000006,0.0,4.918208061748807,26.876167057777323
Angola,AGO,2015,49.964443210000006,0.0,6.096915898827331,33.52316573187915
Angola,AGO,2016,52.2201004,0.0,6.403508786458835,35.20893019949871
Angola,AGO,2017,50.606552119999996,0.0,6.205647557152546,34.12101380176604
Angola,AGO,2018,53.741638179999995,0.0,6.5923653064715335,36.247335275934546
Angola,AGO,2019,50.529541019999996,0.0,6.027790342772404,33.14308709698156
Angola,AGO,2020,42.72221375,0.0,5.2055652067608165,28.622180139955518
Angola,AGO,2021,40.00262070000001,0.0,4.749990199512562,26.117255236161853
Angola,AGO,2022,45.134048459999995,,5.463174930746695,30.038616517725536
Angola,AGO,2023,48.30569077,,5.919319871821002,32.546675134761024
Benin,BEN,2000,59.09376526,0.0,,54.91024310149396
Benin,BEN,2001,52.39200211,0.0,,49.055398413264456
Benin,BEN,2002,55.29582977,0.0,,51.766090338750665
Benin,BEN,2003,55.2389946,0.0,,51.67531430060753
Benin,BEN,2004,52.06284332,0.0,,48.5820186599034
Benin,BEN,2005,49.98822784,0.0,,46.525252640001014
Benin,BEN,2006,49.05897903,0.0,,45.664999221370195
Benin,BEN,2007,52.067405699999995,0.0,,48.278289670170224
Benin,BEN,2008,47.99972534,0.0,,44.00003455454868
Benin,BEN,2009,45.27793503000001,0.0,,42.44283161969227
Benin,BEN,2010,45.42667770000001,0.0,,43.390343312334096
Benin,BEN,2011,45.83340836000001,0.0,,44.4866998287959
Benin,BEN,2012,47.10982895000001,0.0,4.91338208375211,41.52768130884621
Benin,BEN,2013,48.325008389999994,0.0,5.242839595985497,42.584328926205465
Benin,BEN,2014,53.493804929999996,0.0,5.666229476702504,46.494013135618
Benin,BEN,2015,58.57353972999999,0.0,5.3827247943862355,51.40564787453597
Benin,BEN,2016,53.95510483,0.0,3.0536838629198972,49.556223317659494
Benin,BEN,2017,52.61595535,0.0,3.3115410845317035,47.9788024376648
Benin,BEN,2018,54.17302704,0.0,3.533305226254376,49.2225328160055
Benin,BEN,2019,60.249889370000005,0.0,3.9265658457106976,54.70105292870377
Benin,BEN,2020,58.94838333,0.0,3.8411475772666934,53.511089635926716
Benin,BEN,2021,61.00945663,0.0,3.974227086739876,55.365022455928795
Benin,BEN,2022,54.273025510000004,0.0,3.5255301738318696,49.11421843372471
Benin,BEN,2023,46.90857697,0.0,3.0439502162280863,42.40532017876868
Botswana,BWA,2000,30.683565140000002,0.0,18.15427500973914,10.671911147029641
Botswana,BWA,2001,30.933216089999995,0.0,17.77766015457025,9.45568603540903
Botswana,BWA,2002,30.26690292,0.0,18.468868448341183,8.744948726336393
Botswana,BWA,2003,31.15103149,0.0,19.778387755324548,8.766111349401633
Botswana,BWA,2004,32.32661057,0.0,21.67228076663646,8.583290052008515
Botswana,BWA,2005,34.07838058,0.0,23.853783250187394,8.498576755945189
Botswana,BWA,2006,32.06208801,0.0,22.32587721402265,8.292569287484605
Botswana,BWA,2007,28.318407060000006,0.0,20.498987776648434,6.772622255638472
Botswana,BWA,2008,25.276159290000002,0.0,18.718433698327875,5.815736658711087
Botswana,BWA,2009,41.135524749999995,0.0,30.806058182344177,5.423530673269462
Botswana,BWA,2010,37.34254456,0.0,25.998931677410667,4.993563299306819
Botswana,BWA,2011,33.748149870000006,0.0,21.784149066359436,4.573960455844653
Botswana,BWA,2012,30.886972430000004,0.0,18.426503782001294,4.240046408975189
Botswana,BWA,2013,27.233602519999994,0.0,15.105873434292382,3.784344467447478
Botswana,BWA,2014,24.19017601,0.0,13.792424321684685,3.717095416496484
Botswana,BWA,2015,25.212116240000007,0.0,15.568971240221117,3.5778174461448233
Botswana,BWA,2016,27.812101360000007,0.0,19.963452135863,3.3074942020328164
Botswana,BWA,2017,14.728672979999999,0.0,8.529134881574448,2.993242283004042
Botswana,BWA,2018,22.881023410000005,0.0,17.731129109203835,5.105791727946909
Botswana,BWA,2019,19.00561905,0.0,14.457096927787084,4.495910074503887
Botswana,BWA,2020,20.926626210000002,0.0,15.92225218570017,4.951548320400352
Botswana,BWA,2021,18.032661440000005,0.0,13.716126895802008,4.265481057686025
Botswana,BWA,2022,18.57051659,0.0,14.122654052103572,4.391904055724969
Botswana,BWA,2023,18.004281999999996,0.0,13.694198462878003,4.25866168975979
Burkina Faso,BFA,2000,60.46869658999999,0.0,0.6690402422930851,57.56380997824211
Burkina Faso,BFA,2001,61.16992187999999,0.0,0.6740752524239393,58.226128031222544
Burkina Faso,BFA,2002,58.912055970000004,0.0,0.6356984798989235,56.12514277405828
Burkina Faso,BFA,2003,55.27878571,0.0,0.5872388443581587,52.659771776756024
Burkina Faso,BFA,2004,45.983097079999986,0.0,0.6995591031540301,43.91834533345033
Burkina Faso,BFA,2005,45.82016753999999,0.0,1.17169841186187,43.412353844645445
Burkina Faso,BFA,2006,41.411510469999996,0.0,1.0487245506345122,39.6252998190224
Burkina Faso,BFA,2007,36.17942047,0.0,1.1394896666523093,34.20258340283978
Burkina Faso,BFA,2008,38.283363339999994,0.0,1.683023425153801,35.396707601981056
Burkina Faso,BFA,2009,38.11584473,0.0,2.373811216507824,32.96109511351136
Burkina Faso,BFA,2010,34.27275085,0.0,1.1882128918726296,30.829980883744007
Burkina Faso,BFA,2011,38.41626358,0.0,1.2313722983517907,32.88170241780375
Burkina Faso,BFA,2012,38.661647800000004,0.0,1.3203525281406545,32.383568400556044
Burkina Faso,BFA,2013,41.50682831,0.0,1.3668125678077336,33.53733080684637
Burkina Faso,BFA,2014,43.860439299999996,0.0,2.721609628578587,34.07847581131911
Burkina Faso,BFA,2015,46.95412827,0.0,2.528339575451391,36.02980039735161
Burkina Faso,BFA,2016,36.45195007000001,0.0,1.4427231887257188,31.393726222310395
Burkina Faso,BFA,2017,38.314888,0.0,1.4174402796557588,31.36149943753303
Burkina Faso,BFA,2018,42.82529831,0.0,1.900396126258675,36.23123073604579
Burkina Faso,BFA,2019,42.41405487,0.0,1.9206656984913955,34.67799087852815
Burkina Faso,BFA,2020,42.11193848,0.0,1.4643293335666676,38.55709077131504
Burkina Faso,BFA,2021,45.19674683,0.0,1.4849344393075612,41.19137674197866
Burkina Faso,BFA,2022,46.158485410000004,0.0,1.7231204424633761,42.292507305443735
Burkina Faso,BFA,2023,47.63228226000001,0.0,1.677072866402932,43.82195818834335
Burundi,BDI,2000,64.25966643999998,0.0,0.8143817461012884,61.13878211377544
Burundi,BDI,2001,47.75265121,0.0,0.6051848284797023,45.43356177173415
Burundi,BDI,2002,52.35043335,0.0,0.6639234720540751,49.84329854233756
Burundi,BDI,2003,52.784980770000004,0.0,0.669341700747995,50.250065890395035
Burundi,BDI,2004,40.51196671,0.0,0.5140745952110188,38.593564771565255
Burundi,BDI,2005,41.07004166,0.0,0.52198196896643,39.18720185053274
Burundi,BDI,2006,41.52054596,0.0,0.5291839640530048,39.72788342964148
Burundi,BDI,2007,42.92697906,0.0,0.5478723030524312,41.13088919664976
Burundi,BDI,2008,44.813610080000004,0.0,0.5470544587355772,42.89714828213202
Burundi,BDI,2009,36.98011017,0.0,0.41847069367065654,35.45698606047909
Burundi,BDI,2010,29.392114639999996,0.0,0.3466595758381792,28.18636219766209
Burundi,BDI,2011,27.259481430000005,0.0,0.7150876333850887,25.4752434824224
Burundi,BDI,2012,24.785266880000002,0.0,2.3919593841581706,22.402347243433635
Burundi,BDI,2013,22.826379779999996,0.0,1.8693793723592569,20.861875930406434
Burundi,BDI,2014,33.33250427,0.0,1.2461139982048244,31.001065333974207
Burundi,BDI,2015,33.536125180000006,0.0,1.165408496302109,31.20854676975726
Burundi,BDI,2016,30.432113649999998,0.0,6.27411598460865,28.36751704352097
Burundi,BDI,2017,31.099756239999998,0.0,5.7763505493069465,28.99849582348447
Burundi,BDI,2018,28.725896839999997,0.0,5.661381321649438,27.115660685420583
Burundi,BDI,2019,23.530462269999997,0.0,4.96433267144312,22.217195771148713
Burundi,BDI,2020,23.26885605,0.0,3.780826197265078,20.457335364167914
Burundi,BDI,2021,27.634611130000003,0.0,4.582869217465662,24.289347687138434
Burundi,BDI,2022,28.639177319999998,0.0,2.229450427504199,25.175972811295583
Burundi,BDI,2023,27.841770169999997,0.0,2.1686892292608815,24.489829600360114
Cabo Verde,CPV,2000,26.128700259999995,0.0,0.6784616027348415,25.259189146517002
Cabo Verde,CPV,2001,24.152898790000002,0.0,0.6434629816280703,23.33108280443563
Cabo Verde,CPV,2002,24.34723091,0.0,0.6452530039484216,23.52381463559125
Cabo Verde,CPV,2003,25.02545357,0.0,0.665115437540322,24.17235366555599
Cabo Verde,CPV,2004,24.71387291,0.0,0.6885771050415568,23.83398658507102
Cabo Verde,CPV,2005,25.47904587,0.0,0.6872341418238097,24.59075438178755
Cabo Verde,CPV,2006,24.639146800000002,0.0,0.6423970560253588,23.799573679202833
Cabo Verde,CPV,2007,23.734626770000006,0.0,0.6239398378188097,22.916232473949975
Cabo Verde,CPV,2008,25.43646812,0.0,0.7141154183281747,24.44979533425534
Cabo Verde,CPV,2009,25.33595657,0.0,0.8119415597505173,24.22216150742406
Cabo Verde,CPV,2010,30.781049730000007,0.0,1.3423819072480898,28.08350408837752
Cabo Verde,CPV,2011,28.74438858,0.0,1.078151154742233,25.889600499194955
Cabo Verde,CPV,2012,27.103651049999996,0.0,0.8819772085177782,24.56819110318872
Cabo Verde,CPV,2013,26.95812225000001,0.0,0.8257748677907779,24.250146001242616
Cabo Verde,CPV,2014,27.806268689999996,0.0,0.804972131039819,25.699053137251095
Cabo Verde,CPV,2015,30.023948669999992,0.0,0.8532413485434831,27.734893225166573
Cabo Verde,CPV,2016,31.32077789,0.0,1.2053778880464583,28.666056765400146
Cabo Verde,CPV,2017,40.20813751000001,0.0,3.2839254684819044,34.12091635758067
Cabo Verde,CPV,2018,32.53416443,0.0,2.9291631176258077,27.065390107604674
Cabo Verde,CPV,2019,30.30004883,0.0,2.8400825941419194,24.941140314738536
Cabo Verde,CPV,2020,27.972730639999998,0.0,2.1198927647454493,24.124383970904663
Cabo Verde,CPV,2021,27.18479919,0.0,2.334920725379684,23.009514160182444
Cabo Verde,CPV,2022,26.12294197,0.0,2.2395197127303708,22.06938333383743
Cabo Verde,CPV,2023,30.43121529,0.0,2.6119878157487344,25.739876296111614
Cameroon,CMR,2000,82.43051909999998,,0.9255518765537276,78.47399746973802
Cameroon,CMR,2001,79.18618774,,0.9528720481717738,75.10469975125699
Cameroon,CMR,2002,74.40692139000001,,0.986485753031021,70.18141111305617
Cameroon,CMR,2003,75.6530304,,0.9884967426004321,71.51586941784079
Cameroon,CMR,2004,77.72569275,,1.0160625208367395,73.89202336521052
Cameroon,CMR,2005,77.9550705,,1.0173060438711625,74.33882748424104
Cameroon,CMR,2006,77.99977874999999,,1.0377194893139627,74.35810803724036
Cameroon,CMR,2007,79.96105194,,1.0166205491129794,75.5683537991411
Cameroon,CMR,2008,78.83682251,,1.0421066068212146,74.2455926739462
Cameroon,CMR,2009,81.48449707000002,,1.0834988940417547,76.7654261746024
Cameroon,CMR,2010,80.637146,,1.084245751255365,76.02136133476489
Cameroon,CMR,2011,72.97251128999999,,0.8058029728006129,69.64954966590884
Cameroon,CMR,2012,75.85700226000002,,6.31676525683724,66.84483085438241
Cameroon,CMR,2013,79.46312714,,6.830736040314437,69.71941942215018
Cameroon,CMR,2014,77.16338348,,5.741053925654503,68.98473846211994
Cameroon,CMR,2015,82.54650878999999,,6.144537311810531,73.83301131030923
Cameroon,CMR,2016,82.12237549,,6.107463427219537,73.38752999879243
Cameroon,CMR,2017,87.78027344,,6.529771837101097,78.46200510098566
Cameroon,CMR,2018,76.00364684999998,,3.438438539392041,72.26169216895593
Cameroon,CMR,2019,75.81052398999998,,3.255868566823935,72.18878148085457
Cameroon,CMR,2020,75.01261902000002,,2.82100975902885,71.87678378166636
Cameroon,CMR,2021,73.72145843999999,,2.772488403668956,70.64050341900086
Cameroon,CMR,2022,70.71065521000001,,2.6591956416847515,67.75390604686311
Cameroon,CMR,2023,70.60063171000002,,2.6551642540830214,67.6511899275534
Central African Republic,CAF,2000,49.378166199999995,0.0,0.5951936872048649,48.27813551210049
Central African Republic,CAF,2001,55.3213501,0.0,0.6670036822438511,54.10288255819777
Central African Republic,CAF,2002,50.731353760000005,0.0,0.6114635244469389,49.59783601377553
Central African Republic,CAF,2003,50.19910049,0.0,0.6049047104828377,49.06582884282549
Central African Republic,CAF,2004,54.31952667,0.0,0.6550191911142398,53.130780705178495
Central African Republic,CAF,2005,52.88037109,0.0,0.6376232329749182,51.71973680151642
Central African Republic,CAF,2006,52.69607924999999,0.0,0.6355007818020386,51.54757774063012
Central African Republic,CAF,2007,50.79790878000001,0.0,0.6128195140615722,49.70782483087041
Central African Republic,CAF,2008,59.236438750000005,0.0,0.7147094316001252,57.97245423226138
Central African Republic,CAF,2009,49.02277756,0.0,0.7065568328859141,47.8439873192846
Central African Republic,CAF,2010,60.92179489,0.0,0.7815080977610543,59.52026731293446
Central African Republic,CAF,2011,59.82344055,0.0,0.6377926669080154,58.58395537638115
Central African Republic,CAF,2012,59.129653929999996,0.0,0.48420952430486985,58.08099410959977
Central African Republic,CAF,2013,46.24708557,0.0,0.5447701758119463,45.23834248382148
Central African Republic,CAF,2014,47.39440154999999,0.0,0.44656257460854354,46.46343140234246
Central African Republic,CAF,2015,49.54203415,0.0,0.3260128318415933,48.77671649263317
Central African Republic,CAF,2016,56.164173129999995,0.0,0.5787507988766378,55.209556419963924
Central African Republic,CAF,2017,57.60929489,0.0,0.7885151014222153,56.415892436082444
Central African Republic,CAF,2018,42.361076350000005,0.0,0.46367423865009916,41.67272832954222
Central African Republic,CAF,2019,61.550369260000004,0.0,0.673805150209634,60.55824678400653
Central African Republic,CAF,2020,50.50314713000001,0.0,0.5527178167723603,49.67552109092726
Central African Republic,CAF,2021,50.39640426999999,0.0,0.5515980394493106,49.57488108868338
Central African Republic,CAF,2022,48.42408371,0.0,0.5301324109449439,47.645657443130155
Central African Republic,CAF,2023,45.75584793,,0.5009516872897637,45.02303951875214
Chad,TCD,2000,58.37036514000001,0.0,0.22166000044391868,56.216259964436205
Chad,TCD,2001,61.524028779999995,0.0,1.2603438793651063,58.260927954160785
Chad,TCD,2002,68.50270081,0.0,1.5420082722556467,64.73538541254909
Chad,TCD,2003,51.63553619,0.0,2.5900976773440285,47.41553033863712
Chad,TCD,2004,54.696750640000005,0.0,2.3276826008102183,51.01406777241809
Chad,TCD,2005,60.41002274,0.0,2.4601298671438276,56.222511571593664
Chad,TCD,2006,68.42547607,0.0,2.6401915306118933,63.660358370444
Chad,TCD,2007,70.1568985,0.0,3.218828725824434,64.91826706014947
Chad,TCD,2008,74.55017853000001,0.0,3.506719160888222,68.81594788313242
Chad,TCD,2009,71.02245331,0.0,3.816380533613164,65.01296953339373
Chad,TCD,2010,73.07261658,0.0,3.8382573170312275,67.58454132997305
Chad,TCD,2011,66.15233612,0.0,4.032871898822653,60.770160294999634
Chad,TCD,2012,64.61224365000001,0.0,3.9437446156348797,59.428220041053756
Chad,TCD,2013,63.753311159999996,0.0,3.8915711370175785,58.637951339948955
Chad,TCD,2014,60.582035059999995,0.0,3.6979186848840215,55.72120393344798
Chad,TCD,2015,61.67253493999999,0.0,3.7644826025287617,56.72420641831463
Chad,TCD,2016,59.956729890000005,0.0,3.659749988339216,55.14606805157099
Chad,TCD,2017,65.10282898,0.0,3.973866861559955,59.8792630845406
Chad,TCD,2018,66.42906188999999,0.0,0.548763706553818,64.3760918608829
Chad,TCD,2019,65.72789001,0.0,0.5430294633722128,63.703401299354574
Chad,TCD,2020,71.24771117999998,0.0,0.8643392188763108,69.76126264290522
Chad,TCD,2021,70.26914215,0.0,0.3798671057533962,69.48041052931765
Chad,TCD,2022,59.01669692999999,0.0,0.34923402849379825,58.17550607762945
Chad,TCD,2023,52.39949799,0.0,0.31023566786355333,51.679147817072405
Comoros,COM,2000,82.24798584,0.0,0.6340680695001368,79.71823867326074
Comoros,COM,2001,84.10320282000002,0.0,0.7027900388737156,81.27226962791622
Comoros,COM,2002,78.98747252999999,0.0,0.6868576005718677,76.19342079978286
Comoros,COM,2003,75.92680358999999,0.0,0.6918352857595164,73.11751583854642
Comoros,COM,2004,75.88041687,0.0,0.7119783579178673,73.01578890051924
Comoros,COM,2005,79.24942779999999,0.0,0.7496749421109338,76.2013396531776
Comoros,COM,2006,82.75740814000001,0.0,0.809539886648093,79.4947145805547
Comoros,COM,2007,85.24043273999999,0.0,0.8370359034295277,81.81255386842678
Comoros,COM,2008,87.07696533000001,0.0,0.9150080746554313,83.37431035411163
Comoros,COM,2009,87.93836212000002,0.0,0.9436213044867315,84.12469026346314
Comoros,COM,2010,84.24782562,0.0,0.9433151367101483,80.46083731716925
Comoros,COM,2011,67.65488434000001,0.0,0.9120123833664014,64.04379643477198
Comoros,COM,2012,70.12582397,0.0,1.2759102936997384,67.96592515250751
Comoros,COM,2013,70.49770355000001,0.0,1.6051501546948843,68.00801903309964
Comoros,COM,2014,68.25216675,0.0,1.8860003872997737,65.51406314177805
Comoros,COM,2015,79.08192444,0.0,2.549809573374819,74.9879193307386
Comoros,COM,2016,74.99801636,0.0,2.7903825666883124,71.26645756759073
Comoros,COM,2017,67.36679077000001,0.0,2.695688574286613,63.844436547040594
Comoros,COM,2018,71.24888610999999,0.0,3.1083226654647444,67.24486437474859
Comoros,COM,2019,66.36086273000001,0.0,3.0696646438634088,61.82796487522851
Comoros,COM,2020,66.10692595999998,0.0,2.8971146399130827,61.90162962718537
Comoros,COM,2021,59.55021667000001,0.0,2.8091661477278103,55.55260387587536
Comoros,COM,2022,46.38483047,0.0,1.967331067144303,43.503623852485255
Comoros,COM,2023,60.308387759999995,0.0,2.5580731808701844,56.56671381175489
Congo,COG,2000,54.28010558999999,0.0,0.4506450863100734,52.69972395048944
Congo,COG,2001,47.09029770000001,0.0,0.4602956382401025,45.785031766195196
Congo,COG,2002,62.98706436,0.0,0.5140081517468607,61.42270810381944
Congo,COG,2003,62.7311821,0.0,0.3861325337797624,61.43461656420064
Congo,COG,2004,57.11585617000001,0.0,0.5473039905746468,55.608406166019066
Congo,COG,2005,53.52738189999999,0.0,0.501422756768964,51.97861199804366
Congo,COG,2006,50.25201035,0.0,0.48157473951638263,48.682071218316054
Congo,COG,2007,50.770114899999996,0.0,0.5915871233549445,49.156762598772474
Congo,COG,2008,39.41572952,0.0,0.6162499631970444,37.85081189572474
Congo,COG,2009,51.997936249999995,0.0,0.6757884363107924,50.37175921649508
Congo,COG,2010,43.529098510000004,0.0,0.3710502805278924,42.15446621039813
Congo,COG,2011,41.86789703000001,0.0,0.2540733807636749,41.091345841530995
Congo,COG,2012,30.757507319999995,0.0,0.32414519667805364,29.7379911213036
Congo,COG,2013,31.96123695,0.0,0.45304867347206934,30.65258688967115
Congo,COG,2014,33.83419037,0.0,0.41089511171386756,31.186316392718243
Congo,COG,2015,35.54331207,0.0,0.4723531906200767,32.46011770120648
Congo,COG,2016,51.72953414999999,0.0,5.918447498473949,44.25678290683837
Congo,COG,2017,54.384685520000005,0.0,6.301782151203482,45.590119522451104
Congo,COG,2018,59.19979095000001,0.0,6.620497147067111,50.2574952040189
Congo,COG,2019,49.14888,0.0,5.580062883202929,42.172037159984626
Congo,COG,2020,45.833686830000005,0.0,3.5438884944370224,25.190232962956003
Congo,COG,2021,43.417964940000005,0.0,3.3170078160675773,23.577547588711415
Congo,COG,2022,50.56128693000001,0.0,3.7885335569876455,26.929188951155634
Congo,COG,2023,51.14204406999999,0.0,3.9350572097601786,27.97069038486447
Côte d'Ivoire,CIV,2000,81.7783432,0.0,2.5070060534632823,75.29565439482393
Côte d'Ivoire,CIV,2001,83.79656219,0.0,2.571098123422354,77.22060162122084
Côte d'Ivoire,CIV,2002,82.41271972999999,0.0,2.5248481509108847,75.83152561909581
Côte d'Ivoire,CIV,2003,81.98117065000002,0.0,2.2687879519712317,76.07664807117956
Côte d'Ivoire,CIV,2004,82.87774658000001,0.0,2.2876926447582955,77.0147992028839
Côte d'Ivoire,CIV,2005,82.69470214999998,0.0,2.3334537695245268,76.73565890093901
Côte d'Ivoire,CIV,2006,81.98959351,0.0,2.3824719972275097,75.94538898764651
Côte d'Ivoire,CIV,2007,74.50507354999999,0.0,2.315826393618145,68.75501185798453
Côte d'Ivoire,CIV,2008,70.81867218,0.0,1.9975658895858368,65.54959516924161
Côte d'Ivoire,CIV,2009,72.02121734999999,0.0,2.0874160845116974,57.4265505984766
Côte d'Ivoire,CIV,2010,71.43956757000002,0.0,2.347501478915833,56.47934308442392
Côte d'Ivoire,CIV,2011,74.62193297999998,0.0,2.8859310340674154,59.20729604076439
Côte d'Ivoire,CIV,2012,67.49612427,0.0,2.8241296824548043,52.79811462743062
Côte d'Ivoire,CIV,2013,71.71278381,0.0,3.401162379654969,56.15932213210661
Côte d'Ivoire,CIV,2014,65.6867218,0.0,3.2767170943762665,51.14342060155703
Côte d'Ivoire,CIV,2015,61.93378829999999,0.0,7.415368913623262,42.58926525063264
Côte d'Ivoire,CIV,2016,59.38405608999999,0.0,7.917928495188258,40.0124936981064
Côte d'Ivoire,CIV,2017,58.241199489999985,0.0,7.811077106777346,39.21524181878885
Côte d'Ivoire,CIV,2018,58.656677249999994,0.0,7.8892538518242405,39.285322333538105
Côte d'Ivoire,CIV,2019,56.796142579999994,0.0,7.817319151294807,37.2604636491989
Côte d'Ivoire,CIV,2020,49.69834899999999,0.0,7.418928771894765,31.992067274348887
Côte d'Ivoire,CIV,2021,44.38304901,0.0,6.56472300120443,28.367086701024647
Côte d'Ivoire,CIV,2022,48.56842803999999,0.0,6.435031355478993,32.549243654156484
Côte d'Ivoire,CIV,2023,47.340717319999996,0.0,6.076135532205729,31.993144691114814
Democratic Republic of the Congo,COD,2000,72.45961761000001,0.0,6.400282467289155,54.02555916842486
Democratic Republic of the Congo,COD,2001,82.68221283,0.0,3.5768527303104283,72.38019174951329
Democratic Republic of the Congo,COD,2002,81.80250549,0.0,3.6505856757571595,71.2881121879972
Democratic Republic of the Congo,COD,2003,75.26839447,0.0,2.5130288437090655,68.03038583046401
Democratic Republic of the Congo,COD,2004,78.34660339,0.0,2.1640342071191827,72.11377426456475
Democratic Republic of the Congo,COD,2005,76.14388275,0.0,2.3541044875473593,69.36360683225631
Democratic Republic of the Congo,COD,2006,75.16455078000001,0.0,2.30975656504459,68.51200511477057
Democratic Republic of the Congo,COD,2007,70.79579926000001,0.0,2.409563280610794,63.85579283440267
Democratic Republic of the Congo,COD,2008,55.953567500000005,0.0,2.1756226564284273,49.687359998468345
Democratic Republic of the Congo,COD,2009,52.0141716,0.0,2.079757790334008,45.41014194004141
Democratic Republic of the Congo,COD,2010,44.923557280000004,0.0,2.5206515158771685,37.050299524107686
Democratic Republic of the Congo,COD,2011,44.10102843999999,0.0,1.365384108854263,38.82409754602187
Democratic Republic of the Congo,COD,2012,46.228485109999994,0.0,,40.275029720590226
Democratic Republic of the Congo,COD,2013,45.879310610000005,0.0,1.378478679490201,39.43297048691372
Democratic Republic of the Congo,COD,2014,45.960861210000004,0.0,2.985545235026373,38.71640611840853
Democratic Republic of the Congo,COD,2015,44.05062103,0.0,2.520905120646065,37.42670840206114
Democratic Republic of the Congo,COD,2016,44.146305080000005,0.0,2.9017011828230665,37.29187600193592
Democratic Republic of the Congo,COD,2017,47.57791901,0.0,3.3143567428069685,40.124719253485424
Democratic Republic of the Congo,COD,2018,49.70476913,0.0,3.4091196490441282,41.610638804634426
Democratic Republic of the Congo,COD,2019,45.355392460000004,0.0,3.14371064697184,38.49700449552145
Democratic Republic of the Congo,COD,2020,46.45769119,0.0,3.241446175387236,39.717938284041374
Democratic Republic of the Congo,COD,2021,45.728794099999995,0.0,3.193357086655757,39.128695672738175
Democratic Republic of the Congo,COD,2022,42.99806976000001,0.0,3.0258782566661844,37.0765529020307
Democratic Republic of the Congo,COD,2023,44.28654479999999,0.0,3.2398113990564306,38.00354791422397
Equatorial Guinea,GNQ,2000,53.35051727,0.0,0.3686406644676809,52.169778091932734
Equatorial Guinea,GNQ,2001,55.46450424,0.0,0.38387434526367226,54.3256383198953
Equatorial Guinea,GNQ,2002,83.36357117000001,0.0,0.5821073537405946,82.37943992629334
Equatorial Guinea,GNQ,2003,76.94245147999999,0.0,0.5360463506414949,75.86091784723662
Equatorial Guinea,GNQ,2004,74.47579192999999,0.0,0.5179463072626344,73.29941191952618
Equatorial Guinea,GNQ,2005,68.85930634000002,0.0,0.47809933840737906,67.66029577508651
Equatorial Guinea,GNQ,2006,62.37915421,0.0,0.4326471998335325,61.227939792714125
Equatorial Guinea,GNQ,2007,60.44060516000002,0.0,0.41908627773108137,59.308807247022784
Equatorial Guinea,GNQ,2008,57.14126205,0.0,0.3952598469267804,55.936906835372525
Equatorial Guinea,GNQ,2009,53.69977187999999,0.0,0.3729449019605561,52.77891088147558
Equatorial Guinea,GNQ,2010,59.06526947000001,0.0,0.4102744656160166,58.06176554106187
Equatorial Guinea,GNQ,2011,57.78424835,0.0,0.40082967181143636,56.725144695257974
Equatorial Guinea,GNQ,2012,54.35277939,0.0,0.37698358172666824,53.35046211626697
Equatorial Guinea,GNQ,2013,64.25777435,0.0,0.4467217351872935,63.21975853882596
Equatorial Guinea,GNQ,2014,64.93320465,0.0,0.4516799057609551,63.921435492329806
Equatorial Guinea,GNQ,2015,69.07384491,0.0,0.48154200269757635,68.14749930136549
Equatorial Guinea,GNQ,2016,69.95859527999998,0.0,0.48820431948829024,69.09034587820626
Equatorial Guinea,GNQ,2017,71.48973846000001,0.0,0.498852555954648,70.59727711831412
Equatorial Guinea,GNQ,2018,70.98078917999999,0.0,0.4953325020320673,70.09912146203048
Equatorial Guinea,GNQ,2019,74.64995574999999,0.0,0.5212963234419319,73.7735039488178
Equatorial Guinea,GNQ,2020,71.38636779999999,0.0,0.49864787459949844,70.56831075116007
Equatorial Guinea,GNQ,2021,65.68020629999998,0.0,0.45855042015984876,64.89374605439403
Equatorial Guinea,GNQ,2022,67.52996062999998,0.0,0.41616844024853117,66.71870190340415
Equatorial Guinea,GNQ,2023,66.70996094,0.0,0.367825091337568,65.98317920377944
Eritrea,ERI,2000,63.76799011000001,0.0,,63.76798855411072
Eritrea,ERI,2001,55.927982330000006,0.0,,55.927980014379145
Eritrea,ERI,2002,46.02070618,0.0,,46.02165203995077
Eritrea,ERI,2003,38.933055880000005,0.0,,38.93305607780667
Eritrea,ERI,2004,35.13972473,0.0,,35.139721292180226
Eritrea,ERI,2005,35.23891068,0.0,,35.23891418691368
Eritrea,ERI,2006,34.717948910000004,0.0,,34.45652313400256
Eritrea,ERI,2007,44.09305954,0.0,,44.09306145952801
Eritrea,ERI,2008,32.59598923,0.0,,32.595988324992625
Eritrea,ERI,2009,45.821865079999995,0.0,,45.82185850394418
Eritrea,ERI,2010,48.655361179999986,0.0,,48.655363932110696
Eritrea,ERI,2011,36.474445339999995,0.0,,36.47444688629179
Eritrea,ERI,2012,52.55268860000001,0.0,,52.55269389377409
Eritrea,ERI,2013,48.772789,0.0,,48.77279097984048
Eritrea,ERI,2014,50.96209717,0.0,,50.96209851623758
Eritrea,ERI,2015,42.904296880000004,0.0,,42.904296373033254
Eritrea,ERI,2016,59.000076289999996,0.0,,59.000072573957354
Eritrea,ERI,2017,46.97371674,0.0,,46.97372231797886
Eritrea,ERI,2018,50.775299069999996,0.0,,50.77529529217003
Eritrea,ERI,2019,46.440677640000004,0.0,,46.44067699639667
Eritrea,ERI,2020,48.55705261,0.0,,48.5570501045253
Eritrea,ERI,2021,49.67214203,0.0,,49.67214442188424
Eritrea,ERI,2022,54.29415511999999,0.0,,54.294154405475474
Eritrea,ERI,2023,48.44565582,0.0,,48.44565179054844
Eswatini,SWZ,2000,43.5636673,0.0,8.273381294964029,18.52517985611511
Eswatini,SWZ,2001,42.50632095000001,0.0,10.150271158019281,17.861988309172705
Eswatini,SWZ,2002,40.31251526,0.0,11.097470485238562,16.884169351245188
Eswatini,SWZ,2003,36.04267883000001,0.0,10.920257188672734,15.057869710467266
Eswatini,SWZ,2004,35.12145233,0.0,11.404589477542181,14.643968321020123
Eswatini,SWZ,2005,31.816184999999997,0.0,10.888578720370582,13.244640776049408
Eswatini,SWZ,2006,29.836906430000006,0.0,10.641281736761332,12.404337479998633
Eswatini,SWZ,2007,29.223289490000003,0.0,10.775164302124109,12.135823010458866
Eswatini,SWZ,2008,25.41001892,0.0,9.629709364208493,10.542341659611493
Eswatini,SWZ,2009,25.14465904,0.0,9.750923778129655,10.423814375289782
Eswatini,SWZ,2010,25.23865128,0.0,9.980875979869642,10.45542167633081
Eswatini,SWZ,2011,25.321687700000002,0.0,10.18402829831198,10.483345290491155
Eswatini,SWZ,2012,25.395584109999998,0.0,10.364807859581394,10.508193732767374
Eswatini,SWZ,2013,25.46177101,0.0,10.526717579391356,10.530448484899775
Eswatini,SWZ,2014,25.521387100000002,0.0,10.672565374202502,10.550495499534785
Eswatini,SWZ,2015,25.575366969999997,0.0,10.804628380397242,10.568647773076947
Eswatini,SWZ,2016,25.62447548,0.0,10.924772712348242,10.585161805269497
Eswatini,SWZ,2017,25.50858688,0.0,10.77629043923703,10.496746116439038
Eswatini,SWZ,2018,25.85350227,0.0,13.61468842010195,10.147497354383518
Eswatini,SWZ,2019,24.265203480000004,0.0,12.555771236212156,9.216985709492533
Eswatini,SWZ,2020,29.62153244,0.0,15.381101226260597,11.291014110721118
Eswatini,SWZ,2021,28.261878969999998,0.0,14.668451571757926,10.767869689056315
Eswatini,SWZ,2022,27.28959464999999,0.0,14.082393709453308,10.337654225536976
Eswatini,SWZ,2023,28.82962036,0.0,15.009718289203429,11.018387988569698
Ethiopia,ETH,2000,42.51675034,0.0,0.22228264233564388,35.95730038300052
Ethiopia,ETH,2001,40.25794220000001,0.0,0.30459877193651713,34.553982729097974
Ethiopia,ETH,2002,43.13770676000001,0.0,0.47251779145645423,37.46262900170054
Ethiopia,ETH,2003,39.34571838000001,0.0,0.623779910949892,34.45893829215885
Ethiopia,ETH,2004,39.62669373000001,0.0,0.9083023419839457,34.86631475651944
Ethiopia,ETH,2005,35.61906815,0.0,1.1778578139005067,31.340297335788815
Ethiopia,ETH,2006,42.51520157,0.0,0.9988231187190095,38.775332211944296
Ethiopia,ETH,2007,39.997249599999996,0.0,0.8195577385727001,36.99623634901531
Ethiopia,ETH,2008,41.2253952,0.0,0.7158673763063456,38.477334459190956
Ethiopia,ETH,2009,46.90090179,0.0,0.7183662071476238,41.540847780361425
Ethiopia,ETH,2010,48.28907013,0.0,0.5782790466618501,42.2902102812871
Ethiopia,ETH,2011,53.94320297,0.0,0.6346198802506668,46.53789187966847
Ethiopia,ETH,2012,48.55954742,0.0,0.5750218627616643,42.1674555650976
Ethiopia,ETH,2013,49.74310303,0.0,0.5782484446474669,42.40406842129754
Ethiopia,ETH,2014,58.84427261,0.0,0.5246294389388493,38.47408500579495
Ethiopia,ETH,2015,56.487377170000016,0.0,0.7044143454389727,36.7434811559237
Ethiopia,ETH,2016,54.76727294999999,0.0,0.8406736018866496,35.43159002350367
Ethiopia,ETH,2017,39.70265579000001,0.0,0.947470755400527,34.40161730643487
Ethiopia,ETH,2018,40.65381241,0.0,0.9774899210908662,35.4915800773842
Ethiopia,ETH,2019,43.128162380000006,0.0,1.0416018559590887,37.819413665454846
Ethiopia,ETH,2020,37.31850814999999,0.0,1.391175783146728,33.079136401722145
Ethiopia,ETH,2021,41.181747439999995,0.0,1.5563853410159516,37.007460604742825
Ethiopia,ETH,2022,49.4164505,0.0,1.8755392050488573,44.59624581037209
Ethiopia,ETH,2023,51.21187592,,1.945871490984928,46.26859470265841
Gabon,GAB,2000,61.24981308,0.0,7.324316227840382,53.1580240205731
Gabon,GAB,2001,58.601451870000005,0.0,7.002567411752947,50.822852959946665
Gabon,GAB,2002,62.34668732,0.0,7.459224264581755,54.137152233317344
Gabon,GAB,2003,57.770416260000005,0.0,6.906871384674817,50.12831553861107
Gabon,GAB,2004,58.031112670000006,0.0,6.92828652534224,50.28374118199601
Gabon,GAB,2005,59.94810486,0.0,7.160067834397023,51.96595096253186
Gabon,GAB,2006,58.9843483,0.0,7.046802493941163,51.14389993394631
Gabon,GAB,2007,57.14358139000001,0.0,6.820305666844585,49.500043579210455
Gabon,GAB,2008,60.657024379999996,0.0,7.26263618268044,52.71036594299936
Gabon,GAB,2009,57.71255875000001,0.0,6.8997896044744484,50.076917779379734
Gabon,GAB,2010,35.30841064,0.0,8.683217408306863,25.505647646202164
Gabon,GAB,2011,36.92001343,0.0,6.783603523380311,27.731528057193074
Gabon,GAB,2012,38.26753235000001,0.0,8.973932691801293,28.004762674456785
Gabon,GAB,2013,35.459144589999994,0.0,5.977871333355361,28.593019963071335
Gabon,GAB,2014,39.11923218,0.0,10.032829732740469,28.129808699664775
Gabon,GAB,2015,40.26911926000001,0.0,12.992969278460178,25.904658613714297
Gabon,GAB,2016,34.61645889,0.0,10.53036531090044,22.55089322379996
Gabon,GAB,2017,36.106597900000004,0.0,9.355678044662431,25.15639163617808
Gabon,GAB,2018,40.178874969999995,0.0,12.233594710067004,23.114152981689234
Gabon,GAB,2019,39.12090302,0.0,10.995717111857612,23.08802189604682
Gabon,GAB,2020,34.14179611000001,0.0,9.70208278118265,20.371740870600675
Gabon,GAB,2021,36.78107451999999,0.0,10.270895742751186,21.566093724337524
Gabon,GAB,2022,31.16929436,0.0,8.532657023930206,17.916264141380356
Gabon,GAB,2023,29.86511803,0.0,8.225605348370559,17.271538950979902
Gambia,GMB,2000,16.017177580000002,0.0,0.9661922400450907,13.680053628118603
Gambia,GMB,2001,15.90631676,0.0,0.9456238350113209,13.388831162939237
Gambia,GMB,2002,15.945917129999998,0.0,0.9286069358858631,13.147893512751669
Gambia,GMB,2003,15.494475360000001,0.0,1.3338859807612617,11.72712494364462
Gambia,GMB,2004,14.78163242,0.0,1.5586951215933633,9.848130158572209
Gambia,GMB,2005,16.273592,0.0,1.4837757816123631,11.507098113212532
Gambia,GMB,2006,17.817914960000003,0.0,1.520729156080976,13.04498223281096
Gambia,GMB,2007,20.06118393,0.0,1.63635022823049,15.068112865814435
Gambia,GMB,2008,21.701705929999996,0.0,1.8384596749513396,16.439686136999576
Gambia,GMB,2009,22.459253309999994,0.0,2.046244558195743,17.004216576960744
Gambia,GMB,2010,23.612089160000004,0.0,2.1679884251461092,18.032357997282432
Gambia,GMB,2011,24.36156654,0.0,1.9326026762719895,19.228358316674225
Gambia,GMB,2012,24.51769066,0.0,1.9757401700503823,19.446590055887462
Gambia,GMB,2013,26.2942543,0.0,2.1760891535401203,20.900314484273657
Gambia,GMB,2014,36.22048569,0.0,3.1456373588373543,26.826696640259662
Gambia,GMB,2015,33.61744308,0.0,3.031405461746092,23.415587060795367
Gambia,GMB,2016,32.90965652,0.0,0.9806007950235839,30.499337522470807
Gambia,GMB,2017,31.68758965,0.0,3.58798187896325,26.66901279213663
Gambia,GMB,2018,27.659452440000003,0.0,1.6876991059799236,20.185107642934863
Gambia,GMB,2019,31.84418488,0.0,1.7244176250556682,20.29882369396628
Gambia,GMB,2020,27.83991051,0.0,0.8567963963583781,24.858177241992767
Gambia,GMB,2021,30.723211289999995,0.0,0.9518089213229338,27.61476935490337
Gambia,GMB,2022,32.7478981,0.0,1.0146607173464908,29.438284363317916
Gambia,GMB,2023,37.62285995,0.0,1.1644005937017896,33.78267750209307
Ghana,GHA,2000,53.5215416,0.0,,38.013161482916445
Ghana,GHA,2001,47.38425446,0.0,,33.57912807021943
Ghana,GHA,2002,45.223629,0.0,,31.97357255727507
Ghana,GHA,2003,40.662456510000005,0.0,,36.00989186006312
Ghana,GHA,2004,36.66819,0.0,,32.44798465166464
Ghana,GHA,2005,26.590200419999995,0.0,,23.532757384591054
Ghana,GHA,2006,37.92792892,0.0,,35.20372299046832
Ghana,GHA,2007,42.277565,0.0,,39.57984533448091
Ghana,GHA,2008,43.767333980000004,0.0,,41.081154507433965
Ghana,GHA,2009,37.33443832,0.0,,34.93130950046143
Ghana,GHA,2010,36.52495193,0.0,,34.30179879473031
Ghana,GHA,2011,35.25711823,0.0,,32.99761270607199
Ghana,GHA,2012,41.03607941,0.0,1.6804459335752862,36.880999412527466
Ghana,GHA,2013,42.97640991,0.0,0.48510009894206924,38.875708506166326
Ghana,GHA,2014,49.23330688,0.0,0.21762153935466663,45.050639763393455
Ghana,GHA,2015,39.986045839999996,0.0,0.8369042405784033,35.80306196008489
Ghana,GHA,2016,48.84697723000001,0.0,1.6881568256501924,37.823727774344114
Ghana,GHA,2017,24.67750168,0.0,1.3794038855116628,22.65083755330272
Ghana,GHA,2018,35.72508621,0.0,1.7281691213519161,33.481615555078754
Ghana,GHA,2019,30.702558519999997,0.0,1.2316015888503378,28.97685078655046
Ghana,GHA,2020,25.016412730000003,0.0,0.843461937595785,23.750362031645686
Ghana,GHA,2021,30.819599150000005,0.0,2.859507819381926,26.49847791445779
Ghana,GHA,2022,28.75227547,0.0,2.3524804456149435,25.032135914512473
Ghana,GHA,2023,28.241250989999998,0.0,1.138704712468159,26.67723292373863
Guinea,GIN,2000,65.73170471,0.0,0.29774402422172414,65.37310269290158
Guinea,GIN,2001,63.76575851,0.0,0.2924636779583562,63.41351933156763
Guinea,GIN,2002,59.73017120000001,0.0,0.27040509285347764,59.4045002250497
Guinea,GIN,2003,62.85507964999999,0.0,0.26086923958399083,62.54089470831634
Guinea,GIN,2004,69.83982086,0.0,0.27641328167539625,69.50691413180103
Guinea,GIN,2005,70.50601959000002,0.0,0.29518566927601836,70.15050429855812
Guinea,GIN,2006,71.55989075,0.0,0.6225048739523217,70.81014857941287
Guinea,GIN,2007,72.679245,0.0,0.6670111499516059,71.87591042805383
Guinea,GIN,2008,71.75924683000001,0.0,0.6726318580137282,70.94914197989573
Guinea,GIN,2009,73.27514647999999,0.0,0.6464545196869133,72.49655809767387
Guinea,GIN,2010,69.98799896000001,0.0,0.5776111945556976,69.2923330280175
Guinea,GIN,2011,60.63142395000001,0.0,0.536667220933892,59.98564513641898
Guinea,GIN,2012,63.33567810000001,0.0,0.8371735318260058,62.399291761299274
Guinea,GIN,2013,63.30140686000001,0.0,1.2967131150039148,61.90120709186121
Guinea,GIN,2014,68.72945404,0.0,0.6706337151581249,58.35925046409926
Guinea,GIN,2015,69.14717102,0.0,0.5217191167477033,49.352403694470006
Guinea,GIN,2016,60.46853637999999,0.0,0.5534782701182617,49.76166349484661
Guinea,GIN,2017,75.16259766,0.0,0.19787693542683937,64.5975570392515
Guinea,GIN,2018,72.6920929,0.0,0.2857372572960296,67.11582747997551
Guinea,GIN,2019,66.67956542999998,0.0,0.2542363807940002,59.215427862221134
Guinea,GIN,2020,67.76779938,0.0,0.9925070752589814,57.17256208402391
Guinea,GIN,2021,59.02419662,0.0,0.797958851009846,53.467129924040904
Guinea,GIN,2022,59.57643127,0.0,0.8074220922996913,54.101213186485104
Guinea,GIN,2023,60.03099060000001,0.0,0.8121162069687957,54.4157417346389
Guinea-Bissau,GNB,2000,67.84621429,0.0,,60.70569907803337
Guinea-Bissau,GNB,2001,70.92190552,0.0,,63.45769037680817
Guinea-Bissau,GNB,2002,64.13760376,0.0,,57.38740863286558
Guinea-Bissau,GNB,2003,64.3073349,0.0,,57.53927551464596
Guinea-Bissau,GNB,2004,60.23236465,0.0,,53.89317356284772
Guinea-Bissau,GNB,2005,59.24233627000001,0.0,,53.007345795175624
Guinea-Bissau,GNB,2006,57.41763306,0.0,,51.37468269745721
Guinea-Bissau,GNB,2007,53.73302077999999,0.0,,48.07785873086264
Guinea-Bissau,GNB,2008,53.25607680999999,0.0,,47.65111005917836
Guinea-Bissau,GNB,2009,59.24978256000001,0.0,,53.01400829102084
Guinea-Bissau,GNB,2010,53.70161057,0.0,,48.04975577471482
Guinea-Bissau,GNB,2011,40.038051610000004,0.0,,35.82422260286273
Guinea-Bissau,GNB,2012,63.29792404,0.0,,58.73207736354003
Guinea-Bissau,GNB,2013,68.09930419999999,0.0,,64.3410800163197
Guinea-Bissau,GNB,2014,57.94044113000001,0.0,,55.38848262133114
Guinea-Bissau,GNB,2015,69.92347717,0.0,,66.92208517591367
Guinea-Bissau,GNB,2016,67.48637390000002,0.0,0.0007328833789467023,64.58337217967137
Guinea-Bissau,GNB,2017,71.71472167999998,0.0,0.0016725704901159545,68.41368021026258
Guinea-Bissau,GNB,2018,70.11581421000001,0.0,0.0015861991702870888,66.9852368076009
Guinea-Bissau,GNB,2019,72.97599029999999,0.0,0.0016987861156503798,69.62321254856207
Guinea-Bissau,GNB,2020,59.09094238,0.0,0.0012415981083455467,56.64048266217096
Guinea-Bissau,GNB,2021,63.64866257000001,0.0,0.0013373632787761038,61.009195375546376
Guinea-Bissau,GNB,2022,69.13298035,0.0,0.0014525977962273646,66.2660806220568
Guinea-Bissau,GNB,2023,64.22203827000001,0.0,0.001349410728781561,61.558788538242595
Kenya,KEN,2000,58.54337691999999,0.0,4.108158794021047,47.33139737002507
Kenya,KEN,2001,57.388706209999995,0.0,4.027132160442292,46.39786388595886
Kenya,KEN,2002,55.19612122000001,0.0,3.873271954165348,44.625191765029015
Kenya,KEN,2003,55.34002303999999,0.0,4.0079308128179045,45.29117970251899
Kenya,KEN,2004,53.90815735000001,0.0,3.9922448497293965,44.469044884355625
Kenya,KEN,2005,54.5215683,0.0,4.105686620869544,45.226624084774905
Kenya,KEN,2006,47.4756546,0.0,3.5895316172313123,39.19218744384423
Kenya,KEN,2007,46.161495210000005,0.0,4.772051006373656,36.450119715252576
Kenya,KEN,2008,44.84187317,0.0,5.58539248269238,34.09735751944188
Kenya,KEN,2009,42.82728195000001,0.0,6.015063787365946,31.37526632737033
Kenya,KEN,2010,42.23286438,0.0,6.509246098382983,30.178573449212564
Kenya,KEN,2011,42.81203079000001,0.0,7.387011113490519,30.966134436776017
Kenya,KEN,2012,43.28137207000001,0.0,8.098329905115886,31.60435414291642
Kenya,KEN,2013,43.66942215,0.0,8.686446002297899,32.13203215050227
Kenya,KEN,2014,42.573768619999996,0.0,9.49485275809599,29.22180284559738
Kenya,KEN,2015,41.698905939999996,0.0,10.140357203646138,26.898014801501503
Kenya,KEN,2016,40.98427963,0.0,10.667678056400192,24.999730530200736
Kenya,KEN,2017,35.973606110000006,0.0,12.092341617632737,23.280600190566528
Kenya,KEN,2018,34.735614780000006,0.0,8.782424329402422,23.36505640758351
Kenya,KEN,2019,35.51103973000001,0.0,9.781600263640437,24.29976356702487
Kenya,KEN,2020,33.642913820000004,0.0,9.39222842602825,23.33247362073385
Kenya,KEN,2021,32.67166138,0.0,9.118308978108024,22.651994185727848
Kenya,KEN,2022,34.62804031,0.0,9.66491335207448,24.009886217103368
Kenya,KEN,2023,34.954093930000006,0.0,9.759818761960927,24.245653265366606
Lesotho,LSO,2000,39.72735976999999,0.0,,39.72735939816723
Lesotho,LSO,2001,38.50114441000001,0.0,,28.387220929732113
Lesotho,LSO,2002,37.844245910000005,0.0,,30.135903635542732
Lesotho,LSO,2003,32.46588898,0.0,,32.465887386103056
Lesotho,LSO,2004,31.500659940000002,0.0,,31.500665551115432
Lesotho,LSO,2005,34.38764571999999,0.0,,34.3876481022384
Lesotho,LSO,2006,30.023180009999997,0.0,,30.023183900768416
Lesotho,LSO,2007,24.052001949999998,0.0,,24.052000106791237
Lesotho,LSO,2008,22.01408958,0.0,,22.01409201195068
Lesotho,LSO,2009,19.72054291,0.0,,19.720540323437227
Lesotho,LSO,2010,23.4601841,0.0,,23.46018132695043
Lesotho,LSO,2011,18.80370903,0.0,,18.80370777813537
Lesotho,LSO,2012,16.890230179999996,0.0,,16.89023539460795
Lesotho,LSO,2013,13.933253290000001,0.0,,13.933257043345373
Lesotho,LSO,2014,14.190210339999998,0.0,,14.190211103770249
Lesotho,LSO,2015,15.60902691,0.0,,15.609028553143046
Lesotho,LSO,2016,15.837906839999999,0.0,,15.83790735450183
Lesotho,LSO,2017,15.775380129999999,0.0,,15.77537904825043
Lesotho,LSO,2018,14.49901199,0.0,,14.499012687417583
Lesotho,LSO,2019,7.29349661,0.0,,7.293498667894426
Lesotho,LSO,2020,16.02077866,0.0,,16.02077971064081
Lesotho,LSO,2021,14.668178560000001,0.0,,14.668181201841051
Lesotho,LSO,2022,12.75231647,0.0,,12.752311369395022
Lesotho,LSO,2023,13.19707966,0.0,,13.197084624584765
Liberia,LBR,2000,76.00881195,0.0,0.515765007319961,69.60216314119549
Liberia,LBR,2001,65.18440247000001,0.0,0.5303843650505606,57.29754320720407
Liberia,LBR,2002,61.466098790000004,0.0,0.5601522303632296,53.579440891613004
Liberia,LBR,2003,63.821353910000006,0.0,0.35608483745648795,57.168135106594036
Liberia,LBR,2004,76.36817169,0.0,0.18823410591311962,73.49426335499606
Liberia,LBR,2005,69.62487792999998,0.0,0.1751280763699798,67.08093652303326
Liberia,LBR,2006,67.43429565000001,0.0,0.17569850721058447,64.5120665748971
Liberia,LBR,2007,46.25145721,0.0,0.36476025170922605,42.22309849024923
Liberia,LBR,2008,37.81901549999999,0.0,0.32949803386687504,34.844627791303694
Liberia,LBR,2009,43.48088073999999,0.0,1.9484413065140598,39.71450163051093
Liberia,LBR,2010,46.33468246,0.0,2.2048088172153877,42.70298103113878
Liberia,LBR,2011,43.860569000000005,0.0,2.5847027971697045,40.30814872305305
Liberia,LBR,2012,45.72475433000001,0.0,2.9701204595326227,41.80235377554526
Liberia,LBR,2013,43.97900009,0.0,3.011549848705399,40.0725780839658
Liberia,LBR,2014,48.093559269999986,0.0,2.5810273042755005,44.753515324126646
Liberia,LBR,2015,53.3427124,0.0,7.4350240743512215,45.302075907490696
Liberia,LBR,2016,55.25460052000001,0.0,7.673468349337752,46.754932083555126
Liberia,LBR,2017,52.21714020000002,0.0,7.24084691065045,44.11894206410026
Liberia,LBR,2018,50.108219150000004,0.0,6.953778928355672,42.36981853813203
Liberia,LBR,2019,59.15144348,0.0,3.5388612138046978,54.67374698173035
Liberia,LBR,2020,71.68728637999999,0.0,2.568778325926755,63.21783992276719
Liberia,LBR,2021,69.93298339999998,0.0,2.505947900384795,61.67157812812932
Liberia,LBR,2022,70.62234497,0.0,2.5309729207525202,62.287445879640515
Liberia,LBR,2023,71.70888518999998,0.0,2.5696330710103754,63.23887526755787
Madagascar,MDG,2000,52.01455688,0.0,2.952031984679822,43.315555561420595
Madagascar,MDG,2001,46.99192810000001,0.0,2.6425632852935204,38.774680424447325
Madagascar,MDG,2002,44.792919160000004,0.0,2.5609682501776145,37.57742568758576
Madagascar,MDG,2003,46.57329178000001,0.0,2.3532073571776606,34.5289226391881
Madagascar,MDG,2004,37.034664150000005,0.0,2.084189121560091,30.58158250454174
Madagascar,MDG,2005,39.67639542,0.0,2.250853281369452,33.02706775393208
Madagascar,MDG,2006,38.333847049999996,0.0,2.1572513733783127,31.653634584079953
Madagascar,MDG,2007,42.46761703,0.0,2.225489319814863,32.6548989930057
Madagascar,MDG,2008,45.344661710000004,0.0,2.5344967538645804,37.18900592272845
Madagascar,MDG,2009,45.45381927,0.0,2.5662927646349267,37.65555299208657
Madagascar,MDG,2010,44.44106293,0.0,2.463714284513052,36.15040539267795
Madagascar,MDG,2011,36.76659011999999,0.0,2.545544197333243,27.973308560811642
Madagascar,MDG,2012,42.710128780000005,0.0,2.9564433111531607,32.4887311216495
Madagascar,MDG,2013,44.94179535,0.0,3.238504531102662,35.58833769967558
Madagascar,MDG,2014,35.87094878999999,0.0,2.5631622114174517,28.166915155710882
Madagascar,MDG,2015,32.04604721,0.0,2.290713210260282,25.17293847110499
Madagascar,MDG,2016,29.45782852,0.0,2.0982162844824117,23.057565299648857
Madagascar,MDG,2017,30.299955369999992,0.0,2.3327167599930676,25.634520815090863
Madagascar,MDG,2018,34.66527939000001,0.0,2.6687920155800517,29.327694492470023
Madagascar,MDG,2019,39.799587249999995,0.0,0.6340231642275065,34.22468020761321
Madagascar,MDG,2020,35.867706299999995,0.0,0.9145457662099773,30.938416289084604
Madagascar,MDG,2021,38.51412964,0.0,1.280570119553421,32.71157955438909
Madagascar,MDG,2022,36.56249237,0.0,1.1908251804601697,30.419086023632026
Madagascar,MDG,2023,33.03242492999999,0.0,1.0735010905597828,27.422095666125447
Malawi,MWI,2000,19.945667269999998,0.0,3.182688675791528,16.76298184141053
Malawi,MWI,2001,22.068565369999995,0.0,3.5214348482930147,18.547132450080152
Malawi,MWI,2002,17.835979459999997,0.0,2.846049300654757,14.98992757561394
Malawi,MWI,2003,18.72673798,0.0,2.291830191715402,12.070897219404332
Malawi,MWI,2004,12.864253999999999,0.0,3.164322696925878,9.69992711711435
Malawi,MWI,2005,13.06180382,0.0,3.9619858853299674,9.099817601680638
Malawi,MWI,2006,18.17900467,0.0,3.696844474804373,8.924166132280654
Malawi,MWI,2007,21.233297350000004,0.0,2.851943161278849,11.715225349938185
Malawi,MWI,2008,20.4376812,0.0,3.003876131460982,10.370281273954129
Malawi,MWI,2009,19.900611880000003,0.0,3.334482226594755,11.235610740828712
Malawi,MWI,2010,15.225176809999999,0.0,4.297457967238845,10.927722992660325
Malawi,MWI,2011,13.929241180000002,0.0,4.967600873956692,8.961643174157858
Malawi,MWI,2012,13.32955742,0.0,3.0879314048801434,10.241626006525538
Malawi,MWI,2013,13.726737020000002,0.0,1.9226641874531785,6.705963309442655
Malawi,MWI,2014,14.230484959999998,0.0,2.5717174450246643,8.18288838213344
Malawi,MWI,2015,17.849187850000003,0.0,3.2061748371922647,10.981896045741058
Malawi,MWI,2016,21.554897309999994,0.0,3.546626541713086,12.414958926044468
Malawi,MWI,2017,17.477228160000003,0.0,4.053621285218813,12.695190425678922
Malawi,MWI,2018,18.09918022,0.0,4.663670004046184,12.801203199394786
Malawi,MWI,2019,21.416984559999996,0.0,9.122670910329822,11.854195905217447
Malawi,MWI,2020,22.56309891,0.0,9.625476623489893,12.507552524638836
Malawi,MWI,2021,20.814979549999997,0.0,8.87848769101709,11.536898948333503
Malawi,MWI,2022,22.714248660000003,0.0,9.68499811231499,12.584896034673209
Malawi,MWI,2023,21.67697716,0.0,9.237085143391734,12.002868234449895
Mali,MLI,2000,70.54322052,0.0,0.8200077952417874,68.81685591109328
Mali,MLI,2001,69.80585479999999,0.0,0.9298801131519234,67.79321545086917
Mali,MLI,2002,63.60089873999999,0.0,0.8231729104178886,61.751349930057124
Mali,MLI,2003,63.11083221,0.0,0.8162810231598258,61.201933444702405
Mali,MLI,2004,57.46240234,0.0,0.7917744702796083,55.61299473449718
Mali,MLI,2005,58.904243470000004,0.0,0.8238058368088546,57.018227408614045
Mali,MLI,2006,58.498676300000014,0.0,0.7443520944972994,56.742867823151364
Mali,MLI,2007,63.18050766,0.0,0.7826889689203951,61.34729858728584
Mali,MLI,2008,65.16460419,0.0,0.8448313710459082,63.221993025239925
Mali,MLI,2009,63.67975235,0.0,0.785848448550824,61.835170811887785
Mali,MLI,2010,58.350250239999994,0.0,0.9047727753751199,56.26600026458761
Mali,MLI,2011,52.392616269999984,0.0,1.01565923907123,50.00246117616046
Mali,MLI,2012,47.31361771,0.0,1.0992936309200974,44.74360612275439
Mali,MLI,2013,37.31279373,0.0,1.0713051189005598,34.84939417964158
Mali,MLI,2014,35.75758362,0.0,1.028782473626046,33.55117298338994
Mali,MLI,2015,36.325634,0.0,0.9019204837551049,34.17124382436871
Mali,MLI,2016,37.741378780000005,0.0,0.6622388855011734,35.75055685961056
Mali,MLI,2017,39.32704544,0.0,0.4600332273655015,37.50244285218966
Mali,MLI,2018,34.16209793,0.0,0.2652853202847319,32.55354544219984
Mali,MLI,2019,54.791297910000004,0.0,1.1327437348623421,31.079233971544937
Mali,MLI,2020,53.76226044,0.0,0.3757983786213034,44.737059390005314
Mali,MLI,2021,53.56362915000001,0.0,1.9336953339455427,44.09402588645306
Mali,MLI,2022,59.95584106,0.0,3.6103479587646152,50.847369751946424
Mali,MLI,2023,58.62575912,0.0,3.9815369099406315,47.22995164550013
Mauritania,MRT,2000,81.74517059000001,0.0,2.656358096862172,77.82102383721326
Mauritania,MRT,2001,80.86268616,0.0,2.53645039984913,77.1258444423006
Mauritania,MRT,2002,73.23936462,0.0,2.2839485606068193,69.98466306167096
Mauritania,MRT,2003,71.57544707999999,0.0,2.2354199532276016,68.38989846099145
Mauritania,MRT,2004,73.84545897999999,0.0,2.356827836967823,70.48689674923635
Mauritania,MRT,2005,70.65610503999999,0.0,2.384853013712169,67.13423559679775
Mauritania,MRT,2006,72.47309875,0.0,2.538462609532368,68.15977001596262
Mauritania,MRT,2007,69.25831603999998,0.0,2.5519386636936714,65.29890917559537
Mauritania,MRT,2008,65.35027312999998,0.0,2.4678230614131356,60.940374978252834
Mauritania,MRT,2009,66.49627686,0.0,2.4809048800808795,62.765154320947815
Mauritania,MRT,2010,66.33787536999999,0.0,2.517103464201772,62.63608890434864
Mauritania,MRT,2011,64.35229492,0.0,2.340364204033844,58.376059328338854
Mauritania,MRT,2012,60.82008742999999,0.0,1.9433000522528407,55.42799844537943
Mauritania,MRT,2013,53.31594467,0.0,1.531361591904665,50.20851820927532
Mauritania,MRT,2014,53.588001250000005,0.0,1.2721628520060384,47.62082562572208
Mauritania,MRT,2015,52.74016953,0.0,1.0967848124353092,47.7419846600329
Mauritania,MRT,2016,60.07937621999999,0.0,1.0202888377248136,55.744660289337965
Mauritania,MRT,2017,57.51740264999999,0.0,1.976540807674311,54.06332996653805
Mauritania,MRT,2018,66.15008544999999,0.0,0.06297932149897695,64.94996956739061
Mauritania,MRT,2019,61.20621109,0.0,0.056289447404169496,60.29301432179047
Mauritania,MRT,2020,62.43131256,0.0,0.06519980521905093,61.51318314985891
Mauritania,MRT,2021,51.090908049999996,0.0,1.5879552490763087,48.191072376249586
Mauritania,MRT,2022,44.15520096,0.0,1.374554170850535,41.714802460998506
Mauritania,MRT,2023,46.360465999999995,0.0,1.442396384107169,43.77366968156157
Mauritius,MUS,2000,46.16999435000001,0.0,0.8996271214986409,44.00006893552066
Mauritius,MUS,2001,45.65263748,0.0,0.8689804996292283,43.81983084645501
Mauritius,MUS,2002,46.79092789,0.0,0.8128671317555282,44.87164792639976
Mauritius,MUS,2003,47.44265746999999,0.0,0.813981551392816,45.3221865355804
Mauritius,MUS,2004,45.607528689999995,0.0,0.8182615389928181,43.42286521359517
Mauritius,MUS,2005,51.77449799,0.0,0.8297344611610283,49.58810694314923
Mauritius,MUS,2006,55.03845978,0.0,0.8296573115858169,52.91299601258595
Mauritius,MUS,2007,58.022525789999996,0.0,0.8449456311352658,55.80852003430405
Mauritius,MUS,2008,63.80205917000001,0.0,0.8035815343384392,61.84155018849518
Mauritius,MUS,2009,60.36982346,0.0,0.7693843229651471,58.373340525425
Mauritius,MUS,2010,53.97322845000001,0.0,0.7094719753924466,52.316857908935916
Mauritius,MUS,2011,54.94377136000001,0.0,0.7562735395131036,53.07153177843498
Mauritius,MUS,2012,53.392658230000016,0.0,0.7707301727752879,51.61318166880714
Mauritius,MUS,2013,56.77747726,0.0,2.6425009429270974,53.18034725076045
Mauritius,MUS,2014,54.469497679999996,0.0,3.7423493161101464,50.18024312564472
Mauritius,MUS,2015,55.72541808999999,0.0,4.927962359953591,49.576727332506835
Mauritius,MUS,2016,55.66152953999999,0.0,6.032034227603802,48.160776900366535
Mauritius,MUS,2017,55.29362868999999,0.0,6.50416083086135,47.396938762427574
Mauritius,MUS,2018,55.20007323999998,0.0,6.949565211120308,46.91960794979094
Mauritius,MUS,2019,55.86817169,0.0,7.448667332430003,47.12637889764759
Mauritius,MUS,2020,51.67989731,0.0,6.888873645229785,43.584664893032574
Mauritius,MUS,2021,47.91743851000001,0.0,6.388160663495909,40.41674388865618
Mauritius,MUS,2022,52.2228775,0.0,6.956598706104425,44.013149175689584
Mauritius,MUS,2023,53.70536423,0.0,7.150939415056081,45.242707897712805
Mozambique,MOZ,2000,39.83553696,0.0,0.9543654979004799,38.88117503141579
Mozambique,MOZ,2001,27.417631149999995,0.0,0.730014298098024,26.687618469518274
Mozambique,MOZ,2002,28.624107360000004,0.0,0.6416883830096293,27.982415851945536
Mozambique,MOZ,2003,21.844036100000004,0.0,0.6289714693776892,21.215063934184546
Mozambique,MOZ,2004,16.18545532,0.0,0.5791485279856492,15.606307098339835
Mozambique,MOZ,2005,12.915116309999998,0.0,0.596644624892839,12.318474988767079
Mozambique,MOZ,2006,13.387879370000002,0.0,0.6409921733901884,12.746886708531537
Mozambique,MOZ,2007,13.121438979999999,0.0,1.1019421764098367,12.019497244408267
Mozambique,MOZ,2008,12.53474998,0.0,1.331373358638865,11.203374860496117
Mozambique,MOZ,2009,9.57833576,0.0,1.340572111121458,8.237761499834418
Mozambique,MOZ,2010,8.49968624,0.0,1.3875664579771485,7.112119242626551
Mozambique,MOZ,2011,8.34748077,0.0,1.6279407962545636,6.719538684534306
Mozambique,MOZ,2012,17.5775013,0.0,1.6284854296652558,5.554829702561878
Mozambique,MOZ,2013,16.645795819999996,0.0,1.044360350720845,8.017043174920436
Mozambique,MOZ,2014,18.541040419999995,0.0,0.7318199996929048,10.424459464045276
Mozambique,MOZ,2015,18.28590393,0.0,0.4387197684190868,11.261485666262022
Mozambique,MOZ,2016,16.974210740000004,0.0,0.40191422115884845,10.539091656972726
Mozambique,MOZ,2017,15.63458538,0.0,0.3715181502538198,9.68614842073303
Mozambique,MOZ,2018,15.14517021,0.0,0.36342982365430937,9.326227700850543
Mozambique,MOZ,2019,15.58563423,0.0,0.3669693059123886,9.710028949674545
Mozambique,MOZ,2020,16.454725270000004,0.0,0.3839853056569029,10.306671319207059
Mozambique,MOZ,2021,14.814757349999999,0.0,0.3353006498174148,9.446196542583504
Mozambique,MOZ,2022,16.032058720000002,0.0,0.35154937349767384,10.403340102807995
Mozambique,MOZ,2023,15.83214569,0.0,0.3411043542656581,10.370665270775639
Namibia,NAM,2000,39.137031560000004,0.0,39.860986973106286,6.533941743703478
Namibia,NAM,2001,39.935436249999995,0.0,40.37737819658607,6.674341157673403
Namibia,NAM,2002,38.053840640000004,0.0,38.59992022684578,6.339432454298338
Namibia,NAM,2003,37.95874023000001,0.0,38.37394415278627,6.6059548264866645
Namibia,NAM,2004,34.696804050000004,0.0,34.948780120832495,6.021077348750971
Namibia,NAM,2005,32.231437680000006,0.0,32.601837248295936,5.769279439569766
Namibia,NAM,2006,32.94275283999999,0.0,33.146405242579455,5.599424816489023
Namibia,NAM,2007,34.32988358,0.0,34.32787018757234,5.446371821875897
Namibia,NAM,2008,34.08846663999999,0.0,34.07222115794399,6.409215028232791
Namibia,NAM,2009,38.66771317,0.0,38.75585415866918,7.758145696978192
Namibia,NAM,2010,40.98141098,0.0,40.190945565383444,8.494791579104476
Namibia,NAM,2011,42.9834938,0.0,42.41974003015817,9.32707835513635
Namibia,NAM,2012,45.67919540000001,0.0,44.198155154708196,9.906519843970438
Namibia,NAM,2013,42.616783139999995,0.0,43.12392307673418,8.883727017909765
Namibia,NAM,2014,34.50099564,0.0,37.84289068197106,9.036887116992268
Namibia,NAM,2015,40.2465744,0.0,43.97798044728416,7.329150222193174
Namibia,NAM,2016,31.195938109999997,0.0,37.577855514014345,7.712085705425881
Namibia,NAM,2017,32.05965042,0.0,38.658255145294646,7.805594595964098
Namibia,NAM,2018,32.18604279,0.0,41.194469646839366,7.783558825173485
Namibia,NAM,2019,31.227025990000005,0.0,41.305543094831876,7.526854752691994
Namibia,NAM,2020,28.92179871,0.0,40.36860657033897,6.968566183343259
Namibia,NAM,2021,28.638135910000006,0.0,38.22757969023601,7.28051795587547
Namibia,NAM,2022,30.008953089999995,0.0,37.82209673548178,7.548700320659484
Namibia,NAM,2023,30.10637474,0.0,36.589626957744144,7.491710405189155
Niger,NER,2000,66.47871398999999,0.0,0.857133226920796,60.331082594119714
Niger,NER,2001,66.41617584,0.0,0.876780903388209,60.255521365177316
Niger,NER,2002,65.54119110000002,0.0,0.8760086266015552,59.451786456338894
Niger,NER,2003,67.30670929,0.0,0.8674321776544139,61.0828574953171
Niger,NER,2004,65.98188782,0.0,0.9014754827061842,59.833546881618965
Niger,NER,2005,56.7050972,0.0,0.8581906153214339,51.34446196981679
Niger,NER,2006,55.13267136,0.0,0.8708265939916698,49.88719187514093
Niger,NER,2007,59.24452209,0.0,0.8803578241262707,53.65877336640119
Niger,NER,2008,58.09479904,0.0,0.8691593067877378,52.61203241765321
Niger,NER,2009,59.23456192,0.0,0.8603697713580525,53.667993872973774
Niger,NER,2010,61.244644170000015,0.0,0.8410436887073355,55.533787634077136
Niger,NER,2011,63.15813065,0.0,0.35763337032745607,57.73744472365636
Niger,NER,2012,62.68271637,0.0,0.6302770833739529,60.806495332560324
Niger,NER,2013,58.13817215,0.0,0.2842414048347549,56.54368163451836
Niger,NER,2014,58.068199160000006,0.0,0.09976980850774972,54.67353789020028
Niger,NER,2015,54.656482700000005,0.0,0.8782821032618895,51.685649695773165
Niger,NER,2016,60.94998549999999,0.0,0.6534235172857648,58.510403745785204
Niger,NER,2017,51.715511320000005,0.0,1.0665016327863988,48.31372057872734
Niger,NER,2018,54.87833023,0.0,1.5658041803510765,48.961190078896784
Niger,NER,2019,49.06087874999999,0.0,1.500715278482648,46.09528950358962
Niger,NER,2020,46.76221084999999,0.0,1.7453586557702527,43.54859867517646
Niger,NER,2021,49.20999527,0.0,3.1554864872818524,42.52769767694856
Niger,NER,2022,46.55378342000001,0.0,1.5477274829607361,40.34075091887031
Niger,NER,2023,61.412624359999995,0.0,3.34269031406042,51.48022656602732
Nigeria,NGA,2000,64.71762084999999,0.0,3.281982673537998,60.16206766896244
Nigeria,NGA,2001,66.39343262,0.0,4.415988566421441,60.74782079672779
Nigeria,NGA,2002,71.36207581,0.0,4.902252090445265,65.04915611187913
Nigeria,NGA,2003,75.88537597999998,0.0,2.328969583934815,72.81435810861414
Nigeria,NGA,2004,67.83808898999999,0.0,2.340971801614928,64.54787341685352
Nigeria,NGA,2005,68.99703979,0.0,2.1452094773732346,65.97051087080244
Nigeria,NGA,2006,73.40917969,0.0,1.733856036758595,70.45880332175088
Nigeria,NGA,2007,74.18617249,0.0,1.626509434612131,70.93754578248472
Nigeria,NGA,2008,76.06096648999998,0.0,1.4378052734341626,72.75693636345531
Nigeria,NGA,2009,77.86317444,0.0,1.3012942693515355,74.4749350013783
Nigeria,NGA,2010,80.13829041,0.0,1.1187103233669449,76.87748510832735
Nigeria,NGA,2011,77.70685577000002,0.0,0.9585374316569565,74.7251426523028
Nigeria,NGA,2012,75.37893677,0.0,0.8242236658393254,72.84433313232687
Nigeria,NGA,2013,73.25357055999999,0.0,0.7191697964459721,70.92673405508287
Nigeria,NGA,2014,74.40258026000001,0.0,0.654477832494466,71.85419306047967
Nigeria,NGA,2015,73.63851929,0.0,0.5742464862432002,71.89007891659477
Nigeria,NGA,2016,76.66194915999998,0.0,0.6450501188068699,75.18703347756028
Nigeria,NGA,2017,78.19173431,0.0,0.43491441342903386,77.38787172046614
Nigeria,NGA,2018,76.73253632000002,0.0,0.554015506440537,75.94579245831305
Nigeria,NGA,2019,72.51712798999999,0.0,0.7859919725373321,71.49702688632999
Nigeria,NGA,2020,75.44963837,0.0,0.6559326954990198,74.67577984472787
Nigeria,NGA,2021,78.86326599,0.0,0.9905689625444007,76.24336769816293
Nigeria,NGA,2022,78.33459472999998,0.0,0.9840012955996806,75.73785918263343
Nigeria,NGA,2023,74.38244628999999,0.0,0.9342016424925076,71.90481634901242
Rwanda,RWA,2000,35.525447850000006,0.0,0.5412677788449882,26.587330960279125
Rwanda,RWA,2001,38.22600937,0.0,0.9330955671013417,27.676661940773798
Rwanda,RWA,2002,40.651149749999995,0.0,1.3095981775056487,28.464272916696157
Rwanda,RWA,2003,24.31324959,0.0,0.5910001060134645,17.119973612533112
Rwanda,RWA,2004,27.068433760000005,0.0,0.5338902764093066,21.219294563283654
Rwanda,RWA,2005,28.818876269999997,0.0,0.5159602339935281,23.80013077323386
Rwanda,RWA,2006,23.462980269999996,0.0,6.291150331239724,14.26592048632714
Rwanda,RWA,2007,22.04653358,0.0,5.885875755092666,12.490134449566689
Rwanda,RWA,2008,22.48181725,0.0,6.41506815089517,11.78688376694661
Rwanda,RWA,2009,22.46027374,0.0,6.284621223935421,11.38083768264615
Rwanda,RWA,2010,22.35222054,0.0,6.057456521928608,11.091300314316257
Rwanda,RWA,2011,22.3910656,0.0,6.117936140392174,10.795682940559587
Rwanda,RWA,2012,20.84407806,0.0,5.9033895017940425,10.178434796315628
Rwanda,RWA,2013,23.1626091,0.0,6.894452096617027,12.307255609043759
Rwanda,RWA,2014,20.99574852,0.0,6.707228463319086,12.055255418466707
Rwanda,RWA,2015,25.598918910000002,5.1733716845499025,2.4193876727524994,12.182048839387265
Rwanda,RWA,2016,22.740640640000006,,2.596428966230747,13.243646773799108
Rwanda,RWA,2017,24.16827202,,2.737811684443027,14.048723772100624
Rwanda,RWA,2018,21.766386030000003,,2.79666407262869,11.505538696906225
Rwanda,RWA,2019,20.87430954,,2.901486721529801,10.078193008067066
Rwanda,RWA,2020,16.854513169999997,,2.6292799574869563,7.205773284059464
Rwanda,RWA,2021,17.69668961,2.6777727266061504,10.018917452449736,5.0
Rwanda,RWA,2022,15.970636369999998,2.654355897612432,9.116280213430377,4.2
Rwanda,RWA,2023,15.970768930000002,2.5820301960278265,9.288739251316823,4.1
Sao Tome and Principe,STP,2000,45.94043732,0.0,0.021107595310312057,43.841047736336854
Sao Tome and Principe,STP,2001,45.70970917000001,0.0,0.02100159235561409,43.62086671721233
Sao Tome and Principe,STP,2002,44.16355514999999,0.0,0.022647939786821007,41.91096603582627
Sao Tome and Principe,STP,2003,33.85868073,0.0,0.019465547797365968,31.92261036603331
Sao Tome and Principe,STP,2004,37.35564423000001,0.0,0.020878303670107484,35.2790633941411
Sao Tome and Principe,STP,2005,35.466972350000006,0.0,0.020830891401051283,33.39511331711299
Sao Tome and Principe,STP,2006,43.53013611,0.0,0.036455422642159944,39.90424151902341
Sao Tome and Principe,STP,2007,38.90760803,0.0,0.0359461095649442,35.33236844005242
Sao Tome and Principe,STP,2008,34.64960861000001,0.0,0.04441357386201116,30.23218496088386
Sao Tome and Principe,STP,2009,31.67339897,0.0,0.042950887874468435,27.401454401636553
Sao Tome and Principe,STP,2010,28.961048130000002,0.0,0.03282845347592397,25.69589342318863
Sao Tome and Principe,STP,2011,27.12779236,0.0,0.03352597391412839,23.793256562138744
Sao Tome and Principe,STP,2012,20.567710880000003,0.0,0.02786912471204957,17.795820550752946
Sao Tome and Principe,STP,2013,16.682672500000002,0.0,0.021392343377298863,14.243452292745319
Sao Tome and Principe,STP,2014,17.012554169999998,0.0,0.02507526415941754,15.04175125039522
Sao Tome and Principe,STP,2015,17.240842820000005,0.0,0.03135050167950062,16.018086563174453
Sao Tome and Principe,STP,2016,15.800244330000002,0.0,0.20133732000295732,13.91362040748224
Sao Tome and Principe,STP,2017,16.06634903,0.0,0.2938804204340918,14.757313612204417
Sao Tome and Principe,STP,2018,18.455553050000002,0.0,0.12845605853013128,15.81694189540682
Sao Tome and Principe,STP,2019,18.926805499999997,0.0,0.12222475751767742,16.991244979506632
Sao Tome and Principe,STP,2020,13.689803120000002,0.0,0.08160638214029395,11.847641315318741
Sao Tome and Principe,STP,2021,13.436121940000001,0.0,0.0709367854261779,11.655727874206244
Sao Tome and Principe,STP,2022,17.614309310000003,0.0,0.09556223511233095,15.20784769518749
Sao Tome and Principe,STP,2023,19.11398315,0.0,0.10470697661868864,16.663149041785072
Senegal,SEN,2000,60.73315811,0.0,4.281946453843717,55.668830606521084
Senegal,SEN,2001,57.94953156000001,0.0,4.444258880418027,52.763720416403245
Senegal,SEN,2002,61.09531783999999,0.0,5.063690081431711,55.3296280426857
Senegal,SEN,2003,61.12947845000001,0.0,5.554740249838848,54.93058057757384
Senegal,SEN,2004,62.236698149999995,0.0,6.533855328586289,55.091388425595454
Senegal,SEN,2005,49.986610410000004,0.0,9.718794687758797,39.516023222382564
Senegal,SEN,2006,47.81413651000001,0.0,9.831845279649553,37.4395064707389
Senegal,SEN,2007,55.564754489999984,0.0,10.335974221409769,44.27264077711145
Senegal,SEN,2008,53.96376038,0.0,11.365380164512631,41.627815328187324
Senegal,SEN,2009,56.59709549,0.0,10.174794293760655,45.61538504569661
Senegal,SEN,2010,58.8386116,0.0,9.492342847192754,48.6773373044413
Senegal,SEN,2011,60.41401291,0.0,9.065597470088214,50.79879967832098
Senegal,SEN,2012,62.08417892,0.0,8.858141193608768,52.773859404926135
Senegal,SEN,2013,63.882522579999986,0.0,3.375201086753981,55.23879856347968
Senegal,SEN,2014,57.02098846,0.0,3.890924836002034,50.37561798921568
Senegal,SEN,2015,57.367473600000004,0.0,5.073248135540482,50.83868130790885
Senegal,SEN,2016,57.555118560000004,0.0,7.843089592924728,51.14096902863671
Senegal,SEN,2017,57.387454989999995,0.0,7.038091899624219,48.895735258804905
Senegal,SEN,2018,54.357723239999984,0.0,5.071633089482967,48.3353666122047
Senegal,SEN,2019,57.19351578,0.0,5.529172501964237,48.746607661381226
Senegal,SEN,2020,49.76930237,0.0,5.501965075962821,41.573049117895245
Senegal,SEN,2021,54.41805648999999,0.0,5.380414924589827,46.877547658029414
Senegal,SEN,2022,58.12475585999999,0.0,7.008168141856164,47.209187899156404
Senegal,SEN,2023,55.627445220000006,0.0,6.887535760215485,44.32556689356272
Seychelles,SYC,2000,17.888319020000004,0.0,,17.88831932808942
Seychelles,SYC,2001,17.096479419999998,0.0,,17.09648176126242
Seychelles,SYC,2002,12.48222733,0.0,,12.482227349358057
Seychelles,SYC,2003,13.69383812,0.0,,13.693842248897699
Seychelles,SYC,2004,15.641567230000001,0.0,,15.641569516811657
Seychelles,SYC,2005,17.86114502,0.0,,17.8611478712246
Seychelles,SYC,2006,19.816293719999997,0.0,,19.816295616813434
Seychelles,SYC,2007,19.23576927,0.0,,19.235766710383857
Seychelles,SYC,2008,31.157859799999994,0.0,,31.157862616391732
Seychelles,SYC,2009,30.094793319999997,0.0,,29.791953689783988
Seychelles,SYC,2010,27.126426700000003,0.0,,22.15366029214867
Seychelles,SYC,2011,23.229185100000002,0.0,,23.17224815385246
Seychelles,SYC,2012,22.228738779999997,0.0,,18.865348503246597
Seychelles,SYC,2013,20.37076759,0.0,0.0923669296734893,19.068692135763982
Seychelles,SYC,2014,27.76068306,0.0,,27.476485005307367
Seychelles,SYC,2015,26.11572075,0.0,,26.072476233903014
Seychelles,SYC,2016,26.934335710000006,0.0,0.7443950138612645,25.30701756998355
Seychelles,SYC,2017,26.367441180000004,0.0,0.700985942952486,24.59942634535929
Seychelles,SYC,2018,27.943151470000004,0.0,0.7467910203637294,26.206846052642778
Seychelles,SYC,2019,28.464286800000004,0.0,0.7487310046814202,26.274925177510553
Seychelles,SYC,2020,22.963388440000003,0.0,0.6154889107151291,21.599112343289836
Seychelles,SYC,2021,28.55452538,0.0,0.7678972456829452,26.947518604090305
Seychelles,SYC,2022,31.812204360000003,0.0,0.853876946679556,29.964770709858048
Seychelles,SYC,2023,29.73125076,0.0,0.7967325833666216,27.959425865913325
Sierra Leone,SLE,2000,86.37667847,0.0,0.6503826730074866,85.72629724323248
Sierra Leone,SLE,2001,78.36341858,0.0,0.5900458987586237,77.77336667086557
Sierra Leone,SLE,2002,73.54903412,0.0,0.5537955346582257,72.99524201101329
Sierra Leone,SLE,2003,79.35348511,0.0,0.5975007450243324,78.75598258797493
Sierra Leone,SLE,2004,73.39940643,0.0,0.5526688377256501,72.84673320218691
Sierra Leone,SLE,2005,70.88145447,0.0,0.5337096773660827,70.34774501609208
Sierra Leone,SLE,2006,67.61971283,0.0,0.5091501006802833,67.11057148940729
Sierra Leone,SLE,2007,72.74729156000001,0.0,0.5477586955954973,72.19953222163088
Sierra Leone,SLE,2008,72.14109802,0.0,0.5431942808394614,71.59790122451187
Sierra Leone,SLE,2009,65.84088898,0.0,0.4957561739264884,65.3451312435551
Sierra Leone,SLE,2010,56.63553238000001,0.0,0.42644345044992454,56.209089675841525
Sierra Leone,SLE,2011,60.68446732000001,0.0,0.45693038240690964,60.22754204159956
Sierra Leone,SLE,2012,68.20275116,0.0,0.5135401172728623,67.68921523710758
Sierra Leone,SLE,2013,63.255367279999994,0.0,0.47628825784988144,62.77908446902601
Sierra Leone,SLE,2014,40.418483730000005,0.0,0.26239889123651805,35.03469374908363
Sierra Leone,SLE,2015,40.99353027,0.0,0.26661417777495033,35.597505856426224
Sierra Leone,SLE,2016,50.44924545,0.0,0.327045847435852,43.70614562409162
Sierra Leone,SLE,2017,56.18978882000001,0.0,0.5072029647840953,54.49611461553914
Sierra Leone,SLE,2018,61.85616683999999,0.0,0.30211324370304654,60.98888846993205
Sierra Leone,SLE,2019,54.20046233999999,0.0,0.7057072354012013,52.88983771983029
Sierra Leone,SLE,2020,53.46459198,0.0,0.42961815277042426,52.34044427378004
Sierra Leone,SLE,2021,51.69986725,0.0,0.2385424944231717,51.4098369531665
Sierra Leone,SLE,2022,55.23907471,0.0,0.254875290494686,54.92982354948423
Sierra Leone,SLE,2023,54.777320859999996,0.0,0.2527381802350816,54.46924108489918
South Africa,ZAF,2000,62.76049805,0.0,47.41322458281234,14.46151739477715
South Africa,ZAF,2001,65.62722777999998,0.0,50.62254209129144,14.12628199056501
South Africa,ZAF,2002,64.82974242999998,0.0,50.39011568320715,13.557768272535036
South Africa,ZAF,2003,54.81716156,0.0,46.64568145092826,12.326144035689296
South Africa,ZAF,2004,55.180889130000004,0.0,47.45899951601506,11.845901175532942
South Africa,ZAF,2005,48.211746219999995,0.0,47.19658601283178,11.312836060907024
South Africa,ZAF,2006,46.597679140000004,0.0,46.45168498541634,10.582863847460125
South Africa,ZAF,2007,44.90902328,0.0,45.741011599980034,9.702891604695372
South Africa,ZAF,2008,44.58263016000001,0.0,46.52288796174834,8.842875896418724
South Africa,ZAF,2009,42.16740036000001,0.0,44.84407502192735,8.109771262799734
South Africa,ZAF,2010,41.029159549999996,0.0,43.827094986503866,7.995062835838897
South Africa,ZAF,2011,41.0365181,0.0,43.83676820013854,7.7509092169457405
South Africa,ZAF,2012,41.63955688,0.0,44.213313073455474,7.722019894216939
South Africa,ZAF,2013,42.105701450000005,0.0,44.28615697323554,7.610047428269357
South Africa,ZAF,2014,42.705261230000005,0.0,45.789871869544186,5.663981243377668
South Africa,ZAF,2015,41.250892640000004,0.0,45.41913270650375,5.736391468125802
South Africa,ZAF,2016,41.35696411,0.0,45.18769476899866,5.78551411831289
South Africa,ZAF,2017,41.68060303,0.0,45.571423491134624,5.834644040758356
South Africa,ZAF,2018,41.82172393999999,0.0,45.66530151274268,5.846663521330978
South Africa,ZAF,2019,40.672458649999996,0.0,44.84093835966333,5.741117870349954
South Africa,ZAF,2020,33.47525406000001,0.0,43.541025313648504,6.429427194806613
South Africa,ZAF,2021,35.22885513,0.0,44.765107473786586,6.610179647749665
South Africa,ZAF,2022,36.54354858000001,0.0,45.49722450677655,6.71828672900769
South Africa,ZAF,2023,36.32940292000001,0.0,45.3234838672018,6.692631550130119
South Sudan,SSD,2017,23.440765380000002,0.0,2.677388149806208,19.192814153279432
South Sudan,SSD,2018,31.67310715,0.0,3.585197264037348,25.700429277135665
South Sudan,SSD,2019,51.51002120999999,0.0,5.885848743272209,42.19261262958056
South Sudan,SSD,2020,48.25819778,0.0,5.507365145373629,39.479459008233675
South Sudan,SSD,2021,38.94423294,0.0,4.305318021119739,30.862603412965097
South Sudan,SSD,2022,39.92018126999999,0.0,4.43344173139882,31.781056182041688
South Sudan,SSD,2023,33.385311130000005,0.0,3.786680890199089,27.14476143051179
Togo,TGO,2000,87.95420073999998,0.0,6.192553451936091,81.61845232002335
Togo,TGO,2001,86.78195952999998,0.0,6.109866204215565,80.5286264124597
Togo,TGO,2002,85.90538025,0.0,6.048424859288993,79.7188235547696
Togo,TGO,2003,84.12905884,0.0,5.921147494312327,78.0412955971746
Togo,TGO,2004,81.07527923999999,0.0,5.70257487554,75.160487380875
Togo,TGO,2005,80.75875091999998,0.0,5.679017147330357,74.84999424884495
Togo,TGO,2006,79.49362946,0.0,5.587676017700527,73.6461093425251
Togo,TGO,2007,73.84091187000001,0.0,6.486594437478149,67.00376102271849
Togo,TGO,2008,73.11481476000002,0.0,6.38913349475037,66.34605054879648
Togo,TGO,2009,71.95480347,0.0,6.154327345958881,65.38478806879083
Togo,TGO,2010,68.20930481,0.0,5.493930600635822,62.27001199378546
Togo,TGO,2011,68.09751892,0.0,5.445418005731488,62.14701098447257
Togo,TGO,2012,64.69445038,0.0,5.002971217058425,59.248958055546105
Togo,TGO,2013,63.531253809999995,0.0,4.791353918240327,57.869535354619146
Togo,TGO,2014,64.66252136,0.0,6.2671636667170105,57.304803876505964
Togo,TGO,2015,73.12627411,0.0,3.2973152904470107,66.96256405530563
Togo,TGO,2016,69.90706635000001,0.0,4.256707860215505,63.40189151573938
Togo,TGO,2017,68.84172057999999,0.0,4.219065498870819,61.4656606745011
Togo,TGO,2018,73.74506378,0.0,5.795692544567476,64.66404104870391
Togo,TGO,2019,75.80754852000001,0.0,6.196719158676775,66.20977898924001
Togo,TGO,2020,70.16882323999998,0.0,4.214184135009037,64.32513243660398
Togo,TGO,2021,73.88970184000001,0.0,4.528998434664621,69.00460200443504
Togo,TGO,2022,68.69844817999999,0.0,4.211458911994,64.16651501929054
Togo,TGO,2023,68.89031982,0.0,4.2229251825866525,64.3412170974855
Uganda,UGA,2000,43.57231139999999,0.0,0.08821564697723254,43.0312806703441
Uganda,UGA,2001,43.946056369999994,0.0,0.16110397796697953,43.39068991397676
Uganda,UGA,2002,45.13526154,0.0,0.6410842826411529,44.01206301793563
Uganda,UGA,2003,47.09984970000001,0.0,1.1058868469629495,45.41866329727162
Uganda,UGA,2004,40.19793320000001,0.0,1.2746000050035915,38.378017992413135
Uganda,UGA,2005,50.22566604999999,0.0,1.1779445359354086,48.599075846802975
Uganda,UGA,2006,55.574592589999995,0.0,1.1211307156380037,54.053426442984374
Uganda,UGA,2007,56.09117125999999,0.0,1.2030934311423582,54.48385537669227
Uganda,UGA,2008,54.33576584,0.0,1.2220287222567034,52.742093132828806
Uganda,UGA,2009,44.2246666,0.0,1.0314212663452544,42.84918020432526
Uganda,UGA,2010,38.74731064000001,0.0,1.0647388035848842,37.39066518617752
Uganda,UGA,2011,36.241313930000004,0.0,2.9784955778678746,33.010049383345994
Uganda,UGA,2012,38.84606934,0.0,1.0157452779887155,37.51226626379235
Uganda,UGA,2013,45.71916198999999,0.0,1.531300274998499,42.51777805925916
Uganda,UGA,2014,46.20917511,0.0,1.876342044482264,40.14643395828597
Uganda,UGA,2015,41.92140579000001,0.0,1.8465859822612598,39.470851170109015
Uganda,UGA,2016,43.059471130000006,0.0,1.8739192813028582,40.60963929340415
Uganda,UGA,2017,40.887214660000005,0.0,2.295287393803193,38.08950530963666
Uganda,UGA,2018,39.712566380000005,0.0,3.150013943636548,35.62893330688772
Uganda,UGA,2019,42.863414760000005,0.0,3.8011672432186145,38.26028573694584
Uganda,UGA,2020,31.26342964,0.0,1.2421353008780975,29.938382814581708
Uganda,UGA,2021,29.019037250000004,0.0,1.6313337616992187,27.35579647427665
Uganda,UGA,2022,35.8975029,0.0,2.018026270896239,33.84023382736798
Uganda,UGA,2023,34.13144301999999,0.0,1.9185306571615328,32.17179428218577
United Republic of Tanzania,TZA,2000,40.53105164,0.0,2.0608560401921436,38.470190108445266
United Republic of Tanzania,TZA,2001,42.70994948999999,0.0,1.8016158200489463,40.90833683944754
United Republic of Tanzania,TZA,2002,44.18369292999999,0.0,1.6641386590193326,42.51955596990228
United Republic of Tanzania,TZA,2003,45.03677750000001,0.0,1.4465208516346362,40.01273952479513
United Republic of Tanzania,TZA,2004,38.68895721,0.0,1.3176154676394707,37.371344704318425
United Republic of Tanzania,TZA,2005,34.88035965,0.0,1.1657645407120156,33.71459375118443
United Republic of Tanzania,TZA,2006,26.64925194,0.0,0.8773522158212137,25.771896220001615
United Republic of Tanzania,TZA,2007,29.395315169999996,0.0,0.9210910141849091,28.474226087770468
United Republic of Tanzania,TZA,2008,33.596706389999994,0.0,1.011604713078162,32.58509955252539
United Republic of Tanzania,TZA,2009,35.68816376000001,0.0,1.0398539516123504,34.648313503845344
United Republic of Tanzania,TZA,2010,32.82444763,0.0,0.9304209731945946,31.8940285252184
United Republic of Tanzania,TZA,2011,29.636009219999995,0.0,1.6813912556928388,27.954620265480226
United Republic of Tanzania,TZA,2012,28.23595047,0.0,2.218928055202161,24.69026855672745
United Republic of Tanzania,TZA,2013,26.006179809999992,0.0,1.3023069705823955,24.090468282558817
United Republic of Tanzania,TZA,2014,26.55572701,0.0,0.5708453261608214,25.98152825990904
United Republic of Tanzania,TZA,2015,27.708314899999994,0.0,1.8625481301994815,25.82907322545623
United Republic of Tanzania,TZA,2016,22.961046219999997,0.0,0.7613026079844788,21.89363217329764
United Republic of Tanzania,TZA,2017,22.051851269999997,0.0,0.7394338885713938,21.264728904205192
United Republic of Tanzania,TZA,2018,21.561052319999998,0.0,0.723053718738202,20.79366600555707
United Republic of Tanzania,TZA,2019,22.62815857,0.0,0.758800293239987,21.821670304228128
United Republic of Tanzania,TZA,2020,30.10636711,0.0,1.0095888025090367,29.033876485633066
United Republic of Tanzania,TZA,2021,26.381835940000002,0.0,0.8846839767644442,25.441848449944978
United Republic of Tanzania,TZA,2022,28.9999752,0.0,0.9724662241566627,27.96630090235588
United Republic of Tanzania,TZA,2023,28.96539497,0.0,0.9712484728631737,27.931280663859706
Zambia,ZMB,2000,57.931518549999986,0.0,0.5607721221115867,45.512371732753905
Zambia,ZMB,2001,49.48173141000001,0.0,0.47822673981081665,38.81297288986951
Zambia,ZMB,2002,36.81583786,0.0,0.3504164679066333,28.439866991017187
Zambia,ZMB,2003,37.763473510000004,0.0,0.30383659951001235,28.419410108692396
Zambia,ZMB,2004,41.240417480000005,0.0,0.6490294333316282,31.07020711023921
Zambia,ZMB,2005,34.615947719999994,0.0,0.7164007913721281,26.097875348074584
Zambia,ZMB,2006,35.91685104,0.0,1.8700635152933747,25.69581196379958
Zambia,ZMB,2007,33.58852005,0.0,1.6703123700321674,24.831684002544417
Zambia,ZMB,2008,26.625463490000005,0.0,1.2526486265225034,20.41286656235494
Zambia,ZMB,2009,18.39865494,0.0,0.8084296859042142,14.68929355355628
Zambia,ZMB,2010,17.034198759999995,0.0,0.6864156280152959,14.233481881354951
Zambia,ZMB,2011,14.269261359999998,0.0,0.4983830239666858,12.191556284056173
Zambia,ZMB,2012,15.463704109999998,0.0,0.5837491761604369,12.631578947368421
Zambia,ZMB,2013,15.216558460000002,0.0,0.2687148467389712,11.709144635503714
Zambia,ZMB,2014,17.99484825,0.0,0.3230723689703967,13.819740466015038
Zambia,ZMB,2015,16.40252113,0.0,0.2652695669364814,12.25534920754825
Zambia,ZMB,2016,19.07094765,0.0,0.5283841452919329,12.139536412433683
Zambia,ZMB,2017,15.91605377,0.0,0.9013508698029387,10.655810920974645
Zambia,ZMB,2018,12.117179870000003,0.0,0.0073367196785057275,10.275902528734935
Zambia,ZMB,2019,8.57211399,0.0,0.030190810947053556,7.252382524739965
Zambia,ZMB,2020,10.01547432,0.0,0.17296012106112074,8.113663978868342
Zambia,ZMB,2021,8.018881799999999,0.0,0.07873098247367288,7.078294081900745
Zambia,ZMB,2022,10.112068179999998,0.0,0.09916526380520697,8.915434276850563
Zambia,ZMB,2023,11.376455309999999,0.0,0.11441915661158715,10.286832624889334
Zimbabwe,ZWE,2010,46.24064636,0.0,11.552054456184678,34.431033345095116
Zimbabwe,ZWE,2011,54.5644722,0.0,16.883130120385783,37.22082654693499
Zimbabwe,ZWE,2012,55.77362061,0.0,20.192984772766113,34.968517776932636
Zimbabwe,ZWE,2013,51.491153719999986,0.0,21.0539417160828,29.755965009402352
Zimbabwe,ZWE,2014,46.19208145,0.0,20.966696548369622,24.831754302731994
Zimbabwe,ZWE,2015,54.92580031999999,0.0,28.92183150920736,25.786417636768203
Zimbabwe,ZWE,2016,51.583202359999994,0.0,26.44116553857856,24.64910631832673
Zimbabwe,ZWE,2017,37.73575211000001,0.0,26.34456381319962,10.548448574164096
Zimbabwe,ZWE,2018,36.08961487,0.0,26.063388141290957,8.796354486715051
Zimbabwe,ZWE,2019,23.799654009999994,0.0,14.0554760657149,9.083371177227663
Zimbabwe,ZWE,2020,22.23332405,0.0,7.391850104009739,10.408306748864561
Zimbabwe,ZWE,2021,20.100351330000002,0.0,6.3108498990575805,8.886173376065605
Zimbabwe,ZWE,2022,18.777885440000002,0.0,6.1959219653485835,8.724345799793301
Zimbabwe,ZWE,2023,22.663665769999998,0.0,7.552697529727865,10.634792584070336
Antigua and Barbuda,ATG,2000,41.80508804,0.0,19.580807882695545,22.224281673718142
Antigua and Barbuda,ATG,2001,40.84836578000001,0.0,18.101451817131657,22.74691393321505
Antigua and Barbuda,ATG,2002,41.42494583,0.0,18.684827606016224,22.74011753905514
Antigua and Barbuda,ATG,2003,40.09136581,0.0,16.873478895290123,23.217890472729422
Antigua and Barbuda,ATG,2004,41.92370987,0.0,17.6122648714926,24.311445457674917
Antigua and Barbuda,ATG,2005,44.22232437000001,0.0,17.147343979267543,27.074980263528147
Antigua and Barbuda,ATG,2006,46.90572356999999,0.0,16.589236087830347,30.3164850126369
Antigua and Barbuda,ATG,2007,48.52497482,0.0,15.998406791731457,32.52657219958199
Antigua and Barbuda,ATG,2008,49.04826736,0.0,17.139117238120573,31.909146574253896
Antigua and Barbuda,ATG,2009,45.07781601000001,0.0,19.800782653264513,25.277036976430285
Antigua and Barbuda,ATG,2010,41.55625533999999,0.0,16.872463767449887,24.68379693161796
Antigua and Barbuda,ATG,2011,42.998329160000004,0.0,17.22531167387882,25.77301373138132
Antigua and Barbuda,ATG,2012,43.70473479999999,0.0,16.809154417985035,26.895582563773285
Antigua and Barbuda,ATG,2013,43.682739260000005,0.0,16.919346506012122,26.763392421853542
Antigua and Barbuda,ATG,2014,40.840213780000006,0.0,15.496533472266822,25.343677696458798
Antigua and Barbuda,ATG,2015,40.212337489999996,0.0,16.681648961945825,23.53068907961713
Antigua and Barbuda,ATG,2016,44.13653564,0.0,16.616941822826924,27.519596658961113
Antigua and Barbuda,ATG,2017,43.81507111,0.0,17.2464451441962,26.568623824374715
Antigua and Barbuda,ATG,2018,39.82854462,0.0,16.1683327717963,23.660211896904393
Antigua and Barbuda,ATG,2019,41.51376343,0.0,17.248666214989623,24.265099962466515
Antigua and Barbuda,ATG,2020,36.86793518,0.0,15.792848120389086,21.075088094874918
Antigua and Barbuda,ATG,2021,36.23837279999999,0.0,15.619509073081192,20.618867354048163
Antigua and Barbuda,ATG,2022,35.493213649999994,0.0,17.489276410431334,18.00394056344122
Antigua and Barbuda,ATG,2023,41.02031708,0.0,20.212754034758014,20.80756308692407
Argentina,ARG,2000,45.23767471,0.0,13.388298717426942,29.10433138400904
Argentina,ARG,2001,45.68281937,0.0,12.928777154143377,29.838426227791054
Argentina,ARG,2002,45.12362288999999,0.0,12.62467582878575,30.2445866068283
Argentina,ARG,2003,45.35602570000001,0.0,13.746735259393565,28.118634391153353
Argentina,ARG,2004,45.1451416,0.0,13.911408336125389,28.15113520649935
Argentina,ARG,2005,48.01793288999999,0.0,12.369862431565908,32.54163881377853
Argentina,ARG,2006,47.22160721,0.0,11.956458090912886,32.120439926061486
Argentina,ARG,2007,45.77174759,0.0,11.527183470733297,31.17720269635394
Argentina,ARG,2008,44.74361801000001,0.0,11.835434592834158,30.04826416190103
Argentina,ARG,2009,39.661220549999996,0.0,11.345930271842189,25.879114348429535
Argentina,ARG,2010,40.984478,0.0,11.784165352305104,26.667789758597785
Argentina,ARG,2011,39.28659439,0.0,10.211624712152172,26.632172834326067
Argentina,ARG,2012,37.333332060000004,0.0,9.010872657048392,25.93460160338669
Argentina,ARG,2013,36.10850525,0.0,7.096394102725549,26.439155143108493
Argentina,ARG,2014,34.098880769999994,0.0,4.995023692183375,26.693154548446845
Argentina,ARG,2015,33.49847794,0.0,5.193339527277399,25.820542511319776
Argentina,ARG,2016,34.296504969999994,0.0,5.292216381916151,26.47557329066709
Argentina,ARG,2017,34.426654819999996,0.0,11.620162127874108,20.747977504087192
Argentina,ARG,2018,39.645050049999995,0.0,13.457077766223385,24.02781851852142
Argentina,ARG,2019,38.31008911,0.0,13.035699677422548,23.27544148531435
Argentina,ARG,2020,34.29720306,0.0,11.67804859931658,20.85133468568782
Argentina,ARG,2021,41.22537994,0.0,14.337112937440937,25.59913479916331
Argentina,ARG,2022,40.15216826999999,0.0,14.120833768369653,25.212965029317434
Argentina,ARG,2023,38.925498960000006,0.0,13.704512587461293,24.46961718262586
Bahamas,BHS,2000,59.77048492,0.0,32.54346778075797,27.227013259399342
Bahamas,BHS,2001,59.47859955,0.0,31.246904458014583,28.231691279356625
Bahamas,BHS,2002,59.81783294999999,0.0,31.01097210267498,28.80686110258432
Bahamas,BHS,2003,58.929862979999996,0.0,30.28835052704565,28.641514460787093
Bahamas,BHS,2004,59.62305450000001,0.0,30.022585221465125,29.60046512133158
Bahamas,BHS,2005,60.11896896,0.0,29.75409681051194,30.36487378820097
Bahamas,BHS,2006,60.85769272,0.0,31.49732858591568,29.360365657983618
Bahamas,BHS,2007,59.3142662,0.0,30.583353847748104,28.730911497861168
Bahamas,BHS,2008,56.52746201,0.0,28.719969011439467,27.807495919406534
Bahamas,BHS,2009,53.85853958,0.0,26.844361543785688,27.01417129703522
Bahamas,BHS,2010,54.35909270999999,0.0,26.7601418386922,27.598946180993554
Bahamas,BHS,2011,54.82374573,0.0,26.85939144352666,27.964359425855957
Bahamas,BHS,2012,55.92935181,0.0,27.183128332717455,28.746230013890013
Bahamas,BHS,2013,53.82297897000001,0.0,25.891817313875173,27.931161763221198
Bahamas,BHS,2014,54.49158858999998,0.0,26.167835182661825,28.323753260712927
Bahamas,BHS,2015,55.05765914999999,0.0,24.667040953608037,30.39061795828981
Bahamas,BHS,2016,51.38589858999999,0.0,26.489669524028645,28.30343518210114
Bahamas,BHS,2017,45.35372543,0.0,29.9843350544035,24.910661357419603
Bahamas,BHS,2018,51.5945015,0.0,31.6072761857903,28.65538335545187
Bahamas,BHS,2019,49.107124330000005,0.0,28.066410515786508,27.584305992689515
Bahamas,BHS,2020,40.45867156999999,0.0,27.141010803053895,22.72632307966439
Bahamas,BHS,2021,47.689270019999995,0.0,28.679171344261135,26.787873895751336
Bahamas,BHS,2022,42.86257171999999,0.0,32.6664657246917,24.07663484797394
Bahamas,BHS,2023,48.928165439999994,0.0,29.308557325918425,27.483779972830018
Barbados,BRB,2000,48.14652634,0.0,8.537532018383912,39.37475681207472
Barbados,BRB,2001,46.711284639999995,0.0,8.439523748652347,38.058595247928956
Barbados,BRB,2002,44.40621185000001,0.0,7.725211145318174,36.52173451767983
Barbados,BRB,2003,41.881656650000004,0.0,6.116213023148239,35.88969021925144
Barbados,BRB,2004,39.41279984,0.0,5.999290462784653,33.59903413959275
Barbados,BRB,2005,41.57988739,0.0,6.638109753364818,35.04058545992046
Barbados,BRB,2006,42.20574570000001,0.0,6.885871755989854,35.37914303855895
Barbados,BRB,2007,43.571166989999995,0.0,6.789678393431124,36.837227066492304
Barbados,BRB,2008,41.572879789999995,0.0,6.312842601953848,35.45105752038118
Barbados,BRB,2009,41.97455597,0.0,5.942808465210624,36.33097693840642
Barbados,BRB,2010,44.274990079999995,0.0,6.239846879677332,38.09718473129933
Barbados,BRB,2011,48.514137270000006,0.0,6.339212859472791,42.20311598957745
Barbados,BRB,2012,44.2961731,0.0,5.922052569197518,38.606985986195355
Barbados,BRB,2013,46.763393400000005,0.0,6.200145304167411,40.41992536518014
Barbados,BRB,2014,50.62046432,0.0,6.693149239081538,43.63391170084321
Barbados,BRB,2015,51.52707291,0.0,6.812943882517149,44.414875743328416
Barbados,BRB,2016,52.28217316,0.0,6.911365752198238,45.056506615336446
Barbados,BRB,2017,52.945518490000005,0.0,6.987847833030326,45.55510783219499
Barbados,BRB,2018,53.302703859999994,0.0,7.03972938173687,45.89333350123321
Barbados,BRB,2019,54.23221587999999,0.0,7.121735675722285,46.69363851055895
Barbados,BRB,2020,49.862323759999995,0.0,6.5526157647559495,42.9311855137155
Barbados,BRB,2021,45.03417969,0.0,5.902294843096461,38.77418222684677
Barbados,BRB,2022,54.29029082999999,0.0,7.109274456478546,46.74364173830436
Barbados,BRB,2023,57.48397827000001,0.0,7.519672243206766,49.49339015465524
Belize,BLZ,2000,47.46752167000001,0.0,9.323764464840302,38.14376028780584
Belize,BLZ,2001,42.32712555,0.0,8.31406556932418,34.013056146382695
Belize,BLZ,2002,42.232307430000006,0.0,8.295441363582858,33.93686402748877
Belize,BLZ,2003,42.73232651,0.0,8.393657926067668,34.33867054705543
Belize,BLZ,2004,42.64094161999999,0.0,8.375706424608167,34.26523047117638
Belize,BLZ,2005,41.20289612,0.0,8.093240770197704,33.10965619898044
Belize,BLZ,2006,37.52669525,0.0,7.371146696663288,30.155550787524017
Belize,BLZ,2007,32.51469421,0.0,6.386669451248959,26.128029033053124
Belize,BLZ,2008,30.157531739999996,0.0,5.9236641828841705,24.233862564880933
Belize,BLZ,2009,30.290393830000006,0.0,5.949762295013275,24.340630611696316
Belize,BLZ,2010,30.648033139999995,0.0,6.020011398532522,24.62802151316958
Belize,BLZ,2011,29.911088940000003,0.0,5.8752586213914935,24.035834181569967
Belize,BLZ,2012,31.34120178,0.0,6.1561662881857275,25.185034662906837
Belize,BLZ,2013,31.563947680000002,0.0,6.199919309681977,25.364029411401543
Belize,BLZ,2014,28.350479130000004,0.0,5.568717339194095,22.781765912703595
Belize,BLZ,2015,28.972606660000004,0.0,5.690917437893565,23.281689645229594
Belize,BLZ,2016,28.097505570000003,0.0,5.519027152494599,22.578482065343717
Belize,BLZ,2017,28.797843930000006,0.0,5.656589265050957,23.14125220944974
Belize,BLZ,2018,28.584589,0.0,5.614701283649463,22.96988741334303
Belize,BLZ,2019,28.22318649,0.0,5.543713859149412,22.679476029081677
Belize,BLZ,2020,25.89904404,0.0,5.087196212609222,20.81185058570926
Belize,BLZ,2021,27.412656780000002,0.0,5.384505105700965,22.02814891222687
Belize,BLZ,2022,33.371017460000004,0.0,6.554870552264181,26.8161440793504
Belize,BLZ,2023,33.32776642,0.0,6.546375493070104,26.781390566214338
Bolivia (Plurinational State of),BOL,2000,38.41329193,0.0,4.087809570576508,33.50730144789696
Bolivia (Plurinational State of),BOL,2001,39.42515182,1.2477773613802488,4.574335849086946,33.053376253057586
Bolivia (Plurinational State of),BOL,2002,39.88735962,1.1306089928126988,4.236605990609565,33.9209355338018
Bolivia (Plurinational State of),BOL,2003,38.06578445,1.087722733627272,4.253377890740932,32.028614275916475
Bolivia (Plurinational State of),BOL,2004,38.65198898000001,1.207339339869765,4.131663361950423,32.59438957357912
Bolivia (Plurinational State of),BOL,2005,38.11709595000001,0.9658942510590247,4.1438826631646215,32.00019160543809
Bolivia (Plurinational State of),BOL,2006,38.23095703,1.1975305026701035,4.1136882123082,32.26539419178459
Bolivia (Plurinational State of),BOL,2007,36.32851028,1.149386633120817,3.811186499403596,30.761935664154585
Bolivia (Plurinational State of),BOL,2008,35.41603088000001,1.0797428273452536,3.417098529853821,30.368228555181872
Bolivia (Plurinational State of),BOL,2009,34.96269608,0.9162232421809507,3.4667787411183717,30.099377161642426
Bolivia (Plurinational State of),BOL,2010,37.64148331,0.8562991336063781,3.083503426889804,33.27740047621396
Bolivia (Plurinational State of),BOL,2011,36.95423126000001,0.9467838154959838,2.913526254385627,32.50546534399738
Bolivia (Plurinational State of),BOL,2012,38.54708862,0.7627391292177221,2.828939912358855,34.35833720208486
Bolivia (Plurinational State of),BOL,2013,37.94885254,0.694117599583864,2.7163731960184805,34.00916571246426
Bolivia (Plurinational State of),BOL,2014,34.708095549999996,0.6334384876369784,2.737712663307626,30.90435947840525
Bolivia (Plurinational State of),BOL,2015,31.18536376999999,0.6975985837879022,2.8043689325269043,27.326616838290928
Bolivia (Plurinational State of),BOL,2016,31.940191270000003,0.6852423536654642,2.946766075977666,28.021120467329254
Bolivia (Plurinational State of),BOL,2017,29.1684227,0.8592007365753151,2.9364748299184993,25.0778473361134
Bolivia (Plurinational State of),BOL,2018,25.717666629999997,0.6392507879994795,2.7047319328916886,22.1082710403068
Bolivia (Plurinational State of),BOL,2019,27.776451110000004,0.6376844013102221,2.871747888045034,23.991598512898033
Bolivia (Plurinational State of),BOL,2020,24.914020540000003,0.6489317906144793,3.03913436995707,20.898394661791173
Bolivia (Plurinational State of),BOL,2021,26.453384399999997,0.6005941361629684,2.7649483983573857,22.737875172424236
Bolivia (Plurinational State of),BOL,2022,29.733596799999997,0.6060881986456055,3.058003483884512,25.75580167178423
Bolivia (Plurinational State of),BOL,2023,31.491125110000002,0.65883043423042,3.216212174398315,27.315543175516872
Brazil,BRA,2000,58.0462532,0.0,20.470431464410463,36.59222204778036
Brazil,BRA,2001,58.62712097000001,0.0,19.728459977048626,37.807029370696974
Brazil,BRA,2002,57.297164920000014,0.0,19.820362418440553,36.40619739237232
Brazil,BRA,2003,56.946243290000005,0.0,20.43105307409022,35.47386036587309
Brazil,BRA,2004,56.79905319000001,0.0,20.51291831264982,35.365836172623936
Brazil,BRA,2005,58.301097870000014,0.0,21.368574701866624,35.87643982202794
Brazil,BRA,2006,56.966480260000004,0.0,21.445584441185638,34.371265298352846
Brazil,BRA,2007,57.43232346,0.0,23.2381717720959,33.09411880191454
Brazil,BRA,2008,56.20293045000001,0.0,24.25711296752879,30.884091873880745
Brazil,BRA,2009,55.687644960000014,0.0,23.49124380889794,31.21032041397957
Brazil,BRA,2010,54.73280716000001,0.0,24.051539012168934,29.385204883120586
Brazil,BRA,2011,55.16175842,0.0,24.75259725209115,29.29958543719799
Brazil,BRA,2012,56.513618470000004,0.0,25.56216576104465,29.682030025128327
Brazil,BRA,2013,55.412601470000006,0.0,25.63804722513532,28.17706839226678
Brazil,BRA,2014,55.809249879999996,0.0,26.074013258215423,28.180246485890233
Brazil,BRA,2015,56.66341018999999,0.0,27.68778845082657,24.707359557820563
Brazil,BRA,2016,56.86286163,0.0,29.188792040342477,24.420572650064845
Brazil,BRA,2017,58.19537735,0.0,29.274125559962158,24.467934602814722
Brazil,BRA,2018,58.822746280000004,0.0,29.608112046523214,24.825294802083594
Brazil,BRA,2019,59.11333466000001,0.0,29.75428848202313,24.87984711132035
Brazil,BRA,2020,56.49476242000001,0.0,27.95837260287498,26.09086440333903
Brazil,BRA,2021,55.17562102999999,0.0,28.308844158950166,25.267890156254637
Brazil,BRA,2022,54.617630000000005,0.0,27.36660362877869,27.251022462462696
Brazil,BRA,2023,55.854637149999995,0.0,27.99165790732014,26.230706218391273
Canada,CAN,2000,27.148359300000003,0.0,11.994621715091837,16.60520993887298
Canada,CAN,2001,27.19841576,0.0,12.891636398852354,15.925995247673255
Canada,CAN,2002,27.562013630000003,0.0,13.21156337716642,15.908339326215687
Canada,CAN,2003,26.86018372,0.0,13.294417156053692,15.251480549582407
Canada,CAN,2004,26.938062670000004,0.0,13.261157286525835,15.287869393351565
Canada,CAN,2005,26.964456560000002,0.0,13.22513550221772,15.368293697507859
Canada,CAN,2006,30.475587839999992,0.0,12.686986263384867,15.88811328192184
Canada,CAN,2007,30.315713880000004,0.0,12.842847488748678,15.611636407201612
Canada,CAN,2008,30.154975889999996,0.0,12.899115781078159,15.50515215531057
Canada,CAN,2009,29.71935654,0.0,12.761624337292368,15.17220467250459
Canada,CAN,2010,30.067298889999996,0.0,12.461755819326005,15.614549088797306
Canada,CAN,2011,29.718484880000005,0.0,12.557393991906546,15.163542728375328
Canada,CAN,2012,29.43694878,0.0,12.487728896471404,14.991918428782043
Canada,CAN,2013,29.04140854,0.0,12.51702337443773,14.562411791750534
Canada,CAN,2014,29.202133179999997,0.0,12.484268216665301,14.712778851290098
Canada,CAN,2015,29.108308790000002,0.0,12.390105895444929,14.702002750998197
Canada,CAN,2016,30.109996799999998,0.0,12.47586565722584,15.60679895272233
Canada,CAN,2017,30.344968799999997,0.0,12.558453879664603,15.828353130368729
Canada,CAN,2018,30.37751961,0.0,12.888864682749736,15.569465279774342
Canada,CAN,2019,30.46269417,0.0,13.07790057575567,15.428360923643544
Canada,CAN,2020,26.134172440000004,0.0,10.824769185956548,13.65039763495698
Canada,CAN,2021,27.29443932,0.0,11.429980826013953,14.22434812837536
Canada,CAN,2022,29.00348282,0.0,12.233132310439299,14.960679522523563
Canada,CAN,2023,29.690044399999998,0.0,12.664535992847538,15.203068288482816
Canada,CAN,2024,29.80749702,0.0,12.690391013882572,15.27733671489086
Chile,CHL,2000,64.20527648999999,17.532708277463865,3.4970998002642566,42.81496592731152
Chile,CHL,2001,63.63591002999999,16.35382142263093,4.307554103154574,42.61517495135746
Chile,CHL,2002,62.45815659000001,15.269427790663027,4.344320356804823,42.48400515808767
Chile,CHL,2003,61.75231171,13.963477025837532,4.667599497008557,42.76384683586107
Chile,CHL,2004,60.53357697000001,13.532031128124247,4.800139348688797,41.844120269782586
Chile,CHL,2005,60.65750121999999,13.586879795751083,4.243159658970645,42.4708678324825
Chile,CHL,2006,58.63107680999999,12.74450269238098,4.776129419361722,40.74997938198889
Chile,CHL,2007,57.740100860000005,12.721574143255785,5.486869711345159,39.18727193194301
Chile,CHL,2008,56.462875370000006,12.877043670080988,5.821953493595098,37.43042761354622
Chile,CHL,2009,53.12550735000001,11.531132677225845,6.711767646671504,34.588937677127205
Chile,CHL,2010,52.88527298000001,11.92281690182905,6.204657266285004,34.46762956704947
Chile,CHL,2011,52.840553279999995,12.300673961358083,5.728166520373298,34.49926064765149
Chile,CHL,2012,52.06286621,12.060789330602274,6.257787685087772,33.40764309061883
Chile,CHL,2013,52.34796523999999,11.7027326285039,6.689112755632132,33.638309018016436
Chile,CHL,2014,52.261688230000004,11.212019599726037,6.476842909513182,34.268729992344554
Chile,CHL,2015,51.98185348999999,10.729547163955228,6.4442881639711675,34.50925622437433
Chile,CHL,2016,50.347141269999995,8.839169536121004,6.462552420162531,34.75082924759101
Chile,CHL,2017,49.60051346,9.746097467690538,6.302280056725619,33.30509585276548
Chile,CHL,2018,48.75976944,9.573116398074877,6.228740263345604,32.69705945528565
Chile,CHL,2019,48.7355423,9.750591025865788,6.6432469209148595,32.3417060868721
Chile,CHL,2020,43.48958968999999,8.769234789970087,5.485557866050695,29.042451338164344
Chile,CHL,2021,46.33731842,6.84977256597924,6.664140714684876,32.634521234146305
Chile,CHL,2022,49.12400818,7.094625442471186,6.237678941901723,35.599332066825916
Chile,CHL,2023,48.39402389999999,7.680539512707039,5.908431210893721,34.593301751525495
Chile,CHL,2024,51.48102188,6.5613554085068175,5.5539667659005945,39.14786826151659
Colombia,COL,2000,25.449123380000007,1.97402538006445,9.784067383968178,13.691032733345624
Colombia,COL,2001,24.901933669999995,1.9716331508127816,9.532163122523272,13.398137321228157
Colombia,COL,2002,22.91942024,2.2160430912611564,9.21378633851044,11.489590010987472
Colombia,COL,2003,20.761064530000006,2.392442292193549,9.764632107170847,8.603987512393338
Colombia,COL,2004,25.222499850000002,2.4483102874289835,9.0155927724518,13.758600635865578
Colombia,COL,2005,27.229848860000004,2.326456104226737,8.495449823509638,16.407938920077402
Colombia,COL,2006,27.203474040000003,2.2867526939517897,6.9832140596962065,17.93350603342115
Colombia,COL,2007,28.880332950000003,2.5020069821474924,7.12978478527149,19.248543103634486
Colombia,COL,2008,30.578557970000002,2.4098634593556696,7.315943353651556,20.852751694658732
Colombia,COL,2009,27.89937782,2.3165108648933685,7.568317512951618,18.01454958468597
Colombia,COL,2010,27.712118150000002,2.5840979983826555,8.124470199711693,17.00355493721426
Colombia,COL,2011,26.34730148,2.4358133448419643,8.595733168166925,15.315756149529555
Colombia,COL,2012,29.611898419999996,3.9530366238576566,7.800362868395813,17.858501841659503
Colombia,COL,2013,30.14256477,5.729427265952903,7.2602327130355695,17.152899445062516
Colombia,COL,2014,29.595657350000003,5.780125352590783,7.538520628625396,16.277009351001503
Colombia,COL,2015,29.168958660000005,5.472302193326968,8.295603275794942,15.4010501506676
Colombia,COL,2016,29.670505519999995,5.76456074164687,8.293737532088912,15.612210586475175
Colombia,COL,2017,28.95903397,5.56761493516605,8.028414636161923,15.363010077636606
Colombia,COL,2018,30.181503299999996,6.687924243514134,8.445083744960014,15.048493707190227
Colombia,COL,2019,30.083253860000003,6.5925742898088995,8.740532581844,14.750144474587598
Colombia,COL,2020,28.839448930000003,6.214136552770856,8.11016562047366,14.51514127431542
Colombia,COL,2021,27.282854080000003,5.753546844018094,7.83581119597946,13.693492550833048
Colombia,COL,2022,29.536005020000005,6.471134776614152,8.691072019851392,14.373801913927752
Colombia,COL,2023,29.655630110000004,6.300224678481149,8.721628542470452,14.63377979013739
Colombia,COL,2024,30.23282051,6.262535792189555,9.232868988214157,14.73741777520176
Costa Rica,CRI,2000,33.96525192,0.7842929169612682,0.3600508835578629,31.574872034972675
Costa Rica,CRI,2001,33.18317413,0.7987581380186143,0.3385830105560534,31.632865958211404
Costa Rica,CRI,2002,32.75106812,0.8142836578011751,0.31356392178777326,30.690622881578065
Costa Rica,CRI,2003,33.289806369999994,0.8082693448141297,0.6077884264254209,30.765012736235523
Costa Rica,CRI,2004,33.75152969,0.8045042799922458,0.6211387858423868,32.059813877805226
Costa Rica,CRI,2005,35.86635208,0.7799441146629292,2.0500484155045795,32.77381797731839
Costa Rica,CRI,2006,33.80148697,0.7431928283376974,1.7279720884242205,31.07695627750247
Costa Rica,CRI,2007,33.694362639999994,0.7435880324395053,1.8083361048481972,30.912471045810566
Costa Rica,CRI,2008,32.04026794,0.7429287672410816,1.57411055624859,29.510948187950056
Costa Rica,CRI,2009,28.773384089999997,0.779389279881072,1.3871306768155822,26.402250183336232
Costa Rica,CRI,2010,27.4743309,0.7984512839809651,1.1065323711923694,25.38431420291314
Costa Rica,CRI,2011,29.677637100000005,0.7697235766737018,1.11032606221817,25.78322983938812
Costa Rica,CRI,2012,29.256082530000004,0.9084164557796024,1.2736036356661975,24.502749894698034
Costa Rica,CRI,2013,28.96062088,0.9845233477829141,1.7693046364993812,23.225666092887035
Costa Rica,CRI,2014,28.95438957,0.47471845479015845,2.5198081173341587,24.413306050563687
Costa Rica,CRI,2015,27.28743935,1.1171166070521836,2.4369932311514155,22.599232293486423
Costa Rica,CRI,2016,26.647745130000004,1.6340227781227035,2.5791698366187448,22.202952823241098
Costa Rica,CRI,2017,26.43719864,1.7419087635346322,2.9218731564497977,21.255389829227486
Costa Rica,CRI,2018,27.599838260000002,1.728657651210855,3.0131833321764865,22.416425241598763
Costa Rica,CRI,2019,27.46307182,1.7176841882883207,3.236153419621871,22.324563959712584
Costa Rica,CRI,2020,28.057806019999997,1.4104115894968938,3.4313160552658113,20.286762136077957
Costa Rica,CRI,2021,29.61314201,1.7447605388004048,4.1729710434375304,20.517045281126126
Costa Rica,CRI,2022,31.013206479999997,1.5738697725651591,4.26301303949271,22.435043742196896
Costa Rica,CRI,2023,32.83202744,1.633282967600891,4.481070682265747,24.126183300871666
Cuba,CUB,2000,16.22937965,0.0,0.0,16.229380772961093
Cuba,CUB,2001,18.706235890000002,0.0,0.0,18.70623874538349
Cuba,CUB,2002,19.377363199999998,0.0,0.0,19.377361004184205
Cuba,CUB,2003,20.32512283,0.0,0.0,20.325124104725436
Cuba,CUB,2004,19.59809685,0.0,0.0,19.59809391497561
Cuba,CUB,2005,14.843674660000001,0.0,0.0,14.843676134054524
Cuba,CUB,2006,14.26366711,0.0,0.0,14.263662050232547
Cuba,CUB,2007,9.78314972,0.0,0.0,9.783149610540928
Cuba,CUB,2008,8.83751583,0.0,0.0,8.837513084182095
Cuba,CUB,2009,8.099643709999999,0.0,0.0,8.099641660732042
Cuba,CUB,2010,9.181972499999999,0.0,0.0,9.18197106649564
Cuba,CUB,2011,10.816376690000002,0.0,0.0,10.81638001551382
Cuba,CUB,2012,13.130972859999996,0.0,0.0,13.130972751289601
Cuba,CUB,2013,12.27119064,0.0,0.0,12.271190257905454
Cuba,CUB,2014,9.638874050000002,0.0,0.0,9.638877405077777
Cuba,CUB,2015,9.621829029999999,0.0,0.0,9.621831024522582
Cuba,CUB,2016,10.28543663,0.0,0.0,10.285434581292078
Cuba,CUB,2017,10.701378819999999,0.0,0.0,10.7013754275897
Cuba,CUB,2018,11.17386818,0.0,0.0,11.173865295849115
Cuba,CUB,2019,10.850162509999999,0.0,0.0,10.850162170970515
Cuba,CUB,2020,8.92000866,0.0,0.0,8.920009701711804
Cuba,CUB,2021,8.39361286,,0.0,8.393610562853658
Cuba,CUB,2022,11.133463859999999,,0.0,11.133466223212274
Cuba,CUB,2023,16.582386019999998,,0.0,16.582387644625832
Dominica,DMA,2000,33.96135712,0.0,0.8497712985570803,33.024653809223665
Dominica,DMA,2001,42.31158066000001,0.0,1.0587083292319588,41.144572185591294
Dominica,DMA,2002,42.88746643,0.0,1.073117890126791,41.70457088586013
Dominica,DMA,2003,41.217079160000004,0.0,1.0313219354450793,40.0802549842442
Dominica,DMA,2004,41.82513808999999,0.0,1.0465365267141016,40.67153914213433
Dominica,DMA,2005,41.15979385000001,0.0,1.0298884412211102,40.024544597046955
Dominica,DMA,2006,41.06094741999999,0.0,1.0274151562468385,39.9284252546719
Dominica,DMA,2007,44.1787796,0.0,1.1054288094459803,42.96026954275483
Dominica,DMA,2008,45.60822296,0.0,1.1411957321415376,44.350279095347325
Dominica,DMA,2009,43.438598629999994,0.0,1.086908189225639,42.24050262654979
Dominica,DMA,2010,39.90140915,0.0,0.9984014950631411,38.800867612685686
Dominica,DMA,2011,37.82746506,0.0,0.9465079274801603,36.784128649152464
Dominica,DMA,2012,36.477146149999996,0.0,0.9127207515054515,35.47105777575201
Dominica,DMA,2013,36.364898679999996,0.0,0.9099121169712634,35.36190580114404
Dominica,DMA,2014,36.75866318,0.0,0.9197645921346659,35.74480250350079
Dominica,DMA,2015,35.02061081,0.0,0.8762755435296458,34.05468816684846
Dominica,DMA,2016,33.13957596,0.0,0.8292089796941245,32.225540942188616
Dominica,DMA,2017,29.36780357,0.0,0.7348326255388379,28.557793639553267
Dominica,DMA,2018,31.790008539999995,0.0,0.7954404012256387,30.91319270584154
Dominica,DMA,2019,34.820030210000006,0.0,0.8712567613958574,33.85964321183426
Dominica,DMA,2020,29.829492570000003,0.0,0.7463848412643167,29.006747206440807
Dominica,DMA,2021,24.671243669999996,0.0,0.6173167034126789,23.990773030780982
Dominica,DMA,2022,24.02800369,0.0,0.6012217039464627,23.365273577486633
Dominica,DMA,2023,30.158180239999997,0.0,0.7546093072863117,29.326374587393328
Dominican Republic,DOM,2000,63.138988489999996,0.0,7.818844351900052,55.32014575741801
Dominican Republic,DOM,2001,62.20698929,0.0,7.703369924739945,54.503619193710755
Dominican Republic,DOM,2002,61.00726700000001,0.0,7.556600999705969,53.45066577057168
Dominican Republic,DOM,2003,70.36499786,0.0,8.713617746203196,61.651382797491756
Dominican Republic,DOM,2004,71.05225371999998,0.0,8.7991129094912,62.253121236370376
Dominican Republic,DOM,2005,66.30522919,0.0,12.856207263116014,53.876555096154775
Dominican Republic,DOM,2006,63.78225327000001,0.0,9.847858378049589,54.748326498662166
Dominican Republic,DOM,2007,57.06691742,0.0,11.051928842119779,46.18055586116752
Dominican Republic,DOM,2008,51.72777939,0.0,9.545754928512094,41.578608766088095
Dominican Republic,DOM,2009,50.14857864,0.0,10.139902978507761,38.93568588994217
Dominican Republic,DOM,2010,48.218379969999994,0.0,9.635680064547138,36.44626948087784
Dominican Republic,DOM,2011,45.38338470000001,0.0,8.532404403425298,35.27977963834946
Dominican Republic,DOM,2012,43.82303238000001,0.0,9.169848227983918,33.398140046313706
Dominican Republic,DOM,2013,42.88214873999999,0.0,9.546780540178508,32.20879362984332
Dominican Republic,DOM,2014,41.075260160000006,0.0,9.843044771117226,31.053650011513355
Dominican Republic,DOM,2015,40.77070236000001,0.0,9.763367288072793,29.993028615882277
Dominican Republic,DOM,2016,40.99045563,0.0,10.503829013049144,29.477975834284134
Dominican Republic,DOM,2017,40.34591675,0.0,10.095930473625886,28.93177867459762
Dominican Republic,DOM,2018,37.55761337,0.0,8.401281060612549,28.478894296289305
Dominican Republic,DOM,2019,37.86544037,0.0,9.413546528560008,27.333487826393903
Dominican Republic,DOM,2020,33.64594269,0.0,8.868588847244567,24.631497360900305
Dominican Republic,DOM,2021,32.43172073,0.0,7.7092847237705335,23.31136438625804
Dominican Republic,DOM,2022,34.13516998000001,0.0,8.52130078914312,25.022394993123466
Dominican Republic,DOM,2023,35.04886246,0.0,9.18602319354627,25.055670735503917
Ecuador,ECU,2000,69.18604278999999,0.0,3.3519457806206914,61.93118870861087
Ecuador,ECU,2001,65.40759277000001,0.0,2.0217033086182323,59.58704488559001
Ecuador,ECU,2002,67.99352264000001,0.0,2.994488735896113,61.42540996709975
Ecuador,ECU,2003,69.27954102000001,0.0,5.185122436027013,61.05063513386645
Ecuador,ECU,2004,68.21258544999999,0.0,5.362314210078912,59.90332991439505
Ecuador,ECU,2005,69.81042479999999,0.0,5.0424448321721735,61.82291605158993
Ecuador,ECU,2006,67.70722961000001,0.0,4.79298202943882,59.98601355305354
Ecuador,ECU,2007,60.44189072,0.0,3.9147057220344514,53.105654747401005
Ecuador,ECU,2008,59.977005000000005,0.0,3.7887499252060604,52.45033830557515
Ecuador,ECU,2009,57.394119260000004,0.0,3.581846206202154,49.70558978153442
Ecuador,ECU,2010,52.80361938,0.0,3.7029804380873754,45.26017764396423
Ecuador,ECU,2011,52.089813230000004,0.0,4.067244911415542,44.442042119402714
Ecuador,ECU,2012,48.64523697,0.0,4.011109973292186,40.96010596960566
Ecuador,ECU,2013,42.96456909,0.0,3.230521851297158,35.97586125353566
Ecuador,ECU,2014,38.383480070000005,0.0,3.4673929293276653,30.957612599513748
Ecuador,ECU,2015,41.97861099,0.0,4.030492361613887,33.77854222483316
Ecuador,ECU,2016,38.891181950000004,0.3396907971804693,3.9629783445767544,30.00954330868767
Ecuador,ECU,2017,38.22139359,0.05104964065530795,3.6966529346992023,29.963972814444425
Ecuador,ECU,2018,36.14332581,0.2425196195747385,3.711302003379051,28.788953359245326
Ecuador,ECU,2019,37.04512405,0.3104521098698635,3.915048191251069,29.07480277995321
Ecuador,ECU,2020,38.49615097,0.33033050504580364,4.63825094645938,30.15482834352821
Ecuador,ECU,2021,36.11872101000001,0.24206479970750364,3.756933921623541,29.42862035975627
Ecuador,ECU,2022,37.62312317,0.6187980305030082,4.315694038361422,30.664582442102866
Ecuador,ECU,2023,37.783321380000004,0.4239064783690676,4.261715774925342,30.888488861770774
El Salvador,SLV,2000,48.697872159999996,,3.341814993394257,45.35605617671861
El Salvador,SLV,2001,49.325767519999985,,4.189157859653328,45.136608713911095
El Salvador,SLV,2002,48.73353195000001,,3.880679017320748,44.8528562779288
El Salvador,SLV,2003,49.472724910000004,,3.778975060182488,45.69374900172393
El Salvador,SLV,2004,48.532066349999994,,3.8638831147367494,44.66817772905917
El Salvador,SLV,2005,51.807300569999995,,3.5509844094677585,44.0260229841279
El Salvador,SLV,2006,45.06820678999999,0.4577413499179029,3.269156935309153,38.751213905281304
El Salvador,SLV,2007,48.346374510000004,0.545077294028818,3.394773030561766,41.639368332647805
El Salvador,SLV,2008,48.593997959999996,0.5775196149767335,3.369998092086113,42.00724075457469
El Salvador,SLV,2009,45.829364780000006,0.7327022846000154,3.589554876017945,38.43320869149174
El Salvador,SLV,2010,44.860977170000005,0.7996455206743226,3.104314116948552,37.80865555248779
El Salvador,SLV,2011,45.15691376000001,0.7766657911020298,3.035053325441192,38.14563920709295
El Salvador,SLV,2012,46.24709702,0.7239533438521915,3.4451639500744835,39.04266296619402
El Salvador,SLV,2013,44.36243439,0.8124159051383274,3.310245382203698,37.39609880214846
El Salvador,SLV,2014,43.36610031,1.052800600673,3.637127857972504,36.57447458926522
El Salvador,SLV,2015,43.475452419999996,1.112255081431386,3.967057014574397,35.22028324027556
El Salvador,SLV,2016,42.77147293,1.3699967334715362,4.033059766334854,34.53825692098655
El Salvador,SLV,2017,45.47774886999999,1.5859245796842003,3.8263277281542747,37.28125039418029
El Salvador,SLV,2018,45.22979355,1.4742486820694263,4.1609028704829605,37.49291428659292
El Salvador,SLV,2019,46.470542910000006,1.7722483903680248,4.230417736767117,37.67107033727668
El Salvador,SLV,2020,34.966815950000004,1.6700308997799296,3.6501035487608804,27.421277528347776
El Salvador,SLV,2021,35.70769119,0.2565478884695485,3.521260150486691,30.508662956849893
El Salvador,SLV,2022,36.52519989,0.26164389213121153,3.3056857424468453,31.09834502844595
El Salvador,SLV,2023,38.5678215,0.28859184479903,3.8614433153396734,32.494394212947235
Grenada,GRD,2000,63.766151429999994,0.0,4.463631148777009,59.30252806060548
Grenada,GRD,2001,60.340072629999995,0.0,4.223805324738943,56.1162707049977
Grenada,GRD,2002,54.824569700000005,0.0,3.837720032903318,50.98685192913469
Grenada,GRD,2003,57.74961472000001,0.0,4.042473133867759,53.7071430540809
Grenada,GRD,2004,50.78053665,0.0,3.554637231423287,47.22589457529567
Grenada,GRD,2005,52.238368990000005,0.0,3.6566856064061066,48.58168016538731
Grenada,GRD,2006,56.79022216999999,0.0,3.975315369889868,52.814904146638916
Grenada,GRD,2007,59.53723907000001,0.0,4.1676066948164525,55.36963179590381
Grenada,GRD,2008,59.35588837,0.0,4.154912174311394,55.20097604203073
Grenada,GRD,2009,58.68644714,0.0,4.108051417675868,54.578397397427324
Grenada,GRD,2010,60.82925034000001,0.0,4.2580478033026035,56.57120657137776
Grenada,GRD,2011,58.364570620000016,0.0,4.085519730030321,54.27904785588237
Grenada,GRD,2012,58.88639832,0.0,4.12204787433166,54.76435029860047
Grenada,GRD,2013,59.27400207999999,0.0,4.14917999019363,55.12481983846627
Grenada,GRD,2014,55.797256470000015,0.0,3.905807916491004,51.891448010275596
Grenada,GRD,2015,58.041419979999986,0.0,4.062899272202548,53.978518892983324
Grenada,GRD,2016,59.9392662,0.0,4.1957486331506795,55.74351751316988
Grenada,GRD,2017,59.25809479000001,0.0,4.148066709933041,55.11002913615925
Grenada,GRD,2018,59.0436058,0.0,4.133052216480733,54.91055090281495
Grenada,GRD,2019,58.51715469,0.0,4.096201049054621,54.42095676894138
Grenada,GRD,2020,56.13337326,0.0,3.92933578998953,52.20403266232615
Grenada,GRD,2021,55.3835144,0.0,3.876846106708116,51.506669673065566
Grenada,GRD,2022,58.19203186000001,0.0,4.073441928442036,54.11858563964561
Grenada,GRD,2023,52.130451199999996,0.0,3.649131578479816,48.48131957785908
Guatemala,GTM,2000,61.86060715,,2.62174579051263,58.98999254321926
Guatemala,GTM,2001,65.45025634999999,,1.8323377992967698,62.31534361432703
Guatemala,GTM,2002,65.50614929,,1.530287936357747,62.11329845587168
Guatemala,GTM,2003,64.23288726999999,,1.7760770651939495,61.62329598293106
Guatemala,GTM,2004,64.60440826000001,,2.2789280665172416,60.035316963170274
Guatemala,GTM,2005,67.06768036,,2.547794127691523,62.47688222095981
Guatemala,GTM,2006,64.24185181,,1.9962809354399524,61.51553356676622
Guatemala,GTM,2007,65.05258178999999,,2.2758875350780263,61.62370803638187
Guatemala,GTM,2008,64.00728607,,2.3643929460722672,59.04833763420502
Guatemala,GTM,2009,60.63449097,,2.542343687478819,56.92319970771896
Guatemala,GTM,2010,63.6787796,,2.7413832982634716,58.94914179960833
Guatemala,GTM,2011,63.31356429999998,,2.6930528931452398,58.87920005548013
Guatemala,GTM,2012,62.61980820000001,,2.9508921802124712,58.31992203357403
Guatemala,GTM,2013,58.99892807000001,,3.2630908635638276,54.619481386738215
Guatemala,GTM,2014,59.20524979,,3.1039671868598155,55.555481030016146
Guatemala,GTM,2015,60.39051818999999,,3.4322584720351217,55.722787912842485
Guatemala,GTM,2016,60.66624451,,4.110436152101194,56.06058923414885
Guatemala,GTM,2017,63.07294082999999,0.0,3.82094907999648,54.13410872703813
Guatemala,GTM,2018,62.308883670000014,0.0,3.76741165154973,57.50035753561404
Guatemala,GTM,2019,60.707740779999995,0.0,3.7131811974936864,55.989178788268376
Guatemala,GTM,2020,60.73390579000001,0.0,3.197570981077304,56.291588711555605
Guatemala,GTM,2021,63.04342651,0.0,3.0514533121622183,58.44465572954409
Guatemala,GTM,2022,64.20729064999999,0.0,3.140547318495222,60.210942325000936
Guatemala,GTM,2023,61.217044830000006,0.0,3.422951540855039,57.18184519211636
Guyana,GUY,2000,43.75164031999999,0.0,1.9754324501946745,40.249782241296906
Guyana,GUY,2001,45.93526077,0.0,2.07402518187991,42.25862642311062
Guyana,GUY,2002,43.81148529,0.0,1.97813459455068,40.30483890634118
Guyana,GUY,2003,41.807239530000004,0.0,1.8876408837253023,38.461013695315394
Guyana,GUY,2004,40.377056120000006,0.0,1.8230663958095508,37.14529719183978
Guyana,GUY,2005,38.17235184,0.0,1.7235218581056237,35.11705979696212
Guyana,GUY,2006,38.361949919999994,0.0,1.7320823469147606,35.291481256097704
Guyana,GUY,2007,35.85983276,0.0,1.6191091221437661,32.98963201013622
Guyana,GUY,2008,38.39974593999999,0.0,1.7337887662017084,35.32624984840639
Guyana,GUY,2009,35.70730972,0.0,1.6122225982864222,32.84931787998156
Guyana,GUY,2010,37.76995468,0.0,1.7053532102707434,34.746870414872085
Guyana,GUY,2011,37.842773439999995,0.0,1.7086408678471163,34.81385701386801
Guyana,GUY,2012,42.28038024999999,0.0,1.9090034343526274,38.8962794073002
Guyana,GUY,2013,41.259613040000005,0.0,1.8629150736625677,37.95722098425129
Guyana,GUY,2014,39.081718439999996,0.0,1.7645806789153484,35.95364046429681
Guyana,GUY,2015,36.64800644,0.0,1.654696167276381,33.7147242890202
Guyana,GUY,2016,32.539432530000006,0.0,1.46921271489793,29.93546645277535
Guyana,GUY,2017,31.349767680000003,0.0,1.415474861754145,28.84054828096731
Guyana,GUY,2018,36.665046690000004,0.0,1.6554654010924685,33.730397562963226
Guyana,GUY,2019,38.07092285,0.0,1.7189420288054857,35.02374497310836
Guyana,GUY,2020,24.49765778,0.0,1.1060949771913453,22.53687893344822
Guyana,GUY,2021,30.09717751,0.0,1.3589189779853603,27.68821224109555
Guyana,GUY,2022,27.365457530000004,0.0,1.2355789534331878,25.175137633469657
Guyana,GUY,2023,28.61799622,0.0,1.2921327412102368,26.3274309669064
Haiti,HTI,2000,46.69159317,0.0,2.3181564926118083,44.373437280913286
Haiti,HTI,2001,47.60055923,0.0,2.395257499269364,45.20530131356075
Haiti,HTI,2002,50.88784027,0.0,2.7100426426579998,48.17780071139779
Haiti,HTI,2003,51.00587463000001,0.0,2.949708957478344,48.05616260473076
Haiti,HTI,2004,49.49686049999999,0.0,3.0106041932374277,46.486258554824566
Haiti,HTI,2005,49.33516312,0.0,3.319140308313193,46.01601995123385
Haiti,HTI,2006,46.45661926000001,0.0,3.393854649293234,43.062767479236356
Haiti,HTI,2007,43.37880325,0.0,3.2587785914238845,40.12002434814867
Haiti,HTI,2008,42.022850039999994,0.0,3.4432822229349886,38.579563295711914
Haiti,HTI,2009,42.54765701,0.0,3.273421770981856,39.27423993716932
Haiti,HTI,2010,35.98209381,0.0,2.672416987753618,33.309672906564735
Haiti,HTI,2011,28.183616640000004,0.0,2.0973377552035077,26.086278194221872
Haiti,HTI,2012,31.037319180000004,0.0,2.5975030140430944,28.439817631401645
Haiti,HTI,2013,40.0238266,0.0,3.7821797453766215,36.241646515388965
Haiti,HTI,2014,34.69728851000001,0.0,3.6819775810222954,31.015313437157054
Haiti,HTI,2015,38.0692215,0.0,4.10434752566294,33.96487984083415
Haiti,HTI,2016,39.5484848,0.0,4.258292492783941,35.29019354933834
Haiti,HTI,2017,53.872943879999994,0.0,8.470920342777756,45.40202387244828
Haiti,HTI,2018,46.938289639999994,0.0,6.628549395557178,38.85435530999323
Haiti,HTI,2019,47.32492065,0.0,7.451236297805177,39.038290037848924
Haiti,HTI,2020,48.37620163000001,0.0,6.376991081895588,41.999210600536614
Haiti,HTI,2021,51.25938797000001,0.0,5.806680133382609,45.45271156815073
Haiti,HTI,2022,58.32460785000001,0.0,6.607030430809902,51.71758071659
Haiti,HTI,2023,59.09884644,0.0,6.694736042819894,52.40411033317267
Honduras,HND,2000,48.99341582999999,0.0,2.3634069124565835,45.948818694203375
Honduras,HND,2001,56.137523650000006,0.0,2.392464121825597,52.52028381721907
Honduras,HND,2002,55.0467453,0.0,2.157221586232497,51.85142436839179
Honduras,HND,2003,52.551670070000014,0.0,3.2621197762171157,48.32307086570096
Honduras,HND,2004,54.48573685000001,0.0,3.5407435870011685,50.057262461229016
Honduras,HND,2005,52.58926773,0.0,2.9529960098395027,49.064717977736244
Honduras,HND,2006,53.18813705,0.0,2.749554281737526,49.862488758119476
Honduras,HND,2007,52.942417139999996,0.0,2.743095826611877,49.79936902211986
Honduras,HND,2008,54.259181979999994,0.0,2.8435542219126173,51.41562379163277
Honduras,HND,2009,47.56278229000001,0.0,2.6536914063076638,44.909089141244664
Honduras,HND,2010,50.103408810000005,0.0,3.840882178966551,46.262525938062815
Honduras,HND,2011,49.57762527,0.0,3.782011408711875,45.79560888186376
Honduras,HND,2012,53.85295867999999,0.0,3.9929204199945807,49.860035258929926
Honduras,HND,2013,53.52210617000001,0.0,4.263773986275747,49.25833763292392
Honduras,HND,2014,53.40188217,0.0,4.714099680298382,48.687782192589154
Honduras,HND,2015,55.582897190000004,0.0,4.919353795678807,50.66353954824018
Honduras,HND,2016,54.92180252000001,0.0,5.156719395571014,49.76507803555126
Honduras,HND,2017,55.57439041,0.0,5.148891389293759,49.703532659343
Honduras,HND,2018,57.62813567999999,0.0,4.611955092494817,52.144171121749515
Honduras,HND,2019,57.90351105,0.0,4.702107106288282,52.326352671749554
Honduras,HND,2020,56.297885889999996,0.0,4.767425746222014,50.04225983837799
Honduras,HND,2021,57.50500107000001,0.0,4.440009556135408,51.70559899376207
Honduras,HND,2022,56.84786606,0.0,4.510993877745553,52.33384957822132
Honduras,HND,2023,57.99752426000001,0.0,4.9326982054708965,53.06166445567421
Jamaica,JAM,2000,46.45984268,0.0,12.898146829783178,33.56169475030035
Jamaica,JAM,2001,52.92988204999999,0.0,14.512957929035803,38.41692307407961
Jamaica,JAM,2002,49.92395401,0.0,12.06300936726918,37.86094055987161
Jamaica,JAM,2003,58.39992523000001,0.0,13.708369797781394,44.6915535500349
Jamaica,JAM,2004,56.132465360000005,0.0,15.751410086733635,40.3810509586944
Jamaica,JAM,2005,60.56159973,0.0,15.896174836747944,44.665426500002255
Jamaica,JAM,2006,62.47048187,0.0,16.738542206557675,45.731942600740936
Jamaica,JAM,2007,55.40498733999999,0.0,14.569556766643517,40.835429737969825
Jamaica,JAM,2008,54.298934939999995,0.0,13.170328372829745,41.12860540392996
Jamaica,JAM,2009,51.75761795000001,0.0,13.99476654462805,37.76284679722976
Jamaica,JAM,2010,50.914218899999995,0.0,13.804234928495683,37.10997987780592
Jamaica,JAM,2011,50.70872116,0.0,13.310605395782398,37.39811181001615
Jamaica,JAM,2012,52.45569229,0.0,14.24918773638025,38.20650274533165
Jamaica,JAM,2013,51.907539369999995,0.0,15.387439012147336,36.52010236982804
Jamaica,JAM,2014,50.14299773999999,0.0,14.717160278552411,35.42583864849699
Jamaica,JAM,2015,45.00675964,0.0,13.906630426597056,31.100130642891685
Jamaica,JAM,2016,43.62335968000001,0.0,14.618366202039732,29.004990231053608
Jamaica,JAM,2017,40.53901672,0.0,13.81922337205756,26.71978937009714
Jamaica,JAM,2018,41.82839584,0.0,14.453407587341232,27.374984826832673
Jamaica,JAM,2019,41.52035141,0.0,14.627867579515451,26.892485733256688
Jamaica,JAM,2020,38.14215851000001,0.0,13.705739121973686,24.436419536087698
Jamaica,JAM,2021,34.84141158999999,0.0,12.883285815766376,21.958125712571263
Jamaica,JAM,2022,30.355335239999995,0.0,11.326674627768893,19.028663219774877
Jamaica,JAM,2023,33.06300735000001,0.0,12.817601215525679,20.245404726298975
Mexico,MEX,2000,54.78259658999999,0.0,2.558951022434085,52.22364318225875
Mexico,MEX,2001,56.24237823,0.0,2.813991819891976,53.42838710707283
Mexico,MEX,2002,57.31053543,0.0,2.9512007289050426,54.359332230994795
Mexico,MEX,2003,58.49080276000001,0.0,2.8271577457443997,55.663651366364235
Mexico,MEX,2004,56.54201508,0.0,2.8493198939947257,53.692698329486845
Mexico,MEX,2005,57.763458250000006,0.0,3.173900401289174,54.589552785303
Mexico,MEX,2006,57.1729126,0.0,3.408963808392329,53.763946961788285
Mexico,MEX,2007,56.18167877,0.0,3.6845232271992914,52.49715432371618
Mexico,MEX,2008,54.08641815,0.0,3.809617041434901,48.59585550765888
Mexico,MEX,2009,53.33152770999999,0.0,4.061371267208505,47.35384024310344
Mexico,MEX,2010,49.781253809999995,0.0,4.465839118845203,43.50876431047611
Mexico,MEX,2011,47.196117400000006,0.0,4.651202912955228,40.734212231415064
Mexico,MEX,2012,46.91787720000001,0.0,4.567573970545973,40.64141063811141
Mexico,MEX,2013,46.248844150000004,0.0,4.6637537218007274,39.87906704101744
Mexico,MEX,2014,47.91830062999999,0.0,5.304624767307158,40.872025810668646
Mexico,MEX,2015,47.79903793,0.0,5.084825307137541,41.0437743332199
Mexico,MEX,2016,48.72028351000001,0.0,5.667682123063423,41.37222368768739
Mexico,MEX,2017,49.46463013,0.0,5.990001546035058,41.788362569258766
Mexico,MEX,2018,50.37167358000001,0.0,6.351614583012355,42.30939779711261
Mexico,MEX,2019,50.83270264000001,0.0,6.8254987690740645,42.28219103047116
Mexico,MEX,2020,47.09709167000001,0.0,6.679081353162173,38.76134070379436
Mexico,MEX,2021,49.79109573000001,0.0,6.563228685747221,41.37071874234102
Mexico,MEX,2022,48.10766983,0.0,7.283319978094524,39.089665802047456
Mexico,MEX,2023,51.37320328,0.0,7.857212828803876,41.235728281909076
Nicaragua,NIC,2000,47.41127396,0.0,1.908467321966228,43.88296774274197
Nicaragua,NIC,2001,44.5575943,0.0,2.7480656378542205,40.38275575745356
Nicaragua,NIC,2002,48.56784821,0.0,3.020114509697047,45.29000269390529
Nicaragua,NIC,2003,44.22459411999999,0.0,3.4906082812409744,38.689108776262
Nicaragua,NIC,2004,43.86686325000001,0.0,1.595028426237883,41.55657020826054
Nicaragua,NIC,2005,41.32715988000001,0.0,1.489910120593067,39.168992874714775
Nicaragua,NIC,2006,44.02396773999999,0.0,1.4572739539194641,41.984314094755135
Nicaragua,NIC,2007,43.71338272,0.0,1.1913719366438247,41.944689505098886
Nicaragua,NIC,2008,42.74293899999999,0.0,1.2664197112356341,40.90857782077088
Nicaragua,NIC,2009,40.56310654,0.0,1.7152376711293218,38.31826798247874
Nicaragua,NIC,2010,39.69890213,0.0,1.6818434906962632,37.48913042118837
Nicaragua,NIC,2011,39.978977199999996,0.0,1.6016251167753905,37.83097294418427
Nicaragua,NIC,2012,39.832481380000004,0.0,1.6526835134424152,37.63622519452191
Nicaragua,NIC,2013,39.265907289999994,0.0,1.8374559285927285,36.89557579841463
Nicaragua,NIC,2014,37.59589386,0.0,1.755533755394968,35.33010416414744
Nicaragua,NIC,2015,37.674652099999996,0.0,1.7706935133361699,35.392791329147464
Nicaragua,NIC,2016,36.99293518,0.0,1.4714591348998627,35.01575424039769
Nicaragua,NIC,2017,35.62387466000001,0.0,1.2914980932213287,33.843583129586236
Nicaragua,NIC,2018,34.91942215,0.0,1.2810488171823746,33.159463093208245
Nicaragua,NIC,2019,34.84769057999999,0.0,1.150324962560531,33.2176118187935
Nicaragua,NIC,2020,33.89159775,0.0,1.1534917696412395,32.27201907850023
Nicaragua,NIC,2021,32.27962874999999,0.0,1.0177341619028455,30.81681630171025
Nicaragua,NIC,2022,37.24664688,0.0,1.0470931738655886,35.68418318340143
Nicaragua,NIC,2023,39.162471769999996,0.0,0.9856177304469438,37.63332988104352
Panama,PAN,2000,35.128822330000006,0.0,4.414986794304163,30.71383121628597
Panama,PAN,2001,36.20067978,0.0,4.305681502484803,31.895000685186957
Panama,PAN,2002,36.89470291000001,0.0,4.291305102503273,32.603398487163005
Panama,PAN,2003,37.57478714,0.0,4.510465589654509,33.06432109404374
Panama,PAN,2004,36.51661301000001,0.0,4.163527177395947,32.35309040982133
Panama,PAN,2005,40.40854645,0.0,4.604787074570971,35.8037620458587
Panama,PAN,2006,37.77924347,0.0,4.4368606256834004,33.34238846009489
Panama,PAN,2007,33.85881042000001,0.0,3.693628729592513,29.960402262607246
Panama,PAN,2008,32.817680360000004,0.0,3.5455078057007783,29.2165727273273
Panama,PAN,2009,33.334537510000004,0.0,3.45464684164432,29.72088840627242
Panama,PAN,2010,34.92378235000001,0.0,3.4351825094075927,31.44028420102849
Panama,PAN,2011,37.74922562,0.0,3.5142478052506645,34.16367933217443
Panama,PAN,2012,39.83693695000001,0.0,4.914294541592342,34.78495241979193
Panama,PAN,2013,37.28550339,0.0,4.966340557821159,32.27741787617026
Panama,PAN,2014,38.24661636,0.0,6.4473759701821685,31.799240815091775
Panama,PAN,2015,39.135452269999995,0.0,6.099003361960904,33.03644704616807
Panama,PAN,2016,38.85453796,0.0,6.156335806731038,32.698197742169455
Panama,PAN,2017,38.342117310000006,0.0,6.2623599557745875,31.915959695710704
Panama,PAN,2018,41.91343688999999,0.0,6.209051806597337,35.70438578606032
Panama,PAN,2019,43.17684937,0.0,5.557671659973357,37.61917676138023
Panama,PAN,2020,45.49739838000001,0.0,5.857974847960854,39.598654870904426
Panama,PAN,2021,43.361679079999995,0.0,6.029988594704087,37.331687443486146
Panama,PAN,2022,47.00974273999999,0.0,5.853799887142138,40.873367973238366
Panama,PAN,2023,48.02045058999999,0.0,6.78603584206307,40.45503257022753
Paraguay,PRY,2000,58.439933780000004,0.0,9.342999630025986,49.0969324634192
Paraguay,PRY,2001,63.582260129999995,0.0,11.192634940622167,52.389628861518844
Paraguay,PRY,2002,67.45697021000002,0.0,11.384509635260356,56.07246537483096
Paraguay,PRY,2003,65.26955414,0.0,10.641218205763662,54.628339135402754
Paraguay,PRY,2004,66.31291962,0.0,9.353553177339185,56.959367315277376
Paraguay,PRY,2005,66.49372101000002,0.0,8.569059332809129,57.924659948406244
Paraguay,PRY,2006,64.36022948999998,0.0,7.637802685358868,56.72242161104665
Paraguay,PRY,2007,65.01085663,0.0,7.052772154801436,57.95808149045372
Paraguay,PRY,2008,67.25923157,0.0,6.791213157513578,60.46802179400437
Paraguay,PRY,2009,60.72607803,0.0,5.280637269444317,55.4454456633332
Paraguay,PRY,2010,60.140392299999995,0.0,6.210974351906187,53.929417216555784
Paraguay,PRY,2011,56.916496280000004,0.0,6.911131463990887,50.005368401941155
Paraguay,PRY,2012,53.032260889999996,0.0,6.701391788336514,46.330872297871416
Paraguay,PRY,2013,55.715190889999995,0.0,8.211037900219383,47.5041508275819
Paraguay,PRY,2014,51.94459915,0.0,7.5581686125925165,44.38643337313606
Paraguay,PRY,2015,52.50602722000001,0.0,8.698852175425849,43.807171549492686
Paraguay,PRY,2016,52.485111239999995,0.0,9.563503250394534,42.921606793896615
Paraguay,PRY,2017,53.9198494,0.0,10.145253133661008,43.77459902376626
Paraguay,PRY,2018,55.01611328000001,0.0,11.139797729265052,43.87631458019472
Paraguay,PRY,2019,53.64622879000001,0.0,11.678476063778273,41.96775350120375
Paraguay,PRY,2020,46.14598846,0.0,8.270162810908454,37.8758290138968
Paraguay,PRY,2021,44.12843704000001,0.0,8.190757111131237,35.93767738796847
Paraguay,PRY,2022,47.18406295999999,0.0,8.260760427664001,38.92329937316018
Paraguay,PRY,2023,44.54848862,0.0,8.225584952760128,36.322900721484714
Peru,PER,2000,46.74095535,,5.247224766754944,40.281414937807945
Peru,PER,2001,47.01314926000001,,5.115023828408583,40.65113609988516
Peru,PER,2002,48.33916473000001,,7.149719392320555,39.940847112769966
Peru,PER,2003,46.74831009,,8.461193485238331,37.488325037908275
Peru,PER,2004,45.996036530000005,,8.262572190696474,36.692936052214414
Peru,PER,2005,42.907081600000005,,8.06902102579439,34.02098127151775
Peru,PER,2006,47.94386292,,7.1788873596746665,40.329105074475756
Peru,PER,2007,50.330375669999995,,6.592701095401253,42.54182686599966
Peru,PER,2008,51.173667910000006,,6.32543657178036,43.35043277846141
Peru,PER,2009,47.76519012,,6.370866063940751,40.2773416284876
Peru,PER,2010,46.94278717,,6.387395997405447,39.515190359399746
Peru,PER,2011,48.03162384,,6.560152582315453,40.343962098162464
Peru,PER,2012,46.87466431,,6.483496030444407,38.87478364429544
Peru,PER,2013,43.438293460000004,,6.716253671128063,35.27772959477503
Peru,PER,2014,39.85472107,,6.681017868795471,31.771921973768574
Peru,PER,2015,38.535114289999996,,7.032471898823855,30.14810239398712
Peru,PER,2016,37.66061401,,6.756309333393815,29.59668343201109
Peru,PER,2017,37.01644897,,6.808872258481723,28.947328537252996
Peru,PER,2018,37.763824459999995,,6.713109161561377,29.745930331217885
Peru,PER,2019,36.5533638,,6.941682311925186,28.347988608476072
Peru,PER,2020,31.485824580000003,,7.824249412445827,22.49866789942208
Peru,PER,2021,33.14491653,,6.920697405243348,25.10678023561747
Peru,PER,2022,35.856212619999994,,7.588495181616659,27.037170321150576
Peru,PER,2023,36.42416763,0.8572538222787167,7.350154322342804,26.982863043543105
Saint Kitts and Nevis,KNA,2000,58.07799149,0.0,5.391421230602877,52.63879452869746
Saint Kitts and Nevis,KNA,2001,56.34654617000001,0.0,5.230690052635936,51.06950602371371
Saint Kitts and Nevis,KNA,2002,56.650871280000004,0.0,5.2589410664342475,51.34533294853915
Saint Kitts and Nevis,KNA,2003,55.87848663,0.0,5.187239274487745,50.645277136094954
Saint Kitts and Nevis,KNA,2004,50.89441299,0.0,4.724564263341699,46.12797943967266
Saint Kitts and Nevis,KNA,2005,52.94103622,0.0,4.914553943668109,47.982931476622234
Saint Kitts and Nevis,KNA,2006,55.22056580000001,0.0,5.126164306874269,50.048975660690665
Saint Kitts and Nevis,KNA,2007,56.36955261000001,0.0,5.2328254160316,51.09035452823324
Saint Kitts and Nevis,KNA,2008,62.737045290000005,0.0,5.823924374291024,56.86151118563791
Saint Kitts and Nevis,KNA,2009,60.333019260000015,0.0,5.600756985573357,54.68263073849494
Saint Kitts and Nevis,KNA,2010,60.87849045,0.0,5.651393545328568,55.17701755451417
Saint Kitts and Nevis,KNA,2011,61.16310883,0.0,5.677635827943152,55.43323238837606
Saint Kitts and Nevis,KNA,2012,60.77982712000001,0.0,5.371366503897496,55.36086514476069
Saint Kitts and Nevis,KNA,2013,61.67013930999999,0.0,5.176395716322941,56.44787267959969
Saint Kitts and Nevis,KNA,2014,59.04951858999999,0.0,5.293701202590242,53.70890215737433
Saint Kitts and Nevis,KNA,2015,62.14612198,0.0,5.030012755343539,57.07153000606369
Saint Kitts and Nevis,KNA,2016,59.86155319000001,0.0,4.921661518174617,54.89627048980756
Saint Kitts and Nevis,KNA,2017,58.40249633999999,0.0,4.992768805135627,53.365481411784124
Saint Kitts and Nevis,KNA,2018,54.027770999999994,0.0,4.618778018305213,49.368060535455285
Saint Kitts and Nevis,KNA,2019,50.72983551000001,0.0,4.336841199506288,46.35456343132065
Saint Kitts and Nevis,KNA,2020,46.14987946,0.0,3.945305251540568,42.16961014945927
Saint Kitts and Nevis,KNA,2021,42.46969223,0.0,3.6306905732333568,38.80683399993422
Saint Kitts and Nevis,KNA,2022,47.43561553999999,0.0,4.055221563552461,43.34445663843364
Saint Kitts and Nevis,KNA,2023,45.74557114,0.0,3.9107418244986647,41.80017709637926
Saint Lucia,LCA,2000,65.58812714,0.0,6.7232501508412925,58.86487934516314
Saint Lucia,LCA,2001,65.0963974,0.0,8.217397143121124,56.878995162922216
Saint Lucia,LCA,2002,65.81324004999999,0.0,8.907189158340582,56.90605093773451
Saint Lucia,LCA,2003,68.14170073999999,0.0,8.502866969722955,59.63883652458995
Saint Lucia,LCA,2004,66.54403687000001,0.0,9.096995541371681,57.447038054095124
Saint Lucia,LCA,2005,64.83586121,0.0,8.867349081217567,55.96851523437709
Saint Lucia,LCA,2006,66.41738129000001,0.0,7.735812826485152,58.68156699394153
Saint Lucia,LCA,2007,70.74607849,0.0,6.812010918484842,63.93406881565379
Saint Lucia,LCA,2008,66.42404175,0.0,6.834323896541515,59.58971380783738
Saint Lucia,LCA,2009,63.47808456,0.0,6.05573362342096,57.422347737543376
Saint Lucia,LCA,2010,61.87216187000001,0.0,7.1095314650942765,54.762627892681344
Saint Lucia,LCA,2011,61.94585799999999,0.0,6.92337253375791,55.02248147724892
Saint Lucia,LCA,2012,58.16545486,0.0,7.086005168138267,51.0794525257339
Saint Lucia,LCA,2013,58.317878719999996,0.0,6.979061040611321,51.33881717771428
Saint Lucia,LCA,2014,58.70351410000001,0.0,7.3984062928296686,51.30510904945882
Saint Lucia,LCA,2015,55.590290070000016,0.0,7.51804044793283,48.07224825629491
Saint Lucia,LCA,2016,52.711364749999994,0.0,7.286709063154542,45.424654073900456
Saint Lucia,LCA,2017,53.109825130000004,0.0,6.993346886713728,46.11647547256755
Saint Lucia,LCA,2018,53.157543180000005,0.0,8.060493336676588,45.097052173776824
Saint Lucia,LCA,2019,50.518619539999996,0.0,8.690564983347414,41.82805128674472
Saint Lucia,LCA,2020,42.55080795,0.0,7.590978869095322,34.929508332071705
Saint Lucia,LCA,2021,40.702457429999995,0.0,7.262695804320263,33.439763389222946
Saint Lucia,LCA,2022,44.649715420000014,0.0,6.824030757827903,37.82568103348269
Saint Lucia,LCA,2023,44.57860946999999,0.0,7.433746014291862,37.14486018085579
Saint Vincent and the Grenadines,VCT,2000,30.11300087,0.0,2.8336333631887074,27.27936727562375
Saint Vincent and the Grenadines,VCT,2001,31.58307838,0.0,2.9719674120496156,28.611108252759767
Saint Vincent and the Grenadines,VCT,2002,31.415035249999995,0.0,2.9561548377731,28.458880640552987
Saint Vincent and the Grenadines,VCT,2003,33.59709167000001,0.0,3.161486572881144,30.435607749000454
Saint Vincent and the Grenadines,VCT,2004,36.152355189999994,0.0,3.4019365089626454,32.750417405750966
Saint Vincent and the Grenadines,VCT,2005,37.037868499999995,0.0,3.4852636319638908,33.55260706657145
Saint Vincent and the Grenadines,VCT,2006,38.577201839999994,0.0,3.6301144606120364,34.94708484356859
Saint Vincent and the Grenadines,VCT,2007,39.53660965,0.0,3.720395236820141,35.81621723301432
Saint Vincent and the Grenadines,VCT,2008,38.01438141,0.0,3.5771534529179703,34.437229726678915
Saint Vincent and the Grenadines,VCT,2009,36.83713531,0.0,3.4663741709969007,33.370758399260076
Saint Vincent and the Grenadines,VCT,2010,35.583000180000006,0.0,3.3483606405230213,32.234642952463496
Saint Vincent and the Grenadines,VCT,2011,36.050144200000005,0.0,3.392318593972828,32.65782587147355
Saint Vincent and the Grenadines,VCT,2012,35.16640091000001,0.0,3.3091586903676875,31.857246126894545
Saint Vincent and the Grenadines,VCT,2013,35.45814896,0.0,3.3366122382582293,32.121541247533926
Saint Vincent and the Grenadines,VCT,2014,37.54561996,0.0,3.5330431058221756,34.01257974110016
Saint Vincent and the Grenadines,VCT,2015,37.03865433,0.0,3.4853374450689065,33.55331768293678
Saint Vincent and the Grenadines,VCT,2016,36.3791275,0.0,3.42327581821744,32.95585083873809
Saint Vincent and the Grenadines,VCT,2017,35.154186249999995,0.0,3.308009197363918,31.84617991081513
Saint Vincent and the Grenadines,VCT,2018,33.790191650000004,0.0,3.179657225052002,30.61053648720678
Saint Vincent and the Grenadines,VCT,2019,31.007724760000002,0.0,2.9178272053736602,28.089900794019904
Saint Vincent and the Grenadines,VCT,2020,29.69391251,0.0,2.794197158022378,26.899715218812258
Saint Vincent and the Grenadines,VCT,2021,28.915727619999995,0.0,2.720969951818603,26.194757455425318
Saint Vincent and the Grenadines,VCT,2022,30.27879906,0.0,2.849235181550012,27.429565873216614
Saint Vincent and the Grenadines,VCT,2023,29.33395386,0.0,2.7603250974861795,26.573629173141402
Suriname,SUR,2000,37.20859908999999,0.0,0.36429163153439625,15.396420621692359
Suriname,SUR,2001,51.21930695000001,0.0,3.5734764148847677,27.327308655886785
Suriname,SUR,2002,47.95869064,0.0,5.238573084076507,23.008617905220422
Suriname,SUR,2003,49.9732666,0.0,7.436603701893517,23.549322648022606
Suriname,SUR,2004,48.439861300000004,0.0,8.201508942067935,20.698220086010842
Suriname,SUR,2005,50.58599091,0.0,9.80560347806957,20.86314471496335
Suriname,SUR,2006,45.37405014000001,0.0,7.913271494252637,18.083660535507324
Suriname,SUR,2007,48.455257419999995,0.0,8.110022964799017,19.499664325469467
Suriname,SUR,2008,52.58554839999999,0.0,9.611733622339251,24.2828119589865
Suriname,SUR,2009,50.803165439999994,0.0,9.30407785515051,21.968481010938966
Suriname,SUR,2010,51.2166481,0.0,9.526795359917061,23.580672928400862
Suriname,SUR,2011,55.20983123999999,0.0,10.528994225745354,27.20149186253907
Suriname,SUR,2012,57.25984955,0.0,10.381575994579233,28.27469602331096
Suriname,SUR,2013,57.17706679999999,0.0,9.914248695058983,27.872447377641272
Suriname,SUR,2014,57.81380843999999,0.0,10.309184041312967,28.982749831733937
Suriname,SUR,2015,45.21304321000001,8.770814540377714,7.824893043265249,21.99853224182118
Suriname,SUR,2016,36.71162415,7.46184284906727,6.597754986675281,21.82023742227247
Suriname,SUR,2017,41.18689728,7.836536832836841,6.433808231133953,26.379590047023516
Suriname,SUR,2018,30.856456760000004,7.247664681642146,4.554506072980818,18.674166023256678
Suriname,SUR,2019,26.71492386,7.109918352326074,3.782112365443277,15.507234615270214
Suriname,SUR,2020,31.989393229999997,9.291442551540703,4.378790619221946,17.953705999839784
Suriname,SUR,2021,32.119705200000006,8.275371992128374,4.59994557355216,18.860474870992036
Suriname,SUR,2022,28.58201218,8.231338349670548,3.925963511505236,16.097046143484114
Suriname,SUR,2023,32.8322258,7.905468879325788,4.80876239132555,19.7166555108745
Trinidad and Tobago,TTO,2000,62.99824904999999,0.0,5.64573934768857,57.345589753921644
Trinidad and Tobago,TTO,2001,56.80603408999999,0.0,5.4872235473121265,51.3126237332401
Trinidad and Tobago,TTO,2002,58.24229431000001,0.0,5.949956027565771,52.2860307220259
Trinidad and Tobago,TTO,2003,54.43883514,0.0,5.849252416811188,48.583723854223
Trinidad and Tobago,TTO,2004,56.76202773999999,0.0,3.8138800611713886,52.9417628374688
Trinidad and Tobago,TTO,2005,51.433166500000006,0.0,5.179390164643824,46.248194289079514
Trinidad and Tobago,TTO,2006,54.94886017,0.0,5.61785181003998,49.325065540314974
Trinidad and Tobago,TTO,2007,53.62696075000001,0.0,4.337895880090876,49.283123712076545
Trinidad and Tobago,TTO,2008,51.85596466,0.0,5.130304879354391,46.72016081759234
Trinidad and Tobago,TTO,2009,52.16077805,0.0,4.644531205251164,47.511198664881114
Trinidad and Tobago,TTO,2010,51.62444304999999,0.0,5.051361433138357,46.56803409803204
Trinidad and Tobago,TTO,2011,49.91357803000001,0.0,5.0921778108814975,44.81612461210384
Trinidad and Tobago,TTO,2012,51.0772171,0.0,6.3856676522017715,44.68573140587759
Trinidad and Tobago,TTO,2013,48.40366745,0.0,5.2258095790959525,43.17301834895721
Trinidad and Tobago,TTO,2014,49.65254211,0.0,6.8162163579142785,42.83146549511996
Trinidad and Tobago,TTO,2015,48.41680145,0.0,7.105514387845039,41.30602090911062
Trinidad and Tobago,TTO,2016,49.81018829,0.0,6.6880569061813455,43.11694626199619
Trinidad and Tobago,TTO,2017,47.708709719999995,0.0,6.898349583300585,40.80586239551248
Trinidad and Tobago,TTO,2018,51.55194855,0.0,6.657307405927247,44.88968880072809
Trinidad and Tobago,TTO,2019,53.957962040000005,0.0,7.039930769703173,46.91285624557354
Trinidad and Tobago,TTO,2020,53.88269424,0.0,7.403987348710645,46.4735800031997
Trinidad and Tobago,TTO,2021,53.29118347000001,0.0,6.541660717947136,46.74437023806953
Trinidad and Tobago,TTO,2022,54.49139404,0.0,6.283559225313136,48.20251633883927
Trinidad and Tobago,TTO,2023,51.54345703,0.0,6.264485340374488,45.273978870018695
United States of America,USA,2000,55.62250518999999,0.0,35.76833610735289,15.11737487241415
United States of America,USA,2001,54.67609023999999,0.0,36.02371415993985,14.41595034813258
United States of America,USA,2002,54.799129489999984,0.0,36.537125301353825,14.327175789082284
United States of America,USA,2003,55.025375370000006,0.0,36.92258657566562,14.150059612327077
United States of America,USA,2004,54.57746123999999,0.0,36.63598181060145,13.973526256948912
United States of America,USA,2005,54.52379990000001,0.0,36.659071545989896,13.912675264422251
United States of America,USA,2006,53.69256210000001,0.0,36.048126656016855,13.677932680975195
United States of America,USA,2007,53.65981292999999,0.0,35.860788529373934,13.59674579592674
United States of America,USA,2008,52.50832367,0.0,35.3481979488323,13.359359977078464
United States of America,USA,2009,51.408519739999996,0.0,34.986218936111804,12.647648096253938
United States of America,USA,2010,51.03952026,0.0,34.721252976698906,12.367886840798972
United States of America,USA,2011,50.86388779,0.0,34.81333999911657,12.320112969008315
United States of America,USA,2012,51.15259551999999,0.0,34.51342079656635,12.3353248790527
United States of America,USA,2013,50.48163223,0.0,33.71265268428214,12.282789089131192
United States of America,USA,2014,49.209228519999996,32.45828192317814,0.9982136194645265,11.976068769325574
United States of America,USA,2015,48.598094939999996,32.534641845661824,0.983195562883366,11.753739896555368
United States of America,USA,2016,48.730030060000004,32.76018045132892,0.9582388962680612,11.62600554477948
United States of America,USA,2017,48.73168564000001,33.0308073383066,0.9966227617827439,11.348818611997373
United States of America,USA,2018,48.39612579,32.96098576519317,1.0740159802564295,11.320810222263804
United States of America,USA,2019,48.03893661,32.34985740682418,1.0838703032267265,11.308728728100224
United States of America,USA,2020,43.07378387,29.032529416964362,0.9654740395672469,10.069599295972656
United States of America,USA,2021,44.5478096,29.94038516285135,0.8294224657838819,10.729646187114355
United States of America,USA,2022,44.82482147,30.563104653519694,0.7228144070351197,10.968777731734683
United States of America,USA,2023,46.04626465,31.649337953641258,0.7489576488967331,10.927238774687211
Uruguay,URY,2000,58.43198395,0.0,32.2592138116352,25.166705328391934
Uruguay,URY,2001,55.07584000000001,0.0,30.07452631801315,24.063068187909614
Uruguay,URY,2002,52.04556656000001,0.0,29.431914945466097,21.696472299800895
Uruguay,URY,2003,47.56614685000001,0.0,25.328785254174797,21.358519384102344
Uruguay,URY,2004,47.59647751000001,0.0,22.29878048547379,24.295665362953017
Uruguay,URY,2005,54.823692320000006,0.0,27.877191060588167,25.941870328197883
Uruguay,URY,2006,52.31280898999999,0.0,27.571158475732894,23.768964246284952
Uruguay,URY,2007,51.46754073999998,0.0,27.189837256796384,23.363106638611356
Uruguay,URY,2008,43.62500763,0.0,21.571721333339447,21.292854063014335
Uruguay,URY,2009,40.62641144,0.0,19.14657494102065,20.75167677612244
Uruguay,URY,2010,39.95598221,0.0,18.803982719686587,20.47283466512342
Uruguay,URY,2011,38.47378922,0.0,17.400078847879687,19.430454620594144
Uruguay,URY,2012,35.75045776,0.0,14.813664946557031,18.464651534423126
Uruguay,URY,2013,33.525760649999995,0.0,14.39738069323557,17.6936956007971
Uruguay,URY,2014,31.82635689,0.0,13.893667083427356,17.09544229007648
Uruguay,URY,2015,31.576137539999998,0.0,12.918487843220804,16.92112809607425
Uruguay,URY,2016,30.4536438,0.0,12.573484864562355,16.439235406991532
Uruguay,URY,2017,30.697378160000007,0.0,11.06545560805361,16.498068361229514
Uruguay,URY,2018,30.88000488000001,0.0,11.267286059261068,16.246628464619096
Uruguay,URY,2019,33.399448389999996,0.0,11.145219460552454,15.461458049718994
Uruguay,URY,2020,28.414916989999995,0.0,12.189640571908233,16.740652324314333
Uruguay,URY,2021,26.57268524,0.0,11.210681694081314,15.814179209592142
Uruguay,URY,2022,29.33224297,0.0,10.739915401990258,16.326977305269942
Uruguay,URY,2023,27.64182281,0.0,10.931256185491769,17.098111984950457
Venezuela (Bolivarian Republic of),VEN,2018,48.41744231999999,0.0,11.472555223818974,36.90224417067575
Venezuela (Bolivarian Republic of),VEN,2019,62.74501038,0.0,28.58406742325077,34.1215182278293
Venezuela (Bolivarian Republic of),VEN,2020,62.59889602999999,0.0,33.61257184495449,28.952874413240377
Venezuela (Bolivarian Republic of),VEN,2021,66.00100708,0.0,37.91339735054338,28.055236190682038
Venezuela (Bolivarian Republic of),VEN,2022,53.91236877,0.0,28.995742193319703,24.887905751210486
Venezuela (Bolivarian Republic of),VEN,2023,67.73262787,0.0,38.01162319559426,29.686748305204286
Afghanistan,AFG,2002,85.37560271999999,0.0,,85.37560574344886
Afghanistan,AFG,2003,86.06919097999999,0.0,,86.06919176480461
Afghanistan,AFG,2004,84.52758789000002,0.0,,84.5275910037226
Afghanistan,AFG,2005,78.97008514000001,0.0,,78.97008684156913
Afghanistan,AFG,2006,76.82497406,0.0,,76.82497587090982
Afghanistan,AFG,2007,78.16999054,0.0,,78.16998663310693
Afghanistan,AFG,2008,75.40338897999999,0.0,,75.40338817789676
Afghanistan,AFG,2009,72.77925109999998,0.0,,72.77924342787705
Afghanistan,AFG,2010,78.9966507,0.0,,78.99665104935218
Afghanistan,AFG,2011,73.25517273,0.0,,73.2551689227771
Afghanistan,AFG,2012,74.48620604999999,0.0,,74.48620935925462
Afghanistan,AFG,2013,72.04785919,0.0,,72.04786271302791
Afghanistan,AFG,2014,73.05591582999999,0.0,,73.0559212973081
Afghanistan,AFG,2015,78.38230132999999,0.0,,78.38229647916366
Afghanistan,AFG,2016,75.97433472,0.0,,75.97433605670068
Afghanistan,AFG,2017,75.48403930999999,0.0,,75.48257830679717
Afghanistan,AFG,2018,76.37773132,0.0,,76.22302164623329
Afghanistan,AFG,2019,76.81837463000001,0.0,,76.81836835546218
Afghanistan,AFG,2020,76.23153687000001,0.0,,74.81396106638988
Afghanistan,AFG,2021,77.34925078999999,0.0,,77.21405379763306
Afghanistan,AFG,2022,77.94615172999998,0.0,,77.94615183742482
Afghanistan,AFG,2023,77.13957977000001,0.0,,77.1395855595555
Bahrain,BHR,2000,28.90905952,0.0,1.2908315721121888,27.539052996103266
Bahrain,BHR,2001,28.31391144,0.0,1.4647273054052758,26.77445122607319
Bahrain,BHR,2002,28.748353959999996,0.0,1.7258361155704414,26.95469629235476
Bahrain,BHR,2003,34.031112670000006,0.0,1.655984989758077,32.319513018394105
Bahrain,BHR,2004,32.663795470000004,0.0,1.9300388301927682,30.68171973797155
Bahrain,BHR,2005,30.12581062,0.0,2.606146653103374,27.473661707053477
Bahrain,BHR,2006,30.59978867,0.0,3.861849309839909,26.69632803555041
Bahrain,BHR,2007,35.74647903,0.0,5.47711486236429,30.23593233798336
Bahrain,BHR,2008,34.79516601999999,0.0,6.855261329085695,27.910845214431657
Bahrain,BHR,2009,33.84495544,0.0,7.240834122630767,26.580005796371186
Bahrain,BHR,2010,34.79981994999999,0.0,8.031701535817929,26.745358707482136
Bahrain,BHR,2011,34.66829681,0.0,8.331658260103426,26.3151184278258
Bahrain,BHR,2012,34.65159225000001,0.0,7.827690906311465,26.80383220630263
Bahrain,BHR,2013,34.81866837,0.0,7.797903874523393,26.917974008675404
Bahrain,BHR,2014,35.018310549999995,0.0,8.772721610736317,26.142872874517316
Bahrain,BHR,2015,34.98120117,0.0,8.983670434674856,25.89375456085035
Bahrain,BHR,2016,38.6342392,0.0,10.542969373308843,27.98857228218247
Bahrain,BHR,2017,43.11646652,0.0,11.0040877215252,31.994980838550443
Bahrain,BHR,2018,41.16764068999999,0.0,11.164071149304073,30.003576695537255
Bahrain,BHR,2019,41.726512910000004,0.0,11.747159907487434,29.9793541608217
Bahrain,BHR,2020,37.037590030000004,0.0,10.793006438376477,26.244585000608637
Bahrain,BHR,2021,36.2557869,0.0,10.489285599281287,25.766499923339182
Bahrain,BHR,2022,38.84096146,0.0,10.947258293242086,27.89371042838839
Bahrain,BHR,2023,40.734870910000005,0.0,12.079083143820288,28.65578455310807
Djibouti,DJI,2000,45.35927582000001,0.0,0.5716448704251854,44.385186520347915
Djibouti,DJI,2001,49.03671264999999,0.0,0.5930164338406917,48.03302018975347
Djibouti,DJI,2002,41.71667862,0.0,0.5013549224436055,40.90150971561476
Djibouti,DJI,2003,35.08443451000001,0.0,0.4465153099637414,34.37653240327877
Djibouti,DJI,2004,39.64921951,0.0,0.5193000556564537,38.80529734202991
Djibouti,DJI,2005,36.11171341000001,0.0,0.49097194791363385,35.31047202006929
Djibouti,DJI,2006,31.76415634,0.0,0.336412515229704,31.15603061804429
Djibouti,DJI,2007,30.855653760000006,0.0,0.3834640798533558,30.18076603726823
Djibouti,DJI,2008,28.654239649999994,0.0,0.4417754466178408,27.901847959726652
Djibouti,DJI,2009,27.330368040000003,0.0,0.4211994198591352,26.62792545663053
Djibouti,DJI,2010,27.246717450000006,0.0,0.4542194118934703,26.46213522455535
Djibouti,DJI,2011,25.223846440000003,0.0,0.6037509767659395,24.228805659318468
Djibouti,DJI,2012,24.23509216,0.0,0.6192450827871134,22.947966292893753
Djibouti,DJI,2013,25.0165863,0.0,0.7263047052258865,24.058083466667785
Djibouti,DJI,2014,23.935750959999996,0.0,0.7106772795974865,22.659526308363013
Djibouti,DJI,2015,20.16645432,0.0,0.6202883966670715,19.037428212258444
Djibouti,DJI,2016,24.553253169999998,0.0,0.7552189756014112,23.17863001399739
Djibouti,DJI,2017,27.5839901,0.0,0.8484397599378354,26.039687599071392
Djibouti,DJI,2018,28.492818830000004,0.0,0.867380158534143,26.906418556881952
Djibouti,DJI,2019,29.630558009999998,0.0,0.7167819871568206,28.161220905108582
Djibouti,DJI,2020,33.22284316999999,0.0,0.43239307481139266,31.93699625232501
Djibouti,DJI,2021,28.62335205,0.0,0.5511523183580168,27.34154575341473
Djibouti,DJI,2022,30.54337883,0.0,0.7069336132230263,29.059874829747063
Djibouti,DJI,2023,30.31380272,0.0,0.7016201269493714,28.84145368966364
Egypt,EGY,2000,64.81281281000001,0.0,0.24995739362608646,62.489348406521614
Egypt,EGY,2001,65.77965546000001,0.0,0.2209347996857816,63.825608798114686
Egypt,EGY,2002,65.53860474,0.0,0.20496470052379867,63.76679571851515
Egypt,EGY,2003,67.21897888,0.0,0.2659806400976716,65.40507543385367
Egypt,EGY,2004,66.42459106,0.0,0.3590736706205116,64.5525699991931
Egypt,EGY,2005,66.48487854000001,0.0,0.45208281008934015,64.58325858419146
Egypt,EGY,2006,62.40778351,0.0,0.5787331467819893,60.41719664207581
Egypt,EGY,2007,62.61993789999999,0.0,0.7900028727377191,60.32749209997127
Egypt,EGY,2008,64.24919891000002,0.0,0.9986921888003805,61.82380216383308
Egypt,EGY,2009,63.34403229000001,0.0,1.0732744248082695,60.43681227075692
Egypt,EGY,2010,66.42754364,0.0,1.10832763986943,62.62810293782737
Egypt,EGY,2011,65.58146667000001,0.0,1.0698081668391308,60.49510467245085
Egypt,EGY,2012,70.91378021000001,0.0,4.383365631823471,60.884058320191095
Egypt,EGY,2013,70.57222747999998,0.0,6.360424114245389,57.935135612166206
Egypt,EGY,2014,69.08998871000001,0.0,7.64180296521585,55.12137355020145
Egypt,EGY,2015,68.55438995000002,0.0,8.081873631829351,58.829969214962375
Egypt,EGY,2016,68.12286377000001,0.0,8.104812755880495,58.99694880694812
Egypt,EGY,2017,68.712883,0.0,6.907071996963408,56.39825232765876
Egypt,EGY,2018,70.87649536,0.0,6.869843263411274,62.61043299829191
Egypt,EGY,2019,70.75879669,0.0,6.858435504170236,62.50646487001317
Egypt,EGY,2020,66.95245360999999,0.0,3.5274155313103615,59.31352933086121
Egypt,EGY,2021,61.690750120000004,0.0,3.2686679841140527,54.901980836592614
Egypt,EGY,2022,61.00906371999999,0.0,3.475290849814612,53.72835287129348
Egypt,EGY,2023,64.28696441999999,0.0,3.699526988401065,57.19506656553367
Iran (Islamic Republic of),IRN,2000,62.28549957000001,0.0,1.7919542659996235,59.60016091743219
Iran (Islamic Republic of),IRN,2001,61.65391922000001,0.0,1.6540672343874387,59.236656536788686
Iran (Islamic Republic of),IRN,2002,60.64569855,0.0,1.0440044020737846,54.74597639027142
Iran (Islamic Republic of),IRN,2003,60.54909897,0.0,1.2245543685151785,54.06885302571577
Iran (Islamic Republic of),IRN,2004,63.314563750000005,0.0,1.4358265242818467,56.55964387652613
Iran (Islamic Republic of),IRN,2005,62.75682831,0.0,1.708441783681279,56.09494385184503
Iran (Islamic Republic of),IRN,2006,58.238418579999994,0.0,1.1978700959780113,51.6879896776236
Iran (Islamic Republic of),IRN,2007,60.11624908,0.0,1.2933286294644,53.21485781179454
Iran (Islamic Republic of),IRN,2008,62.866455079999994,0.0,1.4516242567393205,55.47851103965329
Iran (Islamic Republic of),IRN,2009,63.343338010000004,0.0,1.8572730828230033,56.02760699403689
Iran (Islamic Republic of),IRN,2010,67.63965607,0.0,2.901969132852644,59.397221970007166
Iran (Islamic Republic of),IRN,2011,66.68308257999999,0.0,3.5520457249584796,57.521534544105286
Iran (Islamic Republic of),IRN,2012,66.44374847000002,0.0,5.826940341316682,54.96147429292586
Iran (Islamic Republic of),IRN,2013,62.09032058999999,0.0,7.132731636149355,47.86219193733883
Iran (Islamic Republic of),IRN,2014,51.90977478,0.0,5.9667963433378075,40.1094350003423
Iran (Islamic Republic of),IRN,2015,49.64713286999999,0.0,5.818339132135204,38.95087104754594
Iran (Islamic Republic of),IRN,2016,47.10972595000001,0.0,6.220540160092414,36.55317545673555
Iran (Islamic Republic of),IRN,2017,45.64050292999999,0.0,8.417228880600991,32.80345236899815
Iran (Islamic Republic of),IRN,2018,52.21618271,0.0,7.747457639545728,39.99976491749925
Iran (Islamic Republic of),IRN,2019,55.87774658000001,0.0,8.423796791374704,39.13536027069049
Iran (Islamic Republic of),IRN,2020,50.0546608,0.0,8.36433670719255,37.40495610244161
Iran (Islamic Republic of),IRN,2021,53.088520050000014,0.0,8.054987659115174,41.700821617800536
Iran (Islamic Republic of),IRN,2022,52.86397933999999,0.0,8.03300531517532,41.58701861248624
Iran (Islamic Republic of),IRN,2023,52.56090164,0.0,6.050112080707342,43.145286920094115
Iraq,IRQ,2003,54.57548904,0.0,0.0,54.54956309458973
Iraq,IRQ,2004,28.637121200000003,0.0,,28.616320995928035
Iraq,IRQ,2005,29.071237559999997,0.0,,29.043928609834605
Iraq,IRQ,2006,32.625587460000006,0.0,,32.58729020797706
Iraq,IRQ,2007,29.578012469999997,0.0,,29.548230464929873
Iraq,IRQ,2008,21.346147539999997,0.0,,21.315526696199658
Iraq,IRQ,2009,22.393957140000005,0.0,,22.368463752609255
Iraq,IRQ,2010,26.050455090000003,0.0,0.0,26.0318515126131
Iraq,IRQ,2011,25.05031204,0.0,,25.028878951015148
Iraq,IRQ,2012,62.223205570000005,0.0,,61.66325388813161
Iraq,IRQ,2013,58.832054140000004,0.0,,58.572341289136716
Iraq,IRQ,2014,62.360755919999995,0.0,,62.02973418011931
Iraq,IRQ,2015,76.21038055,0.0,,76.19068857478545
Iraq,IRQ,2016,44.265254969999994,0.0,,44.251666472579565
Iraq,IRQ,2017,58.06010056000001,0.0,,58.04656497240144
Iraq,IRQ,2018,50.40484619,0.0,,50.393333983222554
Iraq,IRQ,2019,50.09696198,0.0,,50.096962558773264
Iraq,IRQ,2020,54.66120529,0.0,,54.66121060999537
Iraq,IRQ,2021,49.90874099999999,0.0,,49.908740474531015
Iraq,IRQ,2022,53.09317016999999,0.0,,53.09317880085762
Iraq,IRQ,2023,53.982368470000004,0.0,,53.98237498146493
Jordan,JOR,2000,52.42214584,0.0,2.7681660899653977,39.10034602076124
Jordan,JOR,2001,51.669315340000004,0.0,3.8155802861685215,38.47376788553259
Jordan,JOR,2002,50.457317350000004,0.0,3.658536585365854,39.48170731707317
Jordan,JOR,2003,49.77238082999999,0.0,3.6418816388467374,42.03338391502276
Jordan,JOR,2004,46.438354489999995,0.0,3.1506849315068495,40.68493150684932
Jordan,JOR,2005,45.3855896,0.0,2.907711757269279,40.07585335018963
Jordan,JOR,2006,43.720932010000006,0.0,2.6744186046511627,39.18604651162791
Jordan,JOR,2007,40.01985931,0.0,2.284011916583913,36.04766633565045
Jordan,JOR,2008,38.09523773000001,0.0,5.054945054945055,31.94139194139194
Jordan,JOR,2009,29.06036186,0.0,5.351586807716242,22.713130056004978
Jordan,JOR,2010,28.780178069999998,0.0,6.099110546378653,21.855146124523507
Jordan,JOR,2011,28.805620190000003,0.0,7.02576112412178,20.901639344262296
Jordan,JOR,2012,29.44191360000001,0.0,7.175398633257403,21.583143507972665
Jordan,JOR,2013,32.11637115,0.0,7.358813462635482,22.13348545350827
Jordan,JOR,2014,29.63944817,0.0,6.945917285259809,20.890774125132555
Jordan,JOR,2015,45.65897369,0.0,15.972385869411847,29.334350854786194
Jordan,JOR,2016,49.506572719999994,0.0,13.084922525506549,32.947473688673256
Jordan,JOR,2017,50.595031739999996,0.0,12.991919052246525,33.99718040613214
Jordan,JOR,2018,53.79945374000001,0.0,13.282453001423796,35.31081560180946
Jordan,JOR,2019,53.64096069,0.0,13.099082950069823,36.00002781605146
Jordan,JOR,2020,49.48112106000001,0.0,12.762300644300222,35.40723265620832
Jordan,JOR,2021,50.57040787,0.0,13.670387436537627,35.78003424326197
Jordan,JOR,2022,50.55996323000001,0.0,13.14804619320668,35.92578609206726
Jordan,JOR,2023,48.05833435000001,0.0,12.463960737467858,34.46794378440897
Kuwait,KWT,2000,27.455289839999995,0.0,1.9610919359899595,25.49419516786947
Kuwait,KWT,2001,21.11251259,0.0,1.466146673313198,19.646365422396855
Kuwait,KWT,2002,23.19672775,0.0,1.6569093118303324,21.539821053794324
Kuwait,KWT,2003,23.10641289,0.0,2.28524998095625,20.821166493156944
Kuwait,KWT,2004,23.73571205,0.0,2.1798101143189306,21.55590001937609
Kuwait,KWT,2005,23.789474490000003,0.0,2.3157894736842106,21.473684210526315
Kuwait,KWT,2006,23.475051880000002,0.0,2.235719342698513,21.239333755635876
Kuwait,KWT,2007,23.57626534,0.0,2.2301871764237355,21.346077260055754
Kuwait,KWT,2008,21.907670969999998,0.0,2.098938724107623,19.808734208765692
Kuwait,KWT,2009,18.41665649,0.0,1.6962706278624569,16.720381903215646
Kuwait,KWT,2010,15.799214360000002,0.0,1.4670699228095516,14.33214463052408
Kuwait,KWT,2011,15.527010919999999,0.0,1.512371196386441,14.01463975318102
Kuwait,KWT,2012,16.538520809999998,0.0,1.5834755528968805,14.95504688847054
Kuwait,KWT,2013,16.031635280000003,0.0,1.5461987923373641,14.485441317686885
Kuwait,KWT,2014,15.41117764,0.0,1.4818437099439121,13.929330873472773
Kuwait,KWT,2015,15.140776630000001,0.0,1.4452557758614757,13.695519018877794
Kuwait,KWT,2016,14.683791159999998,0.0,1.401634677231406,13.282157178443276
Kuwait,KWT,2017,14.29076385,0.0,1.364118049650235,12.92664246876207
Kuwait,KWT,2018,11.770593640000001,0.0,1.1235564839160463,10.647035250917801
Kuwait,KWT,2019,11.85188103,0.0,1.1313160042729926,10.720565943749477
Kuwait,KWT,2020,11.49675369,0.0,1.0974173480696385,10.399335819778448
Kuwait,KWT,2021,11.052483559999999,0.0,1.055009718289792,9.997473045122165
Kuwait,KWT,2022,11.88621807,0.0,1.1345933121380016,10.75162233838877
Kuwait,KWT,2023,11.45026493,0.0,1.4467685093008706,10.003495937515277
Lebanon,LBN,2000,70.08467865,0.0,12.293796241426351,57.79088298663549
Lebanon,LBN,2001,67.07550049,0.0,12.233186088530799,54.842309737801024
Lebanon,LBN,2002,66.85820770000001,0.0,12.742777518173677,54.115432310696754
Lebanon,LBN,2003,65.63134766,0.0,13.146861885850761,52.484488789303725
Lebanon,LBN,2004,62.02132797,0.0,13.139668305399354,48.88165677301577
Lebanon,LBN,2005,61.11149216,0.0,13.788094708764106,47.32339473498957
Lebanon,LBN,2006,58.10147857999999,0.0,13.412012966103891,44.68946255509915
Lebanon,LBN,2007,57.8457222,0.0,13.766160307219902,44.07956457728904
Lebanon,LBN,2008,59.56251906999999,0.0,14.702992169436016,44.85952270991772
Lebanon,LBN,2009,60.011428829999986,0.0,15.441686976278275,44.569741817433005
Lebanon,LBN,2010,58.919761660000006,0.0,15.334759478703226,43.585005285457925
Lebanon,LBN,2011,55.568698879999985,0.0,15.38209664270305,40.18660659982387
Lebanon,LBN,2012,55.99892426000001,0.0,18.663158909962338,37.33576498544005
Lebanon,LBN,2013,54.814990999999985,0.0,17.865178198580562,36.9498123008234
Lebanon,LBN,2014,51.62422561999999,0.0,16.060468865155315,35.56375906457147
Lebanon,LBN,2015,51.227596280000014,0.0,18.5301541175967,32.69744007000357
Lebanon,LBN,2016,50.41612625,0.0,17.63601870893422,31.974815170032546
Lebanon,LBN,2017,50.38428496999999,0.0,16.612035340283704,33.06612298181191
Lebanon,LBN,2018,52.23586654999999,0.0,16.253625326559753,35.30458104691445
Lebanon,LBN,2019,47.31144332999999,0.0,16.60012130721056,30.7113191834763
Lebanon,LBN,2020,45.380584719999995,0.0,15.068321652020405,30.312262878727672
Lebanon,LBN,2021,56.586242679999984,0.0,24.226126138879355,32.36011414290585
Lebanon,LBN,2022,56.714103699999995,0.0,24.280869401851408,32.433237605905056
Lebanon,LBN,2023,51.93686295,0.0,22.235599754005722,29.701263088894283
Libya,LBY,2000,51.291107180000004,,,51.291111380801766
Libya,LBY,2001,45.52793884,,,45.5279437617647
Libya,LBY,2002,33.08923721,,,33.0892416564088
Libya,LBY,2003,33.755134579999996,,,33.7551326776983
Libya,LBY,2004,34.213512419999994,,,34.213508379694446
Libya,LBY,2005,35.346717829999996,,,35.346716533506154
Libya,LBY,2006,34.62699126999999,,,34.62698627317336
Libya,LBY,2007,33.44186401,,,33.44186550952807
Libya,LBY,2008,32.265682219999995,,,32.26567972414524
Libya,LBY,2009,31.100633619999996,,,31.100631329444667
Libya,LBY,2010,29.973636629999998,,,29.973637399984526
Libya,LBY,2011,36.66828537,,,36.66828416656864
Libya,LBY,2012,26.105140689999995,0.0,,26.10513479474787
Libya,LBY,2013,26.54751015,0.0,,26.54750957496665
Libya,LBY,2014,33.625984190000004,0.0,,33.62598078038691
Libya,LBY,2015,30.718025210000008,0.0,,30.71802286998186
Libya,LBY,2016,32.49469757,0.0,,32.49470054521346
Libya,LBY,2017,33.781406399999995,0.0,,33.78140532216243
Libya,LBY,2018,28.24106789,0.0,,28.241064084342952
Libya,LBY,2019,28.01716042,0.0,,28.01715833917942
Libya,LBY,2020,21.141355510000004,0.0,,21.1413519652105
Libya,LBY,2021,24.391143800000002,0.0,,24.391142285005827
Libya,LBY,2022,31.84949112,0.0,,31.84949199147629
Libya,LBY,2023,19.176584240000004,0.0,,19.17657884248277
Morocco,MAR,2000,74.24376678000002,0.0,16.476673621047745,53.865815306176316
Morocco,MAR,2001,73.26049042000001,0.0,16.44486280185064,53.25442694729381
Morocco,MAR,2002,72.58872985999999,0.0,15.621747414395202,53.84698265034532
Morocco,MAR,2003,74.45890045,0.0,15.326077071914382,56.20530754497413
Morocco,MAR,2004,74.76679993,0.0,14.70417054422382,57.37558262060937
Morocco,MAR,2005,74.15740204,0.0,11.988549755987151,59.65603282595009
Morocco,MAR,2006,71.19411468999999,8.360124392214933,0.8950093074263782,58.74881319084159
Morocco,MAR,2007,69.26705933000001,8.115155213739712,0.8667246972977307,57.1830523747972
Morocco,MAR,2008,68.17669678,7.981395420261607,0.8524854921507724,56.41322744307736
Morocco,MAR,2009,65.72190094,7.686392832496171,0.8222486627174039,54.49833110978286
Morocco,MAR,2010,67.41249847000002,7.774219960697699,0.882396786145727,55.61273143816961
Morocco,MAR,2011,65.65725708,8.296202204880027,0.9798498810518392,54.240041274242174
Morocco,MAR,2012,64.71463775999999,8.865633365678521,1.0481716061750312,52.745853253320405
Morocco,MAR,2013,64.90471649,9.501246997058065,1.1690046694785179,51.66726500646595
Morocco,MAR,2014,60.24949264999999,8.56987801959083,0.9777021161532945,49.156290702159644
Morocco,MAR,2015,60.07689285,8.812176740432177,1.0053449801006555,48.954441717322396
Morocco,MAR,2016,60.30977631,9.326023028395314,1.063967588506273,48.84678800802557
Morocco,MAR,2017,60.00078583,10.054758168347922,1.1471059816940685,47.965676297852696
Morocco,MAR,2018,59.62752151000001,10.670032111857473,1.2173000539124972,46.985275976043184
Morocco,MAR,2019,58.96369552999998,10.727219258735346,1.1947417241196954,46.55796967613804
Morocco,MAR,2020,55.34975052,10.378413918546135,1.1566404336878284,43.40780973269062
Morocco,MAR,2021,54.80017471000001,11.371856163281775,1.268661091390903,41.79530055105377
Morocco,MAR,2022,49.29318618999999,3.941482388856441,1.1089303692309282,40.54432651960841
Morocco,MAR,2023,42.84694671999999,3.582816509151182,1.0080202359663084,37.25433061472874
"occupied Palestinian territory, including east Jerusalem",PSE,2000,49.45515442,0.0,2.5999999999999996,38.49999999999999
"occupied Palestinian territory, including east Jerusalem",PSE,2001,52.15621185000001,0.0,2.0999999999999996,40.0
"occupied Palestinian territory, including east Jerusalem",PSE,2002,46.85533904999999,0.0,2.2,36.0
"occupied Palestinian territory, including east Jerusalem",PSE,2003,48.453426359999995,0.0,2.5999999999999996,40.300000000000004
"occupied Palestinian territory, including east Jerusalem",PSE,2004,47.5556488,0.0,2.2000000000000006,36.2
"occupied Palestinian territory, including east Jerusalem",PSE,2005,45.30345535,0.0,2.6999999999999997,37.0
"occupied Palestinian territory, including east Jerusalem",PSE,2006,51.05405044999999,0.0,3.1999999999999993,41.3
"occupied Palestinian territory, including east Jerusalem",PSE,2007,46.25366974,0.0,3.0,37.3
"occupied Palestinian territory, including east Jerusalem",PSE,2008,45.55411148,0.0,3.0999999999999996,35.8
"occupied Palestinian territory, including east Jerusalem",PSE,2009,46.95293808,0.0,3.0000000000000004,39.2
"occupied Palestinian territory, including east Jerusalem",PSE,2010,44.90414047,0.0,2.2,36.00000000000001
"occupied Palestinian territory, including east Jerusalem",PSE,2011,53.10401154,0.0,2.0,44.599999999999994
"occupied Palestinian territory, including east Jerusalem",PSE,2012,52.754356380000004,0.0,1.9000000000000001,43.800000000000004
"occupied Palestinian territory, including east Jerusalem",PSE,2013,49.95317841,0.0,2.1,42.7
"occupied Palestinian territory, including east Jerusalem",PSE,2014,50.5475769,0.0,3.0,44.4
"occupied Palestinian territory, including east Jerusalem",PSE,2015,52.43549728000001,0.0,2.1,44.80000000000001
"occupied Palestinian territory, including east Jerusalem",PSE,2016,52.479522710000005,0.0,2.8000000000000007,42.7
"occupied Palestinian territory, including east Jerusalem",PSE,2017,49.83562851000001,0.0,3.0650606615544267,41.73205820263013
"occupied Palestinian territory, including east Jerusalem",PSE,2018,48.78099060000001,0.0,2.3494601886419346,39.495082131596334
"occupied Palestinian territory, including east Jerusalem",PSE,2019,48.36382294,0.0,2.5791252333379746,38.696574507366904
"occupied Palestinian territory, including east Jerusalem",PSE,2020,50.09616089,0.0,2.6317728466979857,38.3919610709767
"occupied Palestinian territory, including east Jerusalem",PSE,2021,44.80784225000001,0.0,3.059578661642181,33.39273132432225
"occupied Palestinian territory, including east Jerusalem",PSE,2022,45.78089904999999,0.0,2.644834240927197,33.55230267225021
"occupied Palestinian territory, including east Jerusalem",PSE,2023,49.91535950000001,0.0,3.8261375820886214,42.07169458918403
Oman,OMN,2000,18.2482605,0.0,3.8952233422607123,11.74951695413096
Oman,OMN,2001,17.97150993,0.0,4.109526705715256,11.267132831298087
Oman,OMN,2002,16.53001404,0.0,3.8654847474013625,10.149189572662745
Oman,OMN,2003,17.126996990000002,0.0,4.028481254033894,10.57715204844702
Oman,OMN,2004,18.08599472,0.0,4.246919694842016,11.150682484859898
Oman,OMN,2005,17.65610886,0.0,4.016965806494777,10.546917171955961
Oman,OMN,2006,19.311052319999998,0.0,4.371455561792446,11.477662984780231
Oman,OMN,2007,18.85988808,0.0,4.292261252344233,11.269730962180429
Oman,OMN,2008,21.166414259999996,0.0,4.741485687843154,12.449211477693568
Oman,OMN,2009,18.702970500000003,0.0,4.37891111982625,11.497238242779762
Oman,OMN,2010,17.286439899999998,0.0,3.9637855580164842,10.407287485054193
Oman,OMN,2011,18.1770153,0.0,4.128314932745663,10.83927465637933
Oman,OMN,2012,17.26092911,0.0,3.901703378470398,10.244284953279815
Oman,OMN,2013,12.453228,0.0,2.65475990964295,6.970318951153223
Oman,OMN,2014,10.06217766,0.0,2.1648747067351577,5.684079806270362
Oman,OMN,2015,9.78166199,0.0,2.739815741750066,5.301489060335547
Oman,OMN,2016,10.13386536,0.0,2.873671704288306,5.560497689660118
Oman,OMN,2017,10.80002689,0.0,3.068183773840796,5.936874682566593
Oman,OMN,2018,13.569769860000003,0.0,4.7742902255658235,6.496743285235702
Oman,OMN,2019,12.45147896,0.0,4.380841229279035,5.96134702668172
Oman,OMN,2020,10.876939770000002,0.0,3.8268644955104385,5.20750834994979
Oman,OMN,2021,11.42313576,0.0,4.019033652210097,5.4690076766616444
Oman,OMN,2022,14.418155669999999,0.0,5.072781805998643,6.902923697821755
Oman,OMN,2023,14.659903530000003,0.0,6.115965570406587,6.310946181511922
Pakistan,PAK,2000,64.39980316,0.0,0.27671976156234646,57.34227134653512
Pakistan,PAK,2001,63.437664029999986,0.0,0.29381070415624966,55.79309928219097
Pakistan,PAK,2002,58.19470215,0.0,0.2815256918963407,50.964853821224345
Pakistan,PAK,2003,68.71120453,0.0,0.3251549219710165,60.46445285573868
Pakistan,PAK,2004,69.41656494,0.0,0.3360154577460757,60.75031130652402
Pakistan,PAK,2005,73.61944580000001,0.0,0.29344286500349676,65.86717499143437
Pakistan,PAK,2006,79.54355621,0.0,0.2660217654171705,72.83743954050786
Pakistan,PAK,2007,78.46032714999998,0.0,0.36816028527052597,71.69874618194049
Pakistan,PAK,2008,76.72231292999999,0.0,0.4473701225726399,69.98925449602355
Pakistan,PAK,2009,73.5196991,0.0,0.46200539640150634,67.87589614315249
Pakistan,PAK,2010,72.65258788999999,0.0,0.48470583541943013,67.75833524489613
Pakistan,PAK,2011,70.92317962999999,0.0,0.5813856124854662,65.34801542111009
Pakistan,PAK,2012,67.09035492000001,0.0,0.6395214164140474,61.156576999385656
Pakistan,PAK,2013,66.2882843,0.0,0.5992842137639733,62.74438791290498
Pakistan,PAK,2014,67.43753815000001,0.0,0.5861359726220745,65.50694724919978
Pakistan,PAK,2015,67.71486664,0.0,0.7997573843087867,64.43974975689339
Pakistan,PAK,2016,66.44263457999999,0.0,0.9587217043941412,62.12799600532623
Pakistan,PAK,2017,61.76627731000001,0.0,0.9552714311912472,57.84242712682396
Pakistan,PAK,2018,59.97082901000001,0.0,0.9799145484201561,56.24115893705163
Pakistan,PAK,2019,59.55964279,0.0,1.007575760046352,56.083011521500865
Pakistan,PAK,2020,58.47628020999999,0.0,1.0164987818256943,55.23900437402938
Pakistan,PAK,2021,52.7812767,0.0,0.9142655553768692,50.67524002128665
Pakistan,PAK,2022,48.6831131,0.0,0.8401177404862866,47.36522852907577
Pakistan,PAK,2023,54.61149597000001,0.0,1.145254483942367,52.932321241427324
Qatar,QAT,2000,40.48460007,0.0,10.450252444614085,30.03434956523544
Qatar,QAT,2001,36.95450592,0.0,9.539032108350323,27.415474062727608
Qatar,QAT,2002,37.08582306,0.0,9.572928519638353,27.512893400828567
Qatar,QAT,2003,24.97864914,0.0,6.447715210715705,18.530933444857155
Qatar,QAT,2004,25.01207924,0.0,6.456344040470747,18.55573296925055
Qatar,QAT,2005,25.087738039999998,0.0,6.475873178611424,18.611860317328407
Qatar,QAT,2006,25.16353798,0.0,6.495441565638304,18.668100468664242
Qatar,QAT,2007,25.23950386,0.0,6.515049161040128,18.72445330573438
Qatar,QAT,2008,25.315612790000007,0.0,6.53469592278574,18.78091870849766
Qatar,QAT,2009,28.985885619999998,0.0,6.7433350757971775,19.38055410350235
Qatar,QAT,2010,29.009695049999998,0.0,7.350595165050927,18.726224076573814
Qatar,QAT,2011,26.455839160000004,0.0,6.437416845768089,16.886705557261283
Qatar,QAT,2012,20.857587810000002,0.0,7.855869192208054,10.883827339097667
Qatar,QAT,2013,15.829702380000004,0.0,6.845511565658582,6.9094323039431105
Qatar,QAT,2014,13.25635815,0.0,6.355083252877179,5.647692209571607
Qatar,QAT,2015,12.123578069999999,0.0,5.981964384705265,5.316105597545914
Qatar,QAT,2016,14.192934040000003,0.0,7.066288148355841,6.279732135393933
Qatar,QAT,2017,15.560422899999997,0.0,7.743290796823054,6.881376902466529
Qatar,QAT,2018,15.333813669999998,0.0,7.582026273790166,6.738062904201353
Qatar,QAT,2019,14.52398205,0.0,7.190706937072998,6.390301737036775
Qatar,QAT,2020,13.323355670000002,0.0,6.6374134305770776,5.8985959163626625
Qatar,QAT,2021,14.973846439999999,0.0,7.378936868626894,6.557579595663382
Qatar,QAT,2022,17.806476589999995,0.0,8.702013212262456,7.733382911093314
Qatar,QAT,2023,16.978431699999994,0.0,8.360020882486195,7.429458109558699
Saudi Arabia,SAU,2000,27.947612760000005,,2.9534596238014097,18.462463666432797
Saudi Arabia,SAU,2001,27.459508899999996,,3.2458047972994906,18.033691453795967
Saudi Arabia,SAU,2002,27.685840610000003,,2.7603097901635003,18.451711127291983
Saudi Arabia,SAU,2003,27.62561417,,2.844543817154214,17.949195702130304
Saudi Arabia,SAU,2004,28.52048874,,2.8526240115025163,18.1509705248023
Saudi Arabia,SAU,2005,27.504991529999995,,3.256012928985645,16.491586652723644
Saudi Arabia,SAU,2006,27.017715450000004,,4.349613389448957,15.393951257707743
Saudi Arabia,SAU,2007,29.612821580000002,,5.51953898793445,16.73869980190888
Saudi Arabia,SAU,2008,36.40523528999999,,8.29707141870424,19.369042685453792
Saudi Arabia,SAU,2009,35.01259995,,10.562299023726064,18.350763347721546
Saudi Arabia,SAU,2010,38.06742859,,12.026682905225863,18.94513950398583
Saudi Arabia,SAU,2011,32.93125533999999,,10.390555597178667,15.621153578576704
Saudi Arabia,SAU,2012,31.716814040000003,,10.17234851899259,15.156213380446736
Saudi Arabia,SAU,2013,30.40564346,,10.313029847403948,14.35986435906459
Saudi Arabia,SAU,2014,28.631450649999998,,10.601493111052664,13.135870408211437
Saudi Arabia,SAU,2015,31.526126859999998,,12.887816810491268,14.38336617517157
Saudi Arabia,SAU,2016,30.408416749999997,11.951531252257626,0.0,14.451418981663917
Saudi Arabia,SAU,2017,28.1529808,11.770933093543757,0.0,14.323529955802288
Saudi Arabia,SAU,2018,29.701498030000003,12.101455325675097,0.0,15.898353594522089
Saudi Arabia,SAU,2019,26.214052199999998,13.072196545626351,0.0,11.404073756177791
Saudi Arabia,SAU,2020,21.709457399999998,10.199061664950598,0.0,10.081579840253873
Saudi Arabia,SAU,2021,23.016271590000002,11.26598296308801,0.0,10.15629528628778
Saudi Arabia,SAU,2022,22.862665180000004,7.8518288770261995,0.0,12.783438710309387
Saudi Arabia,SAU,2023,22.233371729999998,6.127973117949076,0.0,14.116039715725744
Somalia,SOM,2013,39.048263549999994,0.0,0.8059496687467437,38.242311782032644
Somalia,SOM,2014,40.43331528,0.0,0.8345368529479124,39.598773672381945
Somalia,SOM,2015,38.31249237,0.0,0.7907634278444572,37.52172465122031
Somalia,SOM,2016,45.93547439999999,0.0,0.9481006598164592,44.98737630829466
Somalia,SOM,2017,40.521442410000006,0.0,0.8363558851324406,39.68508674953913
Somalia,SOM,2018,44.11383057000001,0.0,0.9105021157950403,43.203325394474206
Somalia,SOM,2019,45.94006348,0.0,0.9481952648676969,44.991865317976156
Somalia,SOM,2020,48.06180954,0.0,0.9919879326219294,47.069827402909915
Somalia,SOM,2021,42.37747955000001,0.0,0.8746641284109623,41.50281289309714
Somalia,SOM,2022,41.59582901,0.0,0.85853104476363,40.73729807403128
Somalia,SOM,2023,31.428157810000005,0.0,0.6486720795127227,30.77949017287747
Sudan,SDN,2000,66.17405701,0.0,1.5599343185550083,61.82266009852217
Sudan,SDN,2001,66.66666412000001,0.0,1.608187134502924,62.280701754385966
Sudan,SDN,2002,65.79949187999998,0.0,1.5862944162436547,61.421319796954315
Sudan,SDN,2003,66.06427002000001,0.0,1.383062099488267,62.560508966852616
Sudan,SDN,2004,60.7492981,0.0,1.2605042016806722,57.17787114845938
Sudan,SDN,2005,58.25021362000001,0.0,1.310914790538615,54.63094898831576
Sudan,SDN,2006,59.07955169999999,0.0,1.0828821324448146,55.78925447730113
Sudan,SDN,2007,61.12584686,0.0,0.8989095195991748,58.00176834659593
Sudan,SDN,2008,65.5871582,0.0,0.7484011430126548,62.40304803374609
Sudan,SDN,2009,55.225444790000005,0.0,0.7223581498310614,52.47582430385646
Sudan,SDN,2010,64.43519592,0.0,0.7515319690137588,61.3134466412302
Sudan,SDN,2011,69.23600769,0.0,0.6643386423643642,65.93135167362234
Sudan,SDN,2012,69.45655823,0.0,0.8875739644970414,65.45468701339146
Sudan,SDN,2013,78.45028687000001,0.0,0.7222857142857143,74.83428571428571
Sudan,SDN,2014,71.03337859999999,0.0,0.8554867079752149,67.03178093144113
Sudan,SDN,2015,83.78509521000002,0.0,1.048088911558374,79.40107019231863
Sudan,SDN,2016,75.34825134,0.0,0.9396490390263108,71.18588745766787
Sudan,SDN,2017,76.59540557999999,0.0,0.9880508501203519,72.54642118810042
Sudan,SDN,2018,70.31276703,0.0,2.159642192786691,66.95340326622775
Sudan,SDN,2019,70.89068603999998,0.0,2.177392793578164,67.5037088384672
Sudan,SDN,2020,58.926555629999996,0.0,2.415864969468128,52.96360730609965
Sudan,SDN,2021,63.909950259999995,0.0,2.4987884673616283,58.245067686673735
Sudan,SDN,2022,46.64408875,0.0,1.823718029262356,42.50963274531568
Sudan,SDN,2023,62.9457283,0.0,2.461088778675368,57.36631346317518
Syrian Arab Republic,SYR,2000,64.46633148000001,,0.3941844153502063,64.07214393722604
Syrian Arab Republic,SYR,2001,58.532833100000005,,0.36895056686486916,58.16387725070772
Syrian Arab Republic,SYR,2002,54.33372498,,0.3423959231662065,53.99133444805662
Syrian Arab Republic,SYR,2003,51.89720917000001,,0.3348272902677063,51.56237909751689
Syrian Arab Republic,SYR,2004,52.21466446000001,,0.40418432098131885,51.81047654117067
Syrian Arab Republic,SYR,2005,49.71022415,,0.42238063433297923,49.28687665387325
Syrian Arab Republic,SYR,2006,51.69641495,,0.48701998086594417,51.20939187972015
Syrian Arab Republic,SYR,2007,52.13559341,,0.44857775040239384,51.68701428482816
Syrian Arab Republic,SYR,2008,53.234436040000006,,0.47319108661444503,52.761166647321865
Syrian Arab Republic,SYR,2009,54.36074828999999,,0.7789441984599529,53.57937013283164
Syrian Arab Republic,SYR,2010,55.72970963,,3.7526622502220026,51.97356238730022
Syrian Arab Republic,SYR,2011,55.712768549999986,,4.995916107764373,50.69988565835746
Syrian Arab Republic,SYR,2012,56.18341446000001,,5.384468882997536,50.79894615706001
Syrian Arab Republic,SYR,2013,50.472805019999996,0.0,5.736311570160845,44.73649144057582
Syrian Arab Republic,SYR,2014,51.9702034,0.0,5.047387047177572,46.92281777606998
Syrian Arab Republic,SYR,2015,49.95524597000001,0.0,5.322692395425455,44.632559678600295
Syrian Arab Republic,SYR,2016,49.71878814999999,0.0,4.686488461536429,45.03229941802893
Syrian Arab Republic,SYR,2017,47.88787842,0.0,4.08504175509959,43.80283352680294
Syrian Arab Republic,SYR,2018,47.298641200000006,0.0,4.223351399850458,43.075286180539436
Syrian Arab Republic,SYR,2019,45.78736876999999,0.0,4.125513658033733,41.66185636709547
Syrian Arab Republic,SYR,2020,51.92531204000001,0.0,3.5867223073087673,48.33858889044425
Syrian Arab Republic,SYR,2021,61.51105881000001,0.0,2.0492726097003375,59.46178614729657
Syrian Arab Republic,SYR,2022,62.45795822000001,0.0,2.5149514408686118,59.943009143329675
Syrian Arab Republic,SYR,2023,73.27332306,0.0,0.8725076082034765,72.40081738546105
Tunisia,TUN,2000,47.22982406999999,0.0,4.949219321357931,38.62986151631459
Tunisia,TUN,2001,47.723903660000005,0.0,4.523122519170155,39.44774014517901
Tunisia,TUN,2002,48.153865810000006,0.0,4.125688475499487,40.20476557956791
Tunisia,TUN,2003,48.51647186,0.0,3.7558361861772007,40.8963990249564
Tunisia,TUN,2004,48.80897903,0.0,3.4124555428443006,41.518605201269324
Tunisia,TUN,2005,49.115787510000004,0.0,5.570016048734274,42.11570363493721
Tunisia,TUN,2006,47.42406464,0.0,3.9044762104231263,42.67474416127439
Tunisia,TUN,2007,46.062583919999994,0.0,2.7133504938089676,42.8681333171281
Tunisia,TUN,2008,44.92797089,0.0,1.8737921846679584,42.79279268686949
Tunisia,TUN,2009,43.94190216,0.0,1.2880620925017165,42.521300268123056
Tunisia,TUN,2010,43.047737119999994,0.0,0.8823725278775026,42.105831293269766
Tunisia,TUN,2011,42.20585251000001,0.0,0.6028441222839318,41.58300107367289
Tunisia,TUN,2012,42.93639755,0.0,0.410980885247488,40.97820706035311
Tunisia,TUN,2013,40.80529785,0.0,0.39570515351750657,39.06398654579148
Tunisia,TUN,2014,41.80558395000001,0.0,3.105269654631261,38.00471070600986
Tunisia,TUN,2015,46.17268753000001,0.0,4.5118763148982355,39.67178175809056
Tunisia,TUN,2016,44.84639740000001,0.0,4.712170292203865,39.75572530616465
Tunisia,TUN,2017,45.84419632,0.0,4.927941050780343,40.51967280345422
Tunisia,TUN,2018,47.42088318,0.0,5.073397832254941,41.915176175378264
Tunisia,TUN,2019,40.76102448,0.0,4.571653000089444,35.576507920563785
Tunisia,TUN,2020,38.41360092000001,0.0,4.526613096903335,33.441302522249345
Tunisia,TUN,2021,42.0487709,0.0,4.359505221049967,37.21665980922141
Tunisia,TUN,2022,41.333663939999994,0.0,4.473597795295239,36.28980223582469
Tunisia,TUN,2023,42.77626801000001,0.0,4.3986293809756445,37.9398395247295
United Arab Emirates,ARE,2000,31.169536589999996,0.0,4.338471693537568,22.083434661065997
United Arab Emirates,ARE,2001,22.98960304,0.0,4.392106938255888,15.085932527052833
United Arab Emirates,ARE,2002,38.77114487,0.0,4.680435280058985,28.041507941801154
United Arab Emirates,ARE,2003,38.72491455000001,0.0,5.262788952535495,27.456929384050465
United Arab Emirates,ARE,2004,42.89268875,0.0,5.895527619041338,30.40837997713301
United Arab Emirates,ARE,2005,43.15894318000001,0.0,6.341663858886134,30.139191228625556
United Arab Emirates,ARE,2006,42.69578170999999,0.0,6.378850338643676,29.709606159552845
United Arab Emirates,ARE,2007,41.32629776,0.0,6.168166200402954,28.876251550343266
United Arab Emirates,ARE,2008,36.08961487,0.0,5.476098177745755,25.1365182670622
United Arab Emirates,ARE,2009,26.31716536999999,0.0,6.566048106354064,16.10036892485088
United Arab Emirates,ARE,2010,29.14583778,0.0,7.236406035858568,17.94574428839636
United Arab Emirates,ARE,2011,27.579029079999998,0.0,6.808285448866167,16.884037338744605
United Arab Emirates,ARE,2012,27.455211640000005,0.0,6.749721831440449,16.738803959382683
United Arab Emirates,ARE,2013,28.028261179999994,0.0,6.917868194557152,17.15579433011528
United Arab Emirates,ARE,2014,29.023614880000004,,7.180792386790487,17.807826609354883
United Arab Emirates,ARE,2015,28.74894142,,7.173462828148582,17.789649853574875
United Arab Emirates,ARE,2016,23.723598480000003,,6.448418671594118,15.991594718619092
United Arab Emirates,ARE,2017,45.18860625999999,28.25109599767558,6.981214256781352,11.41661802696186
United Arab Emirates,ARE,2018,48.42153931,27.354049771274706,9.580665466225689,12.696112388910914
United Arab Emirates,ARE,2019,48.82608414,27.98306793834561,9.817081781757103,12.231621143658938
United Arab Emirates,ARE,2020,39.013900760000006,19.85782806780892,2.9205755494144054,11.21054455563054
United Arab Emirates,ARE,2021,35.89320373999999,19.846775313124763,2.758646533690862,10.46759379153093
United Arab Emirates,ARE,2022,34.23155211999999,17.56645618923112,3.3090998421351667,9.718458414906118
United Arab Emirates,ARE,2023,33.22063446,16.50105841964404,3.359963287746969,9.666168590120304
Yemen,YEM,2000,45.98888397,0.0,1.0060066356336836,43.4933029506077
Yemen,YEM,2001,47.08039856000001,0.0,1.032210224718048,44.626178816378875
Yemen,YEM,2002,49.21775818,0.0,1.0796468165997772,46.67703413739257
Yemen,YEM,2003,56.3871994,0.0,0.8906838394589163,54.26418943938148
Yemen,YEM,2004,62.14789200000001,0.0,0.8970263849355423,60.45805955902316
Yemen,YEM,2005,66.13636779999999,0.0,0.865183875063319,64.78065709068176
Yemen,YEM,2006,67.1007843,0.0,0.920808093945539,65.89186842026332
Yemen,YEM,2007,70.25436401,0.0,0.9023908152872878,69.15579702950647
Yemen,YEM,2008,69.64090728999999,0.0,0.8953792926581554,68.61846062522159
Yemen,YEM,2009,75.28743743999999,0.0,0.9684175670261211,74.21583594439015
Yemen,YEM,2010,75.05466461,0.0,0.9658217272561167,74.0169006656335
Yemen,YEM,2011,73.49134827000002,0.0,0.9458341315033665,72.48512741231421
Yemen,YEM,2012,72.58866119000001,0.0,0.9344579318548037,71.61329877607751
Yemen,YEM,2013,75.58663177000001,0.0,0.9732148442001348,74.58348100555004
Yemen,YEM,2014,81.28638457999999,0.0,1.3018758603102634,79.96547967642749
Yemen,YEM,2015,88.22689819000001,0.0,1.3504953604222398,86.86334375611432
Yemen,YEM,2016,84.96895599,0.0,1.2454112009301774,83.71150647540617
Yemen,YEM,2017,89.16981505999999,0.0,1.2537591847713958,87.90393837634029
Yemen,YEM,2018,82.9973526,0.0,1.1213084497026724,81.86520455930895
Yemen,YEM,2019,76.34263610999999,0.0,0.9926877109403046,75.34994154007569
Yemen,YEM,2020,79.92235565000001,0.0,1.132603703964051,78.78486739288216
Yemen,YEM,2021,70.16857146999999,0.0,1.3499657315707125,68.81860618403432
Yemen,YEM,2022,72.77756500000001,0.0,1.4001596868086144,71.37739560925134
Yemen,YEM,2023,70.48170471,0.0,1.3559901729623347,69.12572039434916
Albania,ALB,2000,51.81460953,,,51.814197488073965
Albania,ALB,2001,49.12870406999999,,,49.12819477475349
Albania,ALB,2002,50.856716160000005,,,50.85527114116403
Albania,ALB,2003,49.9150238,,,49.916486571115264
Albania,ALB,2004,48.346778869999994,,0.004600360788752081,48.34204028185532
Albania,ALB,2005,49.31711578000001,,0.006511139840413121,49.3110106875959
Albania,ALB,2006,49.04499435000001,,0.0,49.04850392613702
Albania,ALB,2007,49.39262389999999,,0.0034953994010868366,49.40165069435963
Albania,ALB,2008,56.22904968,,0.006718796624289559,56.23107028694511
Albania,ALB,2009,56.54403687000001,,0.010503230380691212,56.53381757944841
Albania,ALB,2010,59.98336792,,0.016814841342952937,59.966807484853085
Albania,ALB,2011,59.85713577,,0.016165679717227033,59.840969144512584
Albania,ALB,2012,58.225978850000004,,0.013403628221497422,58.212578806908105
Albania,ALB,2013,57.73825072999999,,0.009431517759067809,57.72882294980981
Albania,ALB,2014,59.186264040000005,,0.005569103652167889,59.18069256116381
Albania,ALB,2015,57.34393311,,0.003235711627738852,57.34070368319117
Albania,ALB,2016,56.520504,,0.0030276139104038536,56.51747807014554
Albania,ALB,2017,57.27323914,,0.0009803057094183748,57.18074187751909
Albania,ALB,2018,56.47247696000001,,0.0009610029514608284,56.41461523497492
Albania,ALB,2019,56.65522002999999,,0.0009024478147181468,56.41222500772797
Albania,ALB,2020,59.47792816000001,,0.0008090232981335989,59.396133161114044
Albania,ALB,2021,59.768440250000005,,0.0007893807342381156,59.704233260958155
Albania,ALB,2022,49.63962173,,0.9540632311324757,48.33619225035402
Albania,ALB,2023,49.53246689000001,,0.7478969323740818,48.274628664155365
Andorra,AND,2000,34.58832932,,19.13698630069112,15.451344503002728
Andorra,AND,2001,34.79386520000001,,19.250702262684452,15.543159604320607
Andorra,AND,2002,33.68950272000001,,18.639683504820557,15.049818533124526
Andorra,AND,2003,35.974433899999994,,19.903887339202843,16.07054607361943
Andorra,AND,2004,37.97539520000001,,21.010977911225396,16.964419201734913
Andorra,AND,2005,35.81465912,,19.815486838044926,15.999170855518024
Andorra,AND,2006,40.16814423000001,,22.224176374458423,17.943964628212125
Andorra,AND,2007,40.15284348,,22.21571143958285,17.937129975275674
Andorra,AND,2008,34.83059311,,19.271026867803542,15.559569842393827
Andorra,AND,2009,32.159931179999994,,17.793402309202005,14.366524826188815
Andorra,AND,2010,26.008886339999997,,14.390162230874703,11.618723578595285
Andorra,AND,2011,26.416883470000005,,14.615898868806536,11.80098501259194
Andorra,AND,2012,30.492374419999997,,16.870783052201062,13.621595202978497
Andorra,AND,2013,29.862371439999997,,16.518762523749135,13.343610035226959
Andorra,AND,2014,28.938739780000002,,16.18693006209686,12.751809080350284
Andorra,AND,2015,28.08342743,,14.95583438966996,13.127592134359057
Andorra,AND,2016,27.896108630000004,,15.414015782742934,12.482089796525736
Andorra,AND,2017,28.065027240000006,,15.974088564695574,12.090939484303975
Andorra,AND,2018,29.259786610000003,,16.909933777207428,12.349851486375453
Andorra,AND,2019,28.673793789999998,,15.941794570199738,12.731999936383808
Andorra,AND,2020,27.41055298,,16.23592880449099,11.17462773166287
Andorra,AND,2021,28.66666603,,17.36401594857832,11.302646148555459
Andorra,AND,2022,26.383216859999997,,17.538182810347646,8.845032560261403
Andorra,AND,2023,29.197589869999995,,18.051651334146282,11.145944751967955
Armenia,ARM,2000,64.467453,0.0,,62.0109537124766
Armenia,ARM,2001,53.16418457000001,0.0,0.06956267047430757,50.879601662181706
Armenia,ARM,2002,76.67762756,0.0,0.09061725776753782,75.23449625480802
Armenia,ARM,2003,77.9679184,0.0,0.10802561750357942,76.42555234527045
Armenia,ARM,2004,73.171875,0.0,0.13676338203725505,71.5887057682986
Armenia,ARM,2005,63.10401154,0.0,0.049439056854915384,62.93591937630728
Armenia,ARM,2006,61.30936049999999,0.0,0.06757235068119365,61.17357084478309
Armenia,ARM,2007,58.42900847999999,0.0,0.09991221585658844,58.22918591757531
Armenia,ARM,2008,71.69869995000002,0.0,0.13084475059302217,71.43701302538388
Armenia,ARM,2009,73.95485687,0.0,0.1605886743518023,73.63292294005443
Armenia,ARM,2010,78.01216125,0.0,0.19401495166837213,77.62413045315009
Armenia,ARM,2011,79.00772095000002,0.0,0.2941707884454683,78.41966483727442
Armenia,ARM,2012,79.76249695,0.0,0.8303354698990563,78.58730069126197
Armenia,ARM,2013,84.60213470000001,0.0,1.0206273030561408,82.87557490022304
Armenia,ARM,2014,83.67940521,0.0,0.944308005965764,82.48136716103289
Armenia,ARM,2015,83.00222015000001,0.0,1.0094141439478264,81.62987756125857
Armenia,ARM,2016,81.85066222999998,0.0,0.66633663278393,80.64695422287362
Armenia,ARM,2017,85.61706542999998,0.0,0.8047817143235153,84.34802763098322
Armenia,ARM,2018,86.4431076,0.0,1.1569381581944902,84.27638502338213
Armenia,ARM,2019,86.59964751999999,0.0,1.095059607825231,84.79430364872144
Armenia,ARM,2020,79.64311218,0.0,0.9893885249326781,77.84781730453969
Armenia,ARM,2021,81.35023499,0.0,1.9092016154604334,78.65647881066158
Armenia,ARM,2022,82.26875305,,2.138010783348774,79.09084107244904
Armenia,ARM,2023,83.90179443,,2.3912096078378733,80.47196305539553
Austria,AUT,2000,26.863355639999998,0.0,5.5511314150246625,18.834353459579283
Austria,AUT,2001,27.41669273,0.0,5.509111637085432,19.45734303235127
Austria,AUT,2002,27.46261215,0.0,5.535386408313833,19.458397486136512
Austria,AUT,2003,27.62467575,,5.583311753627291,19.555498307837976
Austria,AUT,2004,28.080953600000004,0.0,5.751968979180388,19.6537095588936
Austria,AUT,2005,27.441366200000004,0.0,5.247539690759904,19.509145165381224
Austria,AUT,2006,27.26943207,0.0,5.095972887088954,19.168690032791208
Austria,AUT,2007,27.24365807,0.0,4.9909631253456395,19.229724031298325
Austria,AUT,2008,26.39208031,0.0,4.931301087782137,18.80803885633053
Austria,AUT,2009,27.18834114,0.0,4.932345819201307,18.60381568089151
Austria,AUT,2010,27.78139114,0.0,4.8839667906714554,19.2371974807853
Austria,AUT,2011,27.55175209,0.0,4.9022422328535376,19.31062983871097
Austria,AUT,2012,27.29289818,0.0,4.925503556954504,19.14427971441344
Austria,AUT,2013,27.987352369999996,0.0,5.082806740389678,19.603777705969648
Austria,AUT,2014,27.71177864,0.0,5.1108697418860665,19.61263025148573
Austria,AUT,2015,27.98608208,0.0,5.039101881143067,19.845082335622696
Austria,AUT,2016,28.23405266000001,0.0,5.054454063857408,20.045645278919014
Austria,AUT,2017,27.01511764999999,0.0,5.032091573209504,20.11007019428015
Austria,AUT,2018,26.245681759999997,0.0,5.062728552452951,19.29269924959981
Austria,AUT,2019,25.774362559999997,0.0,5.100655130627743,18.759240386204795
Austria,AUT,2020,23.680953979999998,0.0,4.619474853480247,17.173896065029684
Austria,AUT,2021,22.347496030000002,0.0,4.448331069035005,16.02560391109136
Austria,AUT,2022,22.88496017,0.0,4.513405523037313,16.291160499601112
Austria,AUT,2023,23.498460769999998,0.0,4.849474742249974,16.477740610111812
Austria,AUT,2024,,,,16.464782819583956
Azerbaijan,AZE,2000,68.60762023999999,0.0,,68.60762709224817
Azerbaijan,AZE,2001,69.73893738,0.0,,69.6222065033716
Azerbaijan,AZE,2002,72.10481262,0.0,,72.33946978773757
Azerbaijan,AZE,2003,68.96920012999998,0.0,,69.06076041816553
Azerbaijan,AZE,2004,65.59339142,0.0,,65.92002454875504
Azerbaijan,AZE,2005,59.14457703000001,0.0,,59.336259809543265
Azerbaijan,AZE,2006,56.38866806,0.0,,56.28426853647473
Azerbaijan,AZE,2007,52.66084671,0.0,,52.60792012864213
Azerbaijan,AZE,2008,56.54366302000001,0.0,,56.54062455795707
Azerbaijan,AZE,2009,57.87351607999999,0.0,,57.8949099922562
Azerbaijan,AZE,2010,60.306823729999984,0.0,,60.279139131848076
Azerbaijan,AZE,2011,62.09305572999999,0.0,,62.14058220150624
Azerbaijan,AZE,2012,62.95812988,0.0,,62.97990449254877
Azerbaijan,AZE,2013,66.20204163,0.0,,66.25044184923044
Azerbaijan,AZE,2014,67.53082275,0.0,,67.54847692573836
Azerbaijan,AZE,2015,69.14718628,0.0,,69.12871396967493
Azerbaijan,AZE,2016,73.18202972000002,0.0,3.1684361013615705,70.02903631335721
Azerbaijan,AZE,2017,74.72935485999999,0.0,2.902263788871142,71.84921280753404
Azerbaijan,AZE,2018,76.22852325,0.0,2.833139902442928,73.3860550947623
Azerbaijan,AZE,2019,74.14052582000002,0.0,2.7979891326773654,71.34140805662084
Azerbaijan,AZE,2020,59.95139694000001,0.0,2.125960956651611,57.828123940791585
Azerbaijan,AZE,2021,68.01583099000001,0.0,2.3506727578117994,66.03176855287589
Azerbaijan,AZE,2022,68.71216582999999,0.0,2.4533195387423676,66.25884385508407
Azerbaijan,AZE,2023,66.9331131,0.0,2.30104128064469,64.63206760858803
Belarus,BLR,2000,21.24327469,0.0,0.027003152502956033,16.01373017224969
Belarus,BLR,2001,25.218576430000002,0.0,0.025348532454163214,20.720871215937233
Belarus,BLR,2002,27.321166989999995,0.0,0.02654951201128604,23.023610515238143
Belarus,BLR,2003,23.89539909,0.0,0.02484845285155015,20.16473488506467
Belarus,BLR,2004,23.2184391,0.0,0.033289490311294676,19.22298599679664
Belarus,BLR,2005,25.42748833,0.0,0.021497791799713842,21.783041542842163
Belarus,BLR,2006,28.318740839999997,0.0,0.022941331288519353,24.388736655691968
Belarus,BLR,2007,29.675102230000004,0.0,0.028939532692211375,25.795337890072513
Belarus,BLR,2008,34.01032257000001,0.0,0.041270532131967665,29.839452041303414
Belarus,BLR,2009,35.17311859,0.0,0.04210416923969923,30.9181685561103
Belarus,BLR,2010,31.501598360000003,0.0,0.1630754161062224,29.165052002972814
Belarus,BLR,2011,36.349723819999994,0.0,0.23447976386489636,33.586865885574014
Belarus,BLR,2012,33.80138397,0.0,0.22628528475148407,30.77361508009698
Belarus,BLR,2013,36.93608475,0.0,0.4205843601979442,33.79212316529429
Belarus,BLR,2014,37.10070419,0.0,0.46463170512631413,34.8943994047176
Belarus,BLR,2015,38.824817659999994,0.0,0.6973400569765777,36.202929477388295
Belarus,BLR,2016,28.640056610000006,0.0,0.9818246614397719,26.714183891660728
Belarus,BLR,2017,30.513437270000004,0.0,1.220166535197858,27.057556528516702
Belarus,BLR,2018,29.23045731000001,0.0,1.4059361419514778,25.445595226473312
Belarus,BLR,2019,29.479400629999997,0.0,1.6251007648632445,25.690031958575165
Belarus,BLR,2020,28.817026139999996,0.0,1.456828031009562,24.766184959496872
Belarus,BLR,2021,25.56515694,0.0,1.6686285444866278,21.926997385726704
Belarus,BLR,2022,32.28483963,0.0,1.6285748624180687,27.618536106387545
Belarus,BLR,2023,33.16725158999999,0.0,1.707450210343751,28.48183527637439
Belgium,BEL,2000,25.469085690000004,0.07411741759313438,5.16773941876341,20.204310512970547
Belgium,BEL,2001,24.66787529,0.07519844032864503,5.004409785081,19.565984310448872
Belgium,BEL,2002,26.27672768,0.07347118345798505,5.332160140783106,20.847338319401675
Belgium,BEL,2003,26.111890789999997,0.07659051506521034,5.0444893374077395,20.95804983587336
Belgium,BEL,2004,25.24660683,0.06900273470283483,4.976945948493858,20.168563452788543
Belgium,BEL,2005,25.45535278,0.06861427531126985,5.107064557414888,20.25011360840133
Belgium,BEL,2006,25.479139330000002,0.06314805574453128,5.142677792097813,20.24836891681702
Belgium,BEL,2007,25.88215065,0.06277839033896442,5.18771916555628,20.6068947439864
Belgium,BEL,2008,24.31386948,0.060341391240429594,4.282938683856829,19.945289350246064
Belgium,BEL,2009,25.604240419999996,0.05269383184270591,3.8752954116349714,21.65153063922422
Belgium,BEL,2010,25.33962059,0.04874268505057043,3.8975076120494543,21.36921101237723
Belgium,BEL,2011,24.75822067,0.04343312021930852,4.123028355208759,20.56370849890512
Belgium,BEL,2012,24.48866272,0.04659734710818366,3.984913186424002,20.429289885621568
Belgium,BEL,2013,24.805219649999998,0.04575977601584026,4.181225309344111,20.552780862226356
Belgium,BEL,2014,24.346057890000004,0.04298002016969066,4.270955575323176,20.008295052332805
Belgium,BEL,2015,24.03235054,0.04271886166504043,4.524497964668792,19.439562556842223
Belgium,BEL,2016,23.69350624,0.04234621646244404,4.683059355182715,18.941108748767395
Belgium,BEL,2017,23.97299767,0.041558513189405746,4.781560088687813,19.125644434680193
Belgium,BEL,2018,24.243103030000007,0.04049877941472938,4.804485856111905,19.374195455751973
Belgium,BEL,2019,25.548782350000003,0.03868697764197699,4.885351158110402,20.59959971638959
Belgium,BEL,2020,23.87915039,0.036155139886772054,4.515094338899202,19.30308612852779
Belgium,BEL,2021,24.783506390000003,0.034902391817229976,4.379394308019109,20.34373293725944
Belgium,BEL,2022,26.093488689999997,0.035321581881510265,4.625643519365472,21.408069578007332
Belgium,BEL,2023,26.332462309999993,0.03693734527185689,4.760572213203615,21.50982978084044
Bosnia and Herzegovina,BIH,2000,41.988651280000006,0.0,,41.98865227851714
Bosnia and Herzegovina,BIH,2001,41.58247757,0.0,,41.35205563275752
Bosnia and Herzegovina,BIH,2002,38.4563446,0.0,,38.45634896875913
Bosnia and Herzegovina,BIH,2003,32.549392700000006,0.0,,32.549388208239236
Bosnia and Herzegovina,BIH,2004,42.70067978,0.0,,42.700678505794215
Bosnia and Herzegovina,BIH,2005,45.20005417,0.0,,45.200058934980945
Bosnia and Herzegovina,BIH,2006,44.99708176000001,0.0,,44.99708620605602
Bosnia and Herzegovina,BIH,2007,44.27066422,0.0,,44.27066633374535
Bosnia and Herzegovina,BIH,2008,43.91299057,0.0,,43.91299412669378
Bosnia and Herzegovina,BIH,2009,31.012830729999997,0.0,0.37610006023137393,30.618316906791712
Bosnia and Herzegovina,BIH,2010,30.422639850000003,0.0,0.3276374648232397,30.075862887146922
Bosnia and Herzegovina,BIH,2011,29.729202269999995,0.0,0.2419498843961861,29.468485735592562
Bosnia and Herzegovina,BIH,2012,29.461849210000004,0.0,0.2375645945430851,29.212570950646025
Bosnia and Herzegovina,BIH,2013,29.32818985,0.0,0.24258877443201382,29.06751724438148
Bosnia and Herzegovina,BIH,2014,29.181297299999994,0.0,0.24004507598854583,28.92234426014403
Bosnia and Herzegovina,BIH,2015,29.090265269999996,0.0,0.26783476540143414,28.802711265893336
Bosnia and Herzegovina,BIH,2016,28.913072589999995,0.0,0.2892210914480938,28.613727156052853
Bosnia and Herzegovina,BIH,2017,29.488971709999998,0.0,0.3512362803899614,29.119092277080853
Bosnia and Herzegovina,BIH,2018,29.708841319999998,0.0,0.3766402345930604,29.31168997128118
Bosnia and Herzegovina,BIH,2019,29.73446655,0.0,0.3653760054101948,29.352811704555773
Bosnia and Herzegovina,BIH,2020,29.15569878,0.0,0.27471064045671933,28.86446040560376
Bosnia and Herzegovina,BIH,2021,31.033237460000002,0.0,0.2984623210340944,30.7145097106966
Bosnia and Herzegovina,BIH,2022,31.303197860000004,0.0,0.39879468450680916,30.883108622068924
Bosnia and Herzegovina,BIH,2023,31.427585600000004,0.0,0.4520185753753363,30.96058231673785
Bulgaria,BGR,2000,40.457592010000006,0.0,,40.375701390583075
Bulgaria,BGR,2001,43.93975830000001,0.0,0.0263459982310544,43.706129208302755
Bulgaria,BGR,2002,40.65620422,0.0,0.0414524954402255,39.79439562261648
Bulgaria,BGR,2003,39.28796386999999,0.0,0.09746453478960376,38.060829610564824
Bulgaria,BGR,2004,40.57385635,0.0,0.1981583181409608,39.20325985578751
Bulgaria,BGR,2005,40.42826461999999,0.0,0.2922020694919863,38.867412925110635
Bulgaria,BGR,2006,44.31307602,0.0,0.36012940417421935,42.647405641836755
Bulgaria,BGR,2007,44.25252913999999,0.0,0.39191107813918974,42.59270155152786
Bulgaria,BGR,2008,44.59651566000001,0.0,0.4611912621866208,42.62918784847983
Bulgaria,BGR,2009,46.19471741,0.0,0.45031084209950595,44.3673439284276
Bulgaria,BGR,2010,44.764331819999995,0.0,0.46163169970130485,43.141342829341006
Bulgaria,BGR,2011,45.85725402999999,0.0,0.4165220409580007,44.463727872266574
Bulgaria,BGR,2012,49.1980896,0.0,0.4333540754784029,47.74680758485193
Bulgaria,BGR,2013,43.43709183000001,0.0,0.38234538078774044,41.862444184554
Bulgaria,BGR,2014,41.761413569999995,0.0,0.37023288044150765,40.240939069963126
Bulgaria,BGR,2015,44.10270308999999,0.0,0.43665741901611493,42.50993909778102
Bulgaria,BGR,2016,44.86664200000001,0.0,0.43351258226862543,43.25471433510192
Bulgaria,BGR,2017,45.065513609999996,0.0,0.582562691226054,42.193845715334675
Bulgaria,BGR,2018,42.36348724,0.0,0.6913081696762496,39.32843888340428
Bulgaria,BGR,2019,40.8444519,0.0,0.798162132219065,37.795538146676066
Bulgaria,BGR,2020,38.130977630000004,0.0,0.6190244445579407,35.52528922475964
Bulgaria,BGR,2021,35.047821039999995,0.0,0.6488105598890015,33.72874896638028
Bulgaria,BGR,2022,37.45141220000001,0.0,0.6664064834606761,35.075923185768396
Bulgaria,BGR,2023,36.671833039999996,0.0,0.7633102219960562,35.50430868712618
Croatia,HRV,2000,14.974787709999998,0.0,0.0,13.861251902778676
Croatia,HRV,2001,17.80026817,0.0,2.333072201441222,14.389893486798648
Croatia,HRV,2002,20.98830795,0.0,1.3205302552425346,18.632363360238262
Croatia,HRV,2003,18.66981506,0.0,0.7073540497866981,16.642763309361545
Croatia,HRV,2004,20.18116379,0.0,0.7702058342427474,18.12159728171333
Croatia,HRV,2005,15.011129380000003,0.0,0.5691313350157069,13.39059591872667
Croatia,HRV,2006,15.340546609999999,0.0,0.5658999432336485,13.314658544314156
Croatia,HRV,2007,13.568232540000002,0.0,0.5267827955655763,12.39423610773177
Croatia,HRV,2008,16.169567109999996,0.0,0.6168737638102095,14.513908468598627
Croatia,HRV,2009,17.169771190000002,0.0,0.5842628492363713,13.746628136258108
Croatia,HRV,2010,16.590976719999997,0.0,0.5931947150195599,13.956777662398247
Croatia,HRV,2011,18.02869034,0.0,7.723294817482319,12.052277069570083
Croatia,HRV,2012,17.34779739,0.0,6.916759174004818,11.472703078200693
Croatia,HRV,2013,14.499616620000001,0.0,6.302765968337568,8.832263151576779
Croatia,HRV,2014,15.9578743,0.0,5.782125320949677,11.275701688995786
Croatia,HRV,2015,16.88346481,0.0,6.395350552817312,10.945432550300488
Croatia,HRV,2016,17.14745903,0.0,6.4809196851400825,10.97408198981744
Croatia,HRV,2017,17.14684105,0.0,6.467047632671351,10.966595386312607
Croatia,HRV,2018,17.5451355,0.0,6.584598687896357,11.387254099207627
Croatia,HRV,2019,18.44830704,0.0,6.588417692562114,11.464758430841501
Croatia,HRV,2020,18.22049522,0.0,5.344522167388487,10.448821194708533
Croatia,HRV,2021,15.886756899999998,0.0,5.0526413046793435,9.398874019584243
Croatia,HRV,2022,15.52971458,0.0,5.4540028482787495,9.189173573234736
Croatia,HRV,2023,15.898684499999998,0.0,5.676659211325964,9.377403185474535
Cyprus,CYP,2000,58.3913269,0.0,2.4894081674392017,55.90191246250558
Cyprus,CYP,2001,57.676780699999995,0.0,2.4606521868118354,55.21613020002459
Cyprus,CYP,2002,55.02059937000001,0.0,2.248970319329538,52.77162329407969
Cyprus,CYP,2003,55.46651077,0.0,5.819143249056181,47.654647399370916
Cyprus,CYP,2004,58.16550446,0.0,6.284887299254091,49.882179223758
Cyprus,CYP,2005,57.99499512,0.0,6.590444228210576,49.832198105526544
Cyprus,CYP,2006,56.57410049,0.0,6.441524093656627,48.328246615082605
Cyprus,CYP,2007,56.218955990000005,0.0,5.563247794920991,48.79761238574893
Cyprus,CYP,2008,57.92439270000001,0.0,5.208477289226706,51.4000822188596
Cyprus,CYP,2009,56.91585159,0.0,5.966557067490456,49.92380510671426
Cyprus,CYP,2010,53.349945070000004,0.0,9.154994150567553,43.10596958295128
Cyprus,CYP,2011,51.64048386,0.0,9.519227155420811,41.37471499085465
Cyprus,CYP,2012,53.13867569,0.0,9.89574627539149,42.371664332042414
Cyprus,CYP,2013,53.31772613999999,0.0,9.998831800004158,42.599132971564735
Cyprus,CYP,2014,56.38575363000001,0.0,10.710448441076812,45.11090132183747
Cyprus,CYP,2015,56.78711700000001,0.0,12.074428860049695,43.62483050979536
Cyprus,CYP,2016,57.765392299999995,0.0,12.002431808946465,44.60701303342077
Cyprus,CYP,2017,58.117221830000005,0.0,12.059726170792345,44.75834750853485
Cyprus,CYP,2018,57.60595703000001,0.0,11.918417996920667,44.36095764770448
Cyprus,CYP,2019,45.16311264000001,0.0,10.47117413732463,33.72646693891906
Cyprus,CYP,2020,27.92407227,0.0,5.572286588028804,21.36680619434678
Cyprus,CYP,2021,20.63115692,0.0,3.4208736479519084,16.23107132670748
Cyprus,CYP,2022,22.635953899999997,0.0,3.447779214398173,18.044916928865888
Cyprus,CYP,2023,22.831592559999997,0.0,3.602937275376444,17.942924738704715
Czechia,CZE,2000,11.295910840000001,0.0,,10.197506583577288
Czechia,CZE,2001,12.551871300000002,0.0,,10.643266206379902
Czechia,CZE,2002,11.925833699999998,0.0,,10.001703044708263
Czechia,CZE,2003,12.51834011,0.0,0.24687315974914434,10.367224327283344
Czechia,CZE,2004,12.397504809999997,0.0,0.2407651945596475,10.705014153277794
Czechia,CZE,2005,14.773747440000003,0.0,0.25440636671253686,11.092852268715605
Czechia,CZE,2006,14.497047419999998,0.0,0.22054204656770263,11.64602423497852
Czechia,CZE,2007,16.207572940000002,0.0,0.2227030751092672,13.63102535158542
Czechia,CZE,2008,19.005008699999998,0.0,0.1635416994076205,16.132970688993037
Czechia,CZE,2009,17.11661911,0.0,0.21891355694284567,15.050539037339934
Czechia,CZE,2010,15.119040490000003,0.0,0.14162440462197015,13.854821207443173
Czechia,CZE,2011,15.48920822,0.0,0.15596842723853035,14.211620922052498
Czechia,CZE,2012,15.391397480000004,0.0,0.1676084669418288,14.216015252634849
Czechia,CZE,2013,15.540015219999997,0.0,0.15287343527491692,14.331720938750054
Czechia,CZE,2014,16.03409576,0.0,0.1627015084032427,14.458653073541262
Czechia,CZE,2015,15.65069771,0.0,0.1409667501211618,14.513741160705436
Czechia,CZE,2016,15.493962290000002,0.0,0.13656991274962127,14.285108787995716
Czechia,CZE,2017,15.478876110000002,0.0,0.1437307374757086,14.136327913327838
Czechia,CZE,2018,15.345945359999998,0.0,0.149030014218018,14.155493745053265
Czechia,CZE,2019,15.44257832,0.0,0.15510876600857137,14.30902132018663
Czechia,CZE,2020,12.02019119,0.0,0.09795723404373209,11.076177841574507
Czechia,CZE,2021,13.493062020000002,,0.05578981793602994,12.481795516002022
Czechia,CZE,2022,15.228160859999997,,0.1135810117755851,14.287589422013912
Czechia,CZE,2023,15.65967083,,0.14665210629713923,14.596817307717451
Czechia,CZE,2024,,,0.14747422869510987,14.063905499101214
Denmark,DNK,2000,16.892633439999997,0.0,1.477617214380033,15.356432144916216
Denmark,DNK,2001,16.594316480000003,0.0,1.424860405105678,15.115947907586886
Denmark,DNK,2002,16.19421577,0.0,1.4128690040658687,14.72838530420683
Denmark,DNK,2003,16.09014893,0.0,1.4688523564957043,14.557194562353915
Denmark,DNK,2004,16.450918199999997,0.0,1.523014773095863,14.871140860437
Denmark,DNK,2005,16.255939480000002,0.0,1.4884688746315242,14.709207560256633
Denmark,DNK,2006,16.129743580000003,0.0,1.5430197804762615,14.526429076197948
Denmark,DNK,2007,16.291706089999998,0.0,1.6608078939253776,14.561825470243601
Denmark,DNK,2008,15.980133059999996,0.0,1.7917172471752731,14.117798113736109
Denmark,DNK,2009,15.5412426,0.0,1.7870062613217863,13.684605634645617
Denmark,DNK,2010,15.733554840000002,0.0,1.8808558530419828,13.707771642033455
Denmark,DNK,2011,16.06398392,0.0,2.0066200977510187,13.897824483123538
Denmark,DNK,2012,15.633503909999998,0.0,1.9708387916040595,13.51348301533264
Denmark,DNK,2013,15.538430210000001,0.0,2.0413838291706683,13.347526633132551
Denmark,DNK,2014,15.556409839999997,0.0,2.07895637476933,13.339256048832292
Denmark,DNK,2015,15.744590759999998,0.0,2.1449499176569278,13.458594181342754
Denmark,DNK,2016,15.81834984,0.0,2.166865480370274,13.521423125454614
Denmark,DNK,2017,16.043287279999998,0.0,2.2007216984872837,13.693603593213943
Denmark,DNK,2018,16.25019264,0.0,2.254674527853545,13.82407354901322
Denmark,DNK,2019,16.29055405,0.0,2.3635767387610795,13.794443749594778
Denmark,DNK,2020,15.65743923,0.0,2.157332858050338,13.377061288732524
Denmark,DNK,2021,15.49285221,0.0,2.082046639259983,13.303541499655038
Denmark,DNK,2022,15.57015896,0.0,2.2715473193449744,13.187611006674919
Denmark,DNK,2023,16.715185169999998,0.0,2.623528845217419,13.97692261052303
Denmark,DNK,2024,16.56583595,0.0,2.585462422276163,13.868588500361517
Estonia,EST,2000,24.15920067,,,20.338961804119194
Estonia,EST,2001,22.07270622,,,19.245323689315736
Estonia,EST,2002,23.9418602,,,20.558873012809887
Estonia,EST,2003,24.14074326,0.0,0.027636330134275,21.095038425641366
Estonia,EST,2004,25.842103959999996,0.0,0.09144735404994936,22.941971784350677
Estonia,EST,2005,25.82019424,0.0,0.27720450765565613,23.02487068542137
Estonia,EST,2006,25.032783509999998,0.0,0.3214647616696673,23.614247145934613
Estonia,EST,2007,24.686506270000002,0.0,0.3116202011345158,22.971579247930585
Estonia,EST,2008,23.939502719999997,0.0,0.28316569011436,21.392869386979164
Estonia,EST,2009,23.30151558,0.0,0.2613124191622994,21.229387452469158
Estonia,EST,2010,24.8643322,0.0,0.24779035266915772,22.813987598940084
Estonia,EST,2011,24.51578903,0.0,0.273857815940462,22.52681340709816
Estonia,EST,2012,24.472043990000003,0.0,0.27212229655853204,22.54067181058465
Estonia,EST,2013,25.434978490000002,0.0,0.2634417347596015,23.605410388855915
Estonia,EST,2014,25.25317192,0.0,0.22540981035980517,23.522165981427992
Estonia,EST,2015,25.37299347,0.0,0.2811910807246528,23.718921530490782
Estonia,EST,2016,25.410535809999995,0.0,0.2685047824076552,23.73811944562215
Estonia,EST,2017,26.481199260000004,0.0,0.25863894457277176,24.806680115596347
Estonia,EST,2018,26.386661530000005,0.0,0.32065416278862036,24.513106596088623
Estonia,EST,2019,25.610128399999997,0.0,0.3108777900998511,23.924581514741487
Estonia,EST,2020,22.95881462,0.0,0.22114263896361425,21.428277055187223
Estonia,EST,2021,23.932703019999998,0.0,0.3748791309130333,22.154882504090363
Estonia,EST,2022,25.207065580000002,0.0,0.7235761274216781,23.142293222606593
Estonia,EST,2023,24.223646159999998,0.0,0.8611959089870033,22.099916035722085
Estonia,EST,2024,,,0.8728767110899525,21.38176519015735
Finland,FIN,2000,24.26508904,0.8622276138992304,1.7925045160118744,21.627063945180975
Finland,FIN,2001,23.77337646,0.8483215053704085,1.7229770133884186,21.219114406823596
Finland,FIN,2002,23.169733050000005,0.8016753754528728,1.6435756044960246,20.744570782649173
Finland,FIN,2003,22.68162727,0.7850982415916913,1.5794199702831178,20.337226444633753
Finland,FIN,2004,22.160003659999997,0.7960514715111932,1.5217421722724231,19.859584588519873
Finland,FIN,2005,22.190618519999997,0.9593205011729594,1.6728310998920493,19.576106843394815
Finland,FIN,2006,21.25457954,1.0481072440341515,1.4062122404497246,18.816588069303627
Finland,FIN,2007,21.377237319999995,1.1361105610842819,1.2547635476273327,18.99827776835462
Finland,FIN,2008,21.17243385,1.2043569811354282,1.4070071230182921,18.57298884927543
Finland,FIN,2009,20.96934891,1.1800221525326517,1.482638763161698,18.31737015998473
Finland,FIN,2010,21.44969559,1.1714096608104219,1.4829544455353165,18.803954740986807
Finland,FIN,2011,20.82777214,1.1383009589139872,1.545574444638925,18.152046095191817
Finland,FIN,2012,20.19280052,1.1239256355489573,1.6149499805496963,17.461959349017462
Finland,FIN,2013,20.537261960000002,1.1591337690399033,1.5914486294836203,17.79447417410895
Finland,FIN,2014,20.441879269999998,1.1250187034501515,1.6867596571571113,17.637447380795525
Finland,FIN,2015,21.435380939999998,1.132353146986524,1.6800341874771145,18.628895820341448
Finland,FIN,2016,22.165201189999998,1.1205094470849484,1.7784785239926406,19.272912382957397
Finland,FIN,2017,21.98470497,1.0966492406327744,1.8480653339481834,19.045970449433245
Finland,FIN,2018,21.43918228,1.063398273219974,1.9507417886275746,18.430683505721735
Finland,FIN,2019,19.80098724,0.38411884500690957,1.997872572550731,17.42399447232526
Finland,FIN,2020,18.66060448,0.37079680753630784,1.828034366958873,16.466221815168563
Finland,FIN,2021,18.653272630000004,0.311255666938182,1.6833686519745445,16.662948203292583
Finland,FIN,2022,18.272254940000003,0.2750947807978289,1.9029831892094342,16.09821331108506
Finland,FIN,2023,18.851228710000004,0.2670199398688875,2.153904847239674,14.094935756311491
France,FRA,2000,27.27091789,0.0,13.125671904774842,7.273496423975927
France,FRA,2001,27.241632460000005,0.0,13.036869966951336,7.335739490878177
France,FRA,2002,26.998008730000002,0.0,12.97387541837072,7.137969115314414
France,FRA,2003,27.364572529999997,0.0,13.124180579903904,7.376619022483534
France,FRA,2004,27.354431149999993,0.0,13.251932533861009,7.246231994085639
France,FRA,2005,27.452056879999997,0.0,13.242894754825622,7.368946672681892
France,FRA,2006,28.726310729999994,0.0,12.724021852972113,9.35880523137183
France,FRA,2007,28.903251650000005,0.0,12.769832229780532,9.52840750691875
France,FRA,2008,29.373312,0.0,12.798357416568471,10.029731364268741
France,FRA,2009,29.32033348,0.0,12.647768608683418,10.166796873784742
France,FRA,2010,30.352315899999997,0.0,12.497675224516538,11.444707335246578
France,FRA,2011,30.52717781,0.0,12.694223740062071,11.450234206299692
France,FRA,2012,30.39202308999999,0.0,12.709656385519509,11.327227747035433
France,FRA,2013,29.77676582,0.0,13.188624194498455,10.178253388513452
France,FRA,2014,30.222581860000002,0.0,12.504946775513826,11.104806268884097
France,FRA,2015,28.402938839999997,0.0,12.542308461194507,10.978121130783334
France,FRA,2016,25.580854419999998,6.1128211076036525,6.478513214636789,10.713989848338072
France,FRA,2017,24.75257301,6.138033144533519,6.331975211699978,10.639986882528913
France,FRA,2018,24.84388733,6.489549644467594,6.323345316312958,10.445716625555649
France,FRA,2019,25.420915599999997,6.6653218781411825,6.191571386823984,10.31887924038527
France,FRA,2020,23.678424839999998,6.084022446548607,5.711053176922618,9.42379366810066
France,FRA,2021,24.478677749999996,6.135765616771877,5.7100566641680475,9.169162052927732
France,FRA,2022,24.70803642,6.263076951633451,5.667226224834124,9.247569189505713
France,FRA,2023,32.28642654,6.3986532986057085,5.754394524971145,9.260326564488206
France,FRA,2024,31.57251167,6.645720122779781,5.807192548913984,9.227425753100468
Georgia,GEO,2000,81.43177032000001,0.0,0.8948545861297539,80.98434004474272
Georgia,GEO,2001,77.25147246999998,0.0,0.8131734092295182,76.43830046757472
Georgia,GEO,2002,77.79632567999998,0.0,0.667779632721202,77.12854757929883
Georgia,GEO,2003,79.91513062000001,0.0,0.7072135785007072,79.20792079207921
Georgia,GEO,2004,80.53855896000002,0.0,1.1015911872705018,79.43696450428396
Georgia,GEO,2005,80.82901764,0.0,1.2435233160621761,79.58549222797927
Georgia,GEO,2006,78.74306487999999,0.0,1.756007393715342,77.26432532347505
Georgia,GEO,2007,78.59892273,0.0,3.464203233256351,75.67359507313319
Georgia,GEO,2008,71.73912811,0.0,9.480676328502415,66.54589371980677
Georgia,GEO,2009,73.14867401000001,0.0,13.962690785754663,68.90898812888638
Georgia,GEO,2010,75.27668762,0.0,11.761090943981992,72.06796152908115
Georgia,GEO,2011,79.29211426000002,0.0,9.96506565405487,75.0539579017596
Georgia,GEO,2012,77.41496277000002,0.0,11.729793377742197,72.53358011063487
Georgia,GEO,2013,74.32175446,0.0,15.346929400147847,69.30553285256711
Georgia,GEO,2014,71.87433624,0.0,7.183445728793865,67.037891938871
Georgia,GEO,2015,67.9127121,0.0,4.980214230553185,62.3161839694185
Georgia,GEO,2016,66.3872757,0.0,5.0960355098653585,60.70011527431341
Georgia,GEO,2017,68.32881927000001,0.0,4.9761481252581135,62.44370904444008
Georgia,GEO,2018,63.589637759999995,0.0,5.6874528238972495,58.10008438808297
Georgia,GEO,2019,62.487369539999996,0.0,6.003665101526406,56.998372423160795
Georgia,GEO,2020,59.62340164,0.0,5.566334291303722,54.5788925774545
Georgia,GEO,2021,56.89936447000001,,4.57236751968313,51.89904393378522
Georgia,GEO,2022,62.47824097,,5.91094796861403,57.18254482814338
Georgia,GEO,2023,65.47657013,0.0,7.2746319399354675,58.759261136484504
Germany,DEU,2000,21.513664249999998,0.0,8.412721324095457,11.803791377983064
Germany,DEU,2001,21.52496529,0.0,8.49608374544811,11.781360304732102
Germany,DEU,2002,21.858015059999996,0.0,8.626782671091577,12.047717284061351
Germany,DEU,2003,22.24011993,0.0,8.845844901950512,12.26404386470393
Germany,DEU,2004,23.80739975,0.0,9.171355744721781,13.494051756928688
Germany,DEU,2005,24.00927353,0.0,9.268894514049903,13.56491034013316
Germany,DEU,2006,24.39792252,0.0,9.263771953414286,13.895037338904864
Germany,DEU,2007,24.44215202,0.0,9.357939069605596,13.760334049267467
Germany,DEU,2008,24.333604809999997,0.0,9.51257347195652,13.463026332503185
Germany,DEU,2009,23.990455630000003,8.036157960889772,1.39867294145158,13.263277893075326
Germany,DEU,2010,23.94670868,8.005999647079584,1.3880359978824774,13.30298217751897
Germany,DEU,2011,24.216962810000002,8.107949180038672,1.4413747539770114,13.323117686328905
Germany,DEU,2012,24.18121719,7.926582619834154,1.4713813793568395,13.48985370457763
Germany,DEU,2013,23.23739243,7.815269544666567,1.5644173770768541,12.685447899285153
Germany,DEU,2014,22.610429759999995,7.551742267047028,1.4935495210748828,12.350326179269496
Germany,DEU,2015,22.60577774,7.563247105037517,1.4923557562505378,12.350949856253209
Germany,DEU,2016,22.240030290000004,7.392430187990509,1.4481429092900164,12.185446705603212
Germany,DEU,2017,21.85494804,7.171613450035043,1.42590147724371,12.01707061322728
Germany,DEU,2018,22.114189149999998,7.212344063940625,1.4478892766026201,12.175716843309505
Germany,DEU,2019,22.14977455,7.17705362801014,1.3899615811153359,12.3754851869455
Germany,DEU,2020,20.80973434,6.924099960008556,1.3011169703226286,11.338039303218846
Germany,DEU,2021,20.446821210000003,6.58772878660265,1.2552533807616173,11.363335143246815
Germany,DEU,2022,19.52558136,6.558309745823842,1.2581811236256424,10.432012094144135
Germany,DEU,2023,20.882572169999996,6.983235109233201,1.3212955409581275,11.052906748473745
Germany,DEU,2024,,,,10.706731779734032
Greece,GRC,2000,38.387096410000005,0.0,2.1014563581272605,36.272114162838434
Greece,GRC,2001,36.79361725,0.0,2.015299827260015,34.7783170190014
Greece,GRC,2002,39.54231262,0.0,2.1621220001485995,37.38019169329073
Greece,GRC,2003,40.136207580000004,0.0,2.2362715744504236,37.899563037295344
Greece,GRC,2004,41.37379456000001,0.0,2.4149452418142667,38.96111482449032
Greece,GRC,2005,39.16600418,0.0,2.290426666324014,36.875244797203216
Greece,GRC,2006,38.390666960000004,0.0,2.346338865409309,36.045105788292645
Greece,GRC,2007,36.664936069999996,0.0,2.4389634001610987,34.22337630474014
Greece,GRC,2008,34.66555786,0.0,2.4560709043108635,32.20823533214819
Greece,GRC,2009,31.66892624,0.0,1.941441937749455,29.502993190588292
Greece,GRC,2010,31.074787139999994,0.0,2.4950700367651,28.25885231629389
Greece,GRC,2011,34.110668180000005,0.0,2.85800158517071,31.158491824093876
Greece,GRC,2012,36.25026703,0.0,3.1273352644359282,30.448944388980607
Greece,GRC,2013,37.7853508,0.0,3.261573556468063,33.73947337492275
Greece,GRC,2014,41.8210907,0.0,3.8250138257331314,37.19953259325238
Greece,GRC,2015,40.721477510000014,0.0,3.7337051860642476,36.034393379259576
Greece,GRC,2016,47.31599426000001,0.0,3.8496840715194596,34.30815191867908
Greece,GRC,2017,46.87598419,0.0,4.0187746639449875,34.99521640389282
Greece,GRC,2018,48.146663669999995,0.0,4.3220431640435315,36.08006910441831
Greece,GRC,2019,51.094051359999995,0.0,4.47251074151259,33.642736335472605
Greece,GRC,2020,45.864627840000004,0.0,4.3151737492667825,33.44511072545806
Greece,GRC,2021,40.251628880000005,0.0,4.16036686438669,33.31882665420834
Greece,GRC,2022,45.70123291000001,0.0,4.056505148254725,33.53891200839877
Greece,GRC,2023,49.099842069999994,0.0,4.329983603225482,34.303068711546004
Hungary,HUN,2000,31.1536808,0.0,0.6000376476841138,27.326682242473233
Hungary,HUN,2001,33.09784316999999,0.0,0.5979233935030415,28.81419946762461
Hungary,HUN,2002,30.759874339999993,0.0,0.5791530671753118,27.512589933852503
Hungary,HUN,2003,30.018106460000002,0.0,0.6149264991287522,26.3551974581579
Hungary,HUN,2004,30.375274660000002,0.0,1.1425570759526906,25.83203580565783
Hungary,HUN,2005,29.8421154,0.0,1.1276549278365144,25.764454037419252
Hungary,HUN,2006,29.64621353,0.0,1.5879269180783069,25.011340826288116
Hungary,HUN,2007,32.21142578,0.0,2.10970600653894,26.261237286517844
Hungary,HUN,2008,32.2532692,0.0,2.1825092773599284,26.349255326198602
Hungary,HUN,2009,32.01831818,0.0,2.7839790162619793,26.234580147729858
Hungary,HUN,2010,33.3744278,0.0,2.824276468433264,27.41594822322628
Hungary,HUN,2011,33.782974239999994,0.0,2.673169616740928,28.216358451001415
Hungary,HUN,2012,35.159671780000004,0.0,2.747257349799938,29.37169646422199
Hungary,HUN,2013,33.790241239999986,0.0,2.735699627740823,28.360420114565105
Hungary,HUN,2014,33.278293610000006,0.0,2.559312971419376,28.338631168574985
Hungary,HUN,2015,32.21472548999999,0.0,2.3460017123137624,27.48835291990055
Hungary,HUN,2016,32.28888321,0.0,2.248800809473368,27.689427835133042
Hungary,HUN,2017,31.53893852,0.0,2.0087381179871553,27.249473171879867
Hungary,HUN,2018,30.77865601,0.0,1.901610343471073,26.788945785750226
Hungary,HUN,2019,31.674564359999998,0.0,1.7502563499314252,27.78665929739955
Hungary,HUN,2020,29.526714320000004,0.0,1.5420079120468748,26.14737500687805
Hungary,HUN,2021,27.779918669999994,0.0,1.5088615567495898,24.640353063471725
Hungary,HUN,2022,27.320507050000003,0.0,1.5743237766586717,24.013594408085932
Hungary,HUN,2023,26.63362694,0.0,1.7843334809028315,23.059968413232955
Iceland,ISL,2000,19.22292519,0.0,,18.01660258459854
Iceland,ISL,2001,19.358137130000003,0.0,,18.082396380775094
Iceland,ISL,2002,18.620967859999997,0.0,,17.303542175712654
Iceland,ISL,2003,18.72433853,0.0,,17.387647687607895
Iceland,ISL,2004,19.050827030000004,0.0,,17.70444553117722
Iceland,ISL,2005,18.99816132,0.0,,17.58861590308729
Iceland,ISL,2006,18.417268749999998,0.0,,16.94632363400748
Iceland,ISL,2007,17.9824028,0.0,,16.470362506804538
Iceland,ISL,2008,17.786867140000002,0.0,,16.27143271603412
Iceland,ISL,2009,18.361629490000002,0.0,,16.874792730515725
Iceland,ISL,2010,20.13940239,0.0,,18.66119542312554
Iceland,ISL,2011,19.867534640000002,0.0,,18.38645626997492
Iceland,ISL,2012,19.95800591,0.0,,18.455566401999235
Iceland,ISL,2013,19.644657140000003,0.0,,18.143053869017304
Iceland,ISL,2014,19.361101149999996,0.0,,17.846776453540777
Iceland,ISL,2015,19.045150759999995,0.0,,17.507602166794918
Iceland,ISL,2016,18.358501429999997,0.0,,16.74673708447583
Iceland,ISL,2017,18.00012779,0.0,,16.3249999491045
Iceland,ISL,2018,17.49385452,0.0,,15.824146226177204
Iceland,ISL,2019,17.07066345,0.0,,15.425638485174122
Iceland,ISL,2020,16.55681419,0.0,,14.870562342695521
Iceland,ISL,2021,16.21807671,0.0,,14.543243025291689
Iceland,ISL,2022,15.318934440000001,0.0,,13.673565349525733
Iceland,ISL,2023,16.37462616,0.0,,14.68500763811455
Iceland,ISL,2024,,0.0,,14.879857763227797
Ireland,IRL,2000,22.48553467,0.0,8.900138149654822,12.117088176435367
Ireland,IRL,2001,21.56137657,0.0,9.3686999420722,10.647067996165822
Ireland,IRL,2002,21.008781430000006,0.0,9.048865985383218,10.467074330356136
Ireland,IRL,2003,21.236822130000004,0.0,6.943100573113821,13.14827950184405
Ireland,IRL,2004,21.083545679999997,0.0,7.609492458923626,12.21867109348311
Ireland,IRL,2005,21.13215065,0.0,6.5058378760457085,13.553004047766786
Ireland,IRL,2006,22.174669270000003,0.0,7.077492817630747,13.929561569629966
Ireland,IRL,2007,20.7666111,0.0,7.893187939995559,11.571236930481538
Ireland,IRL,2008,20.67852402,0.0,7.567053225875817,11.863088793171292
Ireland,IRL,2009,22.92828941,0.0,8.779379125659284,12.700527392163838
Ireland,IRL,2010,23.822250369999992,0.0,8.606709107252383,13.795636949662374
Ireland,IRL,2011,27.832775119999997,0.0,12.231651189454716,13.583193411824045
Ireland,IRL,2012,27.764038089999996,0.0,12.443128653618624,13.325116422268858
Ireland,IRL,2013,28.957479479999996,0.0,13.143382549099542,13.760239437532682
Ireland,IRL,2014,28.714050290000007,0.0,12.684999950938241,13.986686842286762
Ireland,IRL,2015,28.20527458,0.0,12.77633766887134,13.511000285738787
Ireland,IRL,2016,27.84424019,0.0,12.428191562381238,13.471871131374543
Ireland,IRL,2017,27.428476330000002,0.0,12.371717837959737,13.108531036160642
Ireland,IRL,2018,26.40391922,0.0,11.839509995184738,12.657821234730818
Ireland,IRL,2019,26.174486160000004,0.0,11.770460691322523,12.656584651627007
Ireland,IRL,2020,22.388235090000002,0.0,9.44407207788436,11.435566356522003
Ireland,IRL,2021,23.319009780000002,0.0,10.326342442211423,11.52564557809868
Ireland,IRL,2022,23.492229459999997,0.0,10.40741735679974,11.550953752146654
Ireland,IRL,2023,23.40655899,0.0,10.575109579055017,11.299472543654726
Ireland,IRL,2024,,,,10.607068789964503
Israel,ISR,2000,34.568199160000006,,4.192243246556868,29.489830670099582
Israel,ISR,2001,35.311523439999995,,4.111264330793466,30.330199599392042
Israel,ISR,2002,33.76637649999999,,4.889108848131417,27.842858083217735
Israel,ISR,2003,35.47483063,,5.648377866087046,28.62854731254406
Israel,ISR,2004,35.963802339999994,,5.971517103332536,28.725488817322255
Israel,ISR,2005,38.027935029999995,,6.4216458690871745,30.243250479522104
Israel,ISR,2006,36.24098969,,8.56064758210717,25.724103039757157
Israel,ISR,2007,38.108406069999994,,9.511298988621997,26.663242730720608
Israel,ISR,2008,37.323707580000004,,9.922265408106608,25.347029428095503
Israel,ISR,2009,37.47961807,,10.341717259323504,25.418907198612317
Israel,ISR,2010,35.90649796,,10.491936797524026,23.811695715914645
Israel,ISR,2011,36.06481934,,10.71406690356574,23.759343217742924
Israel,ISR,2012,35.98134995,,11.005442485401666,23.40835648279381
Israel,ISR,2013,35.19377518,,11.20810662673957,22.654171624132722
Israel,ISR,2014,35.53480148000001,,11.332113333754023,23.010033444816052
Israel,ISR,2015,35.178833010000005,,11.539111744391045,22.501026396503008
Israel,ISR,2016,35.34524918,,11.458582544402292,22.822607288925344
Israel,ISR,2017,34.74069976999999,,11.380312739768957,22.431027588964415
Israel,ISR,2018,33.94911956999999,,11.298984257526007,21.836928836652653
Israel,ISR,2019,33.76730728,,11.5812484819043,21.35632742288074
Israel,ISR,2020,31.453998569999992,,10.667214311792625,20.427163198247534
Israel,ISR,2021,28.008512500000002,,10.161389139687863,17.473074938733394
Israel,ISR,2022,37.007968899999995,,11.824687368161303,24.688960175758396
Israel,ISR,2023,33.31245422,,12.09685337565614,20.485839278122146
Italy,ITA,2000,27.361854549999997,0.0,0.8973717546119373,26.464483026580513
Italy,ITA,2001,25.378059390000004,0.0,0.9017936775344366,24.47626597958577
Italy,ITA,2002,25.041421890000006,0.0,0.9159888537430336,24.125433047145656
Italy,ITA,2003,24.666349410000002,0.0,0.9474031085806345,23.718946231440967
Italy,ITA,2004,23.7559967,0.0,0.9233571410501817,22.83264046412399
Italy,ITA,2005,22.5114212,0.0,0.9055949389445965,21.605825351841297
Italy,ITA,2006,22.24953461,0.0,0.932089529451281,21.317444807475038
Italy,ITA,2007,22.512292859999995,0.0,0.996300975750841,21.515991049274657
Italy,ITA,2008,22.324712749999996,0.0,0.9853873567002046,21.33932532810465
Italy,ITA,2009,21.69487953,0.0,1.0312345066931086,20.663644734046322
Italy,ITA,2010,21.5464077,0.0,0.9974801965725105,20.54892734334758
Italy,ITA,2011,22.987218860000002,0.0,0.9601625847659734,22.027055985289948
Italy,ITA,2012,24.64292717,0.0,1.580727789069243,22.549906729403904
Italy,ITA,2013,24.818778990000002,0.0,1.5290691554682292,22.742359917195888
Italy,ITA,2014,25.065551759999998,0.0,1.4883663161381138,22.956170130551186
Italy,ITA,2015,25.983974460000002,0.0,1.5305879714272121,23.79615721829909
Italy,ITA,2016,26.061573030000005,0.0,1.678202204868468,23.693928203886433
Italy,ITA,2017,26.676868440000003,0.0,1.8079640122157947,24.12751390107317
Italy,ITA,2018,26.63559914,0.0,1.9063032146524717,23.96560464844207
Italy,ITA,2019,26.756612780000005,0.0,2.082006343814138,23.87487373493666
Italy,ITA,2020,24.174049380000003,0.0,1.9940522773516982,21.48380028173423
Italy,ITA,2021,25.474372859999995,0.0,1.9202993889424904,22.81378826418735
Italy,ITA,2022,26.289627080000002,0.0,2.138163475349763,23.320741486365744
Italy,ITA,2023,26.923463820000006,0.0,2.4046082743530777,23.646431043336534
Italy,ITA,2024,,0.0,2.557315413038311,22.309794939389356
Kazakhstan,KAZ,2000,49.052482600000005,0.0,0.10624022487631679,48.51058467886208
Kazakhstan,KAZ,2001,43.35420990000001,0.0,0.11916193388007604,42.71286456857659
Kazakhstan,KAZ,2002,46.50393676999999,0.0,0.10787449091023574,45.89466272380997
Kazakhstan,KAZ,2003,45.1391716,0.0,0.10451097728867673,44.547871399349624
Kazakhstan,KAZ,2004,41.59066772,0.0,0.09598932870730818,41.03963146051541
Kazakhstan,KAZ,2005,34.968231200000005,0.0,0.09126171752119677,34.41243153439245
Kazakhstan,KAZ,2006,31.710683819999996,0.0,0.096091880877421,31.081233558980966
Kazakhstan,KAZ,2007,33.563930510000006,0.0,0.11916272887960899,32.774259579895926
Kazakhstan,KAZ,2008,24.73352623,0.0,0.25644921918796054,23.87804623079591
Kazakhstan,KAZ,2009,23.218873979999998,0.0,0.35162632572222,22.34545399320868
Kazakhstan,KAZ,2010,31.543106079999994,0.0,1.819810767015555,27.29583310782298
Kazakhstan,KAZ,2011,28.674329760000006,0.0,1.6874739296272252,24.598047641478917
Kazakhstan,KAZ,2012,31.697927470000003,0.0,1.5680225456474133,27.820342789629606
Kazakhstan,KAZ,2013,30.456184389999997,0.0,1.8764917764033466,25.95527895124237
Kazakhstan,KAZ,2014,28.165100100000007,0.0,1.6663074281674228,23.80191349301329
Kazakhstan,KAZ,2015,36.77289581,0.0,1.6553557701606687,32.0950354359774
Kazakhstan,KAZ,2016,40.20116424999999,0.0,1.2927816414588928,35.67286316006767
Kazakhstan,KAZ,2017,37.81248474,0.0,1.355056980140447,33.14392412924204
Kazakhstan,KAZ,2018,39.00831604,0.0,1.3973608289820498,33.47025352731351
Kazakhstan,KAZ,2019,40.06179046999999,0.0,1.6029371703113005,33.863827732237056
Kazakhstan,KAZ,2020,34.16453170999999,0.0,1.0979060791318518,27.74455241195365
Kazakhstan,KAZ,2021,34.576889040000005,0.0,0.9632440565958311,25.030297769853103
Kazakhstan,KAZ,2022,38.149826049999994,0.0,0.9977426076143187,30.828574263651568
Kazakhstan,KAZ,2023,33.98540497,0.0,1.167769363715383,27.642279548173548
Kyrgyzstan,KGZ,2000,51.646446230000016,0.0,,51.646447140381284
Kyrgyzstan,KGZ,2001,53.16455841,0.0,,53.164556962025316
Kyrgyzstan,KGZ,2002,51.66136931999999,0.0,,51.661369546373884
Kyrgyzstan,KGZ,2003,51.079368589999994,0.0,,51.07936883167753
Kyrgyzstan,KGZ,2004,46.596134189999994,0.0,,46.59613918525898
Kyrgyzstan,KGZ,2005,42.56969833,0.0,,42.56970337824357
Kyrgyzstan,KGZ,2006,39.18014526,0.0,,39.18014446824823
Kyrgyzstan,KGZ,2007,42.91151428,0.0,,42.911514264201905
Kyrgyzstan,KGZ,2008,48.6764946,0.0,,48.67649143018582
Kyrgyzstan,KGZ,2009,38.589981079999994,0.0,,38.58998430800263
Kyrgyzstan,KGZ,2010,43.091499330000005,0.0,,43.09150350093962
Kyrgyzstan,KGZ,2011,43.54013823999999,0.0,,43.5401388752761
Kyrgyzstan,KGZ,2012,43.24369431,0.0,,43.24369435160943
Kyrgyzstan,KGZ,2013,46.41521071999999,0.0,,46.415209261946636
Kyrgyzstan,KGZ,2014,56.32426071,0.0,,56.32425787911967
Kyrgyzstan,KGZ,2015,54.56787491,0.0,0.028105412517598374,54.539771433138846
Kyrgyzstan,KGZ,2016,57.22208786000001,0.0,0.008970477307966306,57.21311496878011
Kyrgyzstan,KGZ,2017,56.405757900000005,0.0,0.029163918899316518,56.37662839499099
Kyrgyzstan,KGZ,2018,46.66033173000001,0.0,0.03754206393718452,46.61981211441391
Kyrgyzstan,KGZ,2019,46.255279540000004,0.0,0.07025843604361988,46.18142704766504
Kyrgyzstan,KGZ,2020,45.7421875,0.0,0.06056476132154814,46.02117353185851
Kyrgyzstan,KGZ,2021,39.097110750000006,0.0,0.015850415908307793,39.05361591290652
Kyrgyzstan,KGZ,2022,39.989978789999995,0.0,0.032055974324498304,39.89641580513082
Kyrgyzstan,KGZ,2023,42.31493378000001,0.0,0.01997875754585542,42.26472801862573
Latvia,LVA,2000,49.24676514000001,0.0,1.5876546121031536,47.65911380736994
Latvia,LVA,2001,51.26913452,0.0,2.4183446228078314,48.850793356221565
Latvia,LVA,2002,50.42037964,0.0,2.8387123409262145,47.581665617355945
Latvia,LVA,2003,50.17007446000001,0.0,1.6077121371588952,48.56236367241721
Latvia,LVA,2004,43.37463760000001,0.0,2.7433704182110623,40.6312614331317
Latvia,LVA,2005,43.98719406,0.0,2.283491246784213,41.69103344418648
Latvia,LVA,2006,38.46439743,0.0,2.6070321274743824,35.598183363671765
Latvia,LVA,2007,39.10865783999999,0.0,2.208384094585688,36.82770465938367
Latvia,LVA,2008,39.57439423000001,0.0,2.0157975807216957,37.30623508026543
Latvia,LVA,2009,39.872318269999994,0.0,0.8415742877044701,38.782677898015
Latvia,LVA,2010,39.80854797,0.0,2.470024589628834,37.18564807091097
Latvia,LVA,2011,36.502567289999995,0.0,2.0859520437874908,34.296753594594456
Latvia,LVA,2012,39.65216826999999,0.0,1.731382037058893,37.82342229940483
Latvia,LVA,2013,39.98591232,0.0,1.3331046880943014,38.4714849045379
Latvia,LVA,2014,40.32760239,0.0,0.8823408644910676,39.106007184853084
Latvia,LVA,2015,41.3134613,0.0,0.7920255982673361,40.465307838749354
Latvia,LVA,2016,44.01012038999999,0.0,0.632965694856132,43.322967471502125
Latvia,LVA,2017,42.67061996,0.0,0.607553457686335,41.788330306007815
Latvia,LVA,2018,40.11940001999999,0.0,0.7496117082491047,39.17964176313091
Latvia,LVA,2019,39.87720108,0.0,4.645057081535546,35.105003905643585
Latvia,LVA,2020,36.39154433999999,0.0,4.291374805736302,31.873916989850656
Latvia,LVA,2021,30.534645080000008,0.0,3.534375424474565,26.982388226412105
Latvia,LVA,2022,35.08964539,0.0,4.208738754838882,30.740360462285196
Latvia,LVA,2023,40.40188217000001,0.0,5.245231959689549,35.05759799595469
Liechtenstein,LIE,2013,33.36853408999999,0.0,13.299894906518336,19.257417524193425
Liechtenstein,LIE,2014,34.36378479,0.0,13.032418102924808,20.454413815894732
Liechtenstein,LIE,2015,34.30826569,0.0,12.848595715600496,20.52533768806067
Liechtenstein,LIE,2016,35.06910323999999,0.0,13.066624663240823,21.184152776839994
Liechtenstein,LIE,2017,36.83575058,0.0,12.726575287517283,23.28775598835352
Liechtenstein,LIE,2018,36.279895780000004,0.0,12.258374753431722,23.155232125105666
Liechtenstein,LIE,2019,35.00221251999999,0.0,12.580002732683942,21.595393409397815
Liechtenstein,LIE,2020,31.364768979999997,0.0,12.644503504418433,18.040570261564362
Liechtenstein,LIE,2021,31.394874569999995,0.0,11.607472682747712,19.116463660588156
Liechtenstein,LIE,2022,32.15766144,0.0,11.924636009263882,19.564714080146366
Liechtenstein,LIE,2023,30.955289839999995,0.0,10.508671850090126,19.717191206338164
Lithuania,LTU,2000,32.70180511,0.0,0.10498668638338385,27.1521666642504
Lithuania,LTU,2001,29.724319459999997,0.0,0.06791629521888048,27.585393891052405
Lithuania,LTU,2002,27.0576458,0.0,0.1241322533755826,25.602759637936877
Lithuania,LTU,2003,25.53835297,0.0,0.12960976296461704,24.181492502536372
Lithuania,LTU,2004,37.30959320000001,0.0,0.4093899780616365,32.919694436339405
Lithuania,LTU,2005,39.21233367999999,0.0,0.37157780052609957,32.77876563255571
Lithuania,LTU,2006,37.50570297,0.0,0.4254053800264349,31.855606885591566
Lithuania,LTU,2007,34.07881546,0.0,0.4185851820845542,28.403994498594752
Lithuania,LTU,2008,29.180854800000002,0.0,0.5204786457826637,28.173946881992414
Lithuania,LTU,2009,28.018371579999997,0.0,0.6561679790026247,26.817080557238032
Lithuania,LTU,2010,28.742673869999997,0.0,0.5705611390284757,27.59108040201005
Lithuania,LTU,2011,29.496015550000003,0.0,0.6349050103356629,28.22128162220691
Lithuania,LTU,2012,33.2458992,0.0,0.7582983594048073,31.80083937428462
Lithuania,LTU,2013,34.26508331,0.0,0.8199394362916377,32.82087118565106
Lithuania,LTU,2014,33.29361342999999,0.0,0.8298022598870057,31.49276129943503
Lithuania,LTU,2015,33.619369510000006,0.0,0.8952514542679153,31.837121993481578
Lithuania,LTU,2016,34.009994510000006,0.0,0.9878743268895517,32.31704954867702
Lithuania,LTU,2017,34.38307571,0.0,1.1183785529715762,32.27551679586563
Lithuania,LTU,2018,33.69523239000001,0.0,1.2249690477472144,31.51578564892071
Lithuania,LTU,2019,34.55065535999999,0.0,1.2630390726210912,32.270224270586894
Lithuania,LTU,2020,30.73790932,0.0,1.088813921540762,28.660904230385402
Lithuania,LTU,2021,32.1054039,0.0,1.2019331404480136,29.9312395579543
Lithuania,LTU,2022,34.01088715,0.0,1.56244984478537,31.802310536135547
Lithuania,LTU,2023,34.656383510000005,0.0,1.5731105228611575,31.020165397903856
Lithuania,LTU,2024,,,,31.425267862668896
Luxembourg,LUX,2000,16.745924,0.0,2.369530102790015,14.250881057268723
Luxembourg,LUX,2001,15.99595356,0.0,2.1501968503937006,13.657677165354327
Luxembourg,LUX,2002,16.066366199999997,0.0,2.062329982259018,13.861738616203429
Luxembourg,LUX,2003,16.176414490000003,0.0,2.761226725082147,13.255093099671415
Luxembourg,LUX,2004,15.485571859999999,0.0,2.603216374269006,12.775828460038985
Luxembourg,LUX,2005,15.850560190000001,0.0,2.816272600834492,12.928187297171997
Luxembourg,LUX,2006,16.19876862,0.0,2.739109347442681,13.376278659611994
Luxembourg,LUX,2007,14.629497529999998,0.0,4.2091026747195865,10.307420189818808
Luxembourg,LUX,2008,12.348204609999998,0.0,2.230806257521059,10.061492178098677
Luxembourg,LUX,2009,13.281585690000004,0.0,3.278002947678703,9.895283714075166
Luxembourg,LUX,2010,14.079082490000001,0.0,3.720387266312135,10.23186140419435
Luxembourg,LUX,2011,16.5846405,0.0,4.662190205989209,10.880653616324489
Luxembourg,LUX,2012,14.83918762,0.0,3.270309821752608,11.469619960016086
Luxembourg,LUX,2013,14.676712990000002,0.0,3.3608974159825276,11.19934015364302
Luxembourg,LUX,2014,14.339757919999997,0.0,3.140887868583379,11.07252577290984
Luxembourg,LUX,2015,14.10965443,0.0,3.275621147412268,10.715092003837565
Luxembourg,LUX,2016,14.24373627,0.0,3.390478515761086,10.74443747242357
Luxembourg,LUX,2017,13.838118549999999,0.0,3.0664089975279296,10.661264193966124
Luxembourg,LUX,2018,13.666547780000002,0.0,3.113443269640578,10.43567424081785
Luxembourg,LUX,2019,12.79627705,0.0,3.1066747521950657,9.58771718744367
Luxembourg,LUX,2020,11.401455879999999,0.0,2.9041813865297823,8.387290856071662
Luxembourg,LUX,2021,11.820456499999997,0.0,2.941951509584063,8.798368728778692
Luxembourg,LUX,2022,11.807408330000003,0.0,3.0598932116387743,8.667783765723367
Luxembourg,LUX,2023,12.17518234,0.0,3.326978033567155,8.773909060688025
Luxembourg,LUX,2024,11.839798929999999,0.0,3.2628191917215634,8.50457305262063
Malta,MLT,2000,28.20512772,0.0,0.7326007326007326,26.373626373626372
Malta,MLT,2001,31.33333397,0.0,0.6666666666666666,29.666666666666668
Malta,MLT,2002,29.597702030000004,0.0,0.5747126436781609,28.735632183908045
Malta,MLT,2003,30.158729549999997,0.0,1.3227513227513228,28.835978835978835
Malta,MLT,2004,30.45685196,0.0,2.030456852791878,28.17258883248731
Malta,MLT,2005,30.872482299999994,0.0,1.7897091722595078,28.859060402684563
Malta,MLT,2006,31.51260567,0.0,1.680672268907563,29.6218487394958
Malta,MLT,2007,33.192390440000004,0.0,1.6913319238900635,31.078224101479915
Malta,MLT,2008,35.24590302,0.0,1.8442622950819672,32.99180327868852
Malta,MLT,2009,35.08064651000001,0.0,2.217741935483871,32.45967741935484
Malta,MLT,2010,35.42435455,0.0,2.029520295202952,33.025830258302584
Malta,MLT,2011,35.55555725,0.0,2.051282051282051,33.162393162393165
Malta,MLT,2012,34.35980606,0.0,1.9448946515397083,32.090761750405186
Malta,MLT,2013,32.44444274999999,0.0,1.7777777777777777,30.22222222222222
Malta,MLT,2014,38.38513947,0.0,1.917382981024902,36.4677589360059
Malta,MLT,2015,39.16777039,0.0,1.9576914688138725,37.210078856302545
Malta,MLT,2016,36.97175979999999,0.0,1.8343780022769693,35.12796312833557
Malta,MLT,2017,37.102996829999995,0.0,1.8783586422386174,35.22464030298058
Malta,MLT,2018,36.505996700000004,0.0,2.210246573174343,34.29564155056288
Malta,MLT,2019,37.48112869,0.0,3.3500468979426685,34.13107865813663
Malta,MLT,2020,33.307594300000005,0.0,2.9942660407422887,30.303609854425858
Malta,MLT,2021,32.63062667999999,0.0,2.931767008484788,29.668597252617083
Malta,MLT,2022,32.98996353,0.0,2.9668876043627357,30.023075706181622
Malta,MLT,2023,33.981521609999994,,3.055864884637765,30.9256592939705
Monaco,MCO,2000,19.96951103,,12.957317073170733,7.012195121951219
Monaco,MCO,2001,19.90808868,,12.967262091235158,6.940824992312405
Monaco,MCO,2002,19.81085968,,12.98300352443233,6.827857059956217
Monaco,MCO,2003,19.00649834,,13.113234017081243,5.89326175976994
Monaco,MCO,2004,18.882761000000002,,13.133267207210963,5.749494160015432
Monaco,MCO,2005,18.93036079,,13.125560236078064,5.804803011675101
Monaco,MCO,2006,19.179243089999993,,13.085265744581783,6.093975244766038
Monaco,MCO,2007,19.829507830000004,,12.97998403269369,6.849526353610005
Monaco,MCO,2008,19.472297669999996,,13.03781806454466,6.434482125032434
Monaco,MCO,2009,18.67455673,,13.166976910455691,5.5075774661414965
Monaco,MCO,2010,18.56434441,,13.184820732013321,5.379521805551462
Monaco,MCO,2011,18.853960039999997,,13.13792992162655,5.716032327150613
Monaco,MCO,2012,18.7141819,,13.160560537645871,5.553624376894338
Monaco,MCO,2013,18.89117241,,13.131905962899408,5.7592630897807275
Monaco,MCO,2014,19.017837519999997,,13.111398101559347,5.906437153515273
Monaco,MCO,2015,19.149444580000004,,13.090089584763318,6.059357097580911
Monaco,MCO,2016,13.396758080000001,,7.020900938399612,6.375855005069582
Monaco,MCO,2017,13.129478450000002,,6.838532727616349,6.29094747689446
Monaco,MCO,2018,13.225068089999997,,6.7447653110870585,6.480303738336591
Monaco,MCO,2019,13.879275319999996,,7.168558480129809,6.710717756342379
Monaco,MCO,2020,12.004004479999999,,5.988895770033825,6.0151091676189585
Monaco,MCO,2021,10.277307509999998,,3.359002734696396,6.918301996302081
Monaco,MCO,2022,13.43380833,,5.78047842978538,7.653332402209168
Monaco,MCO,2023,14.3486166,,5.895034573720999,8.453580737509197
Montenegro,MNE,2011,39.02814101999999,0.0,0.22681839151161004,38.8013224665539
Montenegro,MNE,2012,36.050479890000005,0.0,0.1364256480218281,35.91405184174626
Montenegro,MNE,2013,42.18601608,0.0,0.10884449281977458,42.07717425652189
Montenegro,MNE,2014,39.29953003,0.0,0.16264864278743632,39.11519138323635
Montenegro,MNE,2015,40.194084170000004,0.0,0.1910538286580743,37.72554965883245
Montenegro,MNE,2016,39.88281631,0.0,0.25487036765782917,38.233484693130215
Montenegro,MNE,2017,42.60570908,0.0,0.32345484745170033,42.16569047410904
Montenegro,MNE,2018,40.44877243,0.0,0.3752634555081478,39.61085693723333
Montenegro,MNE,2019,39.164909359999996,,0.3952377488421716,38.55629106956669
Montenegro,MNE,2020,37.53451538,,0.27820053705010295,36.549625640697634
Montenegro,MNE,2021,38.82394028,,0.27118748574117973,38.084470585314804
Montenegro,MNE,2022,28.83676529,0.0,0.8694305096356092,25.47007720340118
Montenegro,MNE,2023,30.547748569999992,0.0,1.055705732665596,26.331761320806645
Netherlands (Kingdom of the),NLD,2000,30.96222305,0.0,17.69146859570559,11.03169135377196
Netherlands (Kingdom of the),NLD,2001,30.36537361,0.0,17.769137677987487,10.466822875093339
Netherlands (Kingdom of the),NLD,2002,30.02260971,0.0,18.2562753783684,9.81220007382798
Netherlands (Kingdom of the),NLD,2003,29.834421160000005,0.0,18.39028486531878,9.605322653575351
Netherlands (Kingdom of the),NLD,2004,31.404752730000002,0.0,19.67981419269213,9.960184148314047
Netherlands (Kingdom of the),NLD,2005,31.575271610000005,0.0,19.935344827586206,9.885855683269476
Netherlands (Kingdom of the),NLD,2006,33.95440673999999,48.89412207987943,6.418613413715147,8.327053504144688
Netherlands (Kingdom of the),NLD,2007,34.112358089999994,49.248033111519455,6.522398444329474,7.888962232173122
Netherlands (Kingdom of the),NLD,2008,32.421134949999995,51.83383856890636,6.109464006129452,9.923714980512342
Netherlands (Kingdom of the),NLD,2009,31.92985344,52.55445227418321,6.314862267777066,9.0695067264574
Netherlands (Kingdom of the),NLD,2010,31.56524467,52.90402095208751,6.140810352796179,9.095670928978585
Netherlands (Kingdom of the),NLD,2011,31.60393715,52.000601006686196,6.516414995116821,9.48238299151078
Netherlands (Kingdom of the),NLD,2012,31.52173996,49.623634038595675,6.469425714950011,10.090676586840269
Netherlands (Kingdom of the),NLD,2013,30.97237587,49.654511380380825,6.081458062116422,11.534885051715998
Netherlands (Kingdom of the),NLD,2014,32.15292358000001,49.8506284876839,6.063637900907502,11.58756552618229
Netherlands (Kingdom of the),NLD,2015,33.923858640000006,55.112583525183894,5.930989948902241,11.286428210455387
Netherlands (Kingdom of the),NLD,2016,33.923858640000006,55.112583525183894,5.930989948902241,11.286428210455387
Netherlands (Kingdom of the),NLD,2017,35.6608696,55.43731739351864,5.838046479213016,11.048864824295709
Netherlands (Kingdom of the),NLD,2018,34.24496841000001,55.35698167704666,5.621961755186775,10.791329800265625
Netherlands (Kingdom of the),NLD,2019,33.980617519999996,54.741834147998105,5.284607080912586,10.42366611277548
Netherlands (Kingdom of the),NLD,2020,31.046209339999997,52.06657792592758,4.304298705802078,9.279745858454792
Netherlands (Kingdom of the),NLD,2021,30.843927380000004,48.30569937748051,4.1571811350403935,10.908193484698915
Netherlands (Kingdom of the),NLD,2022,32.26068497,49.63236400477476,4.148819853346842,11.934878775416035
Netherlands (Kingdom of the),NLD,2023,31.621269229999996,50.53877154371624,4.0996179533350485,12.033993578567278
Netherlands (Kingdom of the),NLD,2024,,50.44503586724712,3.841408604614273,11.787722297618838
North Macedonia,MKD,2000,42.93799591,0.0,,42.08673982722043
North Macedonia,MKD,2001,43.25770187,0.0,,42.382844352633356
North Macedonia,MKD,2002,43.412582400000005,0.0,,42.57002683482583
North Macedonia,MKD,2003,44.10418320000001,0.0,,43.79019712860601
North Macedonia,MKD,2004,42.912075040000005,0.0,,42.53265668083074
North Macedonia,MKD,2005,41.53878783999998,0.0,,41.238456085562255
North Macedonia,MKD,2006,40.24209976000001,0.0,,37.000055357054976
North Macedonia,MKD,2007,37.52191544,0.0,,37.285804535396764
North Macedonia,MKD,2008,32.42045211999999,0.0,,32.02929139983495
North Macedonia,MKD,2009,35.47527313,0.0,,34.79013672798566
North Macedonia,MKD,2010,38.73490906000001,0.0,,37.78863605585195
North Macedonia,MKD,2011,36.681095119999995,0.0,,35.797791081759044
North Macedonia,MKD,2012,36.221462249999995,0.0,,35.243742522125494
North Macedonia,MKD,2013,34.083965299999996,0.0,7.413232906079685e-05,33.70716346420414
North Macedonia,MKD,2014,35.30490875,0.0,0.0014011240577170335,34.976618218109756
North Macedonia,MKD,2015,34.685684200000004,0.0,0.0024513107344950407,34.2619334651056
North Macedonia,MKD,2016,35.61956786999999,0.0,0.00733966910105959,35.320016262980474
North Macedonia,MKD,2017,41.52416228999999,0.0,0.02610022052525563,41.04214451954414
North Macedonia,MKD,2018,41.80876541000001,0.0,0.08825752205442101,41.233172848778565
North Macedonia,MKD,2019,39.75191879,,0.2569088105043788,39.088062141755266
North Macedonia,MKD,2020,39.60430907999999,,0.31090119413575695,38.871905384316314
North Macedonia,MKD,2021,45.514286039999995,,2.6754768163871114,41.73990995125356
North Macedonia,MKD,2022,43.11935043,,2.5639964762456295,40.21560495597414
North Macedonia,MKD,2023,42.429340360000005,,2.5229662910395785,39.572057346642175
Norway,NOR,2000,18.317504880000005,0.0,,17.941571177867246
Norway,NOR,2001,17.19991302,0.0,,16.9568647451171
Norway,NOR,2002,17.115058899999998,0.0,,16.825383268565574
Norway,NOR,2003,16.833208080000002,0.0,,16.598799828546934
Norway,NOR,2004,16.982763289999998,0.0,,16.76214212597674
Norway,NOR,2005,16.94884491,0.0,,16.714132284262735
Norway,NOR,2006,16.65839767,0.0,,16.45254916719412
Norway,NOR,2007,16.298908230000002,0.0,,16.072174156620456
Norway,NOR,2008,15.81110477,0.0,,15.656920942065296
Norway,NOR,2009,15.512233730000002,0.0,,15.254483409569447
Norway,NOR,2010,15.268322940000001,0.0,,15.04647182442533
Norway,NOR,2011,15.57692337,0.0,,15.209827249022164
Norway,NOR,2012,15.244771960000003,0.0,,14.800081481737713
Norway,NOR,2013,14.977064130000002,0.0,,14.594196451361187
Norway,NOR,2014,14.711063390000001,0.0,,14.378532709611695
Norway,NOR,2015,14.48540211,0.0,,14.142769671993324
Norway,NOR,2016,14.620551110000003,0.0,,14.270999043073866
Norway,NOR,2017,14.879334449999998,0.0,,14.511925353289326
Norway,NOR,2018,14.29650116,0.0,,13.968633593550434
Norway,NOR,2019,14.28316498,0.0,,13.918727077568045
Norway,NOR,2020,14.033166889999999,0.0,,13.787627447807088
Norway,NOR,2021,14.0988121,0.0,,13.852559842775744
Norway,NOR,2022,14.321790699999998,0.0,,14.075430083811204
Norway,NOR,2023,13.893883709999997,0.0,,13.687247811508007
Poland,POL,2000,31.787862780000005,,,31.12003840420425
Poland,POL,2001,29.65772629,,,28.97814503747855
Poland,POL,2002,30.044328690000004,,0.5945737535258426,26.44940035309158
Poland,POL,2003,31.408121110000007,,0.5948014354541309,27.58094256200805
Poland,POL,2004,32.53236771,,0.6209138390737426,29.444099492311626
Poland,POL,2005,31.470903399999997,,0.5945861367548114,27.745614492602446
Poland,POL,2006,31.023592,,0.5913917849718807,27.1057253815041
Poland,POL,2007,30.3138485,,0.5935739171577272,26.29073651913344
Poland,POL,2008,28.796085360000006,,0.6148815986921566,24.43056351946515
Poland,POL,2009,28.25468826,,0.6339547491287271,24.360236764949935
Poland,POL,2010,28.649959559999996,,0.7103206682834815,23.714362705470222
Poland,POL,2011,28.974229810000004,,0.7432965097826421,23.954419337995148
Poland,POL,2012,30.171611790000004,,0.7541418420062944,24.264167375942677
Poland,POL,2013,29.565513610000004,0.3748757514081507,4.011927864817532,23.645572016850476
Poland,POL,2014,30.02653503,0.38338015024109945,4.455078643255163,22.737462371101007
Poland,POL,2015,30.62862587,0.40372643843822986,4.99405263203591,23.03758562907525
Poland,POL,2016,31.323244089999992,0.4760135573121966,5.353563073902097,22.745580497388378
Poland,POL,2017,31.14675903,0.46010591392182987,5.639281492510553,22.73643461556075
Poland,POL,2018,28.85525894,0.44506586494483197,6.105695284123584,20.420331872316464
Poland,POL,2019,28.559843060000002,0.42288705116318454,6.2003525062106615,20.090784181904407
Poland,POL,2020,28.044992450000002,0.3928047914538716,5.94175601597441,19.534980193569382
Poland,POL,2021,27.841560360000006,0.35510484710357404,5.7520506596172005,19.84747832664754
Poland,POL,2022,26.122892380000003,0.31449609201373824,5.304655492951068,18.43494601004208
Poland,POL,2023,22.82996559,0.2775857205998169,4.77682214873106,15.846341881311995
Poland,POL,2024,,0.2670960856595194,4.220783435523784,16.205273808596125
Portugal,PRT,2000,30.22164345,0.0,3.581355511734743,25.71484964209985
Portugal,PRT,2001,29.786409380000002,0.0,3.7500394826366032,25.108566579676815
Portugal,PRT,2002,27.96239471,0.0,3.9359127790423156,23.17964333360212
Portugal,PRT,2003,29.350820539999994,0.0,4.779455350081711,23.690635725036874
Portugal,PRT,2004,29.39337349,0.0,5.011062427091681,23.505056469711135
Portugal,PRT,2005,29.05594826,0.0,4.529702323393356,23.680448475028093
Portugal,PRT,2006,36.51577759,0.0,10.141341711043584,25.524517790846158
Portugal,PRT,2007,37.244247439999995,0.0,10.494293673920529,25.906455548923994
Portugal,PRT,2008,37.450538640000005,0.0,10.125754796790408,26.393708531330333
Portugal,PRT,2009,36.144035339999995,0.0,10.145394836058006,25.103314853704813
Portugal,PRT,2010,33.43597031,0.0,7.7579461315710905,24.708176604626335
Portugal,PRT,2011,35.441951749999994,0.0,7.788370521411206,26.654321866636472
Portugal,PRT,2012,38.664375310000004,0.0,8.09711740035477,29.583298968310736
Portugal,PRT,2013,37.654014589999996,0.0,7.957743799802551,28.79378742304907
Portugal,PRT,2014,38.19905853,0.0,7.9773877116809535,29.33474350886307
Portugal,PRT,2015,38.26913071,0.0,7.812326418959678,29.534967060664517
Portugal,PRT,2016,38.3368721,0.0,7.987001978927589,29.431738984759345
Portugal,PRT,2017,38.76788330000001,0.0,8.158916078451158,29.688344037384027
Portugal,PRT,2018,38.77171707,0.0,7.962715771444074,29.917321052996748
Portugal,PRT,2019,39.151306149999996,0.0,7.638852728366569,30.607241812644855
Portugal,PRT,2020,35.7015152,0.0,6.787759696985315,28.018589011036816
Portugal,PRT,2021,37.47685623,0.0,7.3889721995311834,29.118567275229335
Portugal,PRT,2022,37.59138489,0.0,7.506464105587055,29.135381022513617
Portugal,PRT,2023,38.493595119999995,0.0,8.199354752908448,29.306684877339062
Portugal,PRT,2024,,,8.607999157408189,28.193506167376235
Republic of Moldova,MDA,2000,47.17256927,0.0,,47.17256726788808
Republic of Moldova,MDA,2001,51.92459869,0.0,,51.94122255808057
Republic of Moldova,MDA,2002,48.04402924,0.0,1.496888383186483,46.51903978642763
Republic of Moldova,MDA,2003,49.90517044,0.0,1.5983645752446116,48.30680539599443
Republic of Moldova,MDA,2004,38.55303574,0.0,0.38278996574592045,38.17024942523241
Republic of Moldova,MDA,2005,42.89875411999999,0.0,0.1349048049172364,42.763850621550326
Republic of Moldova,MDA,2006,46.57448959,0.0,0.12290572286486072,46.45158223751791
Republic of Moldova,MDA,2007,45.239143369999994,0.0,0.1396657793570415,45.09947952941533
Republic of Moldova,MDA,2008,48.51334000000001,0.0,0.09151666164217108,48.42182129076649
Republic of Moldova,MDA,2009,46.54689406999999,0.0,0.18149294645812886,45.57892862051809
Republic of Moldova,MDA,2010,42.170864110000004,0.0,0.034322464819759584,40.43186355767679
Republic of Moldova,MDA,2011,45.998439790000006,0.0,0.18920239726115062,44.79644993977243
Republic of Moldova,MDA,2012,43.44185257,0.0,0.19708578584119119,42.217849914402535
Republic of Moldova,MDA,2013,43.37581253000001,0.0,0.15415661637788797,42.576130485867935
Republic of Moldova,MDA,2014,39.251331330000006,0.0,0.1648850976501617,38.348802448213924
Republic of Moldova,MDA,2015,47.18154526,0.0,0.20043139249469416,46.18741008647732
Republic of Moldova,MDA,2016,47.51239014000001,0.0,0.21767167977894208,46.29189566040475
Republic of Moldova,MDA,2017,44.68611908,0.0,0.2155684689744492,43.6344808796571
Republic of Moldova,MDA,2018,40.75684738000001,0.0,0.11328227141126399,40.02739087414549
Republic of Moldova,MDA,2019,36.916549679999996,0.0,0.24599844861943698,35.69370099788964
Republic of Moldova,MDA,2020,32.09025955,0.0,0.14360510941639607,30.926272367433658
Republic of Moldova,MDA,2021,31.265544889999994,0.0,0.1852463910271446,29.415900803889375
Republic of Moldova,MDA,2022,32.600154880000005,0.0,0.2570895916245001,31.71020781308403
Republic of Moldova,MDA,2023,28.329717639999995,0.0,0.34802625362712786,27.468853112595554
Romania,ROU,2000,20.740232470000002,0.0,,19.419723387927924
Romania,ROU,2001,20.248647690000002,0.0,,18.940920291234658
Romania,ROU,2002,19.60250282,0.0,,17.835146142737127
Romania,ROU,2003,16.92720795,0.0,0.14841976602060414,15.127175368139223
Romania,ROU,2004,25.711572649999994,0.0,0.11341252313018564,24.32698621142482
Romania,ROU,2005,19.80648041,0.0,0.08513536523071684,18.498968916132206
Romania,ROU,2006,20.533035280000004,0.0,0.1438294298026085,19.99056478940495
Romania,ROU,2007,18.391258240000003,0.0,0.1379845831462356,17.59607468941775
Romania,ROU,2008,18.86143875,0.0,0.08187501152519869,18.182153460325654
Romania,ROU,2009,21.30595589,0.0,0.09527955807413963,20.784504046704825
Romania,ROU,2010,20.02847099,0.0,0.07481566797594086,19.63123751021332
Romania,ROU,2011,25.00850677,0.0,0.1542676661973439,24.27584002435405
Romania,ROU,2012,23.1359024,0.0,0.2177560418377182,22.4279405990076
Romania,ROU,2013,20.831872940000004,0.0,0.18486529078401068,20.176116010546416
Romania,ROU,2014,21.07435989,0.0,0.23193288885080168,20.313699342065863
Romania,ROU,2015,22.05726051,0.0,0.2804060531546938,21.281868573400953
Romania,ROU,2016,21.817010880000005,0.0,0.4745228612709667,20.754985760205194
Romania,ROU,2017,21.41359711,0.0,0.5442129793803249,20.488155292682308
Romania,ROU,2018,20.30928993,0.0,0.5448826425730142,19.457571206647383
Romania,ROU,2019,19.85988998,0.0,0.44177002808636184,18.87716407531745
Romania,ROU,2020,19.76925468,0.0,0.49960495141214023,19.026185282018382
Romania,ROU,2021,21.773736949999996,0.0,0.4927870026417418,20.942455824974786
Romania,ROU,2022,22.33470345,0.0,0.5883728326099066,21.421674565628283
Romania,ROU,2023,24.135925290000007,0.0,0.625007191262115,22.96146031516057
Russian Federation,RUS,2000,40.43967056,,3.257569395135533,30.208866187702167
Russian Federation,RUS,2001,41.75971985000001,,4.717375467259026,30.79232003312115
Russian Federation,RUS,2002,41.51320267,0.0,4.151320307135276,31.212934640114863
Russian Federation,RUS,2003,41.75036621,0.0,4.269457505213665,33.279873886793695
Russian Federation,RUS,2004,41.10625458,0.0,3.5809649261181304,33.80615119962325
Russian Federation,RUS,2005,38.756320949999996,0.0,3.1949980630889927,31.931878658861095
Russian Federation,RUS,2006,38.190204619999996,0.0,3.877215213814234,31.126836585199076
Russian Federation,RUS,2007,37.88073729999999,0.0,3.6243001937492942,31.448046868764266
Russian Federation,RUS,2008,37.32189941,0.0,3.2507954073869136,31.548854152257114
Russian Federation,RUS,2009,37.93313599,0.0,2.75781047259767,34.58216523000077
Russian Federation,RUS,2010,38.62093353,0.0,2.694856096630477,35.32572405760108
Russian Federation,RUS,2011,37.349411010000004,0.0,2.584083138618138,34.194451527625276
Russian Federation,RUS,2012,36.29253769,0.0,2.452198795897485,33.39754420198463
Russian Federation,RUS,2013,37.61935806,0.0,2.4162187917881353,34.83225691456702
Russian Federation,RUS,2014,38.213455200000006,0.0,2.054836498705502,35.825708335500394
Russian Federation,RUS,2015,41.28146743999999,0.0,2.2975033144263257,38.646335289974374
Russian Federation,RUS,2016,43.04995728,0.0,2.2502827287774023,40.48464987421505
Russian Federation,RUS,2017,42.911247249999995,0.0,2.1529129614137528,40.493082050583794
Russian Federation,RUS,2018,40.543418880000004,0.0,2.001116750069746,38.311663592965765
Russian Federation,RUS,2019,38.84808731,0.0,2.034665961673368,36.573747445945756
Russian Federation,RUS,2020,26.42472649,0.0,1.3718176995337092,24.884545188984564
Russian Federation,RUS,2021,30.43895531,0.0,1.508748842984154,28.7376337734685
Russian Federation,RUS,2022,29.23966599,0.0,1.4568497141814916,27.5860150230686
Russian Federation,RUS,2023,29.956867220000003,0.0,1.3704697874249079,28.39422174944684
San Marino,SMR,2000,25.60515785,,,25.60515968368289
San Marino,SMR,2001,24.399059299999998,,,24.399054727682824
San Marino,SMR,2002,25.19379997,,,25.193796363926708
San Marino,SMR,2003,23.76211166,,,23.762109748266937
San Marino,SMR,2004,22.975566859999997,,,22.975565447481795
San Marino,SMR,2005,21.86989784,,,21.869900449728615
San Marino,SMR,2006,21.096487050000004,,,21.09648379849947
San Marino,SMR,2007,20.026472090000002,,,20.026469703365443
San Marino,SMR,2008,19.69917107,,,19.699172743139595
San Marino,SMR,2009,19.147438050000005,,,19.147438142873472
San Marino,SMR,2010,13.733524319999997,,,13.733527466162098
San Marino,SMR,2011,11.24539948,,,11.245398213414493
San Marino,SMR,2012,11.33550167,,,11.335501735716742
San Marino,SMR,2013,10.941382410000001,,,10.941384558183778
San Marino,SMR,2014,11.976799959999997,,,11.976797968334157
San Marino,SMR,2015,13.602182390000001,,,13.602185879369408
San Marino,SMR,2016,12.36561584,,,12.36561617180424
San Marino,SMR,2017,12.386299130000001,,,12.386299792376064
San Marino,SMR,2018,11.112352370000004,,,11.11235197484955
San Marino,SMR,2019,11.220834729999998,,,11.220835020421253
San Marino,SMR,2020,10.255508420000002,,,10.255510002476552
San Marino,SMR,2021,11.85579205,,,11.85579029913044
San Marino,SMR,2022,11.435654640000003,,,11.435653870426831
San Marino,SMR,2023,13.091784480000001,,,13.09178748230351
Serbia,SRB,2000,34.58568192,,,29.599526177737914
Serbia,SRB,2001,33.16671371,,,28.489679296570724
Serbia,SRB,2002,27.8267746,0.0,,23.832276384234973
Serbia,SRB,2003,28.94111633,0.0,,24.977643463957524
Serbia,SRB,2004,31.007986069999998,0.0,,27.29331132621205
Serbia,SRB,2005,33.764305109999995,0.0,0.5346764785666963,29.81834508035956
Serbia,SRB,2006,36.80170058999999,0.0,0.6790638786275541,32.84013374240313
Serbia,SRB,2007,38.40030289,0.0,0.732835063578256,34.71288395736081
Serbia,SRB,2008,37.92166138,0.0,0.7723203970237126,35.14710471582138
Serbia,SRB,2009,38.044261930000005,0.0,0.7298609345365654,35.16513451740247
Serbia,SRB,2010,38.09905242999999,0.0,0.33065033072485983,36.40253484824004
Serbia,SRB,2011,38.06594086,0.0,0.2951761739182521,36.40479009728959
Serbia,SRB,2012,37.133396149999996,0.0,0.30477197864228683,35.430239830169334
Serbia,SRB,2013,39.46340179,0.0,0.30173574791304253,37.86663775821603
Serbia,SRB,2014,41.18287658999999,0.0,0.34441138429210294,39.94474861910478
Serbia,SRB,2015,41.90866089,0.0,0.41687799298992495,40.5877346088061
Serbia,SRB,2016,41.98694992000001,0.0,0.5819301130524401,40.45367199537986
Serbia,SRB,2017,42.32918549,0.0,0.7308089577685952,40.63934835519165
Serbia,SRB,2018,39.94755936,0.0,0.8005889388750917,38.310925601535
Serbia,SRB,2019,39.998519900000005,0.0,0.7747907574259512,37.03455688569593
Serbia,SRB,2020,38.27737426999999,0.0,0.7528797732059617,36.02006248655101
Serbia,SRB,2021,34.57963562,0.0,0.5496881439482866,32.92688974251687
Serbia,SRB,2022,32.73646927,0.0,0.828556927616677,30.798445926078394
Serbia,SRB,2023,34.45454025,0.0,1.1934444602097376,32.13853162637114
Slovakia,SVK,2000,12.51064491,,,10.838967150132532
Slovakia,SVK,2001,11.866226199999998,,,10.904377251391772
Slovakia,SVK,2002,12.06176758,,,11.016891464802155
Slovakia,SVK,2003,13.000385279999998,,,12.21277781956717
Slovakia,SVK,2004,21.284463880000004,,,21.23348197291859
Slovakia,SVK,2005,24.865528109999996,,,23.609519025213526
Slovakia,SVK,2006,30.330898280000003,,,26.588227981529005
Slovakia,SVK,2007,31.280134200000003,,,27.370326882994583
Slovakia,SVK,2008,25.275917049999997,,,21.020146313634964
Slovakia,SVK,2009,28.360628130000002,,,22.4177394595401
Slovakia,SVK,2010,29.00242996,,,22.800613378231443
Slovakia,SVK,2011,27.891746519999998,,,23.57159025972266
Slovakia,SVK,2012,28.877235410000004,,,23.233090171278892
Slovakia,SVK,2013,26.686080929999996,,,23.321649827971278
Slovakia,SVK,2014,20.665418619999997,,,18.00793100286245
Slovakia,SVK,2015,21.25921249,,,18.44357351873162
Slovakia,SVK,2016,20.03421021,,,17.888629691445363
Slovakia,SVK,2017,20.953830719999996,,,18.71242005084305
Slovakia,SVK,2018,20.784891130000005,,,18.907818783741035
Slovakia,SVK,2019,21.184375759999998,0.0,,19.159362156528605
Slovakia,SVK,2020,19.728641509999996,0.0,,18.751677322768796
Slovakia,SVK,2021,20.26540184,0.0,,19.404106001467834
Slovakia,SVK,2022,20.12103653,,,19.262423647179926
Slovakia,SVK,2023,21.05461121,,,20.153090787441776
Slovenia,SVN,2000,28.609037399999995,0.0,13.049604128024773,13.27326966735064
Slovenia,SVN,2001,29.438873290000004,0.0,14.709431687598089,12.903478060132157
Slovenia,SVN,2002,27.570758820000002,0.0,13.288297827283895,12.555216491783492
Slovenia,SVN,2003,28.03180122,0.0,13.883673137840288,12.486650721975106
Slovenia,SVN,2004,28.010931019999997,0.0,13.539628029491771,12.169075336860931
Slovenia,SVN,2005,27.778461460000006,0.0,12.586391833708419,13.019374870001473
Slovenia,SVN,2006,28.257616040000006,0.0,13.606862407813507,12.278043331561058
Slovenia,SVN,2007,29.76076126,0.0,13.85457929905698,13.631235889205879
Slovenia,SVN,2008,27.839296339999994,0.0,12.890504230200234,12.639945054225715
Slovenia,SVN,2009,27.98457909,0.0,13.240931011842882,12.77988825300125
Slovenia,SVN,2010,27.635068889999992,0.0,13.035465456016542,12.64016336070995
Slovenia,SVN,2011,27.734230039999993,0.0,13.339786165124424,12.196642356855717
Slovenia,SVN,2012,29.148767469999996,0.0,14.527564550337065,12.459966115009571
Slovenia,SVN,2013,29.696331020000002,0.0,15.00215459814469,12.45486407200532
Slovenia,SVN,2014,29.475669860000004,0.0,14.751571964387452,12.98344604846954
Slovenia,SVN,2015,28.64555168,0.0,14.477008965145236,12.498777177328519
Slovenia,SVN,2016,27.663349150000005,0.0,14.01260320109526,11.981036420526735
Slovenia,SVN,2017,28.20180893,0.0,14.250873435447264,12.322433913665245
Slovenia,SVN,2018,27.591112139999996,0.0,14.003764561513252,11.981577742942207
Slovenia,SVN,2019,27.62950706,0.0,14.301206955489405,11.661239264854233
Slovenia,SVN,2020,27.20191193,0.0,13.414263321704853,12.474130266514754
Slovenia,SVN,2021,26.534606930000002,0.0,12.333256438773146,12.876154683885572
Slovenia,SVN,2022,26.379755020000005,0.0,12.6222569276252,12.431871824093662
Slovenia,SVN,2023,26.798112869999994,0.0,13.25294638701534,12.39193005625497
Slovenia,SVN,2024,,0.0,0.5441303646970674,11.744991778207229
Spain,ESP,2000,28.64209938,0.0,4.317779371969269,24.324317575053122
Spain,ESP,2001,28.970674510000002,0.0,4.11840525758526,24.852286368449093
Spain,ESP,2002,28.959560389999996,0.0,4.360011449088535,24.599551649298487
Spain,ESP,2003,29.204133989999995,0.0,5.32490521034683,23.147382953242765
Spain,ESP,2004,29.047050479999996,0.0,5.379947729835744,22.94536956295139
Spain,ESP,2005,28.827356339999994,0.0,5.444413663844851,22.629374194465832
Spain,ESP,2006,28.36423683,0.0,5.621004172109744,22.049168404324256
Spain,ESP,2007,28.227859500000005,0.0,5.64625341981388,21.907935170243718
Spain,ESP,2008,27.312314989999994,0.0,5.186946027573089,21.78303528914936
Spain,ESP,2009,25.555320740000003,0.0,5.070490530498292,20.154930034554074
Spain,ESP,2010,26.274148940000003,0.0,4.557496598317216,21.373444385267717
Spain,ESP,2011,27.247859950000002,0.0,5.2483114034601845,21.6604834889707
Spain,ESP,2012,28.714698789999993,0.0,5.189126290612386,23.173755357662728
Spain,ESP,2013,29.88310432,0.0,5.286934320828982,24.239772941075692
Spain,ESP,2014,30.650827410000005,0.0,5.639248701284789,24.652922851579174
Spain,ESP,2015,29.66912079,0.0,5.4501448734523175,23.873104239237644
Spain,ESP,2016,28.441734310000005,0.0,6.130134267640164,21.95563507898643
Spain,ESP,2017,30.524648669999998,0.0,6.068073818221756,24.08994607324167
Spain,ESP,2018,30.816093439999996,0.0,6.313512607225219,24.14520764208004
Spain,ESP,2019,30.561489110000004,0.0,6.348652144392334,23.84757856746013
Spain,ESP,2020,27.912071230000002,0.0,5.837142648152586,21.66228500684276
Spain,ESP,2021,27.388505939999995,0.0,5.694504096067767,21.303550389582792
Spain,ESP,2022,27.064535139999993,0.0,5.596314987698457,21.027505651448326
Spain,ESP,2023,26.816246030000002,0.0,5.531624793643394,20.855398704383425
Sweden,SWE,2000,14.462474819999997,0.0,,14.462477358101323
Sweden,SWE,2001,18.165218350000004,0.0,0.22256956563525906,17.19754566469895
Sweden,SWE,2002,17.70201302,0.0,0.21115162094061007,16.782800058184
Sweden,SWE,2003,17.092115399999997,0.0,0.2635034384528075,16.10264171099192
Sweden,SWE,2004,17.556362149999998,0.0,0.2881155591093188,16.529489474873543
Sweden,SWE,2005,17.930843350000004,0.0,0.3114912644284512,16.859046016135583
Sweden,SWE,2006,17.858453750000002,0.0,0.3326472981381324,16.75441535442493
Sweden,SWE,2007,17.77558517,0.0,0.38211216182506746,16.62395779002351
Sweden,SWE,2008,17.652265550000003,0.0,0.4264957816341598,16.474564365023046
Sweden,SWE,2009,17.651958469999997,0.0,0.4949018935823837,16.564818781595406
Sweden,SWE,2010,17.64809418,0.0,0.550361269720997,16.508470218926746
Sweden,SWE,2011,15.485486029999999,0.0,0.4826845278790153,14.523972303469263
Sweden,SWE,2012,15.767457009999998,0.0,0.49439806106745376,14.797990686977878
Sweden,SWE,2013,15.973669050000002,0.0,0.5582890616964429,14.928132841222496
Sweden,SWE,2014,15.99128628,0.0,0.5546137299938022,14.94267016661198
Sweden,SWE,2015,16.19231224,0.0,0.5800341145670066,15.031595969379042
Sweden,SWE,2016,15.91881466,0.0,0.6272750640541952,14.633377832687955
Sweden,SWE,2017,15.45848656,0.0,0.6507808373446548,14.236453692907187
Sweden,SWE,2018,15.518815040000002,0.0,0.6372182891243939,14.21954399477733
Sweden,SWE,2019,15.12376022,0.0,0.6464636187063824,13.92440481922457
Sweden,SWE,2020,13.941662790000004,0.0,0.6188701348962564,12.920265120479197
Sweden,SWE,2021,14.227986340000001,0.0,0.6362909047062715,13.092764859144259
Sweden,SWE,2022,14.135065079999999,0.0,0.6562248693204664,13.129994722557297
Sweden,SWE,2023,13.918320660000001,0.0,0.6230920782004373,12.95748627017977
Sweden,SWE,2024,,0.0,0.629240458363643,13.381386099179359
Switzerland,CHE,2000,71.43389129999998,35.429729623259874,9.205406494276819,31.04061690679126
Switzerland,CHE,2001,70.03432465,35.24391338049282,8.929146252814744,30.11981764463127
Switzerland,CHE,2002,68.63698578,35.56743211196826,8.397001910488616,29.049670969968183
Switzerland,CHE,2003,68.59426117000001,36.21274164056811,8.262035456453331,28.622527966612285
Switzerland,CHE,2004,69.11468506,36.57631486715338,8.161938677889028,28.75733601442192
Switzerland,CHE,2005,68.95198822,37.96506258495606,8.784107804031294,27.144047803782257
Switzerland,CHE,2006,69.39105225,37.936333486337595,8.977496869533153,27.349459764583415
Switzerland,CHE,2007,69.28932953,37.90788888899649,9.101244258943108,27.33333211366302
Switzerland,CHE,2008,68.39421844,37.76035549098009,8.807344070444264,26.497860589985404
Switzerland,CHE,2009,67.85113525,37.720148918879445,8.644195362964343,26.201295745319484
Switzerland,CHE,2010,66.77950287,38.3644813473512,8.583417016491781,24.06636366506404
Switzerland,CHE,2011,66.36708069,38.05584568733652,8.569957584139408,23.55637959115115
Switzerland,CHE,2012,65.63594055,38.22592455704483,7.089913579826999,23.35357223895411
Switzerland,CHE,2013,66.49510192999999,39.63289040130463,6.949767057346776,22.77101249029649
Switzerland,CHE,2014,66.36491394,39.54858868651205,6.958792186670982,22.613926674725086
Switzerland,CHE,2015,66.55439757999999,40.36123853214919,6.998341292609697,22.046294609907573
Switzerland,CHE,2016,66.40869141,40.8563802279843,7.1220802144837,21.272070795879152
Switzerland,CHE,2017,66.45347595000001,40.87956367285477,6.947776402563691,21.558994485892637
Switzerland,CHE,2018,66.48020935000001,40.103086852393474,6.800349292454209,21.949149082094838
Switzerland,CHE,2019,66.4899826,40.774376764657006,7.00686141219402,21.896412627828084
Switzerland,CHE,2020,64.26727294999999,40.505963783100874,6.544989541840489,20.72429334755339
Switzerland,CHE,2021,64.33000946000001,39.931193770512444,6.24385670389774,21.359046647325567
Switzerland,CHE,2022,65.12210083,40.21558155588159,6.247652352615282,21.743334398967317
Switzerland,CHE,2023,66.91742706,41.618446438421415,6.685444818194497,22.027374814309976
Tajikistan,TJK,2000,79.11802672999998,0.0,0.0,79.15172232409036
Tajikistan,TJK,2001,76.50390625,0.0,0.0,76.52173913043478
Tajikistan,TJK,2002,78.29274749999999,0.0,0.0,78.16711590296495
Tajikistan,TJK,2003,74.21494292999998,0.0,0.44696726551585547,73.30263154460029
Tajikistan,TJK,2004,72.76945496000002,0.0,0.3383759096972652,71.73569285582023
Tajikistan,TJK,2005,67.68556976000002,0.0,1.0661267978534437,66.09986146691351
Tajikistan,TJK,2006,70.30632782,0.0,1.0715406988403007,68.79291286554731
Tajikistan,TJK,2007,70.90013885,0.0,0.14122776751540075,70.61388375770038
Tajikistan,TJK,2008,68.77820587,0.0,0.09605632134378128,68.58421343945983
Tajikistan,TJK,2009,69.72650146000002,0.0,0.08280605334909362,69.63989086658773
Tajikistan,TJK,2010,70.50505066,0.0,0.07057466583270938,70.43351650104397
Tajikistan,TJK,2011,63.22486495999999,0.0,0.05675502295378826,62.544035295074664
Tajikistan,TJK,2012,64.62760925,0.0,0.04622994776015903,63.93601775229994
Tajikistan,TJK,2013,62.08902359,0.0,0.037775763070414026,61.91825324871563
Tajikistan,TJK,2014,62.51398468,0.0,0.18422264622672543,62.18501217185341
Tajikistan,TJK,2015,62.910896300000005,0.0,0.14357072353662548,62.57888912152662
Tajikistan,TJK,2016,66.23594666,0.0,0.06814667260765864,66.00267344638691
Tajikistan,TJK,2017,63.34487534000001,0.0,0.06340148993501347,63.152412653125914
Tajikistan,TJK,2018,68.61608124,0.0,0.04968049844537088,68.41996319712494
Tajikistan,TJK,2019,71.36382294,0.0,0.008187326019322089,71.22300456670851
Tajikistan,TJK,2020,68.06848907000001,0.0,0.005701197783327423,67.95899373526599
Tajikistan,TJK,2021,65.23810577,0.0,0.0059065629001696365,65.13355920029863
Tajikistan,TJK,2022,65.32248688,0.0,0.006115563770041212,65.18047141936572
Tajikistan,TJK,2023,62.48163222999999,0.0,0.005941399043122049,62.361028591679954
Türkiye,TUR,2000,38.32403564,0.0,,28.600405679513184
Türkiye,TUR,2001,32.74863434,0.0,,23.432070163825916
Türkiye,TUR,2002,30.025640489999994,0.0,,20.320768097757895
Türkiye,TUR,2003,28.79286957,0.0,,18.930562595032946
Türkiye,TUR,2004,28.295358660000005,0.0,,20.18101761252446
Türkiye,TUR,2005,32.25496292,0.0,1.8833353358164124,24.17697945452361
Türkiye,TUR,2006,31.14850235,0.0,1.8486409924540281,23.64892915577914
Türkiye,TUR,2007,31.216259,0.0,1.9335412409936552,23.884288633186365
Türkiye,TUR,2008,27.306957240000003,0.0,1.9935015290519877,19.18195718654434
Türkiye,TUR,2009,19.501211169999998,0.0,2.2425579628892827,14.507903208304699
Türkiye,TUR,2010,22.00160408,0.0,1.936100165464067,16.87221738907937
Türkiye,TUR,2011,20.87317085,0.0,2.057455791470354,15.895184482653123
Türkiye,TUR,2012,20.82859039,0.0,2.064363760528113,15.931595720464376
Türkiye,TUR,2013,21.649122240000004,0.0,2.11036109507917,16.926802338711703
Türkiye,TUR,2014,22.39443779,0.0,2.2144962757937847,17.725421364117103
Türkiye,TUR,2015,21.866844179999998,0.0,2.4020002892980394,16.948732254664932
Türkiye,TUR,2016,21.557611469999998,0.0,2.4518393460103076,16.46614537053492
Türkiye,TUR,2017,22.2894249,0.0,2.469365785877341,17.384200761942573
Türkiye,TUR,2018,22.617732999999998,0.0,2.56050859889864,17.491418506675693
Türkiye,TUR,2019,22.314672469999998,0.0,2.7100035699714407,17.047633618931048
Türkiye,TUR,2020,21.15462494,0.0,2.297249403807224,16.43061380180913
Türkiye,TUR,2021,21.198165890000002,,2.335560604208388,16.271203466829153
Türkiye,TUR,2022,24.84132004,,2.736535919215106,19.478438590902325
Türkiye,TUR,2023,24.07653999,0.0,2.8742089966733224,19.04723183248488
Turkmenistan,TKM,2000,53.340671539999995,0.0,3.3337919386425243,50.00687907963787
Turkmenistan,TKM,2001,65.34983826,0.0,4.084364662981616,61.26546994472424
Turkmenistan,TKM,2002,65.21086883999999,0.0,4.075678915265608,61.135183733705944
Turkmenistan,TKM,2003,67.94590759,0.0,4.246619016074899,63.69928524310105
Turkmenistan,TKM,2004,77.00288391000001,0.0,4.812680103026808,72.1902015422004
Turkmenistan,TKM,2005,78.74972534000001,0.0,4.921857601762094,73.8278640264314
Turkmenistan,TKM,2006,81.51774597,0.0,5.094859054692684,76.42288582252716
Turkmenistan,TKM,2007,73.59653472999999,0.0,4.599784039429563,68.99676058724172
Turkmenistan,TKM,2008,83.71192169,0.0,5.231995005138406,78.47992507878764
Turkmenistan,TKM,2009,75.44722747999998,0.0,4.715451463697079,70.73177195293141
Turkmenistan,TKM,2010,75.73234557999999,0.0,4.733271534780888,70.99907301984751
Turkmenistan,TKM,2011,73.56891632,0.0,4.598057317241972,68.97085975813931
Turkmenistan,TKM,2012,72.83851624,0.0,4.552407116601851,68.28610674965455
Turkmenistan,TKM,2013,71.30325316999999,0.0,4.4564534268398965,66.84680140294601
Turkmenistan,TKM,2014,72.75561522999999,0.0,4.547226107433014,68.20839161105533
Turkmenistan,TKM,2015,75.80947112999999,0.0,4.738092006626621,71.07138009977946
Turkmenistan,TKM,2016,81.23348999,0.0,5.077092639171215,76.1563895868526
Turkmenistan,TKM,2017,77.93556213000001,0.0,4.870972615300344,73.0645892291845
Turkmenistan,TKM,2018,81.73385620000002,0.0,5.108365735032797,76.62548602590941
Turkmenistan,TKM,2019,81.7448349,0.0,5.109052732156183,76.63579098195463
Turkmenistan,TKM,2020,81.45104979999999,0.0,5.0906904996859845,76.36035749538766
Turkmenistan,TKM,2021,82.64189148,0.0,5.165118329884072,77.47677494877334
Turkmenistan,TKM,2022,84.50257873999999,0.0,5.281410933042719,79.22116399611842
Turkmenistan,TKM,2023,82.55283356000002,0.0,5.159552198820854,77.39328298224605
Ukraine,UKR,2000,52.53873825000001,0.0,0.5356693647457491,48.392655586287766
Ukraine,UKR,2001,50.978424069999996,0.0,0.3348926721342415,47.16529886105672
Ukraine,UKR,2002,48.64798354999999,0.0,0.2071975952411181,45.117456856464656
Ukraine,UKR,2003,44.19901656999999,0.0,0.09721609697271362,41.02519292248515
Ukraine,UKR,2004,44.380233759999996,0.0,0.09885288290311148,41.40994337612722
Ukraine,UKR,2005,41.03809738000001,0.0,0.6868301042949823,37.95809498267738
Ukraine,UKR,2006,39.08320236000001,0.0,0.8332390688282996,36.13279659637221
Ukraine,UKR,2007,40.14067458999999,0.0,0.8820208795813438,36.45686302269554
Ukraine,UKR,2008,41.25927353,0.0,1.0082692200896575,37.788085369706955
Ukraine,UKR,2009,40.941898349999995,0.0,1.0747159197556668,37.3950041313417
Ukraine,UKR,2010,45.16226196000001,0.0,1.0089020281846581,41.842240044914405
Ukraine,UKR,2011,49.33913421999999,0.0,0.9941718558819951,46.30967607455768
Ukraine,UKR,2012,46.86525345,0.0,0.9832029247890425,43.933543781653285
Ukraine,UKR,2013,51.20985413000001,0.0,1.0580650385851176,48.15446224768629
Ukraine,UKR,2014,51.05879593000001,0.0,0.9998741951195659,48.132101597275465
Ukraine,UKR,2015,50.88818741,0.0,0.8703607489304368,48.23913756510193
Ukraine,UKR,2016,50.52317047,0.0,0.7345228824532875,48.35792672784346
Ukraine,UKR,2017,51.06921768,0.0,0.7444368893838693,49.17759097237607
Ukraine,UKR,2018,52.56449127,0.0,0.9023241569655616,50.65900288698913
Ukraine,UKR,2019,54.52989960000001,0.0,1.0614089123698955,51.11891973508018
Ukraine,UKR,2020,50.713989260000005,0.0,1.8070774324974443,47.86013264978852
Ukraine,UKR,2021,47.87702178999999,0.0,1.5936427719307191,45.293673233592635
Ukraine,UKR,2022,,,,
Ukraine,UKR,2023,,,,
United Kingdom of Great Britain and Northern Ireland,GBR,2000,24.15546989,0.0,4.253873284814175,18.21689622445756
United Kingdom of Great Britain and Northern Ireland,GBR,2001,24.073944089999994,0.0,4.431624910840753,18.047263269021123
United Kingdom of Great Britain and Northern Ireland,GBR,2002,23.156963349999995,0.0,4.229500348925841,17.388449032609415
United Kingdom of Great Britain and Northern Ireland,GBR,2003,21.64292717,0.0,3.9920894662324,16.152657680193872
United Kingdom of Great Britain and Northern Ireland,GBR,2004,19.836576460000003,0.0,3.8059244491663717,14.69727608363672
United Kingdom of Great Britain and Northern Ireland,GBR,2005,18.72048569,0.0,3.958427455645622,13.430317674293407
United Kingdom of Great Britain and Northern Ireland,GBR,2006,17.603904719999996,0.0,3.9225777217060913,12.35013189559994
United Kingdom of Great Britain and Northern Ireland,GBR,2007,19.54841995,0.0,3.839198117051099,14.42544086798454
United Kingdom of Great Britain and Northern Ireland,GBR,2008,18.70917702,0.0,3.977942919312504,13.484005796368972
United Kingdom of Great Britain and Northern Ireland,GBR,2009,17.24837303,0.0,3.663159889379451,12.39581830745483
United Kingdom of Great Britain and Northern Ireland,GBR,2010,17.951917650000002,0.0,3.5496303847452024,13.173720375525825
United Kingdom of Great Britain and Northern Ireland,GBR,2011,18.18791008,0.0,3.543786093406673,13.344863357600792
United Kingdom of Great Britain and Northern Ireland,GBR,2012,18.98233604,0.0,3.490591671806319,14.165253747048222
United Kingdom of Great Britain and Northern Ireland,GBR,2013,20.51955032,0.0,3.402865071493488,15.759391440440767
United Kingdom of Great Britain and Northern Ireland,GBR,2014,20.417062759999997,0.0,3.36093756742597,15.743807034015235
United Kingdom of Great Britain and Northern Ireland,GBR,2015,20.44207764,0.0,3.2247389073167083,15.865550604101976
United Kingdom of Great Britain and Northern Ireland,GBR,2016,19.863595959999998,0.0,2.7691689560419745,15.679870585622357
United Kingdom of Great Britain and Northern Ireland,GBR,2017,20.30600548,0.0,2.9471823951031975,15.82855572506648
United Kingdom of Great Britain and Northern Ireland,GBR,2018,20.54164696,0.0,2.9066470305157885,16.178387154413706
United Kingdom of Great Britain and Northern Ireland,GBR,2019,20.257165909999998,0.0,2.839118867575432,16.036819700245914
United Kingdom of Great Britain and Northern Ireland,GBR,2020,15.88933372,0.0,2.3574941098942004,12.409824625170153
United Kingdom of Great Britain and Northern Ireland,GBR,2021,16.242689130000002,0.0,2.218826705604983,13.022878080162638
United Kingdom of Great Britain and Northern Ireland,GBR,2022,17.910535809999995,0.0,2.516823931289437,14.381286444960342
United Kingdom of Great Britain and Northern Ireland,GBR,2023,18.22051239,0.0,2.591814084241159,14.629335588111873
United Kingdom of Great Britain and Northern Ireland,GBR,2024,,0.0,2.6288367548056315,14.555409798333452
Uzbekistan,UZB,2000,60.902660370000014,0.0,0.0,60.58262714779695
Uzbekistan,UZB,2001,61.15747452000001,0.0,,60.843823036593115
Uzbekistan,UZB,2002,62.39006424,0.0,,62.07057488823335
Uzbekistan,UZB,2003,59.60544968000001,0.0,,59.288833180895274
Uzbekistan,UZB,2004,59.988075259999995,0.0,0.0905909263403419,59.558129007774134
Uzbekistan,UZB,2005,58.05919647,0.0,0.08765515467515904,57.6280192243055
Uzbekistan,UZB,2006,57.3274765,0.0,0.08654052660389999,56.89520817023758
Uzbekistan,UZB,2007,58.58140182000001,0.0,0.08842043968798127,58.13136082181885
Uzbekistan,UZB,2008,57.75285339,0.0,0.0871821492151986,57.31649681483584
Uzbekistan,UZB,2009,56.84793090999999,0.0,0.08581740889910493,56.419667984038966
Uzbekistan,UZB,2010,58.443466189999995,0.0,0.08827810989809176,58.045016472348586
Uzbekistan,UZB,2011,58.5825882,0.0,0.08854054741671069,58.18222240123825
Uzbekistan,UZB,2012,56.62637328999999,0.0,0.08551991591262421,56.24571012346493
Uzbekistan,UZB,2013,56.43164825000001,0.0,0.08489792215390257,56.05225811214074
Uzbekistan,UZB,2014,45.87700272,0.0,0.11101470219302487,45.40990728663457
Uzbekistan,UZB,2015,48.843437189999996,0.0,0.10055228876411879,48.413690106831915
Uzbekistan,UZB,2016,55.442958829999995,0.0,0.09442314234111722,54.65854713433292
Uzbekistan,UZB,2017,57.44728851000001,0.0,0.11683462480479467,56.68791007228931
Uzbekistan,UZB,2018,61.02040482000001,0.0,0.06354368598824782,60.342360625271255
Uzbekistan,UZB,2019,58.360397339999984,0.0,0.09059216276682756,57.684970554862176
Uzbekistan,UZB,2020,53.79425048999999,0.0,0.08190790192962089,53.113143464711875
Uzbekistan,UZB,2021,60.776477809999996,0.0,0.05596735445835756,60.313189536657404
Uzbekistan,UZB,2022,66.02459716999999,0.0,0.058592634967251235,65.53957553956037
Uzbekistan,UZB,2023,64.53517914,0.0,0.05749700361637535,64.0592336855826
Bangladesh,BGD,2000,64.02439117,0.0,0.05231984629401347,61.82206795315046
Bangladesh,BGD,2001,68.50126648,0.0,0.11120919567095604,65.8053079827039
Bangladesh,BGD,2002,65.70114136,0.0,0.10290839111775063,62.93533719538103
Bangladesh,BGD,2003,65.72670746000001,0.0,0.10053064203631426,63.01078214577388
Bangladesh,BGD,2004,65.92006683,0.0,0.10046285594419214,63.09557667663085
Bangladesh,BGD,2005,68.66895294,0.0,0.094845728546134,65.38332057124025
Bangladesh,BGD,2006,69.12872314,0.0,0.09307913793105389,65.63786360153873
Bangladesh,BGD,2007,69.45909119,0.0,0.09406629845904929,66.41323998222836
Bangladesh,BGD,2008,70.7351532,0.0,0.10320019073070688,67.83094672722899
Bangladesh,BGD,2009,70.67395782000001,0.0,0.10819309679177938,67.94347601358164
Bangladesh,BGD,2010,70.44635772999999,0.0,0.1128187355407829,67.95515241681683
Bangladesh,BGD,2011,70.99597931,0.0,0.10467576498042153,68.1760497859758
Bangladesh,BGD,2012,70.92236328000001,0.0,0.1024928214009197,68.27939578435944
Bangladesh,BGD,2013,71.94525146000002,0.0,0.12344294877193752,69.62185523699303
Bangladesh,BGD,2014,73.13734436000001,0.0,0.12018713913957664,70.75862589706017
Bangladesh,BGD,2015,75.12078094,0.0,0.13725059600296133,72.6782710620764
Bangladesh,BGD,2016,73.93395233,0.0,0.12932505799866903,71.49493901980851
Bangladesh,BGD,2017,72.72188567999999,0.0,0.12787744998005016,70.089640722446
Bangladesh,BGD,2018,73.20014190999999,0.0,0.12880289793364075,70.67902568843493
Bangladesh,BGD,2019,79.22569275,0.0,0.1480360377366683,76.47038207312889
Bangladesh,BGD,2020,79.63627625,0.0,0.15853036189851796,76.98878806115673
Bangladesh,BGD,2021,78.74753571,0.0,0.15263906941962152,76.14752181612185
Bangladesh,BGD,2022,80.92211913999999,0.0,0.15617615383001196,78.25326043039692
Bangladesh,BGD,2023,82.01707457999998,0.0,0.15943644412746497,79.30711495664362
Bhutan,BTN,2000,12.213794709999998,0.0,0.0,11.541344275328521
Bhutan,BTN,2001,9.369524000000002,0.0,0.0,8.032745242611984
Bhutan,BTN,2002,12.001461980000002,0.0,0.0,11.15311350676702
Bhutan,BTN,2003,19.355419159999997,0.0,0.0,19.008455237029732
Bhutan,BTN,2004,16.576982500000003,0.0,0.0,16.253636040388724
Bhutan,BTN,2005,17.074956890000003,0.0,0.0,16.790383271608146
Bhutan,BTN,2006,15.00291824,0.0,0.0,14.791033767877254
Bhutan,BTN,2007,14.521125790000003,0.0,0.0,14.336646937066876
Bhutan,BTN,2008,15.872875209999998,0.0,0.0,15.474246946370776
Bhutan,BTN,2009,17.037408829999997,0.0,0.0,16.581088013871028
Bhutan,BTN,2010,16.93258095,0.0,0.0,16.482634124188966
Bhutan,BTN,2011,16.822225570000004,0.0,0.08918321004375669,16.343927557328627
Bhutan,BTN,2012,21.7142849,0.0,0.30563771927916833,20.506404108217637
Bhutan,BTN,2013,21.425527570000003,0.0,0.28715035046711695,20.313903067824175
Bhutan,BTN,2014,22.3386097,0.0,0.28862810430187635,21.17123071973463
Bhutan,BTN,2015,20.67406845,0.0,0.24465830069684127,19.79465734804681
Bhutan,BTN,2016,21.28587914,0.0,0.24021753290012865,20.129695522683082
Bhutan,BTN,2017,14.31341457,0.0,0.16303177626837045,13.30646629960907
Bhutan,BTN,2018,14.39869499,0.0,0.14942068903096986,13.163804790391092
Bhutan,BTN,2019,19.467350009999997,0.0,0.2002137471939404,17.790430802967805
Bhutan,BTN,2020,16.855735780000003,0.0,0.15381911608156387,15.424658805362906
Bhutan,BTN,2021,29.735996250000007,0.0,0.0756340160322516,28.52482890359203
Bhutan,BTN,2022,29.585977549999996,0.0,0.05902264765274049,28.012148575990636
Bhutan,BTN,2023,26.90403748,0.0,0.06644224292373631,25.462816761480344
India,IND,2000,76.63829041,0.0,0.8409212845020424,71.70202584808165
India,IND,2001,78.79404448999999,0.0,0.7991076633909134,74.10620759586604
India,IND,2002,79.38269042999998,0.0,0.7883890133419131,73.37396252242995
India,IND,2003,79.76470184000001,0.0,0.8150036235296217,73.42475257791062
India,IND,2004,79.78324127000002,0.0,1.7071601854290561,72.48267026799061
India,IND,2005,78.34146881000001,0.0,1.5868978721045348,73.14936495975637
India,IND,2006,78.05872345,0.0,2.055501483211819,72.25708001019305
India,IND,2007,77.58826446999998,0.0,2.9215101923963,70.81672554263639
India,IND,2008,75.50202179,0.0,3.348243405890653,69.14794390326009
India,IND,2009,73.37129974000001,0.0,3.6784899448550634,66.75774911887123
India,IND,2010,72.82318115000001,0.0,4.6749334552249895,65.18476657860502
India,IND,2011,70.25713348,0.0,5.106860184882107,62.224900667100286
India,IND,2012,71.06797027999998,0.0,5.257102248936093,63.000137114270366
India,IND,2013,76.65864563,0.0,4.788450374683764,69.07303433775897
India,IND,2014,75.58837891,0.0,4.951440310285679,67.0139989081274
India,IND,2015,73.64810180999999,0.0,4.445354058752969,64.6644145534984
India,IND,2016,72.51978302,0.0,5.0686676722059785,63.20620123857011
India,IND,2017,66.46324158,0.0,6.594278542085948,55.11247720785412
India,IND,2018,65.24591064,0.0,7.258564008395909,53.22994592266988
India,IND,2019,64.37737274,0.0,7.7278223804989015,52.00421050753484
India,IND,2020,63.09274672999999,,8.134250403592311,49.5109410823057
India,IND,2021,58.58843231000001,,8.482450364667747,45.10914708265802
India,IND,2022,58.46108627000001,,8.985927269053706,44.54134023521955
India,IND,2023,58.56241226000001,,9.816183852850898,43.88510444239283
Maldives,MDV,2000,66.85345459000001,0.0,3.8591471748678727,62.994311806736654
Maldives,MDV,2001,67.29445647999998,0.0,3.5203450107088945,57.46391657662301
Maldives,MDV,2002,70.06773376,0.0,3.1625823572236618,51.8808579980035
Maldives,MDV,2003,67.49493408000001,0.0,3.2672157426464405,53.8095921369727
Maldives,MDV,2004,68.64821624999999,0.0,3.1239383108330085,59.50084926143832
Maldives,MDV,2005,65.78005218999999,0.0,3.0020748363178247,55.65865922885193
Maldives,MDV,2006,62.40320206,0.0,2.787082078560701,49.921783102345316
Maldives,MDV,2007,52.639713289999996,0.0,2.7235496310727214,47.224989766793044
Maldives,MDV,2008,43.458713530000004,0.0,2.0128505325846784,33.10024213994842
Maldives,MDV,2009,41.84320450000001,0.0,2.186561312756506,34.31659990921718
Maldives,MDV,2010,46.69672775000001,0.0,2.603805507257054,40.079783079440105
Maldives,MDV,2011,52.90087509,0.0,2.854347253199164,39.687297863060444
Maldives,MDV,2012,50.421798710000004,0.0,2.291606684478401,32.188294341867
Maldives,MDV,2013,46.38488388,0.0,0.23297670600304035,32.2896893189027
Maldives,MDV,2014,37.40595627,0.0,0.07084166849052458,28.116890685752832
Maldives,MDV,2015,27.754314420000004,0.0,1.774925519953756,19.452291480825757
Maldives,MDV,2016,27.469978330000004,0.0,1.5709318563087509,18.93492455192908
Maldives,MDV,2017,28.37861252,0.0,2.0707209097845913,20.58518597391826
Maldives,MDV,2018,21.535856250000002,0.0,2.724849572817138,19.779842912480323
Maldives,MDV,2019,19.21926308,0.0,2.516658441608373,17.46362155443815
Maldives,MDV,2020,18.31454086,0.0,2.2175518699935712,16.90793155030496
Maldives,MDV,2021,18.539026259999996,0.0,1.4238509214397481,17.115177786374332
Maldives,MDV,2022,21.959846499999998,0.0,1.6865796821161265,20.273267852098044
Maldives,MDV,2023,19.550373080000004,0.0,1.5015254679547274,18.048852550420595
Myanmar,MMR,2000,85.6558075,,0.0,85.6558050487586
Myanmar,MMR,2001,85.89756775,,0.0,85.89757064205484
Myanmar,MMR,2002,82.23466492000001,,0.0,82.23466446247839
Myanmar,MMR,2003,83.16690062999999,,0.0,83.1668950720383
Myanmar,MMR,2004,78.88470459000001,,0.0,78.88470026009063
Myanmar,MMR,2005,82.50259399,,0.0,82.50259190926727
Myanmar,MMR,2006,75.01602936,,0.0,75.0160270836992
Myanmar,MMR,2007,82.16391753999999,,0.0,82.16391609117784
Myanmar,MMR,2008,82.45877075000001,,0.0,82.45877182982929
Myanmar,MMR,2009,82.26850128,,0.0,82.26850209277941
Myanmar,MMR,2010,80.74466705,,0.0,80.74466120044343
Myanmar,MMR,2011,77.27889252000003,,0.0,77.27888643385853
Myanmar,MMR,2012,76.7002182,,0.0,76.70021539044399
Myanmar,MMR,2013,72.23144531,,0.0,72.23144334883713
Myanmar,MMR,2014,66.03541564999999,,0.0,66.03540878426817
Myanmar,MMR,2015,70.45003510000001,,0.0,70.45003417705952
Myanmar,MMR,2016,76.67307281000001,,0.0003463616279672548,76.67272710659735
Myanmar,MMR,2017,75.68781281,,0.00048800431042980296,75.68733218786048
Myanmar,MMR,2018,76.44777679,,0.0014164473770501488,76.44636051777307
Myanmar,MMR,2019,76.63259124999999,0.0,0.01584606743099521,76.56387380929587
Myanmar,MMR,2020,77.14438628999999,0.0,0.03400321108992808,72.57280878171758
Myanmar,MMR,2021,73.31951904,0.0,0.04813753540017611,54.10145739621882
Myanmar,MMR,2022,75.84134673999999,,0.05314788137787413,65.13663517075152
Myanmar,MMR,2023,82.81489563,,0.058034784501569354,71.12589415203932
Nepal,NPL,2000,62.96961212,0.0,0.1246829529629782,55.78205070885644
Nepal,NPL,2001,57.870555880000005,0.0,0.11458631353237111,51.26501946354787
Nepal,NPL,2002,58.234478,0.0,0.16956543049608203,51.95619473799033
Nepal,NPL,2003,60.199535370000014,0.0,0.207847393824623,53.80938084570795
Nepal,NPL,2004,58.53603745,0.0,0.21052131549208813,51.60284494452192
Nepal,NPL,2005,57.20270538,0.0,0.258147363337261,49.21795819870422
Nepal,NPL,2006,49.72562027,0.0,0.3342735256075699,42.501872064262855
Nepal,NPL,2007,67.26133728,0.0,0.21316367690945462,60.9615321549208
Nepal,NPL,2008,66.54653930999999,0.0,0.20271411678585505,61.62509150289994
Nepal,NPL,2009,63.83002852999999,0.0,0.17961076755183703,57.623226627864675
Nepal,NPL,2010,68.01686858999999,0.0,0.4734676510285363,56.20389174284442
Nepal,NPL,2011,71.37844086,0.0,0.4301775141280472,58.379670074699526
Nepal,NPL,2012,69.01414489999999,0.0,0.47849136115412655,56.075432448846804
Nepal,NPL,2013,71.74947356999999,0.0,0.6446505039897994,63.53343856130966
Nepal,NPL,2014,69.06519317999998,0.0,0.4901685556394695,60.047536354567455
Nepal,NPL,2015,68.99210357999999,0.0,0.38046005591491394,59.435243242523015
Nepal,NPL,2016,69.71259307999999,0.0,0.3904479351299349,55.440067565926746
Nepal,NPL,2017,62.018611910000004,0.0,0.6411408219940733,57.375480186382106
Nepal,NPL,2018,62.89521027000001,0.0,2.8104700811618493,57.72503316537156
Nepal,NPL,2019,63.28118515,0.0,3.123563547011188,57.913130493968126
Nepal,NPL,2020,59.39722823999998,0.0,2.9496057822474557,54.1709718196769
Nepal,NPL,2021,55.81628035999999,0.0,1.2090242044706832,53.12565906675972
Nepal,NPL,2022,57.59489822000002,0.0,0.9487888813088844,55.424488347624234
Nepal,NPL,2023,61.74745560000001,0.0,1.2262583369367566,59.38827429648037
Sri Lanka,LKA,2000,45.45687103,0.0,1.4534117091399192,40.043853846857964
Sri Lanka,LKA,2001,46.71311188,0.0,1.461625820178889,41.09132397712735
Sri Lanka,LKA,2002,46.35093688999999,0.0,1.9698001424641574,40.45339624224523
Sri Lanka,LKA,2003,43.85919571000001,0.0,1.9289584366378099,37.60930446687715
Sri Lanka,LKA,2004,46.78730011,0.0,1.8903419772739873,41.03234928359543
Sri Lanka,LKA,2005,46.51676941000001,0.0,2.1572391070503674,40.50283075584315
Sri Lanka,LKA,2006,46.558525089999996,0.0,1.793666149697044,40.9494170614584
Sri Lanka,LKA,2007,50.39842987,0.0,1.7167514963882375,44.85179342398447
Sri Lanka,LKA,2008,55.92298889,0.0,1.5241645625275202,50.64072825283336
Sri Lanka,LKA,2009,58.19237518,0.0,1.3300846412193048,53.28553065974998
Sri Lanka,LKA,2010,58.403194429999985,0.0,1.3204588428529385,53.29795158638011
Sri Lanka,LKA,2011,56.9463501,0.0,1.7369508134574707,51.22101694472045
Sri Lanka,LKA,2012,57.39594268999999,0.0,1.732945459810287,51.93098920321639
Sri Lanka,LKA,2013,53.936973570000006,0.0,1.6473612124437218,48.93375576723599
Sri Lanka,LKA,2014,54.06346129999999,0.0,1.8630712356479133,48.68254233467553
Sri Lanka,LKA,2015,54.67240523999999,0.0,1.9549471208627234,48.93215271759589
Sri Lanka,LKA,2016,56.01026535,0.0,2.0449056096701383,50.1215998901744
Sri Lanka,LKA,2017,56.05601882999999,0.0,2.5532556617948448,49.25233001545947
Sri Lanka,LKA,2018,52.813446039999995,0.0,1.999281653056986,46.81987118976395
Sri Lanka,LKA,2019,51.00220871,,2.8177557829538995,44.29746702289316
Sri Lanka,LKA,2020,44.04909514999999,,2.82273062269935,37.509953433749104
Sri Lanka,LKA,2021,45.932456970000004,,2.1818293832694953,40.73858937628052
Sri Lanka,LKA,2022,50.39741134999999,,1.9205653996478682,45.288082028323345
Sri Lanka,LKA,2023,60.38124466000001,,2.0288534686443476,54.81069866400852
Thailand,THA,2000,44.8037529,2.7599465773027148,3.1945737107117473,34.1855877829358
Thailand,THA,2001,44.965145109999995,2.9531968694218387,3.305334317290943,33.98860751490114
Thailand,THA,2002,37.523967739999996,2.658163373856139,3.057207730015636,27.89708253654944
Thailand,THA,2003,36.744277950000004,2.5514559364146843,3.308612945685827,27.16780075965267
Thailand,THA,2004,35.704906460000004,2.573731635831841,3.4621051006886785,26.408851432802035
Thailand,THA,2005,36.23268126999999,2.3736029953388633,3.416972385053708,27.583062440263383
Thailand,THA,2006,27.991643910000004,3.339032078059812,3.93930379868369,17.65686161270273
Thailand,THA,2007,24.33661461,3.2154121317377085,3.8300576297501148,14.813794072638663
Thailand,THA,2008,24.50151253,2.79974380432155,4.022232886291525,14.70176200488934
Thailand,THA,2009,26.799755100000006,2.3917232823095556,5.424950659073221,15.902490070647879
Thailand,THA,2010,26.09715271,2.462509034462407,5.934148933446817,14.497379638903093
Thailand,THA,2011,23.38223648,2.4297953541285007,4.873319882470635,13.008713052932121
Thailand,THA,2012,23.789114,2.0806342571543848,5.474593659008227,13.421868457337508
Thailand,THA,2013,23.73593712,2.2751476855821893,6.157184045793539,12.540232243349436
Thailand,THA,2014,23.97712708,1.7870418562488053,6.543484722762272,12.856080880910413
Thailand,THA,2015,28.368717189999995,2.984039666617063,10.611851640449125,11.910616623876686
Thailand,THA,2016,27.52309608,3.2202240966308353,10.700362894806249,10.813033168775672
Thailand,THA,2017,27.876300810000004,2.512863873631118,10.761783269570577,11.837904339452102
Thailand,THA,2018,28.98598862,2.814650310524981,13.45956554069401,10.111096256725641
Thailand,THA,2019,28.22701263,3.0446458788029775,13.847971534973807,8.669603209469528
Thailand,THA,2020,29.556692119999997,2.6213179331589944,14.05842617151989,10.542767879836846
Thailand,THA,2021,29.54946327,2.1157029520904205,16.47695550458727,9.044495572426543
Thailand,THA,2022,27.229904169999998,1.8108151632680636,14.714203302072566,9.211553671965538
Thailand,THA,2023,22.0200367,2.2593056527772135,8.054007911145204,9.93404861587205
Timor-Leste,TLS,2003,46.65341568,0.0,0.0,40.93309062643714
Timor-Leste,TLS,2004,40.616447449999995,0.0,0.0,34.5907202038064
Timor-Leste,TLS,2005,39.37228011999999,0.0,0.0,33.20261613660262
Timor-Leste,TLS,2006,24.43627739,0.0,0.0,22.019385353079187
Timor-Leste,TLS,2007,18.702247619999998,0.0,0.0,18.25991250762922
Timor-Leste,TLS,2008,11.520395279999999,0.0,0.0,11.520394288153065
Timor-Leste,TLS,2009,8.9651556,0.0,0.0,8.844770754174595
Timor-Leste,TLS,2010,11.86230469,0.0,0.0,11.564626303293961
Timor-Leste,TLS,2011,10.357434269999999,0.0,0.0,9.924847794421343
Timor-Leste,TLS,2012,9.493408200000001,0.0,0.0,9.493401635851187
Timor-Leste,TLS,2013,6.967872140000002,0.0,0.0,6.968231580361341
Timor-Leste,TLS,2014,11.44145203,0.0,3.5350139037821915,7.906072226967884
Timor-Leste,TLS,2015,11.2844553,0.0,3.924957366377157,7.3592950619571695
Timor-Leste,TLS,2016,11.206893919999997,0.0,3.302384631741824,7.904644065339473
Timor-Leste,TLS,2017,11.621650699999998,0.0,3.2767357688086087,8.344915303096688
Timor-Leste,TLS,2018,10.156642909999999,0.0,,10.156639286354187
Timor-Leste,TLS,2019,10.48483944,0.0,,10.48759166289466
Timor-Leste,TLS,2020,6.68426275,0.0,,6.684258877407801
Timor-Leste,TLS,2021,5.890947819999999,0.0,,5.890944876939928
Timor-Leste,TLS,2022,5.479485510000001,0.0,,5.4794848000322505
Timor-Leste,TLS,2023,6.9933362,0.0,,6.993333603071439
Australia,AUS,2000,28.16367722,0.0,7.680130694238631,20.997139666427916
Australia,AUS,2001,28.891519550000005,0.0,8.741970582114709,20.43909770084053
Australia,AUS,2002,28.062311169999994,0.0,8.655578288374286,19.92001246394669
Australia,AUS,2003,28.658746719999993,0.0,8.69678415428325,19.147588501397056
Australia,AUS,2004,28.31289673,0.0,8.315129126428017,19.218695938853116
Australia,AUS,2005,28.16251373,0.0,8.262201945900538,19.643014595886886
Australia,AUS,2006,28.33368491999999,0.0,8.312529920744296,19.749419094077037
Australia,AUS,2007,27.093799589999996,0.0,8.277237525736899,19.002560108216056
Australia,AUS,2008,27.670080180000003,0.0,8.501634438004778,19.041625687167564
Australia,AUS,2009,26.989459989999993,0.0,8.206877389278729,19.052843154183574
Australia,AUS,2010,27.642724989999998,0.0,8.239846602078803,19.749287404830667
Australia,AUS,2011,26.739704130000007,0.0,8.16648419799436,19.172483880372383
Australia,AUS,2012,28.76534462,0.0,8.889625491560988,19.934338991052076
Australia,AUS,2013,32.27200699,1.1924926543389762,13.155454805963052,19.526924010485345
Australia,AUS,2014,29.885379789999995,1.0161726615469822,12.357082268730693,17.847363940492567
Australia,AUS,2015,28.736848830000003,0.9665365070647749,12.276031705333732,16.916468198706205
Australia,AUS,2016,28.59527588000001,0.9910799367291272,12.2445417105951,16.633507231015955
Australia,AUS,2017,28.474321369999995,0.9248026527290639,12.082168827333298,16.313337145164013
Australia,AUS,2018,28.726102830000002,1.0855004140111952,11.78492436741297,16.48277364083041
Australia,AUS,2019,26.49208832,1.1419844198927094,11.182562471608806,15.01641500836574
Australia,AUS,2020,26.63095093,1.071475002742002,10.872288960624992,15.23493188396015
Australia,AUS,2021,24.516710279999998,1.0189237337355448,9.695065855855828,14.460834318030598
Australia,AUS,2022,25.711465839999995,1.0592740790989772,10.17246286852461,15.132686829942221
Australia,AUS,2023,26.339159009999992,1.1050061709071413,10.040767567295271,15.848976492981718
Brunei Darussalam,BRN,2000,15.831317899999998,0.0,0.10873746970132697,15.831313421798612
Brunei Darussalam,BRN,2001,16.80674553,0.0,0.11543658624440266,16.80674642973175
Brunei Darussalam,BRN,2002,16.410549160000002,0.0,0.11270302960508023,16.410550859129195
Brunei Darussalam,BRN,2003,17.051342010000003,0.0,0.11711919783857325,17.051339105903754
Brunei Darussalam,BRN,2004,16.90948105,0.0,0.11614440456741021,16.909481205445825
Brunei Darussalam,BRN,2005,16.3339653,0.0,0.11219020729510526,16.333962549859525
Brunei Darussalam,BRN,2006,14.688525199999997,0.0,0.11588260439658442,14.688527348158063
Brunei Darussalam,BRN,2007,12.78499699,0.0,0.11578995031475195,12.784999267286576
Brunei Darussalam,BRN,2008,10.10822678,0.0,0.10502546595293641,10.108237728512275
Brunei Darussalam,BRN,2009,9.499395370000002,0.0,0.11326567646951256,9.49940208127221
Brunei Darussalam,BRN,2010,8.26134777,0.0,0.1131498525458648,8.261348839326214
Brunei Darussalam,BRN,2011,8.47187233,0.0,0.11587873751774268,8.471868796049861
Brunei Darussalam,BRN,2012,8.851931570000001,0.0,0.12081337975276393,8.851928955954579
Brunei Darussalam,BRN,2013,9.40743065,0.0,0.1282327177096575,9.407419455495202
Brunei Darussalam,BRN,2014,7.334601879999999,0.0,0.12920794967891056,7.3345997033723505
Brunei Darussalam,BRN,2015,4.97357845,0.0,0.1321972622363248,4.97357671644228
Brunei Darussalam,BRN,2016,4.979813099999999,0.0,0.1323743558546016,4.979815148971849
Brunei Darussalam,BRN,2017,5.403650279999999,0.0,0.14384682958772377,5.411423338004672
Brunei Darussalam,BRN,2018,4.98102903,0.0,0.12894182907134394,4.852087296746069
Brunei Darussalam,BRN,2019,5.64648533,0.0,0.1463601604039408,5.500123099188898
Brunei Darussalam,BRN,2020,5.88405609,0.0,0.07381642767909578,5.810238281473755
Brunei Darussalam,BRN,2021,6.976747040000002,0.0,0.04948045522018803,6.927263730826324
Brunei Darussalam,BRN,2022,7.91900349,0.0,0.056163128254365084,7.862837847569406
Brunei Darussalam,BRN,2023,7.464738850000001,0.0,0.052941385866238956,7.411793901758884
Cambodia,KHM,2000,78.13065338,0.0,0.10492724054539836,68.75364106829542
Cambodia,KHM,2001,76.01329803000002,0.0,0.09517044360548284,62.39422461575647
Cambodia,KHM,2002,72.84107971,0.0,0.08974365860179978,60.83033871230733
Cambodia,KHM,2003,68.1381073,0.0,0.09802513924684711,61.897941881484655
Cambodia,KHM,2004,64.7696228,0.0,0.09712359060615297,56.65092044373138
Cambodia,KHM,2005,68.01471709999998,0.0,0.10390243182164169,61.243380602799206
Cambodia,KHM,2006,64.79239654999999,0.0,0.11624554301323624,52.65016924562641
Cambodia,KHM,2007,52.650424959999995,0.0,0.13746493632307183,46.53352162541043
Cambodia,KHM,2008,68.23893738,0.0,0.15160415563368804,51.07616195754014
Cambodia,KHM,2009,67.71940613,0.0,0.2067302994634316,50.50344649114055
Cambodia,KHM,2010,66.3832016,0.0,0.15616184919379605,51.909465709611645
Cambodia,KHM,2011,71.82814026,0.0,0.22870964627601095,59.74188114546516
Cambodia,KHM,2012,64.22532654,0.0,0.06685323504382086,59.57627177496735
Cambodia,KHM,2013,63.365123749999995,0.0,0.027965834406518356,59.981623824716365
Cambodia,KHM,2014,62.12366486,0.0,0.0,58.098062979339986
Cambodia,KHM,2015,59.03324889999999,0.0,0.483937245706741,58.41831253479815
Cambodia,KHM,2016,64.96757507,0.0,0.6061013773163825,56.05389971596658
Cambodia,KHM,2017,64.29042816,0.0,0.6130141402135262,58.23594935252553
Cambodia,KHM,2018,66.61171722000002,0.0,0.6915446626377375,60.968803119126136
Cambodia,KHM,2019,69.18743896000002,0.0,0.8737753901530496,64.39125045114997
Cambodia,KHM,2020,61.115863800000014,,0.5878075551177733,60.24520536049223
Cambodia,KHM,2021,42.31358719,,0.4358999928288385,41.6681286338115
Cambodia,KHM,2022,62.53143311,,0.8362143146756913,60.97100640295448
Cambodia,KHM,2023,61.84569168,,1.0699819164627888,60.60119012103081
China,CHN,2000,77.99923706,,0.36006259367809795,60.12533863290784
China,CHN,2001,76.86101532,,0.4717635500204053,64.19143638813796
China,CHN,2002,74.46868134000002,,1.2627949183440614,62.85082241914736
China,CHN,2003,71.49859619,,1.7545216468366516,60.717767584552114
China,CHN,2004,69.63254547,,1.826708279956218,58.76867711946386
China,CHN,2005,67.0321579,,1.9912787037476856,57.68999415432759
China,CHN,2006,64.71517944,,2.094378919375369,55.991185724129544
China,CHN,2007,60.79319382000001,,0.9818299904308736,51.29121072667388
China,CHN,2008,55.32193375000001,,2.121020620929523,47.368250771851315
China,CHN,2009,50.49612808,,2.004550951150875,43.456219847160654
China,CHN,2010,47.97203445,,2.1155997648325022,40.800014547578606
China,CHN,2011,46.20240020999999,,2.2042579360450136,40.265541096836564
China,CHN,2012,44.20845794999999,,1.737317009049146,39.23458805999779
China,CHN,2013,42.89425659,,2.06157359405283,38.159515809976384
China,CHN,2014,41.55432129,,2.619624215725749,36.56483176489931
China,CHN,2015,39.81039047,,3.2903811025325322,35.089286091772934
China,CHN,2016,41.89695358,,4.323366304535076,35.90618521804722
China,CHN,2017,43.32621001999999,,4.652673302596795,36.050410317110206
China,CHN,2018,43.58293152,,5.411859195151629,35.75046887098675
China,CHN,2019,44.02029419,,6.435917099770843,35.23002022441529
China,CHN,2020,45.27583313,,7.228489938095695,34.79100810789668
China,CHN,2021,45.93153,0.0,8.58865321493185,34.394764598726894
China,CHN,2022,42.30011748999999,0.0,7.478720122108923,31.627673518845757
China,CHN,2023,42.897300720000004,0.0,7.362742314384333,32.17354567877609
Fiji,FJI,2000,15.305739399999998,0.0,4.468460504057491,10.837266704365424
Fiji,FJI,2001,18.611888889999996,0.0,5.433688360733008,13.178211886352177
Fiji,FJI,2002,17.398326869999998,0.0,5.079388196053366,12.318936463903643
Fiji,FJI,2003,18.155042650000002,0.0,5.300309178224938,12.854729636092307
Fiji,FJI,2004,18.29716682,0.0,5.341803535585651,12.95536828133622
Fiji,FJI,2005,17.071834559999996,0.0,4.984063818316937,12.087748513282751
Fiji,FJI,2006,21.38614082,0.0,7.039749876309078,14.346371989034056
Fiji,FJI,2007,24.198961259999997,0.0,8.611854782537112,15.587112090659613
Fiji,FJI,2008,24.146593089999996,0.0,7.641008881640255,16.505611753110742
Fiji,FJI,2009,31.165487289999998,0.0,6.576083923888176,24.58940163309339
Fiji,FJI,2010,29.793245319999993,0.0,7.422523209400369,22.370722518724495
Fiji,FJI,2011,34.98676682,0.0,9.664120812358966,25.316785280333274
Fiji,FJI,2012,34.658817289999995,0.0,9.8695721329728,24.789247653888975
Fiji,FJI,2013,36.53220367,0.0,12.796740065049162,22.54663725746757
Fiji,FJI,2014,34.5952034,0.0,13.09261658031088,19.89637305699482
Fiji,FJI,2015,34.33353423999999,0.0,12.867696010730333,21.02604493631929
Fiji,FJI,2016,33.009483339999996,0.0,11.738208682642684,20.638285142005778
Fiji,FJI,2017,31.443723679999994,0.0,13.439015398576412,15.594248929472815
Fiji,FJI,2018,32.78167343,0.0,11.13456123062942,18.002982033503187
Fiji,FJI,2019,29.95570755,0.0,9.813553866628252,19.149045408058814
Fiji,FJI,2020,37.669666289999995,0.0,12.782542811889392,22.83022708269717
Fiji,FJI,2021,41.458705900000005,0.0,13.832343504538322,24.709913215602295
Fiji,FJI,2022,13.53397465,,3.077991905200069,7.998970330426289
Fiji,FJI,2023,13.604955669999999,,3.1242043887419713,8.314208672002197
Indonesia,IDN,2000,67.40991973999999,0.0,4.90057598564463,45.19502332963686
Indonesia,IDN,2001,59.51455687999999,0.0,3.8782540092654103,40.492108832772885
Indonesia,IDN,2002,64.58784485000001,0.0,2.0114700269014922,46.377962589021266
Indonesia,IDN,2003,62.373538970000006,0.0,2.087241253439763,46.01685389012364
Indonesia,IDN,2004,62.73160552999999,0.0,1.6876349400423587,45.91063647451277
Indonesia,IDN,2005,69.45800018,0.0,1.4581760687843335,55.32828155357118
Indonesia,IDN,2006,66.92236328000001,0.0,1.29939487985417,53.37503988684431
Indonesia,IDN,2007,62.269149779999985,0.0,1.3621121775921825,49.54561935253454
Indonesia,IDN,2008,63.5949707,0.0,1.638046430264667,49.36756641603164
Indonesia,IDN,2009,63.255760189999975,0.0,1.8041121463282288,49.22135542022577
Indonesia,IDN,2010,75.45695496000002,0.0,3.3774212688147025,60.58386553975053
Indonesia,IDN,2011,75.56675720000001,0.0,2.910903791092246,56.22341853190061
Indonesia,IDN,2012,72.71173859,0.0,2.603781751408672,53.61792401212755
Indonesia,IDN,2013,70.38717651,0.0,3.5352291262113735,50.89988175529465
Indonesia,IDN,2014,64.48092651,0.0,3.2701843058353917,45.247289860058224
Indonesia,IDN,2015,59.91054152999999,0.0,2.976836956311081,42.715767902707
Indonesia,IDN,2016,53.94567871000002,0.0,3.242496609287413,38.12414831349806
Indonesia,IDN,2017,52.83429337,0.0,3.4806933477233413,36.177753257131144
Indonesia,IDN,2018,50.91791534,0.0,3.3045444715562633,35.239547471011484
Indonesia,IDN,2019,50.87226868,0.0,3.767922128674938,34.55001228455235
Indonesia,IDN,2020,44.32585526000001,0.0,3.0469854873191435,31.19621735042119
Indonesia,IDN,2021,38.544307710000005,0.0,3.1449267549528708,27.167331962083427
Indonesia,IDN,2022,47.25454330000001,0.0,4.568797119023876,32.96290995495087
Indonesia,IDN,2023,45.830249789999996,0.0,5.441343651085208,31.08365355648925
Japan,JPN,2000,19.56947136,,2.5023625948493464,15.91636377260622
Japan,JPN,2001,19.03591728,,2.4260543360567994,15.785701227328852
Japan,JPN,2002,19.24702835,,2.4458595705890644,15.978507050752828
Japan,JPN,2003,20.036191940000002,,2.443276821236455,16.886775272474356
Japan,JPN,2004,19.72579384,,2.4417245948553146,16.58894617894987
Japan,JPN,2005,18.83203888,,2.478820120830846,15.67343474810104
Japan,JPN,2006,19.67846107,,2.5564809746592063,16.422067961042025
Japan,JPN,2007,18.75071335,,2.550578836346628,15.515058203996798
Japan,JPN,2008,18.829383850000003,,2.458672160452803,15.238265240297755
Japan,JPN,2009,18.705820080000002,,2.456559520919446,15.159133352909972
Japan,JPN,2010,18.072757720000002,,2.4468755947808587,14.570359216972902
Japan,JPN,2011,16.25937462,,2.2106420831191036,13.121783089435368
Japan,JPN,2012,16.06931305,,2.1913126675796617,12.972343929332892
Japan,JPN,2013,15.739086149999997,,2.2005030983103144,12.70128087052974
Japan,JPN,2014,15.88213825,,2.1957467829759,12.869680132543289
Japan,JPN,2015,15.91701698,0.0,2.1845222780204105,12.947671043761575
Japan,JPN,2016,15.962790490000003,0.0,2.2488726788847084,12.854398554140232
Japan,JPN,2017,15.78530979,0.0,2.2670662374115245,12.654927674002577
Japan,JPN,2018,16.2290554,0.0,2.302504741931244,12.994567075196478
Japan,JPN,2019,16.03604889,0.0,2.2404584172651942,12.901772064284803
Japan,JPN,2020,14.602729800000002,0.0,2.1591525564135035,11.558646660753494
Japan,JPN,2021,13.736047739999998,0.0,2.098472633899891,10.8197004547274
Japan,JPN,2022,13.979630469999998,0.0,2.040807440900104,11.14808705042108
Japan,JPN,2023,15.174516680000002,0.0,2.0803423081584915,12.235681764490451
Kiribati,KIR,2000,3.31963992,0.0,,0.15057537743563146
Kiribati,KIR,2001,1.9273496899999998,0.0,,0.09999400035997842
Kiribati,KIR,2002,2.14355254,0.0,,0.10957967012085433
Kiribati,KIR,2003,2.8442719,0.0,,0.11495875602525059
Kiribati,KIR,2004,2.24868846,0.0,,0.09662171153501235
Kiribati,KIR,2005,2.6925773600000005,0.0,,0.11812721119373452
Kiribati,KIR,2006,2.0239236400000005,0.0,,0.059348237654082855
Kiribati,KIR,2007,2.1556446600000005,0.0,,0.16611295681063123
Kiribati,KIR,2008,2.24640775,0.0,,0.16913319238900634
Kiribati,KIR,2009,2.87552667,0.0,,0.4361098996947231
Kiribati,KIR,2010,4.02159882,0.0,,0.6337135614702154
Kiribati,KIR,2011,3.9817440499999996,0.0,,0.6587615283267456
Kiribati,KIR,2012,4.80898666,0.0,,0.6289308176100629
Kiribati,KIR,2013,3.3827953299999995,0.0,,0.5494505494505495
Kiribati,KIR,2014,3.7792074700000002,0.0,,0.5030181086519114
Kiribati,KIR,2015,4.790988919999999,0.0,,1.0869565217391306
Kiribati,KIR,2016,3.73358846,0.0,,0.7955901576844656
Kiribati,KIR,2017,3.11566138,0.0,,0.7096943819663024
Kiribati,KIR,2018,2.9536950600000003,0.0,,0.5863825138785226
Kiribati,KIR,2019,3.2093081499999996,0.0,,0.6305582597265468
Kiribati,KIR,2020,2.82873058,0.0,,0.684350172470786
Kiribati,KIR,2021,3.0307011600000004,0.0,,0.6672199307710214
Kiribati,KIR,2022,3.3291912100000003,,,0.7877278740801551
Kiribati,KIR,2023,12.29257298,,,2.908572191317657
Lao People's Democratic Republic,LAO,2000,61.33134459999999,,0.1022176903674021,44.779740108372266
Lao People's Democratic Republic,LAO,2001,48.49234772,,0.10485574694426741,43.971467192572426
Lao People's Democratic Republic,LAO,2002,56.80447006000001,,0.35306852375908254,49.669366816152284
Lao People's Democratic Republic,LAO,2003,61.62331772,,0.28809386188087477,54.75913637354731
Lao People's Democratic Republic,LAO,2004,55.204956049999986,,0.41793431267211245,47.259190703168784
Lao People's Democratic Republic,LAO,2005,52.61207581,,0.4160427954645887,43.72243898038444
Lao People's Democratic Republic,LAO,2006,50.24878693000001,,0.44257674865571445,41.07786438759931
Lao People's Democratic Republic,LAO,2007,57.43625259,,0.34268996955079645,35.17124807754337
Lao People's Democratic Republic,LAO,2008,59.47414398000001,,0.42389548807260186,31.377788552891456
Lao People's Democratic Republic,LAO,2009,47.29646301000001,,0.30590221536143586,26.876940001929007
Lao People's Democratic Republic,LAO,2010,62.551792139999996,,0.4092833373738318,35.96013088494687
Lao People's Democratic Republic,LAO,2011,53.52558517,,0.9231783409521213,52.602411321032676
Lao People's Democratic Republic,LAO,2012,51.94340896999999,,3.311540449075584,48.63186994098266
Lao People's Democratic Republic,LAO,2013,51.30714798,,0.32006310946513095,48.703323226446756
Lao People's Democratic Republic,LAO,2014,53.46399307,,0.2484225830894382,50.87946549729929
Lao People's Democratic Republic,LAO,2015,47.82938384999999,0.0,0.18003751194320658,45.36532622425604
Lao People's Democratic Republic,LAO,2016,49.479576109999996,0.0,0.12539593348410558,46.442121591579706
Lao People's Democratic Republic,LAO,2017,48.1410675,0.0,,46.23710725140748
Lao People's Democratic Republic,LAO,2018,48.85313033999999,0.0,0.09109705015672594,48.54592798082249
Lao People's Democratic Republic,LAO,2019,41.85755157,0.0,0.025263437901023117,41.83228506694637
Lao People's Democratic Republic,LAO,2020,43.8791275,0.0,0.01453641153913089,41.057891693309514
Lao People's Democratic Republic,LAO,2021,35.77369308,0.0,,30.705582548530646
Lao People's Democratic Republic,LAO,2022,32.66844177,0.0,,28.685785564923787
Lao People's Democratic Republic,LAO,2023,44.84078598,0.0,,44.840784938958734
Malaysia,MYS,2000,53.34291077,0.0,6.0854894068077385,40.702011919044025
Malaysia,MYS,2001,49.48713303000001,0.0,6.647784072025323,35.69312187394403
Malaysia,MYS,2002,48.78622437,0.0,7.278077587991895,34.64449837264636
Malaysia,MYS,2003,48.05901336999999,0.0,8.025143297621351,34.498829256588024
Malaysia,MYS,2004,49.06328201,0.0,7.958737622543779,36.10705001704114
Malaysia,MYS,2005,51.10010529,0.0,7.607329902112584,38.043800012780046
Malaysia,MYS,2006,46.12762070000001,0.0,7.121759942574085,34.73173876648727
Malaysia,MYS,2007,47.079532619999995,0.0,7.309817899056502,35.123051616302526
Malaysia,MYS,2008,46.877353670000005,0.0,7.734743910722665,35.53602742526117
Malaysia,MYS,2009,44.444213870000006,0.0,8.90946240082907,32.19156252517633
Malaysia,MYS,2010,46.94337845,0.0,9.380805083069111,34.11670014543168
Malaysia,MYS,2011,46.754791260000005,0.0,9.32308801746622,34.01270753920736
Malaysia,MYS,2012,46.068649289999996,0.0,9.03098325172946,33.037974049909906
Malaysia,MYS,2013,46.09438323999999,0.0,8.824652093081404,33.66908672435802
Malaysia,MYS,2014,45.26470947,0.0,8.743197054338648,33.044671895897025
Malaysia,MYS,2015,46.79576874000001,0.0,9.43461910198217,33.70749378841772
Malaysia,MYS,2016,48.965698239999995,0.0,10.09701849732735,35.94845608537733
Malaysia,MYS,2017,48.254917139999996,0.0,9.72369773270898,35.934403380121275
Malaysia,MYS,2018,48.74312592,0.0,9.60420756526313,36.64058200258241
Malaysia,MYS,2019,47.665470119999995,0.0,10.049851971849067,36.062657643668835
Malaysia,MYS,2020,46.68740082000001,0.0,10.167515476907717,34.246397931151314
Malaysia,MYS,2021,43.782493589999994,0.0,9.690143140300876,32.081350193929936
Malaysia,MYS,2022,49.406166080000006,0.0,10.894824851005446,37.87105718246652
Malaysia,MYS,2023,49.96986389,0.0,11.30894194979576,37.09351942878489
Marshall Islands,MHL,2000,2.3875253199999995,0.0,0.9644207373910679,1.4231020690617564
Marshall Islands,MHL,2001,2.8544938600000007,0.0,1.155248276499628,1.6824542557066529
Marshall Islands,MHL,2002,2.6840956200000003,0.0,1.0798880267620965,1.5842172074521557
Marshall Islands,MHL,2003,2.4430036499999996,0.0,0.9790736659406324,1.4504407238557282
Marshall Islands,MHL,2004,2.39447641,0.0,0.9191760497813761,1.4607245589791453
Marshall Islands,MHL,2005,1.8632930499999998,0.0,0.7029243129917687,1.1557691253419118
Marshall Islands,MHL,2006,1.4951467499999997,0.0,0.5801751154907248,0.9149702776978271
Marshall Islands,MHL,2007,2.00435066,0.0,0.7647248234284261,1.2396241690197942
Marshall Islands,MHL,2008,1.8078336700000002,0.0,0.709675752252731,1.0981549472016043
Marshall Islands,MHL,2009,1.7579114399999998,0.0,0.6930393141104754,1.064874141507627
Marshall Islands,MHL,2010,1.8049352200000002,0.0,0.732023073419111,1.0729141350759253
Marshall Islands,MHL,2011,2.80334973,0.0,1.146508900640597,1.6568452969316605
Marshall Islands,MHL,2012,2.6956229200000004,0.0,1.1180916282466262,1.5775326760584634
Marshall Islands,MHL,2013,2.61312819,0.0,1.0675739983689843,1.5455575314307648
Marshall Islands,MHL,2014,2.56138062,0.0,1.0578703441209605,1.5035109924434515
Marshall Islands,MHL,2015,2.1018855600000004,0.0,0.8823833295500044,1.2195056014587171
Marshall Islands,MHL,2016,2.03983164,0.0,0.8866661772698037,1.1531630034588825
Marshall Islands,MHL,2017,2.5160293600000005,0.0,1.0764193059920126,1.4396071824036998
Marshall Islands,MHL,2018,2.08977675,0.0,0.9111495111686329,1.1786280383578838
Marshall Islands,MHL,2019,2.00650859,0.0,0.8818500326796446,1.1246551562668152
Marshall Islands,MHL,2020,2.38756943,0.0,1.083829663527787,1.3037374071152101
Marshall Islands,MHL,2021,2.2286441299999997,0.0,1.0353644160220656,1.193276126024919
Marshall Islands,MHL,2022,1.9863640100000002,0.0,0.9504991661671884,1.035862047705455
Marshall Islands,MHL,2023,2.01781774,0.0,0.9648700931654542,1.05294766917717
Micronesia (Federated States of),FSM,2000,5.303243639999998,0.0,,4.819454907529054
Micronesia (Federated States of),FSM,2001,5.2611208,0.0,,4.811158978778379
Micronesia (Federated States of),FSM,2002,5.883031369999999,0.0,,5.411477029062275
Micronesia (Federated States of),FSM,2003,5.292369839999999,0.0,,4.894928982869091
Micronesia (Federated States of),FSM,2004,14.687322619999998,0.0,10.008204619392512,4.350052474598845
Micronesia (Federated States of),FSM,2005,12.225003240000001,0.0,8.80343770900474,3.202762435033336
Micronesia (Federated States of),FSM,2006,19.86447525,0.0,14.476672677655893,5.03086129416543
Micronesia (Federated States of),FSM,2007,18.077936169999997,0.0,13.101375602918418,4.4663629084522825
Micronesia (Federated States of),FSM,2008,15.766830440000001,0.0,11.34730351558404,4.099269283656731
Micronesia (Federated States of),FSM,2009,13.6090126,0.0,9.548216219415114,3.749737532883075
Micronesia (Federated States of),FSM,2010,11.874310490000001,0.0,8.354875176803514,3.233531787370175
Micronesia (Federated States of),FSM,2011,12.16262341,0.0,8.85107734702777,3.0252193519688686
Micronesia (Federated States of),FSM,2012,12.76585579,0.0,9.58709306722744,2.884987080536847
Micronesia (Federated States of),FSM,2013,12.861738199999996,0.0,10.135149448566825,2.7265913402542155
Micronesia (Federated States of),FSM,2014,14.051482199999999,0.0,11.425877298322412,2.625600309560262
Micronesia (Federated States of),FSM,2015,13.425614360000003,0.0,10.798400216865662,2.6272182480557693
Micronesia (Federated States of),FSM,2016,13.86305332,0.0,11.467453839161239,2.3956030400786847
Micronesia (Federated States of),FSM,2017,16.060586930000003,0.0,13.506703360269626,2.553881115142995
Micronesia (Federated States of),FSM,2018,17.11640739,0.0,14.430440924870336,2.6859670640016606
Micronesia (Federated States of),FSM,2019,16.317441940000002,0.0,13.622544819020687,2.694893206113451
Micronesia (Federated States of),FSM,2020,12.62366199,0.0,9.955889230414178,2.6677746927914887
Micronesia (Federated States of),FSM,2021,9.929671290000002,0.0,7.119846939796758,2.8098242344135214
Micronesia (Federated States of),FSM,2022,10.310448650000001,0.0,7.683806988926268,2.6266422084999723
Micronesia (Federated States of),FSM,2023,14.29917145,0.0,11.718112030873469,2.581056319079498
Mongolia,MNG,2000,23.06217384,0.0,0.02146834212000208,18.512214658997557
Mongolia,MNG,2001,25.189548490000007,0.0,0.024461541846478654,20.770065118284943
Mongolia,MNG,2002,24.91884995,0.0,0.024660014125801284,20.993796606952696
Mongolia,MNG,2003,26.90624046,0.0,0.03185814617868857,23.92341073342073
Mongolia,MNG,2004,28.5906601,0.0,0.03585814772799565,24.662497430713984
Mongolia,MNG,2005,34.60889816,0.0,0.040024827864888035,31.4964553956432
Mongolia,MNG,2006,29.30725098,0.0,0.04163300989133065,25.55569756520344
Mongolia,MNG,2007,26.518712999999998,0.0,0.03928470520923153,23.281063955884935
Mongolia,MNG,2008,23.52390671,0.0,0.03574165108225454,21.42464436667159
Mongolia,MNG,2009,24.76078987,0.0,0.18508227082647435,22.759475437192886
Mongolia,MNG,2010,30.27305603,0.0,0.20286703870499131,28.05504750973708
Mongolia,MNG,2011,34.37726212,0.0,0.2448551596458636,32.00390176190989
Mongolia,MNG,2012,33.441295620000005,0.0,0.24846151306487105,31.509331143359706
Mongolia,MNG,2013,39.024639130000004,0.0,0.2444076546558039,37.0995746616004
Mongolia,MNG,2014,36.820861820000005,0.0,0.30769239435125184,34.6757924257727
Mongolia,MNG,2015,38.61853408999999,0.0,0.3603497161092983,36.375256471424166
Mongolia,MNG,2016,35.893985750000006,0.0,0.45334535536985715,34.81768345861539
Mongolia,MNG,2017,39.19174193999999,0.0,0.46067722868024374,38.04784048736075
Mongolia,MNG,2018,45.25228119,0.0,0.6081632279280527,43.93989897384287
Mongolia,MNG,2019,44.541721339999995,0.0,0.674154427108754,43.10778273242525
Mongolia,MNG,2020,44.939685819999994,0.0,1.1955845699709156,43.71080519542019
Mongolia,MNG,2021,31.8818779,0.0,0.548740946829611,30.870663485830153
Mongolia,MNG,2022,40.271286010000004,0.0,0.43542073821054655,38.94818483481257
Mongolia,MNG,2023,51.24559020999999,0.0,0.6257212627332748,48.79919244013975
Nauru,NRU,2000,4.37173462,,0.0,2.5520743900822045
Nauru,NRU,2001,5.18748999,,0.0,3.028289943610924
Nauru,NRU,2002,6.51456213,,0.0,3.8029824015917977
Nauru,NRU,2003,8.357478140000001,,0.0,4.878826191486426
Nauru,NRU,2004,12.350986480000001,,0.0,7.210087811755779
Nauru,NRU,2005,7.585559839999999,,0.0,4.428200242620284
Nauru,NRU,2006,6.772862429999999,,0.0,3.9536473207003286
Nauru,NRU,2007,4.1064314799999995,,0.0,2.3014131474801496
Nauru,NRU,2008,4.27766418,,0.0,2.1909971864749016
Nauru,NRU,2009,6.868299479999999,,0.0,3.1048422198001595
Nauru,NRU,2010,6.448578360000001,,0.0,2.418212421596451
Nauru,NRU,2011,7.027421470000002,,0.0,1.9165731524943663
Nauru,NRU,2012,5.994683740000001,,0.0,0.7819118227177316
Nauru,NRU,2013,8.256688120000002,,0.0,1.076961202606146
Nauru,NRU,2014,10.3963747,,0.0,1.3560463416994488
Nauru,NRU,2015,4.45839643,,0.0,1.0761095099890032
Nauru,NRU,2016,4.5382504500000005,,0.0,1.1345630327703924
Nauru,NRU,2017,3.538801909999999,,0.0,0.8847000773766132
Nauru,NRU,2018,2.98588848,,0.0,0.7464708321881358
Nauru,NRU,2019,3.212550639999999,,0.0,0.8031395179801237
Nauru,NRU,2020,3.1119773399999997,,0.0,0.7779961039194843
Nauru,NRU,2021,2.71294641,,0.0,0.6782370600487065
Nauru,NRU,2022,1.8716686999999996,,,0.46791609319088273
Nauru,NRU,2023,2.9269950400000004,,,0.7317492213621622
New Zealand,NZL,2000,25.50823021,,6.2651921358355676,15.361595174262735
New Zealand,NZL,2001,26.82165527,,6.255253716043056,16.9861609431061
New Zealand,NZL,2002,25.06468582,,5.733376279972134,16.056674581832073
New Zealand,NZL,2003,24.50102425,,5.726832765728625,15.37910019716795
New Zealand,NZL,2004,22.96220589,,5.500017565321911,14.106705932189994
New Zealand,NZL,2005,23.052520750000003,,5.160742906747349,14.070143303443398
New Zealand,NZL,2006,22.782289510000002,,5.128902651977444,13.838434525550559
New Zealand,NZL,2007,20.702836990000005,,5.106412838063511,11.453699386747314
New Zealand,NZL,2008,22.11183548,,4.397728147501941,12.877433395668115
New Zealand,NZL,2009,22.254936219999998,,4.620590716511344,12.042752345147688
New Zealand,NZL,2010,21.965980530000007,,4.831771654784089,11.789773957533914
New Zealand,NZL,2011,21.287925719999993,,4.826678912296567,11.745324712385328
New Zealand,NZL,2012,21.445909500000003,,4.872140214194967,11.836171321955495
New Zealand,NZL,2013,22.208538060000002,,5.007956151345467,11.859219737596977
New Zealand,NZL,2014,22.897029880000005,,5.084819705516176,12.841144567020256
New Zealand,NZL,2015,26.00135803,,5.035231129419034,13.800660407069
New Zealand,NZL,2016,26.895587919999997,,5.2605858871916285,14.610115990388136
New Zealand,NZL,2017,25.658750530000002,,5.208633135288066,14.548634641039532
New Zealand,NZL,2018,27.26646614,,5.415235661554732,14.57150092813025
New Zealand,NZL,2019,27.83764648,,5.5083029369086685,14.40404510255892
New Zealand,NZL,2020,25.7652874,,4.987783761877693,14.192853846526253
New Zealand,NZL,2021,25.59875488000001,,5.150625509020144,13.565476908792125
New Zealand,NZL,2022,18.087816240000002,,4.251904862385645,11.926263260900587
New Zealand,NZL,2023,22.314090729999997,,4.913293704556298,12.595475034486112
New Zealand,NZL,2024,,,5.638712289974672,12.687640038072326
Palau,PLW,2000,21.324008940000006,,5.158143711150861,16.165861788383133
Palau,PLW,2001,22.286172869999994,,5.390885430214164,16.895285137840098
Palau,PLW,2002,28.656654360000005,,6.417289714189119,18.53170405019154
Palau,PLW,2003,28.38175392,,6.7684837901500385,18.00998784545251
Palau,PLW,2004,25.052833559999993,,6.354872739228262,15.580707839355602
Palau,PLW,2005,27.195161820000003,,7.328058840188648,16.554938202179414
Palau,PLW,2006,29.62022591,,8.46760133749026,17.626145819879273
Palau,PLW,2007,31.071973800000002,,9.410697068922353,18.049992948327976
Palau,PLW,2008,33.401390080000006,,10.116201541251998,19.40317080133202
Palau,PLW,2009,33.72200775,,10.21330588527316,19.58941960010568
Palau,PLW,2010,30.469114300000008,,9.228111085270497,17.699788006180594
Palau,PLW,2011,31.858839040000003,,9.649012192337159,18.507088078511757
Palau,PLW,2012,28.607318879999998,,8.664232404304302,16.618251380561627
Palau,PLW,2013,27.545745849999996,,8.342715626614217,16.001573624727193
Palau,PLW,2014,27.013614649999994,,8.18155190734617,15.69245620101912
Palau,PLW,2015,29.326175689999996,,8.992144300986974,17.25234590603267
Palau,PLW,2016,29.521036149999997,,8.939460263204682,17.15131030589245
Palau,PLW,2017,29.18367958,,8.83730442655109,16.95531339818132
Palau,PLW,2018,27.6151123,,8.625046883625927,16.5480745723581
Palau,PLW,2019,25.270393369999997,,7.730052314944024,14.83093180827605
Palau,PLW,2020,27.41875076,,8.387210290836691,16.09178484337566
Palau,PLW,2021,27.398786540000003,,8.381105767231848,16.08006473353018
Palau,PLW,2022,27.79922295,,8.503597409007508,16.31507828686328
Palau,PLW,2023,20.620969770000002,,6.307816479096688,12.102233323512598
Papua New Guinea,PNG,2000,9.44284821,0.0,,9.442844114413644
Papua New Guinea,PNG,2001,8.86539078,0.0,,8.865389317862805
Papua New Guinea,PNG,2002,8.74937439,0.0,,8.749374952324281
Papua New Guinea,PNG,2003,8.782980919999996,0.0,,8.782978013479031
Papua New Guinea,PNG,2004,8.47508144,0.0,,8.475083358543323
Papua New Guinea,PNG,2005,8.19551754,0.0,,8.195516081752704
Papua New Guinea,PNG,2006,8.107338910000001,0.0,,8.107341508347574
Papua New Guinea,PNG,2007,7.78150892,0.0,,7.78150472254904
Papua New Guinea,PNG,2008,8.695230480000003,0.0,,8.695229418644251
Papua New Guinea,PNG,2009,10.3912735,0.0,,10.39126954413036
Papua New Guinea,PNG,2010,12.283680919999998,0.0,,12.283681572767145
Papua New Guinea,PNG,2011,12.239909169999999,0.0,,12.239906413556982
Papua New Guinea,PNG,2012,9.22092438,0.0,,9.220928309300652
Papua New Guinea,PNG,2013,6.5724349,0.0,,6.572432820532216
Papua New Guinea,PNG,2014,5.955257420000001,0.0,,5.955254763433931
Papua New Guinea,PNG,2015,12.368962289999999,0.0,,12.368961003190961
Papua New Guinea,PNG,2016,10.144594190000001,0.0,,10.144590120246928
Papua New Guinea,PNG,2017,8.998547550000001,0.0,,8.998544537928128
Papua New Guinea,PNG,2018,9.599547390000001,0.0,,9.599545101881812
Papua New Guinea,PNG,2019,9.52710056,0.0,,9.527100418250154
Papua New Guinea,PNG,2020,10.424093250000002,0.0,,10.424094448175312
Papua New Guinea,PNG,2021,10.35447788,0.0,,10.354477611940299
Papua New Guinea,PNG,2022,9.253864290000001,0.0,,9.2538604526742
Papua New Guinea,PNG,2023,8.554124830000001,0.0,,8.554127878076214
Philippines,PHL,2000,52.06912994,0.0,5.949838100157509,41.19496825420653
Philippines,PHL,2001,55.60748291,0.0,5.8563959296354,44.61747854618742
Philippines,PHL,2002,60.125827789999995,0.0,6.882446612042887,47.76664191242943
Philippines,PHL,2003,60.414363859999995,0.0,7.994425511650726,47.700532960000466
Philippines,PHL,2004,60.37034987999999,0.0,7.703168323773662,47.77958214958374
Philippines,PHL,2005,62.68798065,0.0,7.172662784761898,52.10651341065148
Philippines,PHL,2006,64.07989502000001,0.0,6.843389469689887,54.03545821316313
Philippines,PHL,2007,66.73091887999998,0.0,7.500651425549761,55.96742706295855
Philippines,PHL,2008,68.38460540999998,0.0,7.657753338315828,57.449916176231895
Philippines,PHL,2009,67.02294159,0.0,8.237921029851085,55.57599237791293
Philippines,PHL,2010,66.3050766,0.0,8.475433880868243,54.84585889526821
Philippines,PHL,2011,72.66106415000002,0.0,10.583277634303743,58.89309328021071
Philippines,PHL,2012,72.68632507,0.0,10.94344665864981,58.31450288024299
Philippines,PHL,2013,72.04222870000001,0.0,11.232654259411534,57.57440340982781
Philippines,PHL,2014,64.39825439,0.0,10.110197722093302,52.37667689212574
Philippines,PHL,2015,60.885890960000005,0.0,7.806695043691983,51.17859761062772
Philippines,PHL,2016,60.470222469999996,0.0,8.05851346259327,50.49208146849681
Philippines,PHL,2017,60.36769867,0.0,8.61037805623014,50.14806137349787
Philippines,PHL,2018,60.83168792999999,0.0,8.714470665335382,50.4368512972791
Philippines,PHL,2019,58.98988342,0.0,8.629359983376817,48.78687783500652
Philippines,PHL,2020,54.063392640000004,0.0,8.180338425306635,44.56456722696712
Philippines,PHL,2021,50.22830963,0.0,7.990004847055459,41.21797925825217
Philippines,PHL,2022,54.62223052999999,0.0,8.971814662073074,44.63491778871148
Philippines,PHL,2023,57.51744842999999,0.0,12.12494671610566,44.360061095596684
Republic of Korea,KOR,2000,49.38756179999999,3.601738831533564,1.540478173611355,43.32319351441855
Republic of Korea,KOR,2001,45.83085251000001,2.746258807765517,1.5669001160597458,41.318220082447105
Republic of Korea,KOR,2002,45.22349167,2.5716796821712817,1.713065434531038,40.764533148059435
Republic of Korea,KOR,2003,49.702976230000004,2.50568702031859,1.8089679470757656,45.230798827420536
Republic of Korea,KOR,2004,49.233131410000006,2.303156350936581,1.9660223683752882,44.82784779839661
Republic of Korea,KOR,2005,48.755508420000005,2.2275352530831363,1.9476792368729208,44.41871183536776
Republic of Korea,KOR,2006,46.860206600000005,2.159100040391961,2.0091568379312643,42.52562350189333
Republic of Korea,KOR,2007,45.05767059,1.925410171045235,2.400935015826058,40.57470918762627
Republic of Korea,KOR,2008,46.59557724,1.7689688197882634,3.0134023068124653,41.6278145891714
Republic of Korea,KOR,2009,45.00130463000001,1.6705010111510785,4.023826899854579,39.17740858873483
Republic of Korea,KOR,2010,44.70553970000001,1.5453908831607974,4.264011984937186,38.77857535579065
Republic of Korea,KOR,2011,45.4599762,1.4307845951701448,4.925283407225928,38.95240185105262
Republic of Korea,KOR,2012,45.654079440000004,1.4372371959375279,5.408585897031737,38.6720691966722
Republic of Korea,KOR,2013,45.33180237,1.267245112558565,5.667879436410091,38.26380126211548
Republic of Korea,KOR,2014,45.45372009,1.5095048713966919,6.255791867878638,37.5516365673865
Republic of Korea,KOR,2015,45.712486269999985,1.5135339658386142,6.348318638809774,37.70632971349041
Republic of Korea,KOR,2016,44.976215360000005,1.503863354429247,6.838958244865046,36.484676609489824
Republic of Korea,KOR,2017,44.28834915,1.4937434387089592,6.866313091145724,35.78922420253428
Republic of Korea,KOR,2018,43.49541473000001,1.4912388588087384,7.186647495321826,34.67648027319659
Republic of Korea,KOR,2019,42.39231110000001,1.5135580078557327,7.906963282193683,32.83717325268308
Republic of Korea,KOR,2020,41.812194819999995,1.5014310444787609,8.38066625355653,31.796247562946895
Republic of Korea,KOR,2021,39.152038569999995,1.376508087758465,7.922111490973567,29.717442858476332
Republic of Korea,KOR,2022,37.65563202,1.2977769224849178,6.959029385549572,29.275190792242125
Republic of Korea,KOR,2023,41.41237259,1.3696157421457904,8.151049896039243,31.753818918482498
Republic of Korea,KOR,2024,43.39425278,1.3319096063399212,8.1870056815217,33.73815701889325
Samoa,WSM,2000,11.967100139999998,,0.0,11.967098298356467
Samoa,WSM,2001,14.977271080000003,,0.11590245962511024,14.055481764773754
Samoa,WSM,2002,14.176131250000001,,0.1096890120036211,13.301483384065554
Samoa,WSM,2003,15.35134602,,0.11901711075673016,14.40465552092891
Samoa,WSM,2004,13.84533024,,0.10722381385620491,12.99295982009919
Samoa,WSM,2005,13.919182780000003,,0.10784108527257952,13.06104300199895
Samoa,WSM,2006,13.672610280000004,,0.1059273247844972,12.831099113662617
Samoa,WSM,2007,13.955069540000002,,0.10816228662583109,13.09505931522154
Samoa,WSM,2008,15.209004399999998,,0.1177553421846225,14.272145274363202
Samoa,WSM,2009,13.384964940000003,,0.09656499652593735,12.56464652003463
Samoa,WSM,2010,13.453142169999996,,0.10066502193052214,12.63165318039006
Samoa,WSM,2011,13.10126019,,0.09627655192962456,12.30281918803615
Samoa,WSM,2012,14.784080509999999,,0.10192687408630445,13.921148155125216
Samoa,WSM,2013,11.757820129999997,,0.08154020802931689,11.076364730207667
Samoa,WSM,2014,11.513770099999999,,0.08112919004230305,10.852495098333403
Samoa,WSM,2015,11.286218640000001,,0.08982545211948145,10.587284571532656
Samoa,WSM,2016,12.036071779999997,,0.09645561991138642,11.29334549795816
Samoa,WSM,2017,12.816722870000001,,0.10356669119548235,12.013736178675952
Samoa,WSM,2018,13.84297562,,0.11148860886707301,12.979132215608416
Samoa,WSM,2019,11.88869762,,0.09631197670653949,11.157372070772958
Samoa,WSM,2020,13.813885690000001,,0.04884497429108827,13.314741515559112
Samoa,WSM,2021,13.09621429,,0.28838990417414473,12.339138467570125
Samoa,WSM,2022,14.036797519999999,,0.309374882617136,13.237008301899657
Samoa,WSM,2023,14.233738900000002,,0.31364442364143136,13.41968597521618
Singapore,SGP,2000,63.66709899999999,,2.0342872046127067,48.17884175756523
Singapore,SGP,2001,72.11494445999999,,2.347202305476076,55.58973590120725
Singapore,SGP,2002,68.67195128999998,,2.2415499192545396,53.087527961385675
Singapore,SGP,2003,62.92527008,,2.046073272652003,48.457975947188025
Singapore,SGP,2004,67.53620911,,2.319337620820525,51.00744363495555
Singapore,SGP,2005,67.01379395000001,,2.2014978151614777,49.99448309443491
Singapore,SGP,2006,66.07958984,,1.9680642455742108,48.83466774550103
Singapore,SGP,2007,66.50854492,,2.2361323739363814,48.468142359903034
Singapore,SGP,2008,62.69373322000001,,2.224189910290349,46.45778601655632
Singapore,SGP,2009,65.07030487,,2.286450116527194,43.349091656225056
Singapore,SGP,2010,64.07090759,,2.589064050980424,41.51569337050677
Singapore,SGP,2011,62.835281370000004,,2.89565308501064,39.560524783527555
Singapore,SGP,2012,60.65283966,,3.0316640662783376,37.69818817524383
Singapore,SGP,2013,58.26009369,,2.3367643815569026,36.19911581286863
Singapore,SGP,2014,54.960006709999995,,2.3138772675370536,33.300028892967624
Singapore,SGP,2015,52.921718600000005,,2.1603431709877303,33.08611819759811
Singapore,SGP,2016,52.61769867,,2.0341435042088465,32.62351045652288
Singapore,SGP,2017,51.633628849999994,,2.0214683003153167,32.06229842886618
Singapore,SGP,2018,49.87996292000001,,2.0716658088614666,29.09645179629866
Singapore,SGP,2019,48.16136551000001,,1.9865919428226217,28.390581642689003
Singapore,SGP,2020,40.08229828,,1.3910636903244602,24.35818069261862
Singapore,SGP,2021,39.1465683,,1.3450834879406308,23.46938775510204
Singapore,SGP,2022,39.88484955,,1.534570024905412,23.484125678565555
Singapore,SGP,2023,41.539432530000006,,1.6609719054450405,25.41850312634468
Solomon Islands,SLB,2000,5.4248714399999995,0.0,0.031539222431264204,5.395872513956131
Solomon Islands,SLB,2001,4.657839779999999,0.0,0.026343914228074916,4.633655442179143
Solomon Islands,SLB,2002,2.6009016000000003,0.0,0.013107795673995674,2.58890793510181
Solomon Islands,SLB,2003,2.9472894699999994,0.0,0.02279602561026219,2.9256056723274195
Solomon Islands,SLB,2004,2.6770634699999993,0.0,0.022365225442803876,2.6556001591211706
Solomon Islands,SLB,2005,2.19403791,0.0,0.022285417858972426,2.1723608773800516
Solomon Islands,SLB,2006,2.6840770199999997,0.0,0.027169522773982796,2.6575585847048084
Solomon Islands,SLB,2007,2.95649838,0.0,0.039564985408263774,2.9175589852339594
Solomon Islands,SLB,2008,3.7478120299999995,0.0,0.04713665832916423,3.7013656282853393
Solomon Islands,SLB,2009,2.76386547,0.0,0.04533216261558857,2.7190011979148183
Solomon Islands,SLB,2010,4.156623839999999,0.0,0.0665968824389226,4.090637640410244
Solomon Islands,SLB,2011,3.2885773199999995,0.0,0.05736497800863432,3.2316222759438333
Solomon Islands,SLB,2012,3.0797059500000006,0.0,0.05732208528021286,3.0227368873045126
Solomon Islands,SLB,2013,3.23704934,0.0,0.05917132520421257,3.1782243299635486
Solomon Islands,SLB,2014,2.9522438,0.0,0.054063801511793,2.8984780828730123
Solomon Islands,SLB,2015,3.14938712,0.0,0.061665372430599,3.0880283261565813
Solomon Islands,SLB,2016,3.0462875400000002,0.0,0.06379298367655216,2.9827739845876367
Solomon Islands,SLB,2017,3.2124724400000004,0.0,0.06693231393322423,3.1458163237859176
Solomon Islands,SLB,2018,3.676043270000001,0.0,0.06289617802273982,3.6134342609978267
Solomon Islands,SLB,2019,3.6450188199999998,0.0,0.05670727892588739,3.588588475557233
Solomon Islands,SLB,2020,3.47787809,0.0,0.05097229635134746,3.427180030400519
Solomon Islands,SLB,2021,3.6930840000000003,0.0,0.05696258352626538,3.636144599881166
Solomon Islands,SLB,2022,3.78009057,0.0,0.0630550828064695,3.7169475057361208
Solomon Islands,SLB,2023,3.2161016499999997,0.0,0.05584254137620027,3.160493433344488
Tonga,TON,2000,19.483871460000003,0.0,0.14055709726150337,14.486394575011769
Tonga,TON,2001,16.22384644,0.0,0.11700881643385808,12.057826907144303
Tonga,TON,2002,16.62737083,0.0,0.12018254080170454,12.373889518842184
Tonga,TON,2003,17.19208145,0.0,0.12450861871498341,12.782072601175571
Tonga,TON,2004,13.38447094,0.0,0.09651232055188987,9.972742876963245
Tonga,TON,2005,15.812364579999999,0.0,1.4567733285164959,10.644379814276853
Tonga,TON,2006,12.895238879999999,0.0,2.086014911164401,7.9132077768793385
Tonga,TON,2007,15.2121191,0.0,2.150178742884146,9.831294926947143
Tonga,TON,2008,11.04126549,0.0,1.3315762963829458,7.468817780014489
Tonga,TON,2009,18.061124799999998,0.0,2.0353092186641537,11.394788966930046
Tonga,TON,2010,14.577496530000001,0.0,1.5327452300644069,8.501914396840712
Tonga,TON,2011,12.67004871,0.0,1.4326703324492105,7.7025147679014125
Tonga,TON,2012,7.64964437,0.0,0.8681881147533907,4.6676696361731596
Tonga,TON,2013,14.549429889999999,0.0,1.6472762885725005,8.856308075403346
Tonga,TON,2014,11.772148129999998,0.0,1.337383933019503,7.190223245979429
Tonga,TON,2015,12.967672349999997,0.0,1.4713336349682002,7.910381573272489
Tonga,TON,2016,11.346940040000002,0.0,1.2813413259341104,6.888919398868232
Tonga,TON,2017,10.39000225,0.0,1.1690240469511315,6.285064183199351
Tonga,TON,2018,9.998540879999998,0.0,1.1329441576639454,6.09108658669079
Tonga,TON,2019,10.29356575,0.0,1.162057450970075,6.247609456558104
Tonga,TON,2020,10.117160800000002,0.0,1.1358680292854602,6.106806332171455
Tonga,TON,2021,8.381345749999998,0.0,0.9462770059457457,5.087501611489065
Tonga,TON,2022,6.5593419100000006,0.0,0.7299306134965831,3.924351048998573
Tonga,TON,2023,9.504351620000001,0.0,1.090664053743139,5.863774651828635
Tuvalu,TUV,2000,0.10439636000000001,,0.41739934368480014,0.10439730493386011
Tuvalu,TUV,2001,0.7135701799999999,,0.0,0.713570006140623
Tuvalu,TUV,2002,1.24833417,,0.0,1.24833604588278
Tuvalu,TUV,2003,1.25236356,,0.0,1.2523682676789192
Tuvalu,TUV,2004,1.48584676,,0.0,1.4858453457342988
Tuvalu,TUV,2005,1.6938597000000002,,0.0,1.6938610683675286
Tuvalu,TUV,2006,2.9900042999999994,,0.0,2.9900023353167184
Tuvalu,TUV,2007,4.65245104,,0.0,4.6524483447870715
Tuvalu,TUV,2008,7.975129129999999,,0.0,7.975126623599683
Tuvalu,TUV,2009,6.169074060000001,,0.0,6.169078061116697
Tuvalu,TUV,2010,5.802040100000001,,0.0,5.802040943884425
Tuvalu,TUV,2011,7.2082767500000005,,0.0,7.20827599845681
Tuvalu,TUV,2012,5.9786377,,0.0,5.978638963688301
Tuvalu,TUV,2013,5.19895792,,0.0,5.198956339976024
Tuvalu,TUV,2014,3.5641531900000003,,0.0,3.5641527365728143
Tuvalu,TUV,2015,3.3364977800000006,,0.0,3.336495243781307
Tuvalu,TUV,2016,0.76826125,,0.057218810245951414,0.7110449039920038
Tuvalu,TUV,2017,0.6410280500000002,,0.05148931904720502,0.5895404404453168
Tuvalu,TUV,2018,0.52187634,,0.04621716177183457,0.4756603311211839
Tuvalu,TUV,2019,0.39790770000000003,,0.04020192985797399,0.3577028864794222
Tuvalu,TUV,2020,0.31570211000000004,,0.038563181027860924,0.27713928782768665
Tuvalu,TUV,2021,0.20394034999999996,,0.03378180727750601,0.1701576270802617
Tuvalu,TUV,2022,0.06482623000000001,,0.019915476884929582,0.044912420654279576
Tuvalu,TUV,2023,0.06144708000000001,,0.01686380233314708,0.04458594161713579
Vanuatu,VUT,2000,10.39828491,0.0,,10.398283311670086
Vanuatu,VUT,2001,10.89244366,0.0,,10.892440049286092
Vanuatu,VUT,2002,8.863712309999999,0.0,0.0,8.863713145658185
Vanuatu,VUT,2003,13.169757839999999,0.0,3.5409247199920544,9.628830376087569
Vanuatu,VUT,2004,12.86925793,0.0,3.4601314649587316,9.409129417798551
Vanuatu,VUT,2005,13.39410973,0.0,3.576437587657784,9.817671809256662
Vanuatu,VUT,2006,12.507740019999998,0.0,3.343653250773994,9.102167182662539
Vanuatu,VUT,2007,12.89537716,0.0,3.4671532846715327,9.428223844282238
Vanuatu,VUT,2008,12.34699345,0.0,3.2996274614156467,8.940926024481106
Vanuatu,VUT,2009,12.25085068,0.0,3.3057851239669422,8.945065629557607
Vanuatu,VUT,2010,12.12914467,0.0,3.2722513089005236,8.856893542757417
Vanuatu,VUT,2011,11.617588039999998,0.0,3.1060911657926584,8.511496571198064
Vanuatu,VUT,2012,11.00110054,0.0,2.933626696002934,7.9941327466079946
Vanuatu,VUT,2013,9.907907490000001,0.0,2.667513496348047,7.2403937758018415
Vanuatu,VUT,2014,12.07022667,0.0,3.2553035844915876,8.851499634235552
Vanuatu,VUT,2015,10.45599747,0.0,2.8173104850421145,7.6386871914028465
Vanuatu,VUT,2016,14.370115280000002,0.0,3.8636623270962422,10.506450187906216
Vanuatu,VUT,2017,14.176771159999998,0.0,3.8116803914199604,10.365095801569833
Vanuatu,VUT,2018,11.30158901,0.0,3.038635551344408,8.262956324403092
Vanuatu,VUT,2019,10.473877909999999,0.0,2.81609056975643,7.657790146347276
Vanuatu,VUT,2020,11.48912239,0.0,3.0890557809294115,8.40006396588403
Vanuatu,VUT,2021,10.67661381,0.0,2.8706002024819703,7.806018094531003
Vanuatu,VUT,2022,11.256942749999999,0.0,3.0266315968727495,8.230313991645236
Vanuatu,VUT,2023,11.46278477,,3.081976243008803,8.380812590676433
Viet Nam,VNM,2000,54.986698149999995,0.0,1.6949476312762901,34.58064971002693
Viet Nam,VNM,2001,63.52716064,0.0,1.4557991987565873,29.70149044144598
Viet Nam,VNM,2002,51.66178893999999,0.0,1.693062737998532,34.54223200515579
Viet Nam,VNM,2003,55.14242172,0.0,1.6930923731739829,34.5428334374313
Viet Nam,VNM,2004,53.564437870000006,0.0,1.699579782854641,34.675171293768706
Viet Nam,VNM,2005,54.865818020000006,0.0,1.6979434663773638,34.641765831832025
Viet Nam,VNM,2006,56.88143539,0.0,1.7006683003018932,34.69738324729793
Viet Nam,VNM,2007,58.42790985000001,0.0,1.6992813795074666,34.669079930760276
Viet Nam,VNM,2008,58.132789609999996,0.0,1.69472526539561,34.576128061134405
Viet Nam,VNM,2009,59.55676651000001,0.0,1.6976294845218654,34.63538188592652
Viet Nam,VNM,2010,57.66897583,0.0,1.699525616640936,34.674057878114894
Viet Nam,VNM,2011,58.958072660000006,0.0,1.7001555486626743,34.68690600173156
Viet Nam,VNM,2012,52.93782424999999,0.0,1.8480730006029424,40.778924288099326
Viet Nam,VNM,2013,52.191108699999994,0.0,2.007433716333324,41.58710218604028
Viet Nam,VNM,2014,52.60506821000001,0.0,2.5385434460117473,41.028209793078915
Viet Nam,VNM,2015,54.32520294,0.0,2.580345086878872,42.13227988961442
Viet Nam,VNM,2016,54.060726169999995,0.0,3.514107543306205,41.35648083120969
Viet Nam,VNM,2017,55.429519649999996,0.0,3.901932611461897,42.58786843397713
Viet Nam,VNM,2018,57.355236049999995,0.0,4.105813192022063,44.58100734091641
Viet Nam,VNM,2019,58.39923096,0.0,4.528618946669057,45.11730727300115
Viet Nam,VNM,2020,56.987548829999994,0.0,4.354965438395107,42.40335241573325
Viet Nam,VNM,2021,55.61339568999999,0.0,4.943461414836764,40.46375755873382
Viet Nam,VNM,2022,54.98501205,0.0,5.513858574044625,39.626438788529434
Viet Nam,VNM,2023,54.550891879999995,0.0,5.4860556691991,39.20284744586159
