code,variable code,Sources
DZA,hf2,"2000 - 2023: Sum of Voluntary health insurance schemes, NPISH financing schemes, Enterprise financing schemes."
DZA,hf21,2000 - 2014: Estimated using conversion of SHA 1.0 data.; 2015 - 2023: Estimated using MoH and IMF data series.
DZA,hf3,"2000: MoH. Comptes Nationaux de la santé de l'Algérie Années 2000 - 2001 [National Health Accounts of Algeria, years 2000 - 2001]. T.24, pp.42. 2003; 2001: MoH. Comptes Nationaux de la santé de l'Algérie Années 2000 - 2001 [National Health Accounts of Algeria, years 2000 - 2001]. T.25, pp.42. 2003; 2002 - 2003: MoH. Comptes Nationaux Algerie 2002/2003 [National Health Accounts 2002/2003]. Paragraphe II, pp.4; 2004: MoH. Consultation. Oct 2006; 2005 - 2010: Estimated MoH consultation and ONS series; 2011: ONS [CBS]. ""ENQUETE SUR LES DÉPENSES DE CONSOMMATION ET LE NIVEAU DE VIE DES MÉNAGES 2011"", T.19. pp.24. 2014.; 2012 - 2018: Estimated using Enquete sur les Dépenses de Consommation des ménages algériens en 2011 (ONS). T. 19. pp. 26.; 2019 - 2023: Estimated using MoH and IMF data series."
AGO,hf2,"2018 - 2022: Sum of Voluntary health insurance schemes, NPISH financing schemes, Enterprise financing schemes."
AGO,hf21,"2000 - 2016: 2000-2016 - estimated as 0.24%PFC based on the SHA2011 country study, preliminary estimate provided by country in October 2017; 2018 - 2023: Estimated using UN PFC data."
AGO,hf3,"2000 - 2016: 2000-2006 - 4.07% PFC, 2006 - 2008: MoH. Unpublished NHA results. 2007 - 2.24% PFC, 2008 - 1.82% PFC, 2009 - 0.82% PFC, 2010 - 1.09%, 2011 - 1.15% PFC, 2012 - 1.14% PFC, 2013 - 1.30% PFC, 2014 - 1.29%PFC, 2015 - 1.30% PFC - based on Desp. Saúde Pública e Privada provided by the SHA2011 country study in October 2017; 2018 - 2023: Estimated using UN PFC data."
BEN,hf2,"2000 - 2011: Estimated using MoH, IMF and OECD DAC series; 2012 - 2015: MoH. Health Accounts.; 2016 - 2023: Estimated using MoH, IMF and OECD DAC series"
BEN,hf21,"2012: Ministere de la sante. Direction de la programmation et de la prospective. Comptes de la sante 2012. Tableau 2. page 9.; 2013: Ministere de la sante. Direction de la programmation et de la prospective. Comptes de la sante 2014 et 2015. Tableau 4. page 16. [WHO replaced the country produced value (2,800 million NCU) that was deemed underestimated].; 2014 - 2015: Ministere de la sante. Direction de la programmation et de la prospective. Comptes de la sante 2014 et 2015. Tableau 4. page 16.; 2016: MoH. Health Accounts [Provisional]. WHO modified to contain wrongly country mapped FS.4xHF.1.2.2 amount of 2,431 million NCU.; 2017: MoH. Health Accounts [Provisional]. WHO modified to contain wrongly country mapped FS.4xHF.1.2.2 amount of 2,820 million NCU.; 2018: MoH. Health Accounts [Provisional]. WHO modified to contain wrongly country mapped FS.4xHF.1.2.2 amount of 3,022 million NCU.; 2019 - 2023: Estimated using HA and IMF data series."
BEN,hf3,"2000: Estimated using Social Report 1996 and NHA 2003 report; 2001 - 2002: Estiamted using Social Report 1996 and NHA 2003 report; 2003: MoH. Comptes Nationaux de la Santé 2003 [National Health Accounts 2003]. T. III, pp. 33. April 2006; 2004: Estimated using UN NA series and NHA 2003 report; 2005: MoH. NHA. T. (HFx FS). Unpublished data; 2006: MoH. NHA. T. (HFx HC). Unpublished data; 2007: Estimated using  NHA 2006 series and provisional NHA report; 2008: Ministere de la sante. Direction de la programmation et de la prospective. Comptes de la sante 2012. Tableau 2. page 9.; 2009 - 2011: Estimated using health accounts series.; 2012: Ministere de la sante. Direction de la programmation et de la prospective. Comptes de la sante 2012. Tableau 2. page 9.; 2013 - 2015: Ministere de la sante. Direction de la programmation et de la prospective. Comptes de la sante 2014 et 2015. Tableau 4. page 16.; 2016 - 2018: MoH. Health Accounts [Provisional]; 2019 - 2023: Estimated using HA and IMF data series."
BWA,hf2,"2014 - 2017: MoH Health Accounts.; 2018 - 2019: MoH. Health Accounts; 2020 - 2023: Sum of Voluntary health insurance schemes, NPISH financing schemes, Enterprise financing schemes."
BWA,hf21,2000 - 2006: Estimated using HA and IMF data series; 2007: MoH. Botswana NHA Report 2007-08-2009-10. Annex A. Table FSXHF (2007/2008). pp. 41.; 2008: MoH. Botswana NHA Report 2007-08-2009-10. Annex B. Table FSXHF (2008/2009). pp. 45.; 2009: MoH. Botswana NHA Report 2007-08-2009-10. Annex C. Table FSXHF (2009/2010). pp. 48.; 2010 - 2012: Estimated using HA data points for years 2009 and 2013.; 2013: MoH Health Accounts.; 2014 - 2019: MoH. Health Accounts; 2020 - 2023: Estimated using HA and IMF data series
BWA,hf3,"2000 - 2002: MoH. NHA.  Appendix 1, pp.85; 2003 - 2013: Estimated using HA data points for years 2002 and 2014.; 2014 - 2019: MoH. Health Accounts; 2020 - 2023: Estimated using HA and IMF data series"
BFA,hf2,2011 - 2023: MoH. Health Accounts.
BFA,hf21,2000 - 2010: Rapports des Assurances; 2011 - 2023: MoH. Health Accounts.
BFA,hf3,2000 - 2002: Estimated using HH survey data points; 2003: Estimated using HH survey and PC data points; 2004 - 2008: Estimated using HH survey data points; 2009: Estimated using HH survey and PC data points; 2010: Estimated using HH survey data points; 2011 - 2023: MoH. Health Accounts.
BDI,hf2,"2000 - 2009: Estimated using HA data and IMF.; 2010: HA data; 2011: Estimated using HA data for 2010 and 2012; 2012: HA data; 2013: Preliminary SHA 2011 data received from FPs; 2014 - 2015: MoH. Health Accounts. Provisional results; 2016: MoH. Health Accounts.; 2017: Sum of Voluntary health insurance schemes, NPISH financing schemes, Enterprise financing schemes.; 2018: MoH. Health Accounts.; 2019: Sum of Voluntary health insurance schemes, NPISH financing schemes, Enterprise financing schemes.; 2020: MoH. Health Accounts; 2021 - 2023: Sum of Voluntary health insurance schemes, NPISH financing schemes, Enterprise financing schemes."
BDI,hf21,2000 - 2009: Estimated using HA and IMF data.; 2010: HA data; 2011: Estimated using HA data series; 2012: HA data; 2013: HA; 2014 - 2015: MoH. Health Accounts. Provisional results; 2016: MoH. Health Accounts; 2017: Estimated using HA and IMF data series.; 2018: MoH. Health Accounts; 2019: Estimated using HA and IMF data series; 2020: MoH. Health Accounts; 2022 - 2023: Estimated using HA and IMF data series
BDI,hf3,"2000 - 2006: Estimated using HA and IMF data.; 2007: MoH. Les Comptes Nationaux de la Santé -Burundi 2007 [National Health Accounts - Burundi 2007]. T. 6, pp. 25; 2008 - 2009: Estimated using HA data.; 2010: HA data; 2011: Estimated using HA data.; 2012: HA data; 2013: HA; 2014 - 2015: MoH. Health Accounts. Provisional results; 2016: MoH. Health Accounts; 2017: Estimated using HA and IMF data series.; 2018: MoH. Health Accounts; 2019: Estimated using HA and IMF data series.; 2020: MoH. Health Accounts; 2021 - 2023: Estimated using HA and IMF data series."
CPV,hf2,"2000 - 2011: Sum of Voluntary health insurance schemes, NPISH financing schemes, Enterprise financing schemes.; 2012 - 2014: MoH. Health Accounts.; 2015 - 2016: Sum of Voluntary health insurance schemes, NPISH financing schemes, Enterprise financing schemes.; 2017: MoH. Health Accounts Study (exported from HAPT on 17 January 2025). Additionally, WHO estimated some missing series using data from MoH, IMF, and UN. Sum of Voluntary health insurance schemes, NPISH financing schemes, Enterprise financing schemes.; 2018: MoH. Health Accounts Study (exported from HAPT on 22 June 2022). Additionally, WHO estimated some missing series using data from MoH, IMF, and UN. Sum of Voluntary health insurance schemes, NPISH financing schemes, Enterprise financing schemes.; 2019 - 2023: Sum of Voluntary health insurance schemes, NPISH financing schemes, Enterprise financing schemes."
CPV,hf21,"2000 - 2007: Estimated using NHA and CB series.; 2008: MoH, Instituto Nacional de Estatistica (INE) and WHO (2012). Contas Nacionais de Saúde - Cabo Verde 2008-2009. Table 1 'Despesa Nacional de Saúde por tipo de Fonte de Financiamento e por tipo de Agente de Financiamento (em escudos)– Ano 2008', pp. 24.; 2009: MoH, Instituto Nacional de Estatistica (INE) and WHO (2012). Contas Nacionais de Saúde - Cabo Verde 2008-2009. Table 2 'Despesa Nacional de Saúde por tipo de Fonte de Financiamento e por tipo de Agente de Financiamento (em escudos)– Ano 2009' pp. 25.; 2010: Instituto Nacional de Estatistica (2014). Contas Nacionais de Saúde - Cabo Verde 2010-2011. Table 1 Fontes de Financiamento (FS) por tipo de instituição, em escudos, 2010' pp. 52.; 2011: Instituto Nacional de Estatistica (2014). Contas Nacionais de Saúde - Cabo Verde 2010-2011. Table 2 'Fontes de Financiamento (FS) por tipo de instituição, em escudos, 2011' pp. 53.; 2012 - 2014: Estimated using HA data points for years 2011 and 2015; 2015 - 2016: MoH. Health Accounts; 2017: MoH. Health Accounts Study (exported from HAPT on 17 January 2025).; 2018: MoH. Health Accounts Study (exported from HAPT on 22 June 2022).; 2019 - 2023: Estimated using HA and  UN data series."
CPV,hf3,"2000 - 2007: Estimated using Conversion of SHA 1.0 data; 2008: MoH, Instituto Nacional de Estatistica (INE) and WHO (2012). Contas Nacionais de Saúde - Cabo Verde 2008-2009. Table 1 'Despesa Nacional de Saúde por tipo de Fonte de Financiamento e por tipo de Agente de Financiamento (em escudos)– Ano 2008', pp. 24.; 2009: MoH, Instituto Nacional de Estatistica (INE) and WHO (2012). Contas Nacionais de Saúde - Cabo Verde 2008-2009. Table 2 'Despesa Nacional de Saúde por tipo de Fonte de Financiamento e por tipo de Agente de Financiamento (em escudos)– Ano 2009' pp. 25.; 2010: Instituto Nacional de Estatistica (2014). Contas Nacionais de Saúde - Cabo Verde 2010-2011. Table 1 Fontes de Financiamento (FS) por tipo de instituição, em escudos, 2010' pp. 52.; 2011: Instituto Nacional de Estatistica (2014). Contas Nacionais de Saúde - Cabo Verde 2010-2011. Table 2 'Fontes de Financiamento (FS) por tipo de instituição, em escudos, 2011' pp. 53.; 2012 - 2014: MoH. Health Accounts.; 2015 - 2016: MoH. Health Accounts; 2017: MoH. Health Accounts Study (exported from HAPT on 17 January 2025).; 2018: MoH. Health Accounts Study (exported from HAPT on 22 June 2022).; 2019: MoH. Health Accounts Study (exported from HAPT on 19 August 2024).; 2020 - 2021: MoH. Health Accounts; 2022 - 2023: Estimated using MoH and UN data series"
CMR,hf2,2010: Sum of VHI + NPISH + Enterprise schemes; 2011: Ministry of Health. Health Accounts. Comptes Nationaux de la santé. 2011. March 2014.; 2012: Ministry of Health. Health Accounts for Year 2012. Sum of VHI + NPISH and Enterprise schemes. Table 9. pp45.; 2013: Estimated using HA et PFC series.; 2018 - 2019: MoH. Health Accounts; 2020 - 2023: Sum of VHI + NPISH + Enterprise schemes.
CMR,hf21,2011: Ministry of Health. Health Accounts. Comptes Nationaux de la santé. 2011. March 2014.; 2012: Ministry of Health. Health Accounts for Year 2012. Table 9. pp.45.; 2013: Ministry of Health. Health Accounts; 2018 - 2019: MoH. Health Accounts; 2020: Estimated using MoH and IMF data series.; 2021 - 2023: Estimated usign MoH and IMF data series
CMR,hf3,2000: Estimated using DHS and IMF data series.; 2001: Institut National de la Statistique. 2001. Deuxieme Enquête Camerounaise Auprès des Ménages (EDSC-II).; 2002 - 2006: Estimated using DHS and IMF data series.; 2007: Institut National de la Statistique. 2007. Troisième Enquête Camerounaise Auprès des Ménages (EDSC-III).; 2008 - 2013: Estimated using DHS and IMF data series.; 2014: Institut National de la Statistique. 2014. Quatrième Enquête Camerounaise Auprès des Ménages (EDSC-IV).; 2015 - 2017: Estimated using DHS and IMF data series.; 2018 - 2019: MoH. Health Accounts; 2020: Estimated using DHS and IMF data series.; 2021 - 2023: Estimated using MoH and IMF data series.
CAF,hf2,"2000 - 2014: Sum of Voluntary health insurance schemes, NPISH financing schemes, Enterprise financing schemes.; 2015 - 2018: MoH. Health Accounts; 2019 - 2023: Sum of VHI + NPISH + Enterprise schemes"
CAF,hf21,"2000 - 2007: Estimated using MOH and IMF data series; 2008 - 2009: Unpublished HA report.; 2010 - 2014: 2000 - 2007: estimated using the data from 2008-9 as 0.0318%PFC,  2008 - 2009: Unpublished NHA report., 2010 - 2016: estimated using the data from 2008-9 as 0.0318%PFC; 2015 - 2018: MoH. Health Accounts; 2019 - 2023: Estimated using MoH and IMF data series"
CAF,hf3,"2007 - 2014: Estimated using household spendign on health from ""Institut Centrafricain des Statistiques et des Etudes Economiques et Sociales, Enquête Centrafricaine pour le Suivi-Evaluation du Bien-être 2008""; 2015 - 2018: MoH. Health Accounts; 2019 - 2023: Estimated using MoH and IMF data series"
TCD,hf2,"2011: Ministry of Health. Health Accounts.; 2013: Estimated using HA et PFC series.; 2016 - 2019: Sum of Voluntary health insurance schemes, NPISH financing schemes, Enterprise financing schemes.; 2020 - 2022: Ministry of Health. Health Accounts.; 2023: Sum of Voluntary health insurance schemes, NPISH financing schemes, Enterprise financing schemes."
TCD,hf21,"2000 - 2015: 2000: Etude sur l&apos;inventaire des mutuelles de santé au Tchad. T.N.1, 2001 - 2009: Estimated using WDI series and Etude sur l&apos;inventaire des mutuelles de santé au Tchad, 2010-2015 Estimated 0.00232*PFC; 2016 - 2017: Estimated using MoH and IMF data series; 2018: Ministry of Health. Health Accounts.; 2019: Estimated using MoH and IMF data series; 2020 - 2022: Ministry of Health. Health Accounts.; 2023: Estimated using MoH and IMF data series"
TCD,hf3,"2000 - 2015: 2000 - 2002: Estimated based on IMF. IMF Country Report No. 10/230. T. 1-5, pp. 21., 2003 - 2004: IMF. IMF Country Report No. 10/230. T. 1-5, pp. 21., 2005 - 2010 - Estimated based on 0.042*PFC from INSEED, ECOSIT2, 2003/2004, Tableau 4-3 : Structure des dépenses par poste selon les quintiles de bien-être, &quot;Globalement, les dépenses de santé représentent 4,5% du total des dépenses&quot; ;2011 -2015: Estimated based on 0.035*PFC - Profil de pauvreté en 2011, 6.2.4 Dépenses de santé, Page 91, http://www.inseedtchad.com/IMG/pdf/ecosit3-rapport_principal_sur_la_pauvrete_tchad_2011_version_publiee_inseed_seppd.pdf, &quot;les dépenses moyennes annuelles de santé et hygiène des ménages représentent 3,5% (Tableau 6.29) des dépenses annuelles totales. &quot;; 2016: Estimated using HA and IMF data series; 2018: Ministry of Health. Health Accounts.; 2019: Estimated using MoH and IMF data series; 2020 - 2022: Ministry of Health. Health Accounts.; 2023: Estimated using MoH and IMF data series"
COM,hf2,"2000 - 2010: Estimated using HA and IMF data.; 2011: Ministry of Health. Health Accounts. Comptes Nationaux de la santé. Exercice 2011. June 2014.; 2012 - 2014: Estimated using HA and IMF data.; 2015: MoH. Health Accounts. Comptes de la santé de l'Union des Comores. Exercice 2011 révisé et 2015, 2019. July 2021.; 2016 - 2018: Estimated using HA and IMF data.; 2019: MoH. Health Accounts. Comptes de la santé de l'Union des Comores. Exercice 2011 révisé et 2015, 2019. July 2021.; 2020 - 2023: Estimated using HA and IMF data."
COM,hf21,"2000 - 2010: Estimated using HA and IMF data series.; 2011: MoH. Health Accounts. Comptes de la santé de l'Union des Comores. Exercice 2011 révisé et 2015, 2019. July 2021.; 2012 - 2018: Estimated using HA data points for years 2011 and 2019; 2019: MoH. Health Accounts. Comptes de la santé de l'Union des Comores. Exercice 2011 révisé et 2015, 2019. July 2021.; 2020 - 2023: Estimated using HA and IMF data."
COM,hf3,"2000 - 2010: Estimated using Central Statistical Office and Household Survey data.; 2011: MoH. Health Accounts. Comptes de la santé de l'Union des Comores. Exercice 2011 révisé et 2015, 2019. July 2021.; 2012 - 2014: MoH. Official Communication.; 2015: MoH. Health Accounts.; 2016 - 2018: MoH. Official Communication.; 2019: MoH. Health Accounts. Comptes de la santé de l'Union des Comores. Exercice 2011 révisé et 2015, 2019. July 2021.; 2020 - 2023: Estimated using HA and IMF data."
COG,hf2,2012 - 2018: MoH. Health Accounts.; 2019 - 2020: MoH. Health Accounts; 2021 - 2023: Sum of VHI + NPISH + Enterprises schemes
COG,hf21,2000 - 2011: 2000- 2008: Estimated using WDI + NHA series as 0.03% of final private consumption.; 2009: MS [MoH]. Comptes Nationaux de la Santé [NHA] 2009-2010. T. 17 HC x HF. pp.59. 2012.; 2010: MS [MoH]. Comptes Nationaux de la Santé [NHA] 2009-2010. T. 20 HC x HF. pp.62. 2012.; 2011 - 2015: Estimated using WDI + NHA series as 0.08299% of final private consumption; 2012 - 2018: MoH. Health Accounts.; 2019 - 2020: MoH. Health Accounts; 2021 - 2023: Estimated using HA and IMF data series
COG,hf3,2000 - 2011: 2000 - 2004: Estimated using  surveys of 89 and of 2005 (CNSEE ECOM); 2005: Enquête congolaise auprès des ménages pour l&apos;évaluation de la pauvreté (CNSEE ECOM). [Survey of households in Congo for the evaluation of poverty; 2006 - 2008: Estimated using Enquête congolaise auprès des ménages pour l&apos;évaluation de la pauvreté (CNSEE ECOM) and NHA series.; 2009: MS [MoH]. Comptes Nationaux de la Santé [NHA] 2009-2010. T. 17 HC x HF. pp.59. 2012.; 2010: MS [MoH]. Comptes Nationaux de la Santé [NHA] 2009-2010. T. 20 HC x HF. pp.62. 2012.; 2011 - 2015: Estimated using WDI + NHA series as 2.21% of final private consumption.; 2012 - 2018: MoH. Health Accounts.; 2019 - 2020: MoH. Health Accounts; 2021 - 2023: Estimated using HA and IMF data series
CIV,hf2,"2000 - 2006: Estimated using MoH and IMF data series; 2007 - 2008: MoH. Les Comptes Nationaux de la Santé de la Côte d'Ivoire, 2007-2008 [National Health Accounts of Cote d'Ivoire, 2007-2008]. Table HF x HC, pp. 93. Sept 2010 and IMF data series.; 2009 - 2010: MoH. Health Accounts 2009-2010. November 2013 and IMF data series; 2011 - 2023: MoH. Health Accounts."
CIV,hf21,"2000 - 2006: Estimated using MoH and IMF data series; 2007: MoH. Les Comptes Nationaux de la Santé de la Côte d'Ivoire, 2007-2008 [National Health Accounts of Cote d'Ivoire, 2007-2008]. Table HFxHC pp.92. Sept 2010; 2008: MoH. Les Comptes Nationaux de la Santé de la Côte d'Ivoire, 2007-2008 [National Health Accounts of Cote d'Ivoire, 2007-2008]. Table HFxHC pp.96. Sept 2010; 2011 - 2023: MoH. Health Accounts."
CIV,hf3,"2000 - 2002: Estimated using MoH and IMF data series; 2003 - 2006: Estimated using conversion of SHA 1.0 data; 2007: MoH. Les Comptes Nationaux de la Santé de la Côte d'Ivoire, 2007-2008 [National Health Accounts of Cote d'Ivoire, 2007-2008]. Table HFxHC pp.92. Sept 2010; 2008: MoH. Les Comptes Nationaux de la Santé de la Côte d'Ivoire, 2007-2008 [National Health Accounts of Cote d'Ivoire, 2007-2008]. Table HFxHC pp.96. Sept 2010; 2009 - 2010: MoH. Les Comptes Nationaux de la Santé de la Côte d'Ivoire, 2009-2010 [National Health Accounts of Cote d'Ivoire, 2009-2010] Table 3. pp. 24. Nov. 2013; 2011 - 2023: MoH. Health Accounts."
COD,hf2,2000 - 2009: Estimated using HA and WB data series.; 2010 - 2023: MoH. Health Accounts
COD,hf21,2000 - 2009: Estimated using HA and WB data series.; 2010 - 2011: MoH. Health Accounts; 2012: Estimated using HA data points for years 2011 and 2013.; 2013 - 2023: MoH. Health Accounts
COD,hf3,2000 - 2002: MoH. Programme National des Comptes de la Santé [National Program of National Health Accounts]; 2003 - 2008: Estimated using HA data points for years 2002 and 2009.; 2009: USAID. Comptes Nationaux de la Santé 2008-2009 Executive Summary [NHA]. T. HF x FS. pp. 15.; 2010 - 2023: MoH. Health Accounts
GNQ,hf2,"2000 - 2020: Estimated using MoH (Health Accounts), IMF (GDP), UN (PFC) and OECD series.; 2021 - 2023: MoH. Health Accounts. Extracted from HAPT as of 23 April 2025."
GNQ,hf21,2000 - 2020: Estimated using MoH (Health Accounts) and UN (PFC) series.; 2021 - 2023: MoH. Health Accounts. Extracted from HAPT as of 23 April 2025.
GNQ,hf3,2000 - 2020: Estimated using MoH (health accounts) and UN (PFC) series.; 2021 - 2023: MoH. Health Accounts. Extracted from HAPT as of 23 April 2025.
ERI,hf2,"2000 - 2023: Sum of Voluntary health insurance schemes, NPISH financing schemes, Enterprise financing schemes."
ERI,hf3,"2000 - 2006: Estimated using ""The Health Sector in Eritrea"" and UN NA series; 2007: MoH. Consultation; 2008 - 2013: Estimated using MoH consultation data points and EIU / IMF series.; 2018 - 2023: Estimated using MoH and IMF data series."
SWZ,hf2,"2013: Estimated using MoH consultation and WDI series; 2017: MoH. Health Accounts. Provisional Results (as of Oct 17, 2019).; 2018 - 2019: MoH. Health Accounts; 2020 - 2023: Sum of its sources"
SWZ,hf21,"2000: MoH. Consultation. 2005; 2001 - 2016: Estimated using HA data points for Years 2000 and 2017.; 2017: MoH. Health Accounts. Provisional Results (as of Oct 17, 2019).; 2018 - 2019: MoH. Health Accounts; 2020 - 2023: Estimated using MoH and IMF data series"
SWZ,hf3,"2000: MoH. Consultation. 2005; 2001 - 2016: Estimated using data points for Years 2000 and 2017.; 2017: MoH. Health Accounts. Provisional Results (as of Oct 17, 2019).; 2018 - 2019: MoH. Health Accounts; 2020 - 2023: Estimated using HA and IMF series."
ETH,hf2,"2014: MoH. Health Accounts for Year 2013/14. As exported from HAPT on April 30, 2018.; 2015 - 2016: Estimated using HA data for Years 2014 and 2017.; 2017: MoH. Health Accounts for Year 2016/17. As exported from HAPT on August 17, 2020.; 2018 - 2019: Sum of VHI + NPISH + Enterprise schemes.; 2020: MoH. Health Accounts.; 2021 - 2023: Sum of VHI + NPISH + Enterprise schemes."
ETH,hf21,"2000 - 2009: Converted SHA 1.0 data from GHED.; 2010 - 2013: MoH. Consultation January 2016.; 2014: MoH. Health Accounts for Year 2013/14. As exported from HAPT on April 30, 2018.; 2015 - 2016: Estimated using HA data for Years 2014 and 2017.; 2017: MoH. Health Accounts for Year 2016/17. As exported from HAPT on August 17, 2020.; 2018 - 2019: Estimated using MoH and IMF data series; 2020: MoH. Health Accounts.; 2021 - 2023: Estimated using MoH and IMF data series"
ETH,hf3,"2000: MoH. NHA 2000. Unpublished data; 2001 - 2004: Estimated using NHA 2000 and NHA 2005 report; 2005: Partners for Health Reform & USAID.  Ethiopia's third National Health Accounts, 2004/05. T. C-1. Sept 2006; 2006 - 2007: Estimated using NHA 2004/05 report and NHA 2007/2008 report; 2008: MoH. NHA report 2008. Table HF x HC (table B.3), pp.87. April 2010; 2009: Estimated using HA data series; 2010 - 2013: MoH Consultation. January 2016.; 2014: MoH. Health Accounts for Year 2013/14. August 2017. Annex A.1 pp.23.; 2015 - 2016: Estimated using HA data for Years 2014 and 2017.; 2017: MoH. Health Accounts for Year 2016/17. As exported from HAPT on August 17, 2020.; 2018 - 2019: Estimated using MoH and IMF data series; 2020: MoH. Health Accounts.; 2021 - 2023: Estimated using MoH and IMF data series"
GAB,hf2,"2010: Ministry of Health. Health Accounts for Year 2010. See www.csgabon.info; 2011: Ministry of Health. Health Accounts for Year 2011. See www.csgabon.info; 2012: Ministry of Health. Health Accounts for Year 2012. See www.csgabon.info; 2013: Ministry of Health. Health Accounts for Year 2013. See www.csgabon.info; 2014: Ministry of Health. Health Accounts for Year 2014. See www.csgabon.info; 2015: Ministry of Health. Health Accounts for Year 2015. See www.csgabon.info; 2016: Ministry of Health. Health Accounts for Year 2016. See www.csgabon.info; 2017: Ministry of Health. Health Accounts for Year 2017. See www.csgabon.info; 2018: Ministry of Health. Health Accounts for Year 2018. Provisional Results. Official communication November 13, 2020.; 2019: Ministry of Health. Health Accounts for Year 2019. See www.csgabon.info; 2020 - 2023: Sum of VHI + NPISH + Enterprises scheles"
GAB,hf21,"2000 - 2009: Estimated using HA and IMF series.; 2010: Ministry of Health. Health Accounts for Year 2010. See www.csgabon.info; 2011: Ministry of Health. Health Accounts for Year 2011. See www.csgabon.info; 2012: Ministry of Health. Health Accounts for Year 2012. See www.csgabon.info; 2013: Ministry of Health. Health Accounts for Year 2013. See www.csgabon.info; 2014: Ministry of Health. Health Accounts for Year 2014. See www.csgabon.info; 2015: Ministry of Health. Health Accounts for Year 2015. See www.csgabon.info; 2016: Ministry of Health. Health Accounts for Year 2016. See www.csgabon.info; 2017: Ministry of Health. Health Accounts for Year 2017. See www.csgabon.info; 2018: Ministry of Health. Health Accounts for Year 2018. Provisional Results. Official communication November 13, 2020.; 2019: Ministry of Health. Health Accounts for Year 2019. See www.csgabon.info; 2020 - 2023: Estimated using MoH and IMF data series"
GAB,hf3,"2000 - 2009: Estimated using households budget survey of 1994 proportion [ Enquête Budget-consommation de 1994 ].; 2010: Ministry of Health. Health Accounts for Year 2010. See www.csgabon.info; 2011: Ministry of Health. Health Accounts for Year 2011. See www.csgabon.info; 2012: Ministry of Health. Health Accounts for Year 2012. See www.csgabon.info; 2013: Ministry of Health. Health Accounts for Year 2013. See www.csgabon.info; 2014: Ministry of Health. Health Accounts for Year 2014. See www.csgabon.info; 2015: Ministry of Health. Health Accounts for Year 2015. See www.csgabon.info; 2016: Ministry of Health. Health Accounts for Year 2016. See www.csgabon.info; 2017: Ministry of Health. Health Accounts for Year 2017. See www.csgabon.info; 2018: Ministry of Health. Health Accounts for Year 2018. Provisional Results. Official communication November 13, 2020.; 2019: Ministry of Health. Health Accounts for Year 2019. See www.csgabon.info; 2020 - 2023: Estimated using MoH and IMF data series"
GMB,hf2,"2013: Ministry of Health. Health Accounts for Year 2013. Provisional Results.; 2015: MoH. Health Accounts.; 2016: Estimated using health accounts and IMF series.; 2017: Estimated using MoH, IMF and OECD data series; 2018 - 2019: MoH. Health Accounts. Extracted from HAPT as of 31 December 2024. WHO proposed an estimate for HF.2.3, which was missing from the country's health accounts, using IMF data.; 2020 - 2021: MoH. Health Accounts. Extracted from HAPT as of 23 December 2024. WHO proposed an estimate for HF.2.3, which was missing from the country's health accounts, using IMF data.; 2022 - 2023: Estimated using MoH, IMF, UN and OECD data series"
GMB,hf21,2000 - 2012: Estimated using health accounts and IMF series.; 2013: MoH. Health Accounts Report for Year 2015. Table 3. Page 25; 2014: Estimated using HA data for years 2013 and 2015.; 2015: MoH. Health Accounts Report for Year 2015. Table 3. Page 25; 2016 - 2017: MoH. Health Accounts; 2018 - 2019: MoH. Health Accounts. Extracted from HAPT as of 31 December 2024.; 2020 - 2021: MoH. Health Accounts. Extracted from HAPT as of 23 December 2024.; 2022 - 2023: Estimated using health accounts and UN (PFC) series.
GMB,hf3,"2000 - 2001: Estimated using health accounts and IMF series.; 2002 - 2004: MoH. Health Accounts Report for financial years 2002, 2003, and 2004. Appendix Table 1. Page 85; 2005 - 2012: Estimated using HA data for years 2013 and 2015.; 2013: MoH. Health Accounts Report for Year 2015. Table 3. Page 25; 2014: Estimated using HA data for years 2013 and 2015.; 2015: MoH. Health Accounts Report for Year 2015. Table 3. Page 25; 2016 - 2017: MoH. Health Accounts; 2018 - 2019: MoH. Health Accounts. Extracted from HAPT as of 31 December 2024.; 2020 - 2021: MoH. Health Accounts. Extracted from HAPT as of 23 December 2024.; 2022 - 2023: Estimated using health accounts and UN series."
GHA,hf2,"2000 - 2001: Estimated using MoH, OECD and IMF series.; 2002: MoH. HA 2002. Table 5. pp.29 and Table 7. pp.31; 2003 - 2011: Sum of Voluntary health insurance schemes, NPISH financing schemes, Enterprise financing schemes.; 2012 - 2015: MoH. Health Accounts.; 2016: MoH. Health Accounts; 2017 - 2023: MoH. Health Accounts."
GHA,hf21,2012 - 2014: MoH. Health Accounts.; 2016: MoH. Health Accounts; 2017 - 2023: MoH. Health Accounts.
GHA,hf3,2000 - 2001: Estimated using HA and IFS series.; 2002: MoH. HA 2002. Table 5. pp.29; 2003 - 2012: Estimated using HA and IFS series.; 2013 - 2015: MoH. Health Accounts.; 2016: MoH. Health Accounts; 2017 - 2023: MoH. Health Accounts.
GIN,hf2,2000 - 2009: Estimated using HA and IMF data series.; 2011 - 2016: MoH. Health Accounts.; 2017 - 2021: MoH. Health Accounts; 2022 - 2023: Sum of VHI + NPISH + Enterprise schemes
GIN,hf21,2000 - 2009: Estimated using HA and IMF data Bank series.; 2010: MoH. NHA. T. 3.11 HF x HC.; 2011 - 2016: MoH. Health Accounts.; 2017 - 2021: MoH. Health Accounts; 2022 - 2023: Estimated using HA and IMF data series
GIN,hf3,2000 - 2002: Estimated using HA and IMF data series.; 2003: Share of household spending on health from Direction Nationale de la Statistique applied to PC from IMF.; 2004 - 2006: Estimated using values for years 2003 and 2007.; 2007: Share of household spending on health from Institut National de la Statistique applied to PC from IMF.; 2008 - 2010: Estimated using values for years 2007 and 2011.; 2011 - 2016: MoH. Health Accounts.; 2017 - 2021: MoH. Health Accounts; 2022: Estimated using HA and IMF data series; 2023: Sum of HH + Corporations + NPISHs
GNB,hf2,"2000 - 2014: Estimated using Health Accounts, IMF IFS and OECD DAC series.; 2015 - 2017: MoH. Health Accounts.; 2018 - 2020: MoH. Health Accounts; 2021: Contains WHO estimated FS.6.3 that is missing in the country produced health accounts"
GNB,hf21,2016 - 2017: MoH. Health Accounts.; 2018 - 2023: Estimated using HA and PFC (UN).
GNB,hf3,"2000 - 2011: Estimated using household spendign on health from ""Instituto Nacional de Estatística e Censos (INEC), Inquérito Ligeiro Sobre as Condições de Vida da População 2002""; 2012 - 2014: Estimated using Health Accoutns and IMF IFS series.; 2015 - 2017: MoH. Health Accounts.; 2018 - 2020: MoH. Health Accounts; 2021: MoH, IMF, UN and data series; 2022 - 2023: Estimated using MoH and UN and data series"
KEN,hf2,"2000 - 2001: Estimated using HA data for Year 2001/2002.; 2002: MoH. National health Accounts 2005-2006 and IMF data series; 2003 - 2005: Estimated using MoH Health Accounts data for Years 2001/2002 and 2005/2006.; 2006: MoH. National health Accounts 2005-2006 and IMF data series; 2007 - 2009: Estimated using MoH Health Accounts data for Years 2005/2006 and 2009/2010.; 2010: MoH. Health Accounts for Year 2009/2010.; 2011 - 2012: Estimated using MoH Health Accounts data for Years 2009/2010 and 2012/2013.; 2013: MoH. Health Accounts for Year 2012/2013.; 2014 - 2015: Estimated using Health Accounts data points for Year  2013 and 2016.; 2016: MoH. Health Accounts for Year 2015/2016.; 2017 - 2019: MoH. Health Accounts.; 2020 - 2023: Estimated using MoH, IMF and OECD DAC series"
KEN,hf21,"2000 - 2001: Estimated using HA data for Year 2001/2002.; 2002: MoH. National health Accounts 2005-2006. T.3.3, pp.20. March 2009; 2003 - 2005: Estimated using MoH Health Accounts data for Years 2001/2002 and 2005/2006.; 2006: MoH. National health Accounts 2005-2006. T.3.3, pp.20. March 2009; 2007 - 2009: Estimated using MoH Health Accounts data for Years 2005/2006 and 2009/2010.; 2010: MoH. Health Accounts for Year 2009/2010.; 2011 - 2012: Estimated using MoH Health Accounts data for Years 2009/2010 and 2012/2013.; 2013: MoH. Health Accounts for Year 2012/2013.; 2014 - 2015: Estimated using MoH Health Accounts data for Years 2012/2013 and 2015/2016.; 2016: MoH. Health Accounts (Provisional results); 2017 - 2019: MoH. Health Accounts.; 2020 - 2023: Estimated using MoH and IMF data series"
KEN,hf3,"2000 - 2001: Estimated using WDI series and HA data for Year 2001/2002.; 2002: MoH. National health Accounts 2005-2006. T.3.3, pp.20. March 2009; 2003 - 2009: Estimated using MoH Health Accounts data for Years 2001/2002 and 2005/2006.; 2010: MoH. Health Accounts for Year 2009/2010.; 2011 - 2012: Estimated using MoH Health Accounts data for Years 2009/2010 and 2012/2013.; 2013: MoH. Health Accounts for Year 2012/2013.; 2014 - 2015: Estimated using MoH Health Accounts data for Years 2012/2013 and 2015/2016.; 2016: MoH. Health Accounts (Provisional results); 2017 - 2019: MoH. Health Accounts.; 2020 - 2023: Estimated using MoH and IMF data series"
LSO,hf2,"2000: Estimated using MoH, OECD and IMF data series; 2001 - 2002: Converted SHA 1.0 data from GHED using MoH. Consultation; 2003 - 2019: Estimated using MoH, OECD and IMF data series; 2020 - 2023: Estimated using MoH, IMF and OECD DAC series"
LSO,hf3,"2000 - 2001: Estimated using ""Household Budget Survey Report 1994/95 and 2002/03""; 2002: Bureau of Statistics. Household Budget Survey Report 1994/95 and 2002/03; 2003 - 2015: Estimated using UN series and ""Household Budget Survey Report 1994/95 and 2002/03""; 2017 - 2023: Estimated using previous year figure and growth of PCE (IMF) series"
LBR,hf2,"2008: MOHSW. Liberia Health Accounts 2007/08. October 2009. Annex A. General Financing Source x Financing Agent (FSxHF). Page 59. [Note that 1) May contain capital value as the report is based on the SHA.1.0 framework; and that 2) Amounts found in USD in the report, were converted to NCU using the exchange rate of 63.2075 for Year 2008, as of October 2023]; 2011: Sum of voluntary health insurance, NPISH, and enterprise schemes.; 2012: Ministry of health. Health Accounts; 2013: Sum of voluntary health insurance, NPISH, and enterprise schemes.; 2014: MoH. Health Accounts.; 2016: Health Accounts study provided by the Ministry of Health; 2017 - 2018: Sum of VHI + NPISH + enterprise schemes; 2019: Ministry of Health, Health Accounts for Year 2018/19. As exported from HAPT on January 27, 2020.; 2020: Ministry of Health, Health Accounts for Year 2019/20. As exported from HAPT on February 10, 2023.; 2021 - 2023: Sum of VHI + NPISH + enterprise schemes"
LBR,hf21,"2000 - 2007: Estimated using health accounts and IMF WEO series.; 2008: MOHSW. Liberia Health Accounts 2007/08. October 2009. Annex A. General Financing Source x Financing Agent (FSxHF). Page 59. [Note that 1) May contain capital value as the report is based on the SHA.1.0 framework; and that 2) Amounts found in USD in the report, were converted to NCU using the exchange rate of 63.2075 for Year 2008, as of October 2023]; 2009 - 2011: Estimated using health accounts and IMF WEO series.; 2012: MoH. Health Accounts [converted from USD to LBR using exchange rate of 73.51]; 2013 - 2014: MoH. Health Accounts.; 2015: Estimated using health accounts and EIU series.; 2016: Health Accounts study provided by the Ministry of Health; 2017 - 2018: Estimated using HA and IMF data series; 2019: Ministry of Health, Health Accounts for Year 2018/19. As exported from HAPT on January 27, 2020.; 2020: Ministry of Health, Health Accounts for Year 2019/20. As exported from HAPT on November 6, 2023.; 2021 - 2023: Estimated using HA and IMF data series"
LBR,hf3,"2000 - 2007: 2000-2015 estimated based on the Health accounts study in 2016; 2008: MOHSW. Liberia Health Accounts 2007/08. October 2009. Annex A. General Financing Source x Financing Agent (FSxHF). Page 59. [Note that 1) May contain capital value as the report is based on the SHA.1.0 framework; and that 2) Amounts found in USD in the report, were converted to NCU using the exchange rate of 63.2075 for Year 2008, as of October 2023]; 2009 - 2015: 2000-2015 estimated based on the Health accounts study in 2016; 2017 - 2018: Estimated using HA and IMF data series; 2019: Ministry of Health, Health Accounts for Year 2018/19. As exported from HAPT on January 27, 2020.; 2020: Ministry of Health, Health Accounts for Year 2019/20. As exported from HAPT on November 6, 2023.; 2021 - 2023: Estimated using HA and IMF data series"
MDG,hf2,"2000 - 2018: Sum of VHI, NPISH and Enterprises; 2019 - 2021: MoH. Health Accounts; 2022 - 2023: Sum of VHI + NPISH + Enterprises"
MDG,hf21,2000: Converted SHA 1.0 data from GHED.; 2001 - 2018: Estimated using HA and IMF data series; 2019 - 2021: MoH. Health Accounts; 2022 - 2023: Estimated using MoH and IMF data series
MDG,hf3,2000 - 2009: Estimated using IMF-IFS and MoH consultation series; 2010 - 2011: Consultation. MoH. January 2014.; 2012 - 2018: Estimated using HA and IMF data series; 2019 - 2021: MoH. Health Accounts; 2022 - 2023: Estimated using MoH and IMF data series
MWI,hf2,2000 - 2002: Estimating using HA and IMF data.; 2003: MoH. Health Accounts for Years 2002/03 and 2005/06. May 2008.; 2004 - 2005: Estimating using HA and IMF data.; 2006: MoH. Health Accounts for Years 2002/03 and 2005/06. May 2008.; 2007 - 2009: MoH. Health Accounts for Years 2006/07 to 2008/09. May 2012.; 2010 - 2012: MoH. Health Accounts for Years 2009/10 to 2011/12. 2014..; 2013 - 2015: MoH. Health Accounts for Years 2012/13 to 2014/15. September 2016.; 2016 - 2019: MoH. Health Accounts.; 2020 - 2021: Sum of VHI + NPISH + Enterprise schemes
MWI,hf21,2000 - 2002: Estimating using HA and IMF data.; 2003: MoH. Health Accounts for Years 2002/03 and 2005/06. May 2008. pp.66.; 2004 - 2005: Estimated using HA data.; 2006: MoH. Health Accounts for Years 2002/03 and 2005/06. May 2008. pp.84.; 2007: MoH. Health Accounts for Years 2006/07 to 2008/09. May 2012. pp.93.; 2008: MoH. Health Accounts for Years 2006/07 to 2008/09. May 2012. pp.98.; 2009: MoH. Health Accounts for Years 2006/07 to 2008/09. May 2012. pp.101.; 2010 - 2012: MoH. Health Accounts for Years 2009/10 to 2011/12. 2014.; 2013 - 2015: MoH. Health Accounts for Years 2012/13 to 2014/15. September 2016.; 2016 - 2019: MoH. Health Accounts.; 2020 - 2023: Estimated using HA and IMF data
MWI,hf3,2002: Estimating using HA and IMF data.; 2003: MoH. Health Accounts for Years 2002/03 and 2005/06. May 2008. pp.66.; 2004 - 2005: MoH. Health Accounts for Years 2002/03 to 2004/05. February 2007. Table 1. pp.6.; 2006: MoH. Health Accounts for Years 2002/03 and 2005/06. May 2008. pp.84.; 2007: MoH. Health Accounts for Years 2006/07 to 2008/09. May 2012. pp.93.; 2008: MoH. Health Accounts for Years 2006/07 to 2008/09. May 2012. pp.98.; 2009: MoH. Health Accounts for Years 2006/07 to 2008/09. May 2012. pp.101.; 2010: MoH. Health Accounts for Years 2009/10 to 2011/12. 2014. Annex A. pp.137.; 2011: MoH. Health Accounts for Years 2009/10 to 2011/12. 2014. Annex A. pp.151.; 2012: MoH. Health Accounts for Years 2009/10 to 2011/12. 2014. Annex A. pp.166.; 2013: MoH. Health Accounts for Years 2012/13 to 2014/15. September 2016. pp.69.; 2014: MoH. Health Accounts for Years 2012/13 to 2014/15. September 2016. pp.58.; 2015: MoH. Health Accounts for Years 2012/13 to 2014/15. September 2016. pp.48.; 2016 - 2019: MoH. Health Accounts.; 2020 - 2023: Estimated using HA and IMF data series.
MLI,hf2,"2001 - 2012: Sum of voluntary health insurance, NPISH, and enterprise schemes.; 2013 - 2016: MoH. Health Accounts.; 2017 - 2018: Sum of Voluntary health insurance schemes, NPISH financing schemes, Enterprise financing schemes.; 2019 - 2023: MoH. Health Accounts."
MLI,hf21,2000 - 2013: Estimated using HA and IMF data series.; 2014 - 2016: MoH. Health Accounts.; 2017: Estimated using HA data points for 2016 and 2018; 2018 - 2023: MoH. Health Accounts.
MLI,hf3,"2000 - 2004: MoH. Les comptes nationaux de la santé du mali 1999-2004 [National Health Accounts 1999-2004]. pp.68-88. March 2007; 2005 - 2007: Estimated using HA data points for years 2004 and 2008; 2008 - 2009: Ministère du Développement Social, de la Solidarité et des Personnes Agées : Etat des lieux de la couverture maladie universelle au Mali, Rapport final, Octobre 2011. pp. 24.; 2010 - 2012: Estimated using HA data points for Year 2009 and 2014.; 2013 - 2023: MoH. Health Accounts."
MRT,hf2,2000 - 2010: Estimated using HA and IMF series; 2016 - 2017: MoH and IMF data.; 2018 - 2021: MoH. Health Accounts.; 2022 - 2023: MoH and IMF data.
MRT,hf21,2000 - 2010: Estimated using HA and IMF series; 2011: MoH. Health Accounts; 2012 - 2015: Estimated using MOH data; 2016 - 2021: MoH. Health Accounts.; 2022 - 2023: Estimated using IMF and MoH data series.
MRT,hf3,2000 - 2015: Ministry of Health; 2016 - 2017: Estimated using MoH data series.; 2018 - 2021: MoH. Health Accounts.; 2022 - 2023: Estimated using IMF and MoH data series.
MUS,hf2,"2000 - 2015: Sum of components; 2016: MoH. Health Accounts.; 2017 - 2018: Sum of components; 2019: MoH. Health Accounts. Computed as the sum of the components.; 2020 - 2023: Estimated using MoH, OECD and IMF data series. Computed as the sum of components."
MUS,hf21,2000 - 2011: Estimated using MOH consultation for 2012 and IMF series for PC; 2012: Official MOH response February 2014; 2013 - 2015: Estimated using HA data points for 2012 and 2016; 2016: MoH. Health Accounts.; 2017 - 2018: Estimated using HA data for 2016 and 2019.; 2019: MoH. Health Accounts.; 2020 - 2023: Estimated using NHA data for 2019 and IFS data for PC
MUS,hf3,"2000 - 2001: MoH. Consultation; 2002: NHA; 2003: Estimated using NHA; 2004: NHA; 2005 - 2006: Estimated using NHA 2004 report and Household Budget Survey; 2007: Ministry of Finance and Economic Empowerment & Central Statistics Office. Household Budget Survey 2006/2007. T. 5.1, pp. 46. March 2009; 2008 - 2011: Estimating using MOF and MOH official reply 2014; 2012: Official MOH response February 2014; 2013: Estimated using MOH official reply for 2012 and NHA data for 2014; 2014: NHA data; 2015: Estimated using NHA data and IFS data for PC; 2016: MoH. Health Accounts.; 2017: Estimated using HA data for 2016 and 2019; 2018: Estimated using HA data for 2016 and 2019.; 2019: MoH. Health Accounts.; 2020 - 2023: Estimated using NHA data for 2019 and IFS data for PC"
MOZ,hf2,"2015 - 2021: Sum of components; 2022 - 2023: Estimated using MoH, IMF and OECD."
MOZ,hf21,2000 - 2003: Estimated using SHA data for 2004 and GDP series from IMF; 2004 - 2006: MoH. NHA 2004-2006. Table 12 pp. 33; 2007 - 2011: Estimated using SHA data for 2006 and 2012; 2012: MoH. Health Accounts for Year 2012. HFxFS Table Annex D. pp. 65.; 2013 - 2014: Estimated using SHA 2011 data for 2012 and 2015; 2015: MoH. Health Accounts for Year 2015. Table 2. pp. 8.; 2016 - 2023: Estimated using SHA data for 2015 and GDP series from IMF
MOZ,hf3,"2000 - 2001: Estimated using MoH and IMF data series.; 2002: Demographic and Health Survey 2003, Instituto Nacional de Estatística, Ministério da Saúde [Mozambique] and Macro International Inc, Minnesota Population Center; 2003: Estimated using MoH and IMF data series.; 2004 - 2006: MoH. NHA 2004-2006. Table 12 pp. 55; 2007: Estimated using datapoints for years 2006 and 2008; 2008: Multiple Indicator Cluster Survey 2008, Instituto Nacional de Estatística, Ministério da Saúde [Mozambique]; 2009: Estimated using datapoints for years 2008 and 2010; 2010: Global consumption Database , World Bank; 2011: Estimated using datapoints for years 2010 and 2012; 2012: MoH. Health Accounts for Year 2012. Table HFxFS Annex D. pp. 65.; 2013 - 2014: Estimated using datapoints for years 2012 and 2015; 2015: MoH. Health Accounts for Year 2015. Table 2. pp. 8.; 2016 - 2023: Estimated using MoH and IMF data series."
NAM,hf2,"2000: Estimated using IMF and HA data.; 2012: Ministry of Health. Health Accounts for Year 2012/13.; 2014: Ministry of Health. Health Accounts for Year 2014/15.; 2015: MoH. Health Accounts for Year 2015/2016; 2016: MoH. Health Accounts for Year 2016/2017; 2017: Ministry of Health and Social Services. April 2020. Namibia Resource Tracking for Health and HIV: 2017/18. Windhoek, Namibia, pp. 49"
NAM,hf21,"2000: Estimated using IMF and HA data.; 2001 - 2007: MoH. Health Accounts for Year 2014/2015. September 2017. Fig.4 pp.8.; 2008: MoH. Health Accounts for Year 2014/2015. September 2017.; 2009 - 2011: MoH. Health Accounts for Year 2014/2015. September 2017. Fig.4 pp.8.; 2012: MoH. Health Accounts for Year 2014/2015. September 2017.; 2013: MoH. Health Accounts for Year 2014/2015. September 2017. Fig.4 pp.8.; 2014: MoH. Health Accounts for Year 2014/2015. September 2017.; 2015: MoH. Health Accounts for Year 2015/2016; 2016: MoH. Health Accounts for Year 2016/2017; 2017: Ministry of Health and Social Services. April 2020. Namibia Resource Tracking for Health and HIV: 2017/18. Windhoek, Namibia, pp. 49"
NAM,hf3,"2000 - 2008: Estimated using HA and IMF data series.; 2009 - 2011: MoH. Health Accounts for Year 2014/2015. September 2017. Fig.4 pp.8.; 2012: MoH. Health Accounts for Year 2014/2015. September 2017. Fig.9 pp.12.; 2013: MoH. Health Accounts for Year 2014/2015. September 2017. Fig.4 pp.8.; 2014: MoH. Health Accounts for Year 2014/2015. September 2017. Fig.9 pp.12.; 2015: MoH. Health Accounts for Year 2015/2016; 2016: MoH. Health Accounts for Year 2016/2017; 2017: Ministry of Health and Social Services. April 2020. Namibia Resource Tracking for Health and HIV: 2017/18. Windhoek, Namibia, pp. 49; 2018 - 2022: Estimated using PC (UN)."
NER,hf2,"2011 - 2016: MoH. Health Accounts; 2017 - 2019: Sum of Voluntary health insurance schemes, NPISH financing schemes, Enterprise financing schemes.; 2020 - 2023: MoH. Health Accounts."
NER,hf21,2000 - 2010: Rapports des Assurances; 2011 - 2016: MoH. Health Accounts.; 2017: Estimated using HA data for Year 2016 and 2018.; 2018 - 2023: MoH. Health Accounts.
NER,hf3,2000 - 2010: Estimated using HA and IMF data series.; 2011 - 2023: MoH. Health Accounts.
NGA,hf2,"2000 - 2002: University of Ibadan, Nigeria. National Health Accounts of Nigeria 1998-2002.T.7, pp.19. October 2005; 2010 - 2016: Health Accounts study provided by the Ministry of Health; 2017 - 2021: MoH. Health Accounts.; 2022 - 2023: VHI + NPISH + Enterprises"
NGA,hf21,"2000: University of Ibadan, Nigeria. National Health Accounts of Nigeria 1998-2002.T.7, pp.19. October 2005; 2001: University of Ibadan, Nigeria. National Health Accounts of Nigeria 1998-2002.T.10, pp.22. October 2005; 2002: University of Ibadan, Nigeria. National Health Accounts of Nigeria 1998-2002.T.13, pp.25. October 2005; 2003: University of Ibadan, Nigeria. National Health Accouts of Nigeria, 2003-2005, Incorporating Sub-National Accounts of States. T.3.1, pp.5. August 2009; 2004: University of Ibadan, Nigeria. National Health Accouts of Nigeria, 2003-2005, Incorporating Sub-National Accounts of States. T.3.4, pp.9. August 2009; 2005: University of Ibadan, Nigeria. National Health Accouts of Nigeria, 2003-2005, Incorporating Sub-National Accounts of States. T.3.7, pp.12. August 2009; 2006 - 2014: Estimated using HA data points for years 2005 and 2015.; 2015 - 2016: Health Accounts study provided by the Ministry of Health; 2017 - 2021: MoH. Health Accounts.; 2022 - 2023: Estimated using HA and IMF data series."
NGA,hf3,"2000: University of Ibadan, Nigeria. National Health Accounts of Nigeria 1998-2002.T.7, pp.19. October 2005; 2001: University of Ibadan, Nigeria. National Health Accounts of Nigeria 1998-2002.T.10, pp.22. October 2005; 2002: University of Ibadan, Nigeria. National Health Accounts of Nigeria 1998-2002.T.13, pp.25. October 2005; 2003: University of Ibadan, Nigeria. National Health Accouts of Nigeria, 2003-2005, Incorporating Sub-National Accounts of States. T.3.1, pp.5. August 2009; 2004: University of Ibadan, Nigeria. National Health Accouts of Nigeria, 2003-2005, Incorporating Sub-National Accounts of States. T.3.4, pp.9. August 2009; 2005: University of Ibadan, Nigeria. National Health Accouts of Nigeria, 2003-2005, Incorporating Sub-National Accounts of States. T.3.7, pp.12. August 2009; 2006 - 2009: MoH. Health Accounts.; 2010 - 2016: Health Accounts study provided by the Ministry of Health; 2017 - 2021: MoH. Health Accounts.; 2022 - 2023: Estimated using HA and IMF data series."
RWA,hf2,"2000: MoH. Rwanda National Health Accounts 2002. Annex D, T. D-1. March 2005; 2003: MoH. Health Accounts 2006. June 2008.; 2006: MoH. Health Accounts 2006. June 2008.; 2007 - 2023: Sum of its components"
RWA,hf21,2000: Consultation. MoH. NHA 2002 detailed tables.; 2001: HA reports for Years 2000 and 2003.; 2002: Consultation. MoH. NHA 2002 detailed tables.; 2003: MoH. Health Accounts 2006. June 2008. Table 2.2 pp.14.; 2004 - 2005: Estimated using PFC series and HA 2006 report; 2006: MoH. Health Accounts 2006. June 2008. Table 2.2 pp.14.; 2007 - 2009: Estimated using PFC series and HA 2006 report; 2011 - 2014: Estimated using PFC series and HA 2006 report; 2015: MoH Official Communication. [Sum of SAHAM + SORAS + Britam Assurance + UAP + Radiant].; 2016 - 2020: Estimated using MOH and IMF data series.; 2021 - 2023: MoH. 2025. Rwanda Health Resource Tracking Report 2020/21 - 2022/23. Table 3 page 23.
RWA,hf3,2000: MoH. Health Accounts 2002.  March 2005. Table 4.5. pp.34 & Table 4.1 pp.29; 2001: Estimated using HA data points for Years 2000 and 2002.; 2002: MoH. Health Accounts 2002.  March 2005. Table 4.5. pp.34 & Table 4.1 pp.29; 2003: MoH. Health Accounts 2006. June 2008. Table 2.2 pp.14.; 2004 - 2005: HA reports for Years 2003 and 2006.; 2006: National Institute of Statistics of Rwanda. 2016. Integrated Household Living Conditions Survey 4 (EICV 4) - Fiscal Year 2013/2014.; 2007 - 2013: National Institute of Statistics of Rwanda; 2014: National Institute of Statistics of Rwanda. 2016. Integrated Household Living Conditions Survey 4 (EICV 4) - Fiscal Year 2013/2014.; 2015 - 2016: National Institute of Statistics of Rwanda; 2017: National Institute of Statistics of Rwanda. 2018. Integrated Household Living Conditions Survey 5 (EICV 5) - Fiscal Year 2016/2017.; 2021: MoH. 2025. Rwanda Health Resource Tracking Report 2020/21 - 2022/23. Table 2 page 19 [OOPS = 5% of CHE].; 2022: MoH. 2025. Rwanda Health Resource Tracking Report 2020/21 - 2022/23. Table 2 page 19 [OOPS = 4.2% of CHE].; 2023: MoH. 2025. Rwanda Health Resource Tracking Report 2020/21 - 2022/23. Table 2 page 19 [OOPS = 4.1% of CHE].
STP,hf2,2012: Ministry of Health. Health Accounts for Sao Tome and Principe (2012 & 2013). Provisional Results.; 2013 - 2015: MoH. Health Accounts.; 2016 - 2021: MoH. Health Accounts; 2023: Sum of components
STP,hf21,"2000 - 2011: Estimated using HA and IMF data series; 2012 - 2015: MoH. Health Accounts.; 2016 - 2021: MoH. Health Accounts; 2022: Estimated using MoH, UN and IMF data series. Computed as the sum of FS.5 and FS.1.3; 2023: Estimated using MoH and IMF-WEO data."
STP,hf3,"2000: Estimated using PER and IMF data series; 2001 - 2005: WB. Public Expenditure Review Vol II. T. 22, pp. 52. June 2007; 2006 - 2011: Estimated using data points for Years 2005 and 2012; 2012 - 2015: MoH. Health Accounts.; 2016 - 2017: MoH. Health Accounts; 2018 - 2021: MoH. Health Accounts.; 2022: Estimated using UN and HA data series.; 2023: Estimated using HA and IMF-FS data."
SEN,hf2,"2000 - 2011: Converted SHA 1.0 data from GHED.; 2013: Ministère de la Santé et de l'Action sociale, comptes de santé 2013; 2014: Ministère de la Santé et de l'Action sociale, comptes de santé 2014; 2015: Ministère de la Santé et de l'Action sociale, comptes de santé 2015; 2016: Ministère de la Santé et de l'Action sociale, comptes de santé 2016; 2017 - 2021: MoH. Health Accounts; 2022: MoH. Health Accounts.; 2023: MoH. Health Accounts"
SEN,hf21,"2000 - 2012: Estimated using Conversion of SHA 1.0 data; 2013: Ministère de la Santé et de l&apos;Action sociale, comptes de santé 2013; 2014: Ministère de la Santé et de l&apos;Action sociale, comptes de santé 2014; 2015: Ministère de la Santé et de l&apos;Action sociale, comptes de santé 2015; 2016: Ministère de la Santé et de l&apos;Action sociale, comptes de santé 2016; 2017 - 2021: MoH. Health Accounts; 2022: MoH. Health Accounts.; 2023: MoH. Health Accounts"
SEN,hf3,"2001: CESAG. Elaboration des Comptes Nationaux de la santé au Sénégal en 2001[Elaboration of National Health Accounts for Segenal in 2001]. T. FS x FA; 2002 - 2003: Estimated using NHA 2001 report and MoH consultation; 2004 - 2008: MoH. Consultation.; 2009 - 2012: Estimated using HA data; 2013: Ministère de la Santé et de l&apos;Action sociale, comptes de santé 2013; 2014: Ministère de la Santé et de l&apos;Action sociale, comptes de santé 2014; 2015: Ministère de la Santé et de l&apos;Action sociale, comptes de santé 2015; 2016: Ministère de la Santé et de l&apos;Action sociale, comptes de santé 2016; 2017 - 2021: MoH. Health Accounts; 2022: MoH. Health Accounts.; 2023: MoH. Health Accounts"
SYC,hf2,2013: HA data; 2014 - 2015: Preliminary HA data SHA 2011; 2016 - 2017: MoH. Health Accounts; 2018 - 2023: VHI + NPISH + Enterprises
SYC,hf21,2013: HA data; 2014 - 2015: Estimated using HA data points for years 2013 and 2016; 2016 - 2017: MoH. Health Accounts; 2018 - 2023: WHO estimation using HA data for 2017 and IMF/IFS data for total private consumption
SYC,hf3,2000: NSB. Household Income and Expenditure Survey 1999/2000; 2001 - 2015: Estimated using HA and IMF data series; 2016 - 2017: MoH. Health Accounts; 2018 - 2022: WHO estimation using HA data for 2017 and IMF/IFS data for total private consumption
SLE,hf2,"2000 - 2012: Estimated using MoH, IMF and OECD DAC series; 2013 - 2014: Ministry of Health. Health Accounts.; 2015 - 2016: Estimated using MoH, IMF and OECD DAC series; 2017 - 2021: MoH. Health Accounts; 2022 - 2023: Estimated using MoH, IMF and OECD DAC series"
SLE,hf21,2000 - 2016: Estimated using MoH health accounts and IMF IFS series.; 2017 - 2018: MoH. Health Accounts.; 2019 - 2021: MoH. Health Accounts; 2022 - 2023: Estimated using MoH health accounts and IMF IFS series.
SLE,hf3,"2000 - 2012: Estimated using MoH health accounts and IMF IFS series.; 2013 - 2014: Ministry of Health. Health Accounts.; 2015: Estimated using MoH,  IMF and OECD series; 2016: Data provided during the data validation in 2018; 2017 - 2018: MoH. Health Accounts.; 2019 - 2021: MoH. Health Accounts; 2022 - 2023: Estimated using MoH health accounts and IMF IFS series."
ZAF,hf2,"2000 - 2013: Sum of VHI  + NPISH + Enteprise schemes; 2014 - 2016: MoH. Health Accounts.; 2017 - 2019: Sum of Voluntary health insurance schemes, NPISH financing schemes, Enterprise financing schemes.; 2020: MoH. HFxFS submitted table (as part of JHAQ process).; 2021 - 2023: Sum of Voluntary health insurance schemes, NPISH financing schemes, Enterprise financing schemes."
ZAF,hf21,"2000 - 2013: CMS data, expenditures by each VHI were changed based on the share of total previous expenditures on health according to SHA1.0 by the % change in 2013 when the HA methodology shifted to SHA2011. The estimated amount include the total benefits  paid plus the administration fees. A percentage increase of 1 % was applied across the time series to ensure consistency due to the percentage change .; 2014 - 2016: MoH. Health Accounts.; 2017 - 2019: Estimated using MoH and IMF data series; 2020: MoH. HFxFS submitted table (as part of JHAQ process).; 2021 - 2023: Estimated using MoH and IMF data series"
ZAF,hf3,"2000 - 2013: The original estimates of OOPs from SHA1.0 were updated based on the difference between OOPS estimates; data was based on the analysis of NDoH, which for example excludes TCAM; 2014 - 2016: MoH. Health Accounts.; 2017 - 2019: Estimated using MoH and IMF data series; 2020: MoH. HFxFS submitted table (as part of JHAQ process).; 2021 - 2023: Estimated using MoH and IMF data series"
SSD,hf2,2017: MoH. Health Accounts.; 2018 - 2023: Estimated using MoH and IMF data series
SSD,hf21,2017: MoH. Health Accounts.; 2018 - 2023: Estimated using MoH and IMF data series
SSD,hf3,2017: MoH. Health Accounts.; 2018 - 2023: Estimated using MoH and IMF data series
TGO,hf2,"2010 - 2012: Sum of voluntary health insurance schemes, NPISH and Enterprise health financing schemes.; 2013 - 2021: MoH. Health Accounts; 2022 - 2023: VHI + NPISH + Enterprises"
TGO,hf21,2000 - 2012: Estimated using MoH and WDI series.; 2013 - 2021: MoH. Health Accounts; 2022 - 2023: Estimated using MoH and IMF series
TGO,hf3,2000 - 2016: Estimated using MoH and IMF data series; 2017 - 2021: MoH. Health Accounts; 2022 - 2023: Estimated using MoH and IMF series
UGA,hf2,"2010 - 2015: MoH. Health Accounts.; 2016 - 2018: Sum of Voluntary health insurance schemes, NPISH financing schemes, Enterprise financing schemes.; 2019: MoH. Health Accounts.; 2020 - 2021: MoH. Health Accounts; 2022 - 2023: VHI + NPISH + Enterprises"
UGA,hf21,"2000: MoH. Financing Health Services in Uganda 1998/1999 - 2000-2001. T. 4.8, pp. 29. March 2004; 2001: MoH. Financing Health Services in Uganda 1998/1999 - 2000-2001. T. 4.9, pp. 30. March 2004; 2002 - 2008: Estimated using HA data points for years 2001 and 2009.; 2009: Uganda Ministry of Health, 2013 - Uganda Health Accounts for fiscal years 2008-2009 and 2009-2010. Page 60. Annex 2: Sources by Financing Agents, FY2008/9.; 2010: Uganda Ministry of Health, 2013 - Uganda Health Accounts for fiscal years 2008-2009 and 2009-2010. Page 61. Annex 3: Sources by Financing Agents, FY2009/10; 2011 - 2019: MoH. Health Accounts.; 2020 - 2021: MoH. Health Accounts; 2022 - 2023: Estimated using HA and IMF data."
UGA,hf3,"2000: MoH. Financing Health Services in Uganda 1998/1999 - 2000/2001. T. 4.8, pp. 29. March 2004; 2001: MoH. Financing Health Services in Uganda 1998/1999 - 2000/2001. T. 4.9, pp. 30. March 2004; 2002 - 2003: Estimated using HA data points for years 2001 and 2004; 2004: Uganda Bureau of Statistics. Uganda National Households Survey 2005/2006. T. 6.2, pp. 55, T. 6.5,, pp. 57 and T. 6.7, pp. 59. December 2006; 2005: Estimated using HA data points for years 2004 and 2006; 2006: Uganda Bureau of Statistics. Uganda National Households Survey 2005/2006. T. 6.2, pp. 55, T. 6.5,, pp. 57 and T. 6.7, pp. 59. December 2006; 2007 - 2008: Estimated using HA data points for years 2006 and 2009; 2009 - 2010: Uganda Ministry of Health, 2013 - Uganda Health Accounts for fiscal years 2008-2009 and 2009-2010. pp 22. Table 11: Private sources of funds.; 2011 - 2019: MoH. Health Accounts.; 2020 - 2021: MoH. Health Accounts; 2022 - 2023: Estimated using HA and IMF data."
TZA,hf2,"2012: MoH. Health Accounts for Year 2014/15. Table 3.3. pp 9.; 2013: Estimated using HA and IMF data.; 2014 - 2016: MoH. Health Accounts.; 2017 - 2023: Sum of Voluntary health insurance schemes, NPISH financing schemes, Enterprise financing schemes."
TZA,hf21,2000: MoH. Health Accounts for Year 1999/2000. [Summary of Health Expenditure]. Table 9.1. pp.1; 2001 - 2009: HA data from Year 1999/2000 and 2009/2010.; 2010: MoH. Health Accounts for Year 2009/10. Table 3.3. pp 10.; 2011: Estimated using HA data for Years 2010 and 2012.; 2012: MoH. Health Accounts for Year 2014/15. Table 3.2. pp 8.; 2013: Estimated using HA data for Years 2012 and 2014.; 2014 - 2016: MoH. Health Accounts.; 2017 - 2023: Estimated using MoH and IMF data series
TZA,hf3,2000: MoH. Health Accounts for Year 1999/2000. [Summary of Health Expenditure]. Table 9.1. pp.1; 2003: MoH. Health Accounts for Year 2009/10. Table 3.3. pp 10.; 2006: MoH. Health Accounts for Year 2009/10. Table 3.3. pp 10.; 2010: MoH. Health Accounts for Year 2009/10. Table 3.3. pp 10.; 2011: Estimated using PFC and HA series; 2012: MoH. Health Accounts for Year 2014/15. Table 3.3. pp 9.; 2013: Estimated using HA data for Years 2012 and 2014.; 2014 - 2016: MoH. Health Accounts.; 2017 - 2023: Estimated using MoH and IMF data series
ZMB,hf2,"2000 - 2001: Sum of components; 2002: MoH. Zambia National Health Accounts 2002-2004 (July 2006). Appendix 1: Sources to Financing Agents. Page 30 [Based on SHA.1.0 framework, hence may contain capital expenditure]; 2003: MoH. Zambia National Health Accounts 2003 to 2006 (March 2009). Appendix 1: General NHA Matrices. Pages 97-99 [Based on SHA.1.0 framework, hence may contain capital expenditure]; 2004: Sum of components; 2005 - 2006: MoH. Zambia National Health Accounts 2003 to 2006 (March 2009). Appendix 1: General NHA Matrices. Pages 97-99 [Based on SHA.1.0 framework, hence may contain capital expenditure]; 2007 - 2010: Sum of components; 2011 - 2012: MoH. Zambia National Health Accounts 2011/12 (May 2017). Table 7: Revenues for financing schemes (THE). Page 16 [THE value hence contains capital expenditure]; 2013 - 2021: MoH. Health Accounts; 2022 - 2023: Estimated using MoH, IMF and OECD DAC series"
ZMB,hf21,"2000 - 2002: Estimated using MoH and IMF data series; 2003: MoH. Zambia National Health Accounts 2003 to 2006 (March 2009). Appendix 1: General NHA Matrices. Pages 97-99 [Based on SHA.1.0 framework, hence may contain capital expenditure]; 2004: Estimated using HA data points of years 2003 and 2005; 2005 - 2006: MoH. Zambia National Health Accounts 2003 to 2006 (March 2009). Appendix 1: General NHA Matrices. Pages 97-99 [Based on SHA.1.0 framework, hence may contain capital expenditure]; 2007 - 2010: Estimated using HA data points of years 2006 and 2011; 2011 - 2012: MoH. Zambia National Health Accounts 2011/12 (May 2017). Table 7: Revenues for financing schemes (THE). Page 16 [THE value hence contains capital expenditure]; 2013 - 2021: MoH. Health Accounts; 2022 - 2023: Estimated using MoH and IMF data series"
ZMB,hf3,"2000 - 2001: Estimated using MoH and IMF data series; 2002: MoH. Zambia National Health Accounts 2002-2004 (July 2006). Appendix 1: Sources to Financing Agents. Page 30 [Based on SHA.1.0 framework, hence may contain capital expenditure]; 2003: MoH. Zambia National Health Accounts 2003 to 2006 (March 2009). Appendix 1: General NHA Matrices. Pages 97-99 [Based on SHA.1.0 framework, hence may contain capital expenditure]; 2004: Estimated using HA data points of years 2003 and 2005; 2005 - 2006: MoH. Zambia National Health Accounts 2003 to 2006 (March 2009). Appendix 1: General NHA Matrices. Pages 97-99 [Based on SHA.1.0 framework, hence may contain capital expenditure]; 2007 - 2010: Estimated using HA data points of years 2006 and 2011; 2011 - 2012: MoH. Zambia National Health Accounts 2011/12 (May 2017). Table 7: Revenues for financing schemes (THE). Page 16 [THE value hence contains capital expenditure]; 2013 - 2021: MoH. Health Accounts; 2022 - 2023: Estimated using MoH and IMF data series"
ZWE,hf2,"2010: Ministry of Health. Health Accounts for Year 2010. Appendix 2. pp.51.; 2011 - 2014: Sum of Voluntary health insurance schemes, NPISH financing schemes, Enterprise financing schemes.; 2015: Ministry of Health. Health Accounts for Year 2015.; 2016: Sum of Voluntary health insurance schemes, NPISH financing schemes, Enterprise financing schemes.; 2017: Ministry of Health. Health Accounts for Year 2017.; 2018: Ministry of Health. Health Accounts for Year 2018.; 2019 - 2022: Sum of Voluntary health insurance schemes, NPISH financing schemes, Enterprise financing schemes."
ZWE,hf21,2010: Ministry of Health. Health Accounts for Year 2010. Appendix 2. pp.51.; 2011 - 2014: Estimated using HA data points for years 2010 and 2015; 2015: Ministry of Health. Health Accounts for Year 2015.; 2016: Estimated using HA data points for years 2015 and 2017; 2017: Ministry of Health. Health Accounts for Year 2017.; 2018: Ministry of Health. Health Accounts for Year 2018.; 2019 - 2020: MoH. Health Accounts; 2021 - 2023: Estimated using HA and IMF data series
ZWE,hf3,2010: Ministry of Health. Health Accounts for Year 2010. Appendix 2. pp.51.; 2011 - 2014: Estimated using HA data for yaers 2010 and 2015; 2015: Ministry of Health. Health Accounts for Year 2015.; 2016: Estimated using HA and IMF data series; 2017 - 2020: MoH. Health Accounts; 2021 - 2023: Estimated using HA and IMF data series
ATG,hf2,"2000 - 2019: Estimated using USAID Health Systems 20/20 Mission, Antigua and Barbuda Health Systems and Private Sector Assessment 2011; United Nations Population Division, World Population Prospects 2017; International Monetary Fund (IMF), World Economic Outlook (GDPP); and OECD DAC Creditor Reporting System (CRS) data.; 2020 - 2023: Estimated using USAID Health Systems 20/20 Mission, Antigua and Barbuda Health Systems and Private Sector Assessment 2011 and IMF International Financial Statistics (IFS) PFC (Private Final Consumption) growth; and OECD DAC Creditor Reporting System (CRS) data."
ATG,hf21,"2000 - 2010: Estimated using USAID Health Systems 20/20 Mission, Antigua and Barbuda Health Systems and Private Sector Assessment 2011; United Nations Population Division, World Population Prospects 2017; and International Monetary Fund (IMF), World Economic Outlook (GDPP); 2011: USAID Health Systems 20/20 Mission, Antigua and Barbuda Health Systems and Private Sector Assessment 2011; 2012 - 2019: Estimated using USAID Health Systems 20/20 Mission, Antigua and Barbuda Health Systems and Private Sector Assessment 2011; United Nations Population Division, World Population Prospects 2017; and International Monetary Fund (IMF), World Economic Outlook (GDPP); 2020 - 2023: Estimated using USAID Health Systems 20/20 Mission, Antigua and Barbuda Health Systems and Private Sector Assessment 2011 and IMF International Financial Statistics (IFS) PFC (Private Final Consumption) growth."
ATG,hf3,"2000 - 2019: WHO estimation based on ratio to PC (around 2%); 2020 - 2021: Estimated using IMF International Financial Statistics (IFS) PFC (Private Final Consumption) growth and Ministry of Finance and Corporate Governance Statistics Division, IPC weights for health/medical expenses.; 2022 - 2023: Estimated using IMF International Financial Statistics (IFS) PFC (Private Final Consumption) growth."
ARG,hf2,"2000 - 2016: Sum of components; 2017 - 2023: Estimated using total private health expenditure reported by Ministerio de Salud Argentina in WHO health Accounts Questionnaire (HAQ) 2025 and Instituto Nacional de Estadísticas y Censos (INDEC), Encuesta Nacional de Gasto de los Hogares (ENGHo) 2017-18."
ARG,hf21,"2000: Ministerio de Economía y Ministerio de Salud, Proyecto de desarrollo de políticas y regulación sanitaria. Estimaciones del gasto en salud. Argentina. Noviembre de 2001; 2001 - 2007: Estimación para reflejar el nivel de gasto de las EMP; 2008 - 2015: Estimación OMS con base en crecimiento de pólizas pagadas en salud en el reporte anual de la superintendencia SSN; 2016: Estimated using el reporte anual de la superintendencia SSN  and IMF WEO series.; 2017 - 2023: Estimated using total private health expenditure reported by Ministerio de Salud Argentina in WHO health Accounts Questionnaire (HAQ) 2025 and Instituto Nacional de Estadísticas y Censos (INDEC), Encuesta Nacional de Gasto de los Hogares (ENGHo) 2017-18."
ARG,hf3,"2000: Estimates of health expenditure in Argentina, Year 1997 and projections.; 2001: Direc Gral de Cuentas Nacionales; 2002 - 2003: Estimaciones OMS con base en el CP; 2004 - 2005: Para los años 2004 y 2012 Encuesta  Nacional de gasto de los hogares (INDEC).Los años 2005 a 2011 estimaciones preliminares en base a encuesta de gasto de los hogares y Encuesta permante de hogares del INDEC. 2012 solo incluye a hogares urbanos, los restantes valores son urbano-rural.; 2006 - 2011: Estimated using Encuestas Nacionales de Gastos de los Hogares de Argentina 2004-05, 2012-13 y 2017-18; 2012: Instituto Nacional de Estadística y Censos (INDEC), Encuesta Nacional de Gastos de los Hogares de Argentina 2012-13; IMF WEO series (final consumption); 2013 - 2016: Estimated using Instituto Nacional de Estadística y Censos (INDEC), Encuesta Nacionales de Gastos de los Hogares and IMF WEO series (final consumption); 2017 - 2023: Estimated using total private health expenditure reported by Ministerio de Salud Argentina in WHO health Accounts Questionnaire (HAQ) 2025 and Instituto Nacional de Estadísticas y Censos (INDEC), Encuesta Nacional de Gasto de los Hogares (ENGHo) 2017-18."
BHS,hf2,2000 - 2023: Sum of the components
BHS,hf21,2000 - 2015: Estimated using Conversion of SHA 1.0 data; 2016: Estimated using IMF series for PC and Commonwealth of the Bahamas Estimates of Revenue & Expenditure 2017/2018; 2017: Estimated using IMF series for PC and Commonwealth of the Bahamas Estimates of Revenue & Expenditure 2018/2019; 2018: Estimated using IMF series for PC and Commonwealth of the Bahamas Estimates of Revenue & Expenditure 2019/2020; 2019: Estimated using IMF series for PC and Commonwealth of the Bahamas Draft Estimates of Revenue & Expenditure 2020/2021; 2020: Estimated using Commonwealth of the Bahamas Draft Estimates of Revenue & Expenditure 2021/2022 and IMF International Financial Statistics (IFS) PFC (Private Final Consumption) growth.; 2021: Estimated using Commonwealth of the Bahamas Draft Estimates of Revenue & Expenditure 2022/2023 and IMF International Financial Statistics (IFS) PFC (Private Final Consumption) growth.; 2022: Estimated using Commonwealth of the Bahamas Draft Estimates of Revenue & Expenditure 2023/2024 and IMF International Financial Statistics (IFS) PFC (Private Final Consumption) growth.; 2023: Estimated using Commonwealth of the Bahamas Draft Estimates of Revenue & Expenditure 2024/2025 and IMF International Financial Statistics (IFS) PFC (Private Final Consumption) growth.
BHS,hf3,"2000 - 2001: Estimated using Department of Statistics, Bahamas Living Conditions Survey 2001; 2002 - 2012: Estimated using Department of Statistics, Bahamas Living Conditions Survey 2001 and Department of Statistics, Household expenditure Survey 2013; 2013 - 2018: Estimated using Department of Statistics, Household expenditure Survey 2013; 2019: Estimated using Department of Statistics, Household expenditure Survey 2013 and IMF series for PC; 2020 - 2023: Estimated using Department of Statistics, Household expenditure Survey 2013 and IMF International Financial Statistics (IFS) PFC (Private Final Consumption) growth."
BRB,hf2,"2000 - 2011: Estimated using Central Bank of Barbados general statistics and Ministry of Health, Barbados 2012-13 Health Accounts, Statistical Report; OECD, Creditor Reporting System (CRS) Aid Activities Database; 2012: Ministry of Health, Barbados 2012-13 Health Accounts, Statistical Report; 2013 - 2017: Estimated using Central Bank of Barbados general statistics and Ministry of Health, Barbados 2012-13 Health Accounts, Statistical Report; OECD, Creditor Reporting System (CRS) Aid Activities Database; 2018: Estimated using Ministry of Health Barbados 2012-13 Health Accounts Statistical Report, Barbados Revenue and Expenditure approved Estimates 2019-2020, and IMF International Financial Statistics (IFS) households final consumption growth; 2019: Estimated using Ministry of Health Barbados 2012-13 Health Accounts Statistical Report, Barbados Revenue and Expenditure draft Estimates 2021-2022, and IMF International Financial Statistics (IFS) households final consumption growth; 2020: Estimated using Ministry of Health Barbados 2012-13 Health Accounts Statistical Report, Barbados Revenue and Expenditure draft Estimates 2022-2023, and IMF International Financial Statistics (IFS) PFC (Private Final Consumption) growth.; 2021 - 2022: Estimated using Ministry of Health Barbados 2012-13 Health Accounts Statistical Report, Barbados Revenue and Expenditure draft Estimates 2023-2024, and IMF International Financial Statistics (IFS) PFC (Private Final Consumption) growth.; 2023: Estimated using Ministry of Health Barbados 2012-13 Health Accounts Statistical Report, Barbados Revenue and Expenditure draft Estimates 2025-2026, and IMF International Financial Statistics (IFS) PFC (Private Final Consumption) growth."
BRB,hf21,"2000 - 2011: Estimated using Central Bank of Barbados general statistics and Ministry of Health, Barbados 2012-13 Health Accounts, Statistical Report; 2012: Ministry of Health, Barbados 2012-13 Health Accounts, Statistical Report; 2013 - 2016: Estimated using Central Bank of Barbados general statistics and Ministry of Health, Barbados 2012-13 Health Accounts, Statistical Report; 2017: Estimated using Central Bank of Barbados general statistics and Ministry of Health, Barbados 2012-13 Health Accounts, Statistical Report.; 2018 - 2019: Estimated using Ministry of Health Barbados 2012-13 Health Accounts Statistical Report, and IMF International Financial Statistics (IFS) households final consumption growth; 2020 - 2023: Estimated using Ministry of Health Barbados 2012-13 Health Accounts Statistical Report, and IMF International Financial Statistics (IFS) PFC (Private Final Consumption) growth."
BRB,hf3,"2000 - 2011: Estimated using Central Bank of Barbados general statistics and Ministry of Health, Barbados 2012-13 Health Accounts, Statistical Report; 2012: Ministry of Health, Barbados 2012-13 Health Accounts, Statistical Report; 2013 - 2016: Estimated using Central Bank of Barbados general statistics and Ministry of Health, Barbados 2012-13 Health Accounts, Statistical Report; 2017: Estimated using Central Bank of Barbados general statistics and Ministry of Health, Barbados 2012-13 Health Accounts, Statistical Report.; 2018 - 2019: Estimated using Ministry of Health Barbados 2012-13 Health Accounts Statistical Report, and IMF International Financial Statistics (IFS) households final consumption growth; 2020 - 2023: Estimated using Ministry of Health Barbados 2012-13 Health Accounts Statistical Report, and IMF International Financial Statistics (IFS) PFC (Private Final Consumption) growth."
BLZ,hf2,2000 - 2023: Sum of the components
BLZ,hf21,"2000 - 2009: Estimated using Ministry of Health Belize, National Health Account 2010; 2010: Ministry of Health Belize, National Health Account 2010; 2011 - 2019: Estimated using Ministry of Health Belize, National Health Account 2010; 2020 - 2023: Estimated using Ministry of Health Belize, National Health Account 2010 and IMF International Financial Statistics (IFS) PFC (Private Final Consumption) growth."
BLZ,hf3,"2000 - 2009: Estimated using Ministry of Health Belize, National Health Account 2010; 2010: Ministry of Health Belize, National Health Account 2010; 2011 - 2019: Estimated using Ministry of Health Belize, National Health Account 2010; 2020 - 2023: Estimated using Ministry of Health Belize, National Health Account 2010 and IMF International Financial Statistics (IFS) PFC (Private Final Consumption) growth."
BOL,hf2,"2000 - 2002: Ministerio de Salud y Deportes, Cuentas nacionales de financiamiento y gasto en salud segunda edición (1999-2002) y bases de datos de Ministerio de Economía, Ministerio de Salud, Seguridad social de corto plazo (revisión y corrección 2017); 2003 - 2007: Ministerio de Salud y Deportes, Cuentas nacionales de salud en Bolivia 2003-2007 (revisión y corrección 2017); 2008: Ministerio de Salud y Deportes, Cuentas  de salud en Bolivia, estimación del gasto en salud gestión 2008 (revisión y corrección 2017); 2009 - 2010: Ministerio de Salud y Deportes y OPS/OMS, Cuentas de salud en Bolivia 2009-2010 (revisión y corrección 2017); 2011 - 2012: Ministerio de Salud y OPS/OMS, Cuentas departamentales de salud 2011-2012 (revisión y corrección 2017); 2013 - 2014: Ministerio de Salud y OPS/OMS, Cuentas departamentales de salud 2013-2014 (revisión y corrección 2017); 2015: Ministerio de Salud y OPS/OMS, Cuentas de salud 2015; 2016: Ministerio de Salud, Cuentas de salud 2016; 2017: Ministerio de Salud y OPS/OMS, Cuentas de salud preliminares 2017; 2018: Estimated using Autoridad de Fiscalización y Control de Pensiones y Seguros Anuario de seguros 2018; Ministerio de Salud y OPS/OMS Cuentas de salud preliminares 2017; Ministerio de Salud Cuentas de salud 2016; OECD Creditor Reporting System database and PFC series; 2019: Estimated using Autoridad de Fiscalización y Control de Pensiones y Seguros Anuario de seguros 2019; Ministerio de Salud y OPS/OMS Cuentas de salud preliminares 2017; Ministerio de Salud Cuentas de salud 2016; OECD Creditor Reporting System database and PFC series; 2020: Estimated using Autoridad de Fiscalización y Control de Pensiones y Seguros, Anuario de seguros 2020; Ministerio de Salud y OPS/OMS Cuentas de salud preliminares 2017, OECD Creditor Reporting System database and IMF International Financial Statistics (IFS) PFC (Private Final Consumption) growth.; 2021: Estimated using Autoridad de Fiscalización y Control de Pensiones y Seguros, Anuario de seguros 2021; Ministerio de Salud y OPS/OMS Cuentas de salud preliminares 2017, OECD Creditor Reporting System database and IMF International Financial Statistics (IFS) PFC (Private Final Consumption) growth.; 2022: Estimated using Autoridad de Fiscalización y Control de Pensiones y Seguros, Anuario de seguros 2022; Ministerio de Salud y OPS/OMS Cuentas de salud preliminares 2017, OECD Creditor Reporting System database and IMF International Financial Statistics (IFS) PFC (Private Final Consumption) growth.; 2023: Estimated using Autoridad de Fiscalización y Control de Pensiones y Seguros, Anuario de seguros 2023; Ministerio de Salud y OPS/OMS Cuentas de salud preliminares 2017, OECD Creditor Reporting System database and IMF International Financial Statistics (IFS) PFC (Private Final Consumption) growth."
BOL,hf21,"2000 - 2002: Ministerio de Salud y Deportes, Cuentas nacionales de financiamiento y gasto en salud segunda edición (1999-2002) y bases de datos de Ministerio de Economía, Ministerio de Salud, Seguridad social de corto plazo (revisión y corrección 2017); 2003 - 2007: Ministerio de Salud y Deportes, Cuentas nacionales de salud en Bolivia 2003-2007 (revisión y corrección 2017); 2008: Ministerio de Salud y Deportes, Cuentas  de salud en Bolivia, estimación del gasto en salud gestión 2008 (revisión y corrección 2017); 2009 - 2010: Ministerio de Salud y Deportes y OPS/OMS, Cuentas de salud en Bolivia 2009-2010 (revisión y corrección 2017); 2011 - 2012: Ministerio de Salud y OPS/OMS, Cuentas departamentales de salud 2011-2012 (revisión y corrección 2017); 2013 - 2014: Ministerio de Salud y OPS/OMS, Cuentas departamentales de salud 2013-2014 (revisión y corrección 2017); 2015: Ministerio de Salud y OPS/OMS, Cuentas de salud 2015; 2016: Ministerio de Salud, Cuentas de salud 2016; 2017: Ministerio de Salud y OPS/OMS, Cuentas de salud preliminares 2017; 2018: Autoridad de Fiscalización y Control de Pensiones y Seguros, Anuario de seguros 2018; 2019: Autoridad de Fiscalización y Control de Pensiones y Seguros, Anuario de seguros 2019; 2020: Autoridad de Fiscalización y Control de Pensiones y Seguros, Anuario de seguros 2020; 2021: Autoridad de Fiscalización y Control de Pensiones y Seguros, Anuario de seguros 2021; 2022: Autoridad de Fiscalización y Control de Pensiones y Seguros, Anuario de seguros 2022; 2023: Autoridad de Fiscalización y Control de Pensiones y Seguros, Anuario de seguros 2023"
BOL,hf3,"2000 - 2002: Ministerio de Salud y Deportes, Cuentas nacionales de financiamiento y gasto en salud segunda edición (1999-2002) y bases de datos de Ministerio de Economía, Ministerio de Salud, Seguridad social de corto plazo (revisión y corrección 2019); 2003 - 2007: Ministerio de Salud y Deportes, Cuentas nacionales de salud en Bolivia 2003-2007 (revisión y corrección 2019); 2008: Ministerio de Salud y Deportes, Cuentas  de salud en Bolivia, estimación del gasto en salud gestión 2008 (revisión y corrección 2019); 2009 - 2010: Ministerio de Salud y Deportes y OPS/OMS, Cuentas de salud en Bolivia 2009-2010 (revisión y corrección 2019); 2011 - 2012: Ministerio de Salud y OPS/OMS, Cuentas departamentales de salud 2011-2012 (revisión y corrección 2019); 2013 - 2014: Ministerio de Salud y OPS/OMS, Cuentas departamentales de salud 2013-2014 (revisión y corrección 2019); 2015: Ministerio de Salud y OPS/OMS, Cuentas de salud 2015 (revisión y corrección 2019); 2016: Ministerio de Salud, Cuentas de salud 2016 (revisión y corrección 2019); 2017: Ministerio de Salud y OPS/OMS, Cuentas de salud preliminares 2017; 2018: Estimated using Ministerio de Salud y OPS/OMS Cuentas de salud preliminares 2017, and INE Encuesta de hogares 2018; 2019: Estimated using Ministerio de Salud y OPS/OMS Cuentas de salud preliminares 2017, and INE Encuesta de hogares 2019; 2020: Estimated using Ministerio de Salud y OPS/OMS Cuentas de salud preliminares 2017, INE Encuesta de hogares 2019 and IMF International Financial Statistics (IFS) PFC (Private Final Consumption) growth.; 2021: Estimated using Ministerio de Salud y OPS/OMS Cuentas de salud preliminares 2019; INE Encuestas de hogares 2019 and 2021; 2022 - 2023: Estimated using Ministerio de Salud y OPS/OMS Cuentas de salud preliminares 2019; INE Encuesta de hogares 2021; and IMF International Financial Statistics (IFS) PFC (Private Final Consumption) growth."
BRA,hf2,"2000 - 2014: Sum of Voluntary Health Insurance and NPISH expenditure on health.; 2015 - 2019: Joint OECD, EUROSTAT and WHO Health Accounts SHA Questionnaire (JHAQ); 2020 - 2021: Preliminary cross table HF (financing schemes) x HC (functions) provided by country NHA focal point; 2022: Joint OECD, EUROSTAT and WHO Health Accounts SHA Questionnaire (JHAQ); 2023: Estimated using Joint OECD, EUROSTAT and WHO Health Accounts SHA Questionnaire (JHAQ) 2025; Agência Nacional de Saúde Suplementar (growth rate of expenses); and IMF International Financial Statistics (IFS) PFC (Private Final Consumption) growth."
BRA,hf21,"2000: National Agency for Suplementary Health  (ANS) - Health plans receipt, Caderno de Informação da Saúde Suplementar; &quot;Receita de contraprestações das operadoras de planos privados de saúde, segundo modalidade da operadora&quot;.; 2001 - 2014: National Agency for Suplementary Health  (ANS) - Health plans receipt, Caderno de Informação da Saúde Suplementar; ""Receita de contraprestações das operadoras de planos privados de saúde, segundo modalidade da operadora"".; 2015 - 2019: Joint OECD, EUROSTAT and WHO Health Accounts SHA Questionnaire (JHAQ); 2020 - 2021: Preliminary cross table HF (financing schemes) x HC (functions) provided by country NHA focal point; 2022: Joint OECD, EUROSTAT and WHO Health Accounts SHA Questionnaire (JHAQ); 2023: Estimated using Joint OECD, EUROSTAT and WHO Health Accounts SHA Questionnaire (JHAQ) 2025 and Agência Nacional de Saúde Suplementar (growth rate of expenses)"
BRA,hf3,"2000 - 2009: Cuentas Satelite de Salud para gastos de hogares, excluidos esquemas de seguros voluntarios.; 2010 - 2014: Ministério do Planejamento, Desenvolvimento e Gestão
Instituto Brasileiro de Geografia e Estatística - IBGE
Diretoria de Pesquisas, Coordenação de Contas Nacionais, Contas Nacionais número 59, Conta-Satélite de Saúde
Brasil, 2010-2015, T 2; 2015 - 2019: Joint OECD, EUROSTAT and WHO Health Accounts SHA Questionnaire (JHAQ); 2020 - 2021: Preliminary cross table HF (financing schemes) x HC (functions) provided by country NHA focal point; 2022: Joint OECD, EUROSTAT and WHO Health Accounts SHA Questionnaire (JHAQ); 2023: Estimated using Joint OECD, EUROSTAT and WHO Health Accounts SHA Questionnaire (JHAQ) and IMF International Financial Statistics (IFS) PFC (Private Final Consumption) growth"
CAN,hf2,"2000 - 2023: Joint OECD, EUROSTAT and WHO Health Accounts SHA Questionnaire (JHAQ)"
CAN,hf21,"2000 - 2023: Joint OECD, EUROSTAT and WHO Health Accounts SHA Questionnaire (JHAQ)"
CAN,hf3,"2000 - 2023: Joint OECD, EUROSTAT and WHO Health Accounts SHA Questionnaire (JHAQ)"
CHL,hf2,"2000 - 2023: Joint OECD, EUROSTAT and WHO Health Accounts SHA Questionnaire (JHAQ)"
CHL,hf21,"2000 - 2023: Joint OECD, EUROSTAT and WHO Health Accounts SHA Questionnaire (JHAQ)"
CHL,hf3,"2000 - 2023: Joint OECD, EUROSTAT and WHO Health Accounts SHA Questionnaire (JHAQ)"
COL,hf2,"2000 - 2009: Ministerio de Salud - Dirección de Financiamiento Sectorial, Cuentas de Salud de Colombia.; 2010 - 2012: Estimacion de OMS; 2013 - 2017: Joint OECD, EUROSTAT and WHO Health Accounts SHA Questionnaire (JHAQ); 2018 - 2023: Ministerio de Salud y Protección Social, SHA 2011 health accounts, reported in Joint OECD, EUROSTAT and WHO Health Accounts SHA Questionnaire (JHAQ)"
COL,hf21,"2000 - 2012: Ministerio de Salud y Protección social, consulta GHED 2019; 2013 - 2017: Joint OECD, EUROSTAT and WHO Health Accounts SHA Questionnaire (JHAQ); 2018 - 2023: Ministerio de Salud y Protección Social, SHA 2011 health accounts, reported in Joint OECD, EUROSTAT and WHO Health Accounts SHA Questionnaire (JHAQ)"
COL,hf3,"2000 - 2009: CS Colombia; 2010 - 2012: Ministerio de Salud y Protección social, consulta GHED 2019; 2013 - 2017: Joint OECD, EUROSTAT and WHO Health Accounts SHA Questionnaire (JHAQ); 2018 - 2023: Ministerio de Salud y Protección Social, SHA 2011 health accounts, reported in Joint OECD, EUROSTAT and WHO Health Accounts SHA Questionnaire (JHAQ)"
CRI,hf2,"2000 - 2010: Sum of components; 2011 - 2016: Ministerio de Salud, informe de Sistema de Cuentas de Salud de Costa Rica, período 2011-2016; 2017: Joint OECD, EUROSTAT and WHO Health Accounts SHA Questionnaire (JHAQ); 2018: Ministerio de Salud, Cuentas de Salud 2018; 2019 - 2023: Joint OECD, EUROSTAT and WHO Health Accounts SHA Questionnaire (JHAQ)"
CRI,hf21,"2000 - 2010: Estimated using conversion of SHA 1.0 data.; 2011 - 2016: Ministerio de Salud, informe de Sistema de Cuentas de Salud de Costa Rica, período 2011-2016; 2017: Joint OECD, EUROSTAT and WHO Health Accounts SHA Questionnaire (JHAQ); 2018: Ministerio de Salud, Cuentas de Salud 2018; 2019 - 2023: Joint OECD, EUROSTAT and WHO Health Accounts SHA Questionnaire (JHAQ)"
CRI,hf3,"2000 - 2010: Estimated using conversion of SHA 1.0 data; 2011 - 2016: Ministerio de Salud, informe de Sistema de Cuentas de Salud de Costa Rica, período 2011-2016; 2017: Joint OECD, EUROSTAT and WHO Health Accounts SHA Questionnaire (JHAQ); 2018: Ministerio de Salud, Cuentas de Salud 2018; 2019 - 2023: Joint OECD, EUROSTAT and WHO Health Accounts SHA Questionnaire (JHAQ)"
CUB,hf2,2000 - 2023: Estimated using OECD DAC Creditor Reporting System (CRS) data
CUB,hf21,2000 - 2020: This financing scheme does not exist in the country
CUB,hf3,"2000 - 2016: Oficina Nacional de Estadística e Información (ONEI), Anuarios estadísticos de Cuba y Series estadísticas de Cuba, Capítulo Comercio Interno, Ventas totales por tipos de establecimientos en el comercio minorista; 2017 - 2018: Oficina Nacional de Estadística e Información (ONEI), Anuarios estadísticos de Cuba y Series estadísticas de Cuba, Capítulo Comercio Interno, Ventas totales por tipos de establecimientos en el comercio minorista.; 2019: Estimated using Oficina Nacional de Estadística e Información (ONEI), Anuarios estadísticos de Cuba y Series estadísticas de Cuba (Capítulo Comercio Interno, Ventas totales por tipos de establecimientos en el comercio minorista) and World Bank Private final consumption data; 2020 - 2023: Estimated using Oficina Nacional de Estadística e Información (ONEI), Anuarios estadísticos de Cuba y Series estadísticas de Cuba (Capítulo Comercio Interno, Ventas totales por tipos de establecimientos en el comercio minorista) and World Bank PFC (Private Final Consumption) growth."
DMA,hf2,"2000 - 2010: Estimated using Dominica 2010-11 National Health Accounts and HIV Subaccounts. Bethesda, MD: Health Systems 20/20 Caribbean project, Abt Associates Inc., November 2013 and IFS Series (PFC); 2011: Dominica 2010-11 National Health Accounts and HIV Subaccounts. Bethesda, MD: Health Systems 20/20 Caribbean project, Abt Associates Inc., November 2013; 2012 - 2019: Estimated using Dominica 2010-11 National Health Accounts and HIV Subaccounts. Bethesda, MD: Health Systems 20/20 Caribbean project, Abt Associates Inc., November 2013 and IFS Series (PFC); 2020 - 2023: Estimated using Dominica 2010-11 National Health Accounts and HIV Subaccounts. Bethesda, MD: Health Systems 20/20 Caribbean project, Abt Associates Inc.; IMF International Financial Statistics (IFS) PFC (Private Final Consumption) growth; and OECD DAC Creditor Reporting System (CRS) data."
DMA,hf21,"2000 - 2010: Estimated using Dominica 2010-11 National Health Accounts and HIV Subaccounts. Bethesda, MD: Health Systems 20/20 Caribbean project, Abt Associates Inc., November 2013 and IFS Series (PFC); 2011: Dominica 2010-11 National Health Accounts and HIV Subaccounts. Bethesda, MD: Health Systems 20/20 Caribbean project, Abt Associates Inc., November 2013; 2012 - 2019: Estimated using Dominica 2010-11 National Health Accounts and HIV Subaccounts. Bethesda, MD: Health Systems 20/20 Caribbean project, Abt Associates Inc., November 2013 and IFS Series (PFC); 2020 - 2023: Estimated using Dominica 2010-11 National Health Accounts and HIV Subaccounts. Bethesda, MD: Health Systems 20/20 Caribbean project, Abt Associates Inc., and IMF International Financial Statistics (IFS) PFC (Private Final Consumption) growth."
DMA,hf3,"2000 - 2010: Estimated using Dominica 2010-11 National Health Accounts and HIV Subaccounts. Bethesda, MD: Health Systems 20/20 Caribbean project, Abt Associates Inc., November 2013 and IFS Series (PFC); 2011: Dominica 2010-11 National Health Accounts and HIV Subaccounts. Bethesda, MD: Health Systems 20/20 Caribbean project, Abt Associates Inc., November 2013; 2012 - 2019: Estimated using Dominica 2010-11 National Health Accounts and HIV Subaccounts. Bethesda, MD: Health Systems 20/20 Caribbean project, Abt Associates Inc., November 2013 and IFS Series (PFC); 2020 - 2023: Estimated using Dominica 2010-11 National Health Accounts and HIV Subaccounts. Bethesda, MD: Health Systems 20/20 Caribbean project, Abt Associates Inc., and IMF International Financial Statistics (IFS) PFC (Private Final Consumption) growth."
DOM,hf2,"2000 - 2003: MoH. Health Accounts.; 2004 - 2016: Ministerio de Salud pública, Compendio estadístico de Cuentas Nacionales de Salud; 2018 - 2023: Estimated using Superintendencia de seguros - estadísticas, Primas Netas Cobradas Enero a Diciembre (salud); Ministerio de Salud pública Cuentas de salud 2017; Ministerio de Salud pública, Ejecución por Cuenta y Subcuenta; OECD DAC Creditor Reporting System (CRS) data; and IMF International Financial Statistics (IFS) PFC (Private Final Consumption) growth."
DOM,hf21,"2000 - 2003: The sources of information are as follows: (i) financial statements of the agents participating in the scheme; (ii) payments of the Social Security Treasury  (TSS, for its acronym in spanish); (iii) or fiscal data of the state database, Financial Management Information System (SIGEF, for its acronym in spanish).; 2004 - 2016: Ministerio de Salud pública, Compendio estadístico de Cuentas Nacionales de Salud; 2017: Ministerio de Salud Pública, Compendio estadístico de cuentas nacionales de salud; 2018 - 2023: Superintendencia de seguros - estadísticas, Primas Netas Cobradas Enero a Diciembre (salud)"
DOM,hf3,"2000 - 2003: MoH. Health Accounts.; 2004 - 2006: Ministerio de Salud pública, Compendio estadístico de Cuentas Nacionales de Salud; 2007: Banco Central de la República Dominicana y Oficina Nacional de Estadísticas (ONE), Encuesta Nacional de Gastos e Ingresos de los Hogares ENGIH 2007; 2008 - 2017: Estimated using Banco Central de la República Dominicana y Oficina Nacional de Estadísticas (ONE), Encuestas Nacionales de Gastos e Ingresos de los Hogares ENGIH 2007 y 2018; 2018: Banco Central de la República Dominicana y Oficina Nacional de Estadísticas (ONE), Encuesta Nacional de Gastos e Ingresos de los Hogares ENGIH 2018; 2019 - 2021: Estimated using Banco Central de la República Dominicana y Oficina Nacional de Estadísticas (ONE), Encuesta Nacional de Gastos e Ingresos de los Hogares ENGIH 2018 and IMF International Financial Statistics (IFS) PFC (Private Final Consumption) growth.; 2022 - 2023: Estimated using Banco Central de la República Dominicana y Oficina Nacional de Estadísticas (ONE), Encuesta Nacional de Gastos e Ingresos de los Hogares ENGIH 2018 and IMF International Finance Statistics (IFS) private final consumption growth."
ECU,hf2,"2000 - 2006: Suma de los componentes; 2007 - 2021: Instituto Nacional de Estadística y Censos (INEC), Cuentas Satélite de Salud 2007-2023, reported by the country for GHED update 2025; 2022 - 2023: Instituto Nacional de Estadística y Censos (INEC), Cuentas Satélite de Salud 2007-2023, reported by the country in WHO Health Accounts Questionnaire (HAQ) for GHED update 2025"
ECU,hf21,"2000 - 2001: OMS con base en CP; 2002: Superintendencia de Bancos y seguros; 2003 - 2006: INEC TOU suma mutuales y otros prepagos y seguro voluntario; 2007 - 2021: Instituto Nacional de Estadística y Censos (INEC), Cuentas Satélite de Salud 2007-2023, reported by the country for GHED update 2025; 2022 - 2023: Instituto Nacional de Estadística y Censos (INEC), Cuentas Satélite de Salud 2007-2023, reported by the country in WHO Health Accounts Questionnaire (HAQ) for GHED update 2025"
ECU,hf3,"2000 - 2002: Basado en ENIGHU 2004 y en consumo privado; 2003 - 2006: INEC CSS TOU; 2007 - 2021: Instituto Nacional de Estadística y Censos (INEC), Cuentas Satélite de Salud 2007-2023, reported by the country for GHED update 2025; 2022 - 2023: Instituto Nacional de Estadística y Censos (INEC), Cuentas Satélite de Salud 2007-2023, reported by the country in WHO Health Accounts Questionnaire (HAQ) for GHED update 2025"
SLV,hf2,"2000 - 2017: Ministerio de Salud El Salvador, Health Accounts Questionnaire (HAQ) 2022, sum of the components; 2018 - 2020: Ministerio de Salud El Salvador, reported in Health Accounts Questionnaire (HAQ) 2023; 2021: Ministerio de Salud El Salvador, reported in Health Accounts Questionnaire (HAQ) 2024; 2022 - 2023: Ministerio de Salud El Salvador, reported in Health Accounts Questionnaire (HAQ) 2025"
SLV,hf21,"2000 - 2017: Estados Financieros de Compañías de Seguros, Superintendencia del Sistema Financiero.; 2018 - 2020: Ministerio de Salud El Salvador, reported in Health Accounts Questionnaire (HAQ) 2023; 2021: Ministerio de Salud El Salvador, reported in Health Accounts Questionnaire (HAQ) 2024; 2022 - 2023: Ministerio de Salud El Salvador, reported in Health Accounts Questionnaire (HAQ) 2025"
SLV,hf3,"2000 - 2017: Estimaciones ajustadas con el Cuadro de Oferta y Utilización y base homogénea demanda(BCR) y Encuesta Nacional de Ingresos y Gastos de los Hogares (DIGESTYC)/Unidad de Economía de la Salud/Ministerio de Salud.; 2018 - 2020: Ministerio de Salud El Salvador, reported in Health Accounts Questionnaire (HAQ) 2023; 2021: Ministerio de Salud El Salvador, reported in Health Accounts Questionnaire (HAQ) 2024; 2022 - 2023: Ministerio de Salud El Salvador, reported in Health Accounts Questionnaire (HAQ) 2025"
GRD,hf2,2000 - 2018: Estimated using out-of-pocket payments level; IMF International Financial Statistics (IFS) households final consumption growth; and Estimated using OECD DAC Creditor Reporting System (CRS) data.; 2019: Estimated using IMF International Financial Statistics (IFS) private final consumption growth; 2020 - 2023: Estimated using IMF International Financial Statistics (IFS) PFC (Private Final Consumption) growth
GRD,hf21,2000 - 2018: Estimated using out-of-pocket payments level and IMF International Financial Statistics (IFS) households final consumption growth; 2019: Estimated using IMF International Financial Statistics (IFS) private final consumption growth; 2020 - 2023: Estimated using IMF International Financial Statistics (IFS) PFC (Private Final Consumption) growth
GRD,hf3,"2000 - 2003: WHO estimate based on PAHO level proposed for 2007; 2004: MoH. Special  AUDIT REPORT. Nov 2007. OPERATING THEATRE, General Hospital.; 2005 - 2006: WHO estimate based on PAHO level proposed for 2007; 2007: PAHO.  3.9% IMF GDP; 2008 - 2016: WHO estimate based on PAHO level proposed for 2007; 2017: Estimated as the 2016 ratio of Final Private Consumption; 2018: Estimated using IMF International Financial Statistics (IFS) households final consumption growth; 2019: Estimated using IMF International Financial Statistics (IFS) private final consumption growth; 2020 - 2023: Estimated using IMF International Financial Statistics (IFS) PFC (Private Final Consumption) growth"
GTM,hf2,"2000 - 2012: Sum of components; 2013 - 2018: MSPAS SHA, Suma de los componentes; 2019 - 2020: Ministerio de Salud Pública y Asistencia Social (MSPAS), Suma de los componentes; 2021 - 2023: Ministerio de Salud Pública y Asistencia Social (MSPAS), revision for GHED estimates validation 2025, using information from Superintendencia de Bancos, Boletin Estadístico de Compañías Aseguradoras; and national accounts, BANGUAT Informe del SCN Cuenta de Producción."
GTM,hf21,"2000 - 2017: MSPAS SHA, Boletín estadístico de la Superintendencia de Bancos, basado en Estados Financieros de las Compañías aseguradoras, para seguros no de vida, cuenta de siniestralidad y gasto en administración.; 2018: MSPAS SHA. Super Intendencia de Bancos. Boletin Estadístico de Compañías Aseguradoras. Estados financieros de las compañías de seguros de Salud y hospitalización.; 2019 - 2020: Super Intendencia de Bancos. Boletin Estadístico de Compañías Aseguradoras. Estados financieros de las compañías de seguros de Salud y hospitalización.; 2021 - 2023: Ministerio de Salud Pública y Asistencia Social (MSPAS), revision for GHED estimates validation 2025, using information from: Superintendencia de Bancos, Boletin Estadístico de Compañías Aseguradoras. Estados financieros de las compañías de seguros de Salud y hospitalización 2021/2022/2023."
GTM,hf3,"2000 - 2012: MINSA SHA. 2000-2012: BANGUAT Informe del SCN Cuadro 1.17 Gasto de Consumo  de los hogares por finalidades. 2013-2015 Informe Trimestral del Producto Interno Bruto Trimestral 1T 2001 - 4T 2015, medido por el orígen de la producción.; 2013 - 2016: BANGUAT Informe del SCN Cuadro 1.17 Gasto de Consumo  de los hogares por finalidades; 2017: MSPAS SHA; 2018 - 2020: BANGUAT Informe del SCN Cuadro 1.17 Gasto de Consumo  de los hogares por finalidades; 2021 - 2023: Ministerio de Salud Pública y Asistencia Social (MSPAS), revision for GHED estimates validation 2025, using information from Banco de Guatemala, Informe de Economía Nacional, Cuadro 1.9 Gasto de consumo de los hogares por finalidad, Partida 06 Salud."
GUY,hf2,"2000 - 2015: Estimated using Guyana Ministry of Public Health Guyana 2016 Health Accounts and OECD DAC Creditor Reporting System (CRS) data; 2016: Guyana Ministry of Public Health, Guyana 2016 Health Accounts; 2017 - 2019: Estimated using Guyana Ministry of Public Health Guyana 2016 Health Accounts and OECD DAC Creditor Reporting System (CRS) data; 2020 - 2023: Estimated using Guyana Ministry of Public Health Guyana 2016 Health Accounts, IMF International Financial Statistics (IFS) PFC (Private Final Consumption) growth, and OECD DAC Creditor Reporting System (CRS) data"
GUY,hf21,"2000 - 2015: Estimated using Guyana Ministry of Public Health, Guyana 2016 Health Accounts; 2016: Guyana Ministry of Public Health, Guyana 2016 Health Accounts; 2017 - 2019: Estimated using Guyana Ministry of Public Health, Guyana 2016 Health Accounts; 2020 - 2023: Estimated using Guyana Ministry of Public Health, Guyana 2016 Health Accounts and IMF International Financial Statistics (IFS) PFC (Private Final Consumption) growth"
GUY,hf3,2000 - 2018: Estimated using HHS 1999 and IMF series for PC; 2019: Estimated using IMF series for PC; 2020 - 2023: Estimated using IMF International Financial Statistics (IFS) PFC (Private Final Consumption) growth
HTI,hf2,"2000 - 2005: Estimation basée sur la croissance de la consommation finale et du PIB et OECD, Creditor Reporting System (CRS) Aid Activities Database; 2006: Ministère de la Santé Publique et de la Population, Comptes de Santé d’Haïti Étude de dépense et financement en santé 2005-2006; 2007 - 2010: Extrapolation basée sur la croissance en prix courants du PIB du secteur autres services marchands; 2011: Ministère de la Santé Publique et de la Population, Comptes de Santé 2010-2011; 2012: Interpolation linéaire entre 2011 et 2013; 2013: Ministère de la Santé Publique et de la Population, Comptes de Santé 2012-2013 et 2013-2014; 2014: Ministère de la Santé Publique et de la Population, Rapports de Comptes Nationaux de Santé 2010-2011, 2011-2012, 2012-2013 et 2013-2014; 2015 - 2016: Ministère de la Santé Publique et de la Population, Rapport des comptes de santé Haïti 2014-2015 et 2015-2016; 2017 - 2019: Ministère de la Santé Publique et de la Population, Rapport des Comptes Nationaux de Santé Haïti 2016-2017, 2017-2018, 2018-2019; 2020 - 2021: Ministère de la Santé Publique et de la Population de la République d&apos;Haïti, Rapport des Comptes Nationaux de Santé 2019-2020/2020-2021, Mai 2025; 2022 - 2023: Sum of components"
HTI,hf21,"2000 - 2005: Extrapolation basée sur la croissance en prix courants du PIB du secteur &quot;autres services marchands&quot;; 2006 - 2010: Extrapolation basée sur la croissance en prix courants du PIB du secteur autres services marchands; 2011: Ministère de la Santé Publique et de la Population, Comptes de Santé 2010-2011; 2012: Interpolation linéaire entre 2011 et 2013; 2013 - 2014: Ministère de la Santé Publique et de la Population, Comptes de Santé 2012-2013 et 2013-2014; 2015 - 2016: Ministère de la Santé Publique et de la Population, Rapport des comptes de santé Haïti 2014-2015 et 2015-2016; 2017 - 2019: Ministère de la Santé Publique et de la Population, Rapport des Comptes Nationaux de Santé Haïti 2016-2017, 2017-2018, 2018-2019; 2020 - 2021: Ministère de la Santé Publique et de la Population de la République d&apos;Haïti, Rapport des Comptes Nationaux de Santé 2019-2020/2020-2021, Mai 2025; 2022 - 2023: Estimated using Ministère de la Santé Publique et de la Population, Rapport des Comptes Nationaux de Santé Haïti 2016-2017, 2017-2018, 2018-2019 and IMF International Financial Statistics (IFS) PFC (Private Final Consumption) growth"
HTI,hf3,"2000: BRH rapport annuel 2000 T 1.4 (3.21% PC); 2001 - 2005: Estimations de OMS basées sur le rapport annuel BC 2000 T 1.4 (3.21% PC); 2006 - 2007: Ministère de la Santé Publique et de la Population, Comptes de Santé d’Haïti Étude de dépense et financement en santé 2005-2006; 2008 - 2010: Estimations OMS; 2011 - 2014: Ministère de la Santé Publique et de la Population, Rapports de Comptes Nationaux de Santé 2010-2011, 2011-2012, 2012-2013 et 2013-2014; 2015 - 2016: Ministère de la Santé Publique et de la Population, Rapport des comptes de santé Haïti 2014-2015 et 2015-2016; 2017 - 2019: Ministère de la Santé Publique et de la Population, Rapport des Comptes Nationaux de Santé Haïti 2016-2017, 2017-2018, 2018-2019; 2020 - 2021: Ministère de la Santé Publique et de la Population de la République d&apos;Haïti, Rapport des Comptes Nationaux de Santé 2019-2020/2020-2021, Mai 2025; 2022 - 2023: Estimated using Ministère de la Santé Publique et de la Population, Rapport des Comptes Nationaux de Santé Haïti 2016-2017, 2017-2018, 2018-2019 and IMF International Financial Statistics (IFS) PFC (Private Final Consumption) growth"
HND,hf2,"2000 - 2019: Sum of voluntary health insurance and NPISH expenditure on health.; 2020 - 2021: Secretaría de Salud de Honduras, cuentas de salud 2020/21 reported in WHO Health Accounts SHA Questionnaire (HAQ); 2022 - 2023: Sum of the components"
HND,hf21,"2000 - 2001: CNBS Boletin estadistico anual 2001 T SINIESTROS DIRECTOS; 2002: BCH.  CNBS Boletin estadistico anual 2002 T SINIESTROS DIRECTOS; 2003 - 2009: Honduras en cifras; 2010 - 2016: CNBS boletin 2010-2016. Primas totales de seguro de salud y accidentes.; 2017 - 2019: Comisión Nacional de Bancos y Seguros (CNBS), primas totales en el ramo salud y hospitalización; 2020 - 2021: Secretaría de Salud de Honduras, cuentas de salud 2020/21 reported in WHO Health Accounts SHA Questionnaire (HAQ); 2022 - 2023: Estimated using Comisión Nacional de Bancos y Seguros (CNBS), primas totales en el ramo salud y accidentes personales, and Secretaría de Salud de Honduras, cuentas de salud 2020/21 reported in WHO Health Accounts SHA Questionnaire (HAQ)."
HND,hf3,"2000 - 2015: BCH CN ""CLASIFICACIÓN DEL CONSUMO INDIVIDUAL POR FINALIDAD DE HONDURAS (CCIFH), 2000 - 2015; 2016 - 2017: Banco Central de Honduras, Clasificación del consumo individual por finalidad de Honduras (CCIFH) 2000-2017; 2018: Banco Central de Honduras, Clasificación del consumo individual por finalidad de Honduras (CCIFH) 2000-2018; 2019: Estimated using Banco Central de Honduras, Clasificación del consumo individual por finalidad de Honduras (CCIFH) 2000-2018 and IMF International Financial Statistics (IFS) households final consumption growth; 2020 - 2021: Secretaría de Salud de Honduras, cuentas de salud 2020/21 reported in WHO Health Accounts SHA Questionnaire (HAQ); 2022 - 2023: Estimated using Banco Central de Honduras, Clasificación del consumo individual por finalidad de Honduras (CCIFH) 2000-2022 and Secretaría de Salud de Honduras, cuentas de salud 2020/21 reported in WHO Health Accounts SHA Questionnaire (HAQ)."
JAM,hf2,"2000 - 2011: Estimated using Insurance Association of Jamaica Life Insurance Statistical Analysis 2013-2018 and IMF International Financial Statistics (IFS) households final consumption growth; OECD DAC Creditor Reporting System (CRS) data; 2012 - 2013: Insurance Association of Jamaica Life Insurance Statistical Analysis 2013, Group health benefits paid; OECD DAC Creditor Reporting System (CRS) data; 2014 - 2015: Insurance Association of Jamaica Life Insurance Statistical Analysis 2015, Group health benefits paid; OECD DAC Creditor Reporting System (CRS) data; 2016: Insurance Association of Jamaica Life Insurance Statistical Analysis 2016, Group health benefits paid; OECD DAC Creditor Reporting System (CRS) data; 2017 - 2019: Insurance Association of Jamaica Life Insurance Statistical Analysis 2018, Group health benefits paid; OECD DAC Creditor Reporting System (CRS) data; 2020 - 2023: Sum of the components"
JAM,hf21,"2000 - 2002: Estimated using Insurance Association of Jamaica Life Insurance Statistical Analysis 2013-2018 and IMF International Financial Statistics (IFS) households final consumption growth; 2003: Estimated using Insurance Association of Jamaica Life Insurance Statistical Analysis 2013-2018 and Jamaica Estimates of expenditure 2005/2006 for the financial year ending 31st march 2006 (provisional actual expenditure 2003-2004); 2004: Estimated using Insurance Association of Jamaica Life Insurance Statistical Analysis 2013-2018 and Jamaica Estimates of expenditure 2005/2006 for the financial year ending 31st march 2006 (revised estimates 2004-2005); 2005: Estimated using Insurance Association of Jamaica Life Insurance Statistical Analysis 2013-2018 and Jamaica Estimates of expenditure 2007/2008 for the financial year ending 31st march 2008 (provisional actual expenditure 2005-2006); 2006: Estimated using Insurance Association of Jamaica Life Insurance Statistical Analysis 2013-2018 and Jamaica Estimates of expenditure 2007/2008 for the financial year ending 31st march 2008 (estimates 2006-2007); 2007: Estimated using Insurance Association of Jamaica Life Insurance Statistical Analysis 2013-2018 and Jamaica Estimates of expenditure 2009/2010 for the financial year ending 31st march 2010 (provisional actual expenditure 2007-2008); 2008: Estimated using Insurance Association of Jamaica Life Insurance Statistical Analysis 2013-2018 and Jamaica Estimates of expenditure 2010/2011 for the financial year ending 31st march 2011 (provisional actual expenditure 2008-2009); 2009: Estimated using Insurance Association of Jamaica Life Insurance Statistical Analysis 2013-2018 and Jamaica Estimates of expenditure 2010/2011 for the financial year ending 31st march 2011 (revised estimates 2009-2010); 2010: Estimated using Insurance Association of Jamaica Life Insurance Statistical Analysis 2013-2018 and Jamaica Estimates of expenditure 2012/2013 for the financial year ending 31st march 2013 (provisional actual expenditure 2010-2011); 2011: Estimated using Insurance Association of Jamaica Life Insurance Statistical Analysis 2013-2018 and Jamaica Estimates of expenditure 2013/2014 for the financial year ending 31st march 2014 (provisional actual expenditure 2011-2012); 2012 - 2013: Insurance Association of Jamaica Life Insurance Statistical Analysis 2013, Group health benefits paid; 2014 - 2015: Insurance Association of Jamaica Life Insurance Statistical Analysis 2015, Group health benefits paid; 2016: Insurance Association of Jamaica Life Insurance Statistical Analysis 2016, Group health benefits paid; 2017 - 2018: Insurance Association of Jamaica Life Insurance Statistical Analysis 2018, Group health benefits paid; 2019: Insurance Association of Jamaica Life Insurance Statistical Analysis 2019, Group health benefits paid; 2020 - 2021: Insurance Association of Jamaica, 2022 yearbook, health benefits paid out 2021 / 2020 / 2019; 2022: Insurance Association of Jamaica, 2023 yearbook, health benefits paid out 2022; 2023: Estimated using Insurance Association of Jamaica, 2023 yearbook, health benefits paid out 2022 and Jamaica Estimates of expenditure 2025/2026."
JAM,hf3,"2000: Economic and social survey Jamaica 2000, T 23.1d; 2001: MoH Annual Report 2001 T 3.2; 2002 - 2004: Estimated using Statistical Institute of Jamaica, Household expenditure survey 2017 report, and IMF International Financial Statistics (IFS) PFC (Private Final Consumption) growth.; 2005: Statistical Institute of Jamaica, Household expenditure survey 2017 report and IMF International Financial Statistics (IFS) PFC (Private Final Consumption); 2006 - 2016: Estimated using Statistical Institute of Jamaica, Household expenditure survey 2017 report, and IMF International Financial Statistics (IFS) PFC (Private Final Consumption) growth.; 2017: Statistical Institute of Jamaica, Household expenditure survey 2017 report and IMF International Financial Statistics (IFS) PFC (Private Final Consumption); 2018 - 2023: Estimated using Statistical Institute of Jamaica, Household expenditure survey 2017 report, and IMF International Financial Statistics (IFS) PFC (Private Final Consumption) growth."
MEX,hf2,"2000 - 2022: Joint OECD, EUROSTAT and WHO Health Accounts SHA Questionnaire (JHAQ); 2023: Secretaría de Salud, Sistema de Cuentas en Salud a nivel Federal y Estatal (SICUENTAS)"
MEX,hf21,"2000 - 2002: WHO estimation using Joint OECD, EUROSTAT and WHO Health Accounts SHA Questionnaires (JHAQ); 2003 - 2022: Joint OECD, EUROSTAT and WHO Health Accounts SHA Questionnaire (JHAQ); 2023: Secretaría de Salud, Sistema de Cuentas en Salud a nivel Federal y Estatal (SICUENTAS)"
MEX,hf3,"2000 - 2022: Joint OECD, EUROSTAT and WHO Health Accounts SHA Questionnaire (JHAQ); 2023: Secretaría de Salud, Sistema de Cuentas en Salud a nivel Federal y Estatal (SICUENTAS)"
NIC,hf2,"2000 - 2019: Sum of voluntary health insurance, NPISH, and entreprise schemes.; 2020 - 2023: Estimated using National Accounts; IMF International Financial Statistics (IFS) PFC (Private Final Consumption) growth; and OECD DAC Creditor Reporting System (CRS) data"
NIC,hf21,"2000 - 2008: CNS MINSA; 2009 - 2016: Superintendencia de Bancos y de Otras Instituciones Financieras. Intendencia de Seguros. PRIMAS NETAS EMITIDAS; 2017 - 2023: Superintendencia de Bancos y de Otras Instituciones Financieras, Intendencia de Seguros, Primas netas emitidas, ramo salud."
NIC,hf3,2000 - 2008: CNS. MINSA; 2009 - 2011: Estimado por OMS con base en PC; 2012 - 2016: Estimado por OMS con base en PIB; 2017 - 2019: Estimated using National Accounts and IMF WEO series; 2020 - 2023: Estimated using National Accounts and IMF International Financial Statistics (IFS) PFC (Private Final Consumption) growth.
PAN,hf2,2000 - 2010: Sum of components; 2011 - 2023: Superintendencia de seguros y reaseguros and OECD DAC Creditor Reporting System (CRS) data
PAN,hf21,"2000 - 2003: Estimación del gasto y financiamiento en salud MS-OPS línea 59; 2004 - 2010: Estimado por OMS con base en consumo privado; 2011 - 2014: Boletín estadístico Superintendencia de Seguros; Updated 2015; 2015: Superintendencia de seguros http://www.superseguros.gob.pa/index.php/estadistica/comparativos; 2016: Superintendencia de seguros; 2017: Superintendencia de seguros y reaseguros. Diciembre 207 Primas de salud total acumulado pp1; 2018: Superintendencia de seguros y reaseguros, Primas suscritas totales ramo salud, acumulado al 31 de diciembre de 2018; 2019: Superintendencia de seguros y reaseguros, Primas suscritas totales ramo salud, acumulado al 31 de diciembre de 2019; 2020: Superintendencia de seguros y reaseguros, Primas suscritas totales ramo salud, acumulado al 31 de diciembre de 2020; 2021 - 2022: Superintendencia de seguros y reaseguros, Primas suscritas totales ramo salud, acumulado al 31 de diciembre de 2021; 2023: Superintendencia de seguros y reaseguros, Primas suscritas totales ramo salud, acumulado al 31 de diciembre de 2023"
PAN,hf3,2000 - 2015: Estimated using Tablas de oferta y utilizacion (TOU de Contraloria -Contabilidad nacional-); 2016: Estimated using Tablas de oferta y utilizacion (TOU de Contraloria -Contabilidad nacional-) 2016-2018; 2017 - 2018: Estimated using Tablas de oferta y utilizacion (TOU de Contraloria -Contabilidad nacional-) 2017-2019; 2019 - 2021: Estimated using Tablas de oferta y utilizacion (TOU de Contraloria -Contabilidad nacional-) 2018-2021; 2022: Estimated using Tablas de oferta y utilizacion (TOU de Contraloria -Contabilidad nacional-) 2018-2022; 2023: Estimated using Tablas de oferta y utilizacion (TOU de Contraloria -Contabilidad nacional-) 2018-2022 and growth rate of health sector gross added value
PRY,hf2,"2000 - 2002: MINSA-OPS-CICS. CNS. T 1 Anexo; 2003 - 2016: SHA 2011 Paraguay (2018); 2017: Ministerio de Salud Publica y Bienestar Social, Cuentas de Salud 2017 (SHA 2011); 2018: Ministerio de Salud Publica y Bienestar Social, Cuentas de Salud 2018; 2019: Ministerio de Salud Publica y Bienestar Social, Cuentas de Salud 2019; 2020: Ministerio de Salud Publica y Bienestar Social, Cuentas de Salud 2020 (HAPT study); 2021: Ministerio de Salud Publica y Bienestar Social, Cuentas de Salud 2021 (HAPT study); 2022: Ministerio de Salud Publica y Bienestar Social, Cuentas de Salud 2022 (HAPT study); 2023: Ministerio de Salud Publica y Bienestar Social, Cuentas de Salud 2023 (HAPT study)"
PRY,hf21,"2000 - 2002: MINSA-OPS-CICS. CNS. T 1 Anexo; 2003 - 2011: SHA 2011 Paraguay (2018); 2012 - 2017: Ministerio de Salud Publica y Bienestar Social, Cuentas de Salud 2012-2017 (SHA 2011), revisión 2019; 2018: Ministerio de Salud Publica y Bienestar Social, Cuentas de Salud 2018; 2019: Ministerio de Salud Publica y Bienestar Social, Cuentas de Salud 2019; 2020: Ministerio de Salud Publica y Bienestar Social, Cuentas de Salud 2020 (HAPT study); 2021: Ministerio de Salud Publica y Bienestar Social, Cuentas de Salud 2021 (HAPT study); 2022: Ministerio de Salud Publica y Bienestar Social, Cuentas de Salud 2022 (HAPT study); 2023: Ministerio de Salud Publica y Bienestar Social, Cuentas de Salud 2023 (HAPT study)"
PRY,hf3,"2000 - 2017: Ministerio de Salud Publica y Bienestar Social, compendio de gastos en salud 2000-2019; 2018: Ministerio de Salud Publica y Bienestar Social, Cuentas de Salud 2018; 2019: Ministerio de Salud Publica y Bienestar Social, Cuentas de Salud 2019; 2020: Ministerio de Salud Publica y Bienestar Social, Cuentas de Salud 2020; 2021: Ministerio de Salud Publica y Bienestar Social, Cuentas de Salud 2021 (HAPT study); 2022: Ministerio de Salud Publica y Bienestar Social, Cuentas de Salud 2022 (HAPT study); 2023: Ministerio de Salud Publica y Bienestar Social, Cuentas de Salud 2023 (HAPT study)"
PER,hf2,"2000: Ministerio de Salud, Cuentas Nacionales de Salud 95-12; 2001: Estimated using Ministerio de Salud, Informe técnico Perú Cuentas de Salud 2002-2019 and Cuentas Nacionales de Salud 95-12; 2002 - 2023: Joint OECD, EUROSTAT and WHO Health Accounts SHA Questionnaire (JHAQ)"
PER,hf21,"2000: Ministerio de Salud, Cuentas Nacionales de Salud 95-12; 2001: Estimated using Ministerio de Salud, Informe técnico Perú Cuentas de Salud 2002-2019 and Cuentas Nacionales de Salud 95-12; 2002 - 2023: Joint OECD, EUROSTAT and WHO Health Accounts SHA Questionnaire (JHAQ)"
PER,hf3,"2000: Ministerio de Salud, Cuentas Nacionales de Salud 95-12; 2001: Estimated using Ministerio de Salud, Informe técnico Perú Cuentas de Salud 2002-2019 and Cuentas Nacionales de Salud 95-12; 2002 - 2023: Joint OECD, EUROSTAT and WHO Health Accounts SHA Questionnaire (JHAQ)"
KNA,hf2,"2000 - 2010: Estimated using St.Kitts & Nevis 2011 national health accounts and HIV subaccounts and IFS series (private consumption); 2011: St.Kitts & Nevis 2011 national health accounts and HIV subaccounts, Health Systems 20/20 Caribbean project, Abt Associates Inc.; 2012 - 2019: Estimated using St.Kitts & Nevis 2011 national health accounts and HIV subaccounts and IFS series (private consumption); 2020 - 2023: Estimated using St.Kitts & Nevis 2011 national health accounts and HIV subaccounts and IMF International Financial Statistics (IFS) PFC (Private Final Consumption) growth."
KNA,hf21,"2000 - 2010: Estimated using United Nations Department of Economic and Social Affairs, National Accounts Statistics; Actuarial reviews of the Social Security Fund and St.Kitts & Nevis Social Security Board annual reports; St.Kitts & Nevis 2011 national health accounts and HIV subaccounts; 2011: St.Kitts & Nevis 2011 national health accounts and HIV subaccounts, Health Systems 20/20 Caribbean project, Abt Associates Inc.; 2012 - 2017: Estimated using United Nations Department of Economic and Social Affairs, National Accounts Statistics; Actuarial reviews of the Social Security Fund and St.Kitts & Nevis Social Security Board annual reports; St.Kitts & Nevis 2011 national health accounts and HIV subaccounts; 2018 - 2019: Estimated using St.Kitts & Nevis 2011 national health accounts and HIV subaccounts and IFS series (private consumption); 2020 - 2023: Estimated using St.Kitts & Nevis 2011 national health accounts and HIV subaccounts and IMF International Financial Statistics (IFS) PFC (Private Final Consumption) growth."
KNA,hf3,"2000 - 2010: Estimated using United Nations Department of Economic and Social Affairs, National Accounts Statistics; St.Kitts & Nevis 2011 national health accounts and HIV subaccounts; 2011: St.Kitts & Nevis 2011 national health accounts and HIV subaccounts, Health Systems 20/20 Caribbean project, Abt Associates Inc.; 2012 - 2017: Estimated using United Nations Department of Economic and Social Affairs, National Accounts Statistics; St.Kitts & Nevis 2011 national health accounts and HIV subaccounts; 2018 - 2019: Estimated using St.Kitts & Nevis 2011 national health accounts and HIV subaccounts and IFS series (private consumption); 2020 - 2023: Estimated using St.Kitts & Nevis 2011 national health accounts and HIV subaccounts and IMF International Financial Statistics (IFS) PFC (Private Final Consumption) growth."
LCA,hf2,"2000 - 2011: Estimated using OECD, Creditor Reporting System (CRS) Aid Activities Database; USAID Health Systems 20/20 Mission, Saint Lucia Health Systems and Private Sector Assessment 2011; United Nations Population Division, World Population Prospects 2017; Eastern Caribbean Central Bank (ECCB) price index 2000-2017 for insurance.; 2012 - 2016: Estimated using OECD, Creditor Reporting System (CRS) Aid Activities Database; USAID Health Systems 20/20 Mission, Saint Lucia Health Systems and Private Sector Assessment 2011; and Eastern Caribbean Central Bank (ECCB) price index 2000-2016 for insurance.; 2017: Health accounts report 2017/2018 in Saint Lucia, Consultancy to conduct national health accounts and to institutionalize the NHA function and OECD, Creditor Reporting System (CRS) Aid Activities Database.; 2018 - 2023: Estimated using OECD, Creditor Reporting System (CRS) Aid Activities Database; Health accounts report 2017/2018 in Saint Lucia, Consultancy to conduct national health accounts and to institutionalize the NHA function; and Saint Lucia Financial Services Regulation Authority annual reports, personal accident insurance gross premiums written."
LCA,hf21,"2000 - 2010: Estimated using USAID Health Systems 20/20 Mission, Saint Lucia Health Systems and Private Sector Assessment 2011; United Nations Population Division, World Population Prospects 2017; and Eastern Caribbean Central Bank (ECCB) price index 2000-2016 for insurance.; 2011: USAID Health Systems 20/20 Mission, Saint Lucia Health Systems and Private Sector Assessment 2011; 2012 - 2016: Estimated using USAID Health Systems 20/20 Mission, Saint Lucia Health Systems and Private Sector Assessment 2011 and Eastern Caribbean Central Bank (ECCB) price index 2000-2016 for insurance.; 2017: Health accounts report 2017/2018 in Saint Lucia, Consultancy to conduct national health accounts and to institutionalize the NHA function; 2018 - 2023: Estimated using Health accounts report 2017/2018 in Saint Lucia, Consultancy to conduct national health accounts and to institutionalize the NHA function; and Saint Lucia Financial Services Regulation Authority annual reports, personal accident insurance gross premiums written."
LCA,hf3,"2000 - 2005: Estimated using Saint Lucia Survey of Living Conditions and Household Budget 2005; United Nations Department of Economic and Social Affairs, National Accounts Statistics; Eastern Caribbean Central Bank (ECCB) GDP data 1977 to 2018; 2006 - 2010: Estimated using Saint Lucia Statistical office data (Consumer price index weight for health) applied to Private Consumption; 2011 - 2016: Estimated using Saint Lucia Statistical office data (Consumer price index weight for health), Department of Health and Wellness health accounts report 2017/18 and IMF International Financial Statistics (IFS) PFC (Private Final Consumption) growth.; 2017: Department of Health and Wellness health accounts report 2017/18; 2018 - 2023: Estimated using Department of Health and Wellness health accounts report 2017/18 and IMF International Financial Statistics (IFS) PFC (Private Final Consumption) growth."
VCT,hf2,"2000 - 2019: Estimated using WHO Global Health Expenditure Database estimation for 2008 (GHED 2016 actualization); Saint Vincent and the Grenadines Survey of Living Conditions and Household Expenditure and Income 2007/08; IFC series (Private consumption); and OECD, Creditor Reporting System (CRS) Aid Activities Database.; 2020 - 2023: Estimated using WHO Global Health Expenditure Database estimation for 2008 (GHED 2016 actualization); Saint Vincent and the Grenadines Survey of Living Conditions and Household Expenditure and Income 2007/08; IMF International Financial Statistics (IFS) PFC (Private Final Consumption) growth; and OECD, Creditor Reporting System (CRS) Aid Activities Database."
VCT,hf21,2000 - 2017: Estimated using WHO Global Health Expenditure Database estimation for 2008 (GHED 2016 actualization); Saint Vincent and the Grenadines Survey of Living Conditions and Household Expenditure and Income 2007/08; East Caribbean Central Bank data 1977-2018 (Private consumption);; 2018 - 2019: Estimated using WHO Global Health Expenditure Database estimation for 2008 (GHED 2016 actualization); Saint Vincent and the Grenadines Survey of Living Conditions and Household Expenditure and Income 2007/08; IFC series (Private consumption).; 2020 - 2023: Estimated using WHO Global Health Expenditure Database estimation for 2008 (GHED 2016 actualization); Saint Vincent and the Grenadines Survey of Living Conditions and Household Expenditure and Income 2007/08; and IMF International Financial Statistics (IFS) PFC (Private Final Consumption) growth.
VCT,hf3,2000 - 2007: Estimated using WHO Global Health Expenditure estimation for 2008 (GHED 2016 actualization) ; East Caribbean Central Bank data 1977-2018 (Private consumption).; 2008: WHO Global Health Expenditure Database estimation for 2008 (GHED 2016 actualization) based ont the Saint Vincent and the Grenadines Survey of Living Conditions and Household Expenditure and Income 2007/08; 2009 - 2017: Estimated using WHO Global Health Expenditure estimation for 2008 (GHED 2016 actualization) ; East Caribbean Central Bank data 1977-2018 (Private consumption).; 2018 - 2019: Estimated using WHO Global Health Expenditure Database estimation for 2008 (GHED 2016 actualization); Saint Vincent and the Grenadines Survey of Living Conditions and Household Expenditure and Income 2007/08; IFC series (Private consumption).; 2020 - 2023: Estimated using WHO Global Health Expenditure Database estimation for 2008 (GHED 2016 actualization); Saint Vincent and the Grenadines Survey of Living Conditions and Household Expenditure and Income 2007/08; and IMF International Financial Statistics (IFS) PFC (Private Final Consumption) growth.
SUR,hf2,"2000: Republic of Suriname, Support for Health Sector Reform, National Health AccountsRepublic of Suriname, Support for Health Sector Reform, National Health AccountsRepublic of Suriname, Support for Health Sector Reform, National Health Accounts; 2001 - 2005: Estimated using NHA results and households final consumption growth; OECD, Creditor Reporting System (CRS) Aid Activities Database; 2006: Final report on the National Health Accounts of Suriname 2006; 2007 - 2008: Estimated using NHA results and households final consumption growth; OECD, Creditor Reporting System (CRS) Aid Activities Database; 2009 - 2012: Estimated using NHA results; Ministerie van Financiën, Financiële Nota 2015 (non-life insurance corporation total gross premium); OECD, Creditor Reporting System (CRS) Aid Activities Database; and households final consumption growth.; 2013 - 2014: Estimated using NHA results; households final consumption growth; OECD, Creditor Reporting System (CRS) Aid Activities Database; Ministerie van Financiën, Financiële Nota 2014.; 2015: Estimated using NHA results; households final consumption growth; OECD, Creditor Reporting System (CRS) Aid Activities Database; Ministerie van Financiën, Financiële Nota 2015.; 2016: Ministerie van Volksgezondheid (Suriname Ministry of Health), Suriname 2016 health accounts: statistical report; 2017: Estimated using Ministerie van Volksgezondheid (Suriname Ministry of Health), Suriname 2016 health accounts: statistical report; United Nations Department of Economic and Social Affairs, National Accounts Statistics (households final consumption).; 2018 - 2019: Estimated using Ministerie van Volksgezondheid (Suriname Ministry of Health), Suriname 2016 health accounts: statistical report; IMF WEO series (personal consumption); and OECD DAC Creditor Reporting System (CRS) data; 2020 - 2023: Estimated using Ministerie van Volksgezondheid (Suriname Ministry of Health), Suriname 2016 health accounts: statistical report; IMF International Financial Statistics (IFS) PFC (Private Final Consumption) growth; and OECD DAC Creditor Reporting System (CRS) data"
SUR,hf21,"2000: Republic of Suriname, Support for Health Sector Reform, National Health Accounts; 2001 - 2005: Estimated using NHA results and households final consumption growth; 2006: Final report on the National Health Accounts of Suriname 2006; 2007 - 2008: Estimated using NHA results and households final consumption growth; 2009 - 2012: Estimated using NHA results and Ministerie van Financiën, Financiële Nota 2015 (non-life insurance corporation total gross premium); 2013 - 2015: Estimated using NHA results and households final consumption growth; 2016: Ministerie van Volksgezondheid (Suriname Ministry of Health), Suriname 2016 health accounts: statistical report; 2017: Estimated using Ministerie van Volksgezondheid (Suriname Ministry of Health), Suriname 2016 health accounts: statistical report; United Nations Department of Economic and Social Affairs, National Accounts Statistics (households final consumption).; 2018 - 2019: Estimated using Ministerie van Volksgezondheid (Suriname Ministry of Health), Suriname 2016 health accounts: statistical report and IMF WEO series (personal consumption); 2020 - 2023: Estimated using Ministerie van Volksgezondheid (Suriname Ministry of Health), Suriname 2016 health accounts: statistical report and IMF International Financial Statistics (IFS) PFC (Private Final Consumption) growth."
SUR,hf3,"2000: Republic of Suriname, Support for Health Sector Reform, National Health Accounts; 2001 - 2005: Estimated using NHA results and households final consumption growth; 2006: Final report on the National Health Accounts of Suriname 2006; 2007 - 2015: Estimated using NHA results and households final consumption growth; 2016: Ministerie van Volksgezondheid (Suriname Ministry of Health), Suriname 2016 health accounts: statistical report; 2017: Estimated using Ministerie van Volksgezondheid (Suriname Ministry of Health), Suriname 2016 health accounts: statistical report; United Nations Department of Economic and Social Affairs, National Accounts Statistics (households final consumption).; 2018 - 2019: Estimated using Ministerie van Volksgezondheid (Suriname Ministry of Health), Suriname 2016 health accounts: statistical report and IMF WEO series (personal consumption); 2020 - 2023: Estimated using Ministerie van Volksgezondheid (Suriname Ministry of Health), Suriname 2016 health accounts: statistical report and IMF International Financial Statistics (IFS) PFC (Private Final Consumption) growth."
TTO,hf2,"2000 - 2002: Estimated using Central Bank of Trinidad & Tobago, Report on insurance and pensions for the year ended 31st day of December 2003; Republic of Trinidad and Tobago, Estimates of expenditure for the financial year 2010; Ministry of Finance and Central Bank of Trinidad and Tobago, Central Government Fiscal Operations - Fiscal years 1999/00 to 2015/16; World Bank, World Development Indicators (Final consumption of Households and NPISH); Ministry of Health, Trinidad and Tobago 2015 Health Accounts Statistical Report; OCDE, Creditor Reporting System (CRS) Aid Activities Database.; 2003 - 2007: Estimated using Central Bank of Trinidad & Tobago, annual reports on Insurance and Pensions; Republic of Trinidad and Tobago, Estimates of expenditure for the financial year 2010; Ministry of Finance and Central Bank of Trinidad and Tobago, Central Government Fiscal Operations - Fiscal years 1999/00 to 2015/16; World Bank, World Development Indicators (Final consumption of Households and NPISH); Ministry of Health, Trinidad and Tobago 2015 Health Accounts Statistical Report; OCDE, Creditor Reporting System (CRS) Aid Activities Database.; 2008 - 2009: Estimated using Central Bank of Trinidad & Tobago, annual reports on Insurance and Pensions; Republic of Trinidad and Tobago, annual Estimates of expenditure for the financial year 2010 to 2018 (Details of Estimates of Recurrent Expenditure); World Bank, World Development Indicators (Final consumption of Households and NPISH); Ministry of Health, Trinidad and Tobago 2015 Health Accounts Statistical Report; OCDE, Creditor Reporting System (CRS) Aid Activities Database.; 2010: Estimated using Association of Trinidad & Tobago Insurance Companies (ATTIC), operating results of health insurance 2011; Central Bank of Trinidad & Tobago, Insurance annual Statistics; Republic of Trinidad and Tobago, annual Estimates of expenditure for the financial year 2010 to 2018 (Details of Estimates of Recurrent Expenditure); World Bank, World Development Indicators (Final consumption of Households and NPISH); Ministry of Health, Trinidad and Tobago 2015 Health Accounts Statistical Report; OCDE, Creditor Reporting System (CRS) Aid Activities Database.; 2011 - 2014: Estimated using Association of Trinidad & Tobago Insurance Companies (ATTIC), operating results of health Insurance 2011-2016; Republic of Trinidad and Tobago, annual Estimates of expenditure for the financial year 2010 to 2018 (Details of Estimates of Recurrent Expenditure); World Bank, World Development Indicators (Final consumption of Households and NPISH); Ministry of Health, Trinidad and Tobago 2015 Health Accounts Statistical Report; OCDE, Creditor Reporting System (CRS) Aid Activities Database.; 2015: Association of Trinidad & Tobago Insurance Companies (ATTIC), operating results of health Insurance 2011-2016 and Ministry of Health, Trinidad and Tobago 2015 Health Accounts Statistical Report; 2016: Estimated using Association of Trinidad & Tobago Insurance Companies (ATTIC), operating results of health Insurance 2011-2016; Republic of Trinidad and Tobago, annual Estimates of expenditure for the financial year 2010 to 2018 (Details of Estimates of Recurrent Expenditure); World Bank, World Development Indicators (Final consumption of Households and NPISH); Ministry of Health, Trinidad and Tobago 2015 Health Accounts Statistical Report; OCDE, Creditor Reporting System (CRS) Aid Activities Database.; 2017: Estimated using Association of Trinidad & Tobago Insurance Companies (ATTIC), operating results of health insurance 2016; Central Bank of Trinidad & Tobago, Insurance annual Statistics; Ministry of Health, Trinidad and Tobago 2015 Health Accounts Statistical Report; World Bank, World Development Indicators (Final consumption of Households).; 2018: Estimated Republic of Trinidad and Tobago, draft Estimates of expenditure for the financial year 2020 (Details of Estimates of Recurrent Expenditure and Estimates of Development Programme); Ministry of Health, Trinidad and Tobago 2015 Health Accounts Statistical Report; United Nations National Accounts Main Aggregates Database (Final consumption of Households); Association of Trinidad & Tobago Insurance Companies (ATTIC), operating results of health insurance 2016; Central Bank of Trinidad & Tobago, Insurance annual Statistics.; 2019: Estimated Republic of Trinidad and Tobago, Estimates of expenditure for the financial year 2020 (Details of Estimates of Recurrent Expenditure and Estimates of Development Programme); Ministry of Health, Trinidad and Tobago 2015 Health Accounts Statistical Report; United Nations National Accounts Main Aggregates Database (Final consumption of Households); Association of Trinidad & Tobago Insurance Companies (ATTIC), operating results of health insurance 2016; Central Bank of Trinidad & Tobago, Insurance annual Statistics.; 2020: Estimated Republic of Trinidad and Tobago, Estimates of expenditure for the financial year 2022 (Details of Estimates of Recurrent Expenditure and Estimates of Development Programme); Ministry of Health, Trinidad and Tobago 2015 Health Accounts Statistical Report; IMF International Financial Statistics (IFS) PFC (Private Final Consumption) growth; Association of Trinidad & Tobago Insurance Companies (ATTIC), operating results of health insurance 2016; Central Bank of Trinidad & Tobago, Insurance annual Statistics.; 2021: Estimated Republic of Trinidad and Tobago, Estimates of expenditure for the financial year 2023 (Details of Estimates of Recurrent Expenditure and Estimates of Development Programme); Ministry of Health, Trinidad and Tobago 2015 Health Accounts Statistical Report; IMF International Financial Statistics (IFS) PFC (Private Final Consumption) growth; Association of Trinidad & Tobago Insurance Companies (ATTIC), operating results of health insurance; Central Bank of Trinidad & Tobago, Insurance annual Statistics.; 2022: Estimated Republic of Trinidad and Tobago, Estimates of expenditure for the financial year 2024 (Details of Estimates of Recurrent Expenditure and Estimates of Development Programme); Ministry of Health, Trinidad and Tobago 2015 Health Accounts Statistical Report; IMF International Financial Statistics (IFS) PFC (Private Final Consumption) growth; Association of Trinidad & Tobago Insurance Companies (ATTIC), operating results of health insurance; Central Bank of Trinidad & Tobago, Insurance annual Statistics.; 2023: Estimated Republic of Trinidad and Tobago, Estimates of expenditure for the financial year 2025 (Details of Estimates of Recurrent Expenditure and Estimates of Development Programme); Ministry of Health, Trinidad and Tobago 2015 Health Accounts Statistical Report; IMF International Financial Statistics (IFS) PFC (Private Final Consumption) growth; Association of Trinidad & Tobago Insurance Companies (ATTIC), operating results of health insurance; Central Bank of Trinidad & Tobago, Insurance annual Statistics."
TTO,hf21,"2000 - 2002: Estimated using Central Bank of Trinidad & Tobago, Report on insurance and pensions for the year ended 31st day of December 2003.; 2003 - 2009: Central Bank of Trinidad & Tobago, annual reports on Insurance and Pensions; 2010: Estimated using Association of Trinidad & Tobago Insurance Companies (ATTIC), operating results of health insurance 2011; and Central Bank of Trinidad & Tobago, Insurance annual Statistics.; 2011 - 2016: Association of Trinidad & Tobago Insurance Companies (ATTIC), operating results of health Insurance 2011-2016; 2017 - 2020: Estimated using Association of Trinidad & Tobago Insurance Companies (ATTIC), operating results of health insurance 2016; Central Bank of Trinidad & Tobago, Insurance annual Statistics.; 2021 - 2023: Estimated using Central Bank of Trinidad & Tobago, Insurance annual Statistics, and Association of Trinidad & Tobago Insurance Companies (ATTIC), operating results of health insurance."
TTO,hf3,"2000 - 2007: Estimated using Ministry of Health, Trinidad and Tobago 2015 Health Accounts Statistical Report; and World Bank, World Development Indicators (Final consumption of Households and NPISH).; 2008 - 2014: Estimated using Ministry of Health, Trinidad and Tobago 2015 Health Accounts Statistical Report; Central Bank of Trinidad & Tobago, Index of retail prices; and Trinidad & Tobago Central Statistical Office, Mid-year population estimates (all ages).; 2015: Ministry of Health, Trinidad and Tobago 2015 Health Accounts Statistical Report (based on the 2008/09 Household Budgetary Survey); 2016: Estimated by applying the 2015 share of Out-of-Pocket payments in % of private consumption (3,7%)  to private consumption estimated in World Development Indicators dataset.; 2017 - 2018: Estimated using Ministry of Health, Trinidad and Tobago 2015 Health Accounts Statistical Report; World Bank, World Development Indicators (Final consumption of Households).; 2019: Estimated using Ministry of Health, Trinidad and Tobago 2015 Health Accounts Statistical Report; United Nations National Accounts Main Aggregates Database (Final consumption of Households).; 2020 - 2023: Estimated using Ministry of Health, Trinidad and Tobago 2015 Health Accounts Statistical Report, and IMF International Financial Statistics (IFS) PFC (Private Final Consumption) growth."
USA,hf2,"2000 - 2023: U.S. National Health Expenditure Accounts, reported in Joint OECD, EUROSTAT and WHO Health Accounts SHA Questionnaire (JHAQ)"
USA,hf21,"2000 - 2013: U.S. National Health Expenditure Accounts, derived from data reported in Joint OECD, EUROSTAT and WHO Health Accounts SHA Questionnaire (JHAQ); 2014 - 2023: U.S. National Health Expenditure Accounts, reported in Joint OECD, EUROSTAT and WHO Health Accounts SHA Questionnaire (JHAQ)"
USA,hf3,"2000 - 2023: U.S. National Health Expenditure Accounts, reported in Joint OECD, EUROSTAT and WHO Health Accounts SHA Questionnaire (JHAQ)"
URY,hf2,"2000 - 2004: Estimaciones  provisionales basadas en CNS y OECD DAC CRS data; 2005 - 2007: Ministerio de Salud Pública, Cuentas nacionales de salud 2005-2008 Uruguay, conversión de SHA1.0 a SHA2011 (equipo de Cuentas de Salud, MSP 2019); 2008: Estimated using Ministerio de Salud Pública, Cuentas nacionales de salud 2005-2008 Uruguay; 2009 - 2010: Estimated using Ministerio de Salud Pública, Cuentas Nacionales de Salud 2009-2010 Uruguay and OECD DAC data; 2011 - 2015: Ministerio de Salud Pública, Cuentas de salud en Uruguay 2011-2015; 2016 - 2017: Ministerio de Salud Pública, Cuentas Nacionales de Salud 2016-2017, Gasto y financiamiento de la salud en Uruguay; 2018 - 2019: Ministerio de Salud Pública, Cuentas Nacionales de Salud 2018-2019, Gasto y financiamiento de la salud en Uruguay; 2020: Ministerio de Salud Pública, Cuentas Nacionales de Salud 2020, reported in WHO Health Accounts SHA Questionnaire (HAQ) 2024; 2021: Ministerio de Salud Pública, Cuentas Nacionales de Salud 2021, reported in WHO Health Accounts SHA Questionnaire (HAQ) 2024; 2022: Ministerio de Salud Pública, Cuentas Nacionales de Salud 2022, reported in WHO Health Accounts SHA Questionnaire (HAQ) 2024; 2023: Ministerio de Salud Pública, Cuentas Nacionales de Salud 2023, reported in WHO Health Accounts SHA Questionnaire (HAQ) 2025"
URY,hf21,"2000 - 2002: MSP CNS; 2003 - 2004: Estimaciones  provisionales basadas en CNS; 2005 - 2007: Ministerio de Salud Pública, Cuentas nacionales de salud 2005-2008 Uruguay, conversión de SHA1.0 a SHA2011 (equipo de Cuentas de Salud, MSP 2019); 2008: Ministerio de Salud Pública, Cuentas nacionales de salud 2005-2008 Uruguay; 2009 - 2010: Ministerio de Salud Pública, Cuentas Nacionales de Salud 2009-2010 Uruguay; 2011 - 2015: Ministerio de Salud Pública, Cuentas de salud en Uruguay 2011-2015; 2016 - 2017: Ministerio de Salud Pública, Cuentas Nacionales de Salud 2016-2017, Gasto y financiamiento de la salud en Uruguay; 2018 - 2019: Ministerio de Salud Pública, Cuentas Nacionales de Salud 2018-2019, Gasto y financiamiento de la salud en Uruguay; 2020: Ministerio de Salud Pública, Cuentas Nacionales de Salud 2020, reported in WHO Health Accounts SHA Questionnaire (HAQ) 2024; 2021: Ministerio de Salud Pública, Cuentas Nacionales de Salud 2021, reported in WHO Health Accounts SHA Questionnaire (HAQ) 2024; 2022: Ministerio de Salud Pública, Cuentas Nacionales de Salud 2022, reported in WHO Health Accounts SHA Questionnaire (HAQ) 2024; 2023: Ministerio de Salud Pública, Cuentas Nacionales de Salud 2023, reported in WHO Health Accounts SHA Questionnaire (HAQ) 2025"
URY,hf3,"2000 - 2015: Ministerio de Salud Pública, Estimación del gasto de los hogares bajo SHA 2011 para el período 2000-2015.; 2016 - 2017: Ministerio de Salud Pública, Cuentas Nacionales de Salud 2016-2017, Gasto y financiamiento de la salud en Uruguay; 2018 - 2019: Ministerio de Salud Pública, Cuentas Nacionales de Salud 2018-2019, Gasto y financiamiento de la salud en Uruguay; 2020: Ministerio de Salud Pública, Cuentas Nacionales de Salud 2020, reported in WHO Health Accounts SHA Questionnaire (HAQ) 2024; 2021: Ministerio de Salud Pública, Cuentas Nacionales de Salud 2021, reported in WHO Health Accounts SHA Questionnaire (HAQ) 2024; 2022: Ministerio de Salud Pública, Cuentas Nacionales de Salud 2022, reported in WHO Health Accounts SHA Questionnaire (HAQ) 2024; 2023: Ministerio de Salud Pública, Cuentas Nacionales de Salud 2023, reported in WHO Health Accounts SHA Questionnaire (HAQ) 2025"
VEN,hf2,2021 - 2023: Sum of components
VEN,hf21,"2018: Superintendencia de la Actividad Aseguradora (SUDEASEG), Seguros en cifras 2018, gráfico nº1; 2019: Superintendencia de la Actividad Aseguradora (SUDEASEG), Seguros en cifras 2019, gráfico nº1; 2020: Superintendencia de la Actividad Aseguradora (SUDEASEG), Seguros en cifras 2020, gráfico nº1; 2021: Superintendencia de la Actividad Aseguradora (SUDEASEG), Seguros en cifras 2021, gráfico nº1; 2022: Superintendencia de la Actividad Aseguradora (SUDEASEG), Seguros en cifras 2022, gráfico nº1; 2023: Superintendencia de la Actividad Aseguradora (SUDEASEG), Seguros en cifras 2023, gráfico nº1"
VEN,hf3,2021 - 2023: Estimated using UN National accounts series PFC (Private Final Consumption) growth.
AFG,hf2,"2002 - 2015: Afghanistan Ministry of Public Health (MoPH). Data provided by HA focal point Shuhrat Munir 14 May 2017; 2016: Sum of components; 2017: Afghanistan Ministry of Public Health (MoPH), Health accounts study 2017; 2018: Afghanistan Ministry of Public Health (MoPH), Health accounts study 2018; 2019: Afghanistan Ministry of Public Health (MoPH), Health accounts study 2019; 2020: Afghanistan Ministry of Public Health (MoPH), Health accounts study 2020; 2021 - 2022: WHO Afghanistan country office and Afghanistan Ministry of Public Health (MoPH), Health accounts study 2021; 2023: Estimated using OECD, Creditor Reporting System (CRS) Aid Activities Database, health accounts study 2022 and World Bank, Afghanistan Economic Monitor May 2024."
AFG,hf21,"2016: Sum of components; 2017: Afghanistan Ministry of Public Health (MoPH), Health accounts study 2017"
AFG,hf3,"2000 - 2015: Afghanistan Ministry of Public Health (MoPH). Data provided by HA focal point Shuhrat Munir 14 May 2017; 2016: WHO estimate; 2017: Afghanistan Ministry of Public Health (MoPH), Health accounts study 2017; 2018: Afghanistan Ministry of Public Health (MoPH), Health accounts study 2018; 2019: Afghanistan Ministry of Public Health (MoPH), Health accounts study 2019; 2020: Afghanistan Ministry of Public Health (MoPH), Health accounts study 2020; 2021 - 2022: WHO Afghanistan country office and Afghanistan Ministry of Public Health (MoPH), Health accounts study 2021; 2023: Estimated using health accounts 2018 and 2017/18 household survey (last available data on households out-of-pocket payments) and IMF International Financial Statistics (IFS) PFC (Private Final Consumption) growth."
BHR,hf2,"2000 - 2011: Estimated using health accounts 2012/2013 and Central Bank of Bahrain, Insurance Market Reviews; 2012: Ministry of Health, health accounts study 2012 (HAPT) and Central Bank of Bahrain, Insurance Market Reviews 2000-2020; 2013: Ministry of Health, health accounts study 2013 (HAPT) and Central Bank of Bahrain, Insurance Market Reviews 2000-2020; 2014 - 2019: Estimated using health accounts 2012/2013 and Central Bank of Bahrain, Insurance Market Reviews; 2020: Estimated using health accounts 2012/2013, Central Bank of Bahrain, Insurance Market Reviews and IMF International Financial Statistics (IFS) PFC (Private Final Consumption) growth.; 2021 - 2023: Estimated using health accounts data for previous years, Central Bank of Bahrain, Insurance Market Reviews and IMF International Financial Statistics (IFS) PFC (Private Final Consumption) growth."
BHR,hf21,"2000 - 2011: Central Bank of Bahrain, Insurance Market Reviews 2000-2020; 2012: Ministry of Health, health accounts study 2012 (HAPT) and Central Bank of Bahrain, Insurance Market Reviews 2000-2020; 2013: Ministry of Health, health accounts study 2013 (HAPT) and Central Bank of Bahrain, Insurance Market Reviews 2000-2020; 2014 - 2020: Central Bank of Bahrain, Insurance Market Reviews 2000-2020; 2021: Central Bank of Bahrain, Insurance Market Reviews 2021; 2022: Central Bank of Bahrain, Insurance Market Reviews 2022; 2023: Central Bank of Bahrain, Insurance Market Review 2023"
BHR,hf3,"2000 - 2010: WHO estimate; 2011: Health accounts; 2012: HAPT 2012; 2013: HAPT 2013; 2014: HAPT 2014; 2015: HAPT 2015; 2016: HAPT 2016; 2017: Estimated using 2018 data and IMF International Financial Statistics (IFS) PFC (Private Final Consumption) growth.; 2018: Ministry of Health; 2019: Estimated using 2018 data and growth of macroeconomic series (GGE, PFC, GDP, OECD CRS); 2020 - 2023: Estimated using 2018 data and IMF International Financial Statistics (IFS) PFC (Private Final Consumption) growth."
DJI,hf2,"2000 - 2010: Sum of components; 2011 - 2014: PT Study Completed 17 Sept 2016; 2015: Sum of components; 2016 - 2017: WHO estimate; 2018: Sum of components; 2019 - 2023: Estimated using Djibouti health accounts 2011-2014, Ministère de l&apos;Economie et des Finances - Direction de l&apos;économie et du plan, Secteur des assurances à Djibouti, situation 2021 & 2022,  and growth of macroeconomic series (GGE, PFC, OECD CRS)."
DJI,hf21,"2000 - 2015: Rapports des Assurances; 2016 - 2018: WHO estimate; 2019 - 2022: Ministère de l&apos;Economie et des Finances - Direction de l&apos;économie et du plan, Secteur des assurances à Djibouti, situation 2021 & 2022.; 2023: Estimated using Ministère de l&apos;Economie et des Finances - Direction de l&apos;économie et du plan, Secteur des assurances à Djibouti, situation 2021 & 2022, and growth of macroeconomic series (GGE, PFC, OECD CRS)."
DJI,hf3,"2000 - 2015: Comptabilité nationale, enquetes ménage et estimations; 2016 - 2018: WHO estimate; 2019 - 2023: Estimated using Djibouti health accounts 2011-2014 and growth of macroeconomic series (GGE, PFC, OECD CRS)"
EGY,hf2,"2000 - 2011: Sum of components; 2012: Egyptian 2012 Health Accounts Study. Data received as PT file 03 March 2015.; 2013 - 2014: WHO estimate; 2015: HA 2015; 2016: Sum of components; 2017: WHO estimate; 2018: Sum of components; 2019: Estimated using 2018 data and growth of macroeconomic series (GGE, PFC, GDP, OECD CRS); 2020: World Health Organization Egypt, Egypt National Health Accounts 2019/2020, Main cross tables; 2021 - 2022: Estimated using Egypt National Health Accounts 2019/2020; Health budgets growth 2020 - 2021; Atlas Magazine, Insurance around the World, Egyptian insurance market in 2022: turnover per class of business; and IMF International Financial Statistics (IFS) PFC (Private Final Consumption) growth; 2023: Estimated using Egypt National Health Accounts 2019/2020; Atlas Magazine, Insurance around the World, Egyptian insurance market in 2022: turnover per class of business; UNICEF Budget Transparency Brief No.7 (health budget growth 2023); and IMF International Financial Statistics (IFS) PFC (Private Final Consumption) growth."
EGY,hf21,"2000 - 2011: SHA01 Copied; 2012: Egyptian 2012 Health Accounts Study. Data received as PT file 03 March 2015.; 2013 - 2014: WHO estimate; 2015: HA 2015; 2016: Sum of components; 2017: WHO estimate; 2018: Ministry of Health; 2019: Estimated using 2018 data and growth of macroeconomic series (GGE, PFC, GDP, OECD CRS); 2020: World Health Organization Egypt, Egypt National Health Accounts 2019/2020, Main cross tables; 2021 - 2022: Estimated using Egypt National Health Accounts 2019/2020 and Atlas Magazine, Insurance around the World, Egyptian insurance market in 2022: turnover per class of business.; 2023: Estimated using Egypt National Health Accounts 2019/2020; Atlas Magazine, Insurance around the World, Egyptian insurance market in 2022: turnover per class of business; and IMF International Financial Statistics (IFS) PFC (Private Final Consumption) growth."
EGY,hf3,"2000 - 2015: From MOH & Central Agency for Public Mobilization and Statistics (CAPMAS); 2016: WHO estimate; 2017: From the Ministry of Health - Department of Planning; 2018: WHO estimate; 2019: Estimated using 2018 data and growth of macroeconomic series (GGE, PFC, GDP, OECD CRS); 2020: World Health Organization Egypt, Egypt National Health Accounts 2019/2020, Main cross tables; 2021 - 2023: Estimated using Egypt National Health Accounts 2019/2020 and IMF International Financial Statistics (IFS) PFC (Private Final Consumption) growth"
IRN,hf2,"2000 - 2010: Sum of components; 2011 - 2021: Statistical Center of Iran, Iran health accounts revision 2011-2021 (based on SHA 1.0) reported by the country for GHED update 2025; 2022: Estimated using IMF International Financial Statistics (IFS) PFC (Private Final Consumption) growth and OECD, Creditor Reporting System (CRS) Aid Activities Database; 2023: Estimated using IMF International Financial Statistics (IFS) PFC (Private Final Consumption) growth, Statista Health insurance market highlights and OECD, Creditor Reporting System (CRS) Aid Activities Database"
IRN,hf21,"2000 - 2010: Ministry of Health; 2011 - 2021: Statistical Center of Iran, Iran health accounts revision 2011-2021 (based on SHA 1.0) reported by the country for GHED update 2025; 2022: Estimated using IMF International Financial Statistics (IFS) PFC (Private Final Consumption) growth; 2023: Estimated using Statista Health insurance market highlights - Iran 2025 and IMF International Financial Statistics (IFS) PFC (Private Final Consumption) growth."
IRN,hf3,"2000 - 2010: Ministry of Health; 2011 - 2021: Statistical Center of Iran, Iran health accounts revision 2011-2021 (based on SHA 1.0) reported by the country for GHED update 2025; 2022: Estimated using Ministry of Health data for previous years and Satistical Center of Iran, Summary results of the urban and rural household income and expenditure survey 2021 and IMF International Financial Statistics (IFS) PFC (Private Final Consumption) growth; 2023: Estimated using IMF International Financial Statistics (IFS) PFC (Private Final Consumption) growth"
IRQ,hf2,"2003: SHA 01 copied; 2004 - 2010: Sum of components; 2011 - 2015: SHA01 copied; 2016 - 2018: Sum of components; 2019: Estimated using Ministry of Health, National Health Accounts study 2019 and OECD CRS data; 2020: Estimated using OECD CRS data; 2021 - 2022: OECD, Creditor Reporting System (CRS) Aid Activities Database; 2023: Voluntary schemes are not reported in Iraq Health accounts"
IRQ,hf21,2003: Voluntary prepayments / voluntary health insurance are not reported in Iraq Health accounts and are probably very small / negligeable; 2010: Voluntary prepayments / voluntary health insurance are not reported in Iraq Health accounts and are probably very small / negligeable; 2016 - 2023: Voluntary prepayments / voluntary health insurance are not reported in Iraq Health accounts and are probably very small / negligeable
IRQ,hf3,"2000 - 2001: from the Central Statistical Agency - and MOH focal Point; 2003 - 2004: SHA01 Copied; 2005 - 2006: from the Central Statistical Agency - and MOH focal Point; 2007: SHA01 Copied; 2008 - 2015: from the Central Statistical Agency - and MOH focal Point; 2016 - 2017: Ministry of Health and Environment, health accounts 2016-2021; 2018: Ministry of Health, Health Accounts 2018; 2019: Ministry of Health, National Health Accounts study 2019; 2020 - 2021: Ministry of Health and Environment, health accounts 2016-2021; 2022: Estimated using Ministry of Health, National Health Accounts study 2021 and IMF International Financial Statistics (IFS) PFC (Private Final Consumption) growth.; 2023: Ministry of Health, Iraq health accounts 2023, reported by the country in WHO Health Accounts Questionnaire (HAQ) for GHED update 2025"
JOR,hf2,"2000 - 2011: Sum of components; 2012: sum of parts; 2013 - 2014: Sum of components; 2015: Jordan Health Accounts 2015; 2016 - 2017: High Health Council, Jordan National Health Accounts Main Indicators 2007 - 2019; 2018 - 2019: Jordan Ministry of Health, National Health Accounts studies 2018/2019 (updated version 2025).; 2020 - 2022: Jordan Ministry of Health, National Health Accounts studies 2020/21/22.; 2023: Estimated using 2022 health accounts data, General Budget Department actual current expenditure by government unit and growth of macroeconomic series (PFC, OECD CRS)."
JOR,hf21,"2000 - 2014: Converted SHA 1.0 data from GHED.; 2015: Jordan Health Accounts 2015; 2016 - 2017: High Health Council, Jordan National Health Accounts Main Indicators 2007 - 2019; 2018 - 2019: Jordan Ministry of Health, National Health Accounts studies 2018/2019 (updated version 2025).; 2020 - 2022: Jordan Ministry of Health, National Health Accounts studies 2020/21/22.; 2023: Estimated using 2022 health accounts data, General Budget Department actual current expenditure by government unit and IMF International Financial Statistics (IFS) PFC (Private Final Consumption) growth."
JOR,hf3,"2000 - 2014: SHA01 Copied; 2015: Jordan Health Accounts 2015; 2016 - 2017: High Health Council, Jordan National Health Accounts Main Indicators 2007 - 2019; 2018 - 2019: Jordan Ministry of Health, National Health Accounts studies 2018/2019 (updated version 2025).; 2020 - 2022: Jordan Ministry of Health, National Health Accounts studies 2020/21/22.; 2023: Estimated using 2022 health accounts data and IMF International Financial Statistics (IFS) PFC (Private Final Consumption) growth."
KWT,hf2,"2000 - 2015: SHA01 Copied; 2016 - 2018: WHO estimate; 2019: Estimated using growth of macroeconomic series (GGE, PFC, GDP, OECD CRS); 2020 - 2022: Estimated using IMF International Financial Statistics (IFS) PFC (Private Final Consumption) growth.; 2023: Estimated using Statista Health insurance market highlights - Kuwait 2025 and IMF International Financial Statistics (IFS) PFC (Private Final Consumption) growth."
KWT,hf21,"2000 - 2015: SHA01 Copied; 2016 - 2018: WHO estimate; 2019: Estimated using growth of macroeconomic series (GGE, PFC, GDP, OECD CRS); 2020 - 2022: Estimated using IMF International Financial Statistics (IFS) PFC (Private Final Consumption) growth.; 2023: Estimated using Statista Health insurance market highlights - Kuwait 2025 and IMF International Financial Statistics (IFS) PFC (Private Final Consumption) growth."
KWT,hf3,"2000 - 2015: SHA01 Copied; 2016 - 2018: WHO estimate; 2019: Estimated using growth of macroeconomic series (GGE, PFC, GDP, OECD CRS); 2020 - 2023: Estimated using IMF International Financial Statistics (IFS) PFC (Private Final Consumption) growth."
LBN,hf2,"2000 - 2011: Sum of the components; 2012: Ministry of Public Health, National Health Accounts 2012; 2013 - 2014: Sum of the components; 2015: Ministry of Public Health, National Health Accounts 2015; 2016: Ministry of Public Health, National Health Accounts 2016; 2017: Ministry of Public Health, National Health Accounts 2017; 2018: Provided by HA official focal point and Ministry of Health Chief Statisticien Hilda Harb, 2020.; 2019: Ministry of Public Health, National Health Accounts of Lebanon 2019-2021; 2020 - 2023: Estimated using Ministry of Public Health, National Health Accounts of Lebanon 2019-2021"
LBN,hf21,"2000 - 2011: Provided by HA official focal point and Ministry of Health Chief Statisticien Hilda Harb September 2017.; 2012: Ministry of Public Health, National Health Accounts 2012; 2013 - 2014: Provided by HA official focal point and Ministry of Health Chief Statisticien Hilda Harb September 2017.; 2015: Ministry of Public Health, National Health Accounts 2015; 2016: Ministry of Public Health, National Health Accounts 2016; 2017: Ministry of Public Health, National Health Accounts 2017; 2018: Provided by HA official focal point and Ministry of Health Chief Statisticien Hilda Harb, 2020.; 2019 - 2021: Ministry of Public Health, National Health Accounts of Lebanon 2019-2021; 2022 - 2023: Estimated using Ministry of Public Health, National Health Accounts of Lebanon 2019-2021 and IMF International Financial Statistics (IFS) PFC (Private Final Consumption) growth"
LBN,hf3,"2000 - 2011: Provided by HA official focal point and Ministry of Health Chief Statisticien Hilda Harb September 2017.; 2012: Ministry of Public Health, National Health Accounts 2012; 2013 - 2014: Provided by HA official focal point and Ministry of Health Chief Statisticien Hilda Harb September 2017.; 2015: Ministry of Public Health, National Health Accounts 2015; 2016: Ministry of Public Health, National Health Accounts 2016; 2017: Ministry of Public Health, National Health Accounts 2017; 2018: WHO estimate; 2019 - 2021: Ministry of Public Health, National Health Accounts of Lebanon 2019-2021; 2022 - 2023: Estimated using Ministry of Public Health, National Health Accounts of Lebanon 2019-2021 and IMF International Financial Statistics (IFS) PFC (Private Final Consumption) growth"
LBY,hf2,"2000 - 2011: Sum of components; 2012 - 2023: Estimated using OECD, Creditor Reporting System (CRS) Aid Activities Database"
LBY,hf21,2012 - 2023: This financing scheme is not reported by the country
LBY,hf3,2000 - 2009: Estimated from Ministry of Planning using Statistical abstract 1970. T.11 and Healthcare System in Libya factual report 2010; 2010: Estimated using Healthcare System in Libya factual report 2010; 2011 - 2023: Estimated using United Nations National Accounts Main Aggregates Database PFC (Private Final Consumption) growth.
MAR,hf2,"2000 - 2017: Sum of components; 2018: Ministère de la Santé, Comptes nationaux de la Santé 2018; 2019 - 2021: Estimated using Ministère de la Santé, Comptes nationaux de la Santé 2018 and growth of macroeconomic series (GGE, PFC, GDP, OECD CRS); 2022: Ministère de la Santé et de la Protection Sociale, Comptes Nationaux de la Santé 2022; 2023: Estimated using Ministère de la Santé et de la Protection Sociale, Comptes Nationaux de la Santé 2022; annual reports from CNSS (Caisse Nationale de Sécurité Sociale), CNOPS (Caisse Nationale des Organismes de Prévoyance Sociale) and ACAPS (Autorité de Contrôle des Assurances et de la Prévoyance Sociale); and Haut-Commissariat au Plan (Direction de la Comptabilité Nationale), National Accounts use tables."
MAR,hf21,"2001: Tableaux 10 et 11 page 75 et 77, Rapport CS 2001; 2014 - 2017: Estimated using health accounts study 2018 and annual reports from CNSS (Caisse Nationale de Sécurité Sociale), CNOPS (Caisse Nationale des Organismes de Prévoyance Sociale) and ACAPS (Autorité de Contrôle des Assurances et de la Prévoyance Sociale); 2018: Ministère de la Santé, Comptes nationaux de la Santé 2018; 2019 - 2021: Estimated using health accounts study 2018 and annual reports from CNSS (Caisse Nationale de Sécurité Sociale), CNOPS (Caisse Nationale des Organismes de Prévoyance Sociale) and ACAPS (Autorité de Contrôle des Assurances et de la Prévoyance Sociale); 2022: Ministère de la Santé et de la Protection Sociale, Comptes Nationaux de la Santé 2022; 2023: Estimated using health accounts study 2022 and annual reports from ACAPS (Autorité de Contrôle des Assurances et de la Prévoyance Sociale)"
MAR,hf3,"2001: Tableau 2, page 36, Rapport CS 2001; 2006: Tableau 2, page 23, Rapport CS 2006; 2010: Tableau 2, page 25, Rapport CS 2010; 2013: WHO estimate; 2014 - 2017: Estimated by WHO using Health accounts studies 2013 and 2018; 2018: Ministère de la Santé, Comptes nationaux de la Santé 2018; 2019 - 2021: Estimated using Ministère de la Santé, Comptes nationaux de la Santé 2018 and Haut-Commissariat au Plan (Direction de la Comptabilité Nationale), Dépenses de consommation finale des ménages à prix courants (relevant categories in National Accounts use tables); 2022: Ministère de la Santé et de la Protection Sociale, Comptes Nationaux de la Santé 2022; 2023: Estimated using Ministère de la Santé et de la Protection Sociale, Comptes Nationaux de la Santé 2022 and Haut-Commissariat au Plan (Direction de la Comptabilité Nationale), Dépenses de consommation finale des ménages à prix courants (relevant categories in National Accounts use tables)"
PSE,hf2,"2000 - 2018: Palestinian Central Bureau of Statistics (PCBS), Palestinian Health Accounts (2000-2018) revised time series; 2019: Palestinian Central Bureau of Statistics (PCBS), Palestinian Health Accounts 2019; 2020: Palestinian Central Bureau of Statistics (PCBS), Palestinian Health Accounts 2020; 2021: Palestinian Central Bureau of Statistics (PCBS), Palestinian Health Accounts 2021; 2022: Palestinian Central Bureau of Statistics (PCBS), Palestinian Health Accounts 2022; 2023: Palestinian Central Bureau of Statistics (PCBS), Palestinian Health Accounts 2023 reported by PCBS in WHO Health Accounts Questionnaire (HAQ) 2025"
PSE,hf21,"2000 - 2018: Palestinian Central Bureau of Statistics (PCBS), Palestinian Health Accounts (2000-2018) revised time series; 2019: Palestinian Central Bureau of Statistics (PCBS), Palestinian Health Accounts 2019; 2020: Palestinian Central Bureau of Statistics (PCBS), Palestinian Health Accounts 2020; 2021: Palestinian Central Bureau of Statistics (PCBS), Palestinian Health Accounts 2021; 2022: Palestinian Central Bureau of Statistics (PCBS), Palestinian Health Accounts 2022; 2023: Palestinian Central Bureau of Statistics (PCBS), Palestinian Health Accounts 2023 reported by PCBS in WHO Health Accounts Questionnaire (HAQ) 2025"
PSE,hf3,"2000 - 2018: Palestinian Central Bureau of Statistics (PCBS), Palestinian Health Accounts (2000-2018) revised time series; 2019: Palestinian Central Bureau of Statistics (PCBS), Palestinian Health Accounts 2019; 2020: Palestinian Central Bureau of Statistics (PCBS), Palestinian Health Accounts 2020; 2021: Palestinian Central Bureau of Statistics (PCBS), Palestinian Health Accounts 2021; 2022: Palestinian Central Bureau of Statistics (PCBS), Palestinian Health Accounts 2022; 2023: Palestinian Central Bureau of Statistics (PCBS), Palestinian Health Accounts 2023 reported by PCBS in WHO Health Accounts Questionnaire (HAQ) 2025"
OMN,hf2,"2000 - 2017: Sum of components; 2018: Ministry of Health; 2019: Estimated using 2018 data and growth of macroeconomic series (GGE, PFC, GDP, OECD CRS); 2020 - 2022: Estimated using 2018 data and IMF International Financial Statistics (IFS) PFC (Private Final Consumption) growth.; 2023: Estimated using 2018 data, Statista Health insurance market highlights - Oman 2025 and IMF International Financial Statistics (IFS) PFC (Private Final Consumption) growth."
OMN,hf21,"2000 - 2007: Estimated using UN NA series and  NHA 1998 report; 2008 - 2011: Estimated using EIU series + UN NA series + NHA 1998 report; 2012 - 2014: WHO estimate; 2015: Estimated using EIU series + UN NA series + NHA 1998 report; 2016 - 2017: Sum of components; 2018: Ministry of Health; 2019: Estimated using 2018 data and growth of macroeconomic series (GGE, PFC, GDP, OECD CRS); 2020 - 2022: Estimated using 2018 data and IMF International Financial Statistics (IFS) PFC (Private Final Consumption) growth.; 2023: Estimated using Statista Health insurance market highlights - Oman 2025 and IMF International Financial Statistics (IFS) PFC (Private Final Consumption) growth."
OMN,hf3,"2000: WHO. Fair financing study; 2001: Estimated using  Fair financing study and The Main Results of the Household Expenditure & Income Survey; 2002: Ministry of National Economy. The Main Results of the Household Expenditure & Income Survey. T.5, pp.12.; 2003 - 2007: Estimated using UN NA series and The Main Results of the Household Expenditure & Income Survey; 2008 - 2011: Estimated using EIU series + UN NA series + The Main Results of the Household Expenditure & Income Survey; 2012 - 2014: WHO estimate; 2015: Estimated using EIU series + UN NA series + The Main Results of the Household Expenditure & Income Survey; 2016 - 2018: WHO estimate; 2019: Estimated using 2018 data and growth of macroeconomic series (GGE, PFC, GDP, OECD CRS); 2020 - 2023: Estimated using 2018 data and IMF International Financial Statistics (IFS) PFC (Private Final Consumption) growth."
PAK,hf2,"2000 - 2005: Sum of components; 2006: Pakistan Bureau of Statistics, National Health Accounts 2005-06; 2007: Estimated using Pakistan Bureau of Statistics, National Health Accounts 2005-06 and Pakistan Bureau of Statistics, National Health Accounts 2007-08; 2008: Pakistan Bureau of Statistics, National Health Accounts 2007-08; 2009: Estimated using Pakistan Bureau of Statistics, National Health Accounts 2007-08 and Pakistan Bureau of Statistics, National Health Accounts 2009-10; 2010: Pakistan Bureau of Statistics, National Health Accounts 2009-10; 2011: Estimated using Pakistan Bureau of Statistics, National Health Accounts 2009-10 and Pakistan Bureau of Statistics, National Health Accounts 2011-12; 2012: Pakistan Bureau of Statistics, National Health Accounts 2011-12; 2013: Estimated using Pakistan Bureau of Statistics, National Health Accounts 2011-12 and Pakistan Bureau of Statistics, National Health Accounts 2013-14; 2014: Pakistan Bureau of Statistics, National Health Accounts 2013-14; 2015: Estimated using Pakistan Bureau of Statistics, National Health Accounts 2013-14 and Pakistan Bureau of Statistics, National Health Accounts 2015-16; 2016: Pakistan Bureau of Statistics, National Health Accounts 2015-16; 2017: Estimated using Pakistan Bureau of Statistics, National Health Accounts 2015-16 and Pakistan Bureau of Statistics, National Health Accounts 2017-18; 2018: Pakistan Bureau of Statistics, National Health Accounts 2017-18; 2019: Estimated using Pakistan Bureau of Statistics, National Health Accounts 2017-18 and Pakistan Bureau of Statistics, National Health Accounts 2019-20; 2020: Pakistan Bureau of Statistics, National Health Accounts 2019-20; 2021: Estimated using Pakistan Bureau of Statistics, National Health Accounts 2019-20 and Pakistan Bureau of Statistics, National Health Accounts 2021-22; 2022: Pakistan Bureau of Statistics, National Health Accounts 2021-22; 2023: Estimated using Pakistan Bureau of Statistics, National Health Accounts 2021-22, Statista Health insurance market highlights and growth of macroeconomic series (GGE, PFC, OECD CRS)"
PAK,hf21,"2000 - 2005: Estimated using Pakistan Bureau of Statistics, National Health Accounts 2005-06 and Pakistan Bureau of Statistics, National Health Accounts 2007-08; 2006: Pakistan Bureau of Statistics, National Health Accounts 2005-06; 2007: Estimated using Pakistan Bureau of Statistics, National Health Accounts 2005-06 and Pakistan Bureau of Statistics, National Health Accounts 2007-08; 2008: Pakistan Bureau of Statistics, National Health Accounts 2007-08; 2009: Estimated using Pakistan Bureau of Statistics, National Health Accounts 2007-08 and Pakistan Bureau of Statistics, National Health Accounts 2009-10; 2010: Pakistan Bureau of Statistics, National Health Accounts 2009-10; 2011: Estimated using Pakistan Bureau of Statistics, National Health Accounts 2009-10 and Pakistan Bureau of Statistics, National Health Accounts 2011-12; 2012: Pakistan Bureau of Statistics, National Health Accounts 2011-12; 2013: Estimated using Pakistan Bureau of Statistics, National Health Accounts 2011-12 and Pakistan Bureau of Statistics, National Health Accounts 2013-14; 2014: Pakistan Bureau of Statistics, National Health Accounts 2013-14; 2015: Estimated using Pakistan Bureau of Statistics, National Health Accounts 2013-14 and Pakistan Bureau of Statistics, National Health Accounts 2015-16; 2016: Pakistan Bureau of Statistics, National Health Accounts 2015-16; 2017: Estimated using Pakistan Bureau of Statistics, National Health Accounts 2015-16 and Pakistan Bureau of Statistics, National Health Accounts 2017-18; 2018: Pakistan Bureau of Statistics, National Health Accounts 2017-18; 2019: Estimated using Pakistan Bureau of Statistics, National Health Accounts 2017-18 and Pakistan Bureau of Statistics, National Health Accounts 2019-20; 2020: Pakistan Bureau of Statistics, National Health Accounts 2019-20; 2021: Estimated using Pakistan Bureau of Statistics, National Health Accounts 2019-20 and Pakistan Bureau of Statistics, National Health Accounts 2021-22; 2022: Pakistan Bureau of Statistics, National Health Accounts 2021-22; 2023: Estimated using Pakistan Bureau of Statistics, National Health Accounts 2021-22, and Statista Health insurance market highlights - Pakistan 2025."
PAK,hf3,"2000 - 2005: Sum of components; 2006: Pakistan Bureau of Statistics, National Health Accounts 2005-06; 2007: Estimated using Pakistan Bureau of Statistics, National Health Accounts 2005-06 and Pakistan Bureau of Statistics, National Health Accounts 2007-08; 2008: Pakistan Bureau of Statistics, National Health Accounts 2007-08; 2009: Estimated using Pakistan Bureau of Statistics, National Health Accounts 2007-08 and Pakistan Bureau of Statistics, National Health Accounts 2009-10; 2010: Pakistan Bureau of Statistics, National Health Accounts 2009-10; 2011: Estimated using Pakistan Bureau of Statistics, National Health Accounts 2009-10 and Pakistan Bureau of Statistics, National Health Accounts 2011-12; 2012: Pakistan Bureau of Statistics, National Health Accounts 2011-12; 2013: Estimated using Pakistan Bureau of Statistics, National Health Accounts 2011-12 and Pakistan Bureau of Statistics, National Health Accounts 2013-14; 2014: Pakistan Bureau of Statistics, National Health Accounts 2013-14; 2015: Estimated using Pakistan Bureau of Statistics, National Health Accounts 2013-14 and Pakistan Bureau of Statistics, National Health Accounts 2015-16; 2016: Pakistan Bureau of Statistics, National Health Accounts 2015-16; 2017: Estimated using Pakistan Bureau of Statistics, National Health Accounts 2015-16 and Pakistan Bureau of Statistics, National Health Accounts 2017-18; 2018: Pakistan Bureau of Statistics, National Health Accounts 2017-18; 2019: Estimated using Pakistan Bureau of Statistics, National Health Accounts 2017-18 and Pakistan Bureau of Statistics, National Health Accounts 2019-20; 2020: Pakistan Bureau of Statistics, National Health Accounts 2019-20; 2021: Estimated using Pakistan Bureau of Statistics, National Health Accounts 2019-20 and Pakistan Bureau of Statistics, National Health Accounts 2021-22; 2022: Pakistan Bureau of Statistics, National Health Accounts 2021-22; 2023: Estimated using Pakistan Bureau of Statistics, National Health Accounts 2021-22 and IMF International Financial Statistics (IFS) PFC (Private Final Consumption) growth."
QAT,hf2,"2000 - 2008: Sum of components; 2009 - 2013: Sum of total; 2014: Ministry of Public Health, Qatar National Health Accounts report 2014, Matrix 1 p.68-69; 2015 - 2023: Estimated using Ministry of Public Health, Qatar National Health Accounts report 2014 and growth of macroeconomic series (GGE, PFC, GDP, OECD CRS)"
QAT,hf21,"2000 - 2008: WHO estimate; 2009 - 2010: Policy Affairs Directorate. Qatar National Health Accounts - 1 st Report  Years 2009 & 2010. Table 7, pp. 23. June 2011; 2011: Table 10 p.53 Qatar 2011 HA Report; 2012: Matrix 1 p.71 Qatar 2012 HA Report; 2013: Matrix 1 p.68-69, Qatar 2013 HA Report.; 2014: Ministry of Public Health, Qatar National Health Accounts report 2014, Matrix 1 p.68-69; 2015 - 2019: Estimated using Ministry of Public Health, Qatar National Health Accounts report 2014 and growth of macroeconomic series (GGE, PFC, GDP, OECD CRS); 2020 - 2023: Estimated using Ministry of Public Health, Qatar National Health Accounts report 2014 and IMF International Financial Statistics (IFS) PFC (Private Final Consumption) growth."
QAT,hf3,"2000 - 2008: The Planning Council. Annual Abstract 2001. T. 219; 2009 - 2010: Policy Affairs Directorate. Qatar National Health Accounts - 1 st Report  Years 2009 & 2010. Table 7, pp. 23. June 2011; 2011: Table 10 p.53 Qatar 2011 HA Report; 2012: Matrix 1 p.71 Qatar 2012 HA Report; 2013: Matrix 1 p.68-69, Qatar 2013 HA Report.; 2014: Ministry of Public Health, Qatar National Health Accounts report 2014, Matrix 1 p.68-69; 2015 - 2019: Estimated using Ministry of Public Health, Qatar National Health Accounts report 2014 and growth of macroeconomic series (GGE, PFC, GDP, OECD CRS); 2020 - 2023: Estimated using Ministry of Public Health, Qatar National Health Accounts report 2014 and IMF International Financial Statistics (IFS) PFC (Private Final Consumption) growth."
SAU,hf2,"2000 - 2015: Sum of components; 2016: Sum of the components; 2017 - 2018: Saudi Health Council, National Health Accounts 2017/2018; 2019 - 2021: Saudi Health Council, National Health Accounts 2019-2021; 2022 - 2023: Derived from Saudi Health Council, General Directorate of National Health Economics and Policies, National Health Accounts 2022-2023"
SAU,hf21,"2000 - 2012: Estimated using SHA1.0 data; 2013 - 2014: WHO estimate; 2015: SAMA. The Saudi Insurance Market Report 2011. Table 7, pp. 42.; 2016: This financing scheme does not exist in the country from 2016; 2017 - 2018: Saudi Health Council, National Health Accounts 2017/2018; 2019 - 2021: Saudi Health Council, National Health Accounts 2019-2021; 2022 - 2023: This financing scheme does not exist in the country"
SAU,hf3,"2000 - 2015: Estimated using SHA1.0 data; 2016: WHO estimate; 2017 - 2018: Saudi Health Council, National Health Accounts 2017/2018; 2019 - 2021: Saudi Health Council, National Health Accounts 2019-2021; 2022 - 2023: Saudi Health Council, General Directorate of National Health Economics and Policies, National Health Accounts 2022-2023"
SOM,hf2,"2013 - 2023: Estimated using IMF International Financial Statistics (IFS) PFC (Private Final Consumption), Central Bank data (IPC weight for health),  Somali Health and Demographic Survey 2020 (financing of households health expenditure) and OECD CRS donors disbursements data"
SOM,hf21,"2013 - 2023: Estimated using IMF International Financial Statistics (IFS) PFC (Private Final Consumption), World Bank Somali Poverty profile 2016 and Somali Health and Demographic Survey 2020 (financing of households health expenditure)"
SOM,hf3,"2000 - 2002: Estimated WHO; 2003 - 2008: ""Estimated based on total ODA
""; 2009 - 2012: Data derived from the HPER; 2013 - 2015: Estimated using IMF International Financial Statistics (IFS) PFC (Private Final Consumption) growth and World Bank Somali Poverty profile 2016; 2016: World Bank Somali Poverty profile 2016; 2017 - 2023: Estimated using IMF International Financial Statistics (IFS) PFC (Private Final Consumption) growth and World Bank Somali Poverty profile 2016"
SDN,hf2,"2000 - 2014: HF2.3 was given by focal point, other subitem was copied from SHA01; 2015: Sudan Federal Ministry of Health, health accounts study 2015; 2018: Federal Ministry of Health, Health Accounts 2018 (HAPT study); 2019: Estimated using Federal Ministry of Health, Health Accounts 2018 and and growth of macroeconomic series (GGE, PFC, GDP, OECD CRS); 2020: Federal Ministry of Health, Health Accounts 2020 (HAPT study); private insurance not reported by the country and estimated using Federal Ministry of Health, Health Accounts 2018 and growth of macroeconomic series (PFC); 2021 - 2023: Estimated using Federal Ministry of Health, Health Accounts 2020; OECD, Creditor Reporting System (CRS) Aid Activities Database; and growth of macroeconomic series (PFC)"
SDN,hf21,"2000 - 2014: converted from SHA01; 2015: Sudan Federal Ministry of Health, health accounts study 2015; 2016 - 2017: Estimated using Sudan Federal Ministry of Health, health accounts study 2015 and IMF International Finance Statistics (IFS) private final consumption growth rate; 2018: Federal Ministry of Health, Health Accounts 2018 (HAPT study); 2019: Estimated using Federal Ministry of Health, Health Accounts 2018 and and growth of macroeconomic series (GGE, PFC, GDP, OECD CRS); 2020: Estimated using Federal Ministry of Health, Health Accounts 2018 and IMF International Financial Statistics (IFS) PFC (Private Final Consumption) growth.; 2021 - 2023: Estimated using Federal Ministry of Health, Health Accounts 2018 and World Bank World Development Indicatores (WDI) PFC (Private Final Consumption) growth."
SDN,hf3,"2000 - 2010: WHO estimate based on SHA 2011 for 2011; 2011: HAPT data for 2011; 2012: WHO estimate based on SHA 2011 for 2011; 2013: HAPT datafor 2013; 2014: WHO estimate based on SHA 2011 for 2011; 2015: Sudan Federal Ministry of Health, health accounts study 2015; 2016 - 2017: Estimated using Sudan Federal Ministry of Health, health accounts study 2015 and IMF International Finance Statistics (IFS) private final consumption growth rate; 2018: Federal Ministry of Health, Health Accounts 2018 (HAPT study); 2019: Estimated using Federal Ministry of Health, Health Accounts 2018 and and growth of macroeconomic series (GGE, PFC, GDP, OECD CRS); 2020: Federal Ministry of Health, Health Accounts 2020 (HAPT study); 2021 - 2022: Estimated using Federal Ministry of Health, Health Accounts 2020 and World Bank World Development Indicatores (WDI) PFC (Private Final Consumption) growth.; 2023: Estimated using Federal Ministry of Health, Health Accounts 2020 and World Bank World Development Indicators (WDI) PFC (Private Final Consumption) growth."
SYR,hf2,"2000 - 2007: Estimated using OECD CRS data, Atlas Magazine Insurance news around the World, Syria Premiums’ Breakdown per class of business: 2008-2010 and United Nations national accounts database, PFC (Private Final Consumption) growth.; 2008 - 2010: Estimated using OECD CRS data and Atlas Magazine Insurance news around the World, Syria Premiums’ Breakdown per class of business: 2008-2010.; 2011 - 2020: Estimated using OECD CRS data, Atlas Magazine Insurance news around the World, Syria Premiums’ Breakdown per class of business: 2008-2010 and Syrian insurance market: turnover per class of business in 2021/2022.; 2021 - 2022: Estimated using OECD CRS data and Atlas Magazine Insurance news around the World, Syrian insurance market: turnover per class of business in 2022.; 2023: Ministry of Health, &quot;Structure of the financing flows of health care services in Syria&quot; (document shared by country focal point, October 2025)"
SYR,hf21,"2000 - 2007: Estimated using Atlas Magazine Insurance news around the World, Syria Premiums’ Breakdown per class of business: 2008-2010 and United Nations national accounts database, PFC (Private Final Consumption) growth.; 2008 - 2010: Atlas Magazine Insurance news around the World, Syria Premiums’ Breakdown per class of business: 2008-2010; 2011 - 2020: Estimated using Atlas Magazine Insurance news around the World, Syria Premiums’ Breakdown per class of business: 2008-2010 and Syrian insurance market: turnover per class of business in 2021/2022; 2021 - 2022: Atlas Magazine Insurance news around the World, Syrian insurance market: turnover per class of business in 2022; 2023: Ministry of Health, &quot;Structure of the financing flows of health care services in Syria&quot; (document shared by country focal point, October 2025)"
SYR,hf3,"2000 - 2002: Estimated using Household health expenditure survey 2002 and IMF IFS series; 2003 - 2004: CBS. Household health expenditure survey 2002; 2005 - 2008: Estimated using MoH consultation; 2009 - 2010: MoH. Technical consultation. December 2011; 2011 - 2012: Estimated using technical consultation, EIU series and IMF IFS series; 2013 - 2023: Estimated using PFC (Private Final Consumption) growth."
TUN,hf2,"2000: Sum of the components; 2001 - 2003: Sum of components; 2004 - 2011: Sum of the components; 2012: SHA 2012 report; 2013: SHA report 2013; 2014: PTstudy 2014; 2015: Ministère de la Santé Publique, Comptes de Santé 2015; 2016 - 2018: Estimated using Health accounts 2015 data; Tunisia insurance market statistics; IMF International Financial Statistics (IFS) PFC (Private Final Consumption) growth; and OECD Creditor Reporting System (CRS) database data.; 2019: Ministry of public health Tunisia, preliminary health accounts study 2019; 2020 - 2023: Estimated using Health accounts 2019 data; Tunisia insurance market statistics; Statistiques Tunisie, les comptes de la Nation base 2015, comptes nationaux 2019-2023; and OECD Creditor Reporting System (CRS) database data."
TUN,hf21,"2000: Table 8: Follow of funds from financing agents to providers - page 24; 2004: Table 12: Follow of funds from financing agents to providers - page 33; 2005: Table 17: Follow of funds from financing agents to providers - page 41; 2012: SHA 2012 report; 2013: SHA report 2013; 2014: PTstudy 2014; 2015: Ministère de la Santé Publique, Comptes de Santé 2015; 2016 - 2018: Estimated using Health accounts 2019 data and Tunisia insurance market statistics (total health premiums paid); 2019: Ministry of public health Tunisia, preliminary health accounts study 2019; 2020 - 2023: Ministère des Finances - Comité Général des Assurances, Evolution des primes nettes par catégories et branches d&apos;assurance (Assurance groupe Maladie)."
TUN,hf3,"2000: Table 8: Follow of funds from financing agents to providers - page 24; 2004: Table 12: Follow of funds from financing agents to providers - page 33; 2005: Table 17: Follow of funds from financing agents to providers - page 41; 2006 - 2011: Estimated by linear interpolation; 2012: SHA report 2012; 2013: SHA report 2013; 2014: PTstudy 2014; 2015: Ministère de la Santé Publique, Comptes de Santé 2015; 2016 - 2018: Estimated using Health accounts 2019 data and IMF International Financial Statistics (IFS) PFC (Private Final Consumption) growth.; 2019: Ministry of public health Tunisia, preliminary health accounts study 2019; 2020: Estimated using Health accounts 2019 data and Tunisian national accounts (preliminary data 2020); 2021 - 2023: Statistiques Tunisie, les comptes de la Nation base 2015, comptes nationaux 2019-2023 (household final consumption expenditure on health and social activities)."
ARE,hf2,"2000 - 2015: Estimated using Federal government spending on health series and IMF country report No 12/136; 2016: Sum of components; 2017: United Arab Emirates Ministry of Health and Prevention, Health accounts study 2017; 2018: United Arab Emirates Ministry of Health and Prevention, Health accounts study 2018; 2019: Estimated using United Arab Emirates National Health Account 2017-18 and growth of macroeconomic series (GGE, PFC, OECD CRS); 2020: U.A.E. Ministry of Health and Prevention, health accounts 2020 (HAPT study); 2021: U.A.E. Ministry of Health and Prevention, health accounts 2021 (HAPT study); 2022: U.A.E. Ministry of Health and Prevention, health accounts 2022 (HAPT study); 2023: U.A.E. Ministry of Health and Prevention, health accounts 2023 (HAPT study)"
ARE,hf21,"2000: Estimated using MoH consultation, EIU series and IMF Country report 11/112; 2001: Estimated by MoH. Consultation; 2002 - 2007: Estimated using MoH consultation, EIU series and IMF Country report 11/112; 2008: Estimated by MoH. Consultation. 2010; 2009 - 2010: Estimated using MoH consultation and National Bureau of Statistics series on premium written; 2011: Estimated using MoH consultation, National Bureau of Statistics series on premium written and National Accounts series; 2012 - 2014: WHO estimate; 2016: Sum of components; 2017: United Arab Emirates Ministry of Health and Prevention, Health accounts study 2017; 2018: United Arab Emirates Ministry of Health and Prevention, Health accounts study 2018; 2019: Estimated using United Arab Emirates National Health Account 2017-18 and Statista market insights, growth of health gross written premiums; 2020: U.A.E. Ministry of Health and Prevention, health accounts 2020 (HAPT study); 2021: U.A.E. Ministry of Health and Prevention, health accounts 2021 (HAPT study); 2022: U.A.E. Ministry of Health and Prevention, health accounts 2022 (HAPT study); 2023: U.A.E. Ministry of Health and Prevention, health accounts 2023 (HAPT study)"
ARE,hf3,"2000: Estimated using MoH consultation, EIU series and IMF Country report 11/112; 2001: Estimated by MoH. Consultation; 2002 - 2011: Estimated using MoH consultation and National Accounts series; 2012 - 2016: WHO estimate; 2017: United Arab Emirates Ministry of Health and Prevention, Health accounts study 2017; 2018: United Arab Emirates Ministry of Health and Prevention, Health accounts study 2018; 2019: Estimated using United Arab Emirates National Health Account 2017-18 and growth of macroeconomic series (GGE, PFC, OECD CRS); 2020: U.A.E. Ministry of Health and Prevention, health accounts 2020 (HAPT study); 2021: U.A.E. Ministry of Health and Prevention, health accounts 2021 (HAPT study); 2022: U.A.E. Ministry of Health and Prevention, health accounts 2022 (HAPT study); 2023: U.A.E. Ministry of Health and Prevention, health accounts 2023 (HAPT study)"
YEM,hf2,"2000 - 2013: Estimated using SHA1.0 data; 2014 - 2018: Estimated using Health accounts study 2019, OECD, Creditor Reporting System (CRS) Aid Activities Database and International Monetary Fund (IMF) International Finance Statistics indicators -  PFC (Private Final Consumption) growth.; 2019 - 2021: World Health Organization and Yemen Ministry of Public Health, Yemen Health Accounts 2019-2021; 2022 - 2023: Estimated using Health accounts study 2021, OECD, Creditor Reporting System (CRS) Aid Activities Database and International Monetary Fund (IMF) International Finance Statistics indicators -  PFC (Private Final Consumption) growth."
YEM,hf21,"2000 - 2002: Estimated using UN NA, Nov 2009 series and NHA 2003 report; 2003: USAID & PHRplus. Yemen National Health Accounts: Estimates for 2003.  June 2006; 2004 - 2011: Estimated using UN NA series, EIU series and NHA 2003 report; 2012 - 2013: WHO estimate; 2014 - 2018: Estimated using Health accounts study 2019 and International Monetary Fund (IMF) International Finance Statistics indicators -  PFC (Private Final Consumption) growth.; 2019 - 2021: World Health Organization and Yemen Ministry of Public Health, Yemen Health Accounts 2019-2021; 2022 - 2023: Estimated using Health accounts study 2021 and International Monetary Fund (IMF) International Finance Statistics indicators -  PFC (Private Final Consumption) growth."
YEM,hf3,"2000 - 2002: Estimated using UN NA, Nov 2009 series and NHA 2003 report; 2003: USAID & PHRplus. Yemen National Health Accounts: Estimates for 2003. T.4.1, pp.11. June 2006; 2004 - 2006: Estimated using NHA 2003 report and MoH consultation data points.; 2007: Estimated by MoH. Consultation. October 2010; 2008 - 2011: Estimated using UN NA series, EIU series and NHA 2003 report; 2012 - 2013: WHO estimate; 2014: Household Budget Survey 2014, adjusted using International Monetary Fund (IMF) International Finance Statistics indicators -  PFC (Private Final Consumption); 2015 - 2018: Estimated using Household Budget Survey 2014, Health accounts study 2019 and International Monetary Fund (IMF) International Finance Statistics indicators -  PFC (Private Final Consumption) growth.; 2019 - 2021: World Health Organization and Yemen Ministry of Public Health, Yemen Health Accounts 2019-2021; 2022 - 2023: Estimated using Health accounts study 2021 and International Monetary Fund (IMF) International Finance Statistics indicators -  PFC (Private Final Consumption) growth."
ALB,hf2,
ALB,hf21,"2003: Health Insurance fund; 2004 - 2017: Health Insurance Fund; 2018 - 2021: Etimation based on historical data provided by MoH, projected by applying PFC growth; 2022 - 2023: Albanian Financial Supervisory Authority: Annual Report; and the analysis on the web page of the AFSA available in excel"
ALB,hf3,"2000 - 2021: http://databaza.instat.gov.al/pxweb/en/DST/START__NA__NAY__NAY1/NAY1022/table/tableViewLayout1/; 2022: INSTAT, Gross Domestic Product by expenditure approach, 2020 -2024*, Table 7;; 2023: INSTAT, Gross Domestic Product by expenditure approach, 2020 -2024*, Table 7;  (published in June 2025)"
AND,hf2,
AND,hf21,
AND,hf3,"2013 - 2020: Statistical office
HBS, COICOP group 6; 2022 - 2023: Household budget survey"
ARM,hf2,2000 - 2013: WHO country consultation on HF and FS; 2014 - 2017: HA study; 2018: HAPT 2021; 2019 - 2020: HAPT 2022; 2021: HAPT 2023; 2023: HAPT 2025
ARM,hf21,2000 - 2013: WHO country consultation on HF and FS; 2014 - 2017: HA study; 2018: HAPT 2021; 2019 - 2020: HAPT 2022; 2021: HAPT 2023; 2022: HAPT 2024; 2023: HAPT 2025
ARM,hf3,2000 - 2013: WHO country consultation on HF and FS; 2014 - 2015: HA study; 2017: HA study; 2018: HAPT 2021; 2019 - 2020: HAPT 2022; 2021: HAPT 2023; 2023: HAPT 2025
AUT,hf2,"2000 - 2002: 2025 JHAQ; 2003: OECD database; 2004 - 2021: 2025 JHAQ; 2022: 2024 JHAQ; 2023: Joint OECD, EUROSTAT and WHO Health Accounts SHA Questionnaire (JHAQ) 2025"
AUT,hf21,"2000 - 2002: 2025 JHAQ; 2003: OECD database; 2004 - 2021: 2025 JHAQ; 2022: 2024 JHAQ; 2023: Joint OECD, EUROSTAT and WHO Health Accounts SHA Questionnaire (JHAQ) 2025"
AUT,hf3,"2000 - 2002: 2025 JHAQ; 2003: OECD database; 2004 - 2021: 2025 JHAQ; 2022: 2024 JHAQ; 2023: Joint OECD, EUROSTAT and WHO Health Accounts SHA Questionnaire (JHAQ) 2025"
AZE,hf2,
AZE,hf21,2016 - 2021: CBAR: https://cbar.az/page-189/insurance
AZE,hf3,2000: WHO estimates using PFC; 2008 - 2021: State Statistical Committee data:  https://www.stat.gov.az/source/budget_households/en/e003en.xls https://www.stat.gov.az/source/system_nat_accounts/en/027en.xls https://www.stat.gov.az/source/system_nat_accounts/en/014en.xls
BLR,hf2,2017: HAQ2020. Data download July 2020; 2018: HAPT 2021; 2019 - 2020: HAPT2022; 2021: HAPT 2023; 2022: HAPT 2024; 2023: HAPT 2025
BLR,hf21,"2000 - 2015: Country consultation June 2017, 2014 & 2015 SHA 2011 HA reports; 2016: National statistics; 2017: HAQ2020. Data download July 2020; 2018: HAPT 2021; 2019 - 2020: HAPT2022; 2021: HAPT 2023; 2022: HAPT 2024; 2023: HAPT 2025"
BLR,hf3,"2000 - 2004: UNNA data using SHA 1.0; 2005 - 2009: Modified using UNECE and Statistical yearbook 2011, page 172. Household expenditure on health as % of total household expenditures.; 2010 - 2011: Country consultation; 2012 - 2015: CSO, Belarus in figures 2016, page 20. Gives followong shares of HHFC expenditure for health 2012-3.4%; 2013 - 3.8%; 2014-3.6%; 2015 - 4.2%.; 2016: National statistics; 2017: HAQ2020. Data download July 2020; 2018: HAPT 2021; 2019 - 2020: HAPT2022; 2021: HAPT 2023; 2022: HAPT 2024; 2023: HAPT 2025"
BEL,hf2,2000 - 2002: WHO estimates based on JHAQ; 2003 - 2023: JHAQ 2025
BEL,hf21,2000 - 2002: WHO estimates based on JHAQ; 2003 - 2023: JHAQ 2025
BEL,hf3,2000 - 2002: WHO estimates based on JHAQ; 2003 - 2023: JHAQ 2025
BIH,hf2,2013 - 2019: JHAQ 2021; 2020 - 2021: 2023 Joint Health Accounts Questionnaire (JHAQ); 2022: 2024 JHAQ; 2023: 2025 JHAQ
BIH,hf21,2009 - 2012: National HA data; 2013 - 2019: JHAQ 2021; 2020 - 2021: 2023 Joint Health Accounts Questionnaire (JHAQ); 2022: 2024 JHAQ; 2023: 2025 JHAQ
BIH,hf3,"2000 - 2003: Modified using Health care systems in transition, 2002, page 50, Table 8: Private health expenditure in 1998;  and UNPOP; 2004 - 2012: National HA data; 2013 - 2019: JHAQ 2021; 2020 - 2021: 2023 Joint Health Accounts Questionnaire (JHAQ); 2022: 2024 JHAQ; 2023: 2025 JHAQ"
BGR,hf2,2001 - 2010: JHAQ; 2011 - 2012: JHAQ 2019; 2013 - 2016: JHAQ2020; 2017: JHAQ2021; 2018: JHAQ2020; 2019: JHAQ 2021; 2020: JHAQ 2022; 2021: JHAQ 2024; 2022 - 2023: JHAQ 2025
BGR,hf21,2001 - 2010: JHAQ; 2011 - 2012: JHAQ 2019; 2013 - 2016: JHAQ2020; 2017: JHAQ2021; 2018: JHAQ2020; 2019: JHAQ 2021; 2020: JHAQ 2022; 2021: JHAQ 2024; 2022 - 2023: JHAQ 2025
BGR,hf3,2000 - 2010: JHAQ; 2011 - 2012: JHAQ 2019; 2013 - 2016: JHAQ2020; 2017: JHAQ2021; 2018: JHAQ2020; 2019: JHAQ 2021; 2020: JHAQ 2022; 2021: JHAQ 2024; 2022 - 2023: JHAQ 2025
HRV,hf2,2000 - 2010: OECD/WHO country consultation on HF and FS; 2011 - 2012: JHAQ 2019; 2013 - 2023: JHAQ 2025
HRV,hf21,2000 - 2010: OECD/WHO country consultation on HF and FS; 2011 - 2012: JHAQ 2019; 2013 - 2023: JHAQ 2025
HRV,hf3,2000 - 2010: OECD/WHO country consultation on HF and FS; 2011 - 2012: JHAQ 2019; 2013 - 2023: JHAQ 2025
CYP,hf2,2010 - 2014: JHAQ2020. Data download July 2020; 2015 - 2018: JHAQ 2022; 2019: JHAQ 2023; 2020: 2024 JHAQ; 2021 - 2023: JHAQ 2025
CYP,hf21,2000 - 2009: Converted SHA 1.0 data from GHED.; 2010 - 2014: JHAQ2020. Data download July 2020; 2015 - 2018: JHAQ 2022; 2019: JHAQ 2023; 2020: 2024 JHAQ; 2021 - 2023: JHAQ 2025
CYP,hf3,2000 - 2002: Statistical Service. Health & Hospital Statistics; 2003 - 2009: Joint Health Accounts Questionnaire 2012; 2010 - 2014: JHAQ2020. Data download July 2020; 2015 - 2018: JHAQ 2022; 2019: JHAQ 2023; 2020: 2024 JHAQ; 2021 - 2023: JHAQ 2025
CZE,hf2,2000 - 2009: OECD Database; 2010 - 2022: 2024 JHAQ; 2023: JHAQ 2025
CZE,hf21,2000 - 2009: OECD Database; 2010 - 2022: 2024 JHAQ; 2023: JHAQ 2025
CZE,hf3,2000 - 2009: OECD Database; 2010 - 2022: 2024 JHAQ; 2023: JHAQ 2025
DNK,hf2,2000 - 2009: OECD Database; 2010 - 2015: JHAQ 2022; 2016 - 2024: JHAQ 2024
DNK,hf21,2000 - 2009: OECD Database; 2010 - 2015: JHAQ 2022; 2016 - 2024: JHAQ 2024
DNK,hf3,2000 - 2009: OECD Database; 2010 - 2015: JHAQ 2022; 2016 - 2024: JHAQ 2024
EST,hf2,2000 - 2002: OECD database; 2003 - 2019: JHAQ 2023; 2020 - 2021: 2024 JHAQ; 2022 - 2024: JHAQ 2025
EST,hf21,2003 - 2019: JHAQ 2023; 2020 - 2021: 2024 JHAQ; 2022 - 2024: JHAQ 2025
EST,hf3,2000 - 2002: OECD database; 2003 - 2019: JHAQ 2023; 2020 - 2021: 2024 JHAQ; 2022 - 2024: JHAQ 2025
FIN,hf2,2000 - 2018: JHAQ2020; 2019: JHAQ 2022; 2020: JHAQ 2023. Preliminary data; 2021 - 2022: 2024 JHAQ. Preliminary data; 2023: JHAQ 2025
FIN,hf21,2000 - 2018: JHAQ2020; 2019: JHAQ 2022; 2020: JHAQ 2023. Preliminary data; 2021 - 2022: 2024 JHAQ. Preliminary data; 2023: JHAQ 2025
FIN,hf3,2000 - 2018: JHAQ2020; 2019: JHAQ 2022; 2020: JHAQ 2023. Preliminary data; 2021 - 2022: 2024 JHAQ. Preliminary data; 2023: JHAQ 2025
FRA,hf2,2000 - 2005: OECD database; 2006 - 2009: JHAQ 2021; 2010 - 2023: JHAQ 2025
FRA,hf21,2000 - 2002: WHO estimations using the same proportion of HF.2.1 to the total HF.2 for the years before 2003.; 2003 - 2005: OECD database; 2006 - 2009: JHAQ 2021; 2010 - 2023: JHAQ 2025
FRA,hf3,2000 - 2005: OECD database; 2006 - 2009: JHAQ 2021; 2010 - 2023: JHAQ 2025
GEO,hf2,"2000: Converted from SHA 1.0. Insurance companies; 2001 - 2009: MoH. Health Accounts.; 2010 - 2022: Country submitted partial data updates in 2025, subject to future revisions."
GEO,hf21,"2000: Converted from SHA 1.0. Insurance companies; 2001 - 2009: MoH. Health Accounts.; 2010 - 2022: Country submitted partial data updates in 2025, subject to future revisions."
GEO,hf3,"2000: Household Income and Expenditure surveys; 2001 - 2009: MoH. Health Accounts.; 2010 - 2022: Country submitted partial data updates in 2025, subject to future revisions."
DEU,hf2,2000 - 2023: 2025 JHAQ
DEU,hf21,2000 - 2023: 2025 JHAQ
DEU,hf3,2000 - 2023: 2025 JHAQ
GRC,hf2,2000 - 2002: WHO estimates; 2003 - 2009: JHAQ2020; 2010 - 2023: JHAQ 2025
GRC,hf21,2000 - 2002: WHO estimates; 2003 - 2009: JHAQ2020; 2010 - 2023: JHAQ 2025
GRC,hf3,2000 - 2002: WHO estimations using OECD dac data for HF.3 for 2008. We applied the same proportion of HF.3%CHE as for 2008.; 2003 - 2009: JHAQ2020; 2010 - 2023: JHAQ 2025
HUN,hf2,2000 - 2005: Hungarian Central Statistical Office; 2006 - 2014: JHAQ2020; 2015: JHAQ 2021; 2016: 2022 Joint Health Accounts Questionnaire (JHAQ); 2017 - 2021: 2023 Joint Health Accounts Questionnaire (JHAQ); 2022 - 2023: 2025 JHAQ
HUN,hf21,2000 - 2005: Hungarian Central Statistical Office; 2006 - 2014: JHAQ2020; 2015: JHAQ 2021; 2016: 2022 Joint Health Accounts Questionnaire (JHAQ); 2017 - 2021: 2023 Joint Health Accounts Questionnaire (JHAQ); 2022 - 2023: 2025 JHAQ
HUN,hf3,2000 - 2005: Hungarian Central Statistical Office; 2006 - 2014: JHAQ2020; 2015: JHAQ 2021; 2016: 2022 Joint Health Accounts Questionnaire (JHAQ); 2017 - 2021: 2023 Joint Health Accounts Questionnaire (JHAQ); 2022 - 2023: 2025 JHAQ
ISL,hf2,2000 - 2002: JHAQ 2022; 2003 - 2010: JHAQ 2021; 2011 - 2022: JHAQ 2024; 2023: JHAQ 2025
ISL,hf21,2022 - 2023: JHAQ 2024
ISL,hf3,2000 - 2002: JHAQ 2022; 2003 - 2010: JHAQ 2021; 2011 - 2022: JHAQ 2024; 2023: JHAQ 2025
IRL,hf2,2000 - 2010: OECD database; 2011 - 2023: 2025 JHAQ
IRL,hf21,2000 - 2010: WHO estimations using OECD database. We estimate applying the same proportion of FS.5 to HF.2 as for the year 2011.; 2011 - 2023: 2025 JHAQ
IRL,hf3,2000 - 2010: OECD database; 2011 - 2023: 2025 JHAQ
ISR,hf2,2000 - 2005: OECD database; 2006 - 2013: JHAQ2019; 2014 - 2015: JHAQ2020; 2016 - 2017: JHAQ 2021; 2018: JHAQ 2022; 2019: 2023 Joint Health Accounts Questionnaire (JHAQ); 2020: 2024 JHAQ; 2021 - 2023: JHAQ 2025
ISR,hf21,2000 - 2005: WHO estimates based on JHAQ2019 and OECD database; 2006 - 2013: JHAQ2019; 2014 - 2015: JHAQ2020; 2016 - 2017: JHAQ 2021; 2018: JHAQ 2022; 2019: 2023 Joint Health Accounts Questionnaire (JHAQ); 2020: 2024 JHAQ; 2021 - 2023: JHAQ 2025
ISR,hf3,2000 - 2005: OECD Database; 2006 - 2013: JHAQ2019; 2014 - 2015: JHAQ2020; 2016 - 2017: JHAQ 2021; 2018: JHAQ 2022; 2019: 2023 Joint Health Accounts Questionnaire (JHAQ); 2020: 2024 JHAQ; 2021 - 2023: JHAQ 2025
ITA,hf2,2000 - 2011: OECD database; 2012 - 2023: 2025 JHAQ
ITA,hf21,2000 - 2011: OECD database; 2012 - 2023: 2025 JHAQ
ITA,hf3,2000 - 2011: OECD database; 2012 - 2023: 2025 JHAQ
KAZ,hf2,2010 - 2018: HAQ2020; 2019: HAQ2021; 2020 - 2021: HAQ 2023; 2022 - 2023: HAQ 2025
KAZ,hf21,2000 - 2006: Using SHA 1.0 data : Estimated using UNECE series and MoH Official Reply. NHA Tables. 14 Jan 2009.; 2007: Estimated using SHA 1.0 data from MoH Official Reply. NHA Tables. 14 Jan 2009; 2008 - 2009: Estimated using MOH official cosnultation; 2010 - 2018: HAQ2020; 2019: HAQ2021; 2020 - 2021: HAQ 2023; 2022 - 2023: HAQ 2025
KAZ,hf3,2000 - 2002: Statistical Yearbook of Kazakhstan. 2002. Page 71; 2003 - 2009: Estimated using UNECE series and Statistical Yearbook 2002.; 2010 - 2018: HAQ2020; 2019: HAQ2021; 2020 - 2021: HAQ 2023; 2022 - 2023: HAQ 2025
KGZ,hf2,2014 - 2017: Country HA produced in HAPT; 2018 - 2019: HAPT 2021; 2020 - 2022: WHO estimates using sum of subcategories
KGZ,hf21,2014 - 2017: Country HA produced in HAPT; 2018 - 2019: HAPT 2021; 2020: WHO estimates using GDP growth rate; 2021: WHO estimates based on SHI report 2021; 2022: WHO estimates based on SHI report 2022; 2023: WHO estimates using Moh and SHI budget reports 2022
KGZ,hf3,2000 - 2013: New data from consultation between WHO Barcelona office and country experts; 2014 - 2017: Country HA produced in HAPT; 2018 - 2019: HAPT 2021; 2020 - 2021: WHO estimation using HH final consumption and share of HH expenditures on health; 2022 - 2023: WHO estimates using the growth of PFC
LVA,hf2,2000 - 2012: OECD Database; 2013: JHAQ 2019; 2014: OECD Database; 2015: JHAQ 2019; 2016 - 2018: JHAQ2020; 2019 - 2020: JHAQ 2022; 2021 - 2022: 2024 JHAQ; 2023: JHAQ 2025
LVA,hf21,2000 - 2012: OECD Database; 2013: JHAQ 2019; 2014: OECD Database; 2015: JHAQ 2019; 2016 - 2018: JHAQ2020; 2019 - 2020: JHAQ 2022; 2021 - 2022: 2024 JHAQ; 2023: JHAQ 2025
LVA,hf3,2000 - 2012: OECD Database; 2013: JHAQ 2019; 2014: OECD Database; 2015: JHAQ 2019; 2016 - 2018: JHAQ2020; 2019 - 2020: JHAQ 2022; 2021 - 2022: 2024 JHAQ; 2023: JHAQ 2025
LIE,hf2,2013 - 2021: 2024 JHAQ; 2022 - 2023: JHAQ 2025
LIE,hf21,2013 - 2021: 2024 JHAQ; 2022 - 2023: JHAQ 2025
LIE,hf3,2013 - 2021: 2024 JHAQ; 2022 - 2023: JHAQ 2025
LTU,hf2,2000 - 2006: OECD Database; 2007 - 2016: JHAQ 2019; 2017 - 2019: JHAQ 2021; 2020: JHAQ 2023; 2021: 2024 JHAQ; 2022 - 2023: JHAQ 2025
LTU,hf21,2000 - 2006: OECD Database; 2007 - 2016: JHAQ 2019; 2017 - 2019: JHAQ 2021; 2020: JHAQ 2023; 2021: 2024 JHAQ; 2022 - 2023: JHAQ 2025
LTU,hf3,2000 - 2006: OECD Database; 2007 - 2016: JHAQ 2019; 2017 - 2019: JHAQ 2021; 2020: JHAQ 2023; 2021: 2024 JHAQ; 2022 - 2023: JHAQ 2025
LUX,hf2,2000 - 2010: OECD database; 2011 - 2018: JHAQ2020; 2019: JHAQ 2022; 2020: JHAQ 2023; 2021 - 2022: 2024 JHAQ; 2023: JHAQ 2025
LUX,hf21,2000 - 2010: OECD database; 2011 - 2018: JHAQ2020; 2019: JHAQ 2022; 2020: JHAQ 2023; 2021 - 2022: 2024 JHAQ; 2023: JHAQ 2025
LUX,hf3,2000 - 2010: OECD database; 2011 - 2018: JHAQ2020; 2019: JHAQ 2022; 2020: JHAQ 2023; 2021 - 2022: 2024 JHAQ; 2023: JHAQ 2025
MLT,hf2,2000 - 2013: Sum of components.; 2014: JHAQ; 2015 - 2016: Sum of components.; 2017 - 2018: JHAQ2020; 2019 - 2020: 2022 Joint Health Accounts Questionnaire (JHAQ); 2021: 2023 Joint Health Accounts Questionnaire (JHAQ); 2022: 2024 JHAQ; 2023: JHAQ 2025
MLT,hf21,"2000 - 2011: National Statistics Office, GHED SHA 1.0 series; 2012 - 2016: JHAQ; 2017 - 2018: JHAQ2020; 2019 - 2020: 2022 Joint Health Accounts Questionnaire (JHAQ); 2021: 2023 Joint Health Accounts Questionnaire (JHAQ); 2022: 2024 JHAQ; 2023: JHAQ 2025"
MLT,hf3,2000: National Statistics Office; 2001 - 2011: Ministry of Health; 2012 - 2016: JHAQ; 2017 - 2018: JHAQ2020; 2019 - 2020: 2022 Joint Health Accounts Questionnaire (JHAQ); 2021: 2023 Joint Health Accounts Questionnaire (JHAQ); 2022: 2024 JHAQ; 2023: JHAQ 2025
MCO,hf2,2000 - 2023: Sum of components.
MCO,hf21,2000 - 2015: Estimated applying the same proportion of HF.2.1 to HF.1.2 as in France : 17%.; 2016 - 2023: WHO estimates applying the same proportion of HF.2.1 to HF.1.2 as in France
MCO,hf3,"2000: Estimated applying the same proportion of HF.3 to HF.1.2 as in France : 9%.; 2001 - 2019: Estimated using UN data for PC.; 2020 - 2023: WHO estimation using UN data for PC
 growth"
MNE,hf2,2011 - 2019: HAPT 2021; 2020: HAPT 2022; 2021: HAPT 2023; 2022 - 2023: JHAQ 2025
MNE,hf21,2011 - 2019: HAPT 2021; 2020: HAPT 2022; 2021: HAPT 2023; 2022 - 2023: JHAQ 2025
MNE,hf3,2011 - 2019: HAPT 2021; 2020: HAPT 2022; 2021: HAPT 2023; 2022 - 2023: JHAQ 2025
NLD,hf2,2000 - 2014: JHAQ 2022; 2015 - 2016: JHAQ 2021; 2017 - 2018: JHAQ 2022; 2019: JHAQ 2023; 2020: JHAQ 2024; 2021 - 2023: JHAQ 2025
NLD,hf21,2000 - 2014: JHAQ 2022; 2015 - 2016: JHAQ 2021; 2017 - 2018: JHAQ 2022; 2019: JHAQ 2023; 2020: JHAQ 2024; 2021 - 2023: JHAQ 2025
NLD,hf3,2000: JHAQ 2021; 2001 - 2014: JHAQ 2022; 2015 - 2016: JHAQ 2021; 2017 - 2018: JHAQ 2022; 2019: JHAQ 2023; 2020: JHAQ 2024; 2021 - 2023: JHAQ 2025
MKD,hf2,2017 - 2020: HAPT 2022; 2021: HAPT 2023; 2022: HAPT 2024; 2023: WHO estimate
MKD,hf21,"2013 - 2016: 2013-2016 Agency for supervision of insurance, annual reports. Data recevied after official consultation in November 2018; 2017 - 2020: HAPT 2022; 2021: HAPT 2023; 2022: HAPT 2024; 2023: WHO estimate"
MKD,hf3,"2000: Modified using Statistical Yearbook 2001, page 276, table 08.01 Expenditures of teh households; and UNNA; 2001: Modified using Statistical Yearbook 2002, page 288, table 08.01 Expenditures of teh households; and UNNA; 2002 - 2006: Modified using Statistical Yearbook 2002 and 2009 and UNECE; 2007 - 2008: Modified using The Statistical Review: Incomes, Expenditures and Prices. Page 104. 2009 and UNECE; 2009: Modified using Statistical Yearbook 2010, page 268, table 08.01 Expenditures of teh households; UNECE; 2010: Modified using Statistical Yearbook 2011, page 276.; 2011: Estimated using Statistical yearbook 2012, page 282  and UNECE; 2012 - 2014: Estimated using Statistical yearbook 2013, page 278, and UNECE; 2015 - 2016: WHO country consultation on HF and FS; 2017 - 2020: HAPT 2022; 2021: HAPT 2023; 2022: HAPT 2024; 2023: WHO estimate"
NOR,hf2,2000 - 2016: JHAQ2019; 2017: JHAQ2020; 2018: JHAQ 2021; 2019: JHAQ 2023; 2020: 2023 JHAQ. Preliminary data; 2021: JHAQ 2023; 2022: 2024 JHAQ. Preliminary data
NOR,hf21,2017: JHAQ2020; 2018: JHAQ 2021; 2019: JHAQ 2023; 2020: 2023 JHAQ. Preliminary data; 2021: JHAQ 2023; 2022: 2024 JHAQ. Preliminary data
NOR,hf3,2000 - 2016: JHAQ2019; 2017: JHAQ2020; 2018: JHAQ 2021; 2019: JHAQ 2023; 2020 - 2021: 2023 JHAQ. Preliminary data; 2022: 2024 JHAQ. Preliminary data
POL,hf2,2000 - 2012: OECD Database; 2013 - 2015: JHAQ2019; 2016: JHAQ; 2017 - 2018: JHAQ2020; 2019: JHAQ 2021; 2020: JHAQ 2022; 2021: 2023 Joint Health Accounts Questionnaire (JHAQ); 2022 - 2023: JHAQ 2025
POL,hf21,2000 - 2001: OECD Database; 2002: WHO estimates based on OECD Database; 2003 - 2012: OECD Database; 2013 - 2015: JHAQ2019; 2016: JHAQ; 2017 - 2018: JHAQ2020; 2019: JHAQ 2021; 2020: JHAQ 2022; 2021: 2023 Joint Health Accounts Questionnaire (JHAQ); 2022 - 2023: JHAQ 2025
POL,hf3,2000 - 2012: OECD Database; 2013 - 2015: JHAQ2019; 2016: JHAQ; 2017 - 2018: JHAQ2020; 2019: JHAQ 2021; 2020: JHAQ 2022; 2021: 2023 Joint Health Accounts Questionnaire (JHAQ); 2022 - 2023: JHAQ 2025
PRT,hf2,2000 - 2018: JHAQ 2021; 2019: JHAQ 2022; 2020: JHAQ 2023; 2021 - 2023: JHAQ 2025
PRT,hf21,2000 - 2018: JHAQ 2021; 2019: JHAQ 2022; 2020: JHAQ 2023; 2021 - 2023: JHAQ 2025
PRT,hf3,2000 - 2018: JHAQ 2021; 2019: JHAQ 2022; 2020: JHAQ 2023; 2021 - 2023: JHAQ 2025
MDA,hf2,2016: HAQ 2024; 2017: HAQ 2023; 2018 - 2021: HAQ 2024; 2022: JHAQ 2024; 2023: JHAQ 2025
MDA,hf21,2016: HAQ 2024; 2017: HAQ 2023; 2018 - 2021: HAQ 2024; 2022: JHAQ 2024; 2023: JHAQ 2025
MDA,hf3,2000: UNNA Individual Consumption Expenditure of Households on Health. October 2008; 2001 - 2003: Estimated using UNECE and Central statistical office of Moldova; 2004: Estimated using UNECE Oct 2009 and the National Bureau of Statistics of the Republic of Moldova; 2005: UNNA Individual Consumption Expenditure of Households on Health. October 2008; 2006: Estimated using UNECE and Central Statistical Office of Moldova. Aspects of the standarts of living of the population in 2006. Table 5.1. Page 52.; 2007: Estimated using UNECE and Central Statistical Office of Moldova; 2008 - 2015: Technical consultation with teh official country FP. The data estimated by the National Bureau of Statistics of the Republic of Moldova.; 2016: HAQ 2024; 2017: HAQ 2023; 2018 - 2021: HAQ 2024; 2022: JHAQ 2024; 2023: JHAQ 2025
ROU,hf2,2000 - 2010: OECD Database; 2011 - 2014: JHAQ 2019; 2015 - 2018: JHAQ2020; 2019: JHAQ 2021; 2020: JHAQ 2022; 2021: JHAQ 2023; 2022: JHAQ 2024; 2023: JHAQ 2025
ROU,hf21,2000 - 2010: OECD Database; 2011 - 2014: JHAQ 2019; 2015 - 2018: JHAQ2020; 2019: JHAQ 2021; 2020: JHAQ 2022; 2021: JHAQ 2023; 2022: JHAQ 2024; 2023: JHAQ 2025
ROU,hf3,2000 - 2010: OECD Database; 2011 - 2014: JHAQ 2019; 2015 - 2018: JHAQ2020; 2019: JHAQ 2021; 2020: JHAQ 2022; 2021: JHAQ 2023; 2022: JHAQ 2024; 2023: JHAQ 2025
RUS,hf2,2015 - 2018: JHAQ2020; 2019: JHAQ 2021; 2020 - 2022: WHO estimates based on the components estimates
RUS,hf21,"2000 - 2014: MOH official consultation June 2017; 2015 - 2018: JHAQ2020; 2019: JHAQ 2021; 2020 - 2021: WHO estimates based on  Federal State Statistics service, Russian Statistical Yearbook, 2022; 2022 - 2023: Federal State Statistics service, Russian Statistical Yearbook, 2023, Table 23.26"
RUS,hf3,"2000 - 2014: MOH official consultation June 2017; 2015 - 2018: JHAQ2020; 2019: JHAQ 2021; 2020 - 2021: WHO estimates using National Statistics of share of household health expenditure to final household consumption, Table: doh07_11.xlsx; 2022 - 2023: WHO estimates based on ТРУКТУРА ПОТРЕБИТЕЛЬСКИХ РАСХОДОВ ДОМАШНИХ ХОЗЯЙСТВ, Table: doh07_11.xlsx"
SMR,hf2,2000 - 2021: Country consultation.
SMR,hf21,2000 - 2021: Country consultation.
SMR,hf3,2000 - 2020: Household Budget Survey; 2022 - 2023: Total household expenditure in private health care (HBS)
SRB,hf2,"2011: HA 2011; 2012: HA data 2012; 2013: HA data 2013; 2014: Institute of Public health in Serbia, HA tables HFxFS 2014.; 2015: Institute of Public health in Serbia, HA tables HFxFS 2016.; 2016 - 2018: WHO estimate using Serbia HA data; 2020: WHO estimates based on the last year HA data, and PFC and GDP growth, and FS.7 data of 2020; 2021 - 2023: 2025 JHAQ"
SRB,hf21,"2005 - 2010: MOH  SHA 1.0 data; 2011: HA 2011; 2012: HA data 2012; 2013: HA data 2013; 2014: Institute of Public health in Serbia, HA tables HFxFS 2014.; 2015: Institute of Public health in Serbia, HA tables HFxFS 2016.; 2016 - 2018: WHO estimate using Serbia HA data; 2019 - 2020: WHO estimates based on the last year HA data and PFC growth; 2021 - 2023: 2025 JHAQ"
SRB,hf3,"2000 - 2001: Estimated using MOH data for 2002 and HHFC series; 2002 - 2010: MOH SHA 1.0 data; 2011: HA 2011; 2012: HA data 2012; 2013: HA data 2013; 2014: Institute of Public health in Serbia, HA tables HFxFS 2014.; 2015: Institute of Public health in Serbia, HA tables HFxFS 2016.; 2016 - 2018: WHO estimate using Serbia HA data; 2019: WHO estimates based on the last year HA data and PFC growth; 2021 - 2023: 2025 JHAQ"
SVK,hf2,2004 - 2015: OECD Database; 2018: JHAQ2020; 2019: JHAQ 2021; 2020: JHAQ 2022; 2021: JHAQ 2023; 2022 - 2023: JHAQ 2025
SVK,hf21,2016: JHAQ submission 11/8/2018; 2018: JHAQ2020; 2019: JHAQ 2021; 2020: JHAQ2022; 2021: JHAQ 2023
SVK,hf3,2000 - 2015: OECD Database; 2016 - 2017: JHAQ 2019; 2018: JHAQ2020; 2019: JHAQ 2021; 2020: JHAQ 2022; 2021: JHAQ 2023; 2022 - 2023: JHAQ 2025
SVN,hf2,2000 - 2002: WHO estimates based on OECD database; 2017 - 2018: JHAQ2020; 2019: JHAQ 2021; 2020: JHAQ 2022; 2021: JHAQ 2023; 2022 - 2024: JHAQ 2025
SVN,hf21,2000 - 2002: WHO estimates; 2017 - 2018: JHAQ2020; 2019: JHAQ 2021; 2020: JHAQ 2022; 2021: JHAQ 2023; 2022 - 2024: JHAQ 2025
SVN,hf3,2000 - 2015: OECD Database; 2018: JHAQ2020; 2019: JHAQ 2021; 2020: JHAQ 2022; 2021: JHAQ 2023; 2022 - 2024: JHAQ 2025
ESP,hf2,2000 - 2002: OECD database; 2003 - 2023: JHAQ 2025
ESP,hf21,2000 - 2002: OECD database; 2003 - 2023: JHAQ 2025
ESP,hf3,2000 - 2002: OECD database; 2003 - 2023: JHAQ 2025
SWE,hf2,2001 - 2023: 2025 JHAQ
SWE,hf21,2001 - 2023: 2025 JHAQ
SWE,hf3,2000: OECD database; 2001 - 2023: 2025 JHAQ
CHE,hf2,2000 - 2009: JHAQ2020; 2010 - 2023: JHAQ 2025
CHE,hf21,2000 - 2009: JHAQ2020; 2010 - 2023: JHAQ 2025
CHE,hf3,2000 - 2009: JHAQ2020; 2010 - 2023: JHAQ 2025
TJK,hf2,2000 - 2012: Republican Centre of Medical Statistics and Information of the MHSPP (Центр статистики и мед.информации); 2013: HA data (SHA 2011); 2014 - 2017: Health Accounts study; 2018: HAPT 2018 study; 2019: HAPT 2021; 2020 - 2023: WHO estimates partly using donors data and estimations
TJK,hf21,2000 - 2012: Republican Centre of Medical Statistics and Information of the MHSPP (Центр статистики и мед.информации); 2013: HA data (SHA 2011); 2014 - 2017: Health Accounts study; 2018: HAPT 2018 study; 2019: HAPT 2021; 2020 - 2022: WHO estimates using PC growth share; 2023: Estimates using PC growth share
TJK,hf3,"2000 - 2006: Republican Centre of Medical Statistics and Information of the MHSPP (Центр статистики и мед.информации); 2007: National Statistics (ГосКомСтат), household leaving standard survey; 2008 - 2012: Republican Centre of Medical Statistics and Information of the MHSPP (Центр статистики и мед.информации); 2013 - 2017: Health Accounts study; 2018: HAPT 2018 study; 2019: HAPT 2021; 2020 - 2022: HBS 2023; 2023: Household budget survey of Agency of statistics under President of Tajikistan"
TUR,hf2,2000: MoH; 2001 - 2017: JHAQ2019; 2018: JHAQ2020; 2019 - 2020: 2022 Joint Health Accounts Questionnaire (JHAQ); 2021: 2023 Joint Health Accounts Questionnaire (JHAQ); 2022: 2024 JHAQ; 2023: 2025 JHAQ
TUR,hf21,2005 - 2017: MoH; 2018: JHAQ2020; 2019 - 2020: 2022 Joint Health Accounts Questionnaire (JHAQ); 2021: 2023 Joint Health Accounts Questionnaire (JHAQ); 2022: 2024 JHAQ; 2023: 2025 JHAQ
TUR,hf3,2000 - 2017: JHAQ2019; 2018: JHAQ2020; 2019 - 2020: 2022 Joint Health Accounts Questionnaire (JHAQ); 2021: 2023 Joint Health Accounts Questionnaire (JHAQ); 2022: 2024 JHAQ; 2023: 2025 JHAQ
TKM,hf2,
TKM,hf21,"2000: Estimated using HIT 2000, page 30 - 7% of HF.1.1; 2001 - 2023: Estimated applying the growth rate of PFC"
TKM,hf3,2000:  Estimated using the average for the CID countries - 50% of THE.; 2001 - 2023: Estimated applying the growth rate of PFC
UKR,hf2,"2009: Sum of voluntary schemes.; 2019: HAQ 2021, UKRSTAT. Statistical Publication National Health Accounts of Ukraine, 2019 using HBS and NA data; 2020 - 2021: HAPT 2023"
UKR,hf21,"2000: Estimated using European Observatory. Healthcare in Transition. Ukraine. Table 5. Page 42. 2004; 2001 - 2002: Estimated using NHA and HIT 2004.; 2003 - 2004: Estimated using MOH official consultation, January 2012.; 2005 - 2008: Estimated using MOH Official Consultation. January 2010; 2009: Estimated using MOH official consultation, January 2012.; 2010: 2010: Estimated using MOH official consultation, January 2012.; 2011: 2011: Estimated using MOH official country consultation, February 2013; 2012 - 2016: Estimated using MOH data and UNECE data for PC series.; 2017: WHO estimate using UNECE data for  PFC gowth and last year data; 2018: HAQ 2021, UKRSTAT. Statistical Publication National Health Accounts of Ukraine, 2019; 2019: HAQ 2021, UKRSTAT. Statistical Publication National Health Accounts of Ukraine, 2019 using HBS and NA data; 2020 - 2021: HAPT 2023"
UKR,hf3,"2000 - 2002: Estimated using; 2003 - 2007: MOH official consultation, January 2012.; 2008: Estimated using UNECE database and EXPENDITURE AND RESOURCES OF HOUSEHOLDS OF UKRAINE in 2009 year, Tab II.1. Structure of money expenditure of households; 2009: Estimated using UNECE database and EXPENDITURE AND RESOURCES OF HOUSEHOLDS OF UKRAINE in 2010 year, Tab II.1. Structure of money expenditure of households; 2010 - 2016: UKRSTAT. Statistical Publication National Accounts of Ukraine, 2016. pp.25.; 2017 - 2018: UKRSTAT. Statistical Publication National Accounts of Ukraine, 2018.; 2019: HAQ 2021, UKRSTAT. Statistical Publication National Health Accounts of Ukraine, 2019 using HBS and NA data; 2020 - 2021: HAPT 2023"
GBR,hf2,2000 - 2023: 2025 JHAQ
GBR,hf21,2000 - 2023: 2025 JHAQ
GBR,hf3,2000 - 2023: 2025 JHAQ
UZB,hf2,"2000: This revenue of health financing scheme does not exist in the country; 2014: Country HA study; 2016 - 2018: HAPT study; 2019: HAPT 2021; 2020 - 2021: National Statistics,Госкомстат and MoH, coorporation survey; 2022 - 2023: Summary of the categories"
UZB,hf21,"2000: This revenue of health financing scheme does not exist in the country; 2004 - 2013: Estimated using HF.2.1 data; 2014: Country HA study; 2016 - 2018: HAPT study; 2019: HAPT 2021; 2020 - 2021: National Statistics,Госкомстат; 2022 - 2023: WHO estimates using GDP growth"
UZB,hf3,2000 - 2013: Estimated using WDI. Uzbekistan Living standards assessment (Family Budget Survey). Table 7. pp. 76 & 84. May 2003; 2016 - 2018: HAPT study; 2019: HAPT 2021; 2020 - 2021: National Statistics (Госкомстат): NAG_Uzbekistan (NA) households final consumption and monthly households survey; 2022 - 2023: WHO estimates using PCF growth
BGD,hf2,2000 - 2020: Bangladesh NHA 1997-2020; 2021 - 2023: WHO estimates. Sum of subtotals.
BGD,hf21,2000 - 2020: Bangladesh NHA 1997-2020; 2021 - 2023: WHO estimates based on PFCE growth from previous year.
BGD,hf3,2000 - 2020: Bangladesh NHA 1997-2020; 2021 - 2023: WHO estimates based on PFCE growth from previous year.
BTN,hf2,"2000 - 2014: Sum of components; 2015 - 2016: Bhutan Health Accounts study 2016 (SHA2011 based), revised data, April 2018; 2017: HA study for 2017 data; 2018: HA study for 2018 data; 2019: HA study, 2018/2019 (revised September 2021); 2020: HA study 2019-2020; 2021 - 2022: WHO estimates. Sum of totals."
BTN,hf21,"2000 - 2014: Royal Insurance cooperation of Bhutan; 2015 - 2016: Bhutan Health Accounts study 2016 (SHA2011 based), revised data, April 2018; 2017: HA study for 2017 data; 2018: HA study for 2018 data; 2019: HA study, 2018/2019 (revised September 2021); 2020: HA study 2019-2020; 2021 - 2023: HAPT 2025"
BTN,hf3,"2000 - 2001: Provisional estimates - endorsement by the country is pending; 2002 - 2011: Estimates of the National Statistical Bureau (SNA based); 2012: Bhutan Living Standards Survey 2012; 2013: Bhutan Living Standards Survey 2013; 2014: Bhutan Living Standards Survey 2014; 2015 - 2016: Bhutan Health Accounts study 2016 (SHA2011 based), revised data, April 2018; 2017: HA study for 2017 data (Bhutan Living Standards Survey 2017); 2018: HA study for 2018 data; 2019: HA study, 2018/2019 (revised September 2021); 2020: HA study 2019-2020; 2021 - 2022: HAPT 2025 and Household survey; 2023: WHO estimates using PFC growth"
IND,hf2,"2000 - 2012: Sum of components; 2013: HA study 2013/2014 (Data received from NHSRC, May 2018); 2014: HA study 2014/2015 (Data received from NHSRC, May 2018); 2015: HA study 2014-2015; 2016: HA study 2016/2017 from HA team, India; 2017: NHSRC, India, Health accounts study 2017-2018; 2018: India NHA study 2018-2019; 2019: WHO estimation based on available data. Data revised in 2023; 2020: NHA report ""National Health Accounts Estimates for India 2020-21""; 2021: National Health Accounts Estimates for India 2021-22"
IND,hf21,"2000: Estimate; 2001: NHA data from FSXFA table for Gov. payments to GIC.; 2002: Estimate; 2003 - 2008: Triangulated NHA data 2004 with total VHI expenditures given in OECD green paper T.3.1, p.16; CBHI National Health Profile (NHP) 2011, health finance indicators T. 4.2.6 (data for 2005-2008); IRDA annual report 2009 (data for 2008) and Yeshaswini data from La Forgia and Nagpal, Government Sponsored Health Insurance in India, World Bank (2003-2008); 2009 - 2010: triangulated from IRDA annual report 2011 and CBHI health finance indicators and RSBY  expenditure  from budgets of  Labor department; 2011 - 2012: IRDA annual report 2014, P. 45 and 48 T.1.51 and T1.53; claim data and RSBY  expenditure  from budgets of  Labor department  and NHA report 2013 and Health insurance report 2013-14, MoHFW; 2013: HA study 2013/2014 (Data received from NHSRC, May 2018); 2014: HA study 2014/2015 (Data received from NHSRC, May 2018); 2015: HA study 2014-2015; 2016: HA study 2016/2017 from HA team, India; 2017: NHSRC, India, Health accounts study 2017-2018; 2018: India NHA study 2018-2019; 2019: WHO estimation based on available data. Data revised in 2023; 2020: NHA report &quot;National Health Accounts Estimates for India 2020-21&quot;; 2021: NHA report &quot;National Health Accounts Estimates for India 2021-22&quot;; 2022: WHO estimates"
IND,hf3,"2000: Estimated based on 2001 NHA and growth in PCE on medical goods and services; 2001: NHA report P. 30, T. 3.6; 2002 - 2003: Estimated based on 2001 NHA and growth in PCE on medical goods and services; 2004: T.5.2, Pg.38, NHA report 2004-2005; 2005 - 2012: Based on the growth in PFCE for medical and health services estimates are derived based on 2014 figure; 2013: HA study 2013/2014 (Data received from NHSRC, May 2018); 2014: HA study 2014/2015 (Data received from NHSRC, May 2018); 2015: HA study 2014-2015; 2016: HA study 2016/2017 from HA team, India; 2017: NHSRC, India, Health accounts study 2017-2018; 2018: India NHA study 2018-2019; 2019: WHO estimation based on available data. Data revised in 2023; 2020: NHA report &quot;National Health Accounts Estimates for India 2020-21&quot;; 2021: NHA report &quot;National Health Accounts Estimates for India 2021-22&quot;; 2022: WHO estimates"
MDV,hf2,2000 - 2014: Sum of components; 2015 - 2017: Maldives NHA
MDV,hf21,2000 - 2010: Estimate; 2011: NHA 2011; 2012: Estimated based on NHA 2011 and NHA 2014 data; 2013 - 2014: Based on Survey of Health Insurance Agencies; 2015 - 2017: Maldives NHA; 2018: 2018 NHA matrices (Revised Sept 2022); 2019: 2019 NHA matrices (Revised Sept 2022); 2020: 2020 NHA matrices (Revised Sept 2022); 2021 - 2022: WHO estimates
MDV,hf3,"2000: Estimate; 2001: Data obtained from MoF&T; 2002 - 2003: Based on HIES; 2004 - 2008: Data obtained from MoF&T; 2009 - 2010: Based on HIES; 2011: NHA 2011; 2012 - 2013: Estimated based on Compound Annual growth rate of 2011, 2014; 2014: NHA 2014; 2015: Data obtained from MoF&T (Drop from 2014 due to huge increase in Govt spending). NAS PCE estimates have dropped); 2016 - 2017: Maldives NHA; 2018: 2018 NHA matrices (Revised Sept 2022); 2019: 2019 NHA matrices (Revised Sept 2022); 2020: 2020 NHA matrices (Revised Sept 2022); 2021 - 2022: WHO estimates"
MMR,hf2,2016 - 2018: Health Accounts study for 2016-2018; 2019 - 2022: HAPT 2024; 2023: WHO estimate
MMR,hf21,2000 - 2015: No evidence for the existence of Private insurance; 2016 - 2018: Health Accounts study for 2016-2018; 2019 - 2022: HAPT 2024; 2023: WHO estimate
MMR,hf3,"2000 - 2001: T3, FA x FS, Myanmar NHA 2005; 2002 - 2003: FA x HC, Annex VII, T.2, NHA report 2002-2005; 2004: MoH response, WHS 2010 (NHA 2002-2005, 2006-2007); 2005: FA x F, Annex VII, T.2, NHA report 2002-2005; 2006 - 2007: FA x F, Annex VIII, T.3, Myanmar NHA report 2006-2007; 2008 - 2009: T.5.6, NHA MMR 2008-2009; 2010 - 2011: T.3.4, Pg.70, Myanmar Health system review 2014; 2012 - 2013: MoH; 2014: NHA 2014-2015 (Annex VII); 2015: NHA 2014-2015 (Annex VII), HA report T 5.4; 2016 - 2018: Health Accounts study for 2016-2018; 2019 - 2022: HAPT 2024; 2023: WHO estimate"
NPL,hf2,2000 - 2012: Sum of components; 2013: Health Accounts study 2012/2013; 2014: Health Accounts study 2013/2014; 2015: Health Accounts study 2014/2015; 2016: Health Accounts study 2015/2016; 2017: Nepal Health Accounts; 2018 - 2020: HAPT 2023; 2021 - 2023: HAPT 2025
NPL,hf21,"2000: Estimated based on PCE; 2001 - 2003: Nepal NHA 2000/01-02/03; 2004 - 2006: T.3.4, pp.22, Nepal  NHA 2003/2004-2005/2006; 2007 - 2008: T.2.1, pp.4, Nepal  NHA 2006/2007-2008/2009; 2009: T.2.1, pp.4, Nepal  NHA 2006/2007-2008/2009 (Table 2.1. Local governments as providers or financing agents); 2010 - 2012: Draft NHA report Annex 4, 12, 16; P. 52, 56 and 62 (FSxHF matrix); 2013: Health Accounts study 2012/2013; 2014: Health Accounts study 2013/2014; 2015: Health Accounts study 2014/2015; 2016: Health Accounts study 2015/2016; 2017: Nepal Health Accounts; 2018 - 2020: HAPT 2023; 2021 - 2023: HAPT 2025"
NPL,hf3,"2000: Estimated based on PCE; 2001 - 2003: Annex 3a p.58;  p. 22; T. 3.4  Nepal NHA 2000/01-02/03; 2004 - 2006: T. 3.6 P. 26, Nepal  NHA 2003/2004-2005/2006; 2007 - 2009: T3.3; P.9; T.6.1, pp.21; Annex 5.1, 5.2 and 5.3 p. 53-58 Nepal  NHA 2006/2007-2008/2009.; 2010 - 2012: Draft NHA report P. 52, 56 and 62 (FSxHF matrix); 2013: Health Accounts study 2012/2013; 2014: Health Accounts study 2013/2014; 2015: Health Accounts study 2014/2015; 2016: Health Accounts study 2015/2016; 2017: Nepal Health Accounts; 2018 - 2020: HAPT 2023; 2021 - 2023: HAPT 2025"
LKA,hf2,"2000 - 2013: SLNHA, Ministry of Health; 2014: Health Accounts Study, 2014; 2015: Health Accounts Study, 2015; 2016: Health Accounts Study, 2016; 2017: HA study 2017, SLNHA, provisional data; 2018: HA study 2018, SLNHA, provisional data; 2019 - 2022: HAPT 2025"
LKA,hf21,"2000 - 2012: SLNHA, Ministry of Health (Insurance Board of Sri Lanka reports); 2013: SLNHA, Ministry of Health; 2014: Health Accounts Study, 2014; 2015: Health Accounts Study, 2015; 2016: Health Accounts Study, 2016; 2017: HA study 2017, SLNHA, provisional data; 2018: HA study 2018, SLNHA, provisional data; 2019 - 2022: HAPT 2025"
LKA,hf3,"2000 - 2013: SLNHA, Ministry of Health (Department of Census & Statistics); 2014: Health Accounts Study, 2014; 2015: Health Accounts Study, 2015; 2016: Health Accounts Study, 2016; 2017: HA study 2017, SLNHA, provisional data; 2018: HA study 2018, SLNHA, provisional data; 2019 - 2022: HAPT 2025"
THA,hf2,"2000 - 2014: iHPP, Thailand, NHA; 2015 - 2018: iHPP, Thailand Health accounts 2020 - Preliminary estimates; 2019 - 2021: HAQ 2023; 2022: 2024 HAQ; 2023: JHAQ 2025"
THA,hf21,"2000 - 2014: iHPP, Thailand, NHA; 2015 - 2018: iHPP, Thailand Health accounts 2020 - Preliminary estimates; 2019 - 2021: HAQ 2023; 2022: 2024 HAQ; 2023: JHAQ 2025"
THA,hf3,"2000 - 2016: iHPP, Thailand, NHA; 2017 - 2018: iHPP, Thailand Health accounts 2020 - Preliminary estimates; 2019 - 2021: HAQ 2023; 2022: 2024 HAQ; 2023: JHAQ 2025"
TLS,hf2,"2003 - 2013: Sum of expenditures on Out of pocket, NGOs; 2014 - 2016: Survey of National Insurance Timor Leste (NITL) Company; 2017: HA study (HFxFS cross table); 2018: Timor-Leste health accounts study 2018; 2019: Timor-Leste health accounts study 2019; 2020: Timor-Leste health accounts study 2020; 2021: Timor-Leste health accounts study 2021; 2022 - 2023: Estimated applying the growth rate of PFC."
TLS,hf21,2003 - 2013: No voluntary health insurance schemes existed; 2014 - 2017: Survey of National Insurance Timor Leste (NITL) Company
TLS,hf3,"2003 - 2012: Data obtained from GDP Estimates, Ministry of Finance, Govt. of TL, various issues; 2013 - 2016: Private Final Consumption Expenditure of Households on Health, National Accounts Statistics, General Directorate of Statistics, Ministry of Finance, Government of Timor Leste; 2017: HA study 2017; 2018: Timor-Leste health accounts study 2018; 2019: Timor-Leste health accounts study 2019; 2020: Timor-Leste health accounts study 2020; 2021: Timor-Leste health accounts study 2021; 2022 - 2023: Estimated applying the growth rate of PFC."
AUS,hf2,2000 - 2012: OECD database; 2013: 2022 JHAQ; 2014: JHAQ 2024; 2015 - 2022: JHAQ 2025
AUS,hf21,2000 - 2012: OECD database; 2013: 2022 JHAQ; 2014: JHAQ 2024; 2015 - 2022: JHAQ 2025; 2023: Preliminary data
AUS,hf3,2000 - 2012: OECD database; 2013: 2022 JHAQ; 2014: JHAQ 2024; 2015 - 2022: JHAQ 2025; 2023: Preliminary data
BRN,hf2,2000 - 2021: <Multiple value>
BRN,hf21,2000 - 2018: WHO estimation beased on PC growth; 2019 - 2021: WHO estimates based on  Brunei Darussalam Central Bank; 2022 - 2023: WHO estimation beased on PC growth
BRN,hf3,"2000 - 2005: Estimated using WHS NA series (HHFC) and 2005 Household Income and Expenditure Survey; 2006 - 2009: Estimated using WHS NA series (HHFC), and 2005 and 2010 Household Income and Expenditure Survey; 2010 - 2014: Estimated using WHS NA series (HHFC) and 2010 Household Income and Expenditure Survey; 2015: Sum of components; 2016 - 2023: WHO estimates based on PFC growth and 2015 Household Expenditure Survey (Department of Economic Planning and Development JPKE, Report of Summary of Findings: Household Expenditure Survey (HES) 2015/2016)"
KHM,hf2,2017: HA study 2017; 2018: HA study 2018; 2019: HA study 2019; 2020 - 2023: HAPT 2025
KHM,hf21,"2000 - 2006: Estimate; 2007 - 2009: Pp.34, Health Financing Report 2009; 2010: PP.33, Health Financing report 2010, Cambodia; 2011: Pp.43, Health Financing report 2011; 2012: HA study 2012 (based on SHA2011); 2013: HA study 2013 (based on SHA2011); 2014: HA study 2014 (based on SHA2011); 2015: HA study 2015; 2016: HA study 2016; 2017: HA study 2017; 2018: HA study 2018; 2019: HA study 2019; 2020 - 2023: HAPT 2025"
KHM,hf3,"2000 - 2003: Estimated using Cambodia Socio-Economic Survey 2004 report; 2004: Modified from Findings from the Cambodian DHS (2005) and SES (2004/2007) using table 49, pp. 47 & paragraph 2.3, pp. 31; 2005: Piya Hanvoravongchai. Findings from the Cambodian DHS (2005) and SES (2004/2007). Paragraph &quot;Discussion&quot; , pp. 69. August 2010; 2006: Estimate based on 2005 and 2006 data points; 2007: Modified from Findings from the Cambodian DHS (2005) and SES (2004/2007) using table 49, pp. 47 & paragraph 2.3, pp. 31; 2008 - 2010: PP. 15, T.6, Health Financing report 2012, Cambodia; 2011: MOH Annual Health Financing Report (AHFR); 2012: HA study 2012 (based on SHA2011); 2013: HA study 2013 (based on SHA2011); 2014: HA study 2014 (based on SHA2011); 2015: HA study 2015; 2016: HA study 2016; 2017: HA study 2017; 2018: HA study 2018; 2019: HA study 2019; 2020 - 2023: HAPT 2025"
CHN,hf2,"2000 - 2017: China National Health Development Research Center; 2018 - 2019: Data received from Official focal point of China for WHO; 2021: 2023 Health Accounts Questionnaire (HAQ); 2022 - 2023: Estimated using National Health Accounts data reported by the country in WHO Health Accounts Questionnaire (HAQ) 2023; China National Health Development Research Center, Results and Analysis of National Health Accounts in 2023 in China (tables 2 & 7), published in Chinese Health Economics Vol. 44 No. 2(Sum No. 504) Feb. 2025; and OECD DAC Creditor Reporting System (CRS) Database."
CHN,hf21,"2000 - 2017: China National Health Development Research Center; 2018 - 2019: Data received from Official focal point of China for WHO; 2021: 2023 Health Accounts Questionnaire (HAQ); 2022 - 2023: Estimated using National Health Accounts data reported by the country in WHO Health Accounts Questionnaire (HAQ) 2023; and China National Health Development Research Center, Results and Analysis of National Health Accounts in 2023 in China (tables 7), published in Chinese Health Economics Vol. 44 No. 2(Sum No. 504) Feb. 2025."
CHN,hf3,"2000 - 2014: China National Health Accounts Report 2010, November 2011 Technical consultation; 2015: China National Health Accounts Report; 2016 - 2017: China National Health Development Research Center; 2018 - 2019: Data received from Official focal point of China for WHO; 2021: 2023 Health Accounts Questionnaire (HAQ); 2022 - 2023: China National Health Development Research Center, Results and Analysis of National Health Accounts in 2023 in China (table 2), published in Chinese Health Economics Vol. 44 No. 2(Sum No. 504) Feb. 2025."
FJI,hf2,2000 - 2012: Estimated; 2013 - 2014: Fiji NHA 2013-2014; 2015: HA study 2015 (SHA2011); 2016: Fiji HA; 2017:  Summation of Components; 2018 - 2021: Health Account Study produced by Health Account Production Tool (HAPT); 2022 - 2023: 2025 HAPT
FJI,hf21,2000 - 2012: Derived by applying the share of HF.2.1 in 2011; 2013 - 2014: Fiji NHA 2013-2014; 2015: HA study 2015 (SHA2011); 2016: Fiji HA; 2017:  Summation of Components; 2018 - 2021: Health Account Study produced by Health Account Production Tool (HAPT); 2022 - 2023: 2025 HAPT
FJI,hf3,2000 - 2004: Estimated; 2005: Fiji NHA 2013-2014; 2006: Estimated; 2007 - 2014: Fiji NHA 2013-2014; 2015: HA study 2015 (SHA2011); 2016: Summation of HF Components; 2017:  Summation of Components; 2018 - 2021: Health Account Study produced by Health Account Production Tool (HAPT); 2022 - 2023: 2025 HAPT
IDN,hf2,"2000 - 2009: Sum of components; 2010 - 2019: Ministry of Health, Indonesia; 2020 - 2021: HAQ 2023; 2022 - 2023: JHAQ 2025"
IDN,hf21,"2000 - 2009: Estimated based on 2014 figure and  SHA 1.0 data; 2010 - 2019: Ministry of Health, Indonesia; 2020 - 2021: HAQ 2023; 2022 - 2023: JHAQ 2025"
IDN,hf3,"2000 - 2001: Estimated using UN NA series and NHA 2002-2008 report; 2002 - 2003: Executive Summary, Result of &quot;National Health Account&quot; 2002-2008. T. 3, pp. 8; 2004: Executive Summary, Result of &quot;National Health Account&quot; 2002-2008. T. 3, pp. 8, confirmed by MoH consultation Feb 2011; 2005 - 2009: Input-Output tables, MoF, MoH response, Feb 2013; 2010 - 2019: Ministry of Health, Indonesia; 2020 - 2021: HAQ 2023; 2022 - 2023: JHAQ 2025"
JPN,hf2,"2000 - 2014: OECD Database; 2015 - 2022: 2024 JHAQ; 2023: Joint OECD, EUROSTAT and WHO Health Accounts SHA Questionnaire (JHAQ) 2025"
JPN,hf21,"2000 - 2014: OECD Database; 2015 - 2021: 2024 JHAQ; 2022: WHO estimate; 2023: Joint OECD, EUROSTAT and WHO Health Accounts SHA Questionnaire (JHAQ) 2025"
JPN,hf3,"2000 - 2014: OECD Database; 2015 - 2022: 2024 JHAQ; 2023: Joint OECD, EUROSTAT and WHO Health Accounts SHA Questionnaire (JHAQ) 2025"
KIR,hf2,"2000 - 2021: WHO estimates, Sum of components"
KIR,hf21,2000 - 2021: Missing (data not available)
KIR,hf3,"2000 - 2005: WHO estimates applying PCE growth to 2006 year HIES data; 2006: WHO estimates, based on 2006 HIES, p 19 (Kiribati National Statistical Office  and Pacific Data Hub) and share of Final consumption expenditure of households and NPISH (PFC) (International Monetary Fund, World Economic Outlook Database, April 2023); 2007 - 2018: WHO estimates, based on 2006 data and apply computed annual growth rate of PFC; 2019: WHO estimates, based on 2019 HIES, pg 125(Kiribati National Statistical Office  and Pacific Data Hub) and share of Final consumption expenditure of households and NPISH (PFC) (International Monetary Fund, World Economic Outlook Database, April 2023); 2020 - 2021: WHO estimates, based on 2019 data and apply computed annual growth rate of PFC"
LAO,hf2,"2011: HA study 2010/2011, SHA2011; 2012: HA study 2011/2012, SHA2011- June 2018 update; 2013: HA study, 2013 (Update October 2017); 2014: HA study, 2014 (Update October 2017); 2015: HA study, 2015 (Update October 2017); 2016: Lao PDR HA study 2016; 2017: Lao PDR HA study 2017; 2018: Lao PDR HA study 2018; 2019: Lao PDR HA study 2019; 2020 - 2021: Data provided by country HA team; 2022: 2025 HAQ; 2023: HAPT 2025"
LAO,hf21,"2001: MoH. Consultation. Table, pp. 1; 2002 - 2004: Modified from MoH Consultation using Table, pp. 1; 2011: HA study 2010/2011, SHA2011; 2012: HA study 2011/2012, SHA2011- June 2018 update; 2013: HA study, 2013 (Update October 2017); 2014: HA study, 2014 (Update October 2017); 2015: HA study, 2015 (Update October 2017); 2016: Lao PDR HA study 2016; 2017: Lao PDR HA study 2017; 2018: Lao PDR HA study 2018; 2019: Lao PDR HA study 2019; 2020: Data provided by country HA team; 2021 - 2022: Data missing"
LAO,hf3,"2001 - 2002: MoH. Consultation. January 2007; 2004 - 2006: Estimated; 2007: NHA 2006/2007; 2010: T.4, pg 15, Lao NHA 2009-2010; 2011: HA study 2010/2011, SHA2011; 2012: HA study 2011/2012, SHA2011- June 2018 update; 2013: HA study, 2013 (Update October 2017); 2014: HA study, 2014 (Update October 2017); 2015: HA study, 2015 (Update October 2017); 2016: Lao PDR HA study 2016; 2017: Lao PDR HA study 2017; 2018: Lao PDR HA study 2018; 2019: Lao PDR HA study 2019; 2020 - 2021: Data provided by country HA team; 2022: 2025 HAQ; 2023: HAPT 2025"
MYS,hf2,"2000 - 2019: MNHA Database 1997-2020; 2020 - 2021: HAQ 2023; 2022: HAQ 2024, preliminary data; 2023: HAQ 2025"
MYS,hf21,"2000 - 2019: MNHA Database 1997-2020; 2020 - 2021: HAQ 2023; 2022: HAQ 2024, preliminary data; 2023: HAQ 2025"
MYS,hf3,"2000 - 2019: MNHA Database 1997-2020; 2020 - 2021: HAQ 2023; 2022: HAQ 2024, preliminary data; 2023: HAQ 2025"
MHL,hf21,2017 - 2021: Estimated using GDP growth rate; 2022: Estimated using HIES 2019/2020; 2023: Estimated using PFC growth
MHL,hf3,2022: Estimated using HIES 2019/2020 and the share of OOP on Private Final Consumption.; 2023: Estimated using PFC growth
FSM,hf21,2000 - 2021: Missing (data not available)
FSM,hf3,"2000 - 2004: Estimated based on HIES 1998 and HIES 2005 trend cited in FSM NHA 2005-2008 report, and PCE (UN NA); 2005: HIES 2005 and PCE (UN NA); 2006: Estimated based on HIES 2005 and HIES 2013 trend, and PCE (UN NA); 2008 - 2012: Estimated based on HIES 2005 and HIES 2013 trend, and PCE (UN NA)"
MNG,hf2,2016 - 2020: HAPT 2023; 2021 - 2022: HAPT 2024; 2023: HAPT 2025
MNG,hf21,"2002: Center for Health Development (CHD); Tech consultation, Nov 2015 with National center for health development; 2003 - 2014: NHA report, Center for Health Development (CHD); 2015: WHO estimates based on PCE; 2016 - 2020: HAPT 2023; 2021 - 2022: HAPT 2024; 2023: HAPT 2025"
MNG,hf3,"2000 - 2002: WHO estimates based on PCE; 2003 - 2014: NHA 2003-2014 report, Center for Health Development, Mongolia; 2015: WHO estimates based on PCE; 2016 - 2020: HAPT 2023; 2021 - 2022: HAPT 2024; 2023: HAPT 2025"
NRU,hf2,
NRU,hf21,2000 - 2017: NAURU has no voluntary health insurance schemes estimates.; 2018 - 2020: No data
NRU,hf3,"2000 - 2005: Estimated using HIES 2006 report and UN NA series; 2006: National Statistics Office. Nauru Household Income and Expenditure Survey report 2006. Table 7.1, pp. 22, and HFCE series; 2007 - 2011: Estimated using HIES 2006, HIES 2012/2013 reports and HFCE series; 2012 - 2015: Bureau of Statistics, DOF, HIES report 2012/2013, Table 3.1 and Figure 3.9; 2016 - 2020: Estimated using the Nauru Household Income and Expenditure Survey 2012/2013 and HFCE; 2023: Estimated using PFC growth rate"
NZL,hf2,2000 - 2002: OECD Database; 2003: WHO estimates based on JHAQ; 2004 - 2007: OECD Database; 2008 - 2023: Reported by the country in 2177
NZL,hf21,2000 - 2002: OECD Database; 2003: WHO estimates based on JHAQ; 2004 - 2007: OECD Database; 2008: Reported by the country in 2030; 2009: Reported by the country in 2040; 2010: Reported by the country in 2050; 2011: Reported by the country in 2060; 2012: Reported by the country in 2070; 2013: Reported by the country in 2080; 2014: Reported by the country in 2090; 2015: Reported by the country in 2100; 2016: Reported by the country in 2110; 2017: Reported by the country in 2120; 2018: Reported by the country in 2130; 2019: Reported by the country in 2140; 2020: Reported by the country in 2150; 2021: Reported by the country in 2160; 2022: Reported by the country in 2170; 2023: Reported by the country in 2180
NZL,hf3,2000 - 2002: OECD Database; 2003: WHO estimates based on JHAQ; 2004 - 2007: OECD Database; 2008 - 2023: Reported by the country in 2177
PLW,hf21,"2000 - 2001: Estimated using HCFE series, Report on 1997 Bridge Survey of Population, Housing and Expenditures (Office of Planning and Statistics, Sept 1998) and NHA 2007 Report; 2023: Data is estimated using of VHI (NHA 2007 as a baseline) in Final Consumption from Households and NPISH in 2022."
PLW,hf3,"2000 - 2001: Based on the 1997 Bridge Survey of Population, Housing and Expenditures, the 2013/2014 HIES, and the HFCE series.; 2023: Data is estimated using the share of household health spending (NHA 2007 as a baseline) in Final Consumption from Households and NPISH in 2022."
PNG,hf21,2000 - 2021: Missing (data not available)
PNG,hf3,2023: Data is estimated using the share of household health spending (HIES 2010 as a baseline) in Final Consumption from Households and NPISH in 2023.
PHL,hf2,2014 - 2021: Philippine Statistics Authority; 2022 - 2023: HAQ 2025
PHL,hf21,"2000 - 2013: Based on 2000-2013 Philippine NHA (Phil Statistics Authority) and 2012-2014 PNHA-SHA Studies (Technical Working Group for NHA, DOH); 2014 - 2019: Philippine Statistics Authority; 2020: 2035 Philippine National Account (PNHA): https://psa.gov.ph/statistics/pnha.; 2021: 2031 Philippine National Account (PNHA): https://psa.gov.ph/statistics/pnha.; 2022 - 2023: HAQ 2025"
PHL,hf3,"2000 - 2013: Based on 2000-2013 Philippine NHA (Phil Statistics Authority) and 2012-2014 PNHA-SHA Studies (Technical Working Group for NHA, DOH); 2014 - 2021: Philippine Statistics Authority; 2022 - 2023: HAQ 2025"
KOR,hf2,2000: 2023 Joint Health Accounts Questionnaire (JHAQ); 2001: 2024 JHAQ; 2002 - 2023: 2025 JHAQ
KOR,hf21,2000: 2023 Joint Health Accounts Questionnaire (JHAQ); 2001: 2024 JHAQ; 2002 - 2023: 2025 JHAQ
KOR,hf3,2000: 2023 Joint Health Accounts Questionnaire (JHAQ); 2001: 2024 JHAQ; 2002 - 2023: 2025 JHAQ
WSM,hf2,"2000 - 2005: WHO estimates, sum of subtotals; 2010: WHO estimates, sum of subtotals; 2020: NHA 2020 - 2021 (preliminary results.; 2021: NHA 2020 - 2021 (preliminary results)"
WSM,hf21,"2000 - 2014: WHO estimates based on 2015 figure from NHA report 2014-2015 and using growth of PCE; 2015: HF x FS table, HA study 2015 (SHA2011); 2016 - 2019: WHO estimates based on 2015 figure from NHA report 2014-2015 and using growth of PCE; 2020: NHA 2020 - 2021 (preliminary results.; 2021: NHA 2020 - 2021 (preliminary results); 2022 - 2023: Estimated using PFC growth"
WSM,hf3,"2000 - 2004: WHO estimates, based on the providers survey (NHA report 2005-2006) and applying PCE growth; 2005: Providers survey, NHA Report 2005-2006, pp 46-51; 2006 - 2014: WHO estimates, based on the providers survey (NHA report 2005-2006) and applying PCE growth; 2015: Providers survey, NHA Report 2014-2015, pp 51-53; 2016 - 2019: WHO estimates, based on the providers survey (NHA report 2014-2015) and applying PCE growth; 2020: NHA 2020 - 2021 (preliminary results.; 2021: NHA 2020 - 2021 (preliminary results); 2022 - 2023: Estimated using PFC growth"
SGP,hf2,2009 - 2015: Singapore Health Accounts; 2016 - 2022: Data is compiled from multiple government systems and surveys.
SGP,hf21,2013 - 2016: WHO estimates; 2017 - 2019: MoH Singapore; 2020 - 2023: WHO estimates based on previous year figure and the growth rate of PFC
SGP,hf3,"2000 - 2004: Estimated based on 2009 figure provided by MoH in response to WHO data; 05/09/2016; 2006 - 2008: Estimated based on 2009 figure provided by MoH in response to WHO data; 05/09/2016; 2009 - 2015: Singapore Health Accounts; 2016 - 2022: Data source is MoH. OOP is estimated as the residual of total personal consumption expenditure (PCE) after subtracting payments from all other payers, including compulsory savings schemes, social health insurance, employer benefits, charities, and other assistance programs. These payer data are compiled from multiple government administrative sources.; 2023: WHO estimates based on previous year figure and the growth rate of PFC"
SLB,hf2,2000 - 2007: OECD DAC
SLB,hf21,2000 - 2022: Missing (data not available); 2023: Estimated using PFC growth
SLB,hf3,2000 - 2006: Estimated by applying the share of health-to-total spending in the 2005-2006 HIES to PFC.; 2007 - 2012: Estimated by applying the share of health-to-total spending from the 2005-2006 and 2012-2013 HIES to PFC.; 2023: Estimated using PFC growth
TON,hf2,2018 - 2020: Sum of components
TON,hf21,"2000: 2003/4 NHA report (SHA 1); United Nations Statistics Division, National Accounts Main Aggregates Database; 2001 - 2002: United Nations Statistics Division, National Accounts Main Aggregates Database,; 2003: United Nations Statistics Division, National Accounts Main Aggregates Database; 2004: 2003/4 NHA report (SHA 1); 2005: 2003/4 NHA report (SHA 1); United Nations Statistics Division, National Accounts Main Aggregates Database; 2006: 2005/6 NHA report (SHA 1); 2007: 2005/6 NHA report (SHA 1); United Nations Statistics Division, National Accounts Main Aggregates Database; 2008: 2007/8 NHA report (SHA 1); 2009/10 NHA report (SHA 2011); 2009: 2007/8 NHA report (SHA 1); United Nations Statistics Division, National Accounts Main Aggregates Database; 2010: HF x FS table, HA study 2010; 2011: 2009/10 NHA report (SHA 2011); United Nations Statistics Division, National Accounts Main Aggregates Database; 2012: HF x FS table, HA study 2012; 2013: 2011/12 NHA report (SHA 2011); United Nations Statistics Division, National Accounts Main Aggregates Database; 2014: HF x FS table, HA study 2014; 2015: 2013/14 NHA report (SHA2011); United Nations Statistics Division, National Accounts Main Aggregates Database; 2017: Estimated using the NHA report 2013/2014 and PCE; 2019 - 2020: Estimated by applying PFC growth; 2021: HIES 2021; 2023: Estimated based on PFC growth"
TON,hf3,"2000: 2000 Household Consumption Expenditure, United Nations Statistics Division, National Accounts Main Aggregates Database,; 2001: 2001 Household Consumption Expenditure, United Nations Statistics Division, National Accounts Main Aggregates Database,; 2002: 2002 Household Consumption Expenditure, United Nations Statistics Division, National Accounts Main Aggregates Database,; 2003: 2003 Household Consumption Expenditure, United Nations Statistics Division, National Accounts Main Aggregates Database,; 2004: 2004 Household Consumption Expenditure, United Nations Statistics Division, National Accounts Main Aggregates Database,; 2005: 2005 Household Consumption Expenditure, United Nations Statistics Division, National Accounts Main Aggregates Database,; 2006: 2006 Household Consumption Expenditure, United Nations Statistics Division, National Accounts Main Aggregates Database,; 2007: 2007 Household Consumption Expenditure, United Nations Statistics Division, National Accounts Main Aggregates Database,; 2008: 2008 Household Consumption Expenditure, United Nations Statistics Division, National Accounts Main Aggregates Database,; 2009: 2009 Household Consumption Expenditure, United Nations Statistics Division, National Accounts Main Aggregates Database,; 2010 - 2020: Estimated using Household Income and Expenditure Survey Reports 2009 anmd 2015-2016, and PFC; 2023: Estimated based on PFC growth"
TUV,hf2,2019 - 2020: Sum of components
TUV,hf21,2019: WHO estimate based on previous year&apos;s figure and growth rate of Private final consumption expenditure; 2020: Estimate based on previous year figure and the growth rate of PCE; 2021: Based on very limited information; 2023: Estimated using PFC growth
TUV,hf3,2000 - 2014: Estimated using HIES 2004/2005 report and NA series; 2017: WHO estimates; 2019: Estimates based on 2018 figure and PCE growth; 2020: Estimate based on previous year figure and the growth rate of PCE; 2021: Final consumption expenditure of households and NPISH (PFC).; 2023: Estimated using PFC growth
VUT,hf2,2016: Estimates based on 2015 figure and PCE growth; 2017: Estimates based on 2016 figure and PCE growth; 2018: Estimates based on 2017 figure and PCE growth
VUT,hf21,2000 - 2004: Estimated using HA report 2007 and IFS series for PC.; 2023: Estimated using PFC growth
VUT,hf3,2000 - 2001: Estimated using NHA 2005 report and PFC IFS series; 2023: Estimated using PFC growth
VNM,hf2,2000 - 2023: Sum of subcategories
VNM,hf21,"2000 - 2012: MoH consultation, in 2017 and 2023; 2013: HAPT2013; 2014: HAPT2014; 2015: Updated data based on HAPT2015; 2016: Estimated by WHO, basedon the previous years and PFC growth; 2017: HAPT2017; 2018: HAPT2018; 2019: Vietnam 2018-2019 National Health Accounts report, based on MoF report on Vietnam Insurance Market Report (2019); 2020: MoF report on Vietnam Insurance Market Report (2020); 2021 - 2022: WHO estimates using MOF data, Vietnam Insurance Market 2022.; 2023: WHO estimates estimated using the growth of GDP"
VNM,hf3,"2000 - 2011: MoH consultation in 2017; 2012: Vietnam General Statistics Office (GSO), Vietnam household living standards measurement survey (LSMS); 2013: HAPT 2013 and estimates based on previous year data from Vietnam General Statistics Office (GSO), Vietnam household living standards measurement survey (LSMS); 2014: HAPT 2014 and Vietnam General Statistics Office (GSO), Vietnam household living standards measurement survey (LSMS); 2015: HAPT 2015 and estimates based on previous year data from Vietnam General Statistics Office (GSO), Vietnam household living standards measurement survey (LSMS); 2016: Vietnam General Statistics Office (GSO), Vietnam household living standards measurement survey (LSMS); 2017: HAPT 2017 and estimates based on previous year data from Vietnam General Statistics Office (GSO), Vietnam household living standards measurement survey (LSMS); 2018: HAPT 2018 and Vietnam General Statistics Office (GSO), Vietnam household living standards measurement survey (LSMS); 2019: Vietnam 2018-2019 National Health Accounts report, based estimates based on previous year data from Vietnam General Statistics Office (GSO), Vietnam household living standards measurement survey (LSMS); 2020: Vietnam General Statistics Office (GSO), Vietnam household living standards measurement survey (LSMS); 2021: Estimates based on previous year data from Vietnam General Statistics Office (GSO), Vietnam household living standards measurement survey (LSMS); 2022 - 2023: WHO estimates estimated using the growth of PFC"
