IND_CODE,DIM_TIME,DIM_GEO_CODE_M49,DIM_MEMBER_1_CODE,DIM_MEMBER_2_CODE,VALUE_NUMERIC,VALUE_LABEL
GDHM_SURVEY_COUNTRYRESPONSE_SCORE,2019,050,GDHM_CAT7_SERV_APP,GDHM_Q19,5.0,Phase 5
GDHM_SURVEY_COUNTRYRESPONSE_SCORE,2019,050,GDHM_CAT7_SERV_APP,GDHM_Q20,4.0,Phase 4
GDHM_SURVEY_COUNTRYRESPONSE_SCORE,2019,050,GDHM_CAT7_SERV_APP,GDHM_Q21,2.0,Phase 2
GDHM_SURVEY_COUNTRYRESPONSE_SCORE,2019,050,GDHM_CAT7_SERV_APP,GDHM_Q21a,1.0,Phase 1
GDHM_SURVEY_COUNTRYRESPONSE_SCORE,2019,050,GDHM_CAT7_SERV_APP,GDHM_Q21b,5.0,Phase 5
GDHM_SURVEY_COUNTRYRESPONSE_SCORE,2019,050,GDHM_CAT7_SERV_APP,GDHM_Q21c,5.0,Phase 5
GDHM_SURVEY_COUNTRYRESPONSE_SCORE,2019,050,GDHM_CAT7_SERV_APP,GDHM_Q22,5.0,Phase 5
GDHM_SURVEY_COUNTRYRESPONSE_SCORE,2019,050,GDHM_CAT7_SERV_APP,GDHM_Q23,5.0,Phase 5
GDHM_SURVEY_CATEGORY_AVG,2019,050,GDHM_CAT7_SERV_APP,,5.0,Phase 5
GDHM_SURVEY_COUNTRYRESPONSE_SCORE,2019,108,GDHM_CAT1_LEAD_GOV,GDHM_Q01,4.0,Phase 4
GDHM_SURVEY_COUNTRYRESPONSE_SCORE,2019,108,GDHM_CAT1_LEAD_GOV,GDHM_Q02,5.0,Phase 5
GDHM_SURVEY_COUNTRYRESPONSE_SCORE,2019,108,GDHM_CAT1_LEAD_GOV,GDHM_Q02a,5.0,Phase 5
GDHM_SURVEY_COUNTRYRESPONSE_SCORE,2019,108,GDHM_CAT1_LEAD_GOV,GDHM_Q03,1.0,Phase 1
GDHM_SURVEY_COUNTRYRESPONSE_SCORE,2019,108,GDHM_CAT1_LEAD_GOV,GDHM_Q04,0.0,Not Available
GDHM_SURVEY_COUNTRYRESPONSE_SCORE,2019,108,GDHM_CAT1_LEAD_GOV,GDHM_Q04a,4.0,Phase 4
GDHM_SURVEY_CATEGORY_AVG,2019,108,GDHM_CAT1_LEAD_GOV,,4.0,Phase 4
GDHM_SURVEY_COUNTRYRESPONSE_SCORE,2019,108,GDHM_CAT2_STRAT_INV,GDHM_Q05,5.0,Phase 5
GDHM_SURVEY_COUNTRYRESPONSE_SCORE,2019,108,GDHM_CAT2_STRAT_INV,GDHM_Q05a,5.0,Phase 5
GDHM_SURVEY_COUNTRYRESPONSE_SCORE,2019,108,GDHM_CAT2_STRAT_INV,GDHM_Q06,3.0,Phase 3
GDHM_SURVEY_COUNTRYRESPONSE_SCORE,2019,108,GDHM_CAT2_STRAT_INV,GDHM_Q06a,2.0,Phase 2
GDHM_SURVEY_CATEGORY_AVG,2019,108,GDHM_CAT2_STRAT_INV,,4.0,Phase 4
GDHM_SURVEY_COUNTRYRESPONSE_SCORE,2019,108,GDHM_CAT3_LEG,GDHM_Q07,3.0,Phase 3
GDHM_SURVEY_COUNTRYRESPONSE_SCORE,2019,108,GDHM_CAT3_LEG,GDHM_Q08,1.0,Phase 1
GDHM_SURVEY_COUNTRYRESPONSE_SCORE,2019,108,GDHM_CAT3_LEG,GDHM_Q09,1.0,Phase 1
GDHM_SURVEY_COUNTRYRESPONSE_SCORE,2019,108,GDHM_CAT3_LEG,GDHM_Q09a,1.0,Phase 1
GDHM_SURVEY_COUNTRYRESPONSE_SCORE,2019,108,GDHM_CAT3_LEG,GDHM_Q10,1.0,Phase 1
GDHM_SURVEY_CATEGORY_AVG,2019,108,GDHM_CAT3_LEG,,2.0,Phase 2
GDHM_SURVEY_COUNTRYRESPONSE_SCORE,2019,108,GDHM_CAT4_WORKFORCE,GDHM_Q11,2.0,Phase 2
GDHM_SURVEY_COUNTRYRESPONSE_SCORE,2019,108,GDHM_CAT4_WORKFORCE,GDHM_Q12,2.0,Phase 2
GDHM_SURVEY_COUNTRYRESPONSE_SCORE,2019,108,GDHM_CAT4_WORKFORCE,GDHM_Q13,4.0,Phase 4
GDHM_SURVEY_COUNTRYRESPONSE_SCORE,2019,108,GDHM_CAT4_WORKFORCE,GDHM_Q14,1.0,Phase 1
GDHM_SURVEY_CATEGORY_AVG,2019,108,GDHM_CAT4_WORKFORCE,,3.0,Phase 3
GDHM_SURVEY_COUNTRYRESPONSE_SCORE,2019,108,GDHM_CAT5_STANDARDS,GDHM_Q15,2.0,Phase 2
GDHM_SURVEY_COUNTRYRESPONSE_SCORE,2019,108,GDHM_CAT5_STANDARDS,GDHM_Q16,1.0,Phase 1
GDHM_SURVEY_CATEGORY_AVG,2019,108,GDHM_CAT5_STANDARDS,,2.0,Phase 2
GDHM_SURVEY_COUNTRYRESPONSE_SCORE,2019,108,GDHM_CAT6_INFRASTRUCTURE,GDHM_Q17,0.0,Not Available
GDHM_SURVEY_COUNTRYRESPONSE_SCORE,2019,108,GDHM_CAT6_INFRASTRUCTURE,GDHM_Q18,1.0,Phase 1
GDHM_SURVEY_CATEGORY_AVG,2019,108,GDHM_CAT6_INFRASTRUCTURE,,1.0,Phase 1
GDHM_SURVEY_COUNTRYRESPONSE_SCORE,2019,108,GDHM_CAT7_SERV_APP,GDHM_Q19,2.0,Phase 2
GDHM_SURVEY_COUNTRYRESPONSE_SCORE,2019,108,GDHM_CAT7_SERV_APP,GDHM_Q20,2.0,Phase 2
GDHM_SURVEY_COUNTRYRESPONSE_SCORE,2019,108,GDHM_CAT7_SERV_APP,GDHM_Q21,2.0,Phase 2
GDHM_SURVEY_COUNTRYRESPONSE_SCORE,2019,108,GDHM_CAT7_SERV_APP,GDHM_Q21a,1.0,Phase 1
GDHM_SURVEY_COUNTRYRESPONSE_SCORE,2019,108,GDHM_CAT7_SERV_APP,GDHM_Q21b,1.0,Phase 1
GDHM_SURVEY_COUNTRYRESPONSE_SCORE,2019,108,GDHM_CAT7_SERV_APP,GDHM_Q21c,1.0,Phase 1
GDHM_SURVEY_COUNTRYRESPONSE_SCORE,2019,108,GDHM_CAT7_SERV_APP,GDHM_Q22,1.0,Phase 1
GDHM_SURVEY_COUNTRYRESPONSE_SCORE,2019,108,GDHM_CAT7_SERV_APP,GDHM_Q23,5.0,Phase 5
GDHM_SURVEY_CATEGORY_AVG,2019,108,GDHM_CAT7_SERV_APP,,3.0,Phase 3
GDHM_SURVEY_COUNTRYRESPONSE_SCORE,2019,120,GDHM_CAT1_LEAD_GOV,GDHM_Q01,4.0,Phase 4
GDHM_SURVEY_COUNTRYRESPONSE_SCORE,2019,120,GDHM_CAT1_LEAD_GOV,GDHM_Q02,5.0,Phase 5
GDHM_SURVEY_COUNTRYRESPONSE_SCORE,2019,120,GDHM_CAT1_LEAD_GOV,GDHM_Q02a,5.0,Phase 5
GDHM_SURVEY_COUNTRYRESPONSE_SCORE,2019,120,GDHM_CAT1_LEAD_GOV,GDHM_Q03,1.0,Phase 1
GDHM_SURVEY_COUNTRYRESPONSE_SCORE,2019,120,GDHM_CAT1_LEAD_GOV,GDHM_Q04,0.0,Not Available
GDHM_SURVEY_COUNTRYRESPONSE_SCORE,2019,120,GDHM_CAT1_LEAD_GOV,GDHM_Q04a,1.0,Phase 1
GDHM_SURVEY_CATEGORY_AVG,2019,120,GDHM_CAT1_LEAD_GOV,,4.0,Phase 4
GDHM_SURVEY_COUNTRYRESPONSE_SCORE,2019,120,GDHM_CAT2_STRAT_INV,GDHM_Q05,3.0,Phase 3
GDHM_SURVEY_COUNTRYRESPONSE_SCORE,2019,120,GDHM_CAT2_STRAT_INV,GDHM_Q05a,3.0,Phase 3
GDHM_SURVEY_COUNTRYRESPONSE_SCORE,2019,120,GDHM_CAT2_STRAT_INV,GDHM_Q06,2.0,Phase 2
GDHM_SURVEY_COUNTRYRESPONSE_SCORE,2019,120,GDHM_CAT2_STRAT_INV,GDHM_Q06a,2.0,Phase 2
GDHM_SURVEY_CATEGORY_AVG,2019,120,GDHM_CAT2_STRAT_INV,,3.0,Phase 3
GDHM_SURVEY_COUNTRYRESPONSE_SCORE,2019,120,GDHM_CAT3_LEG,GDHM_Q07,1.0,Phase 1
GDHM_SURVEY_COUNTRYRESPONSE_SCORE,2019,120,GDHM_CAT3_LEG,GDHM_Q08,1.0,Phase 1
GDHM_SURVEY_COUNTRYRESPONSE_SCORE,2019,120,GDHM_CAT3_LEG,GDHM_Q09,1.0,Phase 1
GDHM_SURVEY_COUNTRYRESPONSE_SCORE,2019,120,GDHM_CAT3_LEG,GDHM_Q09a,1.0,Phase 1
GDHM_SURVEY_COUNTRYRESPONSE_SCORE,2019,120,GDHM_CAT3_LEG,GDHM_Q10,1.0,Phase 1
GDHM_SURVEY_CATEGORY_AVG,2019,120,GDHM_CAT3_LEG,,1.0,Phase 1
GDHM_SURVEY_COUNTRYRESPONSE_SCORE,2019,120,GDHM_CAT4_WORKFORCE,GDHM_Q11,2.0,Phase 2
GDHM_SURVEY_COUNTRYRESPONSE_SCORE,2019,120,GDHM_CAT4_WORKFORCE,GDHM_Q12,2.0,Phase 2
GDHM_SURVEY_COUNTRYRESPONSE_SCORE,2019,120,GDHM_CAT4_WORKFORCE,GDHM_Q13,2.0,Phase 2
GDHM_SURVEY_COUNTRYRESPONSE_SCORE,2019,120,GDHM_CAT4_WORKFORCE,GDHM_Q14,0.0,Not Available
GDHM_SURVEY_CATEGORY_AVG,2019,120,GDHM_CAT4_WORKFORCE,,2.0,Phase 2
GDHM_SURVEY_COUNTRYRESPONSE_SCORE,2019,120,GDHM_CAT5_STANDARDS,GDHM_Q15,2.0,Phase 2
GDHM_SURVEY_COUNTRYRESPONSE_SCORE,2019,120,GDHM_CAT5_STANDARDS,GDHM_Q16,2.0,Phase 2
GDHM_SURVEY_CATEGORY_AVG,2019,120,GDHM_CAT5_STANDARDS,,2.0,Phase 2
GDHM_SURVEY_COUNTRYRESPONSE_SCORE,2019,120,GDHM_CAT6_INFRASTRUCTURE,GDHM_Q17,0.0,Not Available
GDHM_SURVEY_COUNTRYRESPONSE_SCORE,2019,120,GDHM_CAT6_INFRASTRUCTURE,GDHM_Q18,1.0,Phase 1
GDHM_SURVEY_CATEGORY_AVG,2019,120,GDHM_CAT6_INFRASTRUCTURE,,1.0,Phase 1
GDHM_SURVEY_COUNTRYRESPONSE_SCORE,2019,120,GDHM_CAT7_SERV_APP,GDHM_Q19,2.0,Phase 2
GDHM_SURVEY_COUNTRYRESPONSE_SCORE,2019,120,GDHM_CAT7_SERV_APP,GDHM_Q20,3.0,Phase 3
GDHM_SURVEY_COUNTRYRESPONSE_SCORE,2019,120,GDHM_CAT7_SERV_APP,GDHM_Q21,2.0,Phase 2
GDHM_SURVEY_COUNTRYRESPONSE_SCORE,2019,120,GDHM_CAT7_SERV_APP,GDHM_Q21a,1.0,Phase 1
GDHM_SURVEY_COUNTRYRESPONSE_SCORE,2019,120,GDHM_CAT7_SERV_APP,GDHM_Q21b,3.0,Phase 3
GDHM_SURVEY_COUNTRYRESPONSE_SCORE,2019,120,GDHM_CAT7_SERV_APP,GDHM_Q21c,1.0,Phase 1
GDHM_SURVEY_COUNTRYRESPONSE_SCORE,2019,120,GDHM_CAT7_SERV_APP,GDHM_Q22,1.0,Phase 1
GDHM_SURVEY_COUNTRYRESPONSE_SCORE,2019,120,GDHM_CAT7_SERV_APP,GDHM_Q23,3.0,Phase 3
GDHM_SURVEY_CATEGORY_AVG,2019,120,GDHM_CAT7_SERV_APP,,3.0,Phase 3
GDHM_SURVEY_COUNTRYRESPONSE_SCORE,2019,148,GDHM_CAT1_LEAD_GOV,GDHM_Q01,4.0,Phase 4
GDHM_SURVEY_COUNTRYRESPONSE_SCORE,2019,148,GDHM_CAT1_LEAD_GOV,GDHM_Q02,3.0,Phase 3
GDHM_SURVEY_COUNTRYRESPONSE_SCORE,2019,148,GDHM_CAT1_LEAD_GOV,GDHM_Q02a,4.0,Phase 4
GDHM_SURVEY_COUNTRYRESPONSE_SCORE,2019,148,GDHM_CAT1_LEAD_GOV,GDHM_Q03,1.0,Phase 1
GDHM_SURVEY_COUNTRYRESPONSE_SCORE,2019,148,GDHM_CAT1_LEAD_GOV,GDHM_Q04,4.0,Phase 4
GDHM_SURVEY_COUNTRYRESPONSE_SCORE,2019,148,GDHM_CAT1_LEAD_GOV,GDHM_Q04a,3.0,Phase 3
GDHM_SURVEY_CATEGORY_AVG,2019,148,GDHM_CAT1_LEAD_GOV,,3.0,Phase 3
GDHM_SURVEY_COUNTRYRESPONSE_SCORE,2019,148,GDHM_CAT2_STRAT_INV,GDHM_Q05,3.0,Phase 3
GDHM_SURVEY_COUNTRYRESPONSE_SCORE,2019,148,GDHM_CAT2_STRAT_INV,GDHM_Q05a,5.0,Phase 5
GDHM_SURVEY_COUNTRYRESPONSE_SCORE,2019,148,GDHM_CAT2_STRAT_INV,GDHM_Q06,3.0,Phase 3
GDHM_SURVEY_COUNTRYRESPONSE_SCORE,2019,148,GDHM_CAT2_STRAT_INV,GDHM_Q06a,2.0,Phase 2
GDHM_SURVEY_CATEGORY_AVG,2019,148,GDHM_CAT2_STRAT_INV,,3.0,Phase 3
GDHM_SURVEY_COUNTRYRESPONSE_SCORE,2019,148,GDHM_CAT3_LEG,GDHM_Q07,2.0,Phase 2
GDHM_SURVEY_COUNTRYRESPONSE_SCORE,2019,148,GDHM_CAT3_LEG,GDHM_Q08,2.0,Phase 2
GDHM_SURVEY_COUNTRYRESPONSE_SCORE,2019,148,GDHM_CAT3_LEG,GDHM_Q09,2.0,Phase 2
GDHM_SURVEY_COUNTRYRESPONSE_SCORE,2019,148,GDHM_CAT3_LEG,GDHM_Q09a,2.0,Phase 2
GDHM_SURVEY_COUNTRYRESPONSE_SCORE,2019,148,GDHM_CAT3_LEG,GDHM_Q10,2.0,Phase 2
GDHM_SURVEY_CATEGORY_AVG,2019,148,GDHM_CAT3_LEG,,2.0,Phase 2
GDHM_SURVEY_COUNTRYRESPONSE_SCORE,2019,148,GDHM_CAT4_WORKFORCE,GDHM_Q11,2.0,Phase 2
GDHM_SURVEY_COUNTRYRESPONSE_SCORE,2019,148,GDHM_CAT4_WORKFORCE,GDHM_Q12,2.0,Phase 2
GDHM_SURVEY_COUNTRYRESPONSE_SCORE,2019,148,GDHM_CAT4_WORKFORCE,GDHM_Q13,2.0,Phase 2
GDHM_SURVEY_COUNTRYRESPONSE_SCORE,2019,148,GDHM_CAT4_WORKFORCE,GDHM_Q14,2.0,Phase 2
GDHM_SURVEY_CATEGORY_AVG,2019,148,GDHM_CAT4_WORKFORCE,,2.0,Phase 2
GDHM_SURVEY_COUNTRYRESPONSE_SCORE,2019,148,GDHM_CAT5_STANDARDS,GDHM_Q15,2.0,Phase 2
GDHM_SURVEY_COUNTRYRESPONSE_SCORE,2019,148,GDHM_CAT5_STANDARDS,GDHM_Q16,2.0,Phase 2
GDHM_SURVEY_CATEGORY_AVG,2019,148,GDHM_CAT5_STANDARDS,,2.0,Phase 2
GDHM_SURVEY_COUNTRYRESPONSE_SCORE,2019,148,GDHM_CAT6_INFRASTRUCTURE,GDHM_Q17,2.0,Phase 2
GDHM_SURVEY_COUNTRYRESPONSE_SCORE,2019,148,GDHM_CAT6_INFRASTRUCTURE,GDHM_Q18,2.0,Phase 2
GDHM_SURVEY_CATEGORY_AVG,2019,148,GDHM_CAT6_INFRASTRUCTURE,,2.0,Phase 2
GDHM_SURVEY_COUNTRYRESPONSE_SCORE,2019,148,GDHM_CAT7_SERV_APP,GDHM_Q19,3.0,Phase 3
GDHM_SURVEY_COUNTRYRESPONSE_SCORE,2019,148,GDHM_CAT7_SERV_APP,GDHM_Q20,1.0,Phase 1
GDHM_SURVEY_COUNTRYRESPONSE_SCORE,2019,148,GDHM_CAT7_SERV_APP,GDHM_Q21,1.0,Phase 1
GDHM_SURVEY_COUNTRYRESPONSE_SCORE,2019,148,GDHM_CAT7_SERV_APP,GDHM_Q21a,1.0,Phase 1
GDHM_SURVEY_COUNTRYRESPONSE_SCORE,2019,148,GDHM_CAT7_SERV_APP,GDHM_Q21b,1.0,Phase 1
GDHM_SURVEY_COUNTRYRESPONSE_SCORE,2019,148,GDHM_CAT7_SERV_APP,GDHM_Q21c,1.0,Phase 1
GDHM_SURVEY_COUNTRYRESPONSE_SCORE,2019,148,GDHM_CAT7_SERV_APP,GDHM_Q22,1.0,Phase 1
GDHM_SURVEY_COUNTRYRESPONSE_SCORE,2019,148,GDHM_CAT7_SERV_APP,GDHM_Q23,3.0,Phase 3
GDHM_SURVEY_CATEGORY_AVG,2019,148,GDHM_CAT7_SERV_APP,,2.0,Phase 2
GDHM_SURVEY_COUNTRYRESPONSE_SCORE,2019,204,GDHM_CAT1_LEAD_GOV,GDHM_Q01,2.0,Phase 2
GDHM_SURVEY_COUNTRYRESPONSE_SCORE,2019,204,GDHM_CAT1_LEAD_GOV,GDHM_Q02,4.0,Phase 4
GDHM_SURVEY_COUNTRYRESPONSE_SCORE,2019,204,GDHM_CAT1_LEAD_GOV,GDHM_Q02a,2.0,Phase 2
GDHM_SURVEY_COUNTRYRESPONSE_SCORE,2019,204,GDHM_CAT1_LEAD_GOV,GDHM_Q03,3.0,Phase 3
GDHM_SURVEY_COUNTRYRESPONSE_SCORE,2019,204,GDHM_CAT1_LEAD_GOV,GDHM_Q04,3.0,Phase 3
GDHM_SURVEY_COUNTRYRESPONSE_SCORE,2019,204,GDHM_CAT1_LEAD_GOV,GDHM_Q04a,2.0,Phase 2
GDHM_SURVEY_CATEGORY_AVG,2019,204,GDHM_CAT1_LEAD_GOV,,3.0,Phase 3
GDHM_SURVEY_COUNTRYRESPONSE_SCORE,2019,204,GDHM_CAT2_STRAT_INV,GDHM_Q05,4.0,Phase 4
GDHM_SURVEY_COUNTRYRESPONSE_SCORE,2019,204,GDHM_CAT2_STRAT_INV,GDHM_Q05a,5.0,Phase 5
GDHM_SURVEY_COUNTRYRESPONSE_SCORE,2019,204,GDHM_CAT2_STRAT_INV,GDHM_Q06,3.0,Phase 3
GDHM_SURVEY_COUNTRYRESPONSE_SCORE,2019,204,GDHM_CAT2_STRAT_INV,GDHM_Q06a,1.0,Phase 1
GDHM_SURVEY_CATEGORY_AVG,2019,204,GDHM_CAT2_STRAT_INV,,4.0,Phase 4
GDHM_SURVEY_COUNTRYRESPONSE_SCORE,2019,204,GDHM_CAT3_LEG,GDHM_Q07,5.0,Phase 5
GDHM_SURVEY_COUNTRYRESPONSE_SCORE,2019,204,GDHM_CAT3_LEG,GDHM_Q08,5.0,Phase 5
GDHM_SURVEY_COUNTRYRESPONSE_SCORE,2019,204,GDHM_CAT3_LEG,GDHM_Q09,1.0,Phase 1
GDHM_SURVEY_COUNTRYRESPONSE_SCORE,2019,204,GDHM_CAT3_LEG,GDHM_Q09a,1.0,Phase 1
GDHM_SURVEY_COUNTRYRESPONSE_SCORE,2019,204,GDHM_CAT3_LEG,GDHM_Q10,5.0,Phase 5
GDHM_SURVEY_CATEGORY_AVG,2019,204,GDHM_CAT3_LEG,,4.0,Phase 4
GDHM_SURVEY_COUNTRYRESPONSE_SCORE,2019,204,GDHM_CAT4_WORKFORCE,GDHM_Q11,1.0,Phase 1
GDHM_SURVEY_COUNTRYRESPONSE_SCORE,2019,204,GDHM_CAT4_WORKFORCE,GDHM_Q12,3.0,Phase 3
GDHM_SURVEY_COUNTRYRESPONSE_SCORE,2019,204,GDHM_CAT4_WORKFORCE,GDHM_Q13,1.0,Phase 1
GDHM_SURVEY_COUNTRYRESPONSE_SCORE,2019,204,GDHM_CAT4_WORKFORCE,GDHM_Q14,1.0,Phase 1
GDHM_SURVEY_CATEGORY_AVG,2019,204,GDHM_CAT4_WORKFORCE,,2.0,Phase 2
GDHM_SURVEY_COUNTRYRESPONSE_SCORE,2019,204,GDHM_CAT5_STANDARDS,GDHM_Q15,2.0,Phase 2
GDHM_SURVEY_COUNTRYRESPONSE_SCORE,2019,204,GDHM_CAT5_STANDARDS,GDHM_Q16,5.0,Phase 5
GDHM_SURVEY_CATEGORY_AVG,2019,204,GDHM_CAT5_STANDARDS,,4.0,Phase 4
GDHM_SURVEY_COUNTRYRESPONSE_SCORE,2019,204,GDHM_CAT6_INFRASTRUCTURE,GDHM_Q17,3.0,Phase 3
GDHM_SURVEY_COUNTRYRESPONSE_SCORE,2019,204,GDHM_CAT6_INFRASTRUCTURE,GDHM_Q18,2.0,Phase 2
GDHM_SURVEY_CATEGORY_AVG,2019,204,GDHM_CAT6_INFRASTRUCTURE,,3.0,Phase 3
GDHM_SURVEY_COUNTRYRESPONSE_SCORE,2019,204,GDHM_CAT7_SERV_APP,GDHM_Q19,2.0,Phase 2
GDHM_SURVEY_COUNTRYRESPONSE_SCORE,2019,204,GDHM_CAT7_SERV_APP,GDHM_Q20,3.0,Phase 3
GDHM_SURVEY_COUNTRYRESPONSE_SCORE,2019,204,GDHM_CAT7_SERV_APP,GDHM_Q21,1.0,Phase 1
GDHM_SURVEY_COUNTRYRESPONSE_SCORE,2019,204,GDHM_CAT7_SERV_APP,GDHM_Q21a,1.0,Phase 1
GDHM_SURVEY_COUNTRYRESPONSE_SCORE,2019,204,GDHM_CAT7_SERV_APP,GDHM_Q21b,5.0,Phase 5
GDHM_SURVEY_COUNTRYRESPONSE_SCORE,2019,204,GDHM_CAT7_SERV_APP,GDHM_Q21c,5.0,Phase 5
GDHM_SURVEY_COUNTRYRESPONSE_SCORE,2019,204,GDHM_CAT7_SERV_APP,GDHM_Q22,3.0,Phase 3
GDHM_SURVEY_COUNTRYRESPONSE_SCORE,2019,204,GDHM_CAT7_SERV_APP,GDHM_Q23,4.0,Phase 4
GDHM_SURVEY_COUNTRYRESPONSE_SCORE,2023,072,GDHM_CAT4_WORKFORCE,GDHM_Q11,0.0,Not Available
GDHM_SURVEY_COUNTRYRESPONSE_SCORE,2023,072,GDHM_CAT4_WORKFORCE,GDHM_Q12,0.0,Not Available
GDHM_SURVEY_COUNTRYRESPONSE_SCORE,2023,072,GDHM_CAT4_WORKFORCE,GDHM_Q13,0.0,Not Available
GDHM_SURVEY_COUNTRYRESPONSE_SCORE,2023,072,GDHM_CAT4_WORKFORCE,GDHM_Q14,0.0,Not Available
GDHM_SURVEY_CATEGORY_AVG,2023,072,GDHM_CAT4_WORKFORCE,,1.0,Not Available
GDHM_SURVEY_COUNTRYRESPONSE_SCORE,2023,072,GDHM_CAT5_STANDARDS,GDHM_Q15,0.0,Not Available
GDHM_SURVEY_COUNTRYRESPONSE_SCORE,2023,072,GDHM_CAT5_STANDARDS,GDHM_Q16,0.0,Not Available
GDHM_SURVEY_CATEGORY_AVG,2023,072,GDHM_CAT5_STANDARDS,,1.0,Not Available
GDHM_SURVEY_COUNTRYRESPONSE_SCORE,2023,072,GDHM_CAT6_INFRASTRUCTURE,GDHM_Q17,2.0,Phase 2
GDHM_SURVEY_COUNTRYRESPONSE_SCORE,2023,072,GDHM_CAT6_INFRASTRUCTURE,GDHM_Q18,3.0,Phase 3
GDHM_SURVEY_CATEGORY_AVG,2023,072,GDHM_CAT6_INFRASTRUCTURE,,3.0,Phase 3
GDHM_SURVEY_COUNTRYRESPONSE_SCORE,2023,072,GDHM_CAT7_SERV_APP,GDHM_Q19,0.0,Not Available
GDHM_SURVEY_COUNTRYRESPONSE_SCORE,2023,072,GDHM_CAT7_SERV_APP,GDHM_Q20,0.0,Not Available
GDHM_SURVEY_COUNTRYRESPONSE_SCORE,2023,072,GDHM_CAT7_SERV_APP,GDHM_Q21,0.0,Not Available
GDHM_SURVEY_COUNTRYRESPONSE_SCORE,2023,072,GDHM_CAT7_SERV_APP,GDHM_Q21a,0.0,Not Available
GDHM_SURVEY_COUNTRYRESPONSE_SCORE,2023,072,GDHM_CAT7_SERV_APP,GDHM_Q21b,0.0,Not Available
GDHM_SURVEY_COUNTRYRESPONSE_SCORE,2023,072,GDHM_CAT7_SERV_APP,GDHM_Q21c,0.0,Not Available
GDHM_SURVEY_COUNTRYRESPONSE_SCORE,2023,072,GDHM_CAT7_SERV_APP,GDHM_Q22,0.0,Not Available
GDHM_SURVEY_COUNTRYRESPONSE_SCORE,2023,072,GDHM_CAT7_SERV_APP,GDHM_Q23,0.0,Not Available
GDHM_SURVEY_CATEGORY_AVG,2023,072,GDHM_CAT7_SERV_APP,,1.0,Not Available
GDHM_SURVEY_COUNTRYRESPONSE_SCORE,2023,076,GDHM_CAT1_LEAD_GOV,GDHM_Q01,4.0,Phase 4
GDHM_SURVEY_COUNTRYRESPONSE_SCORE,2023,076,GDHM_CAT1_LEAD_GOV,GDHM_Q02,4.0,Phase 4
GDHM_SURVEY_COUNTRYRESPONSE_SCORE,2023,076,GDHM_CAT1_LEAD_GOV,GDHM_Q02a,4.0,Phase 4
GDHM_SURVEY_COUNTRYRESPONSE_SCORE,2023,076,GDHM_CAT1_LEAD_GOV,GDHM_Q03,4.0,Phase 4
GDHM_SURVEY_COUNTRYRESPONSE_SCORE,2023,076,GDHM_CAT1_LEAD_GOV,GDHM_Q04,5.0,Phase 5
GDHM_SURVEY_COUNTRYRESPONSE_SCORE,2023,076,GDHM_CAT1_LEAD_GOV,GDHM_Q04a,5.0,Phase 5
GDHM_SURVEY_CATEGORY_AVG,2023,076,GDHM_CAT1_LEAD_GOV,,5.0,Phase 5
GDHM_SURVEY_COUNTRYRESPONSE_SCORE,2023,076,GDHM_CAT2_STRAT_INV,GDHM_Q05,3.0,Phase 3
GDHM_SURVEY_COUNTRYRESPONSE_SCORE,2023,076,GDHM_CAT2_STRAT_INV,GDHM_Q05a,5.0,Phase 5
GDHM_SURVEY_COUNTRYRESPONSE_SCORE,2023,076,GDHM_CAT2_STRAT_INV,GDHM_Q06,4.0,Phase 4
GDHM_SURVEY_COUNTRYRESPONSE_SCORE,2023,076,GDHM_CAT2_STRAT_INV,GDHM_Q06a,4.0,Phase 4
GDHM_SURVEY_CATEGORY_AVG,2023,076,GDHM_CAT2_STRAT_INV,,4.0,Phase 4
GDHM_SURVEY_COUNTRYRESPONSE_SCORE,2023,076,GDHM_CAT3_LEG,GDHM_Q07,5.0,Phase 5
GDHM_SURVEY_COUNTRYRESPONSE_SCORE,2023,076,GDHM_CAT3_LEG,GDHM_Q08,5.0,Phase 5
GDHM_SURVEY_COUNTRYRESPONSE_SCORE,2023,076,GDHM_CAT3_LEG,GDHM_Q09,2.0,Phase 2
GDHM_SURVEY_COUNTRYRESPONSE_SCORE,2023,076,GDHM_CAT3_LEG,GDHM_Q09a,2.0,Phase 2
GDHM_SURVEY_COUNTRYRESPONSE_SCORE,2023,076,GDHM_CAT3_LEG,GDHM_Q10,1.0,Phase 1
GDHM_SURVEY_CATEGORY_AVG,2023,076,GDHM_CAT3_LEG,,4.0,Phase 4
GDHM_SURVEY_COUNTRYRESPONSE_SCORE,2023,076,GDHM_CAT4_WORKFORCE,GDHM_Q11,4.0,Phase 4
GDHM_SURVEY_COUNTRYRESPONSE_SCORE,2023,076,GDHM_CAT4_WORKFORCE,GDHM_Q12,4.0,Phase 4
GDHM_SURVEY_COUNTRYRESPONSE_SCORE,2023,076,GDHM_CAT4_WORKFORCE,GDHM_Q13,4.0,Phase 4
GDHM_SURVEY_COUNTRYRESPONSE_SCORE,2023,076,GDHM_CAT4_WORKFORCE,GDHM_Q14,1.0,Phase 1
GDHM_SURVEY_CATEGORY_AVG,2023,076,GDHM_CAT4_WORKFORCE,,4.0,Phase 4
GDHM_SURVEY_COUNTRYRESPONSE_SCORE,2023,076,GDHM_CAT5_STANDARDS,GDHM_Q15,4.0,Phase 4
GDHM_SURVEY_COUNTRYRESPONSE_SCORE,2023,076,GDHM_CAT5_STANDARDS,GDHM_Q16,5.0,Phase 5
GDHM_SURVEY_CATEGORY_AVG,2023,076,GDHM_CAT5_STANDARDS,,5.0,Phase 5
GDHM_SURVEY_COUNTRYRESPONSE_SCORE,2023,076,GDHM_CAT6_INFRASTRUCTURE,GDHM_Q17,4.0,Phase 4
GDHM_SURVEY_COUNTRYRESPONSE_SCORE,2023,076,GDHM_CAT6_INFRASTRUCTURE,GDHM_Q18,5.0,Phase 5
GDHM_SURVEY_CATEGORY_AVG,2023,076,GDHM_CAT6_INFRASTRUCTURE,,5.0,Phase 5
GDHM_SURVEY_COUNTRYRESPONSE_SCORE,2023,076,GDHM_CAT7_SERV_APP,GDHM_Q19,4.0,Phase 4
GDHM_SURVEY_COUNTRYRESPONSE_SCORE,2023,076,GDHM_CAT7_SERV_APP,GDHM_Q20,4.0,Phase 4
GDHM_SURVEY_COUNTRYRESPONSE_SCORE,2023,076,GDHM_CAT7_SERV_APP,GDHM_Q21,5.0,Phase 5
GDHM_SURVEY_COUNTRYRESPONSE_SCORE,2023,076,GDHM_CAT7_SERV_APP,GDHM_Q21a,5.0,Phase 5
GDHM_SURVEY_COUNTRYRESPONSE_SCORE,2023,076,GDHM_CAT7_SERV_APP,GDHM_Q21b,5.0,Phase 5
GDHM_SURVEY_COUNTRYRESPONSE_SCORE,2023,076,GDHM_CAT7_SERV_APP,GDHM_Q21c,5.0,Phase 5
GDHM_SURVEY_COUNTRYRESPONSE_SCORE,2023,076,GDHM_CAT7_SERV_APP,GDHM_Q22,5.0,Phase 5
GDHM_SURVEY_COUNTRYRESPONSE_SCORE,2023,076,GDHM_CAT7_SERV_APP,GDHM_Q23,4.0,Phase 4
GDHM_SURVEY_CATEGORY_AVG,2023,076,GDHM_CAT7_SERV_APP,,5.0,Phase 5
GDHM_SURVEY_COUNTRYRESPONSE_SCORE,2023,096,GDHM_CAT1_LEAD_GOV,GDHM_Q01,0.0,Not Available
GDHM_SURVEY_COUNTRYRESPONSE_SCORE,2023,096,GDHM_CAT1_LEAD_GOV,GDHM_Q02,0.0,Not Available
GDHM_SURVEY_COUNTRYRESPONSE_SCORE,2023,096,GDHM_CAT1_LEAD_GOV,GDHM_Q02a,0.0,Not Available
GDHM_SURVEY_COUNTRYRESPONSE_SCORE,2023,096,GDHM_CAT1_LEAD_GOV,GDHM_Q03,0.0,Not Available
GDHM_SURVEY_COUNTRYRESPONSE_SCORE,2023,096,GDHM_CAT1_LEAD_GOV,GDHM_Q04,0.0,Not Available
GDHM_SURVEY_COUNTRYRESPONSE_SCORE,2023,096,GDHM_CAT1_LEAD_GOV,GDHM_Q04a,0.0,Not Available
GDHM_SURVEY_CATEGORY_AVG,2023,096,GDHM_CAT1_LEAD_GOV,,1.0,Not Available
GDHM_SURVEY_COUNTRYRESPONSE_SCORE,2023,096,GDHM_CAT2_STRAT_INV,GDHM_Q05,0.0,Not Available
GDHM_SURVEY_COUNTRYRESPONSE_SCORE,2023,096,GDHM_CAT2_STRAT_INV,GDHM_Q05a,0.0,Not Available
GDHM_SURVEY_COUNTRYRESPONSE_SCORE,2023,096,GDHM_CAT2_STRAT_INV,GDHM_Q06,0.0,Not Available
GDHM_SURVEY_COUNTRYRESPONSE_SCORE,2023,096,GDHM_CAT2_STRAT_INV,GDHM_Q06a,0.0,Not Available
GDHM_SURVEY_CATEGORY_AVG,2023,096,GDHM_CAT2_STRAT_INV,,1.0,Not Available
GDHM_SURVEY_COUNTRYRESPONSE_SCORE,2023,096,GDHM_CAT3_LEG,GDHM_Q07,3.0,Phase 3
GDHM_SURVEY_COUNTRYRESPONSE_SCORE,2023,096,GDHM_CAT3_LEG,GDHM_Q08,0.0,Not Available
GDHM_SURVEY_COUNTRYRESPONSE_SCORE,2023,096,GDHM_CAT3_LEG,GDHM_Q09,0.0,Not Available
GDHM_SURVEY_COUNTRYRESPONSE_SCORE,2023,096,GDHM_CAT3_LEG,GDHM_Q09a,0.0,Not Available
GDHM_SURVEY_COUNTRYRESPONSE_SCORE,2023,096,GDHM_CAT3_LEG,GDHM_Q10,0.0,Not Available
GDHM_SURVEY_CATEGORY_AVG,2023,096,GDHM_CAT3_LEG,,3.0,Phase 3
GDHM_SURVEY_COUNTRYRESPONSE_SCORE,2023,096,GDHM_CAT4_WORKFORCE,GDHM_Q11,0.0,Not Available
GDHM_SURVEY_COUNTRYRESPONSE_SCORE,2023,096,GDHM_CAT4_WORKFORCE,GDHM_Q12,0.0,Not Available
GDHM_SURVEY_COUNTRYRESPONSE_SCORE,2023,096,GDHM_CAT4_WORKFORCE,GDHM_Q13,0.0,Not Available
GDHM_SURVEY_COUNTRYRESPONSE_SCORE,2023,096,GDHM_CAT4_WORKFORCE,GDHM_Q14,0.0,Not Available
GDHM_SURVEY_CATEGORY_AVG,2023,096,GDHM_CAT4_WORKFORCE,,1.0,Not Available
GDHM_SURVEY_COUNTRYRESPONSE_SCORE,2023,096,GDHM_CAT5_STANDARDS,GDHM_Q15,0.0,Not Available
GDHM_SURVEY_COUNTRYRESPONSE_SCORE,2023,096,GDHM_CAT5_STANDARDS,GDHM_Q16,0.0,Not Available
GDHM_SURVEY_CATEGORY_AVG,2023,096,GDHM_CAT5_STANDARDS,,1.0,Not Available
GDHM_SURVEY_COUNTRYRESPONSE_SCORE,2023,096,GDHM_CAT6_INFRASTRUCTURE,GDHM_Q17,0.0,Not Available
GDHM_SURVEY_COUNTRYRESPONSE_SCORE,2023,096,GDHM_CAT6_INFRASTRUCTURE,GDHM_Q18,4.0,Phase 4
GDHM_SURVEY_CATEGORY_AVG,2023,096,GDHM_CAT6_INFRASTRUCTURE,,4.0,Phase 4
GDHM_SURVEY_COUNTRYRESPONSE_SCORE,2023,096,GDHM_CAT7_SERV_APP,GDHM_Q19,0.0,Not Available
GDHM_SURVEY_COUNTRYRESPONSE_SCORE,2023,096,GDHM_CAT7_SERV_APP,GDHM_Q20,0.0,Not Available
GDHM_SURVEY_COUNTRYRESPONSE_SCORE,2023,096,GDHM_CAT7_SERV_APP,GDHM_Q21,0.0,Not Available
GDHM_SURVEY_COUNTRYRESPONSE_SCORE,2023,096,GDHM_CAT7_SERV_APP,GDHM_Q21a,0.0,Not Available
GDHM_SURVEY_COUNTRYRESPONSE_SCORE,2023,096,GDHM_CAT7_SERV_APP,GDHM_Q21b,0.0,Not Available
GDHM_SURVEY_COUNTRYRESPONSE_SCORE,2023,096,GDHM_CAT7_SERV_APP,GDHM_Q21c,0.0,Not Available
GDHM_SURVEY_COUNTRYRESPONSE_SCORE,2023,096,GDHM_CAT7_SERV_APP,GDHM_Q22,0.0,Not Available
GDHM_SURVEY_COUNTRYRESPONSE_SCORE,2023,096,GDHM_CAT7_SERV_APP,GDHM_Q23,0.0,Not Available
GDHM_SURVEY_CATEGORY_AVG,2023,096,GDHM_CAT7_SERV_APP,,1.0,Not Available
GDHM_SURVEY_COUNTRYRESPONSE_SCORE,2023,100,GDHM_CAT1_LEAD_GOV,GDHM_Q01,0.0,Not Available
GDHM_SURVEY_COUNTRYRESPONSE_SCORE,2023,100,GDHM_CAT1_LEAD_GOV,GDHM_Q02,0.0,Not Available
GDHM_SURVEY_COUNTRYRESPONSE_SCORE,2023,100,GDHM_CAT1_LEAD_GOV,GDHM_Q02a,0.0,Not Available
GDHM_SURVEY_COUNTRYRESPONSE_SCORE,2023,100,GDHM_CAT1_LEAD_GOV,GDHM_Q03,0.0,Not Available
GDHM_SURVEY_COUNTRYRESPONSE_SCORE,2023,100,GDHM_CAT1_LEAD_GOV,GDHM_Q04,4.0,Phase 4
GDHM_SURVEY_COUNTRYRESPONSE_SCORE,2023,100,GDHM_CAT1_LEAD_GOV,GDHM_Q04a,0.0,Not Available
GDHM_SURVEY_CATEGORY_AVG,2023,100,GDHM_CAT1_LEAD_GOV,,4.0,Phase 4
GDHM_SURVEY_COUNTRYRESPONSE_SCORE,2023,100,GDHM_CAT2_STRAT_INV,GDHM_Q05,0.0,Not Available
GDHM_SURVEY_COUNTRYRESPONSE_SCORE,2023,100,GDHM_CAT2_STRAT_INV,GDHM_Q05a,0.0,Not Available
GDHM_SURVEY_COUNTRYRESPONSE_SCORE,2023,100,GDHM_CAT2_STRAT_INV,GDHM_Q06,0.0,Not Available
GDHM_SURVEY_COUNTRYRESPONSE_SCORE,2023,100,GDHM_CAT2_STRAT_INV,GDHM_Q06a,3.0,Phase 3
GDHM_SURVEY_CATEGORY_AVG,2023,100,GDHM_CAT2_STRAT_INV,,1.0,Not Available
GDHM_SURVEY_COUNTRYRESPONSE_SCORE,2023,100,GDHM_CAT3_LEG,GDHM_Q07,4.0,Phase 4
GDHM_SURVEY_COUNTRYRESPONSE_SCORE,2023,100,GDHM_CAT3_LEG,GDHM_Q08,5.0,Phase 5
GDHM_SURVEY_COUNTRYRESPONSE_SCORE,2023,100,GDHM_CAT3_LEG,GDHM_Q09,3.0,Phase 3
GDHM_SURVEY_COUNTRYRESPONSE_SCORE,2023,100,GDHM_CAT3_LEG,GDHM_Q09a,0.0,Not Available
GDHM_SURVEY_COUNTRYRESPONSE_SCORE,2023,100,GDHM_CAT3_LEG,GDHM_Q10,0.0,Not Available
GDHM_SURVEY_CATEGORY_AVG,2023,100,GDHM_CAT3_LEG,,4.0,Phase 4
GDHM_SURVEY_COUNTRYRESPONSE_SCORE,2023,100,GDHM_CAT4_WORKFORCE,GDHM_Q11,0.0,Not Available
GDHM_SURVEY_COUNTRYRESPONSE_SCORE,2023,100,GDHM_CAT4_WORKFORCE,GDHM_Q12,0.0,Not Available
GDHM_SURVEY_COUNTRYRESPONSE_SCORE,2023,100,GDHM_CAT4_WORKFORCE,GDHM_Q13,0.0,Not Available
GDHM_SURVEY_COUNTRYRESPONSE_SCORE,2023,100,GDHM_CAT4_WORKFORCE,GDHM_Q14,0.0,Not Available
GDHM_SURVEY_CATEGORY_AVG,2023,100,GDHM_CAT4_WORKFORCE,,1.0,Not Available
GDHM_SURVEY_COUNTRYRESPONSE_SCORE,2023,100,GDHM_CAT5_STANDARDS,GDHM_Q15,0.0,Not Available
GDHM_SURVEY_COUNTRYRESPONSE_SCORE,2023,100,GDHM_CAT5_STANDARDS,GDHM_Q16,0.0,Not Available
GDHM_SURVEY_CATEGORY_AVG,2023,100,GDHM_CAT5_STANDARDS,,1.0,Not Available
GDHM_SURVEY_COUNTRYRESPONSE_SCORE,2023,100,GDHM_CAT6_INFRASTRUCTURE,GDHM_Q17,3.0,Phase 3
GDHM_SURVEY_COUNTRYRESPONSE_SCORE,2023,100,GDHM_CAT6_INFRASTRUCTURE,GDHM_Q18,5.0,Phase 5
GDHM_SURVEY_CATEGORY_AVG,2023,100,GDHM_CAT6_INFRASTRUCTURE,,4.0,Phase 4
GDHM_SURVEY_COUNTRYRESPONSE_SCORE,2023,100,GDHM_CAT7_SERV_APP,GDHM_Q19,0.0,Not Available
GDHM_SURVEY_COUNTRYRESPONSE_SCORE,2023,100,GDHM_CAT7_SERV_APP,GDHM_Q20,0.0,Not Available
GDHM_SURVEY_COUNTRYRESPONSE_SCORE,2023,100,GDHM_CAT7_SERV_APP,GDHM_Q21,0.0,Not Available
GDHM_SURVEY_COUNTRYRESPONSE_SCORE,2023,100,GDHM_CAT7_SERV_APP,GDHM_Q21a,0.0,Not Available
GDHM_SURVEY_COUNTRYRESPONSE_SCORE,2023,100,GDHM_CAT7_SERV_APP,GDHM_Q21b,0.0,Not Available
GDHM_SURVEY_COUNTRYRESPONSE_SCORE,2023,100,GDHM_CAT7_SERV_APP,GDHM_Q21c,0.0,Not Available
GDHM_SURVEY_COUNTRYRESPONSE_SCORE,2023,100,GDHM_CAT7_SERV_APP,GDHM_Q22,0.0,Not Available
GDHM_SURVEY_COUNTRYRESPONSE_SCORE,2023,100,GDHM_CAT7_SERV_APP,GDHM_Q23,0.0,Not Available
GDHM_SURVEY_CATEGORY_AVG,2023,100,GDHM_CAT7_SERV_APP,,1.0,Not Available
GDHM_SURVEY_COUNTRYRESPONSE_SCORE,2023,854,GDHM_CAT1_LEAD_GOV,GDHM_Q01,0.0,Not Available
GDHM_SURVEY_COUNTRYRESPONSE_SCORE,2023,854,GDHM_CAT1_LEAD_GOV,GDHM_Q02,0.0,Not Available
GDHM_SURVEY_COUNTRYRESPONSE_SCORE,2023,854,GDHM_CAT1_LEAD_GOV,GDHM_Q02a,0.0,Not Available
GDHM_SURVEY_COUNTRYRESPONSE_SCORE,2023,854,GDHM_CAT1_LEAD_GOV,GDHM_Q03,0.0,Not Available
GDHM_SURVEY_COUNTRYRESPONSE_SCORE,2023,854,GDHM_CAT1_LEAD_GOV,GDHM_Q04,2.0,Phase 2
GDHM_SURVEY_COUNTRYRESPONSE_SCORE,2023,854,GDHM_CAT1_LEAD_GOV,GDHM_Q04a,0.0,Not Available
GDHM_SURVEY_CATEGORY_AVG,2023,854,GDHM_CAT1_LEAD_GOV,,2.0,Phase 2
GDHM_SURVEY_COUNTRYRESPONSE_SCORE,2023,854,GDHM_CAT2_STRAT_INV,GDHM_Q05,0.0,Not Available
GDHM_SURVEY_COUNTRYRESPONSE_SCORE,2023,854,GDHM_CAT2_STRAT_INV,GDHM_Q05a,0.0,Not Available
GDHM_SURVEY_COUNTRYRESPONSE_SCORE,2023,854,GDHM_CAT2_STRAT_INV,GDHM_Q06,0.0,Not Available
GDHM_SURVEY_COUNTRYRESPONSE_SCORE,2023,854,GDHM_CAT2_STRAT_INV,GDHM_Q06a,2.0,Phase 2
GDHM_SURVEY_CATEGORY_AVG,2023,854,GDHM_CAT2_STRAT_INV,,1.0,Not Available
GDHM_SURVEY_COUNTRYRESPONSE_SCORE,2023,854,GDHM_CAT3_LEG,GDHM_Q07,2.0,Phase 2
GDHM_SURVEY_COUNTRYRESPONSE_SCORE,2023,854,GDHM_CAT3_LEG,GDHM_Q08,3.0,Phase 3
GDHM_SURVEY_COUNTRYRESPONSE_SCORE,2023,854,GDHM_CAT3_LEG,GDHM_Q09,0.0,Not Available
GDHM_SURVEY_COUNTRYRESPONSE_SCORE,2023,854,GDHM_CAT3_LEG,GDHM_Q09a,0.0,Not Available
GDHM_SURVEY_COUNTRYRESPONSE_SCORE,2023,854,GDHM_CAT3_LEG,GDHM_Q10,0.0,Not Available
GDHM_SURVEY_CATEGORY_AVG,2023,854,GDHM_CAT3_LEG,,3.0,Phase 3
GDHM_SURVEY_COUNTRYRESPONSE_SCORE,2023,854,GDHM_CAT4_WORKFORCE,GDHM_Q11,0.0,Not Available
GDHM_SURVEY_COUNTRYRESPONSE_SCORE,2023,854,GDHM_CAT4_WORKFORCE,GDHM_Q12,0.0,Not Available
GDHM_SURVEY_COUNTRYRESPONSE_SCORE,2023,854,GDHM_CAT4_WORKFORCE,GDHM_Q13,0.0,Not Available
GDHM_SURVEY_COUNTRYRESPONSE_SCORE,2023,854,GDHM_CAT4_WORKFORCE,GDHM_Q14,0.0,Not Available
GDHM_SURVEY_CATEGORY_AVG,2023,854,GDHM_CAT4_WORKFORCE,,1.0,Not Available
GDHM_SURVEY_COUNTRYRESPONSE_SCORE,2023,854,GDHM_CAT5_STANDARDS,GDHM_Q15,0.0,Not Available
GDHM_SURVEY_COUNTRYRESPONSE_SCORE,2023,854,GDHM_CAT5_STANDARDS,GDHM_Q16,0.0,Not Available
GDHM_SURVEY_CATEGORY_AVG,2023,854,GDHM_CAT5_STANDARDS,,1.0,Not Available
GDHM_SURVEY_COUNTRYRESPONSE_SCORE,2023,400,GDHM_CAT2_STRAT_INV,GDHM_Q05a,5.0,Phase 5
GDHM_SURVEY_COUNTRYRESPONSE_SCORE,2023,400,GDHM_CAT2_STRAT_INV,GDHM_Q06,2.0,Phase 2
GDHM_SURVEY_COUNTRYRESPONSE_SCORE,2023,400,GDHM_CAT2_STRAT_INV,GDHM_Q06a,2.0,Phase 2
GDHM_SURVEY_CATEGORY_AVG,2023,400,GDHM_CAT2_STRAT_INV,,2.0,Phase 2
GDHM_SURVEY_COUNTRYRESPONSE_SCORE,2023,400,GDHM_CAT3_LEG,GDHM_Q07,5.0,Phase 5
GDHM_SURVEY_COUNTRYRESPONSE_SCORE,2023,400,GDHM_CAT3_LEG,GDHM_Q08,2.0,Phase 2
GDHM_SURVEY_COUNTRYRESPONSE_SCORE,2023,400,GDHM_CAT3_LEG,GDHM_Q09,1.0,Phase 1
GDHM_SURVEY_COUNTRYRESPONSE_SCORE,2023,400,GDHM_CAT3_LEG,GDHM_Q09a,1.0,Phase 1
GDHM_SURVEY_COUNTRYRESPONSE_SCORE,2023,400,GDHM_CAT3_LEG,GDHM_Q10,4.0,Phase 4
GDHM_SURVEY_CATEGORY_AVG,2023,400,GDHM_CAT3_LEG,,3.0,Phase 3
GDHM_SURVEY_COUNTRYRESPONSE_SCORE,2023,400,GDHM_CAT4_WORKFORCE,GDHM_Q11,5.0,Phase 5
GDHM_SURVEY_COUNTRYRESPONSE_SCORE,2023,400,GDHM_CAT4_WORKFORCE,GDHM_Q12,1.0,Phase 1
GDHM_SURVEY_COUNTRYRESPONSE_SCORE,2023,400,GDHM_CAT4_WORKFORCE,GDHM_Q13,2.0,Phase 2
GDHM_SURVEY_COUNTRYRESPONSE_SCORE,2023,400,GDHM_CAT4_WORKFORCE,GDHM_Q14,1.0,Phase 1
GDHM_SURVEY_CATEGORY_AVG,2023,400,GDHM_CAT4_WORKFORCE,,3.0,Phase 3
GDHM_SURVEY_COUNTRYRESPONSE_SCORE,2023,400,GDHM_CAT5_STANDARDS,GDHM_Q15,2.0,Phase 2
GDHM_SURVEY_COUNTRYRESPONSE_SCORE,2023,400,GDHM_CAT5_STANDARDS,GDHM_Q16,1.0,Phase 1
GDHM_SURVEY_CATEGORY_AVG,2023,400,GDHM_CAT5_STANDARDS,,2.0,Phase 2
GDHM_SURVEY_COUNTRYRESPONSE_SCORE,2023,400,GDHM_CAT6_INFRASTRUCTURE,GDHM_Q17,4.0,Phase 4
GDHM_SURVEY_COUNTRYRESPONSE_SCORE,2023,400,GDHM_CAT6_INFRASTRUCTURE,GDHM_Q18,2.0,Phase 2
GDHM_SURVEY_CATEGORY_AVG,2023,400,GDHM_CAT6_INFRASTRUCTURE,,3.0,Phase 3
GDHM_SURVEY_COUNTRYRESPONSE_SCORE,2023,400,GDHM_CAT7_SERV_APP,GDHM_Q19,2.0,Phase 2
GDHM_SURVEY_COUNTRYRESPONSE_SCORE,2023,400,GDHM_CAT7_SERV_APP,GDHM_Q20,5.0,Phase 5
GDHM_SURVEY_COUNTRYRESPONSE_SCORE,2023,400,GDHM_CAT7_SERV_APP,GDHM_Q21,4.0,Phase 4
GDHM_SURVEY_COUNTRYRESPONSE_SCORE,2023,400,GDHM_CAT7_SERV_APP,GDHM_Q21a,3.0,Phase 3
GDHM_SURVEY_COUNTRYRESPONSE_SCORE,2023,400,GDHM_CAT7_SERV_APP,GDHM_Q21b,5.0,Phase 5
GDHM_SURVEY_COUNTRYRESPONSE_SCORE,2023,400,GDHM_CAT7_SERV_APP,GDHM_Q21c,5.0,Phase 5
GDHM_SURVEY_COUNTRYRESPONSE_SCORE,2023,400,GDHM_CAT7_SERV_APP,GDHM_Q22,4.0,Phase 4
GDHM_SURVEY_COUNTRYRESPONSE_SCORE,2023,400,GDHM_CAT7_SERV_APP,GDHM_Q23,5.0,Phase 5
GDHM_SURVEY_CATEGORY_AVG,2023,400,GDHM_CAT7_SERV_APP,,4.0,Phase 4
GDHM_SURVEY_COUNTRYRESPONSE_SCORE,2023,398,GDHM_CAT1_LEAD_GOV,GDHM_Q01,0.0,Not Available
GDHM_SURVEY_COUNTRYRESPONSE_SCORE,2023,398,GDHM_CAT1_LEAD_GOV,GDHM_Q02,0.0,Not Available
GDHM_SURVEY_COUNTRYRESPONSE_SCORE,2023,398,GDHM_CAT1_LEAD_GOV,GDHM_Q02a,0.0,Not Available
GDHM_SURVEY_COUNTRYRESPONSE_SCORE,2023,398,GDHM_CAT1_LEAD_GOV,GDHM_Q03,0.0,Not Available
GDHM_SURVEY_COUNTRYRESPONSE_SCORE,2023,398,GDHM_CAT1_LEAD_GOV,GDHM_Q04,4.0,Phase 4
GDHM_SURVEY_COUNTRYRESPONSE_SCORE,2023,398,GDHM_CAT1_LEAD_GOV,GDHM_Q04a,0.0,Not Available
GDHM_SURVEY_CATEGORY_AVG,2023,398,GDHM_CAT1_LEAD_GOV,,4.0,Phase 4
GDHM_SURVEY_COUNTRYRESPONSE_SCORE,2023,398,GDHM_CAT2_STRAT_INV,GDHM_Q05,0.0,Not Available
GDHM_SURVEY_COUNTRYRESPONSE_SCORE,2023,398,GDHM_CAT2_STRAT_INV,GDHM_Q05a,0.0,Not Available
GDHM_SURVEY_COUNTRYRESPONSE_SCORE,2023,398,GDHM_CAT2_STRAT_INV,GDHM_Q06,0.0,Not Available
GDHM_SURVEY_COUNTRYRESPONSE_SCORE,2023,398,GDHM_CAT2_STRAT_INV,GDHM_Q06a,3.0,Phase 3
GDHM_SURVEY_CATEGORY_AVG,2023,398,GDHM_CAT2_STRAT_INV,,1.0,Not Available
GDHM_SURVEY_COUNTRYRESPONSE_SCORE,2023,398,GDHM_CAT3_LEG,GDHM_Q07,5.0,Phase 5
GDHM_SURVEY_COUNTRYRESPONSE_SCORE,2023,398,GDHM_CAT3_LEG,GDHM_Q08,2.0,Phase 2
GDHM_SURVEY_COUNTRYRESPONSE_SCORE,2023,398,GDHM_CAT3_LEG,GDHM_Q09,3.0,Phase 3
GDHM_SURVEY_COUNTRYRESPONSE_SCORE,2023,398,GDHM_CAT3_LEG,GDHM_Q09a,0.0,Not Available
GDHM_SURVEY_COUNTRYRESPONSE_SCORE,2023,398,GDHM_CAT3_LEG,GDHM_Q10,0.0,Not Available
GDHM_SURVEY_CATEGORY_AVG,2023,398,GDHM_CAT3_LEG,,4.0,Phase 4
GDHM_SURVEY_COUNTRYRESPONSE_SCORE,2023,398,GDHM_CAT4_WORKFORCE,GDHM_Q11,0.0,Not Available
GDHM_SURVEY_COUNTRYRESPONSE_SCORE,2023,398,GDHM_CAT4_WORKFORCE,GDHM_Q12,0.0,Not Available
GDHM_SURVEY_COUNTRYRESPONSE_SCORE,2023,398,GDHM_CAT4_WORKFORCE,GDHM_Q13,0.0,Not Available
GDHM_SURVEY_COUNTRYRESPONSE_SCORE,2023,398,GDHM_CAT4_WORKFORCE,GDHM_Q14,0.0,Not Available
GDHM_SURVEY_CATEGORY_AVG,2023,398,GDHM_CAT4_WORKFORCE,,1.0,Not Available
GDHM_SURVEY_COUNTRYRESPONSE_SCORE,2023,398,GDHM_CAT5_STANDARDS,GDHM_Q15,0.0,Not Available
GDHM_SURVEY_COUNTRYRESPONSE_SCORE,2023,398,GDHM_CAT5_STANDARDS,GDHM_Q16,0.0,Not Available
GDHM_SURVEY_CATEGORY_AVG,2023,398,GDHM_CAT5_STANDARDS,,1.0,Not Available
GDHM_SURVEY_COUNTRYRESPONSE_SCORE,2023,398,GDHM_CAT6_INFRASTRUCTURE,GDHM_Q17,3.0,Phase 3
GDHM_SURVEY_COUNTRYRESPONSE_SCORE,2023,398,GDHM_CAT6_INFRASTRUCTURE,GDHM_Q18,4.0,Phase 4
GDHM_SURVEY_CATEGORY_AVG,2023,398,GDHM_CAT6_INFRASTRUCTURE,,4.0,Phase 4
GDHM_SURVEY_COUNTRYRESPONSE_SCORE,2023,398,GDHM_CAT7_SERV_APP,GDHM_Q19,0.0,Not Available
GDHM_SURVEY_COUNTRYRESPONSE_SCORE,2023,398,GDHM_CAT7_SERV_APP,GDHM_Q20,0.0,Not Available
GDHM_SURVEY_COUNTRYRESPONSE_SCORE,2023,398,GDHM_CAT7_SERV_APP,GDHM_Q21,0.0,Not Available
GDHM_SURVEY_COUNTRYRESPONSE_SCORE,2023,398,GDHM_CAT7_SERV_APP,GDHM_Q21a,0.0,Not Available
GDHM_SURVEY_COUNTRYRESPONSE_SCORE,2023,398,GDHM_CAT7_SERV_APP,GDHM_Q21b,0.0,Not Available
GDHM_SURVEY_COUNTRYRESPONSE_SCORE,2023,398,GDHM_CAT7_SERV_APP,GDHM_Q21c,0.0,Not Available
GDHM_SURVEY_COUNTRYRESPONSE_SCORE,2023,398,GDHM_CAT7_SERV_APP,GDHM_Q22,0.0,Not Available
GDHM_SURVEY_COUNTRYRESPONSE_SCORE,2023,398,GDHM_CAT7_SERV_APP,GDHM_Q23,0.0,Not Available
GDHM_SURVEY_CATEGORY_AVG,2023,398,GDHM_CAT7_SERV_APP,,1.0,Not Available
GDHM_SURVEY_COUNTRYRESPONSE_SCORE,2023,404,GDHM_CAT1_LEAD_GOV,GDHM_Q01,3.0,Phase 3
GDHM_SURVEY_COUNTRYRESPONSE_SCORE,2023,404,GDHM_CAT1_LEAD_GOV,GDHM_Q02,3.0,Phase 3
GDHM_SURVEY_COUNTRYRESPONSE_SCORE,2023,404,GDHM_CAT1_LEAD_GOV,GDHM_Q02a,4.0,Phase 4
GDHM_SURVEY_COUNTRYRESPONSE_SCORE,2023,404,GDHM_CAT1_LEAD_GOV,GDHM_Q03,1.0,Phase 1
GDHM_SURVEY_COUNTRYRESPONSE_SCORE,2023,404,GDHM_CAT1_LEAD_GOV,GDHM_Q04,1.0,Phase 1
GDHM_SURVEY_COUNTRYRESPONSE_SCORE,2023,404,GDHM_CAT1_LEAD_GOV,GDHM_Q04a,1.0,Phase 1
GDHM_SURVEY_CATEGORY_AVG,2023,404,GDHM_CAT1_LEAD_GOV,,2.0,Phase 2
GDHM_SURVEY_COUNTRYRESPONSE_SCORE,2023,404,GDHM_CAT2_STRAT_INV,GDHM_Q05,1.0,Phase 1
GDHM_SURVEY_COUNTRYRESPONSE_SCORE,2023,404,GDHM_CAT2_STRAT_INV,GDHM_Q05a,1.0,Phase 1
GDHM_SURVEY_COUNTRYRESPONSE_SCORE,2023,404,GDHM_CAT2_STRAT_INV,GDHM_Q06,4.0,Phase 4
GDHM_SURVEY_COUNTRYRESPONSE_SCORE,2023,404,GDHM_CAT2_STRAT_INV,GDHM_Q06a,2.0,Phase 2
GDHM_SURVEY_CATEGORY_AVG,2023,404,GDHM_CAT2_STRAT_INV,,3.0,Phase 3
GDHM_SURVEY_COUNTRYRESPONSE_SCORE,2023,404,GDHM_CAT3_LEG,GDHM_Q07,3.0,Phase 3
GDHM_SURVEY_COUNTRYRESPONSE_SCORE,2023,404,GDHM_CAT3_LEG,GDHM_Q08,3.0,Phase 3
GDHM_SURVEY_COUNTRYRESPONSE_SCORE,2023,404,GDHM_CAT3_LEG,GDHM_Q09,1.0,Phase 1
GDHM_SURVEY_COUNTRYRESPONSE_SCORE,2023,404,GDHM_CAT3_LEG,GDHM_Q09a,1.0,Phase 1
GDHM_SURVEY_COUNTRYRESPONSE_SCORE,2023,404,GDHM_CAT3_LEG,GDHM_Q10,1.0,Phase 1
GDHM_SURVEY_CATEGORY_AVG,2023,404,GDHM_CAT3_LEG,,2.0,Phase 2
GDHM_SURVEY_COUNTRYRESPONSE_SCORE,2023,404,GDHM_CAT4_WORKFORCE,GDHM_Q11,1.0,Phase 1
GDHM_SURVEY_COUNTRYRESPONSE_SCORE,2023,404,GDHM_CAT4_WORKFORCE,GDHM_Q12,1.0,Phase 1
GDHM_SURVEY_COUNTRYRESPONSE_SCORE,2023,404,GDHM_CAT4_WORKFORCE,GDHM_Q13,1.0,Phase 1
GDHM_SURVEY_COUNTRYRESPONSE_SCORE,2023,404,GDHM_CAT4_WORKFORCE,GDHM_Q14,1.0,Phase 1
GDHM_SURVEY_CATEGORY_AVG,2023,404,GDHM_CAT4_WORKFORCE,,1.0,Phase 1
GDHM_SURVEY_COUNTRYRESPONSE_SCORE,2023,404,GDHM_CAT5_STANDARDS,GDHM_Q15,2.0,Phase 2
GDHM_SURVEY_COUNTRYRESPONSE_SCORE,2023,404,GDHM_CAT5_STANDARDS,GDHM_Q16,2.0,Phase 2
GDHM_SURVEY_CATEGORY_AVG,2023,404,GDHM_CAT5_STANDARDS,,2.0,Phase 2
GDHM_SURVEY_COUNTRYRESPONSE_SCORE,2023,404,GDHM_CAT6_INFRASTRUCTURE,GDHM_Q17,3.0,Phase 3
GDHM_SURVEY_COUNTRYRESPONSE_SCORE,2023,404,GDHM_CAT6_INFRASTRUCTURE,GDHM_Q18,2.0,Phase 2
GDHM_SURVEY_CATEGORY_AVG,2023,404,GDHM_CAT6_INFRASTRUCTURE,,3.0,Phase 3
GDHM_SURVEY_COUNTRYRESPONSE_SCORE,2023,404,GDHM_CAT7_SERV_APP,GDHM_Q19,1.0,Phase 1
GDHM_SURVEY_COUNTRYRESPONSE_SCORE,2023,404,GDHM_CAT7_SERV_APP,GDHM_Q20,2.0,Phase 2
GDHM_SURVEY_COUNTRYRESPONSE_SCORE,2023,404,GDHM_CAT7_SERV_APP,GDHM_Q21,2.0,Phase 2
GDHM_SURVEY_COUNTRYRESPONSE_SCORE,2023,404,GDHM_CAT7_SERV_APP,GDHM_Q21a,2.0,Phase 2
GDHM_SURVEY_COUNTRYRESPONSE_SCORE,2023,404,GDHM_CAT7_SERV_APP,GDHM_Q21b,2.0,Phase 2
GDHM_SURVEY_COUNTRYRESPONSE_SCORE,2023,404,GDHM_CAT7_SERV_APP,GDHM_Q21c,2.0,Phase 2
GDHM_SURVEY_COUNTRYRESPONSE_SCORE,2023,404,GDHM_CAT7_SERV_APP,GDHM_Q22,1.0,Phase 1
GDHM_SURVEY_COUNTRYRESPONSE_SCORE,2023,404,GDHM_CAT7_SERV_APP,GDHM_Q23,3.0,Phase 3
GDHM_SURVEY_CATEGORY_AVG,2023,404,GDHM_CAT7_SERV_APP,,2.0,Phase 2
GDHM_SURVEY_COUNTRYRESPONSE_SCORE,2023,414,GDHM_CAT1_LEAD_GOV,GDHM_Q01,0.0,Not Available
GDHM_SURVEY_COUNTRYRESPONSE_SCORE,2023,414,GDHM_CAT1_LEAD_GOV,GDHM_Q02,0.0,Not Available
GDHM_SURVEY_COUNTRYRESPONSE_SCORE,2023,414,GDHM_CAT1_LEAD_GOV,GDHM_Q02a,0.0,Not Available
GDHM_SURVEY_COUNTRYRESPONSE_SCORE,2023,414,GDHM_CAT1_LEAD_GOV,GDHM_Q03,0.0,Not Available
GDHM_SURVEY_COUNTRYRESPONSE_SCORE,2023,414,GDHM_CAT1_LEAD_GOV,GDHM_Q04,4.0,Phase 4
GDHM_SURVEY_COUNTRYRESPONSE_SCORE,2023,414,GDHM_CAT1_LEAD_GOV,GDHM_Q04a,0.0,Not Available
GDHM_SURVEY_CATEGORY_AVG,2023,414,GDHM_CAT1_LEAD_GOV,,4.0,Phase 4
GDHM_SURVEY_COUNTRYRESPONSE_SCORE,2023,414,GDHM_CAT2_STRAT_INV,GDHM_Q05,0.0,Not Available
GDHM_SURVEY_COUNTRYRESPONSE_SCORE,2023,414,GDHM_CAT2_STRAT_INV,GDHM_Q05a,0.0,Not Available
GDHM_SURVEY_COUNTRYRESPONSE_SCORE,2023,414,GDHM_CAT2_STRAT_INV,GDHM_Q06,0.0,Not Available
GDHM_SURVEY_COUNTRYRESPONSE_SCORE,2023,414,GDHM_CAT2_STRAT_INV,GDHM_Q06a,2.0,Phase 2
GDHM_SURVEY_CATEGORY_AVG,2023,414,GDHM_CAT2_STRAT_INV,,1.0,Not Available
GDHM_SURVEY_COUNTRYRESPONSE_SCORE,2023,414,GDHM_CAT3_LEG,GDHM_Q07,4.0,Phase 4
GDHM_SURVEY_COUNTRYRESPONSE_SCORE,2023,414,GDHM_CAT3_LEG,GDHM_Q08,3.0,Phase 3
GDHM_SURVEY_COUNTRYRESPONSE_SCORE,2023,414,GDHM_CAT3_LEG,GDHM_Q09,2.0,Phase 2
GDHM_SURVEY_COUNTRYRESPONSE_SCORE,2023,414,GDHM_CAT3_LEG,GDHM_Q09a,0.0,Not Available
GDHM_SURVEY_COUNTRYRESPONSE_SCORE,2023,414,GDHM_CAT3_LEG,GDHM_Q10,0.0,Not Available
GDHM_SURVEY_CATEGORY_AVG,2023,414,GDHM_CAT3_LEG,,3.0,Phase 3
GDHM_SURVEY_COUNTRYRESPONSE_SCORE,2023,414,GDHM_CAT4_WORKFORCE,GDHM_Q11,0.0,Not Available
GDHM_SURVEY_COUNTRYRESPONSE_SCORE,2023,414,GDHM_CAT4_WORKFORCE,GDHM_Q12,0.0,Not Available
GDHM_SURVEY_COUNTRYRESPONSE_SCORE,2023,414,GDHM_CAT4_WORKFORCE,GDHM_Q13,0.0,Not Available
GDHM_SURVEY_COUNTRYRESPONSE_SCORE,2023,414,GDHM_CAT4_WORKFORCE,GDHM_Q14,0.0,Not Available
GDHM_SURVEY_CATEGORY_AVG,2023,414,GDHM_CAT4_WORKFORCE,,1.0,Not Available
GDHM_SURVEY_COUNTRYRESPONSE_SCORE,2023,414,GDHM_CAT5_STANDARDS,GDHM_Q15,0.0,Not Available
GDHM_SURVEY_COUNTRYRESPONSE_SCORE,2023,414,GDHM_CAT5_STANDARDS,GDHM_Q16,0.0,Not Available
GDHM_SURVEY_CATEGORY_AVG,2023,414,GDHM_CAT5_STANDARDS,,1.0,Not Available
GDHM_SURVEY_COUNTRYRESPONSE_SCORE,2023,414,GDHM_CAT6_INFRASTRUCTURE,GDHM_Q17,3.0,Phase 3
GDHM_SURVEY_COUNTRYRESPONSE_SCORE,2023,414,GDHM_CAT6_INFRASTRUCTURE,GDHM_Q18,4.0,Phase 4
GDHM_SURVEY_CATEGORY_AVG,2023,414,GDHM_CAT6_INFRASTRUCTURE,,4.0,Phase 4
GDHM_SURVEY_COUNTRYRESPONSE_SCORE,2023,414,GDHM_CAT7_SERV_APP,GDHM_Q19,0.0,Not Available
GDHM_SURVEY_COUNTRYRESPONSE_SCORE,2023,414,GDHM_CAT7_SERV_APP,GDHM_Q20,0.0,Not Available
GDHM_SURVEY_COUNTRYRESPONSE_SCORE,2023,414,GDHM_CAT7_SERV_APP,GDHM_Q21,0.0,Not Available
GDHM_SURVEY_COUNTRYRESPONSE_SCORE,2023,414,GDHM_CAT7_SERV_APP,GDHM_Q21a,0.0,Not Available
GDHM_SURVEY_COUNTRYRESPONSE_SCORE,2023,414,GDHM_CAT7_SERV_APP,GDHM_Q21b,0.0,Not Available
GDHM_SURVEY_COUNTRYRESPONSE_SCORE,2023,414,GDHM_CAT7_SERV_APP,GDHM_Q21c,0.0,Not Available
GDHM_SURVEY_COUNTRYRESPONSE_SCORE,2023,414,GDHM_CAT7_SERV_APP,GDHM_Q22,0.0,Not Available
GDHM_SURVEY_COUNTRYRESPONSE_SCORE,2023,414,GDHM_CAT7_SERV_APP,GDHM_Q23,0.0,Not Available
GDHM_SURVEY_CATEGORY_AVG,2023,414,GDHM_CAT7_SERV_APP,,1.0,Not Available
GDHM_SURVEY_COUNTRYRESPONSE_SCORE,2023,417,GDHM_CAT1_LEAD_GOV,GDHM_Q01,0.0,Not Available
GDHM_SURVEY_COUNTRYRESPONSE_SCORE,2023,417,GDHM_CAT1_LEAD_GOV,GDHM_Q02,0.0,Not Available
GDHM_SURVEY_COUNTRYRESPONSE_SCORE,2023,417,GDHM_CAT1_LEAD_GOV,GDHM_Q02a,0.0,Not Available
GDHM_SURVEY_COUNTRYRESPONSE_SCORE,2023,417,GDHM_CAT1_LEAD_GOV,GDHM_Q03,0.0,Not Available
GDHM_SURVEY_COUNTRYRESPONSE_SCORE,2023,417,GDHM_CAT1_LEAD_GOV,GDHM_Q04,4.0,Phase 4
GDHM_SURVEY_COUNTRYRESPONSE_SCORE,2023,417,GDHM_CAT1_LEAD_GOV,GDHM_Q04a,0.0,Not Available
GDHM_SURVEY_CATEGORY_AVG,2023,417,GDHM_CAT1_LEAD_GOV,,4.0,Phase 4
GDHM_SURVEY_COUNTRYRESPONSE_SCORE,2023,417,GDHM_CAT2_STRAT_INV,GDHM_Q05,0.0,Not Available
GDHM_SURVEY_COUNTRYRESPONSE_SCORE,2023,417,GDHM_CAT2_STRAT_INV,GDHM_Q05a,0.0,Not Available
GDHM_SURVEY_COUNTRYRESPONSE_SCORE,2023,417,GDHM_CAT2_STRAT_INV,GDHM_Q06,0.0,Not Available
GDHM_SURVEY_COUNTRYRESPONSE_SCORE,2023,417,GDHM_CAT2_STRAT_INV,GDHM_Q06a,2.0,Phase 2
GDHM_SURVEY_CATEGORY_AVG,2023,417,GDHM_CAT2_STRAT_INV,,1.0,Not Available
GDHM_SURVEY_COUNTRYRESPONSE_SCORE,2023,417,GDHM_CAT3_LEG,GDHM_Q07,3.0,Phase 3
GDHM_SURVEY_COUNTRYRESPONSE_SCORE,2023,417,GDHM_CAT3_LEG,GDHM_Q08,3.0,Phase 3
GDHM_SURVEY_COUNTRYRESPONSE_SCORE,2023,417,GDHM_CAT3_LEG,GDHM_Q09,2.0,Phase 2
GDHM_SURVEY_COUNTRYRESPONSE_SCORE,2023,417,GDHM_CAT3_LEG,GDHM_Q09a,0.0,Not Available
GDHM_SURVEY_COUNTRYRESPONSE_SCORE,2023,686,GDHM_CAT7_SERV_APP,GDHM_Q23,4.0,Phase 4
GDHM_SURVEY_CATEGORY_AVG,2023,686,GDHM_CAT7_SERV_APP,,3.0,Phase 3
GDHM_SURVEY_COUNTRYRESPONSE_SCORE,2023,688,GDHM_CAT1_LEAD_GOV,GDHM_Q01,0.0,Not Available
GDHM_SURVEY_COUNTRYRESPONSE_SCORE,2023,688,GDHM_CAT1_LEAD_GOV,GDHM_Q02,0.0,Not Available
GDHM_SURVEY_COUNTRYRESPONSE_SCORE,2023,688,GDHM_CAT1_LEAD_GOV,GDHM_Q02a,0.0,Not Available
GDHM_SURVEY_COUNTRYRESPONSE_SCORE,2023,688,GDHM_CAT1_LEAD_GOV,GDHM_Q03,0.0,Not Available
GDHM_SURVEY_COUNTRYRESPONSE_SCORE,2023,688,GDHM_CAT1_LEAD_GOV,GDHM_Q04,4.0,Phase 4
GDHM_SURVEY_COUNTRYRESPONSE_SCORE,2023,688,GDHM_CAT1_LEAD_GOV,GDHM_Q04a,0.0,Not Available
GDHM_SURVEY_CATEGORY_AVG,2023,688,GDHM_CAT1_LEAD_GOV,,4.0,Phase 4
GDHM_SURVEY_COUNTRYRESPONSE_SCORE,2023,688,GDHM_CAT2_STRAT_INV,GDHM_Q05,0.0,Not Available
GDHM_SURVEY_COUNTRYRESPONSE_SCORE,2023,688,GDHM_CAT2_STRAT_INV,GDHM_Q05a,0.0,Not Available
GDHM_SURVEY_COUNTRYRESPONSE_SCORE,2023,688,GDHM_CAT2_STRAT_INV,GDHM_Q06,0.0,Not Available
GDHM_SURVEY_COUNTRYRESPONSE_SCORE,2023,688,GDHM_CAT2_STRAT_INV,GDHM_Q06a,3.0,Phase 3
GDHM_SURVEY_CATEGORY_AVG,2023,688,GDHM_CAT2_STRAT_INV,,1.0,Not Available
GDHM_SURVEY_COUNTRYRESPONSE_SCORE,2023,688,GDHM_CAT3_LEG,GDHM_Q07,5.0,Phase 5
GDHM_SURVEY_COUNTRYRESPONSE_SCORE,2023,688,GDHM_CAT3_LEG,GDHM_Q08,5.0,Phase 5
GDHM_SURVEY_COUNTRYRESPONSE_SCORE,2023,688,GDHM_CAT3_LEG,GDHM_Q09,2.0,Phase 2
GDHM_SURVEY_COUNTRYRESPONSE_SCORE,2023,688,GDHM_CAT3_LEG,GDHM_Q09a,0.0,Not Available
GDHM_SURVEY_COUNTRYRESPONSE_SCORE,2023,688,GDHM_CAT3_LEG,GDHM_Q10,0.0,Not Available
GDHM_SURVEY_CATEGORY_AVG,2023,688,GDHM_CAT3_LEG,,4.0,Phase 4
GDHM_SURVEY_COUNTRYRESPONSE_SCORE,2023,688,GDHM_CAT4_WORKFORCE,GDHM_Q11,0.0,Not Available
GDHM_SURVEY_COUNTRYRESPONSE_SCORE,2023,688,GDHM_CAT4_WORKFORCE,GDHM_Q12,0.0,Not Available
GDHM_SURVEY_COUNTRYRESPONSE_SCORE,2023,688,GDHM_CAT4_WORKFORCE,GDHM_Q13,0.0,Not Available
GDHM_SURVEY_COUNTRYRESPONSE_SCORE,2023,688,GDHM_CAT4_WORKFORCE,GDHM_Q14,0.0,Not Available
GDHM_SURVEY_CATEGORY_AVG,2023,688,GDHM_CAT4_WORKFORCE,,1.0,Not Available
GDHM_SURVEY_COUNTRYRESPONSE_SCORE,2023,688,GDHM_CAT5_STANDARDS,GDHM_Q15,0.0,Not Available
GDHM_SURVEY_COUNTRYRESPONSE_SCORE,2023,688,GDHM_CAT5_STANDARDS,GDHM_Q16,0.0,Not Available
GDHM_SURVEY_CATEGORY_AVG,2023,688,GDHM_CAT5_STANDARDS,,1.0,Not Available
GDHM_SURVEY_COUNTRYRESPONSE_SCORE,2023,688,GDHM_CAT6_INFRASTRUCTURE,GDHM_Q17,3.0,Phase 3
GDHM_SURVEY_COUNTRYRESPONSE_SCORE,2023,688,GDHM_CAT6_INFRASTRUCTURE,GDHM_Q18,4.0,Phase 4
GDHM_SURVEY_CATEGORY_AVG,2023,688,GDHM_CAT6_INFRASTRUCTURE,,4.0,Phase 4
GDHM_SURVEY_COUNTRYRESPONSE_SCORE,2023,688,GDHM_CAT7_SERV_APP,GDHM_Q19,0.0,Not Available
GDHM_SURVEY_COUNTRYRESPONSE_SCORE,2023,688,GDHM_CAT7_SERV_APP,GDHM_Q20,0.0,Not Available
GDHM_SURVEY_COUNTRYRESPONSE_SCORE,2023,688,GDHM_CAT7_SERV_APP,GDHM_Q21,0.0,Not Available
GDHM_SURVEY_COUNTRYRESPONSE_SCORE,2023,688,GDHM_CAT7_SERV_APP,GDHM_Q21a,0.0,Not Available
GDHM_SURVEY_COUNTRYRESPONSE_SCORE,2023,688,GDHM_CAT7_SERV_APP,GDHM_Q21b,0.0,Not Available
GDHM_SURVEY_COUNTRYRESPONSE_SCORE,2023,688,GDHM_CAT7_SERV_APP,GDHM_Q21c,0.0,Not Available
GDHM_SURVEY_COUNTRYRESPONSE_SCORE,2023,688,GDHM_CAT7_SERV_APP,GDHM_Q22,0.0,Not Available
GDHM_SURVEY_COUNTRYRESPONSE_SCORE,2023,688,GDHM_CAT7_SERV_APP,GDHM_Q23,0.0,Not Available
GDHM_SURVEY_CATEGORY_AVG,2023,688,GDHM_CAT7_SERV_APP,,1.0,Not Available
GDHM_SURVEY_COUNTRYRESPONSE_SCORE,2023,694,GDHM_CAT1_LEAD_GOV,GDHM_Q01,2.0,Phase 2
GDHM_SURVEY_COUNTRYRESPONSE_SCORE,2023,694,GDHM_CAT1_LEAD_GOV,GDHM_Q02,3.0,Phase 3
GDHM_SURVEY_COUNTRYRESPONSE_SCORE,2023,694,GDHM_CAT1_LEAD_GOV,GDHM_Q02a,1.0,Phase 1
GDHM_SURVEY_COUNTRYRESPONSE_SCORE,2023,694,GDHM_CAT1_LEAD_GOV,GDHM_Q03,1.0,Phase 1
GDHM_SURVEY_COUNTRYRESPONSE_SCORE,2023,694,GDHM_CAT1_LEAD_GOV,GDHM_Q04,1.0,Phase 1
GDHM_SURVEY_COUNTRYRESPONSE_SCORE,2023,694,GDHM_CAT1_LEAD_GOV,GDHM_Q04a,1.0,Phase 1
GDHM_SURVEY_CATEGORY_AVG,2023,694,GDHM_CAT1_LEAD_GOV,,2.0,Phase 2
GDHM_SURVEY_COUNTRYRESPONSE_SCORE,2023,694,GDHM_CAT2_STRAT_INV,GDHM_Q05,3.0,Phase 3
GDHM_SURVEY_COUNTRYRESPONSE_SCORE,2023,694,GDHM_CAT2_STRAT_INV,GDHM_Q05a,4.0,Phase 4
GDHM_SURVEY_COUNTRYRESPONSE_SCORE,2023,694,GDHM_CAT2_STRAT_INV,GDHM_Q06,1.0,Phase 1
GDHM_SURVEY_COUNTRYRESPONSE_SCORE,2023,694,GDHM_CAT2_STRAT_INV,GDHM_Q06a,2.0,Phase 2
GDHM_SURVEY_CATEGORY_AVG,2023,694,GDHM_CAT2_STRAT_INV,,2.0,Phase 2
GDHM_SURVEY_COUNTRYRESPONSE_SCORE,2023,694,GDHM_CAT3_LEG,GDHM_Q07,3.0,Phase 3
GDHM_SURVEY_COUNTRYRESPONSE_SCORE,2023,694,GDHM_CAT3_LEG,GDHM_Q08,2.0,Phase 2
GDHM_SURVEY_COUNTRYRESPONSE_SCORE,2023,694,GDHM_CAT3_LEG,GDHM_Q09,2.0,Phase 2
GDHM_SURVEY_COUNTRYRESPONSE_SCORE,2023,694,GDHM_CAT3_LEG,GDHM_Q09a,1.0,Phase 1
GDHM_SURVEY_COUNTRYRESPONSE_SCORE,2023,694,GDHM_CAT3_LEG,GDHM_Q10,4.0,Phase 4
GDHM_SURVEY_CATEGORY_AVG,2023,694,GDHM_CAT3_LEG,,3.0,Phase 3
GDHM_SURVEY_COUNTRYRESPONSE_SCORE,2023,694,GDHM_CAT4_WORKFORCE,GDHM_Q11,1.0,Phase 1
GDHM_SURVEY_COUNTRYRESPONSE_SCORE,2023,694,GDHM_CAT4_WORKFORCE,GDHM_Q12,1.0,Phase 1
GDHM_SURVEY_COUNTRYRESPONSE_SCORE,2023,694,GDHM_CAT4_WORKFORCE,GDHM_Q13,1.0,Phase 1
GDHM_SURVEY_COUNTRYRESPONSE_SCORE,2023,694,GDHM_CAT4_WORKFORCE,GDHM_Q14,1.0,Phase 1
GDHM_SURVEY_CATEGORY_AVG,2023,694,GDHM_CAT4_WORKFORCE,,1.0,Phase 1
GDHM_SURVEY_COUNTRYRESPONSE_SCORE,2023,694,GDHM_CAT5_STANDARDS,GDHM_Q15,2.0,Phase 2
GDHM_SURVEY_COUNTRYRESPONSE_SCORE,2023,694,GDHM_CAT5_STANDARDS,GDHM_Q16,2.0,Phase 2
GDHM_SURVEY_CATEGORY_AVG,2023,694,GDHM_CAT5_STANDARDS,,2.0,Phase 2
GDHM_SURVEY_COUNTRYRESPONSE_SCORE,2023,694,GDHM_CAT6_INFRASTRUCTURE,GDHM_Q17,0.0,Not Available
GDHM_SURVEY_COUNTRYRESPONSE_SCORE,2023,694,GDHM_CAT6_INFRASTRUCTURE,GDHM_Q18,1.0,Phase 1
GDHM_SURVEY_CATEGORY_AVG,2023,694,GDHM_CAT6_INFRASTRUCTURE,,1.0,Phase 1
GDHM_SURVEY_COUNTRYRESPONSE_SCORE,2023,694,GDHM_CAT7_SERV_APP,GDHM_Q19,4.0,Phase 4
GDHM_SURVEY_COUNTRYRESPONSE_SCORE,2023,694,GDHM_CAT7_SERV_APP,GDHM_Q20,3.0,Phase 3
GDHM_SURVEY_COUNTRYRESPONSE_SCORE,2023,694,GDHM_CAT7_SERV_APP,GDHM_Q21,2.0,Phase 2
GDHM_SURVEY_COUNTRYRESPONSE_SCORE,2023,694,GDHM_CAT7_SERV_APP,GDHM_Q21a,1.0,Phase 1
GDHM_SURVEY_COUNTRYRESPONSE_SCORE,2023,694,GDHM_CAT7_SERV_APP,GDHM_Q21b,1.0,Phase 1
GDHM_SURVEY_COUNTRYRESPONSE_SCORE,2023,694,GDHM_CAT7_SERV_APP,GDHM_Q21c,1.0,Phase 1
GDHM_SURVEY_COUNTRYRESPONSE_SCORE,2023,694,GDHM_CAT7_SERV_APP,GDHM_Q22,1.0,Phase 1
GDHM_SURVEY_COUNTRYRESPONSE_SCORE,2023,694,GDHM_CAT7_SERV_APP,GDHM_Q23,4.0,Phase 4
GDHM_SURVEY_CATEGORY_AVG,2023,694,GDHM_CAT7_SERV_APP,,3.0,Phase 3
GDHM_SURVEY_COUNTRYRESPONSE_SCORE,2023,702,GDHM_CAT1_LEAD_GOV,GDHM_Q01,0.0,Not Available
GDHM_SURVEY_COUNTRYRESPONSE_SCORE,2023,702,GDHM_CAT1_LEAD_GOV,GDHM_Q02,0.0,Not Available
GDHM_SURVEY_COUNTRYRESPONSE_SCORE,2023,702,GDHM_CAT1_LEAD_GOV,GDHM_Q02a,0.0,Not Available
GDHM_SURVEY_COUNTRYRESPONSE_SCORE,2023,702,GDHM_CAT1_LEAD_GOV,GDHM_Q03,0.0,Not Available
GDHM_SURVEY_COUNTRYRESPONSE_SCORE,2023,702,GDHM_CAT1_LEAD_GOV,GDHM_Q04,5.0,Phase 5
GDHM_SURVEY_COUNTRYRESPONSE_SCORE,2023,702,GDHM_CAT1_LEAD_GOV,GDHM_Q04a,0.0,Not Available
GDHM_SURVEY_CATEGORY_AVG,2023,702,GDHM_CAT1_LEAD_GOV,,5.0,Phase 5
GDHM_SURVEY_COUNTRYRESPONSE_SCORE,2023,702,GDHM_CAT2_STRAT_INV,GDHM_Q05,0.0,Not Available
GDHM_SURVEY_COUNTRYRESPONSE_SCORE,2023,702,GDHM_CAT2_STRAT_INV,GDHM_Q05a,0.0,Not Available
GDHM_SURVEY_COUNTRYRESPONSE_SCORE,2023,702,GDHM_CAT2_STRAT_INV,GDHM_Q06,0.0,Not Available
GDHM_SURVEY_COUNTRYRESPONSE_SCORE,2023,702,GDHM_CAT2_STRAT_INV,GDHM_Q06a,4.0,Phase 4
GDHM_SURVEY_CATEGORY_AVG,2023,702,GDHM_CAT2_STRAT_INV,,1.0,Not Available
GDHM_SURVEY_COUNTRYRESPONSE_SCORE,2023,702,GDHM_CAT3_LEG,GDHM_Q07,5.0,Phase 5
GDHM_SURVEY_COUNTRYRESPONSE_SCORE,2023,702,GDHM_CAT3_LEG,GDHM_Q08,3.0,Phase 3
GDHM_SURVEY_COUNTRYRESPONSE_SCORE,2023,702,GDHM_CAT3_LEG,GDHM_Q09,5.0,Phase 5
GDHM_SURVEY_COUNTRYRESPONSE_SCORE,2023,702,GDHM_CAT3_LEG,GDHM_Q09a,0.0,Not Available
GDHM_SURVEY_COUNTRYRESPONSE_SCORE,2023,702,GDHM_CAT3_LEG,GDHM_Q10,0.0,Not Available
GDHM_SURVEY_CATEGORY_AVG,2023,702,GDHM_CAT3_LEG,,5.0,Phase 5
GDHM_SURVEY_COUNTRYRESPONSE_SCORE,2023,702,GDHM_CAT4_WORKFORCE,GDHM_Q11,0.0,Not Available
GDHM_SURVEY_COUNTRYRESPONSE_SCORE,2023,702,GDHM_CAT4_WORKFORCE,GDHM_Q12,0.0,Not Available
GDHM_SURVEY_COUNTRYRESPONSE_SCORE,2023,702,GDHM_CAT4_WORKFORCE,GDHM_Q13,0.0,Not Available
GDHM_SURVEY_COUNTRYRESPONSE_SCORE,2023,702,GDHM_CAT4_WORKFORCE,GDHM_Q14,0.0,Not Available
GDHM_SURVEY_CATEGORY_AVG,2023,702,GDHM_CAT4_WORKFORCE,,1.0,Not Available
GDHM_SURVEY_COUNTRYRESPONSE_SCORE,2023,702,GDHM_CAT5_STANDARDS,GDHM_Q15,0.0,Not Available
GDHM_SURVEY_COUNTRYRESPONSE_SCORE,2023,702,GDHM_CAT5_STANDARDS,GDHM_Q16,0.0,Not Available
GDHM_SURVEY_CATEGORY_AVG,2023,702,GDHM_CAT5_STANDARDS,,1.0,Not Available
GDHM_SURVEY_COUNTRYRESPONSE_SCORE,2023,702,GDHM_CAT6_INFRASTRUCTURE,GDHM_Q17,4.0,Phase 4
GDHM_SURVEY_COUNTRYRESPONSE_SCORE,2023,702,GDHM_CAT6_INFRASTRUCTURE,GDHM_Q18,5.0,Phase 5
GDHM_SURVEY_CATEGORY_AVG,2023,702,GDHM_CAT6_INFRASTRUCTURE,,5.0,Phase 5
GDHM_SURVEY_COUNTRYRESPONSE_SCORE,2023,702,GDHM_CAT7_SERV_APP,GDHM_Q19,0.0,Not Available
GDHM_SURVEY_COUNTRYRESPONSE_SCORE,2023,702,GDHM_CAT7_SERV_APP,GDHM_Q20,0.0,Not Available
GDHM_SURVEY_COUNTRYRESPONSE_SCORE,2023,702,GDHM_CAT7_SERV_APP,GDHM_Q21,0.0,Not Available
GDHM_SURVEY_COUNTRYRESPONSE_SCORE,2023,702,GDHM_CAT7_SERV_APP,GDHM_Q21a,0.0,Not Available
GDHM_SURVEY_COUNTRYRESPONSE_SCORE,2023,702,GDHM_CAT7_SERV_APP,GDHM_Q21b,0.0,Not Available
GDHM_SURVEY_COUNTRYRESPONSE_SCORE,2023,702,GDHM_CAT7_SERV_APP,GDHM_Q21c,0.0,Not Available
GDHM_SURVEY_COUNTRYRESPONSE_SCORE,2023,702,GDHM_CAT7_SERV_APP,GDHM_Q22,0.0,Not Available
GDHM_SURVEY_COUNTRYRESPONSE_SCORE,2023,702,GDHM_CAT7_SERV_APP,GDHM_Q23,0.0,Not Available
GDHM_SURVEY_CATEGORY_AVG,2023,702,GDHM_CAT7_SERV_APP,,1.0,Not Available
GDHM_SURVEY_COUNTRYRESPONSE_SCORE,2023,703,GDHM_CAT1_LEAD_GOV,GDHM_Q01,0.0,Not Available
GDHM_SURVEY_COUNTRYRESPONSE_SCORE,2023,703,GDHM_CAT1_LEAD_GOV,GDHM_Q02,0.0,Not Available
GDHM_SURVEY_COUNTRYRESPONSE_SCORE,2023,703,GDHM_CAT1_LEAD_GOV,GDHM_Q02a,0.0,Not Available
GDHM_SURVEY_COUNTRYRESPONSE_SCORE,2023,703,GDHM_CAT1_LEAD_GOV,GDHM_Q03,0.0,Not Available
GDHM_SURVEY_COUNTRYRESPONSE_SCORE,2023,703,GDHM_CAT1_LEAD_GOV,GDHM_Q04,4.0,Phase 4
GDHM_SURVEY_COUNTRYRESPONSE_SCORE,2023,703,GDHM_CAT1_LEAD_GOV,GDHM_Q04a,0.0,Not Available
GDHM_SURVEY_CATEGORY_AVG,2023,703,GDHM_CAT1_LEAD_GOV,,4.0,Phase 4
GDHM_SURVEY_COUNTRYRESPONSE_SCORE,2023,703,GDHM_CAT2_STRAT_INV,GDHM_Q05,0.0,Not Available
GDHM_SURVEY_COUNTRYRESPONSE_SCORE,2023,703,GDHM_CAT2_STRAT_INV,GDHM_Q05a,0.0,Not Available
GDHM_SURVEY_COUNTRYRESPONSE_SCORE,2023,703,GDHM_CAT2_STRAT_INV,GDHM_Q06,0.0,Not Available
GDHM_SURVEY_COUNTRYRESPONSE_SCORE,2023,703,GDHM_CAT2_STRAT_INV,GDHM_Q06a,3.0,Phase 3
GDHM_SURVEY_CATEGORY_AVG,2023,703,GDHM_CAT2_STRAT_INV,,1.0,Not Available
GDHM_SURVEY_COUNTRYRESPONSE_SCORE,2023,703,GDHM_CAT3_LEG,GDHM_Q07,5.0,Phase 5
GDHM_SURVEY_COUNTRYRESPONSE_SCORE,2023,703,GDHM_CAT3_LEG,GDHM_Q08,5.0,Phase 5
GDHM_SURVEY_COUNTRYRESPONSE_SCORE,2023,703,GDHM_CAT3_LEG,GDHM_Q09,3.0,Phase 3
GDHM_SURVEY_COUNTRYRESPONSE_SCORE,2023,703,GDHM_CAT3_LEG,GDHM_Q09a,0.0,Not Available
GDHM_SURVEY_COUNTRYRESPONSE_SCORE,2023,703,GDHM_CAT3_LEG,GDHM_Q10,0.0,Not Available
GDHM_SURVEY_CATEGORY_AVG,2023,703,GDHM_CAT3_LEG,,5.0,Phase 5
GDHM_SURVEY_COUNTRYRESPONSE_SCORE,2023,703,GDHM_CAT4_WORKFORCE,GDHM_Q11,0.0,Not Available
GDHM_SURVEY_COUNTRYRESPONSE_SCORE,2023,703,GDHM_CAT4_WORKFORCE,GDHM_Q12,0.0,Not Available
GDHM_SURVEY_COUNTRYRESPONSE_SCORE,2023,703,GDHM_CAT4_WORKFORCE,GDHM_Q13,0.0,Not Available
GDHM_SURVEY_COUNTRYRESPONSE_SCORE,2023,703,GDHM_CAT4_WORKFORCE,GDHM_Q14,0.0,Not Available
GDHM_SURVEY_CATEGORY_AVG,2023,703,GDHM_CAT4_WORKFORCE,,1.0,Not Available
GDHM_SURVEY_COUNTRYRESPONSE_SCORE,2023,703,GDHM_CAT5_STANDARDS,GDHM_Q15,0.0,Not Available
GDHM_SURVEY_COUNTRYRESPONSE_SCORE,2023,703,GDHM_CAT5_STANDARDS,GDHM_Q16,0.0,Not Available
GDHM_SURVEY_CATEGORY_AVG,2023,703,GDHM_CAT5_STANDARDS,,1.0,Not Available
GDHM_SURVEY_COUNTRYRESPONSE_SCORE,2023,703,GDHM_CAT6_INFRASTRUCTURE,GDHM_Q17,3.0,Phase 3
GDHM_SURVEY_COUNTRYRESPONSE_SCORE,2023,703,GDHM_CAT6_INFRASTRUCTURE,GDHM_Q18,5.0,Phase 5
GDHM_SURVEY_CATEGORY_AVG,2023,703,GDHM_CAT6_INFRASTRUCTURE,,4.0,Phase 4
GDHM_SURVEY_COUNTRYRESPONSE_SCORE,2023,703,GDHM_CAT7_SERV_APP,GDHM_Q19,0.0,Not Available
GDHM_SURVEY_COUNTRYRESPONSE_SCORE,2023,703,GDHM_CAT7_SERV_APP,GDHM_Q20,0.0,Not Available
GDHM_SURVEY_COUNTRYRESPONSE_SCORE,2023,703,GDHM_CAT7_SERV_APP,GDHM_Q21,0.0,Not Available
GDHM_SURVEY_COUNTRYRESPONSE_SCORE,2023,703,GDHM_CAT7_SERV_APP,GDHM_Q21a,0.0,Not Available
GDHM_SURVEY_COUNTRYRESPONSE_SCORE,2023,703,GDHM_CAT7_SERV_APP,GDHM_Q21b,0.0,Not Available
GDHM_SURVEY_COUNTRYRESPONSE_SCORE,2023,703,GDHM_CAT7_SERV_APP,GDHM_Q21c,0.0,Not Available
GDHM_SURVEY_COUNTRYRESPONSE_SCORE,2023,703,GDHM_CAT7_SERV_APP,GDHM_Q22,0.0,Not Available
GDHM_SURVEY_COUNTRYRESPONSE_SCORE,2023,703,GDHM_CAT7_SERV_APP,GDHM_Q23,0.0,Not Available
GDHM_SURVEY_CATEGORY_AVG,2023,703,GDHM_CAT7_SERV_APP,,1.0,Not Available
GDHM_SURVEY_COUNTRYRESPONSE_SCORE,2023,705,GDHM_CAT1_LEAD_GOV,GDHM_Q01,0.0,Not Available
GDHM_SURVEY_COUNTRYRESPONSE_SCORE,2023,705,GDHM_CAT1_LEAD_GOV,GDHM_Q02,0.0,Not Available
GDHM_SURVEY_COUNTRYRESPONSE_SCORE,2023,705,GDHM_CAT1_LEAD_GOV,GDHM_Q02a,0.0,Not Available
GDHM_SURVEY_COUNTRYRESPONSE_SCORE,2023,705,GDHM_CAT1_LEAD_GOV,GDHM_Q03,0.0,Not Available
GDHM_SURVEY_COUNTRYRESPONSE_SCORE,2023,705,GDHM_CAT1_LEAD_GOV,GDHM_Q04,4.0,Phase 4
GDHM_SURVEY_COUNTRYRESPONSE_SCORE,2023,705,GDHM_CAT1_LEAD_GOV,GDHM_Q04a,0.0,Not Available
GDHM_SURVEY_COUNTRYRESPONSE_SCORE,2024,450,GDHM_CAT6_INFRASTRUCTURE,GDHM_Q17,2.0,Phase 2
GDHM_SURVEY_COUNTRYRESPONSE_SCORE,2024,450,GDHM_CAT6_INFRASTRUCTURE,GDHM_Q18,1.0,Phase 1
GDHM_SURVEY_CATEGORY_AVG,2024,450,GDHM_CAT6_INFRASTRUCTURE,,2.0,Phase 2
GDHM_SURVEY_COUNTRYRESPONSE_SCORE,2024,450,GDHM_CAT7_SERV_APP,GDHM_Q19,2.0,Phase 2
GDHM_SURVEY_COUNTRYRESPONSE_SCORE,2024,450,GDHM_CAT7_SERV_APP,GDHM_Q20,1.0,Phase 1
GDHM_SURVEY_COUNTRYRESPONSE_SCORE,2024,450,GDHM_CAT7_SERV_APP,GDHM_Q21,1.0,Phase 1
GDHM_SURVEY_COUNTRYRESPONSE_SCORE,2024,450,GDHM_CAT7_SERV_APP,GDHM_Q21a,1.0,Phase 1
GDHM_SURVEY_COUNTRYRESPONSE_SCORE,2024,450,GDHM_CAT7_SERV_APP,GDHM_Q21b,2.0,Phase 2
GDHM_SURVEY_COUNTRYRESPONSE_SCORE,2024,450,GDHM_CAT7_SERV_APP,GDHM_Q21c,1.0,Phase 1
GDHM_SURVEY_COUNTRYRESPONSE_SCORE,2024,450,GDHM_CAT7_SERV_APP,GDHM_Q22,1.0,Phase 1
GDHM_SURVEY_COUNTRYRESPONSE_SCORE,2024,450,GDHM_CAT7_SERV_APP,GDHM_Q23,5.0,Phase 5
GDHM_SURVEY_CATEGORY_AVG,2024,450,GDHM_CAT7_SERV_APP,,2.0,Phase 2
GDHM_SURVEY_COUNTRYRESPONSE_SCORE,2024,454,GDHM_CAT1_LEAD_GOV,GDHM_Q01,4.0,Phase 4
GDHM_SURVEY_COUNTRYRESPONSE_SCORE,2024,454,GDHM_CAT1_LEAD_GOV,GDHM_Q02,4.0,Phase 4
GDHM_SURVEY_COUNTRYRESPONSE_SCORE,2024,454,GDHM_CAT1_LEAD_GOV,GDHM_Q02a,5.0,Phase 5
GDHM_SURVEY_COUNTRYRESPONSE_SCORE,2024,454,GDHM_CAT1_LEAD_GOV,GDHM_Q03,4.0,Phase 4
GDHM_SURVEY_COUNTRYRESPONSE_SCORE,2024,454,GDHM_CAT1_LEAD_GOV,GDHM_Q04,3.0,Phase 3
GDHM_SURVEY_COUNTRYRESPONSE_SCORE,2024,454,GDHM_CAT1_LEAD_GOV,GDHM_Q04a,3.0,Phase 3
GDHM_SURVEY_CATEGORY_AVG,2024,454,GDHM_CAT1_LEAD_GOV,,4.0,Phase 4
GDHM_SURVEY_COUNTRYRESPONSE_SCORE,2024,454,GDHM_CAT2_STRAT_INV,GDHM_Q05,5.0,Phase 5
GDHM_SURVEY_COUNTRYRESPONSE_SCORE,2024,454,GDHM_CAT2_STRAT_INV,GDHM_Q05a,5.0,Phase 5
GDHM_SURVEY_COUNTRYRESPONSE_SCORE,2024,454,GDHM_CAT2_STRAT_INV,GDHM_Q06,3.0,Phase 3
GDHM_SURVEY_COUNTRYRESPONSE_SCORE,2024,454,GDHM_CAT2_STRAT_INV,GDHM_Q06a,2.0,Phase 2
GDHM_SURVEY_CATEGORY_AVG,2024,454,GDHM_CAT2_STRAT_INV,,4.0,Phase 4
GDHM_SURVEY_COUNTRYRESPONSE_SCORE,2024,454,GDHM_CAT3_LEG,GDHM_Q07,2.0,Phase 2
GDHM_SURVEY_COUNTRYRESPONSE_SCORE,2024,454,GDHM_CAT3_LEG,GDHM_Q08,5.0,Phase 5
GDHM_SURVEY_COUNTRYRESPONSE_SCORE,2024,454,GDHM_CAT3_LEG,GDHM_Q09,1.0,Phase 1
GDHM_SURVEY_COUNTRYRESPONSE_SCORE,2024,454,GDHM_CAT3_LEG,GDHM_Q09a,1.0,Phase 1
GDHM_SURVEY_COUNTRYRESPONSE_SCORE,2024,454,GDHM_CAT3_LEG,GDHM_Q10,2.0,Phase 2
GDHM_SURVEY_CATEGORY_AVG,2024,454,GDHM_CAT3_LEG,,3.0,Phase 3
GDHM_SURVEY_COUNTRYRESPONSE_SCORE,2024,454,GDHM_CAT4_WORKFORCE,GDHM_Q11,4.0,Phase 4
GDHM_SURVEY_COUNTRYRESPONSE_SCORE,2024,454,GDHM_CAT4_WORKFORCE,GDHM_Q12,3.0,Phase 3
GDHM_SURVEY_COUNTRYRESPONSE_SCORE,2024,454,GDHM_CAT4_WORKFORCE,GDHM_Q13,4.0,Phase 4
GDHM_SURVEY_COUNTRYRESPONSE_SCORE,2024,454,GDHM_CAT4_WORKFORCE,GDHM_Q14,3.0,Phase 3
GDHM_SURVEY_CATEGORY_AVG,2024,454,GDHM_CAT4_WORKFORCE,,4.0,Phase 4
GDHM_SURVEY_COUNTRYRESPONSE_SCORE,2024,454,GDHM_CAT5_STANDARDS,GDHM_Q15,5.0,Phase 5
GDHM_SURVEY_COUNTRYRESPONSE_SCORE,2024,454,GDHM_CAT5_STANDARDS,GDHM_Q16,5.0,Phase 5
GDHM_SURVEY_CATEGORY_AVG,2024,454,GDHM_CAT5_STANDARDS,,5.0,Phase 5
GDHM_SURVEY_COUNTRYRESPONSE_SCORE,2024,454,GDHM_CAT6_INFRASTRUCTURE,GDHM_Q17,3.0,Phase 3
GDHM_SURVEY_COUNTRYRESPONSE_SCORE,2024,454,GDHM_CAT6_INFRASTRUCTURE,GDHM_Q18,3.0,Phase 3
GDHM_SURVEY_CATEGORY_AVG,2024,454,GDHM_CAT6_INFRASTRUCTURE,,3.0,Phase 3
GDHM_SURVEY_COUNTRYRESPONSE_SCORE,2024,454,GDHM_CAT7_SERV_APP,GDHM_Q19,2.0,Phase 2
GDHM_SURVEY_COUNTRYRESPONSE_SCORE,2024,454,GDHM_CAT7_SERV_APP,GDHM_Q20,4.0,Phase 4
GDHM_SURVEY_COUNTRYRESPONSE_SCORE,2024,454,GDHM_CAT7_SERV_APP,GDHM_Q21,3.0,Phase 3
GDHM_SURVEY_COUNTRYRESPONSE_SCORE,2024,454,GDHM_CAT7_SERV_APP,GDHM_Q21a,3.0,Phase 3
GDHM_SURVEY_COUNTRYRESPONSE_SCORE,2024,454,GDHM_CAT7_SERV_APP,GDHM_Q21b,4.0,Phase 4
GDHM_SURVEY_COUNTRYRESPONSE_SCORE,2024,454,GDHM_CAT7_SERV_APP,GDHM_Q21c,3.0,Phase 3
GDHM_SURVEY_COUNTRYRESPONSE_SCORE,2024,454,GDHM_CAT7_SERV_APP,GDHM_Q22,2.0,Phase 2
GDHM_SURVEY_COUNTRYRESPONSE_SCORE,2024,454,GDHM_CAT7_SERV_APP,GDHM_Q23,4.0,Phase 4
GDHM_SURVEY_CATEGORY_AVG,2024,454,GDHM_CAT7_SERV_APP,,3.0,Phase 3
GDHM_SURVEY_COUNTRYRESPONSE_SCORE,2024,462,GDHM_CAT1_LEAD_GOV,GDHM_Q01,4.0,Phase 4
GDHM_SURVEY_COUNTRYRESPONSE_SCORE,2024,462,GDHM_CAT1_LEAD_GOV,GDHM_Q02,3.0,Phase 3
GDHM_SURVEY_COUNTRYRESPONSE_SCORE,2024,462,GDHM_CAT1_LEAD_GOV,GDHM_Q02a,0.0,Not Available
GDHM_SURVEY_COUNTRYRESPONSE_SCORE,2024,462,GDHM_CAT1_LEAD_GOV,GDHM_Q03,1.0,Phase 1
GDHM_SURVEY_COUNTRYRESPONSE_SCORE,2024,462,GDHM_CAT1_LEAD_GOV,GDHM_Q04,0.0,Not Available
GDHM_SURVEY_COUNTRYRESPONSE_SCORE,2024,462,GDHM_CAT1_LEAD_GOV,GDHM_Q04a,0.0,Not Available
GDHM_SURVEY_CATEGORY_AVG,2024,462,GDHM_CAT1_LEAD_GOV,,3.0,Phase 3
GDHM_SURVEY_COUNTRYRESPONSE_SCORE,2024,462,GDHM_CAT2_STRAT_INV,GDHM_Q05,1.0,Phase 1
GDHM_SURVEY_COUNTRYRESPONSE_SCORE,2024,462,GDHM_CAT2_STRAT_INV,GDHM_Q05a,0.0,Not Available
GDHM_SURVEY_COUNTRYRESPONSE_SCORE,2024,462,GDHM_CAT2_STRAT_INV,GDHM_Q06,3.0,Phase 3
GDHM_SURVEY_COUNTRYRESPONSE_SCORE,2024,462,GDHM_CAT2_STRAT_INV,GDHM_Q06a,2.0,Phase 2
GDHM_SURVEY_CATEGORY_AVG,2024,462,GDHM_CAT2_STRAT_INV,,2.0,Phase 2
GDHM_SURVEY_COUNTRYRESPONSE_SCORE,2024,462,GDHM_CAT3_LEG,GDHM_Q07,1.0,Phase 1
GDHM_SURVEY_COUNTRYRESPONSE_SCORE,2024,462,GDHM_CAT3_LEG,GDHM_Q08,1.0,Phase 1
GDHM_SURVEY_COUNTRYRESPONSE_SCORE,2024,462,GDHM_CAT3_LEG,GDHM_Q09,1.0,Phase 1
GDHM_SURVEY_COUNTRYRESPONSE_SCORE,2024,462,GDHM_CAT3_LEG,GDHM_Q09a,3.0,Phase 3
GDHM_SURVEY_COUNTRYRESPONSE_SCORE,2024,462,GDHM_CAT3_LEG,GDHM_Q10,1.0,Phase 1
GDHM_SURVEY_CATEGORY_AVG,2024,462,GDHM_CAT3_LEG,,1.0,Phase 1
GDHM_SURVEY_COUNTRYRESPONSE_SCORE,2024,462,GDHM_CAT4_WORKFORCE,GDHM_Q11,3.0,Phase 3
GDHM_SURVEY_COUNTRYRESPONSE_SCORE,2024,462,GDHM_CAT4_WORKFORCE,GDHM_Q12,1.0,Phase 1
GDHM_SURVEY_COUNTRYRESPONSE_SCORE,2024,462,GDHM_CAT4_WORKFORCE,GDHM_Q13,1.0,Phase 1
GDHM_SURVEY_COUNTRYRESPONSE_SCORE,2024,462,GDHM_CAT4_WORKFORCE,GDHM_Q14,1.0,Phase 1
GDHM_SURVEY_CATEGORY_AVG,2024,462,GDHM_CAT4_WORKFORCE,,2.0,Phase 2
GDHM_SURVEY_COUNTRYRESPONSE_SCORE,2024,462,GDHM_CAT5_STANDARDS,GDHM_Q15,1.0,Phase 1
GDHM_SURVEY_COUNTRYRESPONSE_SCORE,2024,462,GDHM_CAT5_STANDARDS,GDHM_Q16,1.0,Phase 1
GDHM_SURVEY_CATEGORY_AVG,2024,462,GDHM_CAT5_STANDARDS,,1.0,Phase 1
GDHM_SURVEY_COUNTRYRESPONSE_SCORE,2024,462,GDHM_CAT6_INFRASTRUCTURE,GDHM_Q17,0.0,Not Available
GDHM_SURVEY_COUNTRYRESPONSE_SCORE,2024,462,GDHM_CAT6_INFRASTRUCTURE,GDHM_Q18,1.0,Phase 1
GDHM_SURVEY_CATEGORY_AVG,2024,462,GDHM_CAT6_INFRASTRUCTURE,,1.0,Phase 1
GDHM_SURVEY_COUNTRYRESPONSE_SCORE,2024,462,GDHM_CAT7_SERV_APP,GDHM_Q19,2.0,Phase 2
GDHM_SURVEY_COUNTRYRESPONSE_SCORE,2024,462,GDHM_CAT7_SERV_APP,GDHM_Q20,1.0,Phase 1
GDHM_SURVEY_COUNTRYRESPONSE_SCORE,2024,462,GDHM_CAT7_SERV_APP,GDHM_Q21,1.0,Phase 1
GDHM_SURVEY_COUNTRYRESPONSE_SCORE,2024,462,GDHM_CAT7_SERV_APP,GDHM_Q21a,1.0,Phase 1
GDHM_SURVEY_COUNTRYRESPONSE_SCORE,2024,462,GDHM_CAT7_SERV_APP,GDHM_Q21b,5.0,Phase 5
GDHM_SURVEY_COUNTRYRESPONSE_SCORE,2024,462,GDHM_CAT7_SERV_APP,GDHM_Q21c,5.0,Phase 5
GDHM_SURVEY_COUNTRYRESPONSE_SCORE,2024,462,GDHM_CAT7_SERV_APP,GDHM_Q22,2.0,Phase 2
GDHM_SURVEY_COUNTRYRESPONSE_SCORE,2024,462,GDHM_CAT7_SERV_APP,GDHM_Q23,3.0,Phase 3
GDHM_SURVEY_CATEGORY_AVG,2024,462,GDHM_CAT7_SERV_APP,,2.0,Phase 2
GDHM_SURVEY_COUNTRYRESPONSE_SCORE,2024,466,GDHM_CAT1_LEAD_GOV,GDHM_Q01,5.0,Phase 5
GDHM_SURVEY_COUNTRYRESPONSE_SCORE,2024,466,GDHM_CAT1_LEAD_GOV,GDHM_Q02,5.0,Phase 5
GDHM_SURVEY_COUNTRYRESPONSE_SCORE,2024,466,GDHM_CAT1_LEAD_GOV,GDHM_Q02a,5.0,Phase 5
GDHM_SURVEY_COUNTRYRESPONSE_SCORE,2024,466,GDHM_CAT1_LEAD_GOV,GDHM_Q03,0.0,Not Available
GDHM_SURVEY_COUNTRYRESPONSE_SCORE,2024,466,GDHM_CAT1_LEAD_GOV,GDHM_Q04,1.0,Phase 1
GDHM_SURVEY_COUNTRYRESPONSE_SCORE,2024,466,GDHM_CAT1_LEAD_GOV,GDHM_Q04a,1.0,Phase 1
GDHM_SURVEY_CATEGORY_AVG,2024,466,GDHM_CAT1_LEAD_GOV,,4.0,Phase 4
GDHM_SURVEY_COUNTRYRESPONSE_SCORE,2024,466,GDHM_CAT2_STRAT_INV,GDHM_Q05,3.0,Phase 3
GDHM_SURVEY_COUNTRYRESPONSE_SCORE,2024,466,GDHM_CAT2_STRAT_INV,GDHM_Q05a,3.0,Phase 3
GDHM_SURVEY_COUNTRYRESPONSE_SCORE,2024,466,GDHM_CAT2_STRAT_INV,GDHM_Q06,5.0,Phase 5
GDHM_SURVEY_COUNTRYRESPONSE_SCORE,2024,466,GDHM_CAT2_STRAT_INV,GDHM_Q06a,2.0,Phase 2
GDHM_SURVEY_CATEGORY_AVG,2024,466,GDHM_CAT2_STRAT_INV,,4.0,Phase 4
GDHM_SURVEY_COUNTRYRESPONSE_SCORE,2024,466,GDHM_CAT3_LEG,GDHM_Q07,4.0,Phase 4
GDHM_SURVEY_COUNTRYRESPONSE_SCORE,2024,466,GDHM_CAT3_LEG,GDHM_Q08,4.0,Phase 4
GDHM_SURVEY_COUNTRYRESPONSE_SCORE,2024,466,GDHM_CAT3_LEG,GDHM_Q09,1.0,Phase 1
GDHM_SURVEY_COUNTRYRESPONSE_SCORE,2024,466,GDHM_CAT3_LEG,GDHM_Q09a,1.0,Phase 1
GDHM_SURVEY_COUNTRYRESPONSE_SCORE,2024,466,GDHM_CAT3_LEG,GDHM_Q10,1.0,Phase 1
GDHM_SURVEY_CATEGORY_AVG,2024,466,GDHM_CAT3_LEG,,3.0,Phase 3
GDHM_SURVEY_COUNTRYRESPONSE_SCORE,2024,466,GDHM_CAT4_WORKFORCE,GDHM_Q11,3.0,Phase 3
GDHM_SURVEY_COUNTRYRESPONSE_SCORE,2024,466,GDHM_CAT4_WORKFORCE,GDHM_Q12,3.0,Phase 3
GDHM_SURVEY_COUNTRYRESPONSE_SCORE,2024,466,GDHM_CAT4_WORKFORCE,GDHM_Q13,4.0,Phase 4
GDHM_SURVEY_COUNTRYRESPONSE_SCORE,2024,466,GDHM_CAT4_WORKFORCE,GDHM_Q14,1.0,Phase 1
GDHM_SURVEY_CATEGORY_AVG,2024,466,GDHM_CAT4_WORKFORCE,,3.0,Phase 3
GDHM_SURVEY_COUNTRYRESPONSE_SCORE,2024,466,GDHM_CAT5_STANDARDS,GDHM_Q15,2.0,Phase 2
GDHM_SURVEY_COUNTRYRESPONSE_SCORE,2024,466,GDHM_CAT5_STANDARDS,GDHM_Q16,1.0,Phase 1
GDHM_SURVEY_CATEGORY_AVG,2024,466,GDHM_CAT5_STANDARDS,,2.0,Phase 2
GDHM_SURVEY_COUNTRYRESPONSE_SCORE,2024,466,GDHM_CAT6_INFRASTRUCTURE,GDHM_Q17,3.0,Phase 3
GDHM_SURVEY_COUNTRYRESPONSE_SCORE,2024,466,GDHM_CAT6_INFRASTRUCTURE,GDHM_Q18,1.0,Phase 1
GDHM_SURVEY_CATEGORY_AVG,2024,466,GDHM_CAT6_INFRASTRUCTURE,,2.0,Phase 2
GDHM_SURVEY_COUNTRYRESPONSE_SCORE,2024,466,GDHM_CAT7_SERV_APP,GDHM_Q19,3.0,Phase 3
GDHM_SURVEY_COUNTRYRESPONSE_SCORE,2024,466,GDHM_CAT7_SERV_APP,GDHM_Q20,2.0,Phase 2
GDHM_SURVEY_COUNTRYRESPONSE_SCORE,2024,466,GDHM_CAT7_SERV_APP,GDHM_Q21,1.0,Phase 1
GDHM_SURVEY_COUNTRYRESPONSE_SCORE,2024,466,GDHM_CAT7_SERV_APP,GDHM_Q21a,1.0,Phase 1
GDHM_SURVEY_COUNTRYRESPONSE_SCORE,2024,466,GDHM_CAT7_SERV_APP,GDHM_Q21b,1.0,Phase 1
GDHM_SURVEY_COUNTRYRESPONSE_SCORE,2024,466,GDHM_CAT7_SERV_APP,GDHM_Q21c,1.0,Phase 1
GDHM_SURVEY_COUNTRYRESPONSE_SCORE,2024,466,GDHM_CAT7_SERV_APP,GDHM_Q22,2.0,Phase 2
GDHM_SURVEY_COUNTRYRESPONSE_SCORE,2024,466,GDHM_CAT7_SERV_APP,GDHM_Q23,3.0,Phase 3
GDHM_SURVEY_CATEGORY_AVG,2024,466,GDHM_CAT7_SERV_APP,,3.0,Phase 3
GDHM_SURVEY_COUNTRYRESPONSE_SCORE,2024,504,GDHM_CAT1_LEAD_GOV,GDHM_Q01,2.0,Phase 2
GDHM_SURVEY_COUNTRYRESPONSE_SCORE,2024,504,GDHM_CAT1_LEAD_GOV,GDHM_Q02,4.0,Phase 4
GDHM_SURVEY_COUNTRYRESPONSE_SCORE,2024,504,GDHM_CAT1_LEAD_GOV,GDHM_Q02a,4.0,Phase 4
GDHM_SURVEY_COUNTRYRESPONSE_SCORE,2024,504,GDHM_CAT1_LEAD_GOV,GDHM_Q03,1.0,Phase 1
GDHM_SURVEY_COUNTRYRESPONSE_SCORE,2024,504,GDHM_CAT1_LEAD_GOV,GDHM_Q04,4.0,Phase 4
GDHM_SURVEY_COUNTRYRESPONSE_SCORE,2024,504,GDHM_CAT1_LEAD_GOV,GDHM_Q04a,3.0,Phase 3
GDHM_SURVEY_CATEGORY_AVG,2024,504,GDHM_CAT1_LEAD_GOV,,3.0,Phase 3
GDHM_SURVEY_COUNTRYRESPONSE_SCORE,2024,504,GDHM_CAT2_STRAT_INV,GDHM_Q05,1.0,Phase 1
GDHM_SURVEY_COUNTRYRESPONSE_SCORE,2024,504,GDHM_CAT2_STRAT_INV,GDHM_Q05a,1.0,Phase 1
GDHM_SURVEY_COUNTRYRESPONSE_SCORE,2024,504,GDHM_CAT2_STRAT_INV,GDHM_Q06,2.0,Phase 2
GDHM_SURVEY_COUNTRYRESPONSE_SCORE,2024,504,GDHM_CAT2_STRAT_INV,GDHM_Q06a,2.0,Phase 2
GDHM_SURVEY_CATEGORY_AVG,2024,504,GDHM_CAT2_STRAT_INV,,2.0,Phase 2
GDHM_SURVEY_COUNTRYRESPONSE_SCORE,2024,504,GDHM_CAT3_LEG,GDHM_Q07,3.0,Phase 3
GDHM_SURVEY_COUNTRYRESPONSE_SCORE,2024,504,GDHM_CAT3_LEG,GDHM_Q08,3.0,Phase 3
GDHM_SURVEY_COUNTRYRESPONSE_SCORE,2024,504,GDHM_CAT3_LEG,GDHM_Q09,1.0,Phase 1
GDHM_SURVEY_COUNTRYRESPONSE_SCORE,2024,504,GDHM_CAT3_LEG,GDHM_Q09a,1.0,Phase 1
GDHM_SURVEY_COUNTRYRESPONSE_SCORE,2024,504,GDHM_CAT3_LEG,GDHM_Q10,1.0,Phase 1
GDHM_SURVEY_CATEGORY_AVG,2024,504,GDHM_CAT3_LEG,,2.0,Phase 2
GDHM_SURVEY_COUNTRYRESPONSE_SCORE,2024,504,GDHM_CAT4_WORKFORCE,GDHM_Q11,1.0,Phase 1
GDHM_SURVEY_COUNTRYRESPONSE_SCORE,2024,504,GDHM_CAT4_WORKFORCE,GDHM_Q12,1.0,Phase 1
GDHM_SURVEY_COUNTRYRESPONSE_SCORE,2024,504,GDHM_CAT4_WORKFORCE,GDHM_Q13,1.0,Phase 1
GDHM_SURVEY_COUNTRYRESPONSE_SCORE,2024,504,GDHM_CAT4_WORKFORCE,GDHM_Q14,1.0,Phase 1
GDHM_SURVEY_CATEGORY_AVG,2024,504,GDHM_CAT4_WORKFORCE,,1.0,Phase 1
GDHM_SURVEY_COUNTRYRESPONSE_SCORE,2024,504,GDHM_CAT5_STANDARDS,GDHM_Q15,1.0,Phase 1
GDHM_SURVEY_COUNTRYRESPONSE_SCORE,2024,504,GDHM_CAT5_STANDARDS,GDHM_Q16,1.0,Phase 1
GDHM_SURVEY_CATEGORY_AVG,2024,504,GDHM_CAT5_STANDARDS,,1.0,Phase 1
GDHM_SURVEY_COUNTRYRESPONSE_SCORE,2024,504,GDHM_CAT6_INFRASTRUCTURE,GDHM_Q17,3.0,Phase 3
GDHM_SURVEY_COUNTRYRESPONSE_SCORE,2024,504,GDHM_CAT6_INFRASTRUCTURE,GDHM_Q18,3.0,Phase 3
GDHM_SURVEY_CATEGORY_AVG,2024,504,GDHM_CAT6_INFRASTRUCTURE,,3.0,Phase 3
GDHM_SURVEY_COUNTRYRESPONSE_SCORE,2024,504,GDHM_CAT7_SERV_APP,GDHM_Q19,2.0,Phase 2
GDHM_SURVEY_COUNTRYRESPONSE_SCORE,2024,504,GDHM_CAT7_SERV_APP,GDHM_Q20,3.0,Phase 3
GDHM_SURVEY_COUNTRYRESPONSE_SCORE,2024,504,GDHM_CAT7_SERV_APP,GDHM_Q21,1.0,Phase 1
GDHM_SURVEY_COUNTRYRESPONSE_SCORE,2024,504,GDHM_CAT7_SERV_APP,GDHM_Q21a,1.0,Phase 1
GDHM_SURVEY_COUNTRYRESPONSE_SCORE,2024,504,GDHM_CAT7_SERV_APP,GDHM_Q21b,5.0,Phase 5
GDHM_SURVEY_COUNTRYRESPONSE_SCORE,2023,910,GDHM_CAT4_WORKFORCE,GDHM_Q11,0.0,Phase 0
GDHM_SURVEY_COUNTRYRESPONSE_SCORE,2023,910,GDHM_CAT3_LEG,GDHM_Q10,1.0,Phase 1
GDHM_SURVEY_COUNTRYRESPONSE_SCORE,2023,910,GDHM_CAT3_LEG,GDHM_Q09a,0.0,Phase 0
GDHM_SURVEY_COUNTRYRESPONSE_SCORE,2023,910,GDHM_CAT3_LEG,GDHM_Q09,3.0,Phase 3
GDHM_SURVEY_COUNTRYRESPONSE_SCORE,2023,910,GDHM_CAT3_LEG,GDHM_Q08,4.0,Phase 4
GDHM_SURVEY_COUNTRYRESPONSE_SCORE,2023,910,GDHM_CAT3_LEG,GDHM_Q07,4.0,Phase 4
GDHM_SURVEY_COUNTRYRESPONSE_SCORE,2023,910,GDHM_CAT2_STRAT_INV,GDHM_Q06a,3.0,Phase 3
GDHM_SURVEY_COUNTRYRESPONSE_SCORE,2023,910,GDHM_CAT2_STRAT_INV,GDHM_Q06,1.0,Phase 1
GDHM_SURVEY_COUNTRYRESPONSE_SCORE,2023,910,GDHM_CAT2_STRAT_INV,GDHM_Q05a,1.0,Phase 1
GDHM_SURVEY_COUNTRYRESPONSE_SCORE,2023,910,GDHM_CAT2_STRAT_INV,GDHM_Q05,1.0,Phase 1
GDHM_SURVEY_COUNTRYRESPONSE_SCORE,2023,910,GDHM_CAT1_LEAD_GOV,GDHM_Q04a,0.0,Phase 0
GDHM_SURVEY_COUNTRYRESPONSE_SCORE,2023,910,GDHM_CAT1_LEAD_GOV,GDHM_Q04,4.0,Phase 4
GDHM_SURVEY_COUNTRYRESPONSE_SCORE,2023,910,GDHM_CAT1_LEAD_GOV,GDHM_Q03,0.0,Phase 0
GDHM_SURVEY_COUNTRYRESPONSE_SCORE,2023,910,GDHM_CAT4_WORKFORCE,GDHM_Q12,0.0,Phase 0
GDHM_SURVEY_COUNTRYRESPONSE_SCORE,2023,912,GDHM_CAT1_LEAD_GOV,GDHM_Q01,1.0,Phase 1
GDHM_SURVEY_COUNTRYRESPONSE_SCORE,2023,914,GDHM_CAT7_SERV_APP,GDHM_Q23,1.0,Phase 1
GDHM_SURVEY_COUNTRYRESPONSE_SCORE,2023,914,GDHM_CAT7_SERV_APP,GDHM_Q22,1.0,Phase 1
GDHM_SURVEY_COUNTRYRESPONSE_SCORE,2023,911,GDHM_CAT7_SERV_APP,GDHM_Q21b,2.0,Phase 2
GDHM_SURVEY_COUNTRYRESPONSE_SCORE,2023,911,GDHM_CAT7_SERV_APP,GDHM_Q21a,1.0,Phase 1
GDHM_SURVEY_COUNTRYRESPONSE_SCORE,2023,911,GDHM_CAT7_SERV_APP,GDHM_Q21,1.0,Phase 1
GDHM_SURVEY_COUNTRYRESPONSE_SCORE,2023,911,GDHM_CAT7_SERV_APP,GDHM_Q20,2.0,Phase 2
GDHM_SURVEY_COUNTRYRESPONSE_SCORE,2023,911,GDHM_CAT7_SERV_APP,GDHM_Q19,2.0,Phase 2
GDHM_SURVEY_COUNTRYRESPONSE_SCORE,2023,911,GDHM_CAT6_INFRASTRUCTURE,GDHM_Q18,2.0,Phase 2
GDHM_SURVEY_COUNTRYRESPONSE_SCORE,2023,911,GDHM_CAT6_INFRASTRUCTURE,GDHM_Q17,2.0,Phase 2
GDHM_SURVEY_COUNTRYRESPONSE_SCORE,2023,911,GDHM_CAT5_STANDARDS,GDHM_Q16,2.0,Phase 2
GDHM_SURVEY_COUNTRYRESPONSE_SCORE,2023,911,GDHM_CAT5_STANDARDS,GDHM_Q15,2.0,Phase 2
GDHM_SURVEY_COUNTRYRESPONSE_SCORE,2023,911,GDHM_CAT4_WORKFORCE,GDHM_Q14,1.0,Phase 1
GDHM_SURVEY_COUNTRYRESPONSE_SCORE,2023,911,GDHM_CAT4_WORKFORCE,GDHM_Q13,1.0,Phase 1
GDHM_SURVEY_COUNTRYRESPONSE_SCORE,2023,911,GDHM_CAT4_WORKFORCE,GDHM_Q12,1.0,Phase 1
GDHM_SURVEY_COUNTRYRESPONSE_SCORE,2023,911,GDHM_CAT4_WORKFORCE,GDHM_Q11,1.0,Phase 1
GDHM_SURVEY_COUNTRYRESPONSE_SCORE,2023,911,GDHM_CAT3_LEG,GDHM_Q10,1.0,Phase 1
GDHM_SURVEY_COUNTRYRESPONSE_SCORE,2023,911,GDHM_CAT3_LEG,GDHM_Q09a,1.0,Phase 1
GDHM_SURVEY_COUNTRYRESPONSE_SCORE,2023,911,GDHM_CAT3_LEG,GDHM_Q09,1.0,Phase 1
GDHM_SURVEY_COUNTRYRESPONSE_SCORE,2023,911,GDHM_CAT3_LEG,GDHM_Q08,2.0,Phase 2
GDHM_SURVEY_COUNTRYRESPONSE_SCORE,2023,911,GDHM_CAT3_LEG,GDHM_Q07,2.0,Phase 2
GDHM_SURVEY_COUNTRYRESPONSE_SCORE,2023,911,GDHM_CAT2_STRAT_INV,GDHM_Q06a,2.0,Phase 2
GDHM_SURVEY_COUNTRYRESPONSE_SCORE,2023,911,GDHM_CAT2_STRAT_INV,GDHM_Q06,2.0,Phase 2
GDHM_SURVEY_COUNTRYRESPONSE_SCORE,2023,911,GDHM_CAT2_STRAT_INV,GDHM_Q05a,2.0,Phase 2
GDHM_SURVEY_COUNTRYRESPONSE_SCORE,2023,911,GDHM_CAT2_STRAT_INV,GDHM_Q05,2.0,Phase 2
GDHM_SURVEY_COUNTRYRESPONSE_SCORE,2023,911,GDHM_CAT1_LEAD_GOV,GDHM_Q04a,1.0,Phase 1
GDHM_SURVEY_COUNTRYRESPONSE_SCORE,2023,911,GDHM_CAT1_LEAD_GOV,GDHM_Q04,2.0,Phase 2
GDHM_SURVEY_COUNTRYRESPONSE_SCORE,2023,911,GDHM_CAT1_LEAD_GOV,GDHM_Q03,1.0,Phase 1
GDHM_SURVEY_COUNTRYRESPONSE_SCORE,2023,911,GDHM_CAT1_LEAD_GOV,GDHM_Q02a,2.0,Phase 2
GDHM_SURVEY_COUNTRYRESPONSE_SCORE,2023,911,GDHM_CAT1_LEAD_GOV,GDHM_Q02,3.0,Phase 3
GDHM_SURVEY_COUNTRYRESPONSE_SCORE,2023,911,GDHM_CAT7_SERV_APP,GDHM_Q21c,1.0,Phase 1
GDHM_SURVEY_COUNTRYRESPONSE_SCORE,2023,911,GDHM_CAT7_SERV_APP,GDHM_Q22,1.0,Phase 1
GDHM_SURVEY_COUNTRYRESPONSE_SCORE,2023,911,GDHM_CAT1_LEAD_GOV,GDHM_Q01,3.0,Phase 3
GDHM_SURVEY_COUNTRYRESPONSE_SCORE,2023,914,GDHM_CAT1_LEAD_GOV,GDHM_Q01,1.0,Phase 1
GDHM_SURVEY_COUNTRYRESPONSE_SCORE,2023,911,GDHM_CAT7_SERV_APP,GDHM_Q23,2.0,Phase 2
GDHM_SURVEY_COUNTRYRESPONSE_SCORE,2023,914,GDHM_CAT7_SERV_APP,GDHM_Q21c,1.0,Phase 1
GDHM_SURVEY_COUNTRYRESPONSE_SCORE,2023,914,GDHM_CAT7_SERV_APP,GDHM_Q21b,1.0,Phase 1
GDHM_SURVEY_COUNTRYRESPONSE_SCORE,2023,914,GDHM_CAT7_SERV_APP,GDHM_Q21a,1.0,Phase 1
GDHM_SURVEY_COUNTRYRESPONSE_SCORE,2023,914,GDHM_CAT7_SERV_APP,GDHM_Q21,1.0,Phase 1
GDHM_SURVEY_COUNTRYRESPONSE_SCORE,2023,914,GDHM_CAT7_SERV_APP,GDHM_Q20,1.0,Phase 1
GDHM_SURVEY_COUNTRYRESPONSE_SCORE,2023,914,GDHM_CAT7_SERV_APP,GDHM_Q19,1.0,Phase 1
GDHM_SURVEY_COUNTRYRESPONSE_SCORE,2023,914,GDHM_CAT6_INFRASTRUCTURE,GDHM_Q18,3.0,Phase 3
GDHM_SURVEY_COUNTRYRESPONSE_SCORE,2023,914,GDHM_CAT5_STANDARDS,GDHM_Q16,1.0,Phase 1
GDHM_SURVEY_COUNTRYRESPONSE_SCORE,2023,914,GDHM_CAT5_STANDARDS,GDHM_Q15,1.0,Phase 1
GDHM_SURVEY_COUNTRYRESPONSE_SCORE,2023,914,GDHM_CAT4_WORKFORCE,GDHM_Q14,0.0,Phase 0
GDHM_SURVEY_COUNTRYRESPONSE_SCORE,2023,914,GDHM_CAT4_WORKFORCE,GDHM_Q13,1.0,Phase 1
GDHM_SURVEY_COUNTRYRESPONSE_SCORE,2023,914,GDHM_CAT4_WORKFORCE,GDHM_Q12,1.0,Phase 1
GDHM_SURVEY_COUNTRYRESPONSE_SCORE,2023,914,GDHM_CAT4_WORKFORCE,GDHM_Q11,1.0,Phase 1
GDHM_SURVEY_COUNTRYRESPONSE_SCORE,2023,914,GDHM_CAT6_INFRASTRUCTURE,GDHM_Q17,2.0,Phase 2
GDHM_SURVEY_COUNTRYRESPONSE_SCORE,2023,914,GDHM_CAT3_LEG,GDHM_Q09a,0.0,Phase 0
GDHM_SURVEY_COUNTRYRESPONSE_SCORE,2023,914,GDHM_CAT3_LEG,GDHM_Q10,1.0,Phase 1
GDHM_SURVEY_COUNTRYRESPONSE_SCORE,2023,914,GDHM_CAT1_LEAD_GOV,GDHM_Q02a,1.0,Phase 1
GDHM_SURVEY_COUNTRYRESPONSE_SCORE,2023,914,GDHM_CAT1_LEAD_GOV,GDHM_Q03,1.0,Phase 1
GDHM_SURVEY_COUNTRYRESPONSE_SCORE,2023,914,GDHM_CAT1_LEAD_GOV,GDHM_Q04,2.0,Phase 2
GDHM_SURVEY_COUNTRYRESPONSE_SCORE,2023,914,GDHM_CAT2_STRAT_INV,GDHM_Q05,1.0,Phase 1
GDHM_SURVEY_COUNTRYRESPONSE_SCORE,2023,914,GDHM_CAT2_STRAT_INV,GDHM_Q05a,1.0,Phase 1
GDHM_SURVEY_COUNTRYRESPONSE_SCORE,2023,914,GDHM_CAT1_LEAD_GOV,GDHM_Q04a,1.0,Phase 1
GDHM_SURVEY_COUNTRYRESPONSE_SCORE,2023,914,GDHM_CAT1_LEAD_GOV,GDHM_Q02,1.0,Phase 1
GDHM_SURVEY_COUNTRYRESPONSE_SCORE,2023,914,GDHM_CAT2_STRAT_INV,GDHM_Q06a,2.0,Phase 2
GDHM_SURVEY_COUNTRYRESPONSE_SCORE,2023,914,GDHM_CAT3_LEG,GDHM_Q07,3.0,Phase 3
GDHM_SURVEY_COUNTRYRESPONSE_SCORE,2023,914,GDHM_CAT3_LEG,GDHM_Q08,3.0,Phase 3
GDHM_SURVEY_COUNTRYRESPONSE_SCORE,2023,914,GDHM_CAT3_LEG,GDHM_Q09,2.0,Phase 2
GDHM_SURVEY_COUNTRYRESPONSE_SCORE,2023,914,GDHM_CAT2_STRAT_INV,GDHM_Q06,1.0,Phase 1
GDHM_SURVEY_COUNTRYRESPONSE_SCORE,2024,914,GDHM_CAT5_STANDARDS,GDHM_Q16,2.0,Phase 2
GDHM_SURVEY_COUNTRYRESPONSE_SCORE,2024,914,GDHM_CAT4_WORKFORCE,GDHM_Q13,2.0,Phase 2
GDHM_SURVEY_COUNTRYRESPONSE_SCORE,2024,914,GDHM_CAT4_WORKFORCE,GDHM_Q14,1.0,Phase 1
GDHM_SURVEY_COUNTRYRESPONSE_SCORE,2024,914,GDHM_CAT5_STANDARDS,GDHM_Q15,2.0,Phase 2
GDHM_SURVEY_COUNTRYRESPONSE_SCORE,2024,914,GDHM_CAT6_INFRASTRUCTURE,GDHM_Q17,2.0,Phase 2
GDHM_SURVEY_COUNTRYRESPONSE_SCORE,2024,914,GDHM_CAT7_SERV_APP,GDHM_Q21b,3.0,Phase 3
GDHM_SURVEY_COUNTRYRESPONSE_SCORE,2024,914,GDHM_CAT7_SERV_APP,GDHM_Q19,2.0,Phase 2
GDHM_SURVEY_COUNTRYRESPONSE_SCORE,2024,914,GDHM_CAT7_SERV_APP,GDHM_Q20,2.0,Phase 2
GDHM_SURVEY_COUNTRYRESPONSE_SCORE,2024,914,GDHM_CAT7_SERV_APP,GDHM_Q21,2.0,Phase 2
GDHM_SURVEY_COUNTRYRESPONSE_SCORE,2024,914,GDHM_CAT7_SERV_APP,GDHM_Q21a,1.0,Phase 1
GDHM_SURVEY_COUNTRYRESPONSE_SCORE,2024,914,GDHM_CAT4_WORKFORCE,GDHM_Q12,1.0,Phase 1
GDHM_SURVEY_COUNTRYRESPONSE_SCORE,2024,914,GDHM_CAT6_INFRASTRUCTURE,GDHM_Q18,2.0,Phase 2
GDHM_SURVEY_COUNTRYRESPONSE_SCORE,2024,914,GDHM_CAT4_WORKFORCE,GDHM_Q11,2.0,Phase 2
GDHM_SURVEY_COUNTRYRESPONSE_SCORE,2024,914,GDHM_CAT1_LEAD_GOV,GDHM_Q02,3.0,Phase 3
GDHM_SURVEY_COUNTRYRESPONSE_SCORE,2024,914,GDHM_CAT3_LEG,GDHM_Q09a,2.0,Phase 2
GDHM_SURVEY_COUNTRYRESPONSE_SCORE,2024,914,GDHM_CAT3_LEG,GDHM_Q09,2.0,Phase 2
GDHM_SURVEY_COUNTRYRESPONSE_SCORE,2024,914,GDHM_CAT3_LEG,GDHM_Q08,4.0,Phase 4
GDHM_SURVEY_COUNTRYRESPONSE_SCORE,2024,914,GDHM_CAT3_LEG,GDHM_Q07,4.0,Phase 4
GDHM_SURVEY_COUNTRYRESPONSE_SCORE,2024,914,GDHM_CAT2_STRAT_INV,GDHM_Q06a,2.0,Phase 2
GDHM_SURVEY_COUNTRYRESPONSE_SCORE,2024,914,GDHM_CAT2_STRAT_INV,GDHM_Q06,3.0,Phase 3
GDHM_SURVEY_COUNTRYRESPONSE_SCORE,2024,914,GDHM_CAT2_STRAT_INV,GDHM_Q05a,3.0,Phase 3
GDHM_SURVEY_COUNTRYRESPONSE_SCORE,2024,914,GDHM_CAT2_STRAT_INV,GDHM_Q05,2.0,Phase 2
GDHM_SURVEY_COUNTRYRESPONSE_SCORE,2024,914,GDHM_CAT1_LEAD_GOV,GDHM_Q04a,1.0,Phase 1
GDHM_SURVEY_COUNTRYRESPONSE_SCORE,2024,914,GDHM_CAT1_LEAD_GOV,GDHM_Q04,2.0,Phase 2
GDHM_SURVEY_COUNTRYRESPONSE_SCORE,2024,914,GDHM_CAT1_LEAD_GOV,GDHM_Q03,2.0,Phase 2
GDHM_SURVEY_COUNTRYRESPONSE_SCORE,2024,914,GDHM_CAT1_LEAD_GOV,GDHM_Q02a,2.0,Phase 2
GDHM_SURVEY_COUNTRYRESPONSE_SCORE,2024,914,GDHM_CAT7_SERV_APP,GDHM_Q21c,2.0,Phase 2
GDHM_SURVEY_COUNTRYRESPONSE_SCORE,2024,914,GDHM_CAT3_LEG,GDHM_Q10,1.0,Phase 1
GDHM_SURVEY_COUNTRYRESPONSE_SCORE,2024,914,GDHM_CAT7_SERV_APP,GDHM_Q22,2.0,Phase 2
GDHM_SURVEY_COUNTRYRESPONSE_SCORE,2024,910,GDHM_CAT3_LEG,GDHM_Q09a,2.0,Phase 2
GDHM_SURVEY_COUNTRYRESPONSE_SCORE,2024,910,GDHM_CAT1_LEAD_GOV,GDHM_Q01,4.0,Phase 4
GDHM_SURVEY_COUNTRYRESPONSE_SCORE,2024,914,GDHM_CAT1_LEAD_GOV,GDHM_Q01,4.0,Phase 4
GDHM_SURVEY_COUNTRYRESPONSE_SCORE,2024,910,GDHM_CAT7_SERV_APP,GDHM_Q21c,4.0,Phase 4
GDHM_SURVEY_COUNTRYRESPONSE_SCORE,2024,910,GDHM_CAT7_SERV_APP,GDHM_Q21b,4.0,Phase 4
GDHM_SURVEY_COUNTRYRESPONSE_SCORE,2024,910,GDHM_CAT7_SERV_APP,GDHM_Q21a,3.0,Phase 3
GDHM_SURVEY_COUNTRYRESPONSE_SCORE,2024,910,GDHM_CAT7_SERV_APP,GDHM_Q21,3.0,Phase 3
GDHM_SURVEY_COUNTRYRESPONSE_SCORE,2024,910,GDHM_CAT7_SERV_APP,GDHM_Q20,2.0,Phase 2
GDHM_SURVEY_COUNTRYRESPONSE_SCORE,2024,910,GDHM_CAT7_SERV_APP,GDHM_Q19,4.0,Phase 4
GDHM_SURVEY_COUNTRYRESPONSE_SCORE,2024,910,GDHM_CAT6_INFRASTRUCTURE,GDHM_Q18,4.0,Phase 4
GDHM_SURVEY_COUNTRYRESPONSE_SCORE,2024,910,GDHM_CAT6_INFRASTRUCTURE,GDHM_Q17,4.0,Phase 4
GDHM_SURVEY_COUNTRYRESPONSE_SCORE,2024,910,GDHM_CAT5_STANDARDS,GDHM_Q16,4.0,Phase 4
GDHM_SURVEY_COUNTRYRESPONSE_SCORE,2024,910,GDHM_CAT5_STANDARDS,GDHM_Q15,3.0,Phase 3
GDHM_SURVEY_COUNTRYRESPONSE_SCORE,2024,910,GDHM_CAT4_WORKFORCE,GDHM_Q14,1.0,Phase 1
GDHM_SURVEY_COUNTRYRESPONSE_SCORE,2024,910,GDHM_CAT4_WORKFORCE,GDHM_Q13,4.0,Phase 4
GDHM_SURVEY_COUNTRYRESPONSE_SCORE,2024,914,GDHM_CAT7_SERV_APP,GDHM_Q23,2.0,Phase 2
GDHM_SURVEY_COUNTRYRESPONSE_SCORE,2024,910,GDHM_CAT4_WORKFORCE,GDHM_Q12,3.0,Phase 3
GDHM_SURVEY_COUNTRYRESPONSE_SCORE,2024,910,GDHM_CAT3_LEG,GDHM_Q10,3.0,Phase 3
GDHM_SURVEY_COUNTRYRESPONSE_SCORE,2024,910,GDHM_CAT3_LEG,GDHM_Q09,2.0,Phase 2
GDHM_SURVEY_COUNTRYRESPONSE_SCORE,2024,910,GDHM_CAT3_LEG,GDHM_Q08,4.0,Phase 4
GDHM_SURVEY_COUNTRYRESPONSE_SCORE,2024,910,GDHM_CAT3_LEG,GDHM_Q07,4.0,Phase 4
GDHM_SURVEY_COUNTRYRESPONSE_SCORE,2024,910,GDHM_CAT2_STRAT_INV,GDHM_Q06a,2.0,Phase 2
GDHM_SURVEY_COUNTRYRESPONSE_SCORE,2024,910,GDHM_CAT2_STRAT_INV,GDHM_Q06,3.0,Phase 3
GDHM_SURVEY_COUNTRYRESPONSE_SCORE,2024,910,GDHM_CAT2_STRAT_INV,GDHM_Q05a,3.0,Phase 3
GDHM_SURVEY_COUNTRYRESPONSE_SCORE,2024,910,GDHM_CAT2_STRAT_INV,GDHM_Q05,4.0,Phase 4
GDHM_SURVEY_COUNTRYRESPONSE_SCORE,2024,910,GDHM_CAT1_LEAD_GOV,GDHM_Q04a,2.0,Phase 2
GDHM_SURVEY_COUNTRYRESPONSE_SCORE,2024,910,GDHM_CAT1_LEAD_GOV,GDHM_Q04,4.0,Phase 4
GDHM_SURVEY_COUNTRYRESPONSE_SCORE,2024,910,GDHM_CAT1_LEAD_GOV,GDHM_Q03,3.0,Phase 3
GDHM_SURVEY_COUNTRYRESPONSE_SCORE,2024,910,GDHM_CAT1_LEAD_GOV,GDHM_Q02a,4.0,Phase 4
GDHM_SURVEY_COUNTRYRESPONSE_SCORE,2024,910,GDHM_CAT1_LEAD_GOV,GDHM_Q02,4.0,Phase 4
GDHM_SURVEY_COUNTRYRESPONSE_SCORE,2024,910,GDHM_CAT4_WORKFORCE,GDHM_Q11,3.0,Phase 3
GDHM_SURVEY_COUNTRYRESPONSE_SCORE,2024,912,GDHM_CAT7_SERV_APP,GDHM_Q23,3.0,Phase 3
GDHM_SURVEY_COUNTRYRESPONSE_SCORE,2024,912,GDHM_CAT1_LEAD_GOV,GDHM_Q01,3.0,Phase 3
GDHM_SURVEY_COUNTRYRESPONSE_SCORE,2024,912,GDHM_CAT7_SERV_APP,GDHM_Q21c,3.0,Phase 3
GDHM_SURVEY_COUNTRYRESPONSE_SCORE,2024,911,GDHM_CAT7_SERV_APP,GDHM_Q21a,2.0,Phase 2
GDHM_SURVEY_COUNTRYRESPONSE_SCORE,2024,911,GDHM_CAT7_SERV_APP,GDHM_Q21,2.0,Phase 2
GDHM_SURVEY_COUNTRYRESPONSE_SCORE,2024,911,GDHM_CAT7_SERV_APP,GDHM_Q20,3.0,Phase 3
GDHM_SURVEY_COUNTRYRESPONSE_SCORE,2024,911,GDHM_CAT7_SERV_APP,GDHM_Q19,2.0,Phase 2
GDHM_SURVEY_COUNTRYRESPONSE_SCORE,2024,911,GDHM_CAT6_INFRASTRUCTURE,GDHM_Q18,2.0,Phase 2
GDHM_SURVEY_COUNTRYRESPONSE_SCORE,2024,911,GDHM_CAT6_INFRASTRUCTURE,GDHM_Q17,2.0,Phase 2
GDHM_SURVEY_COUNTRYRESPONSE_SCORE,2024,911,GDHM_CAT5_STANDARDS,GDHM_Q16,2.0,Phase 2
GDHM_SURVEY_COUNTRYRESPONSE_SCORE,2024,911,GDHM_CAT5_STANDARDS,GDHM_Q15,2.0,Phase 2
GDHM_SURVEY_COUNTRYRESPONSE_SCORE,2024,911,GDHM_CAT4_WORKFORCE,GDHM_Q14,2.0,Phase 2
GDHM_SURVEY_COUNTRYRESPONSE_SCORE,2024,911,GDHM_CAT4_WORKFORCE,GDHM_Q13,3.0,Phase 3
GDHM_SURVEY_COUNTRYRESPONSE_SCORE,2024,911,GDHM_CAT4_WORKFORCE,GDHM_Q12,2.0,Phase 2
GDHM_SURVEY_COUNTRYRESPONSE_SCORE,2024,911,GDHM_CAT4_WORKFORCE,GDHM_Q11,2.0,Phase 2
GDHM_SURVEY_COUNTRYRESPONSE_SCORE,2019,768,GDHM_CAT2_STRAT_INV,GDHM_Q06,0.0,Not Available
GDHM_SURVEY_COUNTRYRESPONSE_SCORE,2019,768,GDHM_CAT2_STRAT_INV,GDHM_Q06a,1.0,Phase 1
GDHM_SURVEY_CATEGORY_AVG,2019,768,GDHM_CAT2_STRAT_INV,,1.0,Not Available
GDHM_SURVEY_COUNTRYRESPONSE_SCORE,2019,768,GDHM_CAT3_LEG,GDHM_Q07,4.0,Phase 4
GDHM_SURVEY_COUNTRYRESPONSE_SCORE,2019,768,GDHM_CAT3_LEG,GDHM_Q08,4.0,Phase 4
GDHM_SURVEY_COUNTRYRESPONSE_SCORE,2019,768,GDHM_CAT3_LEG,GDHM_Q09,1.0,Phase 1
GDHM_SURVEY_COUNTRYRESPONSE_SCORE,2019,768,GDHM_CAT3_LEG,GDHM_Q09a,1.0,Phase 1
GDHM_SURVEY_COUNTRYRESPONSE_SCORE,2019,768,GDHM_CAT3_LEG,GDHM_Q10,1.0,Phase 1
GDHM_SURVEY_CATEGORY_AVG,2019,768,GDHM_CAT3_LEG,,3.0,Phase 3
GDHM_SURVEY_COUNTRYRESPONSE_SCORE,2019,768,GDHM_CAT4_WORKFORCE,GDHM_Q11,1.0,Phase 1
GDHM_SURVEY_COUNTRYRESPONSE_SCORE,2019,768,GDHM_CAT4_WORKFORCE,GDHM_Q12,1.0,Phase 1
GDHM_SURVEY_COUNTRYRESPONSE_SCORE,2019,768,GDHM_CAT4_WORKFORCE,GDHM_Q13,1.0,Phase 1
GDHM_SURVEY_COUNTRYRESPONSE_SCORE,2019,768,GDHM_CAT4_WORKFORCE,GDHM_Q14,1.0,Phase 1
GDHM_SURVEY_CATEGORY_AVG,2019,768,GDHM_CAT4_WORKFORCE,,1.0,Phase 1
GDHM_SURVEY_COUNTRYRESPONSE_SCORE,2019,768,GDHM_CAT5_STANDARDS,GDHM_Q15,1.0,Phase 1
GDHM_SURVEY_COUNTRYRESPONSE_SCORE,2019,768,GDHM_CAT5_STANDARDS,GDHM_Q16,1.0,Phase 1
GDHM_SURVEY_CATEGORY_AVG,2019,768,GDHM_CAT5_STANDARDS,,1.0,Phase 1
GDHM_SURVEY_COUNTRYRESPONSE_SCORE,2019,768,GDHM_CAT6_INFRASTRUCTURE,GDHM_Q17,0.0,Not Available
GDHM_SURVEY_COUNTRYRESPONSE_SCORE,2019,768,GDHM_CAT6_INFRASTRUCTURE,GDHM_Q18,1.0,Phase 1
GDHM_SURVEY_CATEGORY_AVG,2019,768,GDHM_CAT6_INFRASTRUCTURE,,1.0,Phase 1
GDHM_SURVEY_COUNTRYRESPONSE_SCORE,2019,768,GDHM_CAT7_SERV_APP,GDHM_Q19,2.0,Phase 2
GDHM_SURVEY_COUNTRYRESPONSE_SCORE,2019,768,GDHM_CAT7_SERV_APP,GDHM_Q20,1.0,Phase 1
GDHM_SURVEY_COUNTRYRESPONSE_SCORE,2019,768,GDHM_CAT7_SERV_APP,GDHM_Q21,1.0,Phase 1
GDHM_SURVEY_COUNTRYRESPONSE_SCORE,2019,768,GDHM_CAT7_SERV_APP,GDHM_Q21a,1.0,Phase 1
GDHM_SURVEY_COUNTRYRESPONSE_SCORE,2019,768,GDHM_CAT7_SERV_APP,GDHM_Q21b,1.0,Phase 1
GDHM_SURVEY_COUNTRYRESPONSE_SCORE,2019,768,GDHM_CAT7_SERV_APP,GDHM_Q21c,1.0,Phase 1
GDHM_SURVEY_COUNTRYRESPONSE_SCORE,2019,768,GDHM_CAT7_SERV_APP,GDHM_Q22,1.0,Phase 1
GDHM_SURVEY_COUNTRYRESPONSE_SCORE,2019,768,GDHM_CAT7_SERV_APP,GDHM_Q23,2.0,Phase 2
GDHM_SURVEY_CATEGORY_AVG,2019,768,GDHM_CAT7_SERV_APP,,2.0,Phase 2
GDHM_SURVEY_COUNTRYRESPONSE_SCORE,2019,800,GDHM_CAT1_LEAD_GOV,GDHM_Q01,1.0,Phase 1
GDHM_SURVEY_COUNTRYRESPONSE_SCORE,2019,800,GDHM_CAT1_LEAD_GOV,GDHM_Q02,3.0,Phase 3
GDHM_SURVEY_COUNTRYRESPONSE_SCORE,2019,800,GDHM_CAT1_LEAD_GOV,GDHM_Q02a,3.0,Phase 3
GDHM_SURVEY_COUNTRYRESPONSE_SCORE,2019,800,GDHM_CAT1_LEAD_GOV,GDHM_Q03,3.0,Phase 3
GDHM_SURVEY_COUNTRYRESPONSE_SCORE,2019,800,GDHM_CAT1_LEAD_GOV,GDHM_Q04,5.0,Phase 5
GDHM_SURVEY_COUNTRYRESPONSE_SCORE,2019,800,GDHM_CAT1_LEAD_GOV,GDHM_Q04a,3.0,Phase 3
GDHM_SURVEY_CATEGORY_AVG,2019,800,GDHM_CAT1_LEAD_GOV,,3.0,Phase 3
GDHM_SURVEY_COUNTRYRESPONSE_SCORE,2019,800,GDHM_CAT2_STRAT_INV,GDHM_Q05,2.0,Phase 2
GDHM_SURVEY_COUNTRYRESPONSE_SCORE,2019,800,GDHM_CAT2_STRAT_INV,GDHM_Q05a,3.0,Phase 3
GDHM_SURVEY_COUNTRYRESPONSE_SCORE,2019,800,GDHM_CAT2_STRAT_INV,GDHM_Q06,3.0,Phase 3
GDHM_SURVEY_COUNTRYRESPONSE_SCORE,2019,800,GDHM_CAT2_STRAT_INV,GDHM_Q06a,5.0,Phase 5
GDHM_SURVEY_CATEGORY_AVG,2019,800,GDHM_CAT2_STRAT_INV,,3.0,Phase 3
GDHM_SURVEY_COUNTRYRESPONSE_SCORE,2019,800,GDHM_CAT3_LEG,GDHM_Q07,2.0,Phase 2
GDHM_SURVEY_COUNTRYRESPONSE_SCORE,2019,800,GDHM_CAT3_LEG,GDHM_Q08,2.0,Phase 2
GDHM_SURVEY_COUNTRYRESPONSE_SCORE,2019,800,GDHM_CAT3_LEG,GDHM_Q09,2.0,Phase 2
GDHM_SURVEY_COUNTRYRESPONSE_SCORE,2019,800,GDHM_CAT3_LEG,GDHM_Q09a,2.0,Phase 2
GDHM_SURVEY_COUNTRYRESPONSE_SCORE,2019,800,GDHM_CAT3_LEG,GDHM_Q10,4.0,Phase 4
GDHM_SURVEY_CATEGORY_AVG,2019,800,GDHM_CAT3_LEG,,3.0,Phase 3
GDHM_SURVEY_COUNTRYRESPONSE_SCORE,2019,800,GDHM_CAT4_WORKFORCE,GDHM_Q11,2.0,Phase 2
GDHM_SURVEY_COUNTRYRESPONSE_SCORE,2019,800,GDHM_CAT4_WORKFORCE,GDHM_Q12,2.0,Phase 2
GDHM_SURVEY_COUNTRYRESPONSE_SCORE,2019,800,GDHM_CAT4_WORKFORCE,GDHM_Q13,4.0,Phase 4
GDHM_SURVEY_COUNTRYRESPONSE_SCORE,2019,800,GDHM_CAT4_WORKFORCE,GDHM_Q14,2.0,Phase 2
GDHM_SURVEY_CATEGORY_AVG,2019,800,GDHM_CAT4_WORKFORCE,,3.0,Phase 3
GDHM_SURVEY_COUNTRYRESPONSE_SCORE,2019,800,GDHM_CAT5_STANDARDS,GDHM_Q15,3.0,Phase 3
GDHM_SURVEY_COUNTRYRESPONSE_SCORE,2019,800,GDHM_CAT5_STANDARDS,GDHM_Q16,3.0,Phase 3
GDHM_SURVEY_CATEGORY_AVG,2019,800,GDHM_CAT5_STANDARDS,,3.0,Phase 3
GDHM_SURVEY_COUNTRYRESPONSE_SCORE,2019,800,GDHM_CAT6_INFRASTRUCTURE,GDHM_Q17,4.0,Phase 4
GDHM_SURVEY_COUNTRYRESPONSE_SCORE,2019,800,GDHM_CAT6_INFRASTRUCTURE,GDHM_Q18,2.0,Phase 2
GDHM_SURVEY_CATEGORY_AVG,2019,800,GDHM_CAT6_INFRASTRUCTURE,,3.0,Phase 3
GDHM_SURVEY_COUNTRYRESPONSE_SCORE,2019,800,GDHM_CAT7_SERV_APP,GDHM_Q19,2.0,Phase 2
GDHM_SURVEY_COUNTRYRESPONSE_SCORE,2019,800,GDHM_CAT7_SERV_APP,GDHM_Q20,3.0,Phase 3
GDHM_SURVEY_COUNTRYRESPONSE_SCORE,2019,800,GDHM_CAT7_SERV_APP,GDHM_Q21,3.0,Phase 3
GDHM_SURVEY_COUNTRYRESPONSE_SCORE,2019,800,GDHM_CAT7_SERV_APP,GDHM_Q21a,3.0,Phase 3
GDHM_SURVEY_COUNTRYRESPONSE_SCORE,2019,800,GDHM_CAT7_SERV_APP,GDHM_Q21b,2.0,Phase 2
GDHM_SURVEY_COUNTRYRESPONSE_SCORE,2019,800,GDHM_CAT7_SERV_APP,GDHM_Q21c,1.0,Phase 1
GDHM_SURVEY_COUNTRYRESPONSE_SCORE,2019,800,GDHM_CAT7_SERV_APP,GDHM_Q22,2.0,Phase 2
GDHM_SURVEY_COUNTRYRESPONSE_SCORE,2019,800,GDHM_CAT7_SERV_APP,GDHM_Q23,2.0,Phase 2
GDHM_SURVEY_CATEGORY_AVG,2019,800,GDHM_CAT7_SERV_APP,,3.0,Phase 3
GDHM_SURVEY_COUNTRYRESPONSE_SCORE,2019,894,GDHM_CAT1_LEAD_GOV,GDHM_Q01,4.0,Phase 4
GDHM_SURVEY_COUNTRYRESPONSE_SCORE,2019,894,GDHM_CAT1_LEAD_GOV,GDHM_Q02,4.0,Phase 4
GDHM_SURVEY_COUNTRYRESPONSE_SCORE,2019,894,GDHM_CAT1_LEAD_GOV,GDHM_Q02a,3.0,Phase 3
GDHM_SURVEY_COUNTRYRESPONSE_SCORE,2019,894,GDHM_CAT1_LEAD_GOV,GDHM_Q03,1.0,Phase 1
GDHM_SURVEY_COUNTRYRESPONSE_SCORE,2019,894,GDHM_CAT1_LEAD_GOV,GDHM_Q04,3.0,Phase 3
GDHM_SURVEY_COUNTRYRESPONSE_SCORE,2019,894,GDHM_CAT1_LEAD_GOV,GDHM_Q04a,2.0,Phase 2
GDHM_SURVEY_CATEGORY_AVG,2019,894,GDHM_CAT1_LEAD_GOV,,3.0,Phase 3
GDHM_SURVEY_COUNTRYRESPONSE_SCORE,2019,894,GDHM_CAT2_STRAT_INV,GDHM_Q05,3.0,Phase 3
GDHM_SURVEY_COUNTRYRESPONSE_SCORE,2019,894,GDHM_CAT2_STRAT_INV,GDHM_Q05a,3.0,Phase 3
GDHM_SURVEY_COUNTRYRESPONSE_SCORE,2019,894,GDHM_CAT2_STRAT_INV,GDHM_Q06,4.0,Phase 4
GDHM_SURVEY_COUNTRYRESPONSE_SCORE,2019,894,GDHM_CAT2_STRAT_INV,GDHM_Q06a,2.0,Phase 2
GDHM_SURVEY_CATEGORY_AVG,2019,894,GDHM_CAT2_STRAT_INV,,4.0,Phase 4
GDHM_SURVEY_COUNTRYRESPONSE_SCORE,2019,894,GDHM_CAT3_LEG,GDHM_Q07,4.0,Phase 4
GDHM_SURVEY_COUNTRYRESPONSE_SCORE,2019,894,GDHM_CAT3_LEG,GDHM_Q08,4.0,Phase 4
GDHM_SURVEY_COUNTRYRESPONSE_SCORE,2019,894,GDHM_CAT3_LEG,GDHM_Q09,2.0,Phase 2
GDHM_SURVEY_COUNTRYRESPONSE_SCORE,2019,894,GDHM_CAT3_LEG,GDHM_Q09a,1.0,Phase 1
GDHM_SURVEY_COUNTRYRESPONSE_SCORE,2019,894,GDHM_CAT3_LEG,GDHM_Q10,1.0,Phase 1
GDHM_SURVEY_CATEGORY_AVG,2019,894,GDHM_CAT3_LEG,,3.0,Phase 3
GDHM_SURVEY_COUNTRYRESPONSE_SCORE,2019,894,GDHM_CAT4_WORKFORCE,GDHM_Q11,2.0,Phase 2
GDHM_SURVEY_COUNTRYRESPONSE_SCORE,2019,894,GDHM_CAT4_WORKFORCE,GDHM_Q12,2.0,Phase 2
GDHM_SURVEY_COUNTRYRESPONSE_SCORE,2019,894,GDHM_CAT4_WORKFORCE,GDHM_Q13,2.0,Phase 2
GDHM_SURVEY_COUNTRYRESPONSE_SCORE,2019,894,GDHM_CAT4_WORKFORCE,GDHM_Q14,2.0,Phase 2
GDHM_SURVEY_CATEGORY_AVG,2019,894,GDHM_CAT4_WORKFORCE,,2.0,Phase 2
GDHM_SURVEY_COUNTRYRESPONSE_SCORE,2019,894,GDHM_CAT5_STANDARDS,GDHM_Q15,3.0,Phase 3
GDHM_SURVEY_COUNTRYRESPONSE_SCORE,2019,894,GDHM_CAT5_STANDARDS,GDHM_Q16,3.0,Phase 3
GDHM_SURVEY_CATEGORY_AVG,2019,894,GDHM_CAT5_STANDARDS,,3.0,Phase 3
GDHM_SURVEY_COUNTRYRESPONSE_SCORE,2019,894,GDHM_CAT6_INFRASTRUCTURE,GDHM_Q17,2.0,Phase 2
GDHM_SURVEY_COUNTRYRESPONSE_SCORE,2019,894,GDHM_CAT6_INFRASTRUCTURE,GDHM_Q18,3.0,Phase 3
GDHM_SURVEY_CATEGORY_AVG,2019,894,GDHM_CAT6_INFRASTRUCTURE,,3.0,Phase 3
GDHM_SURVEY_COUNTRYRESPONSE_SCORE,2019,894,GDHM_CAT7_SERV_APP,GDHM_Q19,3.0,Phase 3
GDHM_SURVEY_COUNTRYRESPONSE_SCORE,2019,894,GDHM_CAT7_SERV_APP,GDHM_Q20,3.0,Phase 3
GDHM_SURVEY_COUNTRYRESPONSE_SCORE,2019,894,GDHM_CAT7_SERV_APP,GDHM_Q21,1.0,Phase 1
GDHM_SURVEY_COUNTRYRESPONSE_SCORE,2019,894,GDHM_CAT7_SERV_APP,GDHM_Q21a,1.0,Phase 1
GDHM_SURVEY_COUNTRYRESPONSE_SCORE,2019,894,GDHM_CAT7_SERV_APP,GDHM_Q21b,2.0,Phase 2
GDHM_SURVEY_COUNTRYRESPONSE_SCORE,2019,894,GDHM_CAT7_SERV_APP,GDHM_Q21c,2.0,Phase 2
GDHM_SURVEY_COUNTRYRESPONSE_SCORE,2019,894,GDHM_CAT7_SERV_APP,GDHM_Q22,2.0,Phase 2
GDHM_SURVEY_COUNTRYRESPONSE_SCORE,2019,894,GDHM_CAT7_SERV_APP,GDHM_Q23,3.0,Phase 3
GDHM_SURVEY_CATEGORY_AVG,2019,894,GDHM_CAT7_SERV_APP,,3.0,Phase 3
GDHM_SURVEY_COUNTRYRESPONSE_SCORE,2019,716,GDHM_CAT1_LEAD_GOV,GDHM_Q01,4.0,Phase 4
GDHM_SURVEY_COUNTRYRESPONSE_SCORE,2019,716,GDHM_CAT1_LEAD_GOV,GDHM_Q02,4.0,Phase 4
GDHM_SURVEY_COUNTRYRESPONSE_SCORE,2019,716,GDHM_CAT1_LEAD_GOV,GDHM_Q02a,4.0,Phase 4
GDHM_SURVEY_COUNTRYRESPONSE_SCORE,2019,716,GDHM_CAT1_LEAD_GOV,GDHM_Q03,3.0,Phase 3
GDHM_SURVEY_COUNTRYRESPONSE_SCORE,2019,716,GDHM_CAT1_LEAD_GOV,GDHM_Q04,4.0,Phase 4
GDHM_SURVEY_COUNTRYRESPONSE_SCORE,2019,716,GDHM_CAT1_LEAD_GOV,GDHM_Q04a,3.0,Phase 3
GDHM_SURVEY_CATEGORY_AVG,2019,716,GDHM_CAT1_LEAD_GOV,,4.0,Phase 4
GDHM_SURVEY_COUNTRYRESPONSE_SCORE,2019,716,GDHM_CAT2_STRAT_INV,GDHM_Q05,4.0,Phase 4
GDHM_SURVEY_COUNTRYRESPONSE_SCORE,2019,716,GDHM_CAT2_STRAT_INV,GDHM_Q05a,4.0,Phase 4
GDHM_SURVEY_COUNTRYRESPONSE_SCORE,2019,716,GDHM_CAT2_STRAT_INV,GDHM_Q06,2.0,Phase 2
GDHM_SURVEY_COUNTRYRESPONSE_SCORE,2019,716,GDHM_CAT2_STRAT_INV,GDHM_Q06a,2.0,Phase 2
GDHM_SURVEY_CATEGORY_AVG,2019,716,GDHM_CAT2_STRAT_INV,,3.0,Phase 3
GDHM_SURVEY_COUNTRYRESPONSE_SCORE,2019,716,GDHM_CAT3_LEG,GDHM_Q07,3.0,Phase 3
GDHM_SURVEY_COUNTRYRESPONSE_SCORE,2019,716,GDHM_CAT3_LEG,GDHM_Q08,3.0,Phase 3
GDHM_SURVEY_COUNTRYRESPONSE_SCORE,2019,716,GDHM_CAT3_LEG,GDHM_Q09,1.0,Phase 1
GDHM_SURVEY_COUNTRYRESPONSE_SCORE,2019,716,GDHM_CAT3_LEG,GDHM_Q09a,1.0,Phase 1
GDHM_SURVEY_COUNTRYRESPONSE_SCORE,2019,716,GDHM_CAT3_LEG,GDHM_Q10,1.0,Phase 1
GDHM_SURVEY_CATEGORY_AVG,2019,716,GDHM_CAT3_LEG,,2.0,Phase 2
GDHM_SURVEY_COUNTRYRESPONSE_SCORE,2019,716,GDHM_CAT4_WORKFORCE,GDHM_Q11,3.0,Phase 3
GDHM_SURVEY_COUNTRYRESPONSE_SCORE,2019,716,GDHM_CAT4_WORKFORCE,GDHM_Q12,4.0,Phase 4
GDHM_SURVEY_COUNTRYRESPONSE_SCORE,2019,716,GDHM_CAT4_WORKFORCE,GDHM_Q13,4.0,Phase 4
GDHM_SURVEY_COUNTRYRESPONSE_SCORE,2019,716,GDHM_CAT4_WORKFORCE,GDHM_Q14,1.0,Phase 1
GDHM_SURVEY_CATEGORY_AVG,2019,716,GDHM_CAT4_WORKFORCE,,3.0,Phase 3
GDHM_SURVEY_COUNTRYRESPONSE_SCORE,2019,716,GDHM_CAT5_STANDARDS,GDHM_Q15,2.0,Phase 2
GDHM_SURVEY_COUNTRYRESPONSE_SCORE,2019,716,GDHM_CAT5_STANDARDS,GDHM_Q16,2.0,Phase 2
GDHM_SURVEY_CATEGORY_AVG,2019,716,GDHM_CAT5_STANDARDS,,2.0,Phase 2
GDHM_SURVEY_COUNTRYRESPONSE_SCORE,2019,716,GDHM_CAT6_INFRASTRUCTURE,GDHM_Q17,3.0,Phase 3
GDHM_SURVEY_COUNTRYRESPONSE_SCORE,2019,716,GDHM_CAT6_INFRASTRUCTURE,GDHM_Q18,3.0,Phase 3
GDHM_SURVEY_CATEGORY_AVG,2019,716,GDHM_CAT6_INFRASTRUCTURE,,3.0,Phase 3
GDHM_SURVEY_COUNTRYRESPONSE_SCORE,2019,716,GDHM_CAT7_SERV_APP,GDHM_Q19,3.0,Phase 3
GDHM_SURVEY_COUNTRYRESPONSE_SCORE,2019,716,GDHM_CAT7_SERV_APP,GDHM_Q20,1.0,Phase 1
GDHM_SURVEY_COUNTRYRESPONSE_SCORE,2019,716,GDHM_CAT7_SERV_APP,GDHM_Q21,1.0,Phase 1
GDHM_SURVEY_COUNTRYRESPONSE_SCORE,2019,716,GDHM_CAT7_SERV_APP,GDHM_Q21a,1.0,Phase 1
GDHM_SURVEY_COUNTRYRESPONSE_SCORE,2019,716,GDHM_CAT7_SERV_APP,GDHM_Q21b,1.0,Phase 1
GDHM_SURVEY_COUNTRYRESPONSE_SCORE,2019,716,GDHM_CAT7_SERV_APP,GDHM_Q21c,1.0,Phase 1
GDHM_SURVEY_COUNTRYRESPONSE_SCORE,2019,716,GDHM_CAT7_SERV_APP,GDHM_Q22,1.0,Phase 1
GDHM_SURVEY_COUNTRYRESPONSE_SCORE,2019,716,GDHM_CAT7_SERV_APP,GDHM_Q23,4.0,Phase 4
GDHM_SURVEY_CATEGORY_AVG,2019,716,GDHM_CAT7_SERV_APP,,2.0,Phase 2
GDHM_SURVEY_COUNTRYRESPONSE_SCORE,2023,004,GDHM_CAT1_LEAD_GOV,GDHM_Q01,1.0,Phase 1
GDHM_SURVEY_COUNTRYRESPONSE_SCORE,2023,004,GDHM_CAT1_LEAD_GOV,GDHM_Q02,4.0,Phase 4
GDHM_SURVEY_COUNTRYRESPONSE_SCORE,2023,004,GDHM_CAT1_LEAD_GOV,GDHM_Q02a,0.0,Not Available
GDHM_SURVEY_COUNTRYRESPONSE_SCORE,2023,004,GDHM_CAT1_LEAD_GOV,GDHM_Q03,0.0,Not Available
GDHM_SURVEY_COUNTRYRESPONSE_SCORE,2023,004,GDHM_CAT1_LEAD_GOV,GDHM_Q04,0.0,Not Available
GDHM_SURVEY_COUNTRYRESPONSE_SCORE,2023,004,GDHM_CAT1_LEAD_GOV,GDHM_Q04a,0.0,Not Available
GDHM_SURVEY_CATEGORY_AVG,2023,004,GDHM_CAT1_LEAD_GOV,,3.0,Phase 3
GDHM_SURVEY_COUNTRYRESPONSE_SCORE,2023,004,GDHM_CAT2_STRAT_INV,GDHM_Q05,1.0,Phase 1
GDHM_SURVEY_COUNTRYRESPONSE_SCORE,2023,004,GDHM_CAT2_STRAT_INV,GDHM_Q05a,0.0,Not Available
GDHM_SURVEY_COUNTRYRESPONSE_SCORE,2023,004,GDHM_CAT2_STRAT_INV,GDHM_Q06,0.0,Not Available
GDHM_SURVEY_COUNTRYRESPONSE_SCORE,2023,004,GDHM_CAT2_STRAT_INV,GDHM_Q06a,0.0,Not Available
GDHM_SURVEY_CATEGORY_AVG,2023,004,GDHM_CAT2_STRAT_INV,,1.0,Phase 1
GDHM_SURVEY_COUNTRYRESPONSE_SCORE,2023,004,GDHM_CAT3_LEG,GDHM_Q07,1.0,Phase 1
GDHM_SURVEY_COUNTRYRESPONSE_SCORE,2023,004,GDHM_CAT3_LEG,GDHM_Q08,1.0,Phase 1
GDHM_SURVEY_COUNTRYRESPONSE_SCORE,2023,004,GDHM_CAT3_LEG,GDHM_Q09,1.0,Phase 1
GDHM_SURVEY_COUNTRYRESPONSE_SCORE,2023,004,GDHM_CAT3_LEG,GDHM_Q09a,0.0,Not Available
GDHM_SURVEY_COUNTRYRESPONSE_SCORE,2023,004,GDHM_CAT3_LEG,GDHM_Q10,1.0,Phase 1
GDHM_SURVEY_COUNTRYRESPONSE_SCORE,2023,231,GDHM_CAT7_SERV_APP,GDHM_Q23,3.0,Phase 3
GDHM_SURVEY_CATEGORY_AVG,2023,231,GDHM_CAT7_SERV_APP,,3.0,Phase 3
GDHM_SURVEY_COUNTRYRESPONSE_SCORE,2023,242,GDHM_CAT1_LEAD_GOV,GDHM_Q01,0.0,Not Available
GDHM_SURVEY_COUNTRYRESPONSE_SCORE,2023,242,GDHM_CAT1_LEAD_GOV,GDHM_Q02,0.0,Not Available
GDHM_SURVEY_COUNTRYRESPONSE_SCORE,2023,242,GDHM_CAT1_LEAD_GOV,GDHM_Q02a,0.0,Not Available
GDHM_SURVEY_COUNTRYRESPONSE_SCORE,2023,242,GDHM_CAT1_LEAD_GOV,GDHM_Q03,0.0,Not Available
GDHM_SURVEY_COUNTRYRESPONSE_SCORE,2023,242,GDHM_CAT1_LEAD_GOV,GDHM_Q04,0.0,Not Available
GDHM_SURVEY_COUNTRYRESPONSE_SCORE,2023,242,GDHM_CAT1_LEAD_GOV,GDHM_Q04a,0.0,Not Available
GDHM_SURVEY_CATEGORY_AVG,2023,242,GDHM_CAT1_LEAD_GOV,,1.0,Not Available
GDHM_SURVEY_COUNTRYRESPONSE_SCORE,2023,242,GDHM_CAT2_STRAT_INV,GDHM_Q05,0.0,Not Available
GDHM_SURVEY_COUNTRYRESPONSE_SCORE,2023,242,GDHM_CAT2_STRAT_INV,GDHM_Q05a,0.0,Not Available
GDHM_SURVEY_COUNTRYRESPONSE_SCORE,2023,242,GDHM_CAT2_STRAT_INV,GDHM_Q06,0.0,Not Available
GDHM_SURVEY_COUNTRYRESPONSE_SCORE,2023,242,GDHM_CAT2_STRAT_INV,GDHM_Q06a,0.0,Not Available
GDHM_SURVEY_CATEGORY_AVG,2023,242,GDHM_CAT2_STRAT_INV,,1.0,Not Available
GDHM_SURVEY_COUNTRYRESPONSE_SCORE,2023,242,GDHM_CAT3_LEG,GDHM_Q07,2.0,Phase 2
GDHM_SURVEY_COUNTRYRESPONSE_SCORE,2023,242,GDHM_CAT3_LEG,GDHM_Q08,0.0,Not Available
GDHM_SURVEY_COUNTRYRESPONSE_SCORE,2023,242,GDHM_CAT3_LEG,GDHM_Q09,0.0,Not Available
GDHM_SURVEY_COUNTRYRESPONSE_SCORE,2023,242,GDHM_CAT3_LEG,GDHM_Q09a,0.0,Not Available
GDHM_SURVEY_COUNTRYRESPONSE_SCORE,2023,242,GDHM_CAT3_LEG,GDHM_Q10,0.0,Not Available
GDHM_SURVEY_CATEGORY_AVG,2023,242,GDHM_CAT3_LEG,,2.0,Phase 2
GDHM_SURVEY_COUNTRYRESPONSE_SCORE,2023,242,GDHM_CAT4_WORKFORCE,GDHM_Q11,0.0,Not Available
GDHM_SURVEY_COUNTRYRESPONSE_SCORE,2023,242,GDHM_CAT4_WORKFORCE,GDHM_Q12,0.0,Not Available
GDHM_SURVEY_COUNTRYRESPONSE_SCORE,2023,242,GDHM_CAT4_WORKFORCE,GDHM_Q13,0.0,Not Available
GDHM_SURVEY_COUNTRYRESPONSE_SCORE,2023,242,GDHM_CAT4_WORKFORCE,GDHM_Q14,0.0,Not Available
GDHM_SURVEY_CATEGORY_AVG,2023,242,GDHM_CAT4_WORKFORCE,,1.0,Not Available
GDHM_SURVEY_COUNTRYRESPONSE_SCORE,2023,242,GDHM_CAT5_STANDARDS,GDHM_Q15,0.0,Not Available
GDHM_SURVEY_COUNTRYRESPONSE_SCORE,2023,242,GDHM_CAT5_STANDARDS,GDHM_Q16,0.0,Not Available
GDHM_SURVEY_CATEGORY_AVG,2023,242,GDHM_CAT5_STANDARDS,,1.0,Not Available
GDHM_SURVEY_COUNTRYRESPONSE_SCORE,2023,242,GDHM_CAT6_INFRASTRUCTURE,GDHM_Q17,0.0,Not Available
GDHM_SURVEY_COUNTRYRESPONSE_SCORE,2023,242,GDHM_CAT6_INFRASTRUCTURE,GDHM_Q18,4.0,Phase 4
GDHM_SURVEY_CATEGORY_AVG,2023,242,GDHM_CAT6_INFRASTRUCTURE,,4.0,Phase 4
GDHM_SURVEY_COUNTRYRESPONSE_SCORE,2023,242,GDHM_CAT7_SERV_APP,GDHM_Q19,0.0,Not Available
GDHM_SURVEY_COUNTRYRESPONSE_SCORE,2023,242,GDHM_CAT7_SERV_APP,GDHM_Q20,0.0,Not Available
GDHM_SURVEY_COUNTRYRESPONSE_SCORE,2023,242,GDHM_CAT7_SERV_APP,GDHM_Q21,0.0,Not Available
GDHM_SURVEY_COUNTRYRESPONSE_SCORE,2023,242,GDHM_CAT7_SERV_APP,GDHM_Q21a,0.0,Not Available
GDHM_SURVEY_COUNTRYRESPONSE_SCORE,2023,242,GDHM_CAT7_SERV_APP,GDHM_Q21b,0.0,Not Available
GDHM_SURVEY_COUNTRYRESPONSE_SCORE,2023,242,GDHM_CAT7_SERV_APP,GDHM_Q21c,0.0,Not Available
GDHM_SURVEY_COUNTRYRESPONSE_SCORE,2023,242,GDHM_CAT7_SERV_APP,GDHM_Q22,0.0,Not Available
GDHM_SURVEY_COUNTRYRESPONSE_SCORE,2023,242,GDHM_CAT7_SERV_APP,GDHM_Q23,0.0,Not Available
GDHM_SURVEY_CATEGORY_AVG,2023,242,GDHM_CAT7_SERV_APP,,1.0,Not Available
GDHM_SURVEY_COUNTRYRESPONSE_SCORE,2023,246,GDHM_CAT1_LEAD_GOV,GDHM_Q01,0.0,Not Available
GDHM_SURVEY_COUNTRYRESPONSE_SCORE,2023,246,GDHM_CAT1_LEAD_GOV,GDHM_Q02,0.0,Not Available
GDHM_SURVEY_COUNTRYRESPONSE_SCORE,2023,246,GDHM_CAT1_LEAD_GOV,GDHM_Q02a,0.0,Not Available
GDHM_SURVEY_COUNTRYRESPONSE_SCORE,2023,246,GDHM_CAT1_LEAD_GOV,GDHM_Q03,0.0,Not Available
GDHM_SURVEY_COUNTRYRESPONSE_SCORE,2023,246,GDHM_CAT1_LEAD_GOV,GDHM_Q04,5.0,Phase 5
GDHM_SURVEY_COUNTRYRESPONSE_SCORE,2023,246,GDHM_CAT1_LEAD_GOV,GDHM_Q04a,0.0,Not Available
GDHM_SURVEY_CATEGORY_AVG,2023,246,GDHM_CAT1_LEAD_GOV,,5.0,Phase 5
GDHM_SURVEY_COUNTRYRESPONSE_SCORE,2023,246,GDHM_CAT2_STRAT_INV,GDHM_Q05,0.0,Not Available
GDHM_SURVEY_COUNTRYRESPONSE_SCORE,2023,246,GDHM_CAT2_STRAT_INV,GDHM_Q05a,0.0,Not Available
GDHM_SURVEY_COUNTRYRESPONSE_SCORE,2023,246,GDHM_CAT2_STRAT_INV,GDHM_Q06,0.0,Not Available
GDHM_SURVEY_COUNTRYRESPONSE_SCORE,2023,246,GDHM_CAT2_STRAT_INV,GDHM_Q06a,4.0,Phase 4
GDHM_SURVEY_CATEGORY_AVG,2023,246,GDHM_CAT2_STRAT_INV,,1.0,Not Available
GDHM_SURVEY_COUNTRYRESPONSE_SCORE,2023,246,GDHM_CAT3_LEG,GDHM_Q07,5.0,Phase 5
GDHM_SURVEY_COUNTRYRESPONSE_SCORE,2023,246,GDHM_CAT3_LEG,GDHM_Q08,5.0,Phase 5
GDHM_SURVEY_COUNTRYRESPONSE_SCORE,2023,246,GDHM_CAT3_LEG,GDHM_Q09,5.0,Phase 5
GDHM_SURVEY_COUNTRYRESPONSE_SCORE,2023,246,GDHM_CAT3_LEG,GDHM_Q09a,0.0,Not Available
GDHM_SURVEY_COUNTRYRESPONSE_SCORE,2023,246,GDHM_CAT3_LEG,GDHM_Q10,0.0,Not Available
GDHM_SURVEY_CATEGORY_AVG,2023,246,GDHM_CAT3_LEG,,5.0,Phase 5
GDHM_SURVEY_COUNTRYRESPONSE_SCORE,2023,246,GDHM_CAT4_WORKFORCE,GDHM_Q11,0.0,Not Available
GDHM_SURVEY_COUNTRYRESPONSE_SCORE,2023,246,GDHM_CAT4_WORKFORCE,GDHM_Q12,0.0,Not Available
GDHM_SURVEY_COUNTRYRESPONSE_SCORE,2023,246,GDHM_CAT4_WORKFORCE,GDHM_Q13,0.0,Not Available
GDHM_SURVEY_COUNTRYRESPONSE_SCORE,2023,246,GDHM_CAT4_WORKFORCE,GDHM_Q14,0.0,Not Available
GDHM_SURVEY_CATEGORY_AVG,2023,246,GDHM_CAT4_WORKFORCE,,1.0,Not Available
GDHM_SURVEY_COUNTRYRESPONSE_SCORE,2023,246,GDHM_CAT5_STANDARDS,GDHM_Q15,0.0,Not Available
GDHM_SURVEY_COUNTRYRESPONSE_SCORE,2023,246,GDHM_CAT5_STANDARDS,GDHM_Q16,0.0,Not Available
GDHM_SURVEY_CATEGORY_AVG,2023,246,GDHM_CAT5_STANDARDS,,1.0,Not Available
GDHM_SURVEY_COUNTRYRESPONSE_SCORE,2023,246,GDHM_CAT6_INFRASTRUCTURE,GDHM_Q17,4.0,Phase 4
GDHM_SURVEY_COUNTRYRESPONSE_SCORE,2023,246,GDHM_CAT6_INFRASTRUCTURE,GDHM_Q18,5.0,Phase 5
GDHM_SURVEY_CATEGORY_AVG,2023,246,GDHM_CAT6_INFRASTRUCTURE,,5.0,Phase 5
GDHM_SURVEY_COUNTRYRESPONSE_SCORE,2023,246,GDHM_CAT7_SERV_APP,GDHM_Q19,0.0,Not Available
GDHM_SURVEY_COUNTRYRESPONSE_SCORE,2023,246,GDHM_CAT7_SERV_APP,GDHM_Q20,0.0,Not Available
GDHM_SURVEY_COUNTRYRESPONSE_SCORE,2023,246,GDHM_CAT7_SERV_APP,GDHM_Q21,0.0,Not Available
GDHM_SURVEY_COUNTRYRESPONSE_SCORE,2023,246,GDHM_CAT7_SERV_APP,GDHM_Q21a,0.0,Not Available
GDHM_SURVEY_COUNTRYRESPONSE_SCORE,2023,246,GDHM_CAT7_SERV_APP,GDHM_Q21b,0.0,Not Available
GDHM_SURVEY_COUNTRYRESPONSE_SCORE,2023,246,GDHM_CAT7_SERV_APP,GDHM_Q21c,0.0,Not Available
GDHM_SURVEY_COUNTRYRESPONSE_SCORE,2023,246,GDHM_CAT7_SERV_APP,GDHM_Q22,0.0,Not Available
GDHM_SURVEY_COUNTRYRESPONSE_SCORE,2023,246,GDHM_CAT7_SERV_APP,GDHM_Q23,0.0,Not Available
GDHM_SURVEY_CATEGORY_AVG,2023,246,GDHM_CAT7_SERV_APP,,1.0,Not Available
GDHM_SURVEY_COUNTRYRESPONSE_SCORE,2023,250,GDHM_CAT1_LEAD_GOV,GDHM_Q01,0.0,Not Available
GDHM_SURVEY_COUNTRYRESPONSE_SCORE,2023,250,GDHM_CAT1_LEAD_GOV,GDHM_Q02,0.0,Not Available
GDHM_SURVEY_COUNTRYRESPONSE_SCORE,2023,250,GDHM_CAT1_LEAD_GOV,GDHM_Q02a,0.0,Not Available
GDHM_SURVEY_COUNTRYRESPONSE_SCORE,2023,250,GDHM_CAT1_LEAD_GOV,GDHM_Q03,0.0,Not Available
GDHM_SURVEY_COUNTRYRESPONSE_SCORE,2023,250,GDHM_CAT1_LEAD_GOV,GDHM_Q04,5.0,Phase 5
GDHM_SURVEY_COUNTRYRESPONSE_SCORE,2023,250,GDHM_CAT1_LEAD_GOV,GDHM_Q04a,0.0,Not Available
GDHM_SURVEY_CATEGORY_AVG,2023,250,GDHM_CAT1_LEAD_GOV,,5.0,Phase 5
GDHM_SURVEY_COUNTRYRESPONSE_SCORE,2023,250,GDHM_CAT2_STRAT_INV,GDHM_Q05,0.0,Not Available
GDHM_SURVEY_COUNTRYRESPONSE_SCORE,2023,250,GDHM_CAT2_STRAT_INV,GDHM_Q05a,0.0,Not Available
GDHM_SURVEY_COUNTRYRESPONSE_SCORE,2023,250,GDHM_CAT2_STRAT_INV,GDHM_Q06,0.0,Not Available
GDHM_SURVEY_COUNTRYRESPONSE_SCORE,2023,250,GDHM_CAT2_STRAT_INV,GDHM_Q06a,4.0,Phase 4
GDHM_SURVEY_CATEGORY_AVG,2023,250,GDHM_CAT2_STRAT_INV,,1.0,Not Available
GDHM_SURVEY_COUNTRYRESPONSE_SCORE,2023,250,GDHM_CAT3_LEG,GDHM_Q07,5.0,Phase 5
GDHM_SURVEY_COUNTRYRESPONSE_SCORE,2023,250,GDHM_CAT3_LEG,GDHM_Q08,4.0,Phase 4
GDHM_SURVEY_COUNTRYRESPONSE_SCORE,2023,250,GDHM_CAT3_LEG,GDHM_Q09,5.0,Phase 5
GDHM_SURVEY_COUNTRYRESPONSE_SCORE,2023,250,GDHM_CAT3_LEG,GDHM_Q09a,0.0,Not Available
GDHM_SURVEY_COUNTRYRESPONSE_SCORE,2023,250,GDHM_CAT3_LEG,GDHM_Q10,0.0,Not Available
GDHM_SURVEY_CATEGORY_AVG,2023,250,GDHM_CAT3_LEG,,5.0,Phase 5
GDHM_SURVEY_COUNTRYRESPONSE_SCORE,2023,250,GDHM_CAT4_WORKFORCE,GDHM_Q11,0.0,Not Available
GDHM_SURVEY_COUNTRYRESPONSE_SCORE,2023,250,GDHM_CAT4_WORKFORCE,GDHM_Q12,0.0,Not Available
GDHM_SURVEY_COUNTRYRESPONSE_SCORE,2023,250,GDHM_CAT4_WORKFORCE,GDHM_Q13,0.0,Not Available
GDHM_SURVEY_COUNTRYRESPONSE_SCORE,2023,250,GDHM_CAT4_WORKFORCE,GDHM_Q14,0.0,Not Available
GDHM_SURVEY_CATEGORY_AVG,2023,250,GDHM_CAT4_WORKFORCE,,1.0,Not Available
GDHM_SURVEY_COUNTRYRESPONSE_SCORE,2023,250,GDHM_CAT5_STANDARDS,GDHM_Q15,0.0,Not Available
GDHM_SURVEY_COUNTRYRESPONSE_SCORE,2023,250,GDHM_CAT5_STANDARDS,GDHM_Q16,0.0,Not Available
GDHM_SURVEY_CATEGORY_AVG,2023,250,GDHM_CAT5_STANDARDS,,1.0,Not Available
GDHM_SURVEY_COUNTRYRESPONSE_SCORE,2023,250,GDHM_CAT6_INFRASTRUCTURE,GDHM_Q17,4.0,Phase 4
GDHM_SURVEY_COUNTRYRESPONSE_SCORE,2023,250,GDHM_CAT6_INFRASTRUCTURE,GDHM_Q18,5.0,Phase 5
GDHM_SURVEY_CATEGORY_AVG,2023,250,GDHM_CAT6_INFRASTRUCTURE,,5.0,Phase 5
GDHM_SURVEY_COUNTRYRESPONSE_SCORE,2023,250,GDHM_CAT7_SERV_APP,GDHM_Q19,0.0,Not Available
GDHM_SURVEY_COUNTRYRESPONSE_SCORE,2023,250,GDHM_CAT7_SERV_APP,GDHM_Q20,0.0,Not Available
GDHM_SURVEY_COUNTRYRESPONSE_SCORE,2023,250,GDHM_CAT7_SERV_APP,GDHM_Q21,0.0,Not Available
GDHM_SURVEY_COUNTRYRESPONSE_SCORE,2023,250,GDHM_CAT7_SERV_APP,GDHM_Q21a,0.0,Not Available
GDHM_SURVEY_COUNTRYRESPONSE_SCORE,2023,250,GDHM_CAT7_SERV_APP,GDHM_Q21b,0.0,Not Available
GDHM_SURVEY_COUNTRYRESPONSE_SCORE,2023,250,GDHM_CAT7_SERV_APP,GDHM_Q21c,0.0,Not Available
GDHM_SURVEY_COUNTRYRESPONSE_SCORE,2023,250,GDHM_CAT7_SERV_APP,GDHM_Q22,0.0,Not Available
GDHM_SURVEY_COUNTRYRESPONSE_SCORE,2023,250,GDHM_CAT7_SERV_APP,GDHM_Q23,0.0,Not Available
GDHM_SURVEY_CATEGORY_AVG,2023,250,GDHM_CAT7_SERV_APP,,1.0,Not Available
GDHM_SURVEY_COUNTRYRESPONSE_SCORE,2023,266,GDHM_CAT1_LEAD_GOV,GDHM_Q01,1.0,Phase 1
GDHM_SURVEY_COUNTRYRESPONSE_SCORE,2023,266,GDHM_CAT1_LEAD_GOV,GDHM_Q02,2.0,Phase 2
GDHM_SURVEY_COUNTRYRESPONSE_SCORE,2023,266,GDHM_CAT1_LEAD_GOV,GDHM_Q02a,1.0,Phase 1
GDHM_SURVEY_COUNTRYRESPONSE_SCORE,2023,266,GDHM_CAT1_LEAD_GOV,GDHM_Q03,4.0,Phase 4
GDHM_SURVEY_COUNTRYRESPONSE_SCORE,2023,266,GDHM_CAT1_LEAD_GOV,GDHM_Q04,1.0,Phase 1
GDHM_SURVEY_COUNTRYRESPONSE_SCORE,2023,266,GDHM_CAT1_LEAD_GOV,GDHM_Q04a,0.0,Not Available
GDHM_SURVEY_CATEGORY_AVG,2023,266,GDHM_CAT1_LEAD_GOV,,2.0,Phase 2
GDHM_SURVEY_COUNTRYRESPONSE_SCORE,2023,266,GDHM_CAT2_STRAT_INV,GDHM_Q05,2.0,Phase 2
GDHM_SURVEY_COUNTRYRESPONSE_SCORE,2023,266,GDHM_CAT2_STRAT_INV,GDHM_Q05a,4.0,Phase 4
GDHM_SURVEY_COUNTRYRESPONSE_SCORE,2023,266,GDHM_CAT2_STRAT_INV,GDHM_Q06,2.0,Phase 2
GDHM_SURVEY_COUNTRYRESPONSE_SCORE,2023,266,GDHM_CAT2_STRAT_INV,GDHM_Q06a,1.0,Phase 1
GDHM_SURVEY_CATEGORY_AVG,2023,266,GDHM_CAT2_STRAT_INV,,2.0,Phase 2
GDHM_SURVEY_COUNTRYRESPONSE_SCORE,2023,266,GDHM_CAT3_LEG,GDHM_Q07,4.0,Phase 4
GDHM_SURVEY_COUNTRYRESPONSE_SCORE,2023,266,GDHM_CAT3_LEG,GDHM_Q08,4.0,Phase 4
GDHM_SURVEY_COUNTRYRESPONSE_SCORE,2023,266,GDHM_CAT3_LEG,GDHM_Q09,1.0,Phase 1
GDHM_SURVEY_COUNTRYRESPONSE_SCORE,2023,266,GDHM_CAT3_LEG,GDHM_Q09a,1.0,Phase 1
GDHM_SURVEY_COUNTRYRESPONSE_SCORE,2023,266,GDHM_CAT3_LEG,GDHM_Q10,1.0,Phase 1
GDHM_SURVEY_CATEGORY_AVG,2023,266,GDHM_CAT3_LEG,,3.0,Phase 3
GDHM_SURVEY_COUNTRYRESPONSE_SCORE,2023,266,GDHM_CAT4_WORKFORCE,GDHM_Q11,1.0,Phase 1
GDHM_SURVEY_COUNTRYRESPONSE_SCORE,2023,266,GDHM_CAT4_WORKFORCE,GDHM_Q12,1.0,Phase 1
GDHM_SURVEY_COUNTRYRESPONSE_SCORE,2023,266,GDHM_CAT4_WORKFORCE,GDHM_Q13,1.0,Phase 1
GDHM_SURVEY_COUNTRYRESPONSE_SCORE,2023,266,GDHM_CAT4_WORKFORCE,GDHM_Q14,1.0,Phase 1
GDHM_SURVEY_CATEGORY_AVG,2023,266,GDHM_CAT4_WORKFORCE,,1.0,Phase 1
GDHM_SURVEY_COUNTRYRESPONSE_SCORE,2023,266,GDHM_CAT5_STANDARDS,GDHM_Q15,1.0,Phase 1
GDHM_SURVEY_COUNTRYRESPONSE_SCORE,2023,266,GDHM_CAT5_STANDARDS,GDHM_Q16,0.0,Not Available
GDHM_SURVEY_CATEGORY_AVG,2023,266,GDHM_CAT5_STANDARDS,,1.0,Phase 1
GDHM_SURVEY_COUNTRYRESPONSE_SCORE,2023,266,GDHM_CAT6_INFRASTRUCTURE,GDHM_Q17,3.0,Phase 3
GDHM_SURVEY_COUNTRYRESPONSE_SCORE,2023,266,GDHM_CAT6_INFRASTRUCTURE,GDHM_Q18,1.0,Phase 1
GDHM_SURVEY_CATEGORY_AVG,2023,266,GDHM_CAT6_INFRASTRUCTURE,,2.0,Phase 2
GDHM_SURVEY_COUNTRYRESPONSE_SCORE,2023,266,GDHM_CAT7_SERV_APP,GDHM_Q19,1.0,Phase 1
GDHM_SURVEY_COUNTRYRESPONSE_SCORE,2023,266,GDHM_CAT7_SERV_APP,GDHM_Q20,1.0,Phase 1
GDHM_SURVEY_COUNTRYRESPONSE_SCORE,2023,266,GDHM_CAT7_SERV_APP,GDHM_Q21,1.0,Phase 1
GDHM_SURVEY_COUNTRYRESPONSE_SCORE,2023,266,GDHM_CAT7_SERV_APP,GDHM_Q21a,1.0,Phase 1
GDHM_SURVEY_COUNTRYRESPONSE_SCORE,2023,266,GDHM_CAT7_SERV_APP,GDHM_Q21b,1.0,Phase 1
GDHM_SURVEY_COUNTRYRESPONSE_SCORE,2023,266,GDHM_CAT7_SERV_APP,GDHM_Q21c,1.0,Phase 1
GDHM_SURVEY_COUNTRYRESPONSE_SCORE,2023,266,GDHM_CAT7_SERV_APP,GDHM_Q22,1.0,Phase 1
GDHM_SURVEY_COUNTRYRESPONSE_SCORE,2023,266,GDHM_CAT7_SERV_APP,GDHM_Q23,1.0,Phase 1
GDHM_SURVEY_CATEGORY_AVG,2023,266,GDHM_CAT7_SERV_APP,,1.0,Phase 1
GDHM_SURVEY_COUNTRYRESPONSE_SCORE,2023,270,GDHM_CAT1_LEAD_GOV,GDHM_Q01,0.0,Not Available
GDHM_SURVEY_COUNTRYRESPONSE_SCORE,2023,270,GDHM_CAT1_LEAD_GOV,GDHM_Q02,0.0,Not Available
GDHM_SURVEY_COUNTRYRESPONSE_SCORE,2023,270,GDHM_CAT1_LEAD_GOV,GDHM_Q02a,0.0,Not Available
GDHM_SURVEY_COUNTRYRESPONSE_SCORE,2023,270,GDHM_CAT1_LEAD_GOV,GDHM_Q03,0.0,Not Available
GDHM_SURVEY_COUNTRYRESPONSE_SCORE,2023,270,GDHM_CAT1_LEAD_GOV,GDHM_Q04,2.0,Phase 2
GDHM_SURVEY_COUNTRYRESPONSE_SCORE,2023,270,GDHM_CAT1_LEAD_GOV,GDHM_Q04a,0.0,Not Available
GDHM_SURVEY_COUNTRYRESPONSE_SCORE,2023,524,GDHM_CAT6_INFRASTRUCTURE,GDHM_Q17,3.0,Phase 3
GDHM_SURVEY_COUNTRYRESPONSE_SCORE,2023,524,GDHM_CAT6_INFRASTRUCTURE,GDHM_Q18,3.0,Phase 3
GDHM_SURVEY_CATEGORY_AVG,2023,524,GDHM_CAT6_INFRASTRUCTURE,,3.0,Phase 3
GDHM_SURVEY_COUNTRYRESPONSE_SCORE,2023,524,GDHM_CAT7_SERV_APP,GDHM_Q19,3.0,Phase 3
GDHM_SURVEY_COUNTRYRESPONSE_SCORE,2023,524,GDHM_CAT7_SERV_APP,GDHM_Q20,2.0,Phase 2
GDHM_SURVEY_COUNTRYRESPONSE_SCORE,2023,524,GDHM_CAT7_SERV_APP,GDHM_Q21,2.0,Phase 2
GDHM_SURVEY_COUNTRYRESPONSE_SCORE,2023,524,GDHM_CAT7_SERV_APP,GDHM_Q21a,2.0,Phase 2
GDHM_SURVEY_COUNTRYRESPONSE_SCORE,2023,524,GDHM_CAT7_SERV_APP,GDHM_Q21b,3.0,Phase 3
GDHM_SURVEY_COUNTRYRESPONSE_SCORE,2023,524,GDHM_CAT7_SERV_APP,GDHM_Q21c,3.0,Phase 3
GDHM_SURVEY_COUNTRYRESPONSE_SCORE,2023,524,GDHM_CAT7_SERV_APP,GDHM_Q22,1.0,Phase 1
GDHM_SURVEY_COUNTRYRESPONSE_SCORE,2023,524,GDHM_CAT7_SERV_APP,GDHM_Q23,3.0,Phase 3
GDHM_SURVEY_CATEGORY_AVG,2023,524,GDHM_CAT7_SERV_APP,,3.0,Phase 3
GDHM_SURVEY_COUNTRYRESPONSE_SCORE,2023,528,GDHM_CAT1_LEAD_GOV,GDHM_Q01,0.0,Not Available
GDHM_SURVEY_COUNTRYRESPONSE_SCORE,2023,528,GDHM_CAT1_LEAD_GOV,GDHM_Q02,0.0,Not Available
GDHM_SURVEY_COUNTRYRESPONSE_SCORE,2023,528,GDHM_CAT1_LEAD_GOV,GDHM_Q02a,0.0,Not Available
GDHM_SURVEY_COUNTRYRESPONSE_SCORE,2023,528,GDHM_CAT1_LEAD_GOV,GDHM_Q03,0.0,Not Available
GDHM_SURVEY_COUNTRYRESPONSE_SCORE,2023,528,GDHM_CAT1_LEAD_GOV,GDHM_Q04,5.0,Phase 5
GDHM_SURVEY_COUNTRYRESPONSE_SCORE,2023,528,GDHM_CAT1_LEAD_GOV,GDHM_Q04a,0.0,Not Available
GDHM_SURVEY_CATEGORY_AVG,2023,528,GDHM_CAT1_LEAD_GOV,,5.0,Phase 5
GDHM_SURVEY_COUNTRYRESPONSE_SCORE,2023,528,GDHM_CAT2_STRAT_INV,GDHM_Q05,0.0,Not Available
GDHM_SURVEY_COUNTRYRESPONSE_SCORE,2023,528,GDHM_CAT2_STRAT_INV,GDHM_Q05a,0.0,Not Available
GDHM_SURVEY_COUNTRYRESPONSE_SCORE,2023,528,GDHM_CAT2_STRAT_INV,GDHM_Q06,0.0,Not Available
GDHM_SURVEY_COUNTRYRESPONSE_SCORE,2023,528,GDHM_CAT2_STRAT_INV,GDHM_Q06a,4.0,Phase 4
GDHM_SURVEY_CATEGORY_AVG,2023,528,GDHM_CAT2_STRAT_INV,,1.0,Not Available
GDHM_SURVEY_COUNTRYRESPONSE_SCORE,2023,528,GDHM_CAT3_LEG,GDHM_Q07,5.0,Phase 5
GDHM_SURVEY_COUNTRYRESPONSE_SCORE,2023,528,GDHM_CAT3_LEG,GDHM_Q08,5.0,Phase 5
GDHM_SURVEY_COUNTRYRESPONSE_SCORE,2023,528,GDHM_CAT3_LEG,GDHM_Q09,5.0,Phase 5
GDHM_SURVEY_COUNTRYRESPONSE_SCORE,2023,528,GDHM_CAT3_LEG,GDHM_Q09a,0.0,Not Available
GDHM_SURVEY_COUNTRYRESPONSE_SCORE,2023,528,GDHM_CAT3_LEG,GDHM_Q10,0.0,Not Available
GDHM_SURVEY_CATEGORY_AVG,2023,528,GDHM_CAT3_LEG,,5.0,Phase 5
GDHM_SURVEY_COUNTRYRESPONSE_SCORE,2023,528,GDHM_CAT4_WORKFORCE,GDHM_Q11,0.0,Not Available
GDHM_SURVEY_COUNTRYRESPONSE_SCORE,2023,528,GDHM_CAT4_WORKFORCE,GDHM_Q12,0.0,Not Available
GDHM_SURVEY_COUNTRYRESPONSE_SCORE,2023,528,GDHM_CAT4_WORKFORCE,GDHM_Q13,0.0,Not Available
GDHM_SURVEY_COUNTRYRESPONSE_SCORE,2023,528,GDHM_CAT4_WORKFORCE,GDHM_Q14,0.0,Not Available
GDHM_SURVEY_CATEGORY_AVG,2023,528,GDHM_CAT4_WORKFORCE,,1.0,Not Available
GDHM_SURVEY_COUNTRYRESPONSE_SCORE,2023,528,GDHM_CAT5_STANDARDS,GDHM_Q15,0.0,Not Available
GDHM_SURVEY_COUNTRYRESPONSE_SCORE,2023,528,GDHM_CAT5_STANDARDS,GDHM_Q16,0.0,Not Available
GDHM_SURVEY_CATEGORY_AVG,2023,528,GDHM_CAT5_STANDARDS,,1.0,Not Available
GDHM_SURVEY_COUNTRYRESPONSE_SCORE,2023,528,GDHM_CAT6_INFRASTRUCTURE,GDHM_Q17,4.0,Phase 4
GDHM_SURVEY_COUNTRYRESPONSE_SCORE,2023,528,GDHM_CAT6_INFRASTRUCTURE,GDHM_Q18,5.0,Phase 5
GDHM_SURVEY_CATEGORY_AVG,2023,528,GDHM_CAT6_INFRASTRUCTURE,,5.0,Phase 5
GDHM_SURVEY_COUNTRYRESPONSE_SCORE,2023,528,GDHM_CAT7_SERV_APP,GDHM_Q19,0.0,Not Available
GDHM_SURVEY_COUNTRYRESPONSE_SCORE,2023,528,GDHM_CAT7_SERV_APP,GDHM_Q20,0.0,Not Available
GDHM_SURVEY_COUNTRYRESPONSE_SCORE,2023,528,GDHM_CAT7_SERV_APP,GDHM_Q21,0.0,Not Available
GDHM_SURVEY_COUNTRYRESPONSE_SCORE,2023,528,GDHM_CAT7_SERV_APP,GDHM_Q21a,0.0,Not Available
GDHM_SURVEY_COUNTRYRESPONSE_SCORE,2023,528,GDHM_CAT7_SERV_APP,GDHM_Q21b,0.0,Not Available
GDHM_SURVEY_COUNTRYRESPONSE_SCORE,2023,528,GDHM_CAT7_SERV_APP,GDHM_Q21c,0.0,Not Available
GDHM_SURVEY_COUNTRYRESPONSE_SCORE,2023,528,GDHM_CAT7_SERV_APP,GDHM_Q22,0.0,Not Available
GDHM_SURVEY_COUNTRYRESPONSE_SCORE,2023,528,GDHM_CAT7_SERV_APP,GDHM_Q23,0.0,Not Available
GDHM_SURVEY_CATEGORY_AVG,2023,528,GDHM_CAT7_SERV_APP,,1.0,Not Available
GDHM_SURVEY_COUNTRYRESPONSE_SCORE,2023,554,GDHM_CAT1_LEAD_GOV,GDHM_Q01,3.0,Phase 3
GDHM_SURVEY_COUNTRYRESPONSE_SCORE,2023,554,GDHM_CAT1_LEAD_GOV,GDHM_Q02,4.0,Phase 4
GDHM_SURVEY_COUNTRYRESPONSE_SCORE,2023,554,GDHM_CAT1_LEAD_GOV,GDHM_Q02a,2.0,Phase 2
GDHM_SURVEY_COUNTRYRESPONSE_SCORE,2023,554,GDHM_CAT1_LEAD_GOV,GDHM_Q03,1.0,Phase 1
GDHM_SURVEY_COUNTRYRESPONSE_SCORE,2023,554,GDHM_CAT1_LEAD_GOV,GDHM_Q04,4.0,Phase 4
GDHM_SURVEY_COUNTRYRESPONSE_SCORE,2023,554,GDHM_CAT1_LEAD_GOV,GDHM_Q04a,2.0,Phase 2
GDHM_SURVEY_CATEGORY_AVG,2023,554,GDHM_CAT1_LEAD_GOV,,3.0,Phase 3
GDHM_SURVEY_COUNTRYRESPONSE_SCORE,2023,554,GDHM_CAT2_STRAT_INV,GDHM_Q05,2.0,Phase 2
GDHM_SURVEY_COUNTRYRESPONSE_SCORE,2023,554,GDHM_CAT2_STRAT_INV,GDHM_Q05a,3.0,Phase 3
GDHM_SURVEY_COUNTRYRESPONSE_SCORE,2023,554,GDHM_CAT2_STRAT_INV,GDHM_Q06,3.0,Phase 3
GDHM_SURVEY_COUNTRYRESPONSE_SCORE,2023,554,GDHM_CAT2_STRAT_INV,GDHM_Q06a,2.0,Phase 2
GDHM_SURVEY_CATEGORY_AVG,2023,554,GDHM_CAT2_STRAT_INV,,3.0,Phase 3
GDHM_SURVEY_COUNTRYRESPONSE_SCORE,2023,554,GDHM_CAT3_LEG,GDHM_Q07,4.0,Phase 4
GDHM_SURVEY_COUNTRYRESPONSE_SCORE,2023,554,GDHM_CAT3_LEG,GDHM_Q08,4.0,Phase 4
GDHM_SURVEY_COUNTRYRESPONSE_SCORE,2023,554,GDHM_CAT3_LEG,GDHM_Q09,1.0,Phase 1
GDHM_SURVEY_COUNTRYRESPONSE_SCORE,2023,554,GDHM_CAT3_LEG,GDHM_Q09a,1.0,Phase 1
GDHM_SURVEY_COUNTRYRESPONSE_SCORE,2023,554,GDHM_CAT3_LEG,GDHM_Q10,3.0,Phase 3
GDHM_SURVEY_CATEGORY_AVG,2023,554,GDHM_CAT3_LEG,,3.0,Phase 3
GDHM_SURVEY_COUNTRYRESPONSE_SCORE,2023,554,GDHM_CAT4_WORKFORCE,GDHM_Q11,3.0,Phase 3
GDHM_SURVEY_COUNTRYRESPONSE_SCORE,2023,554,GDHM_CAT4_WORKFORCE,GDHM_Q12,2.0,Phase 2
GDHM_SURVEY_COUNTRYRESPONSE_SCORE,2023,554,GDHM_CAT4_WORKFORCE,GDHM_Q13,3.0,Phase 3
GDHM_SURVEY_COUNTRYRESPONSE_SCORE,2023,554,GDHM_CAT4_WORKFORCE,GDHM_Q14,1.0,Phase 1
GDHM_SURVEY_CATEGORY_AVG,2023,554,GDHM_CAT4_WORKFORCE,,3.0,Phase 3
GDHM_SURVEY_COUNTRYRESPONSE_SCORE,2023,554,GDHM_CAT5_STANDARDS,GDHM_Q15,1.0,Phase 1
GDHM_SURVEY_COUNTRYRESPONSE_SCORE,2023,554,GDHM_CAT5_STANDARDS,GDHM_Q16,3.0,Phase 3
GDHM_SURVEY_CATEGORY_AVG,2023,554,GDHM_CAT5_STANDARDS,,2.0,Phase 2
GDHM_SURVEY_COUNTRYRESPONSE_SCORE,2023,554,GDHM_CAT6_INFRASTRUCTURE,GDHM_Q17,4.0,Phase 4
GDHM_SURVEY_COUNTRYRESPONSE_SCORE,2023,554,GDHM_CAT6_INFRASTRUCTURE,GDHM_Q18,4.0,Phase 4
GDHM_SURVEY_CATEGORY_AVG,2023,554,GDHM_CAT6_INFRASTRUCTURE,,4.0,Phase 4
GDHM_SURVEY_COUNTRYRESPONSE_SCORE,2023,554,GDHM_CAT7_SERV_APP,GDHM_Q19,3.0,Phase 3
GDHM_SURVEY_COUNTRYRESPONSE_SCORE,2023,554,GDHM_CAT7_SERV_APP,GDHM_Q20,3.0,Phase 3
GDHM_SURVEY_COUNTRYRESPONSE_SCORE,2023,554,GDHM_CAT7_SERV_APP,GDHM_Q21,5.0,Phase 5
GDHM_SURVEY_COUNTRYRESPONSE_SCORE,2023,554,GDHM_CAT7_SERV_APP,GDHM_Q21a,5.0,Phase 5
GDHM_SURVEY_COUNTRYRESPONSE_SCORE,2023,554,GDHM_CAT7_SERV_APP,GDHM_Q21b,5.0,Phase 5
GDHM_SURVEY_COUNTRYRESPONSE_SCORE,2023,554,GDHM_CAT7_SERV_APP,GDHM_Q21c,5.0,Phase 5
GDHM_SURVEY_COUNTRYRESPONSE_SCORE,2023,554,GDHM_CAT7_SERV_APP,GDHM_Q22,1.0,Phase 1
GDHM_SURVEY_COUNTRYRESPONSE_SCORE,2023,554,GDHM_CAT7_SERV_APP,GDHM_Q23,3.0,Phase 3
GDHM_SURVEY_CATEGORY_AVG,2023,554,GDHM_CAT7_SERV_APP,,3.0,Phase 3
GDHM_SURVEY_COUNTRYRESPONSE_SCORE,2023,558,GDHM_CAT1_LEAD_GOV,GDHM_Q01,0.0,Not Available
GDHM_SURVEY_COUNTRYRESPONSE_SCORE,2023,558,GDHM_CAT1_LEAD_GOV,GDHM_Q02,0.0,Not Available
GDHM_SURVEY_COUNTRYRESPONSE_SCORE,2023,558,GDHM_CAT1_LEAD_GOV,GDHM_Q02a,0.0,Not Available
GDHM_SURVEY_COUNTRYRESPONSE_SCORE,2023,558,GDHM_CAT1_LEAD_GOV,GDHM_Q03,0.0,Not Available
GDHM_SURVEY_COUNTRYRESPONSE_SCORE,2023,558,GDHM_CAT1_LEAD_GOV,GDHM_Q04,0.0,Not Available
GDHM_SURVEY_COUNTRYRESPONSE_SCORE,2023,558,GDHM_CAT1_LEAD_GOV,GDHM_Q04a,0.0,Not Available
GDHM_SURVEY_CATEGORY_AVG,2023,558,GDHM_CAT1_LEAD_GOV,,1.0,Not Available
GDHM_SURVEY_COUNTRYRESPONSE_SCORE,2023,558,GDHM_CAT2_STRAT_INV,GDHM_Q05,0.0,Not Available
GDHM_SURVEY_COUNTRYRESPONSE_SCORE,2023,558,GDHM_CAT2_STRAT_INV,GDHM_Q05a,0.0,Not Available
GDHM_SURVEY_COUNTRYRESPONSE_SCORE,2023,558,GDHM_CAT2_STRAT_INV,GDHM_Q06,0.0,Not Available
GDHM_SURVEY_COUNTRYRESPONSE_SCORE,2023,558,GDHM_CAT2_STRAT_INV,GDHM_Q06a,0.0,Not Available
GDHM_SURVEY_CATEGORY_AVG,2023,558,GDHM_CAT2_STRAT_INV,,1.0,Not Available
GDHM_SURVEY_COUNTRYRESPONSE_SCORE,2023,558,GDHM_CAT3_LEG,GDHM_Q07,1.0,Phase 1
GDHM_SURVEY_COUNTRYRESPONSE_SCORE,2023,558,GDHM_CAT3_LEG,GDHM_Q08,0.0,Not Available
GDHM_SURVEY_COUNTRYRESPONSE_SCORE,2023,558,GDHM_CAT3_LEG,GDHM_Q09,0.0,Not Available
GDHM_SURVEY_COUNTRYRESPONSE_SCORE,2023,558,GDHM_CAT3_LEG,GDHM_Q09a,0.0,Not Available
GDHM_SURVEY_COUNTRYRESPONSE_SCORE,2023,558,GDHM_CAT3_LEG,GDHM_Q10,0.0,Not Available
GDHM_SURVEY_CATEGORY_AVG,2023,558,GDHM_CAT3_LEG,,1.0,Phase 1
GDHM_SURVEY_COUNTRYRESPONSE_SCORE,2023,558,GDHM_CAT4_WORKFORCE,GDHM_Q11,0.0,Not Available
GDHM_SURVEY_COUNTRYRESPONSE_SCORE,2023,558,GDHM_CAT4_WORKFORCE,GDHM_Q12,0.0,Not Available
GDHM_SURVEY_COUNTRYRESPONSE_SCORE,2023,558,GDHM_CAT4_WORKFORCE,GDHM_Q13,0.0,Not Available
GDHM_SURVEY_COUNTRYRESPONSE_SCORE,2023,558,GDHM_CAT4_WORKFORCE,GDHM_Q14,0.0,Not Available
GDHM_SURVEY_CATEGORY_AVG,2023,558,GDHM_CAT4_WORKFORCE,,1.0,Not Available
GDHM_SURVEY_COUNTRYRESPONSE_SCORE,2023,558,GDHM_CAT5_STANDARDS,GDHM_Q15,0.0,Not Available
GDHM_SURVEY_COUNTRYRESPONSE_SCORE,2023,558,GDHM_CAT5_STANDARDS,GDHM_Q16,0.0,Not Available
GDHM_SURVEY_CATEGORY_AVG,2023,558,GDHM_CAT5_STANDARDS,,1.0,Not Available
GDHM_SURVEY_COUNTRYRESPONSE_SCORE,2023,558,GDHM_CAT6_INFRASTRUCTURE,GDHM_Q17,0.0,Not Available
GDHM_SURVEY_COUNTRYRESPONSE_SCORE,2023,558,GDHM_CAT6_INFRASTRUCTURE,GDHM_Q18,3.0,Phase 3
GDHM_SURVEY_CATEGORY_AVG,2023,558,GDHM_CAT6_INFRASTRUCTURE,,3.0,Phase 3
GDHM_SURVEY_COUNTRYRESPONSE_SCORE,2023,558,GDHM_CAT7_SERV_APP,GDHM_Q19,0.0,Not Available
GDHM_SURVEY_COUNTRYRESPONSE_SCORE,2023,558,GDHM_CAT7_SERV_APP,GDHM_Q20,0.0,Not Available
GDHM_SURVEY_COUNTRYRESPONSE_SCORE,2023,558,GDHM_CAT7_SERV_APP,GDHM_Q21,0.0,Not Available
GDHM_SURVEY_COUNTRYRESPONSE_SCORE,2023,558,GDHM_CAT7_SERV_APP,GDHM_Q21a,0.0,Not Available
GDHM_SURVEY_COUNTRYRESPONSE_SCORE,2023,558,GDHM_CAT7_SERV_APP,GDHM_Q21b,0.0,Not Available
GDHM_SURVEY_COUNTRYRESPONSE_SCORE,2023,558,GDHM_CAT7_SERV_APP,GDHM_Q21c,0.0,Not Available
GDHM_SURVEY_COUNTRYRESPONSE_SCORE,2023,558,GDHM_CAT7_SERV_APP,GDHM_Q22,0.0,Not Available
GDHM_SURVEY_COUNTRYRESPONSE_SCORE,2023,558,GDHM_CAT7_SERV_APP,GDHM_Q23,0.0,Not Available
GDHM_SURVEY_CATEGORY_AVG,2023,558,GDHM_CAT7_SERV_APP,,1.0,Not Available
GDHM_SURVEY_COUNTRYRESPONSE_SCORE,2023,562,GDHM_CAT1_LEAD_GOV,GDHM_Q01,2.0,Phase 2
GDHM_SURVEY_COUNTRYRESPONSE_SCORE,2023,562,GDHM_CAT1_LEAD_GOV,GDHM_Q02,3.0,Phase 3
GDHM_SURVEY_COUNTRYRESPONSE_SCORE,2023,562,GDHM_CAT1_LEAD_GOV,GDHM_Q02a,2.0,Phase 2
GDHM_SURVEY_COUNTRYRESPONSE_SCORE,2023,562,GDHM_CAT1_LEAD_GOV,GDHM_Q03,1.0,Phase 1
GDHM_SURVEY_COUNTRYRESPONSE_SCORE,2023,562,GDHM_CAT1_LEAD_GOV,GDHM_Q04,2.0,Phase 2
GDHM_SURVEY_COUNTRYRESPONSE_SCORE,2023,562,GDHM_CAT1_LEAD_GOV,GDHM_Q04a,4.0,Phase 4
GDHM_SURVEY_CATEGORY_AVG,2023,562,GDHM_CAT1_LEAD_GOV,,2.0,Phase 2
GDHM_SURVEY_COUNTRYRESPONSE_SCORE,2023,562,GDHM_CAT2_STRAT_INV,GDHM_Q05,3.0,Phase 3
GDHM_SURVEY_COUNTRYRESPONSE_SCORE,2023,562,GDHM_CAT2_STRAT_INV,GDHM_Q05a,4.0,Phase 4
GDHM_SURVEY_COUNTRYRESPONSE_SCORE,2023,562,GDHM_CAT2_STRAT_INV,GDHM_Q06,2.0,Phase 2
GDHM_SURVEY_COUNTRYRESPONSE_SCORE,2023,562,GDHM_CAT2_STRAT_INV,GDHM_Q06a,2.0,Phase 2
GDHM_SURVEY_CATEGORY_AVG,2023,562,GDHM_CAT2_STRAT_INV,,3.0,Phase 3
GDHM_SURVEY_COUNTRYRESPONSE_SCORE,2023,562,GDHM_CAT3_LEG,GDHM_Q07,4.0,Phase 4
GDHM_SURVEY_COUNTRYRESPONSE_SCORE,2023,562,GDHM_CAT3_LEG,GDHM_Q08,5.0,Phase 5
GDHM_SURVEY_COUNTRYRESPONSE_SCORE,2023,562,GDHM_CAT3_LEG,GDHM_Q09,1.0,Phase 1
GDHM_SURVEY_COUNTRYRESPONSE_SCORE,2023,562,GDHM_CAT3_LEG,GDHM_Q09a,1.0,Phase 1
GDHM_SURVEY_COUNTRYRESPONSE_SCORE,2023,562,GDHM_CAT3_LEG,GDHM_Q10,3.0,Phase 3
GDHM_SURVEY_CATEGORY_AVG,2023,562,GDHM_CAT3_LEG,,4.0,Phase 4
GDHM_SURVEY_COUNTRYRESPONSE_SCORE,2023,562,GDHM_CAT4_WORKFORCE,GDHM_Q11,1.0,Phase 1
GDHM_SURVEY_COUNTRYRESPONSE_SCORE,2023,562,GDHM_CAT4_WORKFORCE,GDHM_Q12,1.0,Phase 1
GDHM_SURVEY_COUNTRYRESPONSE_SCORE,2023,562,GDHM_CAT4_WORKFORCE,GDHM_Q13,1.0,Phase 1
GDHM_SURVEY_COUNTRYRESPONSE_SCORE,2023,562,GDHM_CAT4_WORKFORCE,GDHM_Q14,1.0,Phase 1
GDHM_SURVEY_CATEGORY_AVG,2023,562,GDHM_CAT4_WORKFORCE,,1.0,Phase 1
GDHM_SURVEY_COUNTRYRESPONSE_SCORE,2023,562,GDHM_CAT5_STANDARDS,GDHM_Q15,2.0,Phase 2
GDHM_SURVEY_COUNTRYRESPONSE_SCORE,2023,562,GDHM_CAT5_STANDARDS,GDHM_Q16,2.0,Phase 2
GDHM_SURVEY_CATEGORY_AVG,2023,562,GDHM_CAT5_STANDARDS,,2.0,Phase 2
GDHM_SURVEY_COUNTRYRESPONSE_SCORE,2023,562,GDHM_CAT6_INFRASTRUCTURE,GDHM_Q17,0.0,Not Available
GDHM_SURVEY_COUNTRYRESPONSE_SCORE,2023,562,GDHM_CAT6_INFRASTRUCTURE,GDHM_Q18,0.0,Not Available
GDHM_SURVEY_CATEGORY_AVG,2023,562,GDHM_CAT6_INFRASTRUCTURE,,1.0,Not Available
GDHM_SURVEY_COUNTRYRESPONSE_SCORE,2023,562,GDHM_CAT7_SERV_APP,GDHM_Q19,2.0,Phase 2
GDHM_SURVEY_COUNTRYRESPONSE_SCORE,2023,562,GDHM_CAT7_SERV_APP,GDHM_Q20,4.0,Phase 4
GDHM_SURVEY_COUNTRYRESPONSE_SCORE,2023,562,GDHM_CAT7_SERV_APP,GDHM_Q21,1.0,Phase 1
GDHM_SURVEY_COUNTRYRESPONSE_SCORE,2023,562,GDHM_CAT7_SERV_APP,GDHM_Q21a,1.0,Phase 1
GDHM_SURVEY_COUNTRYRESPONSE_SCORE,2023,562,GDHM_CAT7_SERV_APP,GDHM_Q21b,1.0,Phase 1
GDHM_SURVEY_COUNTRYRESPONSE_SCORE,2023,860,GDHM_CAT3_LEG,GDHM_Q10,0.0,Not Available
GDHM_SURVEY_CATEGORY_AVG,2023,860,GDHM_CAT3_LEG,,4.0,Phase 4
GDHM_SURVEY_COUNTRYRESPONSE_SCORE,2023,860,GDHM_CAT4_WORKFORCE,GDHM_Q11,0.0,Not Available
GDHM_SURVEY_COUNTRYRESPONSE_SCORE,2023,860,GDHM_CAT4_WORKFORCE,GDHM_Q12,0.0,Not Available
GDHM_SURVEY_COUNTRYRESPONSE_SCORE,2023,860,GDHM_CAT4_WORKFORCE,GDHM_Q13,0.0,Not Available
GDHM_SURVEY_COUNTRYRESPONSE_SCORE,2023,860,GDHM_CAT4_WORKFORCE,GDHM_Q14,0.0,Not Available
GDHM_SURVEY_CATEGORY_AVG,2023,860,GDHM_CAT4_WORKFORCE,,1.0,Not Available
GDHM_SURVEY_COUNTRYRESPONSE_SCORE,2023,860,GDHM_CAT5_STANDARDS,GDHM_Q15,0.0,Not Available
GDHM_SURVEY_COUNTRYRESPONSE_SCORE,2023,860,GDHM_CAT5_STANDARDS,GDHM_Q16,0.0,Not Available
GDHM_SURVEY_CATEGORY_AVG,2023,860,GDHM_CAT5_STANDARDS,,1.0,Not Available
GDHM_SURVEY_COUNTRYRESPONSE_SCORE,2023,860,GDHM_CAT6_INFRASTRUCTURE,GDHM_Q17,0.0,Not Available
GDHM_SURVEY_COUNTRYRESPONSE_SCORE,2023,860,GDHM_CAT6_INFRASTRUCTURE,GDHM_Q18,3.0,Phase 3
GDHM_SURVEY_CATEGORY_AVG,2023,860,GDHM_CAT6_INFRASTRUCTURE,,3.0,Phase 3
GDHM_SURVEY_COUNTRYRESPONSE_SCORE,2023,860,GDHM_CAT7_SERV_APP,GDHM_Q19,0.0,Not Available
GDHM_SURVEY_COUNTRYRESPONSE_SCORE,2023,860,GDHM_CAT7_SERV_APP,GDHM_Q20,0.0,Not Available
GDHM_SURVEY_COUNTRYRESPONSE_SCORE,2023,860,GDHM_CAT7_SERV_APP,GDHM_Q21,0.0,Not Available
GDHM_SURVEY_COUNTRYRESPONSE_SCORE,2023,860,GDHM_CAT7_SERV_APP,GDHM_Q21a,0.0,Not Available
GDHM_SURVEY_COUNTRYRESPONSE_SCORE,2023,860,GDHM_CAT7_SERV_APP,GDHM_Q21b,0.0,Not Available
GDHM_SURVEY_COUNTRYRESPONSE_SCORE,2023,860,GDHM_CAT7_SERV_APP,GDHM_Q21c,0.0,Not Available
GDHM_SURVEY_COUNTRYRESPONSE_SCORE,2023,860,GDHM_CAT7_SERV_APP,GDHM_Q22,0.0,Not Available
GDHM_SURVEY_COUNTRYRESPONSE_SCORE,2023,860,GDHM_CAT7_SERV_APP,GDHM_Q23,0.0,Not Available
GDHM_SURVEY_CATEGORY_AVG,2023,860,GDHM_CAT7_SERV_APP,,1.0,Not Available
GDHM_SURVEY_COUNTRYRESPONSE_SCORE,2023,548,GDHM_CAT1_LEAD_GOV,GDHM_Q01,0.0,Not Available
GDHM_SURVEY_COUNTRYRESPONSE_SCORE,2023,548,GDHM_CAT1_LEAD_GOV,GDHM_Q02,0.0,Not Available
GDHM_SURVEY_COUNTRYRESPONSE_SCORE,2023,548,GDHM_CAT1_LEAD_GOV,GDHM_Q02a,0.0,Not Available
GDHM_SURVEY_COUNTRYRESPONSE_SCORE,2023,548,GDHM_CAT1_LEAD_GOV,GDHM_Q03,0.0,Not Available
GDHM_SURVEY_COUNTRYRESPONSE_SCORE,2023,548,GDHM_CAT1_LEAD_GOV,GDHM_Q04,0.0,Not Available
GDHM_SURVEY_COUNTRYRESPONSE_SCORE,2023,548,GDHM_CAT1_LEAD_GOV,GDHM_Q04a,0.0,Not Available
GDHM_SURVEY_CATEGORY_AVG,2023,548,GDHM_CAT1_LEAD_GOV,,1.0,Not Available
GDHM_SURVEY_COUNTRYRESPONSE_SCORE,2023,548,GDHM_CAT2_STRAT_INV,GDHM_Q05,0.0,Not Available
GDHM_SURVEY_COUNTRYRESPONSE_SCORE,2023,548,GDHM_CAT2_STRAT_INV,GDHM_Q05a,0.0,Not Available
GDHM_SURVEY_COUNTRYRESPONSE_SCORE,2023,548,GDHM_CAT2_STRAT_INV,GDHM_Q06,0.0,Not Available
GDHM_SURVEY_COUNTRYRESPONSE_SCORE,2023,548,GDHM_CAT2_STRAT_INV,GDHM_Q06a,0.0,Not Available
GDHM_SURVEY_CATEGORY_AVG,2023,548,GDHM_CAT2_STRAT_INV,,1.0,Not Available
GDHM_SURVEY_COUNTRYRESPONSE_SCORE,2023,548,GDHM_CAT3_LEG,GDHM_Q07,1.0,Phase 1
GDHM_SURVEY_COUNTRYRESPONSE_SCORE,2023,548,GDHM_CAT3_LEG,GDHM_Q08,0.0,Not Available
GDHM_SURVEY_COUNTRYRESPONSE_SCORE,2023,548,GDHM_CAT3_LEG,GDHM_Q09,0.0,Not Available
GDHM_SURVEY_COUNTRYRESPONSE_SCORE,2023,548,GDHM_CAT3_LEG,GDHM_Q09a,0.0,Not Available
GDHM_SURVEY_COUNTRYRESPONSE_SCORE,2023,548,GDHM_CAT3_LEG,GDHM_Q10,0.0,Not Available
GDHM_SURVEY_CATEGORY_AVG,2023,548,GDHM_CAT3_LEG,,1.0,Phase 1
GDHM_SURVEY_COUNTRYRESPONSE_SCORE,2023,548,GDHM_CAT4_WORKFORCE,GDHM_Q11,0.0,Not Available
GDHM_SURVEY_COUNTRYRESPONSE_SCORE,2023,548,GDHM_CAT4_WORKFORCE,GDHM_Q12,0.0,Not Available
GDHM_SURVEY_COUNTRYRESPONSE_SCORE,2023,548,GDHM_CAT4_WORKFORCE,GDHM_Q13,0.0,Not Available
GDHM_SURVEY_COUNTRYRESPONSE_SCORE,2023,548,GDHM_CAT4_WORKFORCE,GDHM_Q14,0.0,Not Available
GDHM_SURVEY_CATEGORY_AVG,2023,548,GDHM_CAT4_WORKFORCE,,1.0,Not Available
GDHM_SURVEY_COUNTRYRESPONSE_SCORE,2023,548,GDHM_CAT5_STANDARDS,GDHM_Q15,0.0,Not Available
GDHM_SURVEY_COUNTRYRESPONSE_SCORE,2023,548,GDHM_CAT5_STANDARDS,GDHM_Q16,0.0,Not Available
GDHM_SURVEY_CATEGORY_AVG,2023,548,GDHM_CAT5_STANDARDS,,1.0,Not Available
GDHM_SURVEY_COUNTRYRESPONSE_SCORE,2023,548,GDHM_CAT6_INFRASTRUCTURE,GDHM_Q17,0.0,Not Available
GDHM_SURVEY_COUNTRYRESPONSE_SCORE,2023,548,GDHM_CAT6_INFRASTRUCTURE,GDHM_Q18,3.0,Phase 3
GDHM_SURVEY_CATEGORY_AVG,2023,548,GDHM_CAT6_INFRASTRUCTURE,,3.0,Phase 3
GDHM_SURVEY_COUNTRYRESPONSE_SCORE,2023,548,GDHM_CAT7_SERV_APP,GDHM_Q19,0.0,Not Available
GDHM_SURVEY_COUNTRYRESPONSE_SCORE,2023,548,GDHM_CAT7_SERV_APP,GDHM_Q20,0.0,Not Available
GDHM_SURVEY_COUNTRYRESPONSE_SCORE,2023,548,GDHM_CAT7_SERV_APP,GDHM_Q21,0.0,Not Available
GDHM_SURVEY_COUNTRYRESPONSE_SCORE,2023,548,GDHM_CAT7_SERV_APP,GDHM_Q21a,0.0,Not Available
GDHM_SURVEY_COUNTRYRESPONSE_SCORE,2023,548,GDHM_CAT7_SERV_APP,GDHM_Q21b,0.0,Not Available
GDHM_SURVEY_COUNTRYRESPONSE_SCORE,2023,548,GDHM_CAT7_SERV_APP,GDHM_Q21c,0.0,Not Available
GDHM_SURVEY_COUNTRYRESPONSE_SCORE,2023,548,GDHM_CAT7_SERV_APP,GDHM_Q22,0.0,Not Available
GDHM_SURVEY_COUNTRYRESPONSE_SCORE,2023,548,GDHM_CAT7_SERV_APP,GDHM_Q23,0.0,Not Available
GDHM_SURVEY_CATEGORY_AVG,2023,548,GDHM_CAT7_SERV_APP,,1.0,Not Available
GDHM_SURVEY_COUNTRYRESPONSE_SCORE,2023,862,GDHM_CAT1_LEAD_GOV,GDHM_Q01,0.0,Not Available
GDHM_SURVEY_COUNTRYRESPONSE_SCORE,2023,862,GDHM_CAT1_LEAD_GOV,GDHM_Q02,0.0,Not Available
GDHM_SURVEY_COUNTRYRESPONSE_SCORE,2023,862,GDHM_CAT1_LEAD_GOV,GDHM_Q02a,0.0,Not Available
GDHM_SURVEY_COUNTRYRESPONSE_SCORE,2023,862,GDHM_CAT1_LEAD_GOV,GDHM_Q03,0.0,Not Available
GDHM_SURVEY_COUNTRYRESPONSE_SCORE,2023,862,GDHM_CAT1_LEAD_GOV,GDHM_Q04,0.0,Not Available
GDHM_SURVEY_COUNTRYRESPONSE_SCORE,2023,862,GDHM_CAT1_LEAD_GOV,GDHM_Q04a,0.0,Not Available
GDHM_SURVEY_CATEGORY_AVG,2023,862,GDHM_CAT1_LEAD_GOV,,1.0,Not Available
GDHM_SURVEY_COUNTRYRESPONSE_SCORE,2023,862,GDHM_CAT2_STRAT_INV,GDHM_Q05,0.0,Not Available
GDHM_SURVEY_COUNTRYRESPONSE_SCORE,2023,862,GDHM_CAT2_STRAT_INV,GDHM_Q05a,0.0,Not Available
GDHM_SURVEY_COUNTRYRESPONSE_SCORE,2023,862,GDHM_CAT2_STRAT_INV,GDHM_Q06,0.0,Not Available
GDHM_SURVEY_COUNTRYRESPONSE_SCORE,2023,862,GDHM_CAT2_STRAT_INV,GDHM_Q06a,0.0,Not Available
GDHM_SURVEY_CATEGORY_AVG,2023,862,GDHM_CAT2_STRAT_INV,,1.0,Not Available
GDHM_SURVEY_COUNTRYRESPONSE_SCORE,2023,862,GDHM_CAT3_LEG,GDHM_Q07,2.0,Phase 2
GDHM_SURVEY_COUNTRYRESPONSE_SCORE,2023,862,GDHM_CAT3_LEG,GDHM_Q08,0.0,Not Available
GDHM_SURVEY_COUNTRYRESPONSE_SCORE,2023,862,GDHM_CAT3_LEG,GDHM_Q09,0.0,Not Available
GDHM_SURVEY_COUNTRYRESPONSE_SCORE,2023,862,GDHM_CAT3_LEG,GDHM_Q09a,0.0,Not Available
GDHM_SURVEY_COUNTRYRESPONSE_SCORE,2023,862,GDHM_CAT3_LEG,GDHM_Q10,0.0,Not Available
GDHM_SURVEY_CATEGORY_AVG,2023,862,GDHM_CAT3_LEG,,2.0,Phase 2
GDHM_SURVEY_COUNTRYRESPONSE_SCORE,2023,862,GDHM_CAT4_WORKFORCE,GDHM_Q11,0.0,Not Available
GDHM_SURVEY_COUNTRYRESPONSE_SCORE,2023,862,GDHM_CAT4_WORKFORCE,GDHM_Q12,0.0,Not Available
GDHM_SURVEY_COUNTRYRESPONSE_SCORE,2023,862,GDHM_CAT4_WORKFORCE,GDHM_Q13,0.0,Not Available
GDHM_SURVEY_COUNTRYRESPONSE_SCORE,2023,862,GDHM_CAT4_WORKFORCE,GDHM_Q14,0.0,Not Available
GDHM_SURVEY_CATEGORY_AVG,2023,862,GDHM_CAT4_WORKFORCE,,1.0,Not Available
GDHM_SURVEY_COUNTRYRESPONSE_SCORE,2023,862,GDHM_CAT5_STANDARDS,GDHM_Q15,0.0,Not Available
GDHM_SURVEY_COUNTRYRESPONSE_SCORE,2023,862,GDHM_CAT5_STANDARDS,GDHM_Q16,0.0,Not Available
GDHM_SURVEY_CATEGORY_AVG,2023,862,GDHM_CAT5_STANDARDS,,1.0,Not Available
GDHM_SURVEY_COUNTRYRESPONSE_SCORE,2023,862,GDHM_CAT6_INFRASTRUCTURE,GDHM_Q17,0.0,Not Available
GDHM_SURVEY_COUNTRYRESPONSE_SCORE,2023,862,GDHM_CAT6_INFRASTRUCTURE,GDHM_Q18,3.0,Phase 3
GDHM_SURVEY_CATEGORY_AVG,2023,862,GDHM_CAT6_INFRASTRUCTURE,,3.0,Phase 3
GDHM_SURVEY_COUNTRYRESPONSE_SCORE,2023,862,GDHM_CAT7_SERV_APP,GDHM_Q19,0.0,Not Available
GDHM_SURVEY_COUNTRYRESPONSE_SCORE,2023,862,GDHM_CAT7_SERV_APP,GDHM_Q20,0.0,Not Available
GDHM_SURVEY_COUNTRYRESPONSE_SCORE,2023,862,GDHM_CAT7_SERV_APP,GDHM_Q21,0.0,Not Available
GDHM_SURVEY_COUNTRYRESPONSE_SCORE,2023,862,GDHM_CAT7_SERV_APP,GDHM_Q21a,0.0,Not Available
GDHM_SURVEY_COUNTRYRESPONSE_SCORE,2023,862,GDHM_CAT7_SERV_APP,GDHM_Q21b,0.0,Not Available
GDHM_SURVEY_COUNTRYRESPONSE_SCORE,2023,862,GDHM_CAT7_SERV_APP,GDHM_Q21c,0.0,Not Available
GDHM_SURVEY_COUNTRYRESPONSE_SCORE,2023,862,GDHM_CAT7_SERV_APP,GDHM_Q22,0.0,Not Available
GDHM_SURVEY_COUNTRYRESPONSE_SCORE,2023,862,GDHM_CAT7_SERV_APP,GDHM_Q23,0.0,Not Available
GDHM_SURVEY_CATEGORY_AVG,2023,862,GDHM_CAT7_SERV_APP,,1.0,Not Available
GDHM_SURVEY_COUNTRYRESPONSE_SCORE,2023,704,GDHM_CAT1_LEAD_GOV,GDHM_Q01,3.0,Phase 3
GDHM_SURVEY_COUNTRYRESPONSE_SCORE,2023,704,GDHM_CAT1_LEAD_GOV,GDHM_Q02,4.0,Phase 4
GDHM_SURVEY_COUNTRYRESPONSE_SCORE,2023,704,GDHM_CAT1_LEAD_GOV,GDHM_Q02a,4.0,Phase 4
GDHM_SURVEY_COUNTRYRESPONSE_SCORE,2023,704,GDHM_CAT1_LEAD_GOV,GDHM_Q03,4.0,Phase 4
GDHM_SURVEY_COUNTRYRESPONSE_SCORE,2023,704,GDHM_CAT1_LEAD_GOV,GDHM_Q04,5.0,Phase 5
GDHM_SURVEY_COUNTRYRESPONSE_SCORE,2023,704,GDHM_CAT1_LEAD_GOV,GDHM_Q04a,4.0,Phase 4
GDHM_SURVEY_CATEGORY_AVG,2023,704,GDHM_CAT1_LEAD_GOV,,4.0,Phase 4
GDHM_SURVEY_COUNTRYRESPONSE_SCORE,2023,704,GDHM_CAT2_STRAT_INV,GDHM_Q05,4.0,Phase 4
GDHM_SURVEY_COUNTRYRESPONSE_SCORE,2023,704,GDHM_CAT2_STRAT_INV,GDHM_Q05a,4.0,Phase 4
GDHM_SURVEY_COUNTRYRESPONSE_SCORE,2023,704,GDHM_CAT2_STRAT_INV,GDHM_Q06,2.0,Phase 2
GDHM_SURVEY_COUNTRYRESPONSE_SCORE,2023,704,GDHM_CAT2_STRAT_INV,GDHM_Q06a,2.0,Phase 2
GDHM_SURVEY_CATEGORY_AVG,2023,704,GDHM_CAT2_STRAT_INV,,3.0,Phase 3
GDHM_SURVEY_COUNTRYRESPONSE_SCORE,2023,704,GDHM_CAT3_LEG,GDHM_Q07,3.0,Phase 3
GDHM_SURVEY_COUNTRYRESPONSE_SCORE,2023,704,GDHM_CAT3_LEG,GDHM_Q08,3.0,Phase 3
GDHM_SURVEY_COUNTRYRESPONSE_SCORE,2023,704,GDHM_CAT3_LEG,GDHM_Q09,3.0,Phase 3
GDHM_SURVEY_COUNTRYRESPONSE_SCORE,2023,704,GDHM_CAT3_LEG,GDHM_Q09a,3.0,Phase 3
GDHM_SURVEY_COUNTRYRESPONSE_SCORE,2023,704,GDHM_CAT3_LEG,GDHM_Q10,5.0,Phase 5
GDHM_SURVEY_CATEGORY_AVG,2023,704,GDHM_CAT3_LEG,,4.0,Phase 4
GDHM_SURVEY_COUNTRYRESPONSE_SCORE,2023,704,GDHM_CAT4_WORKFORCE,GDHM_Q11,3.0,Phase 3
GDHM_SURVEY_COUNTRYRESPONSE_SCORE,2023,704,GDHM_CAT4_WORKFORCE,GDHM_Q12,3.0,Phase 3
GDHM_SURVEY_COUNTRYRESPONSE_SCORE,2023,704,GDHM_CAT4_WORKFORCE,GDHM_Q13,4.0,Phase 4
GDHM_SURVEY_COUNTRYRESPONSE_SCORE,2023,704,GDHM_CAT4_WORKFORCE,GDHM_Q14,2.0,Phase 2
GDHM_SURVEY_CATEGORY_AVG,2023,704,GDHM_CAT4_WORKFORCE,,3.0,Phase 3
GDHM_SURVEY_COUNTRYRESPONSE_SCORE,2023,704,GDHM_CAT5_STANDARDS,GDHM_Q15,3.0,Phase 3
GDHM_SURVEY_COUNTRYRESPONSE_SCORE,2023,704,GDHM_CAT5_STANDARDS,GDHM_Q16,3.0,Phase 3
GDHM_SURVEY_CATEGORY_AVG,2023,704,GDHM_CAT5_STANDARDS,,3.0,Phase 3
GDHM_SURVEY_COUNTRYRESPONSE_SCORE,2023,704,GDHM_CAT6_INFRASTRUCTURE,GDHM_Q17,4.0,Phase 4
GDHM_SURVEY_COUNTRYRESPONSE_SCORE,2023,704,GDHM_CAT6_INFRASTRUCTURE,GDHM_Q18,3.0,Phase 3
GDHM_SURVEY_CATEGORY_AVG,2023,704,GDHM_CAT6_INFRASTRUCTURE,,4.0,Phase 4
GDHM_SURVEY_COUNTRYRESPONSE_SCORE,2023,704,GDHM_CAT7_SERV_APP,GDHM_Q19,4.0,Phase 4
GDHM_SURVEY_COUNTRYRESPONSE_SCORE,2023,704,GDHM_CAT7_SERV_APP,GDHM_Q20,3.0,Phase 3
GDHM_SURVEY_COUNTRYRESPONSE_SCORE,2023,704,GDHM_CAT7_SERV_APP,GDHM_Q21,2.0,Phase 2
GDHM_SURVEY_COUNTRYRESPONSE_SCORE,2023,704,GDHM_CAT7_SERV_APP,GDHM_Q21a,2.0,Phase 2
GDHM_SURVEY_COUNTRYRESPONSE_SCORE,2023,704,GDHM_CAT7_SERV_APP,GDHM_Q21b,2.0,Phase 2
GDHM_SURVEY_COUNTRYRESPONSE_SCORE,2023,704,GDHM_CAT7_SERV_APP,GDHM_Q21c,2.0,Phase 2
GDHM_SURVEY_COUNTRYRESPONSE_SCORE,2023,704,GDHM_CAT7_SERV_APP,GDHM_Q22,4.0,Phase 4
GDHM_SURVEY_COUNTRYRESPONSE_SCORE,2023,704,GDHM_CAT7_SERV_APP,GDHM_Q23,3.0,Phase 3
GDHM_SURVEY_CATEGORY_AVG,2023,704,GDHM_CAT7_SERV_APP,,4.0,Phase 4
GDHM_SURVEY_COUNTRYRESPONSE_SCORE,2023,887,GDHM_CAT1_LEAD_GOV,GDHM_Q01,0.0,Not Available
GDHM_SURVEY_COUNTRYRESPONSE_SCORE,2023,887,GDHM_CAT1_LEAD_GOV,GDHM_Q02,0.0,Not Available
GDHM_SURVEY_COUNTRYRESPONSE_SCORE,2023,887,GDHM_CAT1_LEAD_GOV,GDHM_Q02a,0.0,Not Available
GDHM_SURVEY_COUNTRYRESPONSE_SCORE,2023,887,GDHM_CAT1_LEAD_GOV,GDHM_Q03,0.0,Not Available
GDHM_SURVEY_COUNTRYRESPONSE_SCORE,2023,887,GDHM_CAT1_LEAD_GOV,GDHM_Q04,0.0,Not Available
GDHM_SURVEY_COUNTRYRESPONSE_SCORE,2023,887,GDHM_CAT1_LEAD_GOV,GDHM_Q04a,0.0,Not Available
GDHM_SURVEY_CATEGORY_AVG,2023,887,GDHM_CAT1_LEAD_GOV,,1.0,Not Available
GDHM_SURVEY_COUNTRYRESPONSE_SCORE,2023,887,GDHM_CAT2_STRAT_INV,GDHM_Q05,0.0,Not Available
GDHM_SURVEY_COUNTRYRESPONSE_SCORE,2023,887,GDHM_CAT2_STRAT_INV,GDHM_Q05a,0.0,Not Available
GDHM_SURVEY_COUNTRYRESPONSE_SCORE,2023,887,GDHM_CAT2_STRAT_INV,GDHM_Q06,0.0,Not Available
GDHM_SURVEY_COUNTRYRESPONSE_SCORE,2023,887,GDHM_CAT2_STRAT_INV,GDHM_Q06a,0.0,Not Available
GDHM_SURVEY_CATEGORY_AVG,2023,887,GDHM_CAT2_STRAT_INV,,1.0,Not Available
GDHM_SURVEY_COUNTRYRESPONSE_SCORE,2023,887,GDHM_CAT3_LEG,GDHM_Q07,1.0,Phase 1
GDHM_SURVEY_COUNTRYRESPONSE_SCORE,2023,887,GDHM_CAT3_LEG,GDHM_Q08,0.0,Not Available
GDHM_SURVEY_COUNTRYRESPONSE_SCORE,2023,887,GDHM_CAT3_LEG,GDHM_Q09,0.0,Not Available
GDHM_SURVEY_COUNTRYRESPONSE_SCORE,2023,887,GDHM_CAT3_LEG,GDHM_Q09a,0.0,Not Available
GDHM_SURVEY_COUNTRYRESPONSE_SCORE,2023,887,GDHM_CAT3_LEG,GDHM_Q10,0.0,Not Available
GDHM_SURVEY_CATEGORY_AVG,2023,887,GDHM_CAT3_LEG,,1.0,Phase 1
GDHM_SURVEY_COUNTRYRESPONSE_SCORE,2023,887,GDHM_CAT4_WORKFORCE,GDHM_Q11,0.0,Not Available
GDHM_SURVEY_COUNTRYRESPONSE_SCORE,2023,887,GDHM_CAT4_WORKFORCE,GDHM_Q12,0.0,Not Available
GDHM_SURVEY_COUNTRYRESPONSE_SCORE,2023,887,GDHM_CAT4_WORKFORCE,GDHM_Q13,0.0,Not Available
GDHM_SURVEY_COUNTRYRESPONSE_SCORE,2023,887,GDHM_CAT4_WORKFORCE,GDHM_Q14,0.0,Not Available
GDHM_SURVEY_CATEGORY_AVG,2023,887,GDHM_CAT4_WORKFORCE,,1.0,Not Available
GDHM_SURVEY_COUNTRYRESPONSE_SCORE,2023,887,GDHM_CAT5_STANDARDS,GDHM_Q15,0.0,Not Available
GDHM_SURVEY_COUNTRYRESPONSE_SCORE,2019,914,GDHM_CAT3_LEG,GDHM_Q07,4.0,Phase 4
GDHM_SURVEY_COUNTRYRESPONSE_SCORE,2019,914,GDHM_CAT2_STRAT_INV,GDHM_Q06a,2.0,Phase 2
GDHM_SURVEY_COUNTRYRESPONSE_SCORE,2019,914,GDHM_CAT2_STRAT_INV,GDHM_Q06,3.0,Phase 3
GDHM_SURVEY_COUNTRYRESPONSE_SCORE,2019,914,GDHM_CAT2_STRAT_INV,GDHM_Q05a,3.0,Phase 3
GDHM_SURVEY_COUNTRYRESPONSE_SCORE,2019,914,GDHM_CAT2_STRAT_INV,GDHM_Q05,2.0,Phase 2
GDHM_SURVEY_COUNTRYRESPONSE_SCORE,2019,914,GDHM_CAT1_LEAD_GOV,GDHM_Q04a,1.0,Phase 1
GDHM_SURVEY_COUNTRYRESPONSE_SCORE,2019,914,GDHM_CAT1_LEAD_GOV,GDHM_Q04,2.0,Phase 2
GDHM_SURVEY_COUNTRYRESPONSE_SCORE,2019,914,GDHM_CAT1_LEAD_GOV,GDHM_Q03,2.0,Phase 2
GDHM_SURVEY_COUNTRYRESPONSE_SCORE,2019,914,GDHM_CAT1_LEAD_GOV,GDHM_Q02a,2.0,Phase 2
GDHM_SURVEY_COUNTRYRESPONSE_SCORE,2019,914,GDHM_CAT7_SERV_APP,GDHM_Q22,2.0,Phase 2
GDHM_SURVEY_COUNTRYRESPONSE_SCORE,2019,910,GDHM_CAT1_LEAD_GOV,GDHM_Q01,4.0,Phase 4
GDHM_SURVEY_COUNTRYRESPONSE_SCORE,2019,910,GDHM_CAT1_LEAD_GOV,GDHM_Q02,4.0,Phase 4
GDHM_SURVEY_COUNTRYRESPONSE_SCORE,2019,910,GDHM_CAT1_LEAD_GOV,GDHM_Q02a,4.0,Phase 4
GDHM_SURVEY_COUNTRYRESPONSE_SCORE,2019,910,GDHM_CAT7_SERV_APP,GDHM_Q23,3.0,Phase 3
GDHM_SURVEY_COUNTRYRESPONSE_SCORE,2019,910,GDHM_CAT7_SERV_APP,GDHM_Q22,3.0,Phase 3
GDHM_SURVEY_COUNTRYRESPONSE_SCORE,2019,910,GDHM_CAT7_SERV_APP,GDHM_Q21c,4.0,Phase 4
GDHM_SURVEY_COUNTRYRESPONSE_SCORE,2019,910,GDHM_CAT7_SERV_APP,GDHM_Q21b,4.0,Phase 4
GDHM_SURVEY_COUNTRYRESPONSE_SCORE,2019,910,GDHM_CAT7_SERV_APP,GDHM_Q21a,3.0,Phase 3
GDHM_SURVEY_COUNTRYRESPONSE_SCORE,2019,910,GDHM_CAT7_SERV_APP,GDHM_Q21,3.0,Phase 3
GDHM_SURVEY_COUNTRYRESPONSE_SCORE,2019,910,GDHM_CAT7_SERV_APP,GDHM_Q20,2.0,Phase 2
GDHM_SURVEY_COUNTRYRESPONSE_SCORE,2019,910,GDHM_CAT7_SERV_APP,GDHM_Q19,4.0,Phase 4
GDHM_SURVEY_COUNTRYRESPONSE_SCORE,2019,910,GDHM_CAT6_INFRASTRUCTURE,GDHM_Q18,4.0,Phase 4
GDHM_SURVEY_COUNTRYRESPONSE_SCORE,2019,910,GDHM_CAT6_INFRASTRUCTURE,GDHM_Q17,4.0,Phase 4
GDHM_SURVEY_COUNTRYRESPONSE_SCORE,2019,910,GDHM_CAT5_STANDARDS,GDHM_Q16,4.0,Phase 4
GDHM_SURVEY_COUNTRYRESPONSE_SCORE,2019,910,GDHM_CAT5_STANDARDS,GDHM_Q15,3.0,Phase 3
GDHM_SURVEY_COUNTRYRESPONSE_SCORE,2019,910,GDHM_CAT4_WORKFORCE,GDHM_Q14,1.0,Phase 1
GDHM_SURVEY_COUNTRYRESPONSE_SCORE,2019,914,GDHM_CAT1_LEAD_GOV,GDHM_Q02,3.0,Phase 3
GDHM_SURVEY_COUNTRYRESPONSE_SCORE,2019,910,GDHM_CAT4_WORKFORCE,GDHM_Q13,4.0,Phase 4
GDHM_SURVEY_COUNTRYRESPONSE_SCORE,2019,910,GDHM_CAT4_WORKFORCE,GDHM_Q11,3.0,Phase 3
GDHM_SURVEY_COUNTRYRESPONSE_SCORE,2019,910,GDHM_CAT3_LEG,GDHM_Q10,3.0,Phase 3
GDHM_SURVEY_COUNTRYRESPONSE_SCORE,2019,910,GDHM_CAT3_LEG,GDHM_Q09a,2.0,Phase 2
GDHM_SURVEY_COUNTRYRESPONSE_SCORE,2019,910,GDHM_CAT3_LEG,GDHM_Q09,2.0,Phase 2
GDHM_SURVEY_COUNTRYRESPONSE_SCORE,2019,910,GDHM_CAT3_LEG,GDHM_Q08,4.0,Phase 4
GDHM_SURVEY_COUNTRYRESPONSE_SCORE,2019,910,GDHM_CAT3_LEG,GDHM_Q07,4.0,Phase 4
GDHM_SURVEY_COUNTRYRESPONSE_SCORE,2019,910,GDHM_CAT2_STRAT_INV,GDHM_Q06a,2.0,Phase 2
GDHM_SURVEY_COUNTRYRESPONSE_SCORE,2019,910,GDHM_CAT2_STRAT_INV,GDHM_Q06,3.0,Phase 3
GDHM_SURVEY_COUNTRYRESPONSE_SCORE,2019,910,GDHM_CAT2_STRAT_INV,GDHM_Q05a,3.0,Phase 3
GDHM_SURVEY_COUNTRYRESPONSE_SCORE,2019,910,GDHM_CAT2_STRAT_INV,GDHM_Q05,4.0,Phase 4
GDHM_SURVEY_COUNTRYRESPONSE_SCORE,2019,910,GDHM_CAT1_LEAD_GOV,GDHM_Q04a,2.0,Phase 2
GDHM_SURVEY_COUNTRYRESPONSE_SCORE,2019,910,GDHM_CAT1_LEAD_GOV,GDHM_Q04,4.0,Phase 4
GDHM_SURVEY_COUNTRYRESPONSE_SCORE,2019,910,GDHM_CAT1_LEAD_GOV,GDHM_Q03,3.0,Phase 3
GDHM_SURVEY_COUNTRYRESPONSE_SCORE,2019,910,GDHM_CAT4_WORKFORCE,GDHM_Q12,3.0,Phase 3
GDHM_SURVEY_COUNTRYRESPONSE_SCORE,2019,914,GDHM_CAT1_LEAD_GOV,GDHM_Q01,4.0,Phase 4
GDHM_SURVEY_COUNTRYRESPONSE_SCORE,2019,914,GDHM_CAT7_SERV_APP,GDHM_Q23,2.0,Phase 2
GDHM_SURVEY_COUNTRYRESPONSE_SCORE,2019,912,GDHM_CAT7_SERV_APP,GDHM_Q22,2.0,Phase 2
GDHM_SURVEY_COUNTRYRESPONSE_SCORE,2019,911,GDHM_CAT7_SERV_APP,GDHM_Q21c,2.0,Phase 2
GDHM_SURVEY_COUNTRYRESPONSE_SCORE,2019,911,GDHM_CAT7_SERV_APP,GDHM_Q21b,2.0,Phase 2
GDHM_SURVEY_COUNTRYRESPONSE_SCORE,2019,911,GDHM_CAT7_SERV_APP,GDHM_Q21a,2.0,Phase 2
GDHM_SURVEY_COUNTRYRESPONSE_SCORE,2019,911,GDHM_CAT7_SERV_APP,GDHM_Q21,2.0,Phase 2
GDHM_SURVEY_COUNTRYRESPONSE_SCORE,2019,911,GDHM_CAT7_SERV_APP,GDHM_Q20,3.0,Phase 3
GDHM_SURVEY_COUNTRYRESPONSE_SCORE,2019,911,GDHM_CAT7_SERV_APP,GDHM_Q19,2.0,Phase 2
GDHM_SURVEY_COUNTRYRESPONSE_SCORE,2019,911,GDHM_CAT6_INFRASTRUCTURE,GDHM_Q18,2.0,Phase 2
GDHM_SURVEY_COUNTRYRESPONSE_SCORE,2019,911,GDHM_CAT6_INFRASTRUCTURE,GDHM_Q17,2.0,Phase 2
GDHM_SURVEY_COUNTRYRESPONSE_SCORE,2019,911,GDHM_CAT5_STANDARDS,GDHM_Q16,2.0,Phase 2
GDHM_SURVEY_COUNTRYRESPONSE_SCORE,2019,911,GDHM_CAT5_STANDARDS,GDHM_Q15,2.0,Phase 2
GDHM_SURVEY_COUNTRYRESPONSE_SCORE,2019,911,GDHM_CAT4_WORKFORCE,GDHM_Q14,2.0,Phase 2
GDHM_SURVEY_COUNTRYRESPONSE_SCORE,2019,911,GDHM_CAT4_WORKFORCE,GDHM_Q13,3.0,Phase 3
GDHM_SURVEY_COUNTRYRESPONSE_SCORE,2019,911,GDHM_CAT4_WORKFORCE,GDHM_Q11,2.0,Phase 2
GDHM_SURVEY_COUNTRYRESPONSE_SCORE,2019,911,GDHM_CAT7_SERV_APP,GDHM_Q22,2.0,Phase 2
GDHM_SURVEY_COUNTRYRESPONSE_SCORE,2019,911,GDHM_CAT3_LEG,GDHM_Q10,2.0,Phase 2
GDHM_SURVEY_COUNTRYRESPONSE_SCORE,2019,911,GDHM_CAT3_LEG,GDHM_Q09,2.0,Phase 2
GDHM_SURVEY_COUNTRYRESPONSE_SCORE,2019,911,GDHM_CAT3_LEG,GDHM_Q08,3.0,Phase 3
GDHM_SURVEY_COUNTRYRESPONSE_SCORE,2019,911,GDHM_CAT3_LEG,GDHM_Q07,3.0,Phase 3
GDHM_SURVEY_COUNTRYRESPONSE_SCORE,2019,911,GDHM_CAT2_STRAT_INV,GDHM_Q06a,2.0,Phase 2
GDHM_SURVEY_COUNTRYRESPONSE_SCORE,2019,911,GDHM_CAT2_STRAT_INV,GDHM_Q06,2.0,Phase 2
GDHM_SURVEY_COUNTRYRESPONSE_SCORE,2019,911,GDHM_CAT2_STRAT_INV,GDHM_Q05a,3.0,Phase 3
GDHM_SURVEY_COUNTRYRESPONSE_SCORE,2019,911,GDHM_CAT2_STRAT_INV,GDHM_Q05,3.0,Phase 3
GDHM_SURVEY_COUNTRYRESPONSE_SCORE,2019,911,GDHM_CAT1_LEAD_GOV,GDHM_Q04a,2.0,Phase 2
GDHM_SURVEY_COUNTRYRESPONSE_SCORE,2019,911,GDHM_CAT1_LEAD_GOV,GDHM_Q04,3.0,Phase 3
GDHM_SURVEY_COUNTRYRESPONSE_SCORE,2019,911,GDHM_CAT1_LEAD_GOV,GDHM_Q03,2.0,Phase 2
GDHM_SURVEY_COUNTRYRESPONSE_SCORE,2019,911,GDHM_CAT1_LEAD_GOV,GDHM_Q02a,3.0,Phase 3
GDHM_SURVEY_COUNTRYRESPONSE_SCORE,2019,911,GDHM_CAT1_LEAD_GOV,GDHM_Q02,3.0,Phase 3
GDHM_SURVEY_COUNTRYRESPONSE_SCORE,2019,912,GDHM_CAT7_SERV_APP,GDHM_Q23,3.0,Phase 3
GDHM_SURVEY_COUNTRYRESPONSE_SCORE,2019,911,GDHM_CAT3_LEG,GDHM_Q09a,1.0,Phase 1
GDHM_SURVEY_COUNTRYRESPONSE_SCORE,2019,911,GDHM_CAT7_SERV_APP,GDHM_Q23,3.0,Phase 3
GDHM_SURVEY_COUNTRYRESPONSE_SCORE,2019,911,GDHM_CAT4_WORKFORCE,GDHM_Q12,2.0,Phase 2
GDHM_SURVEY_COUNTRYRESPONSE_SCORE,2019,912,GDHM_CAT7_SERV_APP,GDHM_Q21c,3.0,Phase 3
GDHM_SURVEY_COUNTRYRESPONSE_SCORE,2019,912,GDHM_CAT1_LEAD_GOV,GDHM_Q01,3.0,Phase 3
GDHM_SURVEY_COUNTRYRESPONSE_SCORE,2019,912,GDHM_CAT7_SERV_APP,GDHM_Q21b,3.0,Phase 3
GDHM_SURVEY_COUNTRYRESPONSE_SCORE,2019,912,GDHM_CAT7_SERV_APP,GDHM_Q21a,2.0,Phase 2
GDHM_SURVEY_COUNTRYRESPONSE_SCORE,2019,912,GDHM_CAT7_SERV_APP,GDHM_Q21,2.0,Phase 2
GDHM_SURVEY_COUNTRYRESPONSE_SCORE,2019,912,GDHM_CAT7_SERV_APP,GDHM_Q20,2.0,Phase 2
GDHM_SURVEY_COUNTRYRESPONSE_SCORE,2019,912,GDHM_CAT7_SERV_APP,GDHM_Q19,2.0,Phase 2
GDHM_SURVEY_COUNTRYRESPONSE_SCORE,2019,912,GDHM_CAT6_INFRASTRUCTURE,GDHM_Q18,3.0,Phase 3
GDHM_SURVEY_COUNTRYRESPONSE_SCORE,2019,912,GDHM_CAT6_INFRASTRUCTURE,GDHM_Q17,2.0,Phase 2
GDHM_SURVEY_COUNTRYRESPONSE_SCORE,2019,912,GDHM_CAT5_STANDARDS,GDHM_Q15,2.0,Phase 2
GDHM_SURVEY_COUNTRYRESPONSE_SCORE,2019,912,GDHM_CAT4_WORKFORCE,GDHM_Q14,1.0,Phase 1
GDHM_SURVEY_COUNTRYRESPONSE_SCORE,2019,912,GDHM_CAT4_WORKFORCE,GDHM_Q13,2.0,Phase 2
GDHM_SURVEY_COUNTRYRESPONSE_SCORE,2019,912,GDHM_CAT4_WORKFORCE,GDHM_Q12,2.0,Phase 2
GDHM_SURVEY_COUNTRYRESPONSE_SCORE,2019,912,GDHM_CAT4_WORKFORCE,GDHM_Q11,1.0,Phase 1
GDHM_SURVEY_COUNTRYRESPONSE_SCORE,2019,912,GDHM_CAT3_LEG,GDHM_Q10,2.0,Phase 2
GDHM_SURVEY_COUNTRYRESPONSE_SCORE,2019,912,GDHM_CAT5_STANDARDS,GDHM_Q16,2.0,Phase 2
GDHM_SURVEY_COUNTRYRESPONSE_SCORE,2019,912,GDHM_CAT1_LEAD_GOV,GDHM_Q02,4.0,Phase 4
GDHM_SURVEY_COUNTRYRESPONSE_SCORE,2019,912,GDHM_CAT3_LEG,GDHM_Q09a,1.0,Phase 1
GDHM_SURVEY_COUNTRYRESPONSE_SCORE,2019,912,GDHM_CAT1_LEAD_GOV,GDHM_Q02a,3.0,Phase 3
GDHM_SURVEY_COUNTRYRESPONSE_SCORE,2019,912,GDHM_CAT1_LEAD_GOV,GDHM_Q03,2.0,Phase 2
GDHM_SURVEY_COUNTRYRESPONSE_SCORE,2019,912,GDHM_CAT1_LEAD_GOV,GDHM_Q04,3.0,Phase 3
GDHM_SURVEY_COUNTRYRESPONSE_SCORE,2019,912,GDHM_CAT2_STRAT_INV,GDHM_Q05,3.0,Phase 3
GDHM_SURVEY_COUNTRYRESPONSE_SCORE,2019,912,GDHM_CAT2_STRAT_INV,GDHM_Q05a,3.0,Phase 3
GDHM_SURVEY_COUNTRYRESPONSE_SCORE,2019,912,GDHM_CAT1_LEAD_GOV,GDHM_Q04a,2.0,Phase 2
GDHM_SURVEY_COUNTRYRESPONSE_SCORE,2019,912,GDHM_CAT2_STRAT_INV,GDHM_Q06a,2.0,Phase 2
GDHM_SURVEY_COUNTRYRESPONSE_SCORE,2019,912,GDHM_CAT3_LEG,GDHM_Q07,3.0,Phase 3
GDHM_SURVEY_COUNTRYRESPONSE_SCORE,2019,912,GDHM_CAT3_LEG,GDHM_Q08,3.0,Phase 3
GDHM_SURVEY_COUNTRYRESPONSE_SCORE,2019,912,GDHM_CAT3_LEG,GDHM_Q09,2.0,Phase 2
GDHM_SURVEY_COUNTRYRESPONSE_SCORE,2019,912,GDHM_CAT2_STRAT_INV,GDHM_Q06,3.0,Phase 3
GDHM_SURVEY_COUNTRYRESPONSE_SCORE,2023,912,GDHM_CAT4_WORKFORCE,GDHM_Q14,1.0,Phase 1
GDHM_SURVEY_COUNTRYRESPONSE_SCORE,2023,912,GDHM_CAT6_INFRASTRUCTURE,GDHM_Q18,3.0,Phase 3
GDHM_SURVEY_COUNTRYRESPONSE_SCORE,2023,912,GDHM_CAT5_STANDARDS,GDHM_Q15,1.0,Phase 1
GDHM_SURVEY_COUNTRYRESPONSE_SCORE,2023,912,GDHM_CAT5_STANDARDS,GDHM_Q16,1.0,Phase 1
GDHM_SURVEY_COUNTRYRESPONSE_SCORE,2023,912,GDHM_CAT6_INFRASTRUCTURE,GDHM_Q17,2.0,Phase 2
GDHM_SURVEY_COUNTRYRESPONSE_SCORE,2023,912,GDHM_CAT7_SERV_APP,GDHM_Q19,1.0,Phase 1
GDHM_SURVEY_COUNTRYRESPONSE_SCORE,2023,912,GDHM_CAT7_SERV_APP,GDHM_Q22,1.0,Phase 1
GDHM_SURVEY_COUNTRYRESPONSE_SCORE,2023,912,GDHM_CAT7_SERV_APP,GDHM_Q21,1.0,Phase 1
GDHM_SURVEY_COUNTRYRESPONSE_SCORE,2023,912,GDHM_CAT7_SERV_APP,GDHM_Q21a,1.0,Phase 1
GDHM_SURVEY_COUNTRYRESPONSE_SCORE,2023,912,GDHM_CAT7_SERV_APP,GDHM_Q21b,2.0,Phase 2
GDHM_SURVEY_COUNTRYRESPONSE_SCORE,2023,912,GDHM_CAT7_SERV_APP,GDHM_Q21c,1.0,Phase 1
GDHM_SURVEY_COUNTRYRESPONSE_SCORE,2023,912,GDHM_CAT4_WORKFORCE,GDHM_Q13,1.0,Phase 1
GDHM_SURVEY_COUNTRYRESPONSE_SCORE,2023,912,GDHM_CAT7_SERV_APP,GDHM_Q20,1.0,Phase 1
GDHM_SURVEY_COUNTRYRESPONSE_SCORE,2023,912,GDHM_CAT4_WORKFORCE,GDHM_Q12,1.0,Phase 1
GDHM_SURVEY_COUNTRYRESPONSE_SCORE,2023,912,GDHM_CAT1_LEAD_GOV,GDHM_Q02a,1.0,Phase 1
GDHM_SURVEY_COUNTRYRESPONSE_SCORE,2023,912,GDHM_CAT3_LEG,GDHM_Q10,1.0,Phase 1
GDHM_SURVEY_COUNTRYRESPONSE_SCORE,2023,912,GDHM_CAT3_LEG,GDHM_Q09a,1.0,Phase 1
GDHM_SURVEY_COUNTRYRESPONSE_SCORE,2023,912,GDHM_CAT3_LEG,GDHM_Q09,1.0,Phase 1
GDHM_SURVEY_COUNTRYRESPONSE_SCORE,2023,912,GDHM_CAT3_LEG,GDHM_Q08,2.0,Phase 2
GDHM_SURVEY_COUNTRYRESPONSE_SCORE,2023,912,GDHM_CAT3_LEG,GDHM_Q07,3.0,Phase 3
GDHM_SURVEY_COUNTRYRESPONSE_SCORE,2023,912,GDHM_CAT2_STRAT_INV,GDHM_Q06a,2.0,Phase 2
GDHM_SURVEY_COUNTRYRESPONSE_SCORE,2023,912,GDHM_CAT2_STRAT_INV,GDHM_Q06,1.0,Phase 1
GDHM_SURVEY_COUNTRYRESPONSE_SCORE,2023,912,GDHM_CAT2_STRAT_INV,GDHM_Q05a,1.0,Phase 1
GDHM_SURVEY_COUNTRYRESPONSE_SCORE,2023,912,GDHM_CAT2_STRAT_INV,GDHM_Q05,1.0,Phase 1
GDHM_SURVEY_COUNTRYRESPONSE_SCORE,2023,912,GDHM_CAT1_LEAD_GOV,GDHM_Q04a,1.0,Phase 1
GDHM_SURVEY_COUNTRYRESPONSE_SCORE,2023,912,GDHM_CAT1_LEAD_GOV,GDHM_Q04,2.0,Phase 2
GDHM_SURVEY_COUNTRYRESPONSE_SCORE,2023,912,GDHM_CAT1_LEAD_GOV,GDHM_Q03,1.0,Phase 1
GDHM_SURVEY_COUNTRYRESPONSE_SCORE,2023,912,GDHM_CAT7_SERV_APP,GDHM_Q23,1.0,Phase 1
GDHM_SURVEY_COUNTRYRESPONSE_SCORE,2023,912,GDHM_CAT4_WORKFORCE,GDHM_Q11,1.0,Phase 1
GDHM_SURVEY_COUNTRYRESPONSE_SCORE,2023,910,GDHM_CAT1_LEAD_GOV,GDHM_Q01,1.0,Phase 1
GDHM_SURVEY_COUNTRYRESPONSE_SCORE,2023,910,GDHM_CAT7_SERV_APP,GDHM_Q23,1.0,Phase 1
GDHM_SURVEY_COUNTRYRESPONSE_SCORE,2023,910,GDHM_CAT1_LEAD_GOV,GDHM_Q02a,0.0,Phase 0
GDHM_SURVEY_COUNTRYRESPONSE_SCORE,2023,912,GDHM_CAT1_LEAD_GOV,GDHM_Q02,2.0,Phase 2
GDHM_SURVEY_COUNTRYRESPONSE_SCORE,2023,910,GDHM_CAT7_SERV_APP,GDHM_Q22,0.0,Phase 0
GDHM_SURVEY_COUNTRYRESPONSE_SCORE,2023,910,GDHM_CAT7_SERV_APP,GDHM_Q21c,1.0,Phase 1
GDHM_SURVEY_COUNTRYRESPONSE_SCORE,2023,910,GDHM_CAT7_SERV_APP,GDHM_Q21b,1.0,Phase 1
GDHM_SURVEY_COUNTRYRESPONSE_SCORE,2023,910,GDHM_CAT7_SERV_APP,GDHM_Q21a,1.0,Phase 1
GDHM_SURVEY_COUNTRYRESPONSE_SCORE,2023,910,GDHM_CAT7_SERV_APP,GDHM_Q21,1.0,Phase 1
GDHM_SURVEY_COUNTRYRESPONSE_SCORE,2023,910,GDHM_CAT7_SERV_APP,GDHM_Q20,0.0,Phase 0
GDHM_SURVEY_COUNTRYRESPONSE_SCORE,2023,910,GDHM_CAT7_SERV_APP,GDHM_Q19,1.0,Phase 1
GDHM_SURVEY_COUNTRYRESPONSE_SCORE,2023,910,GDHM_CAT6_INFRASTRUCTURE,GDHM_Q18,4.0,Phase 4
GDHM_SURVEY_COUNTRYRESPONSE_SCORE,2023,910,GDHM_CAT6_INFRASTRUCTURE,GDHM_Q17,3.0,Phase 3
GDHM_SURVEY_COUNTRYRESPONSE_SCORE,2023,910,GDHM_CAT5_STANDARDS,GDHM_Q16,1.0,Phase 1
GDHM_SURVEY_COUNTRYRESPONSE_SCORE,2023,910,GDHM_CAT5_STANDARDS,GDHM_Q15,0.0,Phase 0
GDHM_SURVEY_COUNTRYRESPONSE_SCORE,2023,910,GDHM_CAT4_WORKFORCE,GDHM_Q14,0.0,Phase 0
GDHM_SURVEY_COUNTRYRESPONSE_SCORE,2023,910,GDHM_CAT1_LEAD_GOV,GDHM_Q02,1.0,Phase 1
GDHM_SURVEY_COUNTRYRESPONSE_SCORE,2023,910,GDHM_CAT4_WORKFORCE,GDHM_Q13,1.0,Phase 1
GDHM_SURVEY_COUNTRYRESPONSE_SCORE,2019,686,GDHM_CAT1_LEAD_GOV,GDHM_Q02,4.0,Phase 4
GDHM_SURVEY_COUNTRYRESPONSE_SCORE,2019,686,GDHM_CAT1_LEAD_GOV,GDHM_Q02a,4.0,Phase 4
GDHM_SURVEY_COUNTRYRESPONSE_SCORE,2019,686,GDHM_CAT1_LEAD_GOV,GDHM_Q03,3.0,Phase 3
GDHM_SURVEY_COUNTRYRESPONSE_SCORE,2019,686,GDHM_CAT1_LEAD_GOV,GDHM_Q04,3.0,Phase 3
GDHM_SURVEY_COUNTRYRESPONSE_SCORE,2019,686,GDHM_CAT1_LEAD_GOV,GDHM_Q04a,1.0,Phase 1
GDHM_SURVEY_CATEGORY_AVG,2019,686,GDHM_CAT1_LEAD_GOV,,4.0,Phase 4
GDHM_SURVEY_COUNTRYRESPONSE_SCORE,2019,686,GDHM_CAT2_STRAT_INV,GDHM_Q05,2.0,Phase 2
GDHM_SURVEY_COUNTRYRESPONSE_SCORE,2019,686,GDHM_CAT2_STRAT_INV,GDHM_Q05a,2.0,Phase 2
GDHM_SURVEY_COUNTRYRESPONSE_SCORE,2019,686,GDHM_CAT2_STRAT_INV,GDHM_Q06,3.0,Phase 3
GDHM_SURVEY_COUNTRYRESPONSE_SCORE,2019,686,GDHM_CAT2_STRAT_INV,GDHM_Q06a,2.0,Phase 2
GDHM_SURVEY_CATEGORY_AVG,2019,686,GDHM_CAT2_STRAT_INV,,3.0,Phase 3
GDHM_SURVEY_COUNTRYRESPONSE_SCORE,2019,686,GDHM_CAT3_LEG,GDHM_Q07,3.0,Phase 3
GDHM_SURVEY_COUNTRYRESPONSE_SCORE,2019,686,GDHM_CAT3_LEG,GDHM_Q08,4.0,Phase 4
GDHM_SURVEY_COUNTRYRESPONSE_SCORE,2019,686,GDHM_CAT3_LEG,GDHM_Q09,0.0,Not Available
GDHM_SURVEY_COUNTRYRESPONSE_SCORE,2019,686,GDHM_CAT3_LEG,GDHM_Q09a,1.0,Phase 1
GDHM_SURVEY_COUNTRYRESPONSE_SCORE,2019,686,GDHM_CAT3_LEG,GDHM_Q10,1.0,Phase 1
GDHM_SURVEY_CATEGORY_AVG,2019,686,GDHM_CAT3_LEG,,3.0,Phase 3
GDHM_SURVEY_COUNTRYRESPONSE_SCORE,2019,686,GDHM_CAT4_WORKFORCE,GDHM_Q11,1.0,Phase 1
GDHM_SURVEY_COUNTRYRESPONSE_SCORE,2019,686,GDHM_CAT4_WORKFORCE,GDHM_Q12,1.0,Phase 1
GDHM_SURVEY_COUNTRYRESPONSE_SCORE,2019,686,GDHM_CAT4_WORKFORCE,GDHM_Q13,2.0,Phase 2
GDHM_SURVEY_COUNTRYRESPONSE_SCORE,2019,686,GDHM_CAT4_WORKFORCE,GDHM_Q14,1.0,Phase 1
GDHM_SURVEY_CATEGORY_AVG,2019,686,GDHM_CAT4_WORKFORCE,,2.0,Phase 2
GDHM_SURVEY_COUNTRYRESPONSE_SCORE,2019,686,GDHM_CAT5_STANDARDS,GDHM_Q15,1.0,Phase 1
GDHM_SURVEY_COUNTRYRESPONSE_SCORE,2019,686,GDHM_CAT5_STANDARDS,GDHM_Q16,1.0,Phase 1
GDHM_SURVEY_CATEGORY_AVG,2019,686,GDHM_CAT5_STANDARDS,,1.0,Phase 1
GDHM_SURVEY_COUNTRYRESPONSE_SCORE,2019,686,GDHM_CAT6_INFRASTRUCTURE,GDHM_Q17,3.0,Phase 3
GDHM_SURVEY_COUNTRYRESPONSE_SCORE,2019,686,GDHM_CAT6_INFRASTRUCTURE,GDHM_Q18,2.0,Phase 2
GDHM_SURVEY_CATEGORY_AVG,2019,686,GDHM_CAT6_INFRASTRUCTURE,,3.0,Phase 3
GDHM_SURVEY_COUNTRYRESPONSE_SCORE,2019,686,GDHM_CAT7_SERV_APP,GDHM_Q19,2.0,Phase 2
GDHM_SURVEY_COUNTRYRESPONSE_SCORE,2019,686,GDHM_CAT7_SERV_APP,GDHM_Q20,2.0,Phase 2
GDHM_SURVEY_COUNTRYRESPONSE_SCORE,2019,686,GDHM_CAT7_SERV_APP,GDHM_Q21,1.0,Phase 1
GDHM_SURVEY_COUNTRYRESPONSE_SCORE,2019,686,GDHM_CAT7_SERV_APP,GDHM_Q21a,1.0,Phase 1
GDHM_SURVEY_COUNTRYRESPONSE_SCORE,2019,686,GDHM_CAT7_SERV_APP,GDHM_Q21b,1.0,Phase 1
GDHM_SURVEY_COUNTRYRESPONSE_SCORE,2019,686,GDHM_CAT7_SERV_APP,GDHM_Q21c,1.0,Phase 1
GDHM_SURVEY_COUNTRYRESPONSE_SCORE,2019,686,GDHM_CAT7_SERV_APP,GDHM_Q22,2.0,Phase 2
GDHM_SURVEY_COUNTRYRESPONSE_SCORE,2019,686,GDHM_CAT7_SERV_APP,GDHM_Q23,4.0,Phase 4
GDHM_SURVEY_CATEGORY_AVG,2019,686,GDHM_CAT7_SERV_APP,,3.0,Phase 3
GDHM_SURVEY_COUNTRYRESPONSE_SCORE,2019,694,GDHM_CAT1_LEAD_GOV,GDHM_Q01,4.0,Phase 4
GDHM_SURVEY_COUNTRYRESPONSE_SCORE,2019,694,GDHM_CAT1_LEAD_GOV,GDHM_Q02,4.0,Phase 4
GDHM_SURVEY_COUNTRYRESPONSE_SCORE,2019,694,GDHM_CAT1_LEAD_GOV,GDHM_Q02a,1.0,Phase 1
GDHM_SURVEY_COUNTRYRESPONSE_SCORE,2019,694,GDHM_CAT1_LEAD_GOV,GDHM_Q03,2.0,Phase 2
GDHM_SURVEY_COUNTRYRESPONSE_SCORE,2019,694,GDHM_CAT1_LEAD_GOV,GDHM_Q04,4.0,Phase 4
GDHM_SURVEY_COUNTRYRESPONSE_SCORE,2019,694,GDHM_CAT1_LEAD_GOV,GDHM_Q04a,3.0,Phase 3
GDHM_SURVEY_CATEGORY_AVG,2019,694,GDHM_CAT1_LEAD_GOV,,4.0,Phase 4
GDHM_SURVEY_COUNTRYRESPONSE_SCORE,2019,694,GDHM_CAT2_STRAT_INV,GDHM_Q05,5.0,Phase 5
GDHM_SURVEY_COUNTRYRESPONSE_SCORE,2019,694,GDHM_CAT2_STRAT_INV,GDHM_Q05a,4.0,Phase 4
GDHM_SURVEY_COUNTRYRESPONSE_SCORE,2019,694,GDHM_CAT2_STRAT_INV,GDHM_Q06,1.0,Phase 1
GDHM_SURVEY_COUNTRYRESPONSE_SCORE,2019,694,GDHM_CAT2_STRAT_INV,GDHM_Q06a,2.0,Phase 2
GDHM_SURVEY_CATEGORY_AVG,2019,694,GDHM_CAT2_STRAT_INV,,3.0,Phase 3
GDHM_SURVEY_COUNTRYRESPONSE_SCORE,2019,694,GDHM_CAT3_LEG,GDHM_Q07,3.0,Phase 3
GDHM_SURVEY_COUNTRYRESPONSE_SCORE,2019,694,GDHM_CAT3_LEG,GDHM_Q08,2.0,Phase 2
GDHM_SURVEY_COUNTRYRESPONSE_SCORE,2019,694,GDHM_CAT3_LEG,GDHM_Q09,3.0,Phase 3
GDHM_SURVEY_COUNTRYRESPONSE_SCORE,2019,694,GDHM_CAT3_LEG,GDHM_Q09a,1.0,Phase 1
GDHM_SURVEY_COUNTRYRESPONSE_SCORE,2019,694,GDHM_CAT3_LEG,GDHM_Q10,4.0,Phase 4
GDHM_SURVEY_CATEGORY_AVG,2019,694,GDHM_CAT3_LEG,,3.0,Phase 3
GDHM_SURVEY_COUNTRYRESPONSE_SCORE,2019,694,GDHM_CAT4_WORKFORCE,GDHM_Q11,2.0,Phase 2
GDHM_SURVEY_COUNTRYRESPONSE_SCORE,2019,694,GDHM_CAT4_WORKFORCE,GDHM_Q12,3.0,Phase 3
GDHM_SURVEY_COUNTRYRESPONSE_SCORE,2019,694,GDHM_CAT4_WORKFORCE,GDHM_Q13,2.0,Phase 2
GDHM_SURVEY_COUNTRYRESPONSE_SCORE,2019,694,GDHM_CAT4_WORKFORCE,GDHM_Q14,1.0,Phase 1
GDHM_SURVEY_CATEGORY_AVG,2019,694,GDHM_CAT4_WORKFORCE,,2.0,Phase 2
GDHM_SURVEY_COUNTRYRESPONSE_SCORE,2019,694,GDHM_CAT5_STANDARDS,GDHM_Q15,2.0,Phase 2
GDHM_SURVEY_COUNTRYRESPONSE_SCORE,2019,694,GDHM_CAT5_STANDARDS,GDHM_Q16,2.0,Phase 2
GDHM_SURVEY_CATEGORY_AVG,2019,694,GDHM_CAT5_STANDARDS,,2.0,Phase 2
GDHM_SURVEY_COUNTRYRESPONSE_SCORE,2019,694,GDHM_CAT6_INFRASTRUCTURE,GDHM_Q17,0.0,Not Available
GDHM_SURVEY_COUNTRYRESPONSE_SCORE,2019,694,GDHM_CAT6_INFRASTRUCTURE,GDHM_Q18,2.0,Phase 2
GDHM_SURVEY_CATEGORY_AVG,2019,694,GDHM_CAT6_INFRASTRUCTURE,,2.0,Phase 2
GDHM_SURVEY_COUNTRYRESPONSE_SCORE,2019,694,GDHM_CAT7_SERV_APP,GDHM_Q19,3.0,Phase 3
GDHM_SURVEY_COUNTRYRESPONSE_SCORE,2019,694,GDHM_CAT7_SERV_APP,GDHM_Q20,3.0,Phase 3
GDHM_SURVEY_COUNTRYRESPONSE_SCORE,2019,694,GDHM_CAT7_SERV_APP,GDHM_Q21,2.0,Phase 2
GDHM_SURVEY_COUNTRYRESPONSE_SCORE,2019,694,GDHM_CAT7_SERV_APP,GDHM_Q21a,1.0,Phase 1
GDHM_SURVEY_COUNTRYRESPONSE_SCORE,2019,694,GDHM_CAT7_SERV_APP,GDHM_Q21b,1.0,Phase 1
GDHM_SURVEY_COUNTRYRESPONSE_SCORE,2019,694,GDHM_CAT7_SERV_APP,GDHM_Q21c,1.0,Phase 1
GDHM_SURVEY_COUNTRYRESPONSE_SCORE,2019,694,GDHM_CAT7_SERV_APP,GDHM_Q22,1.0,Phase 1
GDHM_SURVEY_COUNTRYRESPONSE_SCORE,2019,694,GDHM_CAT7_SERV_APP,GDHM_Q23,4.0,Phase 4
GDHM_SURVEY_CATEGORY_AVG,2019,694,GDHM_CAT7_SERV_APP,,3.0,Phase 3
GDHM_SURVEY_COUNTRYRESPONSE_SCORE,2019,706,GDHM_CAT1_LEAD_GOV,GDHM_Q01,2.0,Phase 2
GDHM_SURVEY_COUNTRYRESPONSE_SCORE,2019,706,GDHM_CAT1_LEAD_GOV,GDHM_Q02,1.0,Phase 1
GDHM_SURVEY_COUNTRYRESPONSE_SCORE,2019,706,GDHM_CAT1_LEAD_GOV,GDHM_Q02a,0.0,Not Available
GDHM_SURVEY_COUNTRYRESPONSE_SCORE,2019,706,GDHM_CAT1_LEAD_GOV,GDHM_Q03,1.0,Phase 1
GDHM_SURVEY_COUNTRYRESPONSE_SCORE,2019,706,GDHM_CAT1_LEAD_GOV,GDHM_Q04,5.0,Phase 5
GDHM_SURVEY_COUNTRYRESPONSE_SCORE,2019,706,GDHM_CAT1_LEAD_GOV,GDHM_Q04a,0.0,Not Available
GDHM_SURVEY_CATEGORY_AVG,2019,706,GDHM_CAT1_LEAD_GOV,,3.0,Phase 3
GDHM_SURVEY_COUNTRYRESPONSE_SCORE,2019,706,GDHM_CAT2_STRAT_INV,GDHM_Q05,1.0,Phase 1
GDHM_SURVEY_COUNTRYRESPONSE_SCORE,2019,706,GDHM_CAT2_STRAT_INV,GDHM_Q05a,1.0,Phase 1
GDHM_SURVEY_COUNTRYRESPONSE_SCORE,2019,706,GDHM_CAT2_STRAT_INV,GDHM_Q06,1.0,Phase 1
GDHM_SURVEY_COUNTRYRESPONSE_SCORE,2019,706,GDHM_CAT2_STRAT_INV,GDHM_Q06a,5.0,Phase 5
GDHM_SURVEY_CATEGORY_AVG,2019,706,GDHM_CAT2_STRAT_INV,,1.0,Phase 1
GDHM_SURVEY_COUNTRYRESPONSE_SCORE,2019,706,GDHM_CAT3_LEG,GDHM_Q07,1.0,Phase 1
GDHM_SURVEY_COUNTRYRESPONSE_SCORE,2019,706,GDHM_CAT3_LEG,GDHM_Q08,1.0,Phase 1
GDHM_SURVEY_COUNTRYRESPONSE_SCORE,2019,706,GDHM_CAT3_LEG,GDHM_Q09,1.0,Phase 1
GDHM_SURVEY_COUNTRYRESPONSE_SCORE,2019,706,GDHM_CAT3_LEG,GDHM_Q09a,1.0,Phase 1
GDHM_SURVEY_COUNTRYRESPONSE_SCORE,2019,706,GDHM_CAT3_LEG,GDHM_Q10,1.0,Phase 1
GDHM_SURVEY_CATEGORY_AVG,2019,706,GDHM_CAT3_LEG,,1.0,Phase 1
GDHM_SURVEY_COUNTRYRESPONSE_SCORE,2019,706,GDHM_CAT4_WORKFORCE,GDHM_Q11,1.0,Phase 1
GDHM_SURVEY_COUNTRYRESPONSE_SCORE,2019,706,GDHM_CAT4_WORKFORCE,GDHM_Q12,1.0,Phase 1
GDHM_SURVEY_COUNTRYRESPONSE_SCORE,2019,706,GDHM_CAT4_WORKFORCE,GDHM_Q13,2.0,Phase 2
GDHM_SURVEY_COUNTRYRESPONSE_SCORE,2019,706,GDHM_CAT4_WORKFORCE,GDHM_Q14,1.0,Phase 1
GDHM_SURVEY_CATEGORY_AVG,2019,706,GDHM_CAT4_WORKFORCE,,2.0,Phase 2
GDHM_SURVEY_COUNTRYRESPONSE_SCORE,2019,706,GDHM_CAT5_STANDARDS,GDHM_Q15,1.0,Phase 1
GDHM_SURVEY_COUNTRYRESPONSE_SCORE,2019,706,GDHM_CAT5_STANDARDS,GDHM_Q16,1.0,Phase 1
GDHM_SURVEY_CATEGORY_AVG,2019,706,GDHM_CAT5_STANDARDS,,1.0,Phase 1
GDHM_SURVEY_COUNTRYRESPONSE_SCORE,2019,706,GDHM_CAT6_INFRASTRUCTURE,GDHM_Q17,1.0,Phase 1
GDHM_SURVEY_COUNTRYRESPONSE_SCORE,2019,706,GDHM_CAT6_INFRASTRUCTURE,GDHM_Q18,1.0,Phase 1
GDHM_SURVEY_CATEGORY_AVG,2019,706,GDHM_CAT6_INFRASTRUCTURE,,1.0,Phase 1
GDHM_SURVEY_COUNTRYRESPONSE_SCORE,2019,706,GDHM_CAT7_SERV_APP,GDHM_Q19,1.0,Phase 1
GDHM_SURVEY_COUNTRYRESPONSE_SCORE,2019,706,GDHM_CAT7_SERV_APP,GDHM_Q20,3.0,Phase 3
GDHM_SURVEY_COUNTRYRESPONSE_SCORE,2019,706,GDHM_CAT7_SERV_APP,GDHM_Q21,2.0,Phase 2
GDHM_SURVEY_COUNTRYRESPONSE_SCORE,2019,706,GDHM_CAT7_SERV_APP,GDHM_Q21a,2.0,Phase 2
GDHM_SURVEY_COUNTRYRESPONSE_SCORE,2019,706,GDHM_CAT7_SERV_APP,GDHM_Q21b,2.0,Phase 2
GDHM_SURVEY_COUNTRYRESPONSE_SCORE,2019,706,GDHM_CAT7_SERV_APP,GDHM_Q21c,2.0,Phase 2
GDHM_SURVEY_COUNTRYRESPONSE_SCORE,2019,706,GDHM_CAT7_SERV_APP,GDHM_Q22,1.0,Phase 1
GDHM_SURVEY_COUNTRYRESPONSE_SCORE,2019,706,GDHM_CAT7_SERV_APP,GDHM_Q23,5.0,Phase 5
GDHM_SURVEY_CATEGORY_AVG,2019,706,GDHM_CAT7_SERV_APP,,3.0,Phase 3
GDHM_SURVEY_COUNTRYRESPONSE_SCORE,2019,748,GDHM_CAT1_LEAD_GOV,GDHM_Q01,2.0,Phase 2
GDHM_SURVEY_COUNTRYRESPONSE_SCORE,2019,748,GDHM_CAT1_LEAD_GOV,GDHM_Q02,1.0,Phase 1
GDHM_SURVEY_COUNTRYRESPONSE_SCORE,2019,748,GDHM_CAT1_LEAD_GOV,GDHM_Q02a,3.0,Phase 3
GDHM_SURVEY_COUNTRYRESPONSE_SCORE,2019,748,GDHM_CAT1_LEAD_GOV,GDHM_Q03,1.0,Phase 1
GDHM_SURVEY_COUNTRYRESPONSE_SCORE,2019,748,GDHM_CAT1_LEAD_GOV,GDHM_Q04,4.0,Phase 4
GDHM_SURVEY_COUNTRYRESPONSE_SCORE,2019,748,GDHM_CAT1_LEAD_GOV,GDHM_Q04a,4.0,Phase 4
GDHM_SURVEY_CATEGORY_AVG,2019,748,GDHM_CAT1_LEAD_GOV,,2.0,Phase 2
GDHM_SURVEY_COUNTRYRESPONSE_SCORE,2019,748,GDHM_CAT2_STRAT_INV,GDHM_Q05,1.0,Phase 1
GDHM_SURVEY_COUNTRYRESPONSE_SCORE,2019,748,GDHM_CAT2_STRAT_INV,GDHM_Q05a,1.0,Phase 1
GDHM_SURVEY_COUNTRYRESPONSE_SCORE,2019,748,GDHM_CAT2_STRAT_INV,GDHM_Q06,2.0,Phase 2
GDHM_SURVEY_COUNTRYRESPONSE_SCORE,2019,748,GDHM_CAT2_STRAT_INV,GDHM_Q06a,2.0,Phase 2
GDHM_SURVEY_CATEGORY_AVG,2019,748,GDHM_CAT2_STRAT_INV,,2.0,Phase 2
GDHM_SURVEY_COUNTRYRESPONSE_SCORE,2019,748,GDHM_CAT3_LEG,GDHM_Q07,3.0,Phase 3
GDHM_SURVEY_COUNTRYRESPONSE_SCORE,2019,748,GDHM_CAT3_LEG,GDHM_Q08,4.0,Phase 4
GDHM_SURVEY_COUNTRYRESPONSE_SCORE,2019,748,GDHM_CAT3_LEG,GDHM_Q09,2.0,Phase 2
GDHM_SURVEY_COUNTRYRESPONSE_SCORE,2019,748,GDHM_CAT3_LEG,GDHM_Q09a,1.0,Phase 1
GDHM_SURVEY_COUNTRYRESPONSE_SCORE,2019,748,GDHM_CAT3_LEG,GDHM_Q10,1.0,Phase 1
GDHM_SURVEY_CATEGORY_AVG,2019,748,GDHM_CAT3_LEG,,3.0,Phase 3
GDHM_SURVEY_COUNTRYRESPONSE_SCORE,2019,748,GDHM_CAT4_WORKFORCE,GDHM_Q11,2.0,Phase 2
GDHM_SURVEY_COUNTRYRESPONSE_SCORE,2019,748,GDHM_CAT4_WORKFORCE,GDHM_Q12,2.0,Phase 2
GDHM_SURVEY_COUNTRYRESPONSE_SCORE,2019,748,GDHM_CAT4_WORKFORCE,GDHM_Q13,2.0,Phase 2
GDHM_SURVEY_COUNTRYRESPONSE_SCORE,2019,748,GDHM_CAT4_WORKFORCE,GDHM_Q14,1.0,Phase 1
GDHM_SURVEY_CATEGORY_AVG,2019,748,GDHM_CAT4_WORKFORCE,,2.0,Phase 2
GDHM_SURVEY_COUNTRYRESPONSE_SCORE,2019,748,GDHM_CAT5_STANDARDS,GDHM_Q15,3.0,Phase 3
GDHM_SURVEY_COUNTRYRESPONSE_SCORE,2019,748,GDHM_CAT5_STANDARDS,GDHM_Q16,2.0,Phase 2
GDHM_SURVEY_CATEGORY_AVG,2019,748,GDHM_CAT5_STANDARDS,,3.0,Phase 3
GDHM_SURVEY_COUNTRYRESPONSE_SCORE,2019,748,GDHM_CAT6_INFRASTRUCTURE,GDHM_Q17,3.0,Phase 3
GDHM_SURVEY_COUNTRYRESPONSE_SCORE,2019,748,GDHM_CAT6_INFRASTRUCTURE,GDHM_Q18,3.0,Phase 3
GDHM_SURVEY_CATEGORY_AVG,2019,748,GDHM_CAT6_INFRASTRUCTURE,,3.0,Phase 3
GDHM_SURVEY_COUNTRYRESPONSE_SCORE,2019,748,GDHM_CAT7_SERV_APP,GDHM_Q19,2.0,Phase 2
GDHM_SURVEY_COUNTRYRESPONSE_SCORE,2019,748,GDHM_CAT7_SERV_APP,GDHM_Q20,3.0,Phase 3
GDHM_SURVEY_COUNTRYRESPONSE_SCORE,2019,748,GDHM_CAT7_SERV_APP,GDHM_Q21,4.0,Phase 4
GDHM_SURVEY_COUNTRYRESPONSE_SCORE,2019,748,GDHM_CAT7_SERV_APP,GDHM_Q21a,4.0,Phase 4
GDHM_SURVEY_COUNTRYRESPONSE_SCORE,2019,748,GDHM_CAT7_SERV_APP,GDHM_Q21b,4.0,Phase 4
GDHM_SURVEY_COUNTRYRESPONSE_SCORE,2019,748,GDHM_CAT7_SERV_APP,GDHM_Q21c,4.0,Phase 4
GDHM_SURVEY_COUNTRYRESPONSE_SCORE,2019,748,GDHM_CAT7_SERV_APP,GDHM_Q22,3.0,Phase 3
GDHM_SURVEY_COUNTRYRESPONSE_SCORE,2019,748,GDHM_CAT7_SERV_APP,GDHM_Q23,4.0,Phase 4
GDHM_SURVEY_CATEGORY_AVG,2019,748,GDHM_CAT7_SERV_APP,,4.0,Phase 4
GDHM_SURVEY_COUNTRYRESPONSE_SCORE,2019,768,GDHM_CAT1_LEAD_GOV,GDHM_Q01,2.0,Phase 2
GDHM_SURVEY_COUNTRYRESPONSE_SCORE,2019,768,GDHM_CAT1_LEAD_GOV,GDHM_Q02,1.0,Phase 1
GDHM_SURVEY_COUNTRYRESPONSE_SCORE,2019,768,GDHM_CAT1_LEAD_GOV,GDHM_Q02a,1.0,Phase 1
GDHM_SURVEY_COUNTRYRESPONSE_SCORE,2019,768,GDHM_CAT1_LEAD_GOV,GDHM_Q03,1.0,Phase 1
GDHM_SURVEY_COUNTRYRESPONSE_SCORE,2019,768,GDHM_CAT1_LEAD_GOV,GDHM_Q04,4.0,Phase 4
GDHM_SURVEY_COUNTRYRESPONSE_SCORE,2019,768,GDHM_CAT1_LEAD_GOV,GDHM_Q04a,4.0,Phase 4
GDHM_SURVEY_CATEGORY_AVG,2019,768,GDHM_CAT1_LEAD_GOV,,2.0,Phase 2
GDHM_SURVEY_COUNTRYRESPONSE_SCORE,2019,768,GDHM_CAT2_STRAT_INV,GDHM_Q05,0.0,Not Available
GDHM_SURVEY_COUNTRYRESPONSE_SCORE,2019,768,GDHM_CAT2_STRAT_INV,GDHM_Q05a,0.0,Not Available
GDHM_SURVEY_CATEGORY_AVG,2023,218,GDHM_CAT6_INFRASTRUCTURE,,3.0,Phase 3
GDHM_SURVEY_COUNTRYRESPONSE_SCORE,2023,218,GDHM_CAT7_SERV_APP,GDHM_Q19,0.0,Not Available
GDHM_SURVEY_COUNTRYRESPONSE_SCORE,2023,218,GDHM_CAT7_SERV_APP,GDHM_Q20,0.0,Not Available
GDHM_SURVEY_COUNTRYRESPONSE_SCORE,2023,218,GDHM_CAT7_SERV_APP,GDHM_Q21,0.0,Not Available
GDHM_SURVEY_COUNTRYRESPONSE_SCORE,2023,218,GDHM_CAT7_SERV_APP,GDHM_Q21a,0.0,Not Available
GDHM_SURVEY_COUNTRYRESPONSE_SCORE,2023,218,GDHM_CAT7_SERV_APP,GDHM_Q21b,0.0,Not Available
GDHM_SURVEY_COUNTRYRESPONSE_SCORE,2023,218,GDHM_CAT7_SERV_APP,GDHM_Q21c,0.0,Not Available
GDHM_SURVEY_COUNTRYRESPONSE_SCORE,2023,218,GDHM_CAT7_SERV_APP,GDHM_Q22,0.0,Not Available
GDHM_SURVEY_COUNTRYRESPONSE_SCORE,2023,218,GDHM_CAT7_SERV_APP,GDHM_Q23,0.0,Not Available
GDHM_SURVEY_CATEGORY_AVG,2023,218,GDHM_CAT7_SERV_APP,,1.0,Not Available
GDHM_SURVEY_COUNTRYRESPONSE_SCORE,2023,818,GDHM_CAT1_LEAD_GOV,GDHM_Q01,2.0,Phase 2
GDHM_SURVEY_COUNTRYRESPONSE_SCORE,2023,818,GDHM_CAT1_LEAD_GOV,GDHM_Q02,2.0,Phase 2
GDHM_SURVEY_COUNTRYRESPONSE_SCORE,2023,818,GDHM_CAT1_LEAD_GOV,GDHM_Q02a,2.0,Phase 2
GDHM_SURVEY_COUNTRYRESPONSE_SCORE,2023,818,GDHM_CAT1_LEAD_GOV,GDHM_Q03,1.0,Phase 1
GDHM_SURVEY_COUNTRYRESPONSE_SCORE,2023,818,GDHM_CAT1_LEAD_GOV,GDHM_Q04,3.0,Phase 3
GDHM_SURVEY_COUNTRYRESPONSE_SCORE,2023,818,GDHM_CAT1_LEAD_GOV,GDHM_Q04a,3.0,Phase 3
GDHM_SURVEY_CATEGORY_AVG,2023,818,GDHM_CAT1_LEAD_GOV,,2.0,Phase 2
GDHM_SURVEY_COUNTRYRESPONSE_SCORE,2023,818,GDHM_CAT2_STRAT_INV,GDHM_Q05,1.0,Phase 1
GDHM_SURVEY_COUNTRYRESPONSE_SCORE,2023,818,GDHM_CAT2_STRAT_INV,GDHM_Q05a,1.0,Phase 1
GDHM_SURVEY_COUNTRYRESPONSE_SCORE,2023,818,GDHM_CAT2_STRAT_INV,GDHM_Q06,2.0,Phase 2
GDHM_SURVEY_COUNTRYRESPONSE_SCORE,2023,818,GDHM_CAT2_STRAT_INV,GDHM_Q06a,3.0,Phase 3
GDHM_SURVEY_CATEGORY_AVG,2023,818,GDHM_CAT2_STRAT_INV,,2.0,Phase 2
GDHM_SURVEY_COUNTRYRESPONSE_SCORE,2023,818,GDHM_CAT3_LEG,GDHM_Q07,3.0,Phase 3
GDHM_SURVEY_COUNTRYRESPONSE_SCORE,2023,818,GDHM_CAT3_LEG,GDHM_Q08,4.0,Phase 4
GDHM_SURVEY_COUNTRYRESPONSE_SCORE,2023,818,GDHM_CAT3_LEG,GDHM_Q09,2.0,Phase 2
GDHM_SURVEY_COUNTRYRESPONSE_SCORE,2023,818,GDHM_CAT3_LEG,GDHM_Q09a,1.0,Phase 1
GDHM_SURVEY_COUNTRYRESPONSE_SCORE,2023,818,GDHM_CAT3_LEG,GDHM_Q10,5.0,Phase 5
GDHM_SURVEY_CATEGORY_AVG,2023,818,GDHM_CAT3_LEG,,4.0,Phase 4
GDHM_SURVEY_COUNTRYRESPONSE_SCORE,2023,818,GDHM_CAT4_WORKFORCE,GDHM_Q11,1.0,Phase 1
GDHM_SURVEY_COUNTRYRESPONSE_SCORE,2023,818,GDHM_CAT4_WORKFORCE,GDHM_Q12,3.0,Phase 3
GDHM_SURVEY_COUNTRYRESPONSE_SCORE,2023,818,GDHM_CAT4_WORKFORCE,GDHM_Q13,4.0,Phase 4
GDHM_SURVEY_COUNTRYRESPONSE_SCORE,2023,818,GDHM_CAT4_WORKFORCE,GDHM_Q14,1.0,Phase 1
GDHM_SURVEY_CATEGORY_AVG,2023,818,GDHM_CAT4_WORKFORCE,,3.0,Phase 3
GDHM_SURVEY_COUNTRYRESPONSE_SCORE,2023,818,GDHM_CAT5_STANDARDS,GDHM_Q15,1.0,Phase 1
GDHM_SURVEY_COUNTRYRESPONSE_SCORE,2023,818,GDHM_CAT5_STANDARDS,GDHM_Q16,2.0,Phase 2
GDHM_SURVEY_CATEGORY_AVG,2023,818,GDHM_CAT5_STANDARDS,,2.0,Phase 2
GDHM_SURVEY_COUNTRYRESPONSE_SCORE,2023,818,GDHM_CAT6_INFRASTRUCTURE,GDHM_Q17,3.0,Phase 3
GDHM_SURVEY_COUNTRYRESPONSE_SCORE,2023,818,GDHM_CAT6_INFRASTRUCTURE,GDHM_Q18,3.0,Phase 3
GDHM_SURVEY_CATEGORY_AVG,2023,818,GDHM_CAT6_INFRASTRUCTURE,,3.0,Phase 3
GDHM_SURVEY_COUNTRYRESPONSE_SCORE,2023,818,GDHM_CAT7_SERV_APP,GDHM_Q19,3.0,Phase 3
GDHM_SURVEY_COUNTRYRESPONSE_SCORE,2023,818,GDHM_CAT7_SERV_APP,GDHM_Q20,3.0,Phase 3
GDHM_SURVEY_COUNTRYRESPONSE_SCORE,2023,818,GDHM_CAT7_SERV_APP,GDHM_Q21,3.0,Phase 3
GDHM_SURVEY_COUNTRYRESPONSE_SCORE,2023,818,GDHM_CAT7_SERV_APP,GDHM_Q21a,3.0,Phase 3
GDHM_SURVEY_COUNTRYRESPONSE_SCORE,2023,818,GDHM_CAT7_SERV_APP,GDHM_Q21b,5.0,Phase 5
GDHM_SURVEY_COUNTRYRESPONSE_SCORE,2023,818,GDHM_CAT7_SERV_APP,GDHM_Q21c,5.0,Phase 5
GDHM_SURVEY_COUNTRYRESPONSE_SCORE,2023,818,GDHM_CAT7_SERV_APP,GDHM_Q22,3.0,Phase 3
GDHM_SURVEY_COUNTRYRESPONSE_SCORE,2023,818,GDHM_CAT7_SERV_APP,GDHM_Q23,3.0,Phase 3
GDHM_SURVEY_CATEGORY_AVG,2023,818,GDHM_CAT7_SERV_APP,,3.0,Phase 3
GDHM_SURVEY_COUNTRYRESPONSE_SCORE,2023,222,GDHM_CAT1_LEAD_GOV,GDHM_Q01,0.0,Not Available
GDHM_SURVEY_COUNTRYRESPONSE_SCORE,2023,222,GDHM_CAT1_LEAD_GOV,GDHM_Q02,0.0,Not Available
GDHM_SURVEY_COUNTRYRESPONSE_SCORE,2023,222,GDHM_CAT1_LEAD_GOV,GDHM_Q02a,0.0,Not Available
GDHM_SURVEY_COUNTRYRESPONSE_SCORE,2023,222,GDHM_CAT1_LEAD_GOV,GDHM_Q03,0.0,Not Available
GDHM_SURVEY_COUNTRYRESPONSE_SCORE,2023,222,GDHM_CAT1_LEAD_GOV,GDHM_Q04,3.0,Phase 3
GDHM_SURVEY_COUNTRYRESPONSE_SCORE,2023,222,GDHM_CAT1_LEAD_GOV,GDHM_Q04a,0.0,Not Available
GDHM_SURVEY_CATEGORY_AVG,2023,222,GDHM_CAT1_LEAD_GOV,,3.0,Phase 3
GDHM_SURVEY_COUNTRYRESPONSE_SCORE,2023,222,GDHM_CAT2_STRAT_INV,GDHM_Q05,0.0,Not Available
GDHM_SURVEY_COUNTRYRESPONSE_SCORE,2023,222,GDHM_CAT2_STRAT_INV,GDHM_Q05a,0.0,Not Available
GDHM_SURVEY_COUNTRYRESPONSE_SCORE,2023,222,GDHM_CAT2_STRAT_INV,GDHM_Q06,0.0,Not Available
GDHM_SURVEY_COUNTRYRESPONSE_SCORE,2023,222,GDHM_CAT2_STRAT_INV,GDHM_Q06a,2.0,Phase 2
GDHM_SURVEY_CATEGORY_AVG,2023,222,GDHM_CAT2_STRAT_INV,,1.0,Not Available
GDHM_SURVEY_COUNTRYRESPONSE_SCORE,2023,222,GDHM_CAT3_LEG,GDHM_Q07,1.0,Phase 1
GDHM_SURVEY_COUNTRYRESPONSE_SCORE,2023,222,GDHM_CAT3_LEG,GDHM_Q08,5.0,Phase 5
GDHM_SURVEY_COUNTRYRESPONSE_SCORE,2023,222,GDHM_CAT3_LEG,GDHM_Q09,1.0,Phase 1
GDHM_SURVEY_COUNTRYRESPONSE_SCORE,2023,222,GDHM_CAT3_LEG,GDHM_Q09a,0.0,Not Available
GDHM_SURVEY_COUNTRYRESPONSE_SCORE,2023,222,GDHM_CAT3_LEG,GDHM_Q10,0.0,Not Available
GDHM_SURVEY_CATEGORY_AVG,2023,222,GDHM_CAT3_LEG,,3.0,Phase 3
GDHM_SURVEY_COUNTRYRESPONSE_SCORE,2023,222,GDHM_CAT4_WORKFORCE,GDHM_Q11,0.0,Not Available
GDHM_SURVEY_COUNTRYRESPONSE_SCORE,2023,222,GDHM_CAT4_WORKFORCE,GDHM_Q12,0.0,Not Available
GDHM_SURVEY_COUNTRYRESPONSE_SCORE,2023,222,GDHM_CAT4_WORKFORCE,GDHM_Q13,0.0,Not Available
GDHM_SURVEY_COUNTRYRESPONSE_SCORE,2023,222,GDHM_CAT4_WORKFORCE,GDHM_Q14,0.0,Not Available
GDHM_SURVEY_CATEGORY_AVG,2023,222,GDHM_CAT4_WORKFORCE,,1.0,Not Available
GDHM_SURVEY_COUNTRYRESPONSE_SCORE,2023,222,GDHM_CAT5_STANDARDS,GDHM_Q15,0.0,Not Available
GDHM_SURVEY_COUNTRYRESPONSE_SCORE,2023,222,GDHM_CAT5_STANDARDS,GDHM_Q16,0.0,Not Available
GDHM_SURVEY_CATEGORY_AVG,2023,222,GDHM_CAT5_STANDARDS,,1.0,Not Available
GDHM_SURVEY_COUNTRYRESPONSE_SCORE,2023,222,GDHM_CAT6_INFRASTRUCTURE,GDHM_Q17,2.0,Phase 2
GDHM_SURVEY_COUNTRYRESPONSE_SCORE,2023,222,GDHM_CAT6_INFRASTRUCTURE,GDHM_Q18,3.0,Phase 3
GDHM_SURVEY_CATEGORY_AVG,2023,222,GDHM_CAT6_INFRASTRUCTURE,,3.0,Phase 3
GDHM_SURVEY_COUNTRYRESPONSE_SCORE,2023,222,GDHM_CAT7_SERV_APP,GDHM_Q19,0.0,Not Available
GDHM_SURVEY_COUNTRYRESPONSE_SCORE,2023,222,GDHM_CAT7_SERV_APP,GDHM_Q20,0.0,Not Available
GDHM_SURVEY_COUNTRYRESPONSE_SCORE,2023,222,GDHM_CAT7_SERV_APP,GDHM_Q21,0.0,Not Available
GDHM_SURVEY_COUNTRYRESPONSE_SCORE,2023,222,GDHM_CAT7_SERV_APP,GDHM_Q21a,0.0,Not Available
GDHM_SURVEY_COUNTRYRESPONSE_SCORE,2023,222,GDHM_CAT7_SERV_APP,GDHM_Q21b,0.0,Not Available
GDHM_SURVEY_COUNTRYRESPONSE_SCORE,2023,222,GDHM_CAT7_SERV_APP,GDHM_Q21c,0.0,Not Available
GDHM_SURVEY_COUNTRYRESPONSE_SCORE,2023,222,GDHM_CAT7_SERV_APP,GDHM_Q22,0.0,Not Available
GDHM_SURVEY_COUNTRYRESPONSE_SCORE,2023,222,GDHM_CAT7_SERV_APP,GDHM_Q23,0.0,Not Available
GDHM_SURVEY_CATEGORY_AVG,2023,222,GDHM_CAT7_SERV_APP,,1.0,Not Available
GDHM_SURVEY_COUNTRYRESPONSE_SCORE,2023,233,GDHM_CAT1_LEAD_GOV,GDHM_Q01,0.0,Not Available
GDHM_SURVEY_COUNTRYRESPONSE_SCORE,2023,233,GDHM_CAT1_LEAD_GOV,GDHM_Q02,0.0,Not Available
GDHM_SURVEY_COUNTRYRESPONSE_SCORE,2023,233,GDHM_CAT1_LEAD_GOV,GDHM_Q02a,0.0,Not Available
GDHM_SURVEY_COUNTRYRESPONSE_SCORE,2023,233,GDHM_CAT1_LEAD_GOV,GDHM_Q03,0.0,Not Available
GDHM_SURVEY_COUNTRYRESPONSE_SCORE,2023,233,GDHM_CAT1_LEAD_GOV,GDHM_Q04,5.0,Phase 5
GDHM_SURVEY_COUNTRYRESPONSE_SCORE,2023,233,GDHM_CAT1_LEAD_GOV,GDHM_Q04a,0.0,Not Available
GDHM_SURVEY_CATEGORY_AVG,2023,233,GDHM_CAT1_LEAD_GOV,,5.0,Phase 5
GDHM_SURVEY_COUNTRYRESPONSE_SCORE,2023,233,GDHM_CAT2_STRAT_INV,GDHM_Q05,0.0,Not Available
GDHM_SURVEY_COUNTRYRESPONSE_SCORE,2023,233,GDHM_CAT2_STRAT_INV,GDHM_Q05a,0.0,Not Available
GDHM_SURVEY_COUNTRYRESPONSE_SCORE,2023,233,GDHM_CAT2_STRAT_INV,GDHM_Q06,0.0,Not Available
GDHM_SURVEY_COUNTRYRESPONSE_SCORE,2023,233,GDHM_CAT2_STRAT_INV,GDHM_Q06a,4.0,Phase 4
GDHM_SURVEY_CATEGORY_AVG,2023,233,GDHM_CAT2_STRAT_INV,,1.0,Not Available
GDHM_SURVEY_COUNTRYRESPONSE_SCORE,2023,233,GDHM_CAT3_LEG,GDHM_Q07,5.0,Phase 5
GDHM_SURVEY_COUNTRYRESPONSE_SCORE,2023,233,GDHM_CAT3_LEG,GDHM_Q08,5.0,Phase 5
GDHM_SURVEY_COUNTRYRESPONSE_SCORE,2023,233,GDHM_CAT3_LEG,GDHM_Q09,5.0,Phase 5
GDHM_SURVEY_COUNTRYRESPONSE_SCORE,2023,233,GDHM_CAT3_LEG,GDHM_Q09a,0.0,Not Available
GDHM_SURVEY_COUNTRYRESPONSE_SCORE,2023,233,GDHM_CAT3_LEG,GDHM_Q10,0.0,Not Available
GDHM_SURVEY_CATEGORY_AVG,2023,233,GDHM_CAT3_LEG,,5.0,Phase 5
GDHM_SURVEY_COUNTRYRESPONSE_SCORE,2023,233,GDHM_CAT4_WORKFORCE,GDHM_Q11,0.0,Not Available
GDHM_SURVEY_COUNTRYRESPONSE_SCORE,2023,233,GDHM_CAT4_WORKFORCE,GDHM_Q12,0.0,Not Available
GDHM_SURVEY_COUNTRYRESPONSE_SCORE,2023,233,GDHM_CAT4_WORKFORCE,GDHM_Q13,0.0,Not Available
GDHM_SURVEY_COUNTRYRESPONSE_SCORE,2023,233,GDHM_CAT4_WORKFORCE,GDHM_Q14,0.0,Not Available
GDHM_SURVEY_CATEGORY_AVG,2023,233,GDHM_CAT4_WORKFORCE,,1.0,Not Available
GDHM_SURVEY_COUNTRYRESPONSE_SCORE,2023,233,GDHM_CAT5_STANDARDS,GDHM_Q15,0.0,Not Available
GDHM_SURVEY_COUNTRYRESPONSE_SCORE,2023,233,GDHM_CAT5_STANDARDS,GDHM_Q16,0.0,Not Available
GDHM_SURVEY_CATEGORY_AVG,2023,233,GDHM_CAT5_STANDARDS,,1.0,Not Available
GDHM_SURVEY_COUNTRYRESPONSE_SCORE,2023,233,GDHM_CAT6_INFRASTRUCTURE,GDHM_Q17,3.0,Phase 3
GDHM_SURVEY_COUNTRYRESPONSE_SCORE,2023,233,GDHM_CAT6_INFRASTRUCTURE,GDHM_Q18,5.0,Phase 5
GDHM_SURVEY_CATEGORY_AVG,2023,233,GDHM_CAT6_INFRASTRUCTURE,,4.0,Phase 4
GDHM_SURVEY_COUNTRYRESPONSE_SCORE,2023,233,GDHM_CAT7_SERV_APP,GDHM_Q19,0.0,Not Available
GDHM_SURVEY_COUNTRYRESPONSE_SCORE,2023,233,GDHM_CAT7_SERV_APP,GDHM_Q20,0.0,Not Available
GDHM_SURVEY_COUNTRYRESPONSE_SCORE,2023,233,GDHM_CAT7_SERV_APP,GDHM_Q21,0.0,Not Available
GDHM_SURVEY_COUNTRYRESPONSE_SCORE,2023,233,GDHM_CAT7_SERV_APP,GDHM_Q21a,0.0,Not Available
GDHM_SURVEY_COUNTRYRESPONSE_SCORE,2023,233,GDHM_CAT7_SERV_APP,GDHM_Q21b,0.0,Not Available
GDHM_SURVEY_COUNTRYRESPONSE_SCORE,2023,233,GDHM_CAT7_SERV_APP,GDHM_Q21c,0.0,Not Available
GDHM_SURVEY_COUNTRYRESPONSE_SCORE,2023,233,GDHM_CAT7_SERV_APP,GDHM_Q22,0.0,Not Available
GDHM_SURVEY_COUNTRYRESPONSE_SCORE,2023,233,GDHM_CAT7_SERV_APP,GDHM_Q23,0.0,Not Available
GDHM_SURVEY_CATEGORY_AVG,2023,233,GDHM_CAT7_SERV_APP,,1.0,Not Available
GDHM_SURVEY_COUNTRYRESPONSE_SCORE,2023,231,GDHM_CAT1_LEAD_GOV,GDHM_Q01,5.0,Phase 5
GDHM_SURVEY_COUNTRYRESPONSE_SCORE,2023,231,GDHM_CAT1_LEAD_GOV,GDHM_Q02,5.0,Phase 5
GDHM_SURVEY_COUNTRYRESPONSE_SCORE,2023,231,GDHM_CAT1_LEAD_GOV,GDHM_Q02a,3.0,Phase 3
GDHM_SURVEY_COUNTRYRESPONSE_SCORE,2023,231,GDHM_CAT1_LEAD_GOV,GDHM_Q03,1.0,Phase 1
GDHM_SURVEY_COUNTRYRESPONSE_SCORE,2023,231,GDHM_CAT1_LEAD_GOV,GDHM_Q04,3.0,Phase 3
GDHM_SURVEY_COUNTRYRESPONSE_SCORE,2023,231,GDHM_CAT1_LEAD_GOV,GDHM_Q04a,3.0,Phase 3
GDHM_SURVEY_CATEGORY_AVG,2023,231,GDHM_CAT1_LEAD_GOV,,4.0,Phase 4
GDHM_SURVEY_COUNTRYRESPONSE_SCORE,2023,231,GDHM_CAT2_STRAT_INV,GDHM_Q05,4.0,Phase 4
GDHM_SURVEY_COUNTRYRESPONSE_SCORE,2023,231,GDHM_CAT2_STRAT_INV,GDHM_Q05a,4.0,Phase 4
GDHM_SURVEY_COUNTRYRESPONSE_SCORE,2023,231,GDHM_CAT2_STRAT_INV,GDHM_Q06,2.0,Phase 2
GDHM_SURVEY_COUNTRYRESPONSE_SCORE,2023,231,GDHM_CAT2_STRAT_INV,GDHM_Q06a,2.0,Phase 2
GDHM_SURVEY_CATEGORY_AVG,2023,231,GDHM_CAT2_STRAT_INV,,3.0,Phase 3
GDHM_SURVEY_COUNTRYRESPONSE_SCORE,2023,231,GDHM_CAT3_LEG,GDHM_Q07,3.0,Phase 3
GDHM_SURVEY_COUNTRYRESPONSE_SCORE,2023,231,GDHM_CAT3_LEG,GDHM_Q08,2.0,Phase 2
GDHM_SURVEY_COUNTRYRESPONSE_SCORE,2023,231,GDHM_CAT3_LEG,GDHM_Q09,3.0,Phase 3
GDHM_SURVEY_COUNTRYRESPONSE_SCORE,2023,231,GDHM_CAT3_LEG,GDHM_Q09a,2.0,Phase 2
GDHM_SURVEY_COUNTRYRESPONSE_SCORE,2023,231,GDHM_CAT3_LEG,GDHM_Q10,4.0,Phase 4
GDHM_SURVEY_CATEGORY_AVG,2023,231,GDHM_CAT3_LEG,,3.0,Phase 3
GDHM_SURVEY_COUNTRYRESPONSE_SCORE,2023,231,GDHM_CAT4_WORKFORCE,GDHM_Q11,5.0,Phase 5
GDHM_SURVEY_COUNTRYRESPONSE_SCORE,2023,231,GDHM_CAT4_WORKFORCE,GDHM_Q12,4.0,Phase 4
GDHM_SURVEY_COUNTRYRESPONSE_SCORE,2023,231,GDHM_CAT4_WORKFORCE,GDHM_Q13,5.0,Phase 5
GDHM_SURVEY_COUNTRYRESPONSE_SCORE,2023,231,GDHM_CAT4_WORKFORCE,GDHM_Q14,4.0,Phase 4
GDHM_SURVEY_CATEGORY_AVG,2023,231,GDHM_CAT4_WORKFORCE,,5.0,Phase 5
GDHM_SURVEY_COUNTRYRESPONSE_SCORE,2023,231,GDHM_CAT5_STANDARDS,GDHM_Q15,3.0,Phase 3
GDHM_SURVEY_COUNTRYRESPONSE_SCORE,2023,231,GDHM_CAT5_STANDARDS,GDHM_Q16,3.0,Phase 3
GDHM_SURVEY_CATEGORY_AVG,2023,231,GDHM_CAT5_STANDARDS,,3.0,Phase 3
GDHM_SURVEY_COUNTRYRESPONSE_SCORE,2023,231,GDHM_CAT6_INFRASTRUCTURE,GDHM_Q17,3.0,Phase 3
GDHM_SURVEY_COUNTRYRESPONSE_SCORE,2023,231,GDHM_CAT6_INFRASTRUCTURE,GDHM_Q18,4.0,Phase 4
GDHM_SURVEY_CATEGORY_AVG,2023,231,GDHM_CAT6_INFRASTRUCTURE,,4.0,Phase 4
GDHM_SURVEY_COUNTRYRESPONSE_SCORE,2023,231,GDHM_CAT7_SERV_APP,GDHM_Q19,4.0,Phase 4
GDHM_SURVEY_COUNTRYRESPONSE_SCORE,2023,231,GDHM_CAT7_SERV_APP,GDHM_Q20,3.0,Phase 3
GDHM_SURVEY_COUNTRYRESPONSE_SCORE,2023,231,GDHM_CAT7_SERV_APP,GDHM_Q21,2.0,Phase 2
GDHM_SURVEY_COUNTRYRESPONSE_SCORE,2023,231,GDHM_CAT7_SERV_APP,GDHM_Q21a,1.0,Phase 1
GDHM_SURVEY_COUNTRYRESPONSE_SCORE,2023,231,GDHM_CAT7_SERV_APP,GDHM_Q21b,2.0,Phase 2
GDHM_SURVEY_COUNTRYRESPONSE_SCORE,2023,231,GDHM_CAT7_SERV_APP,GDHM_Q21c,1.0,Phase 1
GDHM_SURVEY_COUNTRYRESPONSE_SCORE,2023,231,GDHM_CAT7_SERV_APP,GDHM_Q22,2.0,Phase 2
GDHM_SURVEY_COUNTRYRESPONSE_SCORE,2023,504,GDHM_CAT4_WORKFORCE,GDHM_Q11,1.0,Phase 1
GDHM_SURVEY_COUNTRYRESPONSE_SCORE,2023,504,GDHM_CAT4_WORKFORCE,GDHM_Q12,1.0,Phase 1
GDHM_SURVEY_COUNTRYRESPONSE_SCORE,2023,504,GDHM_CAT4_WORKFORCE,GDHM_Q13,1.0,Phase 1
GDHM_SURVEY_COUNTRYRESPONSE_SCORE,2023,504,GDHM_CAT4_WORKFORCE,GDHM_Q14,1.0,Phase 1
GDHM_SURVEY_CATEGORY_AVG,2023,504,GDHM_CAT4_WORKFORCE,,1.0,Phase 1
GDHM_SURVEY_COUNTRYRESPONSE_SCORE,2023,504,GDHM_CAT5_STANDARDS,GDHM_Q15,2.0,Phase 2
GDHM_SURVEY_COUNTRYRESPONSE_SCORE,2023,504,GDHM_CAT5_STANDARDS,GDHM_Q16,1.0,Phase 1
GDHM_SURVEY_CATEGORY_AVG,2023,504,GDHM_CAT5_STANDARDS,,2.0,Phase 2
GDHM_SURVEY_COUNTRYRESPONSE_SCORE,2023,504,GDHM_CAT6_INFRASTRUCTURE,GDHM_Q17,3.0,Phase 3
GDHM_SURVEY_COUNTRYRESPONSE_SCORE,2023,504,GDHM_CAT6_INFRASTRUCTURE,GDHM_Q18,3.0,Phase 3
GDHM_SURVEY_CATEGORY_AVG,2023,504,GDHM_CAT6_INFRASTRUCTURE,,3.0,Phase 3
GDHM_SURVEY_COUNTRYRESPONSE_SCORE,2023,504,GDHM_CAT7_SERV_APP,GDHM_Q19,2.0,Phase 2
GDHM_SURVEY_COUNTRYRESPONSE_SCORE,2023,504,GDHM_CAT7_SERV_APP,GDHM_Q20,3.0,Phase 3
GDHM_SURVEY_COUNTRYRESPONSE_SCORE,2023,504,GDHM_CAT7_SERV_APP,GDHM_Q21,1.0,Phase 1
GDHM_SURVEY_COUNTRYRESPONSE_SCORE,2023,504,GDHM_CAT7_SERV_APP,GDHM_Q21a,1.0,Phase 1
GDHM_SURVEY_COUNTRYRESPONSE_SCORE,2023,504,GDHM_CAT7_SERV_APP,GDHM_Q21b,5.0,Phase 5
GDHM_SURVEY_COUNTRYRESPONSE_SCORE,2023,504,GDHM_CAT7_SERV_APP,GDHM_Q21c,5.0,Phase 5
GDHM_SURVEY_COUNTRYRESPONSE_SCORE,2023,504,GDHM_CAT7_SERV_APP,GDHM_Q22,1.0,Phase 1
GDHM_SURVEY_COUNTRYRESPONSE_SCORE,2023,504,GDHM_CAT7_SERV_APP,GDHM_Q23,1.0,Phase 1
GDHM_SURVEY_CATEGORY_AVG,2023,504,GDHM_CAT7_SERV_APP,,2.0,Phase 2
GDHM_SURVEY_COUNTRYRESPONSE_SCORE,2023,508,GDHM_CAT1_LEAD_GOV,GDHM_Q01,4.0,Phase 4
GDHM_SURVEY_COUNTRYRESPONSE_SCORE,2023,508,GDHM_CAT1_LEAD_GOV,GDHM_Q02,3.0,Phase 3
GDHM_SURVEY_COUNTRYRESPONSE_SCORE,2023,508,GDHM_CAT1_LEAD_GOV,GDHM_Q02a,3.0,Phase 3
GDHM_SURVEY_COUNTRYRESPONSE_SCORE,2023,508,GDHM_CAT1_LEAD_GOV,GDHM_Q03,4.0,Phase 4
GDHM_SURVEY_COUNTRYRESPONSE_SCORE,2023,508,GDHM_CAT1_LEAD_GOV,GDHM_Q04,3.0,Phase 3
GDHM_SURVEY_COUNTRYRESPONSE_SCORE,2023,508,GDHM_CAT1_LEAD_GOV,GDHM_Q04a,3.0,Phase 3
GDHM_SURVEY_CATEGORY_AVG,2023,508,GDHM_CAT1_LEAD_GOV,,4.0,Phase 4
GDHM_SURVEY_COUNTRYRESPONSE_SCORE,2023,508,GDHM_CAT2_STRAT_INV,GDHM_Q05,2.0,Phase 2
GDHM_SURVEY_COUNTRYRESPONSE_SCORE,2023,508,GDHM_CAT2_STRAT_INV,GDHM_Q05a,4.0,Phase 4
GDHM_SURVEY_COUNTRYRESPONSE_SCORE,2023,508,GDHM_CAT2_STRAT_INV,GDHM_Q06,2.0,Phase 2
GDHM_SURVEY_COUNTRYRESPONSE_SCORE,2023,508,GDHM_CAT2_STRAT_INV,GDHM_Q06a,1.0,Phase 1
GDHM_SURVEY_CATEGORY_AVG,2023,508,GDHM_CAT2_STRAT_INV,,2.0,Phase 2
GDHM_SURVEY_COUNTRYRESPONSE_SCORE,2023,508,GDHM_CAT3_LEG,GDHM_Q07,2.0,Phase 2
GDHM_SURVEY_COUNTRYRESPONSE_SCORE,2023,508,GDHM_CAT3_LEG,GDHM_Q08,3.0,Phase 3
GDHM_SURVEY_COUNTRYRESPONSE_SCORE,2023,508,GDHM_CAT3_LEG,GDHM_Q09,3.0,Phase 3
GDHM_SURVEY_COUNTRYRESPONSE_SCORE,2023,508,GDHM_CAT3_LEG,GDHM_Q09a,5.0,Phase 5
GDHM_SURVEY_COUNTRYRESPONSE_SCORE,2023,508,GDHM_CAT3_LEG,GDHM_Q10,4.0,Phase 4
GDHM_SURVEY_CATEGORY_AVG,2023,508,GDHM_CAT3_LEG,,3.0,Phase 3
GDHM_SURVEY_COUNTRYRESPONSE_SCORE,2023,508,GDHM_CAT4_WORKFORCE,GDHM_Q11,1.0,Phase 1
GDHM_SURVEY_COUNTRYRESPONSE_SCORE,2023,508,GDHM_CAT4_WORKFORCE,GDHM_Q12,1.0,Phase 1
GDHM_SURVEY_COUNTRYRESPONSE_SCORE,2023,508,GDHM_CAT4_WORKFORCE,GDHM_Q13,0.0,Not Available
GDHM_SURVEY_COUNTRYRESPONSE_SCORE,2023,508,GDHM_CAT4_WORKFORCE,GDHM_Q14,4.0,Phase 4
GDHM_SURVEY_CATEGORY_AVG,2023,508,GDHM_CAT4_WORKFORCE,,2.0,Phase 2
GDHM_SURVEY_COUNTRYRESPONSE_SCORE,2023,508,GDHM_CAT5_STANDARDS,GDHM_Q15,4.0,Phase 4
GDHM_SURVEY_COUNTRYRESPONSE_SCORE,2023,508,GDHM_CAT5_STANDARDS,GDHM_Q16,2.0,Phase 2
GDHM_SURVEY_CATEGORY_AVG,2023,508,GDHM_CAT5_STANDARDS,,3.0,Phase 3
GDHM_SURVEY_COUNTRYRESPONSE_SCORE,2023,508,GDHM_CAT6_INFRASTRUCTURE,GDHM_Q17,4.0,Phase 4
GDHM_SURVEY_COUNTRYRESPONSE_SCORE,2023,508,GDHM_CAT6_INFRASTRUCTURE,GDHM_Q18,4.0,Phase 4
GDHM_SURVEY_CATEGORY_AVG,2023,508,GDHM_CAT6_INFRASTRUCTURE,,4.0,Phase 4
GDHM_SURVEY_COUNTRYRESPONSE_SCORE,2023,508,GDHM_CAT7_SERV_APP,GDHM_Q19,4.0,Phase 4
GDHM_SURVEY_COUNTRYRESPONSE_SCORE,2023,508,GDHM_CAT7_SERV_APP,GDHM_Q20,2.0,Phase 2
GDHM_SURVEY_COUNTRYRESPONSE_SCORE,2023,508,GDHM_CAT7_SERV_APP,GDHM_Q21,2.0,Phase 2
GDHM_SURVEY_COUNTRYRESPONSE_SCORE,2023,508,GDHM_CAT7_SERV_APP,GDHM_Q21a,4.0,Phase 4
GDHM_SURVEY_COUNTRYRESPONSE_SCORE,2023,508,GDHM_CAT7_SERV_APP,GDHM_Q21b,1.0,Phase 1
GDHM_SURVEY_COUNTRYRESPONSE_SCORE,2023,508,GDHM_CAT7_SERV_APP,GDHM_Q21c,2.0,Phase 2
GDHM_SURVEY_COUNTRYRESPONSE_SCORE,2023,508,GDHM_CAT7_SERV_APP,GDHM_Q22,2.0,Phase 2
GDHM_SURVEY_COUNTRYRESPONSE_SCORE,2023,508,GDHM_CAT7_SERV_APP,GDHM_Q23,3.0,Phase 3
GDHM_SURVEY_CATEGORY_AVG,2023,508,GDHM_CAT7_SERV_APP,,3.0,Phase 3
GDHM_SURVEY_COUNTRYRESPONSE_SCORE,2023,104,GDHM_CAT1_LEAD_GOV,GDHM_Q01,3.0,Phase 3
GDHM_SURVEY_COUNTRYRESPONSE_SCORE,2023,104,GDHM_CAT1_LEAD_GOV,GDHM_Q02,3.0,Phase 3
GDHM_SURVEY_COUNTRYRESPONSE_SCORE,2023,104,GDHM_CAT1_LEAD_GOV,GDHM_Q02a,0.0,Not Available
GDHM_SURVEY_COUNTRYRESPONSE_SCORE,2023,104,GDHM_CAT1_LEAD_GOV,GDHM_Q03,1.0,Phase 1
GDHM_SURVEY_COUNTRYRESPONSE_SCORE,2023,104,GDHM_CAT1_LEAD_GOV,GDHM_Q04,2.0,Phase 2
GDHM_SURVEY_COUNTRYRESPONSE_SCORE,2023,104,GDHM_CAT1_LEAD_GOV,GDHM_Q04a,2.0,Phase 2
GDHM_SURVEY_CATEGORY_AVG,2023,104,GDHM_CAT1_LEAD_GOV,,3.0,Phase 3
GDHM_SURVEY_COUNTRYRESPONSE_SCORE,2023,104,GDHM_CAT2_STRAT_INV,GDHM_Q05,3.0,Phase 3
GDHM_SURVEY_COUNTRYRESPONSE_SCORE,2023,104,GDHM_CAT2_STRAT_INV,GDHM_Q05a,4.0,Phase 4
GDHM_SURVEY_COUNTRYRESPONSE_SCORE,2023,104,GDHM_CAT2_STRAT_INV,GDHM_Q06,4.0,Phase 4
GDHM_SURVEY_COUNTRYRESPONSE_SCORE,2023,104,GDHM_CAT2_STRAT_INV,GDHM_Q06a,1.0,Phase 1
GDHM_SURVEY_CATEGORY_AVG,2023,104,GDHM_CAT2_STRAT_INV,,4.0,Phase 4
GDHM_SURVEY_COUNTRYRESPONSE_SCORE,2023,104,GDHM_CAT3_LEG,GDHM_Q07,1.0,Phase 1
GDHM_SURVEY_COUNTRYRESPONSE_SCORE,2023,104,GDHM_CAT3_LEG,GDHM_Q08,1.0,Phase 1
GDHM_SURVEY_COUNTRYRESPONSE_SCORE,2023,104,GDHM_CAT3_LEG,GDHM_Q09,1.0,Phase 1
GDHM_SURVEY_COUNTRYRESPONSE_SCORE,2023,104,GDHM_CAT3_LEG,GDHM_Q09a,1.0,Phase 1
GDHM_SURVEY_COUNTRYRESPONSE_SCORE,2023,104,GDHM_CAT3_LEG,GDHM_Q10,1.0,Phase 1
GDHM_SURVEY_CATEGORY_AVG,2023,104,GDHM_CAT3_LEG,,1.0,Phase 1
GDHM_SURVEY_COUNTRYRESPONSE_SCORE,2023,104,GDHM_CAT4_WORKFORCE,GDHM_Q11,1.0,Phase 1
GDHM_SURVEY_COUNTRYRESPONSE_SCORE,2023,104,GDHM_CAT4_WORKFORCE,GDHM_Q12,1.0,Phase 1
GDHM_SURVEY_COUNTRYRESPONSE_SCORE,2023,104,GDHM_CAT4_WORKFORCE,GDHM_Q13,1.0,Phase 1
GDHM_SURVEY_COUNTRYRESPONSE_SCORE,2023,104,GDHM_CAT4_WORKFORCE,GDHM_Q14,1.0,Phase 1
GDHM_SURVEY_CATEGORY_AVG,2023,104,GDHM_CAT4_WORKFORCE,,1.0,Phase 1
GDHM_SURVEY_COUNTRYRESPONSE_SCORE,2023,104,GDHM_CAT5_STANDARDS,GDHM_Q15,2.0,Phase 2
GDHM_SURVEY_COUNTRYRESPONSE_SCORE,2023,104,GDHM_CAT5_STANDARDS,GDHM_Q16,2.0,Phase 2
GDHM_SURVEY_CATEGORY_AVG,2023,104,GDHM_CAT5_STANDARDS,,2.0,Phase 2
GDHM_SURVEY_COUNTRYRESPONSE_SCORE,2023,104,GDHM_CAT6_INFRASTRUCTURE,GDHM_Q17,0.0,Not Available
GDHM_SURVEY_COUNTRYRESPONSE_SCORE,2023,104,GDHM_CAT6_INFRASTRUCTURE,GDHM_Q18,2.0,Phase 2
GDHM_SURVEY_CATEGORY_AVG,2023,104,GDHM_CAT6_INFRASTRUCTURE,,2.0,Phase 2
GDHM_SURVEY_COUNTRYRESPONSE_SCORE,2023,104,GDHM_CAT7_SERV_APP,GDHM_Q19,4.0,Phase 4
GDHM_SURVEY_COUNTRYRESPONSE_SCORE,2023,104,GDHM_CAT7_SERV_APP,GDHM_Q20,1.0,Phase 1
GDHM_SURVEY_COUNTRYRESPONSE_SCORE,2023,104,GDHM_CAT7_SERV_APP,GDHM_Q21,2.0,Phase 2
GDHM_SURVEY_COUNTRYRESPONSE_SCORE,2023,104,GDHM_CAT7_SERV_APP,GDHM_Q21a,2.0,Phase 2
GDHM_SURVEY_COUNTRYRESPONSE_SCORE,2023,104,GDHM_CAT7_SERV_APP,GDHM_Q21b,2.0,Phase 2
GDHM_SURVEY_COUNTRYRESPONSE_SCORE,2023,104,GDHM_CAT7_SERV_APP,GDHM_Q21c,2.0,Phase 2
GDHM_SURVEY_COUNTRYRESPONSE_SCORE,2023,104,GDHM_CAT7_SERV_APP,GDHM_Q22,2.0,Phase 2
GDHM_SURVEY_COUNTRYRESPONSE_SCORE,2023,104,GDHM_CAT7_SERV_APP,GDHM_Q23,2.0,Phase 2
GDHM_SURVEY_CATEGORY_AVG,2023,104,GDHM_CAT7_SERV_APP,,3.0,Phase 3
GDHM_SURVEY_COUNTRYRESPONSE_SCORE,2023,516,GDHM_CAT1_LEAD_GOV,GDHM_Q01,2.0,Phase 2
GDHM_SURVEY_COUNTRYRESPONSE_SCORE,2023,516,GDHM_CAT1_LEAD_GOV,GDHM_Q02,4.0,Phase 4
GDHM_SURVEY_COUNTRYRESPONSE_SCORE,2023,516,GDHM_CAT1_LEAD_GOV,GDHM_Q02a,2.0,Phase 2
GDHM_SURVEY_COUNTRYRESPONSE_SCORE,2023,516,GDHM_CAT1_LEAD_GOV,GDHM_Q03,1.0,Phase 1
GDHM_SURVEY_COUNTRYRESPONSE_SCORE,2023,516,GDHM_CAT1_LEAD_GOV,GDHM_Q04,2.0,Phase 2
GDHM_SURVEY_COUNTRYRESPONSE_SCORE,2023,516,GDHM_CAT1_LEAD_GOV,GDHM_Q04a,2.0,Phase 2
GDHM_SURVEY_CATEGORY_AVG,2023,516,GDHM_CAT1_LEAD_GOV,,3.0,Phase 3
GDHM_SURVEY_COUNTRYRESPONSE_SCORE,2023,516,GDHM_CAT2_STRAT_INV,GDHM_Q05,3.0,Phase 3
GDHM_SURVEY_COUNTRYRESPONSE_SCORE,2023,516,GDHM_CAT2_STRAT_INV,GDHM_Q05a,4.0,Phase 4
GDHM_SURVEY_COUNTRYRESPONSE_SCORE,2023,516,GDHM_CAT2_STRAT_INV,GDHM_Q06,3.0,Phase 3
GDHM_SURVEY_COUNTRYRESPONSE_SCORE,2023,516,GDHM_CAT2_STRAT_INV,GDHM_Q06a,2.0,Phase 2
GDHM_SURVEY_CATEGORY_AVG,2023,516,GDHM_CAT2_STRAT_INV,,3.0,Phase 3
GDHM_SURVEY_COUNTRYRESPONSE_SCORE,2023,516,GDHM_CAT3_LEG,GDHM_Q07,4.0,Phase 4
GDHM_SURVEY_COUNTRYRESPONSE_SCORE,2023,516,GDHM_CAT3_LEG,GDHM_Q08,4.0,Phase 4
GDHM_SURVEY_COUNTRYRESPONSE_SCORE,2023,516,GDHM_CAT3_LEG,GDHM_Q09,3.0,Phase 3
GDHM_SURVEY_COUNTRYRESPONSE_SCORE,2023,516,GDHM_CAT3_LEG,GDHM_Q09a,1.0,Phase 1
GDHM_SURVEY_COUNTRYRESPONSE_SCORE,2023,516,GDHM_CAT3_LEG,GDHM_Q10,2.0,Phase 2
GDHM_SURVEY_CATEGORY_AVG,2023,516,GDHM_CAT3_LEG,,4.0,Phase 4
GDHM_SURVEY_COUNTRYRESPONSE_SCORE,2023,516,GDHM_CAT4_WORKFORCE,GDHM_Q11,2.0,Phase 2
GDHM_SURVEY_COUNTRYRESPONSE_SCORE,2023,516,GDHM_CAT4_WORKFORCE,GDHM_Q12,1.0,Phase 1
GDHM_SURVEY_COUNTRYRESPONSE_SCORE,2023,516,GDHM_CAT4_WORKFORCE,GDHM_Q13,4.0,Phase 4
GDHM_SURVEY_COUNTRYRESPONSE_SCORE,2023,516,GDHM_CAT4_WORKFORCE,GDHM_Q14,1.0,Phase 1
GDHM_SURVEY_CATEGORY_AVG,2023,516,GDHM_CAT4_WORKFORCE,,2.0,Phase 2
GDHM_SURVEY_COUNTRYRESPONSE_SCORE,2023,516,GDHM_CAT5_STANDARDS,GDHM_Q15,2.0,Phase 2
GDHM_SURVEY_COUNTRYRESPONSE_SCORE,2023,516,GDHM_CAT5_STANDARDS,GDHM_Q16,2.0,Phase 2
GDHM_SURVEY_CATEGORY_AVG,2023,516,GDHM_CAT5_STANDARDS,,2.0,Phase 2
GDHM_SURVEY_COUNTRYRESPONSE_SCORE,2023,516,GDHM_CAT6_INFRASTRUCTURE,GDHM_Q17,3.0,Phase 3
GDHM_SURVEY_COUNTRYRESPONSE_SCORE,2023,516,GDHM_CAT6_INFRASTRUCTURE,GDHM_Q18,2.0,Phase 2
GDHM_SURVEY_CATEGORY_AVG,2023,516,GDHM_CAT6_INFRASTRUCTURE,,3.0,Phase 3
GDHM_SURVEY_COUNTRYRESPONSE_SCORE,2023,516,GDHM_CAT7_SERV_APP,GDHM_Q19,3.0,Phase 3
GDHM_SURVEY_COUNTRYRESPONSE_SCORE,2023,516,GDHM_CAT7_SERV_APP,GDHM_Q20,3.0,Phase 3
GDHM_SURVEY_COUNTRYRESPONSE_SCORE,2023,516,GDHM_CAT7_SERV_APP,GDHM_Q21,1.0,Phase 1
GDHM_SURVEY_COUNTRYRESPONSE_SCORE,2023,516,GDHM_CAT7_SERV_APP,GDHM_Q21a,1.0,Phase 1
GDHM_SURVEY_COUNTRYRESPONSE_SCORE,2023,516,GDHM_CAT7_SERV_APP,GDHM_Q21b,5.0,Phase 5
GDHM_SURVEY_COUNTRYRESPONSE_SCORE,2023,516,GDHM_CAT7_SERV_APP,GDHM_Q21c,5.0,Phase 5
GDHM_SURVEY_COUNTRYRESPONSE_SCORE,2023,516,GDHM_CAT7_SERV_APP,GDHM_Q22,1.0,Phase 1
GDHM_SURVEY_COUNTRYRESPONSE_SCORE,2023,516,GDHM_CAT7_SERV_APP,GDHM_Q23,3.0,Phase 3
GDHM_SURVEY_CATEGORY_AVG,2023,516,GDHM_CAT7_SERV_APP,,3.0,Phase 3
GDHM_SURVEY_COUNTRYRESPONSE_SCORE,2023,524,GDHM_CAT1_LEAD_GOV,GDHM_Q01,2.0,Phase 2
GDHM_SURVEY_COUNTRYRESPONSE_SCORE,2023,524,GDHM_CAT1_LEAD_GOV,GDHM_Q02,3.0,Phase 3
GDHM_SURVEY_COUNTRYRESPONSE_SCORE,2023,524,GDHM_CAT1_LEAD_GOV,GDHM_Q02a,1.0,Phase 1
GDHM_SURVEY_COUNTRYRESPONSE_SCORE,2023,524,GDHM_CAT1_LEAD_GOV,GDHM_Q03,2.0,Phase 2
GDHM_SURVEY_COUNTRYRESPONSE_SCORE,2023,524,GDHM_CAT1_LEAD_GOV,GDHM_Q04,1.0,Phase 1
GDHM_SURVEY_COUNTRYRESPONSE_SCORE,2023,524,GDHM_CAT1_LEAD_GOV,GDHM_Q04a,1.0,Phase 1
GDHM_SURVEY_CATEGORY_AVG,2023,524,GDHM_CAT1_LEAD_GOV,,2.0,Phase 2
GDHM_SURVEY_COUNTRYRESPONSE_SCORE,2023,524,GDHM_CAT2_STRAT_INV,GDHM_Q05,2.0,Phase 2
GDHM_SURVEY_COUNTRYRESPONSE_SCORE,2023,524,GDHM_CAT2_STRAT_INV,GDHM_Q05a,2.0,Phase 2
GDHM_SURVEY_COUNTRYRESPONSE_SCORE,2023,524,GDHM_CAT2_STRAT_INV,GDHM_Q06,2.0,Phase 2
GDHM_SURVEY_COUNTRYRESPONSE_SCORE,2023,524,GDHM_CAT2_STRAT_INV,GDHM_Q06a,2.0,Phase 2
GDHM_SURVEY_CATEGORY_AVG,2023,524,GDHM_CAT2_STRAT_INV,,2.0,Phase 2
GDHM_SURVEY_COUNTRYRESPONSE_SCORE,2023,524,GDHM_CAT3_LEG,GDHM_Q07,2.0,Phase 2
GDHM_SURVEY_COUNTRYRESPONSE_SCORE,2023,524,GDHM_CAT3_LEG,GDHM_Q08,2.0,Phase 2
GDHM_SURVEY_COUNTRYRESPONSE_SCORE,2023,524,GDHM_CAT3_LEG,GDHM_Q09,1.0,Phase 1
GDHM_SURVEY_COUNTRYRESPONSE_SCORE,2023,524,GDHM_CAT3_LEG,GDHM_Q09a,1.0,Phase 1
GDHM_SURVEY_COUNTRYRESPONSE_SCORE,2023,524,GDHM_CAT3_LEG,GDHM_Q10,1.0,Phase 1
GDHM_SURVEY_CATEGORY_AVG,2023,524,GDHM_CAT3_LEG,,2.0,Phase 2
GDHM_SURVEY_COUNTRYRESPONSE_SCORE,2023,524,GDHM_CAT4_WORKFORCE,GDHM_Q11,2.0,Phase 2
GDHM_SURVEY_COUNTRYRESPONSE_SCORE,2023,524,GDHM_CAT4_WORKFORCE,GDHM_Q12,2.0,Phase 2
GDHM_SURVEY_COUNTRYRESPONSE_SCORE,2023,524,GDHM_CAT4_WORKFORCE,GDHM_Q13,3.0,Phase 3
GDHM_SURVEY_COUNTRYRESPONSE_SCORE,2023,524,GDHM_CAT4_WORKFORCE,GDHM_Q14,2.0,Phase 2
GDHM_SURVEY_CATEGORY_AVG,2023,524,GDHM_CAT4_WORKFORCE,,3.0,Phase 3
GDHM_SURVEY_COUNTRYRESPONSE_SCORE,2023,524,GDHM_CAT5_STANDARDS,GDHM_Q15,1.0,Phase 1
GDHM_SURVEY_COUNTRYRESPONSE_SCORE,2023,524,GDHM_CAT5_STANDARDS,GDHM_Q16,2.0,Phase 2
GDHM_SURVEY_CATEGORY_AVG,2023,524,GDHM_CAT5_STANDARDS,,2.0,Phase 2
GDHM_SURVEY_COUNTRYRESPONSE_SCORE,2023,784,GDHM_CAT2_STRAT_INV,GDHM_Q05a,4.0,Phase 4
GDHM_SURVEY_COUNTRYRESPONSE_SCORE,2023,784,GDHM_CAT2_STRAT_INV,GDHM_Q06,5.0,Phase 5
GDHM_SURVEY_COUNTRYRESPONSE_SCORE,2023,784,GDHM_CAT2_STRAT_INV,GDHM_Q06a,4.0,Phase 4
GDHM_SURVEY_CATEGORY_AVG,2023,784,GDHM_CAT2_STRAT_INV,,5.0,Phase 5
GDHM_SURVEY_COUNTRYRESPONSE_SCORE,2023,784,GDHM_CAT3_LEG,GDHM_Q07,4.0,Phase 4
GDHM_SURVEY_COUNTRYRESPONSE_SCORE,2023,784,GDHM_CAT3_LEG,GDHM_Q08,5.0,Phase 5
GDHM_SURVEY_COUNTRYRESPONSE_SCORE,2023,784,GDHM_CAT3_LEG,GDHM_Q09,5.0,Phase 5
GDHM_SURVEY_COUNTRYRESPONSE_SCORE,2023,784,GDHM_CAT3_LEG,GDHM_Q09a,3.0,Phase 3
GDHM_SURVEY_COUNTRYRESPONSE_SCORE,2023,784,GDHM_CAT3_LEG,GDHM_Q10,5.0,Phase 5
GDHM_SURVEY_CATEGORY_AVG,2023,784,GDHM_CAT3_LEG,,5.0,Phase 5
GDHM_SURVEY_COUNTRYRESPONSE_SCORE,2023,784,GDHM_CAT4_WORKFORCE,GDHM_Q11,3.0,Phase 3
GDHM_SURVEY_COUNTRYRESPONSE_SCORE,2023,784,GDHM_CAT4_WORKFORCE,GDHM_Q12,4.0,Phase 4
GDHM_SURVEY_COUNTRYRESPONSE_SCORE,2023,784,GDHM_CAT4_WORKFORCE,GDHM_Q13,4.0,Phase 4
GDHM_SURVEY_COUNTRYRESPONSE_SCORE,2023,784,GDHM_CAT4_WORKFORCE,GDHM_Q14,4.0,Phase 4
GDHM_SURVEY_CATEGORY_AVG,2023,784,GDHM_CAT4_WORKFORCE,,4.0,Phase 4
GDHM_SURVEY_COUNTRYRESPONSE_SCORE,2023,784,GDHM_CAT5_STANDARDS,GDHM_Q15,5.0,Phase 5
GDHM_SURVEY_COUNTRYRESPONSE_SCORE,2023,784,GDHM_CAT5_STANDARDS,GDHM_Q16,5.0,Phase 5
GDHM_SURVEY_CATEGORY_AVG,2023,784,GDHM_CAT5_STANDARDS,,5.0,Phase 5
GDHM_SURVEY_COUNTRYRESPONSE_SCORE,2023,784,GDHM_CAT6_INFRASTRUCTURE,GDHM_Q17,4.0,Phase 4
GDHM_SURVEY_COUNTRYRESPONSE_SCORE,2023,784,GDHM_CAT6_INFRASTRUCTURE,GDHM_Q18,5.0,Phase 5
GDHM_SURVEY_CATEGORY_AVG,2023,784,GDHM_CAT6_INFRASTRUCTURE,,5.0,Phase 5
GDHM_SURVEY_COUNTRYRESPONSE_SCORE,2023,784,GDHM_CAT7_SERV_APP,GDHM_Q19,5.0,Phase 5
GDHM_SURVEY_COUNTRYRESPONSE_SCORE,2023,784,GDHM_CAT7_SERV_APP,GDHM_Q20,4.0,Phase 4
GDHM_SURVEY_COUNTRYRESPONSE_SCORE,2023,784,GDHM_CAT7_SERV_APP,GDHM_Q21,5.0,Phase 5
GDHM_SURVEY_COUNTRYRESPONSE_SCORE,2023,784,GDHM_CAT7_SERV_APP,GDHM_Q21a,4.0,Phase 4
GDHM_SURVEY_COUNTRYRESPONSE_SCORE,2023,784,GDHM_CAT7_SERV_APP,GDHM_Q21b,5.0,Phase 5
GDHM_SURVEY_COUNTRYRESPONSE_SCORE,2023,784,GDHM_CAT7_SERV_APP,GDHM_Q21c,5.0,Phase 5
GDHM_SURVEY_COUNTRYRESPONSE_SCORE,2023,784,GDHM_CAT7_SERV_APP,GDHM_Q22,2.0,Phase 2
GDHM_SURVEY_COUNTRYRESPONSE_SCORE,2023,784,GDHM_CAT7_SERV_APP,GDHM_Q23,4.0,Phase 4
GDHM_SURVEY_CATEGORY_AVG,2023,784,GDHM_CAT7_SERV_APP,,4.0,Phase 4
GDHM_SURVEY_COUNTRYRESPONSE_SCORE,2023,826,GDHM_CAT1_LEAD_GOV,GDHM_Q01,0.0,Not Available
GDHM_SURVEY_COUNTRYRESPONSE_SCORE,2023,826,GDHM_CAT1_LEAD_GOV,GDHM_Q02,0.0,Not Available
GDHM_SURVEY_COUNTRYRESPONSE_SCORE,2023,826,GDHM_CAT1_LEAD_GOV,GDHM_Q02a,0.0,Not Available
GDHM_SURVEY_COUNTRYRESPONSE_SCORE,2023,826,GDHM_CAT1_LEAD_GOV,GDHM_Q03,0.0,Not Available
GDHM_SURVEY_COUNTRYRESPONSE_SCORE,2023,826,GDHM_CAT1_LEAD_GOV,GDHM_Q04,5.0,Phase 5
GDHM_SURVEY_COUNTRYRESPONSE_SCORE,2023,826,GDHM_CAT1_LEAD_GOV,GDHM_Q04a,0.0,Not Available
GDHM_SURVEY_CATEGORY_AVG,2023,826,GDHM_CAT1_LEAD_GOV,,5.0,Phase 5
GDHM_SURVEY_COUNTRYRESPONSE_SCORE,2023,826,GDHM_CAT2_STRAT_INV,GDHM_Q05,0.0,Not Available
GDHM_SURVEY_COUNTRYRESPONSE_SCORE,2023,826,GDHM_CAT2_STRAT_INV,GDHM_Q05a,0.0,Not Available
GDHM_SURVEY_COUNTRYRESPONSE_SCORE,2023,826,GDHM_CAT2_STRAT_INV,GDHM_Q06,0.0,Not Available
GDHM_SURVEY_COUNTRYRESPONSE_SCORE,2023,826,GDHM_CAT2_STRAT_INV,GDHM_Q06a,4.0,Phase 4
GDHM_SURVEY_CATEGORY_AVG,2023,826,GDHM_CAT2_STRAT_INV,,1.0,Not Available
GDHM_SURVEY_COUNTRYRESPONSE_SCORE,2023,826,GDHM_CAT3_LEG,GDHM_Q07,5.0,Phase 5
GDHM_SURVEY_COUNTRYRESPONSE_SCORE,2023,826,GDHM_CAT3_LEG,GDHM_Q08,3.0,Phase 3
GDHM_SURVEY_COUNTRYRESPONSE_SCORE,2023,826,GDHM_CAT3_LEG,GDHM_Q09,4.0,Phase 4
GDHM_SURVEY_COUNTRYRESPONSE_SCORE,2023,826,GDHM_CAT3_LEG,GDHM_Q09a,0.0,Not Available
GDHM_SURVEY_COUNTRYRESPONSE_SCORE,2023,826,GDHM_CAT3_LEG,GDHM_Q10,0.0,Not Available
GDHM_SURVEY_CATEGORY_AVG,2023,826,GDHM_CAT3_LEG,,4.0,Phase 4
GDHM_SURVEY_COUNTRYRESPONSE_SCORE,2023,826,GDHM_CAT4_WORKFORCE,GDHM_Q11,0.0,Not Available
GDHM_SURVEY_COUNTRYRESPONSE_SCORE,2023,826,GDHM_CAT4_WORKFORCE,GDHM_Q12,0.0,Not Available
GDHM_SURVEY_COUNTRYRESPONSE_SCORE,2023,826,GDHM_CAT4_WORKFORCE,GDHM_Q13,0.0,Not Available
GDHM_SURVEY_COUNTRYRESPONSE_SCORE,2023,826,GDHM_CAT4_WORKFORCE,GDHM_Q14,0.0,Not Available
GDHM_SURVEY_CATEGORY_AVG,2023,826,GDHM_CAT4_WORKFORCE,,1.0,Not Available
GDHM_SURVEY_COUNTRYRESPONSE_SCORE,2023,826,GDHM_CAT5_STANDARDS,GDHM_Q15,0.0,Not Available
GDHM_SURVEY_COUNTRYRESPONSE_SCORE,2023,826,GDHM_CAT5_STANDARDS,GDHM_Q16,0.0,Not Available
GDHM_SURVEY_CATEGORY_AVG,2023,826,GDHM_CAT5_STANDARDS,,1.0,Not Available
GDHM_SURVEY_COUNTRYRESPONSE_SCORE,2023,826,GDHM_CAT6_INFRASTRUCTURE,GDHM_Q17,4.0,Phase 4
GDHM_SURVEY_COUNTRYRESPONSE_SCORE,2023,826,GDHM_CAT6_INFRASTRUCTURE,GDHM_Q18,5.0,Phase 5
GDHM_SURVEY_CATEGORY_AVG,2023,826,GDHM_CAT6_INFRASTRUCTURE,,5.0,Phase 5
GDHM_SURVEY_COUNTRYRESPONSE_SCORE,2023,826,GDHM_CAT7_SERV_APP,GDHM_Q19,0.0,Not Available
GDHM_SURVEY_COUNTRYRESPONSE_SCORE,2023,826,GDHM_CAT7_SERV_APP,GDHM_Q20,0.0,Not Available
GDHM_SURVEY_COUNTRYRESPONSE_SCORE,2023,826,GDHM_CAT7_SERV_APP,GDHM_Q21,0.0,Not Available
GDHM_SURVEY_COUNTRYRESPONSE_SCORE,2023,826,GDHM_CAT7_SERV_APP,GDHM_Q21a,0.0,Not Available
GDHM_SURVEY_COUNTRYRESPONSE_SCORE,2023,826,GDHM_CAT7_SERV_APP,GDHM_Q21b,0.0,Not Available
GDHM_SURVEY_COUNTRYRESPONSE_SCORE,2023,826,GDHM_CAT7_SERV_APP,GDHM_Q21c,0.0,Not Available
GDHM_SURVEY_COUNTRYRESPONSE_SCORE,2023,826,GDHM_CAT7_SERV_APP,GDHM_Q22,0.0,Not Available
GDHM_SURVEY_COUNTRYRESPONSE_SCORE,2023,826,GDHM_CAT7_SERV_APP,GDHM_Q23,0.0,Not Available
GDHM_SURVEY_CATEGORY_AVG,2023,826,GDHM_CAT7_SERV_APP,,1.0,Not Available
GDHM_SURVEY_COUNTRYRESPONSE_SCORE,2023,840,GDHM_CAT1_LEAD_GOV,GDHM_Q01,0.0,Not Available
GDHM_SURVEY_COUNTRYRESPONSE_SCORE,2023,840,GDHM_CAT1_LEAD_GOV,GDHM_Q02,0.0,Not Available
GDHM_SURVEY_COUNTRYRESPONSE_SCORE,2023,840,GDHM_CAT1_LEAD_GOV,GDHM_Q02a,0.0,Not Available
GDHM_SURVEY_COUNTRYRESPONSE_SCORE,2023,840,GDHM_CAT1_LEAD_GOV,GDHM_Q03,0.0,Not Available
GDHM_SURVEY_COUNTRYRESPONSE_SCORE,2023,840,GDHM_CAT1_LEAD_GOV,GDHM_Q04,5.0,Phase 5
GDHM_SURVEY_COUNTRYRESPONSE_SCORE,2023,840,GDHM_CAT1_LEAD_GOV,GDHM_Q04a,0.0,Not Available
GDHM_SURVEY_CATEGORY_AVG,2023,840,GDHM_CAT1_LEAD_GOV,,5.0,Phase 5
GDHM_SURVEY_COUNTRYRESPONSE_SCORE,2023,840,GDHM_CAT2_STRAT_INV,GDHM_Q05,0.0,Not Available
GDHM_SURVEY_COUNTRYRESPONSE_SCORE,2023,840,GDHM_CAT2_STRAT_INV,GDHM_Q05a,0.0,Not Available
GDHM_SURVEY_COUNTRYRESPONSE_SCORE,2023,840,GDHM_CAT2_STRAT_INV,GDHM_Q06,0.0,Not Available
GDHM_SURVEY_COUNTRYRESPONSE_SCORE,2023,840,GDHM_CAT2_STRAT_INV,GDHM_Q06a,4.0,Phase 4
GDHM_SURVEY_CATEGORY_AVG,2023,840,GDHM_CAT2_STRAT_INV,,1.0,Not Available
GDHM_SURVEY_COUNTRYRESPONSE_SCORE,2023,840,GDHM_CAT3_LEG,GDHM_Q07,5.0,Phase 5
GDHM_SURVEY_COUNTRYRESPONSE_SCORE,2023,840,GDHM_CAT3_LEG,GDHM_Q08,4.0,Phase 4
GDHM_SURVEY_COUNTRYRESPONSE_SCORE,2023,840,GDHM_CAT3_LEG,GDHM_Q09,5.0,Phase 5
GDHM_SURVEY_COUNTRYRESPONSE_SCORE,2023,840,GDHM_CAT3_LEG,GDHM_Q09a,0.0,Not Available
GDHM_SURVEY_COUNTRYRESPONSE_SCORE,2023,840,GDHM_CAT3_LEG,GDHM_Q10,0.0,Not Available
GDHM_SURVEY_CATEGORY_AVG,2023,840,GDHM_CAT3_LEG,,5.0,Phase 5
GDHM_SURVEY_COUNTRYRESPONSE_SCORE,2023,840,GDHM_CAT4_WORKFORCE,GDHM_Q11,0.0,Not Available
GDHM_SURVEY_COUNTRYRESPONSE_SCORE,2023,840,GDHM_CAT4_WORKFORCE,GDHM_Q12,0.0,Not Available
GDHM_SURVEY_COUNTRYRESPONSE_SCORE,2023,840,GDHM_CAT4_WORKFORCE,GDHM_Q13,0.0,Not Available
GDHM_SURVEY_COUNTRYRESPONSE_SCORE,2023,840,GDHM_CAT4_WORKFORCE,GDHM_Q14,0.0,Not Available
GDHM_SURVEY_CATEGORY_AVG,2023,840,GDHM_CAT4_WORKFORCE,,1.0,Not Available
GDHM_SURVEY_COUNTRYRESPONSE_SCORE,2023,840,GDHM_CAT5_STANDARDS,GDHM_Q15,0.0,Not Available
GDHM_SURVEY_COUNTRYRESPONSE_SCORE,2023,840,GDHM_CAT5_STANDARDS,GDHM_Q16,0.0,Not Available
GDHM_SURVEY_CATEGORY_AVG,2023,840,GDHM_CAT5_STANDARDS,,1.0,Not Available
GDHM_SURVEY_COUNTRYRESPONSE_SCORE,2023,840,GDHM_CAT6_INFRASTRUCTURE,GDHM_Q17,5.0,Phase 5
GDHM_SURVEY_COUNTRYRESPONSE_SCORE,2023,840,GDHM_CAT6_INFRASTRUCTURE,GDHM_Q18,5.0,Phase 5
GDHM_SURVEY_CATEGORY_AVG,2023,840,GDHM_CAT6_INFRASTRUCTURE,,5.0,Phase 5
GDHM_SURVEY_COUNTRYRESPONSE_SCORE,2023,840,GDHM_CAT7_SERV_APP,GDHM_Q19,0.0,Not Available
GDHM_SURVEY_COUNTRYRESPONSE_SCORE,2023,840,GDHM_CAT7_SERV_APP,GDHM_Q20,0.0,Not Available
GDHM_SURVEY_COUNTRYRESPONSE_SCORE,2023,840,GDHM_CAT7_SERV_APP,GDHM_Q21,0.0,Not Available
GDHM_SURVEY_COUNTRYRESPONSE_SCORE,2023,840,GDHM_CAT7_SERV_APP,GDHM_Q21a,0.0,Not Available
GDHM_SURVEY_COUNTRYRESPONSE_SCORE,2023,840,GDHM_CAT7_SERV_APP,GDHM_Q21b,0.0,Not Available
GDHM_SURVEY_COUNTRYRESPONSE_SCORE,2023,840,GDHM_CAT7_SERV_APP,GDHM_Q21c,0.0,Not Available
GDHM_SURVEY_COUNTRYRESPONSE_SCORE,2023,840,GDHM_CAT7_SERV_APP,GDHM_Q22,0.0,Not Available
GDHM_SURVEY_COUNTRYRESPONSE_SCORE,2023,840,GDHM_CAT7_SERV_APP,GDHM_Q23,0.0,Not Available
GDHM_SURVEY_CATEGORY_AVG,2023,840,GDHM_CAT7_SERV_APP,,1.0,Not Available
GDHM_SURVEY_COUNTRYRESPONSE_SCORE,2023,858,GDHM_CAT1_LEAD_GOV,GDHM_Q01,0.0,Not Available
GDHM_SURVEY_COUNTRYRESPONSE_SCORE,2023,858,GDHM_CAT1_LEAD_GOV,GDHM_Q02,0.0,Not Available
GDHM_SURVEY_COUNTRYRESPONSE_SCORE,2023,858,GDHM_CAT1_LEAD_GOV,GDHM_Q02a,0.0,Not Available
GDHM_SURVEY_COUNTRYRESPONSE_SCORE,2023,858,GDHM_CAT1_LEAD_GOV,GDHM_Q03,0.0,Not Available
GDHM_SURVEY_COUNTRYRESPONSE_SCORE,2023,858,GDHM_CAT1_LEAD_GOV,GDHM_Q04,4.0,Phase 4
GDHM_SURVEY_COUNTRYRESPONSE_SCORE,2023,858,GDHM_CAT1_LEAD_GOV,GDHM_Q04a,0.0,Not Available
GDHM_SURVEY_CATEGORY_AVG,2023,858,GDHM_CAT1_LEAD_GOV,,4.0,Phase 4
GDHM_SURVEY_COUNTRYRESPONSE_SCORE,2023,858,GDHM_CAT2_STRAT_INV,GDHM_Q05,0.0,Not Available
GDHM_SURVEY_COUNTRYRESPONSE_SCORE,2023,858,GDHM_CAT2_STRAT_INV,GDHM_Q05a,0.0,Not Available
GDHM_SURVEY_COUNTRYRESPONSE_SCORE,2023,858,GDHM_CAT2_STRAT_INV,GDHM_Q06,0.0,Not Available
GDHM_SURVEY_COUNTRYRESPONSE_SCORE,2023,858,GDHM_CAT2_STRAT_INV,GDHM_Q06a,2.0,Phase 2
GDHM_SURVEY_CATEGORY_AVG,2023,858,GDHM_CAT2_STRAT_INV,,1.0,Not Available
GDHM_SURVEY_COUNTRYRESPONSE_SCORE,2023,858,GDHM_CAT3_LEG,GDHM_Q07,4.0,Phase 4
GDHM_SURVEY_COUNTRYRESPONSE_SCORE,2023,858,GDHM_CAT3_LEG,GDHM_Q08,5.0,Phase 5
GDHM_SURVEY_COUNTRYRESPONSE_SCORE,2023,858,GDHM_CAT3_LEG,GDHM_Q09,4.0,Phase 4
GDHM_SURVEY_COUNTRYRESPONSE_SCORE,2023,858,GDHM_CAT3_LEG,GDHM_Q09a,0.0,Not Available
GDHM_SURVEY_COUNTRYRESPONSE_SCORE,2023,858,GDHM_CAT3_LEG,GDHM_Q10,0.0,Not Available
GDHM_SURVEY_CATEGORY_AVG,2023,858,GDHM_CAT3_LEG,,5.0,Phase 5
GDHM_SURVEY_COUNTRYRESPONSE_SCORE,2023,858,GDHM_CAT4_WORKFORCE,GDHM_Q11,0.0,Not Available
GDHM_SURVEY_COUNTRYRESPONSE_SCORE,2023,858,GDHM_CAT4_WORKFORCE,GDHM_Q12,0.0,Not Available
GDHM_SURVEY_COUNTRYRESPONSE_SCORE,2023,858,GDHM_CAT4_WORKFORCE,GDHM_Q13,0.0,Not Available
GDHM_SURVEY_COUNTRYRESPONSE_SCORE,2023,858,GDHM_CAT4_WORKFORCE,GDHM_Q14,0.0,Not Available
GDHM_SURVEY_CATEGORY_AVG,2023,858,GDHM_CAT4_WORKFORCE,,1.0,Not Available
GDHM_SURVEY_COUNTRYRESPONSE_SCORE,2023,858,GDHM_CAT5_STANDARDS,GDHM_Q15,0.0,Not Available
GDHM_SURVEY_COUNTRYRESPONSE_SCORE,2023,858,GDHM_CAT5_STANDARDS,GDHM_Q16,0.0,Not Available
GDHM_SURVEY_CATEGORY_AVG,2023,858,GDHM_CAT5_STANDARDS,,1.0,Not Available
GDHM_SURVEY_COUNTRYRESPONSE_SCORE,2023,858,GDHM_CAT6_INFRASTRUCTURE,GDHM_Q17,3.0,Phase 3
GDHM_SURVEY_COUNTRYRESPONSE_SCORE,2023,858,GDHM_CAT6_INFRASTRUCTURE,GDHM_Q18,4.0,Phase 4
GDHM_SURVEY_CATEGORY_AVG,2023,858,GDHM_CAT6_INFRASTRUCTURE,,4.0,Phase 4
GDHM_SURVEY_COUNTRYRESPONSE_SCORE,2023,858,GDHM_CAT7_SERV_APP,GDHM_Q19,0.0,Not Available
GDHM_SURVEY_COUNTRYRESPONSE_SCORE,2023,858,GDHM_CAT7_SERV_APP,GDHM_Q20,0.0,Not Available
GDHM_SURVEY_COUNTRYRESPONSE_SCORE,2023,858,GDHM_CAT7_SERV_APP,GDHM_Q21,0.0,Not Available
GDHM_SURVEY_COUNTRYRESPONSE_SCORE,2023,858,GDHM_CAT7_SERV_APP,GDHM_Q21a,0.0,Not Available
GDHM_SURVEY_COUNTRYRESPONSE_SCORE,2023,858,GDHM_CAT7_SERV_APP,GDHM_Q21b,0.0,Not Available
GDHM_SURVEY_COUNTRYRESPONSE_SCORE,2023,858,GDHM_CAT7_SERV_APP,GDHM_Q21c,0.0,Not Available
GDHM_SURVEY_COUNTRYRESPONSE_SCORE,2023,858,GDHM_CAT7_SERV_APP,GDHM_Q22,0.0,Not Available
GDHM_SURVEY_COUNTRYRESPONSE_SCORE,2023,858,GDHM_CAT7_SERV_APP,GDHM_Q23,0.0,Not Available
GDHM_SURVEY_CATEGORY_AVG,2023,858,GDHM_CAT7_SERV_APP,,1.0,Not Available
GDHM_SURVEY_COUNTRYRESPONSE_SCORE,2023,860,GDHM_CAT1_LEAD_GOV,GDHM_Q01,0.0,Not Available
GDHM_SURVEY_COUNTRYRESPONSE_SCORE,2023,860,GDHM_CAT1_LEAD_GOV,GDHM_Q02,0.0,Not Available
GDHM_SURVEY_COUNTRYRESPONSE_SCORE,2023,860,GDHM_CAT1_LEAD_GOV,GDHM_Q02a,0.0,Not Available
GDHM_SURVEY_COUNTRYRESPONSE_SCORE,2023,860,GDHM_CAT1_LEAD_GOV,GDHM_Q03,0.0,Not Available
GDHM_SURVEY_COUNTRYRESPONSE_SCORE,2023,860,GDHM_CAT1_LEAD_GOV,GDHM_Q04,0.0,Not Available
GDHM_SURVEY_COUNTRYRESPONSE_SCORE,2023,860,GDHM_CAT1_LEAD_GOV,GDHM_Q04a,0.0,Not Available
GDHM_SURVEY_CATEGORY_AVG,2023,860,GDHM_CAT1_LEAD_GOV,,1.0,Not Available
GDHM_SURVEY_COUNTRYRESPONSE_SCORE,2023,860,GDHM_CAT2_STRAT_INV,GDHM_Q05,0.0,Not Available
GDHM_SURVEY_COUNTRYRESPONSE_SCORE,2023,860,GDHM_CAT2_STRAT_INV,GDHM_Q05a,0.0,Not Available
GDHM_SURVEY_COUNTRYRESPONSE_SCORE,2023,860,GDHM_CAT2_STRAT_INV,GDHM_Q06,0.0,Not Available
GDHM_SURVEY_COUNTRYRESPONSE_SCORE,2023,860,GDHM_CAT2_STRAT_INV,GDHM_Q06a,0.0,Not Available
GDHM_SURVEY_CATEGORY_AVG,2023,860,GDHM_CAT2_STRAT_INV,,1.0,Not Available
GDHM_SURVEY_COUNTRYRESPONSE_SCORE,2023,860,GDHM_CAT3_LEG,GDHM_Q07,4.0,Phase 4
GDHM_SURVEY_COUNTRYRESPONSE_SCORE,2023,860,GDHM_CAT3_LEG,GDHM_Q08,0.0,Not Available
GDHM_SURVEY_COUNTRYRESPONSE_SCORE,2023,860,GDHM_CAT3_LEG,GDHM_Q09,0.0,Not Available
GDHM_SURVEY_COUNTRYRESPONSE_SCORE,2023,860,GDHM_CAT3_LEG,GDHM_Q09a,0.0,Not Available
GDHM_SURVEY_COUNTRYRESPONSE_SCORE,2024,957,GDHM_CAT7_SERV_APP,GDHM_Q21b,4.0,Phase 4
GDHM_SURVEY_COUNTRYRESPONSE_SCORE,2024,957,GDHM_CAT7_SERV_APP,GDHM_Q21c,4.0,Phase 4
GDHM_SURVEY_COUNTRYRESPONSE_SCORE,2024,957,GDHM_CAT7_SERV_APP,GDHM_Q22,2.0,Phase 2
GDHM_SURVEY_COUNTRYRESPONSE_SCORE,2024,957,GDHM_CAT7_SERV_APP,GDHM_Q23,3.0,Phase 3
GDHM_SURVEY_COUNTRYRESPONSE_SCORE,2024,955,GDHM_CAT1_LEAD_GOV,GDHM_Q01,5.0,Phase 5
GDHM_SURVEY_COUNTRYRESPONSE_SCORE,2024,955,GDHM_CAT1_LEAD_GOV,GDHM_Q02,4.0,Phase 4
GDHM_SURVEY_COUNTRYRESPONSE_SCORE,2024,955,GDHM_CAT1_LEAD_GOV,GDHM_Q02a,1.0,Phase 1
GDHM_SURVEY_COUNTRYRESPONSE_SCORE,2024,955,GDHM_CAT1_LEAD_GOV,GDHM_Q03,3.0,Phase 3
GDHM_SURVEY_COUNTRYRESPONSE_SCORE,2024,955,GDHM_CAT1_LEAD_GOV,GDHM_Q04,3.0,Phase 3
GDHM_SURVEY_COUNTRYRESPONSE_SCORE,2024,955,GDHM_CAT1_LEAD_GOV,GDHM_Q04a,2.0,Phase 2
GDHM_SURVEY_COUNTRYRESPONSE_SCORE,2024,955,GDHM_CAT2_STRAT_INV,GDHM_Q05,3.0,Phase 3
GDHM_SURVEY_COUNTRYRESPONSE_SCORE,2024,955,GDHM_CAT2_STRAT_INV,GDHM_Q05a,3.0,Phase 3
GDHM_SURVEY_COUNTRYRESPONSE_SCORE,2024,955,GDHM_CAT2_STRAT_INV,GDHM_Q06,4.0,Phase 4
GDHM_SURVEY_COUNTRYRESPONSE_SCORE,2024,955,GDHM_CAT2_STRAT_INV,GDHM_Q06a,3.0,Phase 3
GDHM_SURVEY_COUNTRYRESPONSE_SCORE,2024,955,GDHM_CAT3_LEG,GDHM_Q07,2.0,Phase 2
GDHM_SURVEY_COUNTRYRESPONSE_SCORE,2024,955,GDHM_CAT3_LEG,GDHM_Q08,2.0,Phase 2
GDHM_SURVEY_COUNTRYRESPONSE_SCORE,2024,957,GDHM_CAT7_SERV_APP,GDHM_Q19,2.0,Phase 2
GDHM_SURVEY_COUNTRYRESPONSE_SCORE,2024,957,GDHM_CAT6_INFRASTRUCTURE,GDHM_Q18,3.0,Phase 3
GDHM_SURVEY_COUNTRYRESPONSE_SCORE,2024,957,GDHM_CAT6_INFRASTRUCTURE,GDHM_Q17,2.0,Phase 2
GDHM_SURVEY_COUNTRYRESPONSE_SCORE,2024,957,GDHM_CAT5_STANDARDS,GDHM_Q16,2.0,Phase 2
GDHM_SURVEY_COUNTRYRESPONSE_SCORE,2024,957,GDHM_CAT1_LEAD_GOV,GDHM_Q01,2.0,Phase 2
GDHM_SURVEY_COUNTRYRESPONSE_SCORE,2024,957,GDHM_CAT1_LEAD_GOV,GDHM_Q02,4.0,Phase 4
GDHM_SURVEY_COUNTRYRESPONSE_SCORE,2024,957,GDHM_CAT1_LEAD_GOV,GDHM_Q02a,3.0,Phase 3
GDHM_SURVEY_COUNTRYRESPONSE_SCORE,2024,957,GDHM_CAT1_LEAD_GOV,GDHM_Q03,2.0,Phase 2
GDHM_SURVEY_COUNTRYRESPONSE_SCORE,2024,957,GDHM_CAT1_LEAD_GOV,GDHM_Q04,4.0,Phase 4
GDHM_SURVEY_COUNTRYRESPONSE_SCORE,2024,957,GDHM_CAT1_LEAD_GOV,GDHM_Q04a,2.0,Phase 2
GDHM_SURVEY_COUNTRYRESPONSE_SCORE,2024,957,GDHM_CAT2_STRAT_INV,GDHM_Q05,2.0,Phase 2
GDHM_SURVEY_COUNTRYRESPONSE_SCORE,2024,957,GDHM_CAT2_STRAT_INV,GDHM_Q05a,2.0,Phase 2
GDHM_SURVEY_COUNTRYRESPONSE_SCORE,2024,957,GDHM_CAT2_STRAT_INV,GDHM_Q06,2.0,Phase 2
GDHM_SURVEY_COUNTRYRESPONSE_SCORE,2024,955,GDHM_CAT3_LEG,GDHM_Q09,3.0,Phase 3
GDHM_SURVEY_COUNTRYRESPONSE_SCORE,2024,957,GDHM_CAT2_STRAT_INV,GDHM_Q06a,3.0,Phase 3
GDHM_SURVEY_COUNTRYRESPONSE_SCORE,2024,957,GDHM_CAT3_LEG,GDHM_Q08,2.0,Phase 2
GDHM_SURVEY_COUNTRYRESPONSE_SCORE,2024,957,GDHM_CAT3_LEG,GDHM_Q09,2.0,Phase 2
GDHM_SURVEY_COUNTRYRESPONSE_SCORE,2024,957,GDHM_CAT3_LEG,GDHM_Q09a,2.0,Phase 2
GDHM_SURVEY_COUNTRYRESPONSE_SCORE,2024,957,GDHM_CAT3_LEG,GDHM_Q10,2.0,Phase 2
GDHM_SURVEY_COUNTRYRESPONSE_SCORE,2024,957,GDHM_CAT4_WORKFORCE,GDHM_Q11,2.0,Phase 2
GDHM_SURVEY_COUNTRYRESPONSE_SCORE,2024,957,GDHM_CAT4_WORKFORCE,GDHM_Q12,2.0,Phase 2
GDHM_SURVEY_COUNTRYRESPONSE_SCORE,2024,957,GDHM_CAT4_WORKFORCE,GDHM_Q13,2.0,Phase 2
GDHM_SURVEY_COUNTRYRESPONSE_SCORE,2024,957,GDHM_CAT4_WORKFORCE,GDHM_Q14,2.0,Phase 2
GDHM_SURVEY_COUNTRYRESPONSE_SCORE,2024,957,GDHM_CAT5_STANDARDS,GDHM_Q15,2.0,Phase 2
GDHM_SURVEY_COUNTRYRESPONSE_SCORE,2024,957,GDHM_CAT3_LEG,GDHM_Q07,2.0,Phase 2
GDHM_SURVEY_COUNTRYRESPONSE_SCORE,2024,953,GDHM_CAT7_SERV_APP,GDHM_Q22,2.0,Phase 2
GDHM_SURVEY_COUNTRYRESPONSE_SCORE,2024,955,GDHM_CAT3_LEG,GDHM_Q09a,3.0,Phase 3
GDHM_SURVEY_COUNTRYRESPONSE_SCORE,2024,958,GDHM_CAT7_SERV_APP,GDHM_Q22,1.0,Phase 1
GDHM_SURVEY_COUNTRYRESPONSE_SCORE,2024,953,GDHM_CAT2_STRAT_INV,GDHM_Q06a,2.0,Phase 2
GDHM_SURVEY_COUNTRYRESPONSE_SCORE,2024,953,GDHM_CAT3_LEG,GDHM_Q07,3.0,Phase 3
GDHM_SURVEY_COUNTRYRESPONSE_SCORE,2024,953,GDHM_CAT3_LEG,GDHM_Q08,3.0,Phase 3
GDHM_SURVEY_COUNTRYRESPONSE_SCORE,2024,953,GDHM_CAT3_LEG,GDHM_Q09,1.0,Phase 1
GDHM_SURVEY_COUNTRYRESPONSE_SCORE,2024,953,GDHM_CAT3_LEG,GDHM_Q09a,1.0,Phase 1
GDHM_SURVEY_COUNTRYRESPONSE_SCORE,2024,953,GDHM_CAT3_LEG,GDHM_Q10,2.0,Phase 2
GDHM_SURVEY_COUNTRYRESPONSE_SCORE,2024,953,GDHM_CAT4_WORKFORCE,GDHM_Q11,2.0,Phase 2
GDHM_SURVEY_COUNTRYRESPONSE_SCORE,2024,953,GDHM_CAT4_WORKFORCE,GDHM_Q12,2.0,Phase 2
GDHM_SURVEY_COUNTRYRESPONSE_SCORE,2024,953,GDHM_CAT4_WORKFORCE,GDHM_Q13,2.0,Phase 2
GDHM_SURVEY_COUNTRYRESPONSE_SCORE,2024,953,GDHM_CAT4_WORKFORCE,GDHM_Q14,1.0,Phase 1
GDHM_SURVEY_COUNTRYRESPONSE_SCORE,2024,953,GDHM_CAT5_STANDARDS,GDHM_Q15,2.0,Phase 2
GDHM_SURVEY_COUNTRYRESPONSE_SCORE,2024,953,GDHM_CAT5_STANDARDS,GDHM_Q16,2.0,Phase 2
GDHM_SURVEY_COUNTRYRESPONSE_SCORE,2024,953,GDHM_CAT6_INFRASTRUCTURE,GDHM_Q17,2.0,Phase 2
GDHM_SURVEY_COUNTRYRESPONSE_SCORE,2024,953,GDHM_CAT6_INFRASTRUCTURE,GDHM_Q18,2.0,Phase 2
GDHM_SURVEY_COUNTRYRESPONSE_SCORE,2024,953,GDHM_CAT7_SERV_APP,GDHM_Q19,2.0,Phase 2
GDHM_SURVEY_COUNTRYRESPONSE_SCORE,2024,953,GDHM_CAT7_SERV_APP,GDHM_Q20,3.0,Phase 3
GDHM_SURVEY_COUNTRYRESPONSE_SCORE,2024,953,GDHM_CAT7_SERV_APP,GDHM_Q21,2.0,Phase 2
GDHM_SURVEY_COUNTRYRESPONSE_SCORE,2024,953,GDHM_CAT7_SERV_APP,GDHM_Q21a,2.0,Phase 2
GDHM_SURVEY_COUNTRYRESPONSE_SCORE,2024,953,GDHM_CAT7_SERV_APP,GDHM_Q21b,3.0,Phase 3
GDHM_SURVEY_COUNTRYRESPONSE_SCORE,2024,953,GDHM_CAT2_STRAT_INV,GDHM_Q06,2.0,Phase 2
GDHM_SURVEY_COUNTRYRESPONSE_SCORE,2024,953,GDHM_CAT2_STRAT_INV,GDHM_Q05a,3.0,Phase 3
GDHM_SURVEY_COUNTRYRESPONSE_SCORE,2024,953,GDHM_CAT2_STRAT_INV,GDHM_Q05,3.0,Phase 3
GDHM_SURVEY_COUNTRYRESPONSE_SCORE,2024,953,GDHM_CAT1_LEAD_GOV,GDHM_Q04a,2.0,Phase 2
GDHM_SURVEY_COUNTRYRESPONSE_SCORE,2024,955,GDHM_CAT4_WORKFORCE,GDHM_Q12,2.0,Phase 2
GDHM_SURVEY_COUNTRYRESPONSE_SCORE,2024,955,GDHM_CAT4_WORKFORCE,GDHM_Q13,2.0,Phase 2
GDHM_SURVEY_COUNTRYRESPONSE_SCORE,2024,955,GDHM_CAT4_WORKFORCE,GDHM_Q14,1.0,Phase 1
GDHM_SURVEY_COUNTRYRESPONSE_SCORE,2024,955,GDHM_CAT5_STANDARDS,GDHM_Q15,2.0,Phase 2
GDHM_SURVEY_COUNTRYRESPONSE_SCORE,2024,955,GDHM_CAT5_STANDARDS,GDHM_Q16,2.0,Phase 2
GDHM_SURVEY_COUNTRYRESPONSE_SCORE,2024,955,GDHM_CAT6_INFRASTRUCTURE,GDHM_Q17,2.0,Phase 2
GDHM_SURVEY_COUNTRYRESPONSE_SCORE,2024,955,GDHM_CAT6_INFRASTRUCTURE,GDHM_Q18,3.0,Phase 3
GDHM_SURVEY_COUNTRYRESPONSE_SCORE,2024,955,GDHM_CAT7_SERV_APP,GDHM_Q19,2.0,Phase 2
GDHM_SURVEY_COUNTRYRESPONSE_SCORE,2024,955,GDHM_CAT7_SERV_APP,GDHM_Q20,2.0,Phase 2
GDHM_SURVEY_COUNTRYRESPONSE_SCORE,2024,955,GDHM_CAT3_LEG,GDHM_Q10,1.0,Phase 1
GDHM_SURVEY_COUNTRYRESPONSE_SCORE,2024,955,GDHM_CAT7_SERV_APP,GDHM_Q21,1.0,Phase 1
GDHM_SURVEY_COUNTRYRESPONSE_SCORE,2024,955,GDHM_CAT7_SERV_APP,GDHM_Q21b,3.0,Phase 3
GDHM_SURVEY_COUNTRYRESPONSE_SCORE,2024,955,GDHM_CAT7_SERV_APP,GDHM_Q21c,3.0,Phase 3
GDHM_SURVEY_COUNTRYRESPONSE_SCORE,2024,955,GDHM_CAT7_SERV_APP,GDHM_Q22,2.0,Phase 2
GDHM_SURVEY_COUNTRYRESPONSE_SCORE,2024,955,GDHM_CAT7_SERV_APP,GDHM_Q23,3.0,Phase 3
GDHM_SURVEY_COUNTRYRESPONSE_SCORE,2024,953,GDHM_CAT1_LEAD_GOV,GDHM_Q01,3.0,Phase 3
GDHM_SURVEY_COUNTRYRESPONSE_SCORE,2024,953,GDHM_CAT1_LEAD_GOV,GDHM_Q02,3.0,Phase 3
GDHM_SURVEY_COUNTRYRESPONSE_SCORE,2024,953,GDHM_CAT1_LEAD_GOV,GDHM_Q02a,3.0,Phase 3
GDHM_SURVEY_COUNTRYRESPONSE_SCORE,2024,953,GDHM_CAT1_LEAD_GOV,GDHM_Q03,2.0,Phase 2
GDHM_SURVEY_COUNTRYRESPONSE_SCORE,2024,953,GDHM_CAT1_LEAD_GOV,GDHM_Q04,3.0,Phase 3
GDHM_SURVEY_COUNTRYRESPONSE_SCORE,2024,955,GDHM_CAT7_SERV_APP,GDHM_Q21a,1.0,Phase 1
GDHM_SURVEY_COUNTRYRESPONSE_SCORE,2024,958,GDHM_CAT7_SERV_APP,GDHM_Q23,3.0,Phase 3
GDHM_SURVEY_COUNTRYRESPONSE_SCORE,2019,004,GDHM_CAT1_LEAD_GOV,GDHM_Q01,0.0,Not Available
GDHM_SURVEY_COUNTRYRESPONSE_SCORE,2019,050,GDHM_CAT1_LEAD_GOV,GDHM_Q01,5.0,Phase 5
GDHM_SURVEY_COUNTRYRESPONSE_SCORE,2019,004,GDHM_CAT1_LEAD_GOV,GDHM_Q02,4.0,Phase 4
GDHM_SURVEY_COUNTRYRESPONSE_SCORE,2019,004,GDHM_CAT1_LEAD_GOV,GDHM_Q02a,2.0,Phase 2
GDHM_SURVEY_CATEGORY_AVG,2019,004,GDHM_CAT1_LEAD_GOV,,4.0,Phase 4
GDHM_SURVEY_COUNTRYRESPONSE_SCORE,2019,004,GDHM_CAT1_LEAD_GOV,GDHM_Q03,0.0,Not Available
GDHM_SURVEY_CATEGORY_AVG,2019,004,GDHM_CAT2_STRAT_INV,,1.0,Phase 1
GDHM_SURVEY_COUNTRYRESPONSE_SCORE,2019,004,GDHM_CAT1_LEAD_GOV,GDHM_Q04,0.0,Not Available
GDHM_SURVEY_COUNTRYRESPONSE_SCORE,2019,004,GDHM_CAT1_LEAD_GOV,GDHM_Q04a,0.0,Not Available
GDHM_SURVEY_CATEGORY_AVG,2019,004,GDHM_CAT3_LEG,,1.0,Phase 1
GDHM_SURVEY_COUNTRYRESPONSE_SCORE,2019,004,GDHM_CAT2_STRAT_INV,GDHM_Q05,1.0,Phase 1
GDHM_SURVEY_COUNTRYRESPONSE_SCORE,2019,004,GDHM_CAT2_STRAT_INV,GDHM_Q05a,0.0,Not Available
GDHM_SURVEY_CATEGORY_AVG,2019,004,GDHM_CAT4_WORKFORCE,,1.0,Phase 1
GDHM_SURVEY_COUNTRYRESPONSE_SCORE,2019,004,GDHM_CAT2_STRAT_INV,GDHM_Q06,0.0,Not Available
GDHM_SURVEY_COUNTRYRESPONSE_SCORE,2019,004,GDHM_CAT2_STRAT_INV,GDHM_Q06a,0.0,Not Available
GDHM_SURVEY_CATEGORY_AVG,2019,004,GDHM_CAT5_STANDARDS,,2.0,Phase 2
GDHM_SURVEY_COUNTRYRESPONSE_SCORE,2019,004,GDHM_CAT3_LEG,GDHM_Q07,0.0,Not Available
GDHM_SURVEY_COUNTRYRESPONSE_SCORE,2019,004,GDHM_CAT3_LEG,GDHM_Q08,0.0,Not Available
GDHM_SURVEY_CATEGORY_AVG,2019,004,GDHM_CAT6_INFRASTRUCTURE,,2.0,Phase 2
GDHM_SURVEY_COUNTRYRESPONSE_SCORE,2019,004,GDHM_CAT3_LEG,GDHM_Q09,1.0,Phase 1
GDHM_SURVEY_CATEGORY_AVG,2019,004,GDHM_CAT7_SERV_APP,,3.0,Phase 3
GDHM_SURVEY_COUNTRYRESPONSE_SCORE,2019,004,GDHM_CAT3_LEG,GDHM_Q09a,1.0,Phase 1
GDHM_SURVEY_COUNTRYRESPONSE_SCORE,2019,004,GDHM_CAT3_LEG,GDHM_Q10,1.0,Phase 1
GDHM_SURVEY_COUNTRYRESPONSE_SCORE,2019,004,GDHM_CAT4_WORKFORCE,GDHM_Q11,1.0,Phase 1
GDHM_SURVEY_COUNTRYRESPONSE_SCORE,2019,004,GDHM_CAT4_WORKFORCE,GDHM_Q12,1.0,Phase 1
GDHM_SURVEY_COUNTRYRESPONSE_SCORE,2019,004,GDHM_CAT4_WORKFORCE,GDHM_Q13,1.0,Phase 1
GDHM_SURVEY_COUNTRYRESPONSE_SCORE,2019,004,GDHM_CAT4_WORKFORCE,GDHM_Q14,1.0,Phase 1
GDHM_SURVEY_COUNTRYRESPONSE_SCORE,2019,004,GDHM_CAT5_STANDARDS,GDHM_Q15,1.0,Phase 1
GDHM_SURVEY_COUNTRYRESPONSE_SCORE,2019,004,GDHM_CAT5_STANDARDS,GDHM_Q16,2.0,Phase 2
GDHM_SURVEY_COUNTRYRESPONSE_SCORE,2019,004,GDHM_CAT6_INFRASTRUCTURE,GDHM_Q17,0.0,Not Available
GDHM_SURVEY_COUNTRYRESPONSE_SCORE,2019,004,GDHM_CAT6_INFRASTRUCTURE,GDHM_Q18,2.0,Phase 2
GDHM_SURVEY_COUNTRYRESPONSE_SCORE,2019,004,GDHM_CAT7_SERV_APP,GDHM_Q19,2.0,Phase 2
GDHM_SURVEY_COUNTRYRESPONSE_SCORE,2019,004,GDHM_CAT7_SERV_APP,GDHM_Q20,4.0,Phase 4
GDHM_SURVEY_COUNTRYRESPONSE_SCORE,2019,004,GDHM_CAT7_SERV_APP,GDHM_Q21,2.0,Phase 2
GDHM_SURVEY_COUNTRYRESPONSE_SCORE,2019,004,GDHM_CAT7_SERV_APP,GDHM_Q21a,3.0,Phase 3
GDHM_SURVEY_COUNTRYRESPONSE_SCORE,2019,004,GDHM_CAT7_SERV_APP,GDHM_Q21b,2.0,Phase 2
GDHM_SURVEY_COUNTRYRESPONSE_SCORE,2019,004,GDHM_CAT7_SERV_APP,GDHM_Q21c,2.0,Phase 2
GDHM_SURVEY_COUNTRYRESPONSE_SCORE,2019,004,GDHM_CAT7_SERV_APP,GDHM_Q22,0.0,Not Available
GDHM_SURVEY_COUNTRYRESPONSE_SCORE,2019,004,GDHM_CAT7_SERV_APP,GDHM_Q23,2.0,Phase 2
GDHM_SURVEY_COUNTRYRESPONSE_SCORE,2019,050,GDHM_CAT1_LEAD_GOV,GDHM_Q02,5.0,Phase 5
GDHM_SURVEY_COUNTRYRESPONSE_SCORE,2019,050,GDHM_CAT1_LEAD_GOV,GDHM_Q02a,4.0,Phase 4
GDHM_SURVEY_COUNTRYRESPONSE_SCORE,2019,050,GDHM_CAT1_LEAD_GOV,GDHM_Q03,5.0,Phase 5
GDHM_SURVEY_COUNTRYRESPONSE_SCORE,2019,050,GDHM_CAT1_LEAD_GOV,GDHM_Q04,5.0,Phase 5
GDHM_SURVEY_COUNTRYRESPONSE_SCORE,2019,050,GDHM_CAT1_LEAD_GOV,GDHM_Q04a,5.0,Phase 5
GDHM_SURVEY_CATEGORY_AVG,2019,050,GDHM_CAT1_LEAD_GOV,,5.0,Phase 5
GDHM_SURVEY_COUNTRYRESPONSE_SCORE,2019,050,GDHM_CAT2_STRAT_INV,GDHM_Q05,2.0,Phase 2
GDHM_SURVEY_COUNTRYRESPONSE_SCORE,2019,050,GDHM_CAT2_STRAT_INV,GDHM_Q05a,5.0,Phase 5
GDHM_SURVEY_COUNTRYRESPONSE_SCORE,2019,050,GDHM_CAT2_STRAT_INV,GDHM_Q06,5.0,Phase 5
GDHM_SURVEY_COUNTRYRESPONSE_SCORE,2019,050,GDHM_CAT2_STRAT_INV,GDHM_Q06a,3.0,Phase 3
GDHM_SURVEY_CATEGORY_AVG,2019,050,GDHM_CAT2_STRAT_INV,,4.0,Phase 4
GDHM_SURVEY_COUNTRYRESPONSE_SCORE,2019,050,GDHM_CAT3_LEG,GDHM_Q07,1.0,Phase 1
GDHM_SURVEY_COUNTRYRESPONSE_SCORE,2019,050,GDHM_CAT3_LEG,GDHM_Q08,1.0,Phase 1
GDHM_SURVEY_COUNTRYRESPONSE_SCORE,2019,050,GDHM_CAT3_LEG,GDHM_Q09,3.0,Phase 3
GDHM_SURVEY_COUNTRYRESPONSE_SCORE,2019,050,GDHM_CAT3_LEG,GDHM_Q09a,1.0,Phase 1
GDHM_SURVEY_COUNTRYRESPONSE_SCORE,2019,050,GDHM_CAT3_LEG,GDHM_Q10,2.0,Phase 2
GDHM_SURVEY_CATEGORY_AVG,2019,050,GDHM_CAT3_LEG,,2.0,Phase 2
GDHM_SURVEY_COUNTRYRESPONSE_SCORE,2019,050,GDHM_CAT4_WORKFORCE,GDHM_Q11,1.0,Phase 1
GDHM_SURVEY_COUNTRYRESPONSE_SCORE,2019,050,GDHM_CAT4_WORKFORCE,GDHM_Q12,4.0,Phase 4
GDHM_SURVEY_COUNTRYRESPONSE_SCORE,2019,050,GDHM_CAT4_WORKFORCE,GDHM_Q13,4.0,Phase 4
GDHM_SURVEY_COUNTRYRESPONSE_SCORE,2019,050,GDHM_CAT4_WORKFORCE,GDHM_Q14,2.0,Phase 2
GDHM_SURVEY_CATEGORY_AVG,2019,050,GDHM_CAT4_WORKFORCE,,3.0,Phase 3
GDHM_SURVEY_COUNTRYRESPONSE_SCORE,2019,050,GDHM_CAT5_STANDARDS,GDHM_Q15,1.0,Phase 1
GDHM_SURVEY_COUNTRYRESPONSE_SCORE,2019,050,GDHM_CAT5_STANDARDS,GDHM_Q16,2.0,Phase 2
GDHM_SURVEY_CATEGORY_AVG,2019,050,GDHM_CAT5_STANDARDS,,2.0,Phase 2
GDHM_SURVEY_COUNTRYRESPONSE_SCORE,2019,050,GDHM_CAT6_INFRASTRUCTURE,GDHM_Q17,3.0,Phase 3
GDHM_SURVEY_COUNTRYRESPONSE_SCORE,2019,050,GDHM_CAT6_INFRASTRUCTURE,GDHM_Q18,5.0,Phase 5
GDHM_SURVEY_CATEGORY_AVG,2019,050,GDHM_CAT6_INFRASTRUCTURE,,4.0,Phase 4
GDHM_SURVEY_COUNTRYRESPONSE_SCORE,2019,504,GDHM_CAT7_SERV_APP,GDHM_Q21,1.0,Phase 1
GDHM_SURVEY_COUNTRYRESPONSE_SCORE,2019,504,GDHM_CAT7_SERV_APP,GDHM_Q21a,1.0,Phase 1
GDHM_SURVEY_COUNTRYRESPONSE_SCORE,2019,504,GDHM_CAT7_SERV_APP,GDHM_Q21b,5.0,Phase 5
GDHM_SURVEY_COUNTRYRESPONSE_SCORE,2019,504,GDHM_CAT7_SERV_APP,GDHM_Q21c,5.0,Phase 5
GDHM_SURVEY_COUNTRYRESPONSE_SCORE,2019,504,GDHM_CAT7_SERV_APP,GDHM_Q22,1.0,Phase 1
GDHM_SURVEY_COUNTRYRESPONSE_SCORE,2019,504,GDHM_CAT7_SERV_APP,GDHM_Q23,1.0,Phase 1
GDHM_SURVEY_CATEGORY_AVG,2019,504,GDHM_CAT7_SERV_APP,,2.0,Phase 2
GDHM_SURVEY_COUNTRYRESPONSE_SCORE,2019,554,GDHM_CAT1_LEAD_GOV,GDHM_Q01,3.0,Phase 3
GDHM_SURVEY_COUNTRYRESPONSE_SCORE,2019,554,GDHM_CAT1_LEAD_GOV,GDHM_Q02,4.0,Phase 4
GDHM_SURVEY_COUNTRYRESPONSE_SCORE,2019,554,GDHM_CAT1_LEAD_GOV,GDHM_Q02a,4.0,Phase 4
GDHM_SURVEY_COUNTRYRESPONSE_SCORE,2019,554,GDHM_CAT1_LEAD_GOV,GDHM_Q03,3.0,Phase 3
GDHM_SURVEY_COUNTRYRESPONSE_SCORE,2019,554,GDHM_CAT1_LEAD_GOV,GDHM_Q04,4.0,Phase 4
GDHM_SURVEY_COUNTRYRESPONSE_SCORE,2019,554,GDHM_CAT1_LEAD_GOV,GDHM_Q04a,2.0,Phase 2
GDHM_SURVEY_CATEGORY_AVG,2019,554,GDHM_CAT1_LEAD_GOV,,4.0,Phase 4
GDHM_SURVEY_COUNTRYRESPONSE_SCORE,2019,554,GDHM_CAT2_STRAT_INV,GDHM_Q05,2.0,Phase 2
GDHM_SURVEY_COUNTRYRESPONSE_SCORE,2019,554,GDHM_CAT2_STRAT_INV,GDHM_Q05a,3.0,Phase 3
GDHM_SURVEY_COUNTRYRESPONSE_SCORE,2019,554,GDHM_CAT2_STRAT_INV,GDHM_Q06,3.0,Phase 3
GDHM_SURVEY_COUNTRYRESPONSE_SCORE,2019,554,GDHM_CAT2_STRAT_INV,GDHM_Q06a,2.0,Phase 2
GDHM_SURVEY_CATEGORY_AVG,2019,554,GDHM_CAT2_STRAT_INV,,3.0,Phase 3
GDHM_SURVEY_COUNTRYRESPONSE_SCORE,2019,554,GDHM_CAT3_LEG,GDHM_Q07,4.0,Phase 4
GDHM_SURVEY_COUNTRYRESPONSE_SCORE,2019,554,GDHM_CAT3_LEG,GDHM_Q08,4.0,Phase 4
GDHM_SURVEY_COUNTRYRESPONSE_SCORE,2019,554,GDHM_CAT3_LEG,GDHM_Q09,1.0,Phase 1
GDHM_SURVEY_COUNTRYRESPONSE_SCORE,2019,554,GDHM_CAT3_LEG,GDHM_Q09a,1.0,Phase 1
GDHM_SURVEY_COUNTRYRESPONSE_SCORE,2019,554,GDHM_CAT3_LEG,GDHM_Q10,3.0,Phase 3
GDHM_SURVEY_CATEGORY_AVG,2019,554,GDHM_CAT3_LEG,,3.0,Phase 3
GDHM_SURVEY_COUNTRYRESPONSE_SCORE,2019,554,GDHM_CAT4_WORKFORCE,GDHM_Q11,3.0,Phase 3
GDHM_SURVEY_COUNTRYRESPONSE_SCORE,2019,554,GDHM_CAT4_WORKFORCE,GDHM_Q12,2.0,Phase 2
GDHM_SURVEY_COUNTRYRESPONSE_SCORE,2019,554,GDHM_CAT4_WORKFORCE,GDHM_Q13,3.0,Phase 3
GDHM_SURVEY_COUNTRYRESPONSE_SCORE,2019,554,GDHM_CAT4_WORKFORCE,GDHM_Q14,1.0,Phase 1
GDHM_SURVEY_CATEGORY_AVG,2019,554,GDHM_CAT4_WORKFORCE,,3.0,Phase 3
GDHM_SURVEY_COUNTRYRESPONSE_SCORE,2019,554,GDHM_CAT5_STANDARDS,GDHM_Q15,1.0,Phase 1
GDHM_SURVEY_COUNTRYRESPONSE_SCORE,2019,554,GDHM_CAT5_STANDARDS,GDHM_Q16,3.0,Phase 3
GDHM_SURVEY_CATEGORY_AVG,2019,554,GDHM_CAT5_STANDARDS,,2.0,Phase 2
GDHM_SURVEY_COUNTRYRESPONSE_SCORE,2019,554,GDHM_CAT6_INFRASTRUCTURE,GDHM_Q17,4.0,Phase 4
GDHM_SURVEY_COUNTRYRESPONSE_SCORE,2019,554,GDHM_CAT6_INFRASTRUCTURE,GDHM_Q18,4.0,Phase 4
GDHM_SURVEY_CATEGORY_AVG,2019,554,GDHM_CAT6_INFRASTRUCTURE,,4.0,Phase 4
GDHM_SURVEY_COUNTRYRESPONSE_SCORE,2019,554,GDHM_CAT7_SERV_APP,GDHM_Q19,3.0,Phase 3
GDHM_SURVEY_COUNTRYRESPONSE_SCORE,2019,554,GDHM_CAT7_SERV_APP,GDHM_Q20,3.0,Phase 3
GDHM_SURVEY_COUNTRYRESPONSE_SCORE,2019,554,GDHM_CAT7_SERV_APP,GDHM_Q21,5.0,Phase 5
GDHM_SURVEY_COUNTRYRESPONSE_SCORE,2019,554,GDHM_CAT7_SERV_APP,GDHM_Q21a,5.0,Phase 5
GDHM_SURVEY_COUNTRYRESPONSE_SCORE,2019,554,GDHM_CAT7_SERV_APP,GDHM_Q21b,5.0,Phase 5
GDHM_SURVEY_COUNTRYRESPONSE_SCORE,2019,554,GDHM_CAT7_SERV_APP,GDHM_Q21c,5.0,Phase 5
GDHM_SURVEY_COUNTRYRESPONSE_SCORE,2019,554,GDHM_CAT7_SERV_APP,GDHM_Q22,1.0,Phase 1
GDHM_SURVEY_COUNTRYRESPONSE_SCORE,2019,554,GDHM_CAT7_SERV_APP,GDHM_Q23,3.0,Phase 3
GDHM_SURVEY_CATEGORY_AVG,2019,554,GDHM_CAT7_SERV_APP,,3.0,Phase 3
GDHM_SURVEY_COUNTRYRESPONSE_SCORE,2019,562,GDHM_CAT1_LEAD_GOV,GDHM_Q01,3.0,Phase 3
GDHM_SURVEY_COUNTRYRESPONSE_SCORE,2019,562,GDHM_CAT1_LEAD_GOV,GDHM_Q02,5.0,Phase 5
GDHM_SURVEY_COUNTRYRESPONSE_SCORE,2019,562,GDHM_CAT1_LEAD_GOV,GDHM_Q02a,2.0,Phase 2
GDHM_SURVEY_COUNTRYRESPONSE_SCORE,2019,562,GDHM_CAT1_LEAD_GOV,GDHM_Q03,1.0,Phase 1
GDHM_SURVEY_COUNTRYRESPONSE_SCORE,2019,562,GDHM_CAT1_LEAD_GOV,GDHM_Q04,4.0,Phase 4
GDHM_SURVEY_COUNTRYRESPONSE_SCORE,2019,562,GDHM_CAT1_LEAD_GOV,GDHM_Q04a,3.0,Phase 3
GDHM_SURVEY_CATEGORY_AVG,2019,562,GDHM_CAT1_LEAD_GOV,,4.0,Phase 4
GDHM_SURVEY_COUNTRYRESPONSE_SCORE,2019,562,GDHM_CAT2_STRAT_INV,GDHM_Q05,4.0,Phase 4
GDHM_SURVEY_COUNTRYRESPONSE_SCORE,2019,562,GDHM_CAT2_STRAT_INV,GDHM_Q05a,4.0,Phase 4
GDHM_SURVEY_COUNTRYRESPONSE_SCORE,2019,562,GDHM_CAT2_STRAT_INV,GDHM_Q06,3.0,Phase 3
GDHM_SURVEY_COUNTRYRESPONSE_SCORE,2019,562,GDHM_CAT2_STRAT_INV,GDHM_Q06a,2.0,Phase 2
GDHM_SURVEY_CATEGORY_AVG,2019,562,GDHM_CAT2_STRAT_INV,,4.0,Phase 4
GDHM_SURVEY_COUNTRYRESPONSE_SCORE,2019,562,GDHM_CAT3_LEG,GDHM_Q07,4.0,Phase 4
GDHM_SURVEY_COUNTRYRESPONSE_SCORE,2019,562,GDHM_CAT3_LEG,GDHM_Q08,5.0,Phase 5
GDHM_SURVEY_COUNTRYRESPONSE_SCORE,2019,562,GDHM_CAT3_LEG,GDHM_Q09,1.0,Phase 1
GDHM_SURVEY_COUNTRYRESPONSE_SCORE,2019,562,GDHM_CAT3_LEG,GDHM_Q09a,1.0,Phase 1
GDHM_SURVEY_COUNTRYRESPONSE_SCORE,2019,562,GDHM_CAT3_LEG,GDHM_Q10,3.0,Phase 3
GDHM_SURVEY_CATEGORY_AVG,2019,562,GDHM_CAT3_LEG,,4.0,Phase 4
GDHM_SURVEY_COUNTRYRESPONSE_SCORE,2019,562,GDHM_CAT4_WORKFORCE,GDHM_Q11,1.0,Phase 1
GDHM_SURVEY_COUNTRYRESPONSE_SCORE,2019,562,GDHM_CAT4_WORKFORCE,GDHM_Q12,1.0,Phase 1
GDHM_SURVEY_COUNTRYRESPONSE_SCORE,2019,562,GDHM_CAT4_WORKFORCE,GDHM_Q13,1.0,Phase 1
GDHM_SURVEY_COUNTRYRESPONSE_SCORE,2019,562,GDHM_CAT4_WORKFORCE,GDHM_Q14,1.0,Phase 1
GDHM_SURVEY_CATEGORY_AVG,2019,562,GDHM_CAT4_WORKFORCE,,1.0,Phase 1
GDHM_SURVEY_COUNTRYRESPONSE_SCORE,2019,562,GDHM_CAT5_STANDARDS,GDHM_Q15,2.0,Phase 2
GDHM_SURVEY_COUNTRYRESPONSE_SCORE,2019,562,GDHM_CAT5_STANDARDS,GDHM_Q16,3.0,Phase 3
GDHM_SURVEY_CATEGORY_AVG,2019,562,GDHM_CAT5_STANDARDS,,3.0,Phase 3
GDHM_SURVEY_COUNTRYRESPONSE_SCORE,2019,562,GDHM_CAT6_INFRASTRUCTURE,GDHM_Q17,0.0,Not Available
GDHM_SURVEY_COUNTRYRESPONSE_SCORE,2019,562,GDHM_CAT6_INFRASTRUCTURE,GDHM_Q18,2.0,Phase 2
GDHM_SURVEY_CATEGORY_AVG,2019,562,GDHM_CAT6_INFRASTRUCTURE,,2.0,Phase 2
GDHM_SURVEY_COUNTRYRESPONSE_SCORE,2019,562,GDHM_CAT7_SERV_APP,GDHM_Q19,2.0,Phase 2
GDHM_SURVEY_COUNTRYRESPONSE_SCORE,2019,562,GDHM_CAT7_SERV_APP,GDHM_Q20,4.0,Phase 4
GDHM_SURVEY_COUNTRYRESPONSE_SCORE,2019,562,GDHM_CAT7_SERV_APP,GDHM_Q21,1.0,Phase 1
GDHM_SURVEY_COUNTRYRESPONSE_SCORE,2019,562,GDHM_CAT7_SERV_APP,GDHM_Q21a,1.0,Phase 1
GDHM_SURVEY_COUNTRYRESPONSE_SCORE,2019,562,GDHM_CAT7_SERV_APP,GDHM_Q21b,1.0,Phase 1
GDHM_SURVEY_COUNTRYRESPONSE_SCORE,2019,562,GDHM_CAT7_SERV_APP,GDHM_Q21c,0.0,Not Available
GDHM_SURVEY_COUNTRYRESPONSE_SCORE,2019,562,GDHM_CAT7_SERV_APP,GDHM_Q22,2.0,Phase 2
GDHM_SURVEY_COUNTRYRESPONSE_SCORE,2019,562,GDHM_CAT7_SERV_APP,GDHM_Q23,4.0,Phase 4
GDHM_SURVEY_CATEGORY_AVG,2019,562,GDHM_CAT7_SERV_APP,,3.0,Phase 3
GDHM_SURVEY_COUNTRYRESPONSE_SCORE,2019,620,GDHM_CAT1_LEAD_GOV,GDHM_Q01,5.0,Phase 5
GDHM_SURVEY_COUNTRYRESPONSE_SCORE,2019,620,GDHM_CAT1_LEAD_GOV,GDHM_Q02,5.0,Phase 5
GDHM_SURVEY_COUNTRYRESPONSE_SCORE,2019,620,GDHM_CAT1_LEAD_GOV,GDHM_Q02a,5.0,Phase 5
GDHM_SURVEY_COUNTRYRESPONSE_SCORE,2019,620,GDHM_CAT1_LEAD_GOV,GDHM_Q03,5.0,Phase 5
GDHM_SURVEY_COUNTRYRESPONSE_SCORE,2019,620,GDHM_CAT1_LEAD_GOV,GDHM_Q04,5.0,Phase 5
GDHM_SURVEY_COUNTRYRESPONSE_SCORE,2019,620,GDHM_CAT1_LEAD_GOV,GDHM_Q04a,2.0,Phase 2
GDHM_SURVEY_CATEGORY_AVG,2019,620,GDHM_CAT1_LEAD_GOV,,5.0,Phase 5
GDHM_SURVEY_COUNTRYRESPONSE_SCORE,2019,620,GDHM_CAT2_STRAT_INV,GDHM_Q05,5.0,Phase 5
GDHM_SURVEY_COUNTRYRESPONSE_SCORE,2019,620,GDHM_CAT2_STRAT_INV,GDHM_Q05a,4.0,Phase 4
GDHM_SURVEY_COUNTRYRESPONSE_SCORE,2019,620,GDHM_CAT2_STRAT_INV,GDHM_Q06,5.0,Phase 5
GDHM_SURVEY_COUNTRYRESPONSE_SCORE,2019,620,GDHM_CAT2_STRAT_INV,GDHM_Q06a,0.0,Not Available
GDHM_SURVEY_CATEGORY_AVG,2019,620,GDHM_CAT2_STRAT_INV,,5.0,Phase 5
GDHM_SURVEY_COUNTRYRESPONSE_SCORE,2019,620,GDHM_CAT3_LEG,GDHM_Q07,5.0,Phase 5
GDHM_SURVEY_COUNTRYRESPONSE_SCORE,2019,620,GDHM_CAT3_LEG,GDHM_Q08,5.0,Phase 5
GDHM_SURVEY_COUNTRYRESPONSE_SCORE,2019,620,GDHM_CAT3_LEG,GDHM_Q09,3.0,Phase 3
GDHM_SURVEY_COUNTRYRESPONSE_SCORE,2019,620,GDHM_CAT3_LEG,GDHM_Q09a,1.0,Phase 1
GDHM_SURVEY_COUNTRYRESPONSE_SCORE,2019,620,GDHM_CAT3_LEG,GDHM_Q10,5.0,Phase 5
GDHM_SURVEY_CATEGORY_AVG,2019,620,GDHM_CAT3_LEG,,5.0,Phase 5
GDHM_SURVEY_COUNTRYRESPONSE_SCORE,2019,620,GDHM_CAT4_WORKFORCE,GDHM_Q11,3.0,Phase 3
GDHM_SURVEY_COUNTRYRESPONSE_SCORE,2019,620,GDHM_CAT4_WORKFORCE,GDHM_Q12,3.0,Phase 3
GDHM_SURVEY_COUNTRYRESPONSE_SCORE,2019,620,GDHM_CAT4_WORKFORCE,GDHM_Q13,4.0,Phase 4
GDHM_SURVEY_COUNTRYRESPONSE_SCORE,2019,620,GDHM_CAT4_WORKFORCE,GDHM_Q14,0.0,Not Available
GDHM_SURVEY_CATEGORY_AVG,2019,620,GDHM_CAT4_WORKFORCE,,4.0,Phase 4
GDHM_SURVEY_COUNTRYRESPONSE_SCORE,2019,620,GDHM_CAT5_STANDARDS,GDHM_Q15,5.0,Phase 5
GDHM_SURVEY_COUNTRYRESPONSE_SCORE,2019,620,GDHM_CAT5_STANDARDS,GDHM_Q16,5.0,Phase 5
GDHM_SURVEY_CATEGORY_AVG,2019,620,GDHM_CAT5_STANDARDS,,5.0,Phase 5
GDHM_SURVEY_COUNTRYRESPONSE_SCORE,2019,620,GDHM_CAT6_INFRASTRUCTURE,GDHM_Q17,4.0,Phase 4
GDHM_SURVEY_COUNTRYRESPONSE_SCORE,2019,620,GDHM_CAT6_INFRASTRUCTURE,GDHM_Q18,5.0,Phase 5
GDHM_SURVEY_CATEGORY_AVG,2019,620,GDHM_CAT6_INFRASTRUCTURE,,5.0,Phase 5
GDHM_SURVEY_COUNTRYRESPONSE_SCORE,2019,620,GDHM_CAT7_SERV_APP,GDHM_Q19,5.0,Phase 5
GDHM_SURVEY_COUNTRYRESPONSE_SCORE,2019,620,GDHM_CAT7_SERV_APP,GDHM_Q20,0.0,Not Available
GDHM_SURVEY_COUNTRYRESPONSE_SCORE,2019,620,GDHM_CAT7_SERV_APP,GDHM_Q21,5.0,Phase 5
GDHM_SURVEY_COUNTRYRESPONSE_SCORE,2019,620,GDHM_CAT7_SERV_APP,GDHM_Q21a,5.0,Phase 5
GDHM_SURVEY_COUNTRYRESPONSE_SCORE,2019,620,GDHM_CAT7_SERV_APP,GDHM_Q21b,5.0,Phase 5
GDHM_SURVEY_COUNTRYRESPONSE_SCORE,2019,620,GDHM_CAT7_SERV_APP,GDHM_Q21c,5.0,Phase 5
GDHM_SURVEY_COUNTRYRESPONSE_SCORE,2019,620,GDHM_CAT7_SERV_APP,GDHM_Q22,5.0,Phase 5
GDHM_SURVEY_COUNTRYRESPONSE_SCORE,2019,620,GDHM_CAT7_SERV_APP,GDHM_Q23,5.0,Phase 5
GDHM_SURVEY_CATEGORY_AVG,2019,620,GDHM_CAT7_SERV_APP,,5.0,Phase 5
GDHM_SURVEY_COUNTRYRESPONSE_SCORE,2019,682,GDHM_CAT1_LEAD_GOV,GDHM_Q01,5.0,Phase 5
GDHM_SURVEY_COUNTRYRESPONSE_SCORE,2019,682,GDHM_CAT1_LEAD_GOV,GDHM_Q02,5.0,Phase 5
GDHM_SURVEY_COUNTRYRESPONSE_SCORE,2019,682,GDHM_CAT1_LEAD_GOV,GDHM_Q02a,5.0,Phase 5
GDHM_SURVEY_COUNTRYRESPONSE_SCORE,2019,682,GDHM_CAT1_LEAD_GOV,GDHM_Q03,5.0,Phase 5
GDHM_SURVEY_COUNTRYRESPONSE_SCORE,2019,682,GDHM_CAT1_LEAD_GOV,GDHM_Q04,5.0,Phase 5
GDHM_SURVEY_COUNTRYRESPONSE_SCORE,2019,682,GDHM_CAT1_LEAD_GOV,GDHM_Q04a,5.0,Phase 5
GDHM_SURVEY_CATEGORY_AVG,2019,682,GDHM_CAT1_LEAD_GOV,,5.0,Phase 5
GDHM_SURVEY_COUNTRYRESPONSE_SCORE,2019,682,GDHM_CAT2_STRAT_INV,GDHM_Q05,5.0,Phase 5
GDHM_SURVEY_COUNTRYRESPONSE_SCORE,2019,682,GDHM_CAT2_STRAT_INV,GDHM_Q05a,5.0,Phase 5
GDHM_SURVEY_COUNTRYRESPONSE_SCORE,2019,682,GDHM_CAT2_STRAT_INV,GDHM_Q06,5.0,Phase 5
GDHM_SURVEY_COUNTRYRESPONSE_SCORE,2019,682,GDHM_CAT2_STRAT_INV,GDHM_Q06a,5.0,Phase 5
GDHM_SURVEY_CATEGORY_AVG,2019,682,GDHM_CAT2_STRAT_INV,,5.0,Phase 5
GDHM_SURVEY_COUNTRYRESPONSE_SCORE,2019,682,GDHM_CAT3_LEG,GDHM_Q07,5.0,Phase 5
GDHM_SURVEY_COUNTRYRESPONSE_SCORE,2019,682,GDHM_CAT3_LEG,GDHM_Q08,5.0,Phase 5
GDHM_SURVEY_COUNTRYRESPONSE_SCORE,2019,682,GDHM_CAT3_LEG,GDHM_Q09,5.0,Phase 5
GDHM_SURVEY_COUNTRYRESPONSE_SCORE,2019,682,GDHM_CAT3_LEG,GDHM_Q09a,5.0,Phase 5
GDHM_SURVEY_COUNTRYRESPONSE_SCORE,2019,682,GDHM_CAT3_LEG,GDHM_Q10,5.0,Phase 5
GDHM_SURVEY_CATEGORY_AVG,2019,682,GDHM_CAT3_LEG,,5.0,Phase 5
GDHM_SURVEY_COUNTRYRESPONSE_SCORE,2019,682,GDHM_CAT4_WORKFORCE,GDHM_Q11,5.0,Phase 5
GDHM_SURVEY_COUNTRYRESPONSE_SCORE,2019,682,GDHM_CAT4_WORKFORCE,GDHM_Q12,5.0,Phase 5
GDHM_SURVEY_COUNTRYRESPONSE_SCORE,2019,682,GDHM_CAT4_WORKFORCE,GDHM_Q13,5.0,Phase 5
GDHM_SURVEY_COUNTRYRESPONSE_SCORE,2019,682,GDHM_CAT4_WORKFORCE,GDHM_Q14,5.0,Phase 5
GDHM_SURVEY_CATEGORY_AVG,2019,682,GDHM_CAT4_WORKFORCE,,5.0,Phase 5
GDHM_SURVEY_COUNTRYRESPONSE_SCORE,2019,682,GDHM_CAT5_STANDARDS,GDHM_Q15,5.0,Phase 5
GDHM_SURVEY_COUNTRYRESPONSE_SCORE,2019,682,GDHM_CAT5_STANDARDS,GDHM_Q16,5.0,Phase 5
GDHM_SURVEY_CATEGORY_AVG,2019,682,GDHM_CAT5_STANDARDS,,5.0,Phase 5
GDHM_SURVEY_COUNTRYRESPONSE_SCORE,2019,682,GDHM_CAT6_INFRASTRUCTURE,GDHM_Q17,4.0,Phase 4
GDHM_SURVEY_COUNTRYRESPONSE_SCORE,2019,682,GDHM_CAT6_INFRASTRUCTURE,GDHM_Q18,5.0,Phase 5
GDHM_SURVEY_CATEGORY_AVG,2019,682,GDHM_CAT6_INFRASTRUCTURE,,5.0,Phase 5
GDHM_SURVEY_COUNTRYRESPONSE_SCORE,2019,682,GDHM_CAT7_SERV_APP,GDHM_Q19,5.0,Phase 5
GDHM_SURVEY_COUNTRYRESPONSE_SCORE,2019,682,GDHM_CAT7_SERV_APP,GDHM_Q20,4.0,Phase 4
GDHM_SURVEY_COUNTRYRESPONSE_SCORE,2019,682,GDHM_CAT7_SERV_APP,GDHM_Q21,5.0,Phase 5
GDHM_SURVEY_COUNTRYRESPONSE_SCORE,2019,682,GDHM_CAT7_SERV_APP,GDHM_Q21a,5.0,Phase 5
GDHM_SURVEY_COUNTRYRESPONSE_SCORE,2019,682,GDHM_CAT7_SERV_APP,GDHM_Q21b,5.0,Phase 5
GDHM_SURVEY_COUNTRYRESPONSE_SCORE,2019,682,GDHM_CAT7_SERV_APP,GDHM_Q21c,5.0,Phase 5
GDHM_SURVEY_COUNTRYRESPONSE_SCORE,2019,682,GDHM_CAT7_SERV_APP,GDHM_Q22,5.0,Phase 5
GDHM_SURVEY_COUNTRYRESPONSE_SCORE,2019,682,GDHM_CAT7_SERV_APP,GDHM_Q23,5.0,Phase 5
GDHM_SURVEY_CATEGORY_AVG,2019,682,GDHM_CAT7_SERV_APP,,5.0,Phase 5
GDHM_SURVEY_COUNTRYRESPONSE_SCORE,2019,686,GDHM_CAT1_LEAD_GOV,GDHM_Q01,3.0,Phase 3
GDHM_SURVEY_COUNTRYRESPONSE_SCORE,2023,204,GDHM_CAT2_STRAT_INV,GDHM_Q06a,1.0,Phase 1
GDHM_SURVEY_CATEGORY_AVG,2023,204,GDHM_CAT2_STRAT_INV,,4.0,Phase 4
GDHM_SURVEY_COUNTRYRESPONSE_SCORE,2023,204,GDHM_CAT3_LEG,GDHM_Q07,5.0,Phase 5
GDHM_SURVEY_COUNTRYRESPONSE_SCORE,2023,204,GDHM_CAT3_LEG,GDHM_Q08,5.0,Phase 5
GDHM_SURVEY_COUNTRYRESPONSE_SCORE,2023,204,GDHM_CAT3_LEG,GDHM_Q09,1.0,Phase 1
GDHM_SURVEY_COUNTRYRESPONSE_SCORE,2023,204,GDHM_CAT3_LEG,GDHM_Q09a,1.0,Phase 1
GDHM_SURVEY_COUNTRYRESPONSE_SCORE,2023,204,GDHM_CAT3_LEG,GDHM_Q10,5.0,Phase 5
GDHM_SURVEY_CATEGORY_AVG,2023,204,GDHM_CAT3_LEG,,4.0,Phase 4
GDHM_SURVEY_COUNTRYRESPONSE_SCORE,2023,204,GDHM_CAT4_WORKFORCE,GDHM_Q11,1.0,Phase 1
GDHM_SURVEY_COUNTRYRESPONSE_SCORE,2023,204,GDHM_CAT4_WORKFORCE,GDHM_Q12,2.0,Phase 2
GDHM_SURVEY_COUNTRYRESPONSE_SCORE,2023,204,GDHM_CAT4_WORKFORCE,GDHM_Q13,1.0,Phase 1
GDHM_SURVEY_COUNTRYRESPONSE_SCORE,2023,204,GDHM_CAT4_WORKFORCE,GDHM_Q14,1.0,Phase 1
GDHM_SURVEY_CATEGORY_AVG,2023,204,GDHM_CAT4_WORKFORCE,,2.0,Phase 2
GDHM_SURVEY_COUNTRYRESPONSE_SCORE,2023,204,GDHM_CAT5_STANDARDS,GDHM_Q15,2.0,Phase 2
GDHM_SURVEY_COUNTRYRESPONSE_SCORE,2023,204,GDHM_CAT5_STANDARDS,GDHM_Q16,5.0,Phase 5
GDHM_SURVEY_CATEGORY_AVG,2023,204,GDHM_CAT5_STANDARDS,,4.0,Phase 4
GDHM_SURVEY_COUNTRYRESPONSE_SCORE,2023,204,GDHM_CAT6_INFRASTRUCTURE,GDHM_Q17,3.0,Phase 3
GDHM_SURVEY_COUNTRYRESPONSE_SCORE,2023,204,GDHM_CAT6_INFRASTRUCTURE,GDHM_Q18,2.0,Phase 2
GDHM_SURVEY_CATEGORY_AVG,2023,204,GDHM_CAT6_INFRASTRUCTURE,,3.0,Phase 3
GDHM_SURVEY_COUNTRYRESPONSE_SCORE,2023,204,GDHM_CAT7_SERV_APP,GDHM_Q19,2.0,Phase 2
GDHM_SURVEY_COUNTRYRESPONSE_SCORE,2023,204,GDHM_CAT7_SERV_APP,GDHM_Q20,3.0,Phase 3
GDHM_SURVEY_COUNTRYRESPONSE_SCORE,2023,204,GDHM_CAT7_SERV_APP,GDHM_Q21,1.0,Phase 1
GDHM_SURVEY_COUNTRYRESPONSE_SCORE,2023,204,GDHM_CAT7_SERV_APP,GDHM_Q21a,1.0,Phase 1
GDHM_SURVEY_COUNTRYRESPONSE_SCORE,2023,204,GDHM_CAT7_SERV_APP,GDHM_Q21b,5.0,Phase 5
GDHM_SURVEY_COUNTRYRESPONSE_SCORE,2023,204,GDHM_CAT7_SERV_APP,GDHM_Q21c,5.0,Phase 5
GDHM_SURVEY_COUNTRYRESPONSE_SCORE,2023,204,GDHM_CAT7_SERV_APP,GDHM_Q22,3.0,Phase 3
GDHM_SURVEY_COUNTRYRESPONSE_SCORE,2023,204,GDHM_CAT7_SERV_APP,GDHM_Q23,4.0,Phase 4
GDHM_SURVEY_CATEGORY_AVG,2023,204,GDHM_CAT7_SERV_APP,,3.0,Phase 3
GDHM_SURVEY_COUNTRYRESPONSE_SCORE,2023,064,GDHM_CAT1_LEAD_GOV,GDHM_Q01,0.0,Not Available
GDHM_SURVEY_COUNTRYRESPONSE_SCORE,2023,064,GDHM_CAT1_LEAD_GOV,GDHM_Q02,0.0,Not Available
GDHM_SURVEY_COUNTRYRESPONSE_SCORE,2023,064,GDHM_CAT1_LEAD_GOV,GDHM_Q02a,0.0,Not Available
GDHM_SURVEY_COUNTRYRESPONSE_SCORE,2023,064,GDHM_CAT1_LEAD_GOV,GDHM_Q03,0.0,Not Available
GDHM_SURVEY_COUNTRYRESPONSE_SCORE,2023,064,GDHM_CAT1_LEAD_GOV,GDHM_Q04,0.0,Not Available
GDHM_SURVEY_COUNTRYRESPONSE_SCORE,2023,064,GDHM_CAT1_LEAD_GOV,GDHM_Q04a,0.0,Not Available
GDHM_SURVEY_CATEGORY_AVG,2023,064,GDHM_CAT1_LEAD_GOV,,1.0,Not Available
GDHM_SURVEY_COUNTRYRESPONSE_SCORE,2023,064,GDHM_CAT2_STRAT_INV,GDHM_Q05,0.0,Not Available
GDHM_SURVEY_COUNTRYRESPONSE_SCORE,2023,064,GDHM_CAT2_STRAT_INV,GDHM_Q05a,0.0,Not Available
GDHM_SURVEY_COUNTRYRESPONSE_SCORE,2023,064,GDHM_CAT2_STRAT_INV,GDHM_Q06,0.0,Not Available
GDHM_SURVEY_COUNTRYRESPONSE_SCORE,2023,064,GDHM_CAT2_STRAT_INV,GDHM_Q06a,0.0,Not Available
GDHM_SURVEY_CATEGORY_AVG,2023,064,GDHM_CAT2_STRAT_INV,,1.0,Not Available
GDHM_SURVEY_COUNTRYRESPONSE_SCORE,2023,064,GDHM_CAT3_LEG,GDHM_Q07,1.0,Phase 1
GDHM_SURVEY_COUNTRYRESPONSE_SCORE,2023,064,GDHM_CAT3_LEG,GDHM_Q08,0.0,Not Available
GDHM_SURVEY_COUNTRYRESPONSE_SCORE,2023,064,GDHM_CAT3_LEG,GDHM_Q09,0.0,Not Available
GDHM_SURVEY_COUNTRYRESPONSE_SCORE,2023,064,GDHM_CAT3_LEG,GDHM_Q09a,0.0,Not Available
GDHM_SURVEY_COUNTRYRESPONSE_SCORE,2023,064,GDHM_CAT3_LEG,GDHM_Q10,0.0,Not Available
GDHM_SURVEY_CATEGORY_AVG,2023,064,GDHM_CAT3_LEG,,1.0,Phase 1
GDHM_SURVEY_COUNTRYRESPONSE_SCORE,2023,064,GDHM_CAT4_WORKFORCE,GDHM_Q11,0.0,Not Available
GDHM_SURVEY_COUNTRYRESPONSE_SCORE,2023,064,GDHM_CAT4_WORKFORCE,GDHM_Q12,0.0,Not Available
GDHM_SURVEY_COUNTRYRESPONSE_SCORE,2023,064,GDHM_CAT4_WORKFORCE,GDHM_Q13,0.0,Not Available
GDHM_SURVEY_COUNTRYRESPONSE_SCORE,2023,064,GDHM_CAT4_WORKFORCE,GDHM_Q14,0.0,Not Available
GDHM_SURVEY_CATEGORY_AVG,2023,064,GDHM_CAT4_WORKFORCE,,1.0,Not Available
GDHM_SURVEY_COUNTRYRESPONSE_SCORE,2023,064,GDHM_CAT5_STANDARDS,GDHM_Q15,0.0,Not Available
GDHM_SURVEY_COUNTRYRESPONSE_SCORE,2023,064,GDHM_CAT5_STANDARDS,GDHM_Q16,0.0,Not Available
GDHM_SURVEY_CATEGORY_AVG,2023,064,GDHM_CAT5_STANDARDS,,1.0,Not Available
GDHM_SURVEY_COUNTRYRESPONSE_SCORE,2023,064,GDHM_CAT6_INFRASTRUCTURE,GDHM_Q17,0.0,Not Available
GDHM_SURVEY_COUNTRYRESPONSE_SCORE,2023,064,GDHM_CAT6_INFRASTRUCTURE,GDHM_Q18,4.0,Phase 4
GDHM_SURVEY_CATEGORY_AVG,2023,064,GDHM_CAT6_INFRASTRUCTURE,,4.0,Phase 4
GDHM_SURVEY_COUNTRYRESPONSE_SCORE,2023,064,GDHM_CAT7_SERV_APP,GDHM_Q19,0.0,Not Available
GDHM_SURVEY_COUNTRYRESPONSE_SCORE,2023,064,GDHM_CAT7_SERV_APP,GDHM_Q20,0.0,Not Available
GDHM_SURVEY_COUNTRYRESPONSE_SCORE,2023,064,GDHM_CAT7_SERV_APP,GDHM_Q21,0.0,Not Available
GDHM_SURVEY_COUNTRYRESPONSE_SCORE,2023,064,GDHM_CAT7_SERV_APP,GDHM_Q21a,0.0,Not Available
GDHM_SURVEY_COUNTRYRESPONSE_SCORE,2023,064,GDHM_CAT7_SERV_APP,GDHM_Q21b,0.0,Not Available
GDHM_SURVEY_COUNTRYRESPONSE_SCORE,2023,064,GDHM_CAT7_SERV_APP,GDHM_Q21c,0.0,Not Available
GDHM_SURVEY_COUNTRYRESPONSE_SCORE,2023,064,GDHM_CAT7_SERV_APP,GDHM_Q22,0.0,Not Available
GDHM_SURVEY_COUNTRYRESPONSE_SCORE,2023,064,GDHM_CAT7_SERV_APP,GDHM_Q23,0.0,Not Available
GDHM_SURVEY_CATEGORY_AVG,2023,064,GDHM_CAT7_SERV_APP,,1.0,Not Available
GDHM_SURVEY_COUNTRYRESPONSE_SCORE,2023,068,GDHM_CAT1_LEAD_GOV,GDHM_Q01,0.0,Not Available
GDHM_SURVEY_COUNTRYRESPONSE_SCORE,2023,068,GDHM_CAT1_LEAD_GOV,GDHM_Q02,0.0,Not Available
GDHM_SURVEY_COUNTRYRESPONSE_SCORE,2023,068,GDHM_CAT1_LEAD_GOV,GDHM_Q02a,0.0,Not Available
GDHM_SURVEY_COUNTRYRESPONSE_SCORE,2023,068,GDHM_CAT1_LEAD_GOV,GDHM_Q03,0.0,Not Available
GDHM_SURVEY_COUNTRYRESPONSE_SCORE,2023,068,GDHM_CAT1_LEAD_GOV,GDHM_Q04,3.0,Phase 3
GDHM_SURVEY_COUNTRYRESPONSE_SCORE,2023,068,GDHM_CAT1_LEAD_GOV,GDHM_Q04a,0.0,Not Available
GDHM_SURVEY_CATEGORY_AVG,2023,068,GDHM_CAT1_LEAD_GOV,,3.0,Phase 3
GDHM_SURVEY_COUNTRYRESPONSE_SCORE,2023,068,GDHM_CAT2_STRAT_INV,GDHM_Q05,0.0,Not Available
GDHM_SURVEY_COUNTRYRESPONSE_SCORE,2023,068,GDHM_CAT2_STRAT_INV,GDHM_Q05a,0.0,Not Available
GDHM_SURVEY_COUNTRYRESPONSE_SCORE,2023,068,GDHM_CAT2_STRAT_INV,GDHM_Q06,0.0,Not Available
GDHM_SURVEY_COUNTRYRESPONSE_SCORE,2023,068,GDHM_CAT2_STRAT_INV,GDHM_Q06a,2.0,Phase 2
GDHM_SURVEY_CATEGORY_AVG,2023,068,GDHM_CAT2_STRAT_INV,,1.0,Not Available
GDHM_SURVEY_COUNTRYRESPONSE_SCORE,2023,068,GDHM_CAT3_LEG,GDHM_Q07,1.0,Phase 1
GDHM_SURVEY_COUNTRYRESPONSE_SCORE,2023,068,GDHM_CAT3_LEG,GDHM_Q08,4.0,Phase 4
GDHM_SURVEY_COUNTRYRESPONSE_SCORE,2023,068,GDHM_CAT3_LEG,GDHM_Q09,1.0,Phase 1
GDHM_SURVEY_COUNTRYRESPONSE_SCORE,2023,068,GDHM_CAT3_LEG,GDHM_Q09a,0.0,Not Available
GDHM_SURVEY_COUNTRYRESPONSE_SCORE,2023,068,GDHM_CAT3_LEG,GDHM_Q10,0.0,Not Available
GDHM_SURVEY_CATEGORY_AVG,2023,068,GDHM_CAT3_LEG,,2.0,Phase 2
GDHM_SURVEY_COUNTRYRESPONSE_SCORE,2023,068,GDHM_CAT4_WORKFORCE,GDHM_Q11,0.0,Not Available
GDHM_SURVEY_COUNTRYRESPONSE_SCORE,2023,068,GDHM_CAT4_WORKFORCE,GDHM_Q12,0.0,Not Available
GDHM_SURVEY_COUNTRYRESPONSE_SCORE,2023,068,GDHM_CAT4_WORKFORCE,GDHM_Q13,0.0,Not Available
GDHM_SURVEY_COUNTRYRESPONSE_SCORE,2023,068,GDHM_CAT4_WORKFORCE,GDHM_Q14,0.0,Not Available
GDHM_SURVEY_CATEGORY_AVG,2023,068,GDHM_CAT4_WORKFORCE,,1.0,Not Available
GDHM_SURVEY_COUNTRYRESPONSE_SCORE,2023,068,GDHM_CAT5_STANDARDS,GDHM_Q15,0.0,Not Available
GDHM_SURVEY_COUNTRYRESPONSE_SCORE,2023,068,GDHM_CAT5_STANDARDS,GDHM_Q16,0.0,Not Available
GDHM_SURVEY_CATEGORY_AVG,2023,068,GDHM_CAT5_STANDARDS,,1.0,Not Available
GDHM_SURVEY_COUNTRYRESPONSE_SCORE,2023,068,GDHM_CAT6_INFRASTRUCTURE,GDHM_Q17,2.0,Phase 2
GDHM_SURVEY_COUNTRYRESPONSE_SCORE,2023,068,GDHM_CAT6_INFRASTRUCTURE,GDHM_Q18,4.0,Phase 4
GDHM_SURVEY_CATEGORY_AVG,2023,068,GDHM_CAT6_INFRASTRUCTURE,,3.0,Phase 3
GDHM_SURVEY_COUNTRYRESPONSE_SCORE,2023,068,GDHM_CAT7_SERV_APP,GDHM_Q19,0.0,Not Available
GDHM_SURVEY_COUNTRYRESPONSE_SCORE,2023,068,GDHM_CAT7_SERV_APP,GDHM_Q20,0.0,Not Available
GDHM_SURVEY_COUNTRYRESPONSE_SCORE,2023,068,GDHM_CAT7_SERV_APP,GDHM_Q21,0.0,Not Available
GDHM_SURVEY_COUNTRYRESPONSE_SCORE,2023,068,GDHM_CAT7_SERV_APP,GDHM_Q21a,0.0,Not Available
GDHM_SURVEY_COUNTRYRESPONSE_SCORE,2023,068,GDHM_CAT7_SERV_APP,GDHM_Q21b,0.0,Not Available
GDHM_SURVEY_COUNTRYRESPONSE_SCORE,2023,068,GDHM_CAT7_SERV_APP,GDHM_Q21c,0.0,Not Available
GDHM_SURVEY_COUNTRYRESPONSE_SCORE,2023,068,GDHM_CAT7_SERV_APP,GDHM_Q22,0.0,Not Available
GDHM_SURVEY_COUNTRYRESPONSE_SCORE,2023,068,GDHM_CAT7_SERV_APP,GDHM_Q23,0.0,Not Available
GDHM_SURVEY_CATEGORY_AVG,2023,068,GDHM_CAT7_SERV_APP,,1.0,Not Available
GDHM_SURVEY_COUNTRYRESPONSE_SCORE,2023,070,GDHM_CAT1_LEAD_GOV,GDHM_Q01,0.0,Not Available
GDHM_SURVEY_COUNTRYRESPONSE_SCORE,2023,070,GDHM_CAT1_LEAD_GOV,GDHM_Q02,0.0,Not Available
GDHM_SURVEY_COUNTRYRESPONSE_SCORE,2023,070,GDHM_CAT1_LEAD_GOV,GDHM_Q02a,0.0,Not Available
GDHM_SURVEY_COUNTRYRESPONSE_SCORE,2023,070,GDHM_CAT1_LEAD_GOV,GDHM_Q03,0.0,Not Available
GDHM_SURVEY_COUNTRYRESPONSE_SCORE,2023,070,GDHM_CAT1_LEAD_GOV,GDHM_Q04,4.0,Phase 4
GDHM_SURVEY_COUNTRYRESPONSE_SCORE,2023,070,GDHM_CAT1_LEAD_GOV,GDHM_Q04a,0.0,Not Available
GDHM_SURVEY_CATEGORY_AVG,2023,070,GDHM_CAT1_LEAD_GOV,,4.0,Phase 4
GDHM_SURVEY_COUNTRYRESPONSE_SCORE,2023,070,GDHM_CAT2_STRAT_INV,GDHM_Q05,0.0,Not Available
GDHM_SURVEY_COUNTRYRESPONSE_SCORE,2023,070,GDHM_CAT2_STRAT_INV,GDHM_Q05a,0.0,Not Available
GDHM_SURVEY_COUNTRYRESPONSE_SCORE,2023,070,GDHM_CAT2_STRAT_INV,GDHM_Q06,0.0,Not Available
GDHM_SURVEY_COUNTRYRESPONSE_SCORE,2023,070,GDHM_CAT2_STRAT_INV,GDHM_Q06a,3.0,Phase 3
GDHM_SURVEY_CATEGORY_AVG,2023,070,GDHM_CAT2_STRAT_INV,,1.0,Not Available
GDHM_SURVEY_COUNTRYRESPONSE_SCORE,2023,070,GDHM_CAT3_LEG,GDHM_Q07,2.0,Phase 2
GDHM_SURVEY_COUNTRYRESPONSE_SCORE,2023,070,GDHM_CAT3_LEG,GDHM_Q08,4.0,Phase 4
GDHM_SURVEY_COUNTRYRESPONSE_SCORE,2023,070,GDHM_CAT3_LEG,GDHM_Q09,1.0,Phase 1
GDHM_SURVEY_COUNTRYRESPONSE_SCORE,2023,070,GDHM_CAT3_LEG,GDHM_Q09a,0.0,Not Available
GDHM_SURVEY_COUNTRYRESPONSE_SCORE,2023,070,GDHM_CAT3_LEG,GDHM_Q10,0.0,Not Available
GDHM_SURVEY_CATEGORY_AVG,2023,070,GDHM_CAT3_LEG,,3.0,Phase 3
GDHM_SURVEY_COUNTRYRESPONSE_SCORE,2023,070,GDHM_CAT4_WORKFORCE,GDHM_Q11,0.0,Not Available
GDHM_SURVEY_COUNTRYRESPONSE_SCORE,2023,070,GDHM_CAT4_WORKFORCE,GDHM_Q12,0.0,Not Available
GDHM_SURVEY_COUNTRYRESPONSE_SCORE,2023,070,GDHM_CAT4_WORKFORCE,GDHM_Q13,0.0,Not Available
GDHM_SURVEY_COUNTRYRESPONSE_SCORE,2023,070,GDHM_CAT4_WORKFORCE,GDHM_Q14,0.0,Not Available
GDHM_SURVEY_CATEGORY_AVG,2023,070,GDHM_CAT4_WORKFORCE,,1.0,Not Available
GDHM_SURVEY_COUNTRYRESPONSE_SCORE,2023,070,GDHM_CAT5_STANDARDS,GDHM_Q15,0.0,Not Available
GDHM_SURVEY_COUNTRYRESPONSE_SCORE,2023,070,GDHM_CAT5_STANDARDS,GDHM_Q16,0.0,Not Available
GDHM_SURVEY_CATEGORY_AVG,2023,070,GDHM_CAT5_STANDARDS,,1.0,Not Available
GDHM_SURVEY_COUNTRYRESPONSE_SCORE,2023,070,GDHM_CAT6_INFRASTRUCTURE,GDHM_Q17,2.0,Phase 2
GDHM_SURVEY_COUNTRYRESPONSE_SCORE,2023,070,GDHM_CAT6_INFRASTRUCTURE,GDHM_Q18,4.0,Phase 4
GDHM_SURVEY_CATEGORY_AVG,2023,070,GDHM_CAT6_INFRASTRUCTURE,,3.0,Phase 3
GDHM_SURVEY_COUNTRYRESPONSE_SCORE,2023,070,GDHM_CAT7_SERV_APP,GDHM_Q19,0.0,Not Available
GDHM_SURVEY_COUNTRYRESPONSE_SCORE,2023,070,GDHM_CAT7_SERV_APP,GDHM_Q20,0.0,Not Available
GDHM_SURVEY_COUNTRYRESPONSE_SCORE,2023,070,GDHM_CAT7_SERV_APP,GDHM_Q21,0.0,Not Available
GDHM_SURVEY_COUNTRYRESPONSE_SCORE,2023,070,GDHM_CAT7_SERV_APP,GDHM_Q21a,0.0,Not Available
GDHM_SURVEY_COUNTRYRESPONSE_SCORE,2023,070,GDHM_CAT7_SERV_APP,GDHM_Q21b,0.0,Not Available
GDHM_SURVEY_COUNTRYRESPONSE_SCORE,2023,070,GDHM_CAT7_SERV_APP,GDHM_Q21c,0.0,Not Available
GDHM_SURVEY_COUNTRYRESPONSE_SCORE,2023,070,GDHM_CAT7_SERV_APP,GDHM_Q22,0.0,Not Available
GDHM_SURVEY_COUNTRYRESPONSE_SCORE,2023,070,GDHM_CAT7_SERV_APP,GDHM_Q23,0.0,Not Available
GDHM_SURVEY_CATEGORY_AVG,2023,070,GDHM_CAT7_SERV_APP,,1.0,Not Available
GDHM_SURVEY_COUNTRYRESPONSE_SCORE,2023,072,GDHM_CAT1_LEAD_GOV,GDHM_Q01,0.0,Not Available
GDHM_SURVEY_COUNTRYRESPONSE_SCORE,2023,072,GDHM_CAT1_LEAD_GOV,GDHM_Q02,0.0,Not Available
GDHM_SURVEY_COUNTRYRESPONSE_SCORE,2023,072,GDHM_CAT1_LEAD_GOV,GDHM_Q02a,0.0,Not Available
GDHM_SURVEY_COUNTRYRESPONSE_SCORE,2023,072,GDHM_CAT1_LEAD_GOV,GDHM_Q03,0.0,Not Available
GDHM_SURVEY_COUNTRYRESPONSE_SCORE,2023,072,GDHM_CAT1_LEAD_GOV,GDHM_Q04,3.0,Phase 3
GDHM_SURVEY_COUNTRYRESPONSE_SCORE,2023,072,GDHM_CAT1_LEAD_GOV,GDHM_Q04a,0.0,Not Available
GDHM_SURVEY_CATEGORY_AVG,2023,072,GDHM_CAT1_LEAD_GOV,,3.0,Phase 3
GDHM_SURVEY_COUNTRYRESPONSE_SCORE,2023,072,GDHM_CAT2_STRAT_INV,GDHM_Q05,0.0,Not Available
GDHM_SURVEY_COUNTRYRESPONSE_SCORE,2023,072,GDHM_CAT2_STRAT_INV,GDHM_Q05a,0.0,Not Available
GDHM_SURVEY_COUNTRYRESPONSE_SCORE,2023,072,GDHM_CAT2_STRAT_INV,GDHM_Q06,0.0,Not Available
GDHM_SURVEY_COUNTRYRESPONSE_SCORE,2023,072,GDHM_CAT2_STRAT_INV,GDHM_Q06a,2.0,Phase 2
GDHM_SURVEY_CATEGORY_AVG,2023,072,GDHM_CAT2_STRAT_INV,,1.0,Not Available
GDHM_SURVEY_COUNTRYRESPONSE_SCORE,2023,072,GDHM_CAT3_LEG,GDHM_Q07,3.0,Phase 3
GDHM_SURVEY_COUNTRYRESPONSE_SCORE,2023,072,GDHM_CAT3_LEG,GDHM_Q08,4.0,Phase 4
GDHM_SURVEY_COUNTRYRESPONSE_SCORE,2023,072,GDHM_CAT3_LEG,GDHM_Q09,2.0,Phase 2
GDHM_SURVEY_COUNTRYRESPONSE_SCORE,2023,072,GDHM_CAT3_LEG,GDHM_Q09a,0.0,Not Available
GDHM_SURVEY_COUNTRYRESPONSE_SCORE,2023,072,GDHM_CAT3_LEG,GDHM_Q10,0.0,Not Available
GDHM_SURVEY_CATEGORY_AVG,2023,072,GDHM_CAT3_LEG,,3.0,Phase 3
GDHM_SURVEY_COUNTRYRESPONSE_SCORE,2023,408,GDHM_CAT4_WORKFORCE,GDHM_Q13,0.0,Not Available
GDHM_SURVEY_COUNTRYRESPONSE_SCORE,2023,408,GDHM_CAT4_WORKFORCE,GDHM_Q14,0.0,Not Available
GDHM_SURVEY_CATEGORY_AVG,2023,408,GDHM_CAT4_WORKFORCE,,1.0,Not Available
GDHM_SURVEY_COUNTRYRESPONSE_SCORE,2023,408,GDHM_CAT5_STANDARDS,GDHM_Q15,0.0,Not Available
GDHM_SURVEY_COUNTRYRESPONSE_SCORE,2023,408,GDHM_CAT5_STANDARDS,GDHM_Q16,0.0,Not Available
GDHM_SURVEY_CATEGORY_AVG,2023,408,GDHM_CAT5_STANDARDS,,1.0,Not Available
GDHM_SURVEY_COUNTRYRESPONSE_SCORE,2023,408,GDHM_CAT6_INFRASTRUCTURE,GDHM_Q17,0.0,Not Available
GDHM_SURVEY_COUNTRYRESPONSE_SCORE,2023,408,GDHM_CAT6_INFRASTRUCTURE,GDHM_Q18,0.0,Not Available
GDHM_SURVEY_CATEGORY_AVG,2023,408,GDHM_CAT6_INFRASTRUCTURE,,1.0,Not Available
GDHM_SURVEY_COUNTRYRESPONSE_SCORE,2023,408,GDHM_CAT7_SERV_APP,GDHM_Q19,0.0,Not Available
GDHM_SURVEY_COUNTRYRESPONSE_SCORE,2023,408,GDHM_CAT7_SERV_APP,GDHM_Q20,0.0,Not Available
GDHM_SURVEY_COUNTRYRESPONSE_SCORE,2023,408,GDHM_CAT7_SERV_APP,GDHM_Q21,0.0,Not Available
GDHM_SURVEY_COUNTRYRESPONSE_SCORE,2023,408,GDHM_CAT7_SERV_APP,GDHM_Q21a,0.0,Not Available
GDHM_SURVEY_COUNTRYRESPONSE_SCORE,2023,408,GDHM_CAT7_SERV_APP,GDHM_Q21b,0.0,Not Available
GDHM_SURVEY_COUNTRYRESPONSE_SCORE,2023,408,GDHM_CAT7_SERV_APP,GDHM_Q21c,0.0,Not Available
GDHM_SURVEY_COUNTRYRESPONSE_SCORE,2023,408,GDHM_CAT7_SERV_APP,GDHM_Q22,0.0,Not Available
GDHM_SURVEY_COUNTRYRESPONSE_SCORE,2023,408,GDHM_CAT7_SERV_APP,GDHM_Q23,0.0,Not Available
GDHM_SURVEY_CATEGORY_AVG,2023,408,GDHM_CAT7_SERV_APP,,1.0,Not Available
GDHM_SURVEY_COUNTRYRESPONSE_SCORE,2023,180,GDHM_CAT1_LEAD_GOV,GDHM_Q01,4.0,Phase 4
GDHM_SURVEY_COUNTRYRESPONSE_SCORE,2023,180,GDHM_CAT1_LEAD_GOV,GDHM_Q02,4.0,Phase 4
GDHM_SURVEY_COUNTRYRESPONSE_SCORE,2023,180,GDHM_CAT1_LEAD_GOV,GDHM_Q02a,4.0,Phase 4
GDHM_SURVEY_COUNTRYRESPONSE_SCORE,2023,180,GDHM_CAT1_LEAD_GOV,GDHM_Q03,1.0,Phase 1
GDHM_SURVEY_COUNTRYRESPONSE_SCORE,2023,180,GDHM_CAT1_LEAD_GOV,GDHM_Q04,3.0,Phase 3
GDHM_SURVEY_COUNTRYRESPONSE_SCORE,2023,180,GDHM_CAT1_LEAD_GOV,GDHM_Q04a,3.0,Phase 3
GDHM_SURVEY_CATEGORY_AVG,2023,180,GDHM_CAT1_LEAD_GOV,,3.0,Phase 3
GDHM_SURVEY_COUNTRYRESPONSE_SCORE,2023,180,GDHM_CAT2_STRAT_INV,GDHM_Q05,3.0,Phase 3
GDHM_SURVEY_COUNTRYRESPONSE_SCORE,2023,180,GDHM_CAT2_STRAT_INV,GDHM_Q05a,5.0,Phase 5
GDHM_SURVEY_COUNTRYRESPONSE_SCORE,2023,180,GDHM_CAT2_STRAT_INV,GDHM_Q06,3.0,Phase 3
GDHM_SURVEY_COUNTRYRESPONSE_SCORE,2023,180,GDHM_CAT2_STRAT_INV,GDHM_Q06a,3.0,Phase 3
GDHM_SURVEY_CATEGORY_AVG,2023,180,GDHM_CAT2_STRAT_INV,,3.0,Phase 3
GDHM_SURVEY_COUNTRYRESPONSE_SCORE,2023,180,GDHM_CAT3_LEG,GDHM_Q07,2.0,Phase 2
GDHM_SURVEY_COUNTRYRESPONSE_SCORE,2023,180,GDHM_CAT3_LEG,GDHM_Q08,2.0,Phase 2
GDHM_SURVEY_COUNTRYRESPONSE_SCORE,2023,180,GDHM_CAT3_LEG,GDHM_Q09,1.0,Phase 1
GDHM_SURVEY_COUNTRYRESPONSE_SCORE,2023,180,GDHM_CAT3_LEG,GDHM_Q09a,1.0,Phase 1
GDHM_SURVEY_COUNTRYRESPONSE_SCORE,2023,180,GDHM_CAT3_LEG,GDHM_Q10,1.0,Phase 1
GDHM_SURVEY_CATEGORY_AVG,2023,180,GDHM_CAT3_LEG,,2.0,Phase 2
GDHM_SURVEY_COUNTRYRESPONSE_SCORE,2023,180,GDHM_CAT4_WORKFORCE,GDHM_Q11,2.0,Phase 2
GDHM_SURVEY_COUNTRYRESPONSE_SCORE,2023,180,GDHM_CAT4_WORKFORCE,GDHM_Q12,2.0,Phase 2
GDHM_SURVEY_COUNTRYRESPONSE_SCORE,2023,180,GDHM_CAT4_WORKFORCE,GDHM_Q13,1.0,Phase 1
GDHM_SURVEY_COUNTRYRESPONSE_SCORE,2023,180,GDHM_CAT4_WORKFORCE,GDHM_Q14,2.0,Phase 2
GDHM_SURVEY_CATEGORY_AVG,2023,180,GDHM_CAT4_WORKFORCE,,2.0,Phase 2
GDHM_SURVEY_COUNTRYRESPONSE_SCORE,2023,180,GDHM_CAT5_STANDARDS,GDHM_Q15,2.0,Phase 2
GDHM_SURVEY_COUNTRYRESPONSE_SCORE,2023,180,GDHM_CAT5_STANDARDS,GDHM_Q16,1.0,Phase 1
GDHM_SURVEY_CATEGORY_AVG,2023,180,GDHM_CAT5_STANDARDS,,2.0,Phase 2
GDHM_SURVEY_COUNTRYRESPONSE_SCORE,2023,180,GDHM_CAT6_INFRASTRUCTURE,GDHM_Q17,4.0,Phase 4
GDHM_SURVEY_COUNTRYRESPONSE_SCORE,2023,180,GDHM_CAT6_INFRASTRUCTURE,GDHM_Q18,2.0,Phase 2
GDHM_SURVEY_CATEGORY_AVG,2023,180,GDHM_CAT6_INFRASTRUCTURE,,3.0,Phase 3
GDHM_SURVEY_COUNTRYRESPONSE_SCORE,2023,180,GDHM_CAT7_SERV_APP,GDHM_Q19,3.0,Phase 3
GDHM_SURVEY_COUNTRYRESPONSE_SCORE,2023,180,GDHM_CAT7_SERV_APP,GDHM_Q20,2.0,Phase 2
GDHM_SURVEY_COUNTRYRESPONSE_SCORE,2023,180,GDHM_CAT7_SERV_APP,GDHM_Q21,1.0,Phase 1
GDHM_SURVEY_COUNTRYRESPONSE_SCORE,2023,180,GDHM_CAT7_SERV_APP,GDHM_Q21a,1.0,Phase 1
GDHM_SURVEY_COUNTRYRESPONSE_SCORE,2023,180,GDHM_CAT7_SERV_APP,GDHM_Q21b,1.0,Phase 1
GDHM_SURVEY_COUNTRYRESPONSE_SCORE,2023,180,GDHM_CAT7_SERV_APP,GDHM_Q21c,1.0,Phase 1
GDHM_SURVEY_COUNTRYRESPONSE_SCORE,2023,180,GDHM_CAT7_SERV_APP,GDHM_Q22,1.0,Phase 1
GDHM_SURVEY_COUNTRYRESPONSE_SCORE,2023,180,GDHM_CAT7_SERV_APP,GDHM_Q23,3.0,Phase 3
GDHM_SURVEY_CATEGORY_AVG,2023,180,GDHM_CAT7_SERV_APP,,2.0,Phase 2
GDHM_SURVEY_COUNTRYRESPONSE_SCORE,2023,208,GDHM_CAT1_LEAD_GOV,GDHM_Q01,0.0,Not Available
GDHM_SURVEY_COUNTRYRESPONSE_SCORE,2023,208,GDHM_CAT1_LEAD_GOV,GDHM_Q02,0.0,Not Available
GDHM_SURVEY_COUNTRYRESPONSE_SCORE,2023,208,GDHM_CAT1_LEAD_GOV,GDHM_Q02a,0.0,Not Available
GDHM_SURVEY_COUNTRYRESPONSE_SCORE,2023,208,GDHM_CAT1_LEAD_GOV,GDHM_Q03,0.0,Not Available
GDHM_SURVEY_COUNTRYRESPONSE_SCORE,2023,208,GDHM_CAT1_LEAD_GOV,GDHM_Q04,5.0,Phase 5
GDHM_SURVEY_COUNTRYRESPONSE_SCORE,2023,208,GDHM_CAT1_LEAD_GOV,GDHM_Q04a,0.0,Not Available
GDHM_SURVEY_CATEGORY_AVG,2023,208,GDHM_CAT1_LEAD_GOV,,5.0,Phase 5
GDHM_SURVEY_COUNTRYRESPONSE_SCORE,2023,208,GDHM_CAT2_STRAT_INV,GDHM_Q05,0.0,Not Available
GDHM_SURVEY_COUNTRYRESPONSE_SCORE,2023,208,GDHM_CAT2_STRAT_INV,GDHM_Q05a,0.0,Not Available
GDHM_SURVEY_COUNTRYRESPONSE_SCORE,2023,208,GDHM_CAT2_STRAT_INV,GDHM_Q06,0.0,Not Available
GDHM_SURVEY_COUNTRYRESPONSE_SCORE,2023,208,GDHM_CAT2_STRAT_INV,GDHM_Q06a,4.0,Phase 4
GDHM_SURVEY_CATEGORY_AVG,2023,208,GDHM_CAT2_STRAT_INV,,1.0,Not Available
GDHM_SURVEY_COUNTRYRESPONSE_SCORE,2023,208,GDHM_CAT3_LEG,GDHM_Q07,5.0,Phase 5
GDHM_SURVEY_COUNTRYRESPONSE_SCORE,2023,208,GDHM_CAT3_LEG,GDHM_Q08,4.0,Phase 4
GDHM_SURVEY_COUNTRYRESPONSE_SCORE,2023,208,GDHM_CAT3_LEG,GDHM_Q09,4.0,Phase 4
GDHM_SURVEY_COUNTRYRESPONSE_SCORE,2023,208,GDHM_CAT3_LEG,GDHM_Q09a,0.0,Not Available
GDHM_SURVEY_COUNTRYRESPONSE_SCORE,2023,208,GDHM_CAT3_LEG,GDHM_Q10,0.0,Not Available
GDHM_SURVEY_CATEGORY_AVG,2023,208,GDHM_CAT3_LEG,,5.0,Phase 5
GDHM_SURVEY_COUNTRYRESPONSE_SCORE,2023,208,GDHM_CAT4_WORKFORCE,GDHM_Q11,0.0,Not Available
GDHM_SURVEY_COUNTRYRESPONSE_SCORE,2023,208,GDHM_CAT4_WORKFORCE,GDHM_Q12,0.0,Not Available
GDHM_SURVEY_COUNTRYRESPONSE_SCORE,2023,208,GDHM_CAT4_WORKFORCE,GDHM_Q13,0.0,Not Available
GDHM_SURVEY_COUNTRYRESPONSE_SCORE,2023,208,GDHM_CAT4_WORKFORCE,GDHM_Q14,0.0,Not Available
GDHM_SURVEY_CATEGORY_AVG,2023,208,GDHM_CAT4_WORKFORCE,,1.0,Not Available
GDHM_SURVEY_COUNTRYRESPONSE_SCORE,2023,208,GDHM_CAT5_STANDARDS,GDHM_Q15,0.0,Not Available
GDHM_SURVEY_COUNTRYRESPONSE_SCORE,2023,208,GDHM_CAT5_STANDARDS,GDHM_Q16,0.0,Not Available
GDHM_SURVEY_CATEGORY_AVG,2023,208,GDHM_CAT5_STANDARDS,,1.0,Not Available
GDHM_SURVEY_COUNTRYRESPONSE_SCORE,2023,208,GDHM_CAT6_INFRASTRUCTURE,GDHM_Q17,4.0,Phase 4
GDHM_SURVEY_COUNTRYRESPONSE_SCORE,2023,208,GDHM_CAT6_INFRASTRUCTURE,GDHM_Q18,5.0,Phase 5
GDHM_SURVEY_CATEGORY_AVG,2023,208,GDHM_CAT6_INFRASTRUCTURE,,5.0,Phase 5
GDHM_SURVEY_COUNTRYRESPONSE_SCORE,2023,208,GDHM_CAT7_SERV_APP,GDHM_Q19,0.0,Not Available
GDHM_SURVEY_COUNTRYRESPONSE_SCORE,2023,208,GDHM_CAT7_SERV_APP,GDHM_Q20,0.0,Not Available
GDHM_SURVEY_COUNTRYRESPONSE_SCORE,2023,208,GDHM_CAT7_SERV_APP,GDHM_Q21,0.0,Not Available
GDHM_SURVEY_COUNTRYRESPONSE_SCORE,2023,208,GDHM_CAT7_SERV_APP,GDHM_Q21a,0.0,Not Available
GDHM_SURVEY_COUNTRYRESPONSE_SCORE,2023,208,GDHM_CAT7_SERV_APP,GDHM_Q21b,0.0,Not Available
GDHM_SURVEY_COUNTRYRESPONSE_SCORE,2023,208,GDHM_CAT7_SERV_APP,GDHM_Q21c,0.0,Not Available
GDHM_SURVEY_COUNTRYRESPONSE_SCORE,2023,208,GDHM_CAT7_SERV_APP,GDHM_Q22,0.0,Not Available
GDHM_SURVEY_COUNTRYRESPONSE_SCORE,2023,208,GDHM_CAT7_SERV_APP,GDHM_Q23,0.0,Not Available
GDHM_SURVEY_CATEGORY_AVG,2023,208,GDHM_CAT7_SERV_APP,,1.0,Not Available
GDHM_SURVEY_COUNTRYRESPONSE_SCORE,2023,214,GDHM_CAT1_LEAD_GOV,GDHM_Q01,2.0,Phase 2
GDHM_SURVEY_COUNTRYRESPONSE_SCORE,2023,214,GDHM_CAT1_LEAD_GOV,GDHM_Q02,2.0,Phase 2
GDHM_SURVEY_COUNTRYRESPONSE_SCORE,2023,214,GDHM_CAT1_LEAD_GOV,GDHM_Q02a,0.0,Not Available
GDHM_SURVEY_COUNTRYRESPONSE_SCORE,2023,214,GDHM_CAT1_LEAD_GOV,GDHM_Q03,0.0,Not Available
GDHM_SURVEY_COUNTRYRESPONSE_SCORE,2023,214,GDHM_CAT1_LEAD_GOV,GDHM_Q04,0.0,Not Available
GDHM_SURVEY_COUNTRYRESPONSE_SCORE,2023,214,GDHM_CAT1_LEAD_GOV,GDHM_Q04a,0.0,Not Available
GDHM_SURVEY_CATEGORY_AVG,2023,214,GDHM_CAT1_LEAD_GOV,,2.0,Phase 2
GDHM_SURVEY_COUNTRYRESPONSE_SCORE,2023,214,GDHM_CAT2_STRAT_INV,GDHM_Q05,1.0,Phase 1
GDHM_SURVEY_COUNTRYRESPONSE_SCORE,2023,214,GDHM_CAT2_STRAT_INV,GDHM_Q05a,0.0,Not Available
GDHM_SURVEY_COUNTRYRESPONSE_SCORE,2023,214,GDHM_CAT2_STRAT_INV,GDHM_Q06,1.0,Phase 1
GDHM_SURVEY_COUNTRYRESPONSE_SCORE,2023,214,GDHM_CAT2_STRAT_INV,GDHM_Q06a,0.0,Not Available
GDHM_SURVEY_CATEGORY_AVG,2023,214,GDHM_CAT2_STRAT_INV,,1.0,Phase 1
GDHM_SURVEY_COUNTRYRESPONSE_SCORE,2023,214,GDHM_CAT3_LEG,GDHM_Q07,2.0,Phase 2
GDHM_SURVEY_COUNTRYRESPONSE_SCORE,2023,214,GDHM_CAT3_LEG,GDHM_Q08,3.0,Phase 3
GDHM_SURVEY_COUNTRYRESPONSE_SCORE,2023,214,GDHM_CAT3_LEG,GDHM_Q09,2.0,Phase 2
GDHM_SURVEY_COUNTRYRESPONSE_SCORE,2023,214,GDHM_CAT3_LEG,GDHM_Q09a,0.0,Not Available
GDHM_SURVEY_COUNTRYRESPONSE_SCORE,2023,214,GDHM_CAT3_LEG,GDHM_Q10,2.0,Phase 2
GDHM_SURVEY_CATEGORY_AVG,2023,214,GDHM_CAT3_LEG,,3.0,Phase 3
GDHM_SURVEY_COUNTRYRESPONSE_SCORE,2023,214,GDHM_CAT4_WORKFORCE,GDHM_Q11,1.0,Phase 1
GDHM_SURVEY_COUNTRYRESPONSE_SCORE,2023,214,GDHM_CAT4_WORKFORCE,GDHM_Q12,1.0,Phase 1
GDHM_SURVEY_COUNTRYRESPONSE_SCORE,2023,214,GDHM_CAT4_WORKFORCE,GDHM_Q13,1.0,Phase 1
GDHM_SURVEY_COUNTRYRESPONSE_SCORE,2023,214,GDHM_CAT4_WORKFORCE,GDHM_Q14,1.0,Phase 1
GDHM_SURVEY_CATEGORY_AVG,2023,214,GDHM_CAT4_WORKFORCE,,1.0,Phase 1
GDHM_SURVEY_COUNTRYRESPONSE_SCORE,2023,214,GDHM_CAT5_STANDARDS,GDHM_Q15,1.0,Phase 1
GDHM_SURVEY_COUNTRYRESPONSE_SCORE,2023,214,GDHM_CAT5_STANDARDS,GDHM_Q16,1.0,Phase 1
GDHM_SURVEY_CATEGORY_AVG,2023,214,GDHM_CAT5_STANDARDS,,1.0,Phase 1
GDHM_SURVEY_COUNTRYRESPONSE_SCORE,2023,214,GDHM_CAT6_INFRASTRUCTURE,GDHM_Q17,0.0,Not Available
GDHM_SURVEY_COUNTRYRESPONSE_SCORE,2023,214,GDHM_CAT6_INFRASTRUCTURE,GDHM_Q18,3.0,Phase 3
GDHM_SURVEY_CATEGORY_AVG,2023,214,GDHM_CAT6_INFRASTRUCTURE,,3.0,Phase 3
GDHM_SURVEY_COUNTRYRESPONSE_SCORE,2023,214,GDHM_CAT7_SERV_APP,GDHM_Q19,2.0,Phase 2
GDHM_SURVEY_COUNTRYRESPONSE_SCORE,2023,214,GDHM_CAT7_SERV_APP,GDHM_Q20,3.0,Phase 3
GDHM_SURVEY_COUNTRYRESPONSE_SCORE,2023,214,GDHM_CAT7_SERV_APP,GDHM_Q21,2.0,Phase 2
GDHM_SURVEY_COUNTRYRESPONSE_SCORE,2023,214,GDHM_CAT7_SERV_APP,GDHM_Q21a,2.0,Phase 2
GDHM_SURVEY_COUNTRYRESPONSE_SCORE,2023,214,GDHM_CAT7_SERV_APP,GDHM_Q21b,2.0,Phase 2
GDHM_SURVEY_COUNTRYRESPONSE_SCORE,2023,214,GDHM_CAT7_SERV_APP,GDHM_Q21c,2.0,Phase 2
GDHM_SURVEY_COUNTRYRESPONSE_SCORE,2023,214,GDHM_CAT7_SERV_APP,GDHM_Q22,0.0,Not Available
GDHM_SURVEY_COUNTRYRESPONSE_SCORE,2023,214,GDHM_CAT7_SERV_APP,GDHM_Q23,0.0,Not Available
GDHM_SURVEY_CATEGORY_AVG,2023,214,GDHM_CAT7_SERV_APP,,3.0,Phase 3
GDHM_SURVEY_COUNTRYRESPONSE_SCORE,2023,218,GDHM_CAT1_LEAD_GOV,GDHM_Q01,0.0,Not Available
GDHM_SURVEY_COUNTRYRESPONSE_SCORE,2023,218,GDHM_CAT1_LEAD_GOV,GDHM_Q02,0.0,Not Available
GDHM_SURVEY_COUNTRYRESPONSE_SCORE,2023,218,GDHM_CAT1_LEAD_GOV,GDHM_Q02a,0.0,Not Available
GDHM_SURVEY_COUNTRYRESPONSE_SCORE,2023,218,GDHM_CAT1_LEAD_GOV,GDHM_Q03,0.0,Not Available
GDHM_SURVEY_COUNTRYRESPONSE_SCORE,2023,218,GDHM_CAT1_LEAD_GOV,GDHM_Q04,3.0,Phase 3
GDHM_SURVEY_COUNTRYRESPONSE_SCORE,2023,218,GDHM_CAT1_LEAD_GOV,GDHM_Q04a,0.0,Not Available
GDHM_SURVEY_CATEGORY_AVG,2023,218,GDHM_CAT1_LEAD_GOV,,3.0,Phase 3
GDHM_SURVEY_COUNTRYRESPONSE_SCORE,2023,218,GDHM_CAT2_STRAT_INV,GDHM_Q05,0.0,Not Available
GDHM_SURVEY_COUNTRYRESPONSE_SCORE,2023,218,GDHM_CAT2_STRAT_INV,GDHM_Q05a,0.0,Not Available
GDHM_SURVEY_COUNTRYRESPONSE_SCORE,2023,218,GDHM_CAT2_STRAT_INV,GDHM_Q06,0.0,Not Available
GDHM_SURVEY_COUNTRYRESPONSE_SCORE,2023,218,GDHM_CAT2_STRAT_INV,GDHM_Q06a,2.0,Phase 2
GDHM_SURVEY_CATEGORY_AVG,2023,218,GDHM_CAT2_STRAT_INV,,1.0,Not Available
GDHM_SURVEY_COUNTRYRESPONSE_SCORE,2023,218,GDHM_CAT3_LEG,GDHM_Q07,2.0,Phase 2
GDHM_SURVEY_COUNTRYRESPONSE_SCORE,2023,218,GDHM_CAT3_LEG,GDHM_Q08,4.0,Phase 4
GDHM_SURVEY_COUNTRYRESPONSE_SCORE,2023,218,GDHM_CAT3_LEG,GDHM_Q09,2.0,Phase 2
GDHM_SURVEY_COUNTRYRESPONSE_SCORE,2023,218,GDHM_CAT3_LEG,GDHM_Q09a,0.0,Not Available
GDHM_SURVEY_COUNTRYRESPONSE_SCORE,2023,218,GDHM_CAT3_LEG,GDHM_Q10,0.0,Not Available
GDHM_SURVEY_CATEGORY_AVG,2023,218,GDHM_CAT3_LEG,,3.0,Phase 3
GDHM_SURVEY_COUNTRYRESPONSE_SCORE,2023,218,GDHM_CAT4_WORKFORCE,GDHM_Q11,0.0,Not Available
GDHM_SURVEY_COUNTRYRESPONSE_SCORE,2023,218,GDHM_CAT4_WORKFORCE,GDHM_Q12,0.0,Not Available
GDHM_SURVEY_COUNTRYRESPONSE_SCORE,2023,218,GDHM_CAT4_WORKFORCE,GDHM_Q13,0.0,Not Available
GDHM_SURVEY_COUNTRYRESPONSE_SCORE,2023,218,GDHM_CAT4_WORKFORCE,GDHM_Q14,0.0,Not Available
GDHM_SURVEY_CATEGORY_AVG,2023,218,GDHM_CAT4_WORKFORCE,,1.0,Not Available
GDHM_SURVEY_COUNTRYRESPONSE_SCORE,2023,218,GDHM_CAT5_STANDARDS,GDHM_Q15,0.0,Not Available
GDHM_SURVEY_COUNTRYRESPONSE_SCORE,2023,218,GDHM_CAT5_STANDARDS,GDHM_Q16,0.0,Not Available
GDHM_SURVEY_CATEGORY_AVG,2023,218,GDHM_CAT5_STANDARDS,,1.0,Not Available
GDHM_SURVEY_COUNTRYRESPONSE_SCORE,2023,218,GDHM_CAT6_INFRASTRUCTURE,GDHM_Q17,2.0,Phase 2
GDHM_SURVEY_COUNTRYRESPONSE_SCORE,2023,218,GDHM_CAT6_INFRASTRUCTURE,GDHM_Q18,4.0,Phase 4
GDHM_SURVEY_COUNTRYRESPONSE_SCORE,2023,376,GDHM_CAT1_LEAD_GOV,GDHM_Q01,0.0,Not Available
GDHM_SURVEY_COUNTRYRESPONSE_SCORE,2023,376,GDHM_CAT1_LEAD_GOV,GDHM_Q02,0.0,Not Available
GDHM_SURVEY_COUNTRYRESPONSE_SCORE,2023,376,GDHM_CAT1_LEAD_GOV,GDHM_Q02a,0.0,Not Available
GDHM_SURVEY_COUNTRYRESPONSE_SCORE,2023,376,GDHM_CAT1_LEAD_GOV,GDHM_Q03,0.0,Not Available
GDHM_SURVEY_COUNTRYRESPONSE_SCORE,2023,376,GDHM_CAT1_LEAD_GOV,GDHM_Q04,4.0,Phase 4
GDHM_SURVEY_COUNTRYRESPONSE_SCORE,2023,376,GDHM_CAT1_LEAD_GOV,GDHM_Q04a,0.0,Not Available
GDHM_SURVEY_CATEGORY_AVG,2023,376,GDHM_CAT1_LEAD_GOV,,4.0,Phase 4
GDHM_SURVEY_COUNTRYRESPONSE_SCORE,2023,376,GDHM_CAT2_STRAT_INV,GDHM_Q05,0.0,Not Available
GDHM_SURVEY_COUNTRYRESPONSE_SCORE,2023,376,GDHM_CAT2_STRAT_INV,GDHM_Q05a,0.0,Not Available
GDHM_SURVEY_COUNTRYRESPONSE_SCORE,2023,376,GDHM_CAT2_STRAT_INV,GDHM_Q06,0.0,Not Available
GDHM_SURVEY_COUNTRYRESPONSE_SCORE,2023,376,GDHM_CAT2_STRAT_INV,GDHM_Q06a,4.0,Phase 4
GDHM_SURVEY_CATEGORY_AVG,2023,376,GDHM_CAT2_STRAT_INV,,1.0,Not Available
GDHM_SURVEY_COUNTRYRESPONSE_SCORE,2023,376,GDHM_CAT3_LEG,GDHM_Q07,5.0,Phase 5
GDHM_SURVEY_COUNTRYRESPONSE_SCORE,2023,376,GDHM_CAT3_LEG,GDHM_Q08,5.0,Phase 5
GDHM_SURVEY_COUNTRYRESPONSE_SCORE,2023,376,GDHM_CAT3_LEG,GDHM_Q09,5.0,Phase 5
GDHM_SURVEY_COUNTRYRESPONSE_SCORE,2023,376,GDHM_CAT3_LEG,GDHM_Q09a,0.0,Not Available
GDHM_SURVEY_COUNTRYRESPONSE_SCORE,2023,376,GDHM_CAT3_LEG,GDHM_Q10,0.0,Not Available
GDHM_SURVEY_CATEGORY_AVG,2023,376,GDHM_CAT3_LEG,,5.0,Phase 5
GDHM_SURVEY_COUNTRYRESPONSE_SCORE,2023,376,GDHM_CAT4_WORKFORCE,GDHM_Q11,0.0,Not Available
GDHM_SURVEY_COUNTRYRESPONSE_SCORE,2023,376,GDHM_CAT4_WORKFORCE,GDHM_Q12,0.0,Not Available
GDHM_SURVEY_COUNTRYRESPONSE_SCORE,2023,376,GDHM_CAT4_WORKFORCE,GDHM_Q13,0.0,Not Available
GDHM_SURVEY_COUNTRYRESPONSE_SCORE,2023,376,GDHM_CAT4_WORKFORCE,GDHM_Q14,0.0,Not Available
GDHM_SURVEY_CATEGORY_AVG,2023,376,GDHM_CAT4_WORKFORCE,,1.0,Not Available
GDHM_SURVEY_COUNTRYRESPONSE_SCORE,2023,376,GDHM_CAT5_STANDARDS,GDHM_Q15,0.0,Not Available
GDHM_SURVEY_COUNTRYRESPONSE_SCORE,2023,376,GDHM_CAT5_STANDARDS,GDHM_Q16,0.0,Not Available
GDHM_SURVEY_CATEGORY_AVG,2023,376,GDHM_CAT5_STANDARDS,,1.0,Not Available
GDHM_SURVEY_COUNTRYRESPONSE_SCORE,2023,376,GDHM_CAT6_INFRASTRUCTURE,GDHM_Q17,4.0,Phase 4
GDHM_SURVEY_COUNTRYRESPONSE_SCORE,2023,376,GDHM_CAT6_INFRASTRUCTURE,GDHM_Q18,4.0,Phase 4
GDHM_SURVEY_CATEGORY_AVG,2023,376,GDHM_CAT6_INFRASTRUCTURE,,4.0,Phase 4
GDHM_SURVEY_COUNTRYRESPONSE_SCORE,2023,376,GDHM_CAT7_SERV_APP,GDHM_Q19,0.0,Not Available
GDHM_SURVEY_COUNTRYRESPONSE_SCORE,2023,376,GDHM_CAT7_SERV_APP,GDHM_Q20,0.0,Not Available
GDHM_SURVEY_COUNTRYRESPONSE_SCORE,2023,376,GDHM_CAT7_SERV_APP,GDHM_Q21,0.0,Not Available
GDHM_SURVEY_COUNTRYRESPONSE_SCORE,2023,376,GDHM_CAT7_SERV_APP,GDHM_Q21a,0.0,Not Available
GDHM_SURVEY_COUNTRYRESPONSE_SCORE,2023,376,GDHM_CAT7_SERV_APP,GDHM_Q21b,0.0,Not Available
GDHM_SURVEY_COUNTRYRESPONSE_SCORE,2023,376,GDHM_CAT7_SERV_APP,GDHM_Q21c,0.0,Not Available
GDHM_SURVEY_COUNTRYRESPONSE_SCORE,2023,376,GDHM_CAT7_SERV_APP,GDHM_Q22,0.0,Not Available
GDHM_SURVEY_COUNTRYRESPONSE_SCORE,2023,376,GDHM_CAT7_SERV_APP,GDHM_Q23,0.0,Not Available
GDHM_SURVEY_CATEGORY_AVG,2023,376,GDHM_CAT7_SERV_APP,,1.0,Not Available
GDHM_SURVEY_COUNTRYRESPONSE_SCORE,2023,380,GDHM_CAT1_LEAD_GOV,GDHM_Q01,0.0,Not Available
GDHM_SURVEY_COUNTRYRESPONSE_SCORE,2023,380,GDHM_CAT1_LEAD_GOV,GDHM_Q02,0.0,Not Available
GDHM_SURVEY_COUNTRYRESPONSE_SCORE,2023,380,GDHM_CAT1_LEAD_GOV,GDHM_Q02a,0.0,Not Available
GDHM_SURVEY_COUNTRYRESPONSE_SCORE,2023,380,GDHM_CAT1_LEAD_GOV,GDHM_Q03,0.0,Not Available
GDHM_SURVEY_COUNTRYRESPONSE_SCORE,2023,380,GDHM_CAT1_LEAD_GOV,GDHM_Q04,4.0,Phase 4
GDHM_SURVEY_COUNTRYRESPONSE_SCORE,2023,380,GDHM_CAT1_LEAD_GOV,GDHM_Q04a,0.0,Not Available
GDHM_SURVEY_CATEGORY_AVG,2023,380,GDHM_CAT1_LEAD_GOV,,4.0,Phase 4
GDHM_SURVEY_COUNTRYRESPONSE_SCORE,2023,380,GDHM_CAT2_STRAT_INV,GDHM_Q05,0.0,Not Available
GDHM_SURVEY_COUNTRYRESPONSE_SCORE,2023,380,GDHM_CAT2_STRAT_INV,GDHM_Q05a,0.0,Not Available
GDHM_SURVEY_COUNTRYRESPONSE_SCORE,2023,380,GDHM_CAT2_STRAT_INV,GDHM_Q06,0.0,Not Available
GDHM_SURVEY_COUNTRYRESPONSE_SCORE,2023,380,GDHM_CAT2_STRAT_INV,GDHM_Q06a,4.0,Phase 4
GDHM_SURVEY_CATEGORY_AVG,2023,380,GDHM_CAT2_STRAT_INV,,1.0,Not Available
GDHM_SURVEY_COUNTRYRESPONSE_SCORE,2023,380,GDHM_CAT3_LEG,GDHM_Q07,5.0,Phase 5
GDHM_SURVEY_COUNTRYRESPONSE_SCORE,2023,380,GDHM_CAT3_LEG,GDHM_Q08,4.0,Phase 4
GDHM_SURVEY_COUNTRYRESPONSE_SCORE,2023,380,GDHM_CAT3_LEG,GDHM_Q09,4.0,Phase 4
GDHM_SURVEY_COUNTRYRESPONSE_SCORE,2023,380,GDHM_CAT3_LEG,GDHM_Q09a,0.0,Not Available
GDHM_SURVEY_COUNTRYRESPONSE_SCORE,2023,380,GDHM_CAT3_LEG,GDHM_Q10,0.0,Not Available
GDHM_SURVEY_CATEGORY_AVG,2023,380,GDHM_CAT3_LEG,,5.0,Phase 5
GDHM_SURVEY_COUNTRYRESPONSE_SCORE,2023,380,GDHM_CAT4_WORKFORCE,GDHM_Q11,0.0,Not Available
GDHM_SURVEY_COUNTRYRESPONSE_SCORE,2023,380,GDHM_CAT4_WORKFORCE,GDHM_Q12,0.0,Not Available
GDHM_SURVEY_COUNTRYRESPONSE_SCORE,2023,380,GDHM_CAT4_WORKFORCE,GDHM_Q13,0.0,Not Available
GDHM_SURVEY_COUNTRYRESPONSE_SCORE,2023,380,GDHM_CAT4_WORKFORCE,GDHM_Q14,0.0,Not Available
GDHM_SURVEY_CATEGORY_AVG,2023,380,GDHM_CAT4_WORKFORCE,,1.0,Not Available
GDHM_SURVEY_COUNTRYRESPONSE_SCORE,2023,380,GDHM_CAT5_STANDARDS,GDHM_Q15,0.0,Not Available
GDHM_SURVEY_COUNTRYRESPONSE_SCORE,2023,380,GDHM_CAT5_STANDARDS,GDHM_Q16,0.0,Not Available
GDHM_SURVEY_CATEGORY_AVG,2023,380,GDHM_CAT5_STANDARDS,,1.0,Not Available
GDHM_SURVEY_COUNTRYRESPONSE_SCORE,2023,380,GDHM_CAT6_INFRASTRUCTURE,GDHM_Q17,3.0,Phase 3
GDHM_SURVEY_COUNTRYRESPONSE_SCORE,2023,380,GDHM_CAT6_INFRASTRUCTURE,GDHM_Q18,5.0,Phase 5
GDHM_SURVEY_CATEGORY_AVG,2023,380,GDHM_CAT6_INFRASTRUCTURE,,4.0,Phase 4
GDHM_SURVEY_COUNTRYRESPONSE_SCORE,2023,380,GDHM_CAT7_SERV_APP,GDHM_Q19,0.0,Not Available
GDHM_SURVEY_COUNTRYRESPONSE_SCORE,2023,380,GDHM_CAT7_SERV_APP,GDHM_Q20,0.0,Not Available
GDHM_SURVEY_COUNTRYRESPONSE_SCORE,2023,380,GDHM_CAT7_SERV_APP,GDHM_Q21,0.0,Not Available
GDHM_SURVEY_COUNTRYRESPONSE_SCORE,2023,380,GDHM_CAT7_SERV_APP,GDHM_Q21a,0.0,Not Available
GDHM_SURVEY_COUNTRYRESPONSE_SCORE,2023,380,GDHM_CAT7_SERV_APP,GDHM_Q21b,0.0,Not Available
GDHM_SURVEY_COUNTRYRESPONSE_SCORE,2023,380,GDHM_CAT7_SERV_APP,GDHM_Q21c,0.0,Not Available
GDHM_SURVEY_COUNTRYRESPONSE_SCORE,2023,380,GDHM_CAT7_SERV_APP,GDHM_Q22,0.0,Not Available
GDHM_SURVEY_COUNTRYRESPONSE_SCORE,2023,380,GDHM_CAT7_SERV_APP,GDHM_Q23,0.0,Not Available
GDHM_SURVEY_CATEGORY_AVG,2023,380,GDHM_CAT7_SERV_APP,,1.0,Not Available
GDHM_SURVEY_COUNTRYRESPONSE_SCORE,2023,388,GDHM_CAT1_LEAD_GOV,GDHM_Q01,3.0,Phase 3
GDHM_SURVEY_COUNTRYRESPONSE_SCORE,2023,388,GDHM_CAT1_LEAD_GOV,GDHM_Q02,4.0,Phase 4
GDHM_SURVEY_COUNTRYRESPONSE_SCORE,2023,388,GDHM_CAT1_LEAD_GOV,GDHM_Q02a,3.0,Phase 3
GDHM_SURVEY_COUNTRYRESPONSE_SCORE,2023,388,GDHM_CAT1_LEAD_GOV,GDHM_Q03,1.0,Phase 1
GDHM_SURVEY_COUNTRYRESPONSE_SCORE,2023,388,GDHM_CAT1_LEAD_GOV,GDHM_Q04,2.0,Phase 2
GDHM_SURVEY_COUNTRYRESPONSE_SCORE,2023,388,GDHM_CAT1_LEAD_GOV,GDHM_Q04a,1.0,Phase 1
GDHM_SURVEY_CATEGORY_AVG,2023,388,GDHM_CAT1_LEAD_GOV,,3.0,Phase 3
GDHM_SURVEY_COUNTRYRESPONSE_SCORE,2023,388,GDHM_CAT2_STRAT_INV,GDHM_Q05,2.0,Phase 2
GDHM_SURVEY_COUNTRYRESPONSE_SCORE,2023,388,GDHM_CAT2_STRAT_INV,GDHM_Q05a,3.0,Phase 3
GDHM_SURVEY_COUNTRYRESPONSE_SCORE,2023,388,GDHM_CAT2_STRAT_INV,GDHM_Q06,3.0,Phase 3
GDHM_SURVEY_COUNTRYRESPONSE_SCORE,2023,388,GDHM_CAT2_STRAT_INV,GDHM_Q06a,2.0,Phase 2
GDHM_SURVEY_CATEGORY_AVG,2023,388,GDHM_CAT2_STRAT_INV,,3.0,Phase 3
GDHM_SURVEY_COUNTRYRESPONSE_SCORE,2023,388,GDHM_CAT3_LEG,GDHM_Q07,3.0,Phase 3
GDHM_SURVEY_COUNTRYRESPONSE_SCORE,2023,388,GDHM_CAT3_LEG,GDHM_Q08,2.0,Phase 2
GDHM_SURVEY_COUNTRYRESPONSE_SCORE,2023,388,GDHM_CAT3_LEG,GDHM_Q09,1.0,Phase 1
GDHM_SURVEY_COUNTRYRESPONSE_SCORE,2023,388,GDHM_CAT3_LEG,GDHM_Q09a,1.0,Phase 1
GDHM_SURVEY_COUNTRYRESPONSE_SCORE,2023,388,GDHM_CAT3_LEG,GDHM_Q10,1.0,Phase 1
GDHM_SURVEY_CATEGORY_AVG,2023,388,GDHM_CAT3_LEG,,2.0,Phase 2
GDHM_SURVEY_COUNTRYRESPONSE_SCORE,2023,388,GDHM_CAT4_WORKFORCE,GDHM_Q11,1.0,Phase 1
GDHM_SURVEY_COUNTRYRESPONSE_SCORE,2023,388,GDHM_CAT4_WORKFORCE,GDHM_Q12,1.0,Phase 1
GDHM_SURVEY_COUNTRYRESPONSE_SCORE,2023,388,GDHM_CAT4_WORKFORCE,GDHM_Q13,1.0,Phase 1
GDHM_SURVEY_COUNTRYRESPONSE_SCORE,2023,388,GDHM_CAT4_WORKFORCE,GDHM_Q14,1.0,Phase 1
GDHM_SURVEY_CATEGORY_AVG,2023,388,GDHM_CAT4_WORKFORCE,,1.0,Phase 1
GDHM_SURVEY_COUNTRYRESPONSE_SCORE,2023,388,GDHM_CAT5_STANDARDS,GDHM_Q15,2.0,Phase 2
GDHM_SURVEY_COUNTRYRESPONSE_SCORE,2023,388,GDHM_CAT5_STANDARDS,GDHM_Q16,2.0,Phase 2
GDHM_SURVEY_CATEGORY_AVG,2023,388,GDHM_CAT5_STANDARDS,,2.0,Phase 2
GDHM_SURVEY_COUNTRYRESPONSE_SCORE,2023,388,GDHM_CAT6_INFRASTRUCTURE,GDHM_Q17,3.0,Phase 3
GDHM_SURVEY_COUNTRYRESPONSE_SCORE,2023,388,GDHM_CAT6_INFRASTRUCTURE,GDHM_Q18,1.0,Phase 1
GDHM_SURVEY_CATEGORY_AVG,2023,388,GDHM_CAT6_INFRASTRUCTURE,,2.0,Phase 2
GDHM_SURVEY_COUNTRYRESPONSE_SCORE,2023,388,GDHM_CAT7_SERV_APP,GDHM_Q19,2.0,Phase 2
GDHM_SURVEY_COUNTRYRESPONSE_SCORE,2023,388,GDHM_CAT7_SERV_APP,GDHM_Q20,1.0,Phase 1
GDHM_SURVEY_COUNTRYRESPONSE_SCORE,2023,388,GDHM_CAT7_SERV_APP,GDHM_Q21,3.0,Phase 3
GDHM_SURVEY_COUNTRYRESPONSE_SCORE,2023,388,GDHM_CAT7_SERV_APP,GDHM_Q21a,2.0,Phase 2
GDHM_SURVEY_COUNTRYRESPONSE_SCORE,2023,388,GDHM_CAT7_SERV_APP,GDHM_Q21b,4.0,Phase 4
GDHM_SURVEY_COUNTRYRESPONSE_SCORE,2023,388,GDHM_CAT7_SERV_APP,GDHM_Q21c,0.0,Not Available
GDHM_SURVEY_COUNTRYRESPONSE_SCORE,2023,388,GDHM_CAT7_SERV_APP,GDHM_Q22,1.0,Phase 1
GDHM_SURVEY_COUNTRYRESPONSE_SCORE,2023,388,GDHM_CAT7_SERV_APP,GDHM_Q23,2.0,Phase 2
GDHM_SURVEY_CATEGORY_AVG,2023,388,GDHM_CAT7_SERV_APP,,2.0,Phase 2
GDHM_SURVEY_COUNTRYRESPONSE_SCORE,2023,392,GDHM_CAT1_LEAD_GOV,GDHM_Q01,3.0,Phase 3
GDHM_SURVEY_COUNTRYRESPONSE_SCORE,2023,392,GDHM_CAT1_LEAD_GOV,GDHM_Q02,4.0,Phase 4
GDHM_SURVEY_COUNTRYRESPONSE_SCORE,2023,392,GDHM_CAT1_LEAD_GOV,GDHM_Q02a,3.0,Phase 3
GDHM_SURVEY_COUNTRYRESPONSE_SCORE,2023,392,GDHM_CAT1_LEAD_GOV,GDHM_Q03,2.0,Phase 2
GDHM_SURVEY_COUNTRYRESPONSE_SCORE,2023,392,GDHM_CAT1_LEAD_GOV,GDHM_Q04,3.0,Phase 3
GDHM_SURVEY_COUNTRYRESPONSE_SCORE,2023,392,GDHM_CAT1_LEAD_GOV,GDHM_Q04a,1.0,Phase 1
GDHM_SURVEY_CATEGORY_AVG,2023,392,GDHM_CAT1_LEAD_GOV,,3.0,Phase 3
GDHM_SURVEY_COUNTRYRESPONSE_SCORE,2023,392,GDHM_CAT2_STRAT_INV,GDHM_Q05,2.0,Phase 2
GDHM_SURVEY_COUNTRYRESPONSE_SCORE,2023,392,GDHM_CAT2_STRAT_INV,GDHM_Q05a,3.0,Phase 3
GDHM_SURVEY_COUNTRYRESPONSE_SCORE,2023,392,GDHM_CAT2_STRAT_INV,GDHM_Q06,2.0,Phase 2
GDHM_SURVEY_COUNTRYRESPONSE_SCORE,2023,392,GDHM_CAT2_STRAT_INV,GDHM_Q06a,2.0,Phase 2
GDHM_SURVEY_CATEGORY_AVG,2023,392,GDHM_CAT2_STRAT_INV,,2.0,Phase 2
GDHM_SURVEY_COUNTRYRESPONSE_SCORE,2023,392,GDHM_CAT3_LEG,GDHM_Q07,4.0,Phase 4
GDHM_SURVEY_COUNTRYRESPONSE_SCORE,2023,392,GDHM_CAT3_LEG,GDHM_Q08,4.0,Phase 4
GDHM_SURVEY_COUNTRYRESPONSE_SCORE,2023,392,GDHM_CAT3_LEG,GDHM_Q09,3.0,Phase 3
GDHM_SURVEY_COUNTRYRESPONSE_SCORE,2023,392,GDHM_CAT3_LEG,GDHM_Q09a,2.0,Phase 2
GDHM_SURVEY_COUNTRYRESPONSE_SCORE,2023,392,GDHM_CAT3_LEG,GDHM_Q10,1.0,Phase 1
GDHM_SURVEY_CATEGORY_AVG,2023,392,GDHM_CAT3_LEG,,3.0,Phase 3
GDHM_SURVEY_COUNTRYRESPONSE_SCORE,2023,392,GDHM_CAT4_WORKFORCE,GDHM_Q11,1.0,Phase 1
GDHM_SURVEY_COUNTRYRESPONSE_SCORE,2023,392,GDHM_CAT4_WORKFORCE,GDHM_Q12,1.0,Phase 1
GDHM_SURVEY_COUNTRYRESPONSE_SCORE,2023,392,GDHM_CAT4_WORKFORCE,GDHM_Q13,2.0,Phase 2
GDHM_SURVEY_COUNTRYRESPONSE_SCORE,2023,392,GDHM_CAT4_WORKFORCE,GDHM_Q14,1.0,Phase 1
GDHM_SURVEY_CATEGORY_AVG,2023,392,GDHM_CAT4_WORKFORCE,,2.0,Phase 2
GDHM_SURVEY_COUNTRYRESPONSE_SCORE,2023,392,GDHM_CAT5_STANDARDS,GDHM_Q15,2.0,Phase 2
GDHM_SURVEY_COUNTRYRESPONSE_SCORE,2023,392,GDHM_CAT5_STANDARDS,GDHM_Q16,3.0,Phase 3
GDHM_SURVEY_CATEGORY_AVG,2023,392,GDHM_CAT5_STANDARDS,,3.0,Phase 3
GDHM_SURVEY_COUNTRYRESPONSE_SCORE,2023,392,GDHM_CAT6_INFRASTRUCTURE,GDHM_Q17,4.0,Phase 4
GDHM_SURVEY_COUNTRYRESPONSE_SCORE,2023,392,GDHM_CAT6_INFRASTRUCTURE,GDHM_Q18,1.0,Phase 1
GDHM_SURVEY_CATEGORY_AVG,2023,392,GDHM_CAT6_INFRASTRUCTURE,,3.0,Phase 3
GDHM_SURVEY_COUNTRYRESPONSE_SCORE,2023,392,GDHM_CAT7_SERV_APP,GDHM_Q19,2.0,Phase 2
GDHM_SURVEY_COUNTRYRESPONSE_SCORE,2023,392,GDHM_CAT7_SERV_APP,GDHM_Q20,2.0,Phase 2
GDHM_SURVEY_COUNTRYRESPONSE_SCORE,2023,392,GDHM_CAT7_SERV_APP,GDHM_Q21,2.0,Phase 2
GDHM_SURVEY_COUNTRYRESPONSE_SCORE,2023,392,GDHM_CAT7_SERV_APP,GDHM_Q21a,2.0,Phase 2
GDHM_SURVEY_COUNTRYRESPONSE_SCORE,2023,392,GDHM_CAT7_SERV_APP,GDHM_Q21b,5.0,Phase 5
GDHM_SURVEY_COUNTRYRESPONSE_SCORE,2023,392,GDHM_CAT7_SERV_APP,GDHM_Q21c,5.0,Phase 5
GDHM_SURVEY_COUNTRYRESPONSE_SCORE,2023,392,GDHM_CAT7_SERV_APP,GDHM_Q22,2.0,Phase 2
GDHM_SURVEY_COUNTRYRESPONSE_SCORE,2023,392,GDHM_CAT7_SERV_APP,GDHM_Q23,2.0,Phase 2
GDHM_SURVEY_CATEGORY_AVG,2023,392,GDHM_CAT7_SERV_APP,,2.0,Phase 2
GDHM_SURVEY_COUNTRYRESPONSE_SCORE,2023,400,GDHM_CAT1_LEAD_GOV,GDHM_Q01,1.0,Phase 1
GDHM_SURVEY_COUNTRYRESPONSE_SCORE,2023,400,GDHM_CAT1_LEAD_GOV,GDHM_Q02,3.0,Phase 3
GDHM_SURVEY_COUNTRYRESPONSE_SCORE,2023,400,GDHM_CAT1_LEAD_GOV,GDHM_Q02a,5.0,Phase 5
GDHM_SURVEY_COUNTRYRESPONSE_SCORE,2023,400,GDHM_CAT1_LEAD_GOV,GDHM_Q03,2.0,Phase 2
GDHM_SURVEY_COUNTRYRESPONSE_SCORE,2023,400,GDHM_CAT1_LEAD_GOV,GDHM_Q04,3.0,Phase 3
GDHM_SURVEY_COUNTRYRESPONSE_SCORE,2023,400,GDHM_CAT1_LEAD_GOV,GDHM_Q04a,5.0,Phase 5
GDHM_SURVEY_CATEGORY_AVG,2023,400,GDHM_CAT1_LEAD_GOV,,3.0,Phase 3
GDHM_SURVEY_COUNTRYRESPONSE_SCORE,2023,400,GDHM_CAT2_STRAT_INV,GDHM_Q05,0.0,Not Available
GDHM_SURVEY_COUNTRYRESPONSE_SCORE,2023,484,GDHM_CAT2_STRAT_INV,GDHM_Q06a,2.0,Phase 2
GDHM_SURVEY_CATEGORY_AVG,2023,484,GDHM_CAT2_STRAT_INV,,1.0,Not Available
GDHM_SURVEY_COUNTRYRESPONSE_SCORE,2023,484,GDHM_CAT3_LEG,GDHM_Q07,5.0,Phase 5
GDHM_SURVEY_COUNTRYRESPONSE_SCORE,2023,484,GDHM_CAT3_LEG,GDHM_Q08,5.0,Phase 5
GDHM_SURVEY_COUNTRYRESPONSE_SCORE,2023,484,GDHM_CAT3_LEG,GDHM_Q09,3.0,Phase 3
GDHM_SURVEY_COUNTRYRESPONSE_SCORE,2023,484,GDHM_CAT3_LEG,GDHM_Q09a,0.0,Not Available
GDHM_SURVEY_COUNTRYRESPONSE_SCORE,2023,484,GDHM_CAT3_LEG,GDHM_Q10,0.0,Not Available
GDHM_SURVEY_CATEGORY_AVG,2023,484,GDHM_CAT3_LEG,,5.0,Phase 5
GDHM_SURVEY_COUNTRYRESPONSE_SCORE,2023,484,GDHM_CAT4_WORKFORCE,GDHM_Q11,0.0,Not Available
GDHM_SURVEY_COUNTRYRESPONSE_SCORE,2023,484,GDHM_CAT4_WORKFORCE,GDHM_Q12,0.0,Not Available
GDHM_SURVEY_COUNTRYRESPONSE_SCORE,2023,484,GDHM_CAT4_WORKFORCE,GDHM_Q13,0.0,Not Available
GDHM_SURVEY_COUNTRYRESPONSE_SCORE,2023,484,GDHM_CAT4_WORKFORCE,GDHM_Q14,0.0,Not Available
GDHM_SURVEY_CATEGORY_AVG,2023,484,GDHM_CAT4_WORKFORCE,,1.0,Not Available
GDHM_SURVEY_COUNTRYRESPONSE_SCORE,2023,484,GDHM_CAT5_STANDARDS,GDHM_Q15,0.0,Not Available
GDHM_SURVEY_COUNTRYRESPONSE_SCORE,2023,484,GDHM_CAT5_STANDARDS,GDHM_Q16,0.0,Not Available
GDHM_SURVEY_CATEGORY_AVG,2023,484,GDHM_CAT5_STANDARDS,,1.0,Not Available
GDHM_SURVEY_COUNTRYRESPONSE_SCORE,2023,484,GDHM_CAT6_INFRASTRUCTURE,GDHM_Q17,3.0,Phase 3
GDHM_SURVEY_COUNTRYRESPONSE_SCORE,2023,484,GDHM_CAT6_INFRASTRUCTURE,GDHM_Q18,4.0,Phase 4
GDHM_SURVEY_CATEGORY_AVG,2023,484,GDHM_CAT6_INFRASTRUCTURE,,4.0,Phase 4
GDHM_SURVEY_COUNTRYRESPONSE_SCORE,2023,484,GDHM_CAT7_SERV_APP,GDHM_Q19,0.0,Not Available
GDHM_SURVEY_COUNTRYRESPONSE_SCORE,2023,484,GDHM_CAT7_SERV_APP,GDHM_Q20,0.0,Not Available
GDHM_SURVEY_COUNTRYRESPONSE_SCORE,2023,484,GDHM_CAT7_SERV_APP,GDHM_Q21,0.0,Not Available
GDHM_SURVEY_COUNTRYRESPONSE_SCORE,2023,484,GDHM_CAT7_SERV_APP,GDHM_Q21a,0.0,Not Available
GDHM_SURVEY_COUNTRYRESPONSE_SCORE,2023,484,GDHM_CAT7_SERV_APP,GDHM_Q21b,0.0,Not Available
GDHM_SURVEY_COUNTRYRESPONSE_SCORE,2023,484,GDHM_CAT7_SERV_APP,GDHM_Q21c,0.0,Not Available
GDHM_SURVEY_COUNTRYRESPONSE_SCORE,2023,484,GDHM_CAT7_SERV_APP,GDHM_Q22,0.0,Not Available
GDHM_SURVEY_COUNTRYRESPONSE_SCORE,2023,484,GDHM_CAT7_SERV_APP,GDHM_Q23,0.0,Not Available
GDHM_SURVEY_CATEGORY_AVG,2023,484,GDHM_CAT7_SERV_APP,,1.0,Not Available
GDHM_SURVEY_COUNTRYRESPONSE_SCORE,2023,498,GDHM_CAT1_LEAD_GOV,GDHM_Q01,0.0,Not Available
GDHM_SURVEY_COUNTRYRESPONSE_SCORE,2023,498,GDHM_CAT1_LEAD_GOV,GDHM_Q02,0.0,Not Available
GDHM_SURVEY_COUNTRYRESPONSE_SCORE,2023,498,GDHM_CAT1_LEAD_GOV,GDHM_Q02a,0.0,Not Available
GDHM_SURVEY_COUNTRYRESPONSE_SCORE,2023,498,GDHM_CAT1_LEAD_GOV,GDHM_Q03,0.0,Not Available
GDHM_SURVEY_COUNTRYRESPONSE_SCORE,2023,498,GDHM_CAT1_LEAD_GOV,GDHM_Q04,4.0,Phase 4
GDHM_SURVEY_COUNTRYRESPONSE_SCORE,2023,498,GDHM_CAT1_LEAD_GOV,GDHM_Q04a,0.0,Not Available
GDHM_SURVEY_CATEGORY_AVG,2023,498,GDHM_CAT1_LEAD_GOV,,4.0,Phase 4
GDHM_SURVEY_COUNTRYRESPONSE_SCORE,2023,498,GDHM_CAT2_STRAT_INV,GDHM_Q05,0.0,Not Available
GDHM_SURVEY_COUNTRYRESPONSE_SCORE,2023,498,GDHM_CAT2_STRAT_INV,GDHM_Q05a,0.0,Not Available
GDHM_SURVEY_COUNTRYRESPONSE_SCORE,2023,498,GDHM_CAT2_STRAT_INV,GDHM_Q06,0.0,Not Available
GDHM_SURVEY_COUNTRYRESPONSE_SCORE,2023,498,GDHM_CAT2_STRAT_INV,GDHM_Q06a,2.0,Phase 2
GDHM_SURVEY_CATEGORY_AVG,2023,498,GDHM_CAT2_STRAT_INV,,1.0,Not Available
GDHM_SURVEY_COUNTRYRESPONSE_SCORE,2023,498,GDHM_CAT3_LEG,GDHM_Q07,4.0,Phase 4
GDHM_SURVEY_COUNTRYRESPONSE_SCORE,2023,498,GDHM_CAT3_LEG,GDHM_Q08,3.0,Phase 3
GDHM_SURVEY_COUNTRYRESPONSE_SCORE,2023,498,GDHM_CAT3_LEG,GDHM_Q09,0.0,Not Available
GDHM_SURVEY_COUNTRYRESPONSE_SCORE,2023,498,GDHM_CAT3_LEG,GDHM_Q09a,0.0,Not Available
GDHM_SURVEY_COUNTRYRESPONSE_SCORE,2023,498,GDHM_CAT3_LEG,GDHM_Q10,0.0,Not Available
GDHM_SURVEY_CATEGORY_AVG,2023,498,GDHM_CAT3_LEG,,4.0,Phase 4
GDHM_SURVEY_COUNTRYRESPONSE_SCORE,2023,498,GDHM_CAT4_WORKFORCE,GDHM_Q11,0.0,Not Available
GDHM_SURVEY_COUNTRYRESPONSE_SCORE,2023,498,GDHM_CAT4_WORKFORCE,GDHM_Q12,0.0,Not Available
GDHM_SURVEY_COUNTRYRESPONSE_SCORE,2023,498,GDHM_CAT4_WORKFORCE,GDHM_Q13,0.0,Not Available
GDHM_SURVEY_COUNTRYRESPONSE_SCORE,2023,498,GDHM_CAT4_WORKFORCE,GDHM_Q14,0.0,Not Available
GDHM_SURVEY_CATEGORY_AVG,2023,498,GDHM_CAT4_WORKFORCE,,1.0,Not Available
GDHM_SURVEY_COUNTRYRESPONSE_SCORE,2023,498,GDHM_CAT5_STANDARDS,GDHM_Q15,0.0,Not Available
GDHM_SURVEY_COUNTRYRESPONSE_SCORE,2023,498,GDHM_CAT5_STANDARDS,GDHM_Q16,0.0,Not Available
GDHM_SURVEY_CATEGORY_AVG,2023,498,GDHM_CAT5_STANDARDS,,1.0,Not Available
GDHM_SURVEY_COUNTRYRESPONSE_SCORE,2023,498,GDHM_CAT6_INFRASTRUCTURE,GDHM_Q17,3.0,Phase 3
GDHM_SURVEY_COUNTRYRESPONSE_SCORE,2023,498,GDHM_CAT6_INFRASTRUCTURE,GDHM_Q18,4.0,Phase 4
GDHM_SURVEY_CATEGORY_AVG,2023,498,GDHM_CAT6_INFRASTRUCTURE,,4.0,Phase 4
GDHM_SURVEY_COUNTRYRESPONSE_SCORE,2023,498,GDHM_CAT7_SERV_APP,GDHM_Q19,0.0,Not Available
GDHM_SURVEY_COUNTRYRESPONSE_SCORE,2023,498,GDHM_CAT7_SERV_APP,GDHM_Q20,0.0,Not Available
GDHM_SURVEY_COUNTRYRESPONSE_SCORE,2023,498,GDHM_CAT7_SERV_APP,GDHM_Q21,0.0,Not Available
GDHM_SURVEY_COUNTRYRESPONSE_SCORE,2023,498,GDHM_CAT7_SERV_APP,GDHM_Q21a,0.0,Not Available
GDHM_SURVEY_COUNTRYRESPONSE_SCORE,2023,498,GDHM_CAT7_SERV_APP,GDHM_Q21b,0.0,Not Available
GDHM_SURVEY_COUNTRYRESPONSE_SCORE,2023,498,GDHM_CAT7_SERV_APP,GDHM_Q21c,0.0,Not Available
GDHM_SURVEY_COUNTRYRESPONSE_SCORE,2023,498,GDHM_CAT7_SERV_APP,GDHM_Q22,0.0,Not Available
GDHM_SURVEY_COUNTRYRESPONSE_SCORE,2023,498,GDHM_CAT7_SERV_APP,GDHM_Q23,0.0,Not Available
GDHM_SURVEY_CATEGORY_AVG,2023,498,GDHM_CAT7_SERV_APP,,1.0,Not Available
GDHM_SURVEY_COUNTRYRESPONSE_SCORE,2023,496,GDHM_CAT1_LEAD_GOV,GDHM_Q01,0.0,Not Available
GDHM_SURVEY_COUNTRYRESPONSE_SCORE,2023,496,GDHM_CAT1_LEAD_GOV,GDHM_Q02,0.0,Not Available
GDHM_SURVEY_COUNTRYRESPONSE_SCORE,2023,496,GDHM_CAT1_LEAD_GOV,GDHM_Q02a,0.0,Not Available
GDHM_SURVEY_COUNTRYRESPONSE_SCORE,2023,496,GDHM_CAT1_LEAD_GOV,GDHM_Q03,0.0,Not Available
GDHM_SURVEY_COUNTRYRESPONSE_SCORE,2023,496,GDHM_CAT1_LEAD_GOV,GDHM_Q04,4.0,Phase 4
GDHM_SURVEY_COUNTRYRESPONSE_SCORE,2023,496,GDHM_CAT1_LEAD_GOV,GDHM_Q04a,0.0,Not Available
GDHM_SURVEY_CATEGORY_AVG,2023,496,GDHM_CAT1_LEAD_GOV,,4.0,Phase 4
GDHM_SURVEY_COUNTRYRESPONSE_SCORE,2023,496,GDHM_CAT2_STRAT_INV,GDHM_Q05,0.0,Not Available
GDHM_SURVEY_COUNTRYRESPONSE_SCORE,2023,496,GDHM_CAT2_STRAT_INV,GDHM_Q05a,0.0,Not Available
GDHM_SURVEY_COUNTRYRESPONSE_SCORE,2023,496,GDHM_CAT2_STRAT_INV,GDHM_Q06,0.0,Not Available
GDHM_SURVEY_COUNTRYRESPONSE_SCORE,2023,496,GDHM_CAT2_STRAT_INV,GDHM_Q06a,2.0,Phase 2
GDHM_SURVEY_CATEGORY_AVG,2023,496,GDHM_CAT2_STRAT_INV,,1.0,Not Available
GDHM_SURVEY_COUNTRYRESPONSE_SCORE,2023,496,GDHM_CAT3_LEG,GDHM_Q07,2.0,Phase 2
GDHM_SURVEY_COUNTRYRESPONSE_SCORE,2023,496,GDHM_CAT3_LEG,GDHM_Q08,3.0,Phase 3
GDHM_SURVEY_COUNTRYRESPONSE_SCORE,2023,496,GDHM_CAT3_LEG,GDHM_Q09,2.0,Phase 2
GDHM_SURVEY_COUNTRYRESPONSE_SCORE,2023,496,GDHM_CAT3_LEG,GDHM_Q09a,0.0,Not Available
GDHM_SURVEY_COUNTRYRESPONSE_SCORE,2023,496,GDHM_CAT3_LEG,GDHM_Q10,0.0,Not Available
GDHM_SURVEY_CATEGORY_AVG,2023,496,GDHM_CAT3_LEG,,3.0,Phase 3
GDHM_SURVEY_COUNTRYRESPONSE_SCORE,2023,496,GDHM_CAT4_WORKFORCE,GDHM_Q11,0.0,Not Available
GDHM_SURVEY_COUNTRYRESPONSE_SCORE,2023,496,GDHM_CAT4_WORKFORCE,GDHM_Q12,0.0,Not Available
GDHM_SURVEY_COUNTRYRESPONSE_SCORE,2023,496,GDHM_CAT4_WORKFORCE,GDHM_Q13,0.0,Not Available
GDHM_SURVEY_COUNTRYRESPONSE_SCORE,2023,496,GDHM_CAT4_WORKFORCE,GDHM_Q14,0.0,Not Available
GDHM_SURVEY_CATEGORY_AVG,2023,496,GDHM_CAT4_WORKFORCE,,1.0,Not Available
GDHM_SURVEY_COUNTRYRESPONSE_SCORE,2023,496,GDHM_CAT5_STANDARDS,GDHM_Q15,0.0,Not Available
GDHM_SURVEY_COUNTRYRESPONSE_SCORE,2023,496,GDHM_CAT5_STANDARDS,GDHM_Q16,0.0,Not Available
GDHM_SURVEY_CATEGORY_AVG,2023,496,GDHM_CAT5_STANDARDS,,1.0,Not Available
GDHM_SURVEY_COUNTRYRESPONSE_SCORE,2023,496,GDHM_CAT6_INFRASTRUCTURE,GDHM_Q17,2.0,Phase 2
GDHM_SURVEY_COUNTRYRESPONSE_SCORE,2023,496,GDHM_CAT6_INFRASTRUCTURE,GDHM_Q18,4.0,Phase 4
GDHM_SURVEY_CATEGORY_AVG,2023,496,GDHM_CAT6_INFRASTRUCTURE,,3.0,Phase 3
GDHM_SURVEY_COUNTRYRESPONSE_SCORE,2023,496,GDHM_CAT7_SERV_APP,GDHM_Q19,0.0,Not Available
GDHM_SURVEY_COUNTRYRESPONSE_SCORE,2023,496,GDHM_CAT7_SERV_APP,GDHM_Q20,0.0,Not Available
GDHM_SURVEY_COUNTRYRESPONSE_SCORE,2023,496,GDHM_CAT7_SERV_APP,GDHM_Q21,0.0,Not Available
GDHM_SURVEY_COUNTRYRESPONSE_SCORE,2023,496,GDHM_CAT7_SERV_APP,GDHM_Q21a,0.0,Not Available
GDHM_SURVEY_COUNTRYRESPONSE_SCORE,2023,496,GDHM_CAT7_SERV_APP,GDHM_Q21b,0.0,Not Available
GDHM_SURVEY_COUNTRYRESPONSE_SCORE,2023,496,GDHM_CAT7_SERV_APP,GDHM_Q21c,0.0,Not Available
GDHM_SURVEY_COUNTRYRESPONSE_SCORE,2023,496,GDHM_CAT7_SERV_APP,GDHM_Q22,0.0,Not Available
GDHM_SURVEY_COUNTRYRESPONSE_SCORE,2023,496,GDHM_CAT7_SERV_APP,GDHM_Q23,0.0,Not Available
GDHM_SURVEY_CATEGORY_AVG,2023,496,GDHM_CAT7_SERV_APP,,1.0,Not Available
GDHM_SURVEY_COUNTRYRESPONSE_SCORE,2023,499,GDHM_CAT1_LEAD_GOV,GDHM_Q01,0.0,Not Available
GDHM_SURVEY_COUNTRYRESPONSE_SCORE,2023,499,GDHM_CAT1_LEAD_GOV,GDHM_Q02,0.0,Not Available
GDHM_SURVEY_COUNTRYRESPONSE_SCORE,2023,499,GDHM_CAT1_LEAD_GOV,GDHM_Q02a,0.0,Not Available
GDHM_SURVEY_COUNTRYRESPONSE_SCORE,2023,499,GDHM_CAT1_LEAD_GOV,GDHM_Q03,0.0,Not Available
GDHM_SURVEY_COUNTRYRESPONSE_SCORE,2023,499,GDHM_CAT1_LEAD_GOV,GDHM_Q04,4.0,Phase 4
GDHM_SURVEY_COUNTRYRESPONSE_SCORE,2023,499,GDHM_CAT1_LEAD_GOV,GDHM_Q04a,0.0,Not Available
GDHM_SURVEY_CATEGORY_AVG,2023,499,GDHM_CAT1_LEAD_GOV,,4.0,Phase 4
GDHM_SURVEY_COUNTRYRESPONSE_SCORE,2023,499,GDHM_CAT2_STRAT_INV,GDHM_Q05,0.0,Not Available
GDHM_SURVEY_COUNTRYRESPONSE_SCORE,2023,499,GDHM_CAT2_STRAT_INV,GDHM_Q05a,0.0,Not Available
GDHM_SURVEY_COUNTRYRESPONSE_SCORE,2023,499,GDHM_CAT2_STRAT_INV,GDHM_Q06,0.0,Not Available
GDHM_SURVEY_COUNTRYRESPONSE_SCORE,2023,499,GDHM_CAT2_STRAT_INV,GDHM_Q06a,3.0,Phase 3
GDHM_SURVEY_CATEGORY_AVG,2023,499,GDHM_CAT2_STRAT_INV,,1.0,Not Available
GDHM_SURVEY_COUNTRYRESPONSE_SCORE,2023,499,GDHM_CAT3_LEG,GDHM_Q07,3.0,Phase 3
GDHM_SURVEY_COUNTRYRESPONSE_SCORE,2023,499,GDHM_CAT3_LEG,GDHM_Q08,4.0,Phase 4
GDHM_SURVEY_COUNTRYRESPONSE_SCORE,2023,499,GDHM_CAT3_LEG,GDHM_Q09,2.0,Phase 2
GDHM_SURVEY_COUNTRYRESPONSE_SCORE,2023,499,GDHM_CAT3_LEG,GDHM_Q09a,0.0,Not Available
GDHM_SURVEY_COUNTRYRESPONSE_SCORE,2023,499,GDHM_CAT3_LEG,GDHM_Q10,0.0,Not Available
GDHM_SURVEY_CATEGORY_AVG,2023,499,GDHM_CAT3_LEG,,3.0,Phase 3
GDHM_SURVEY_COUNTRYRESPONSE_SCORE,2023,499,GDHM_CAT4_WORKFORCE,GDHM_Q11,0.0,Not Available
GDHM_SURVEY_COUNTRYRESPONSE_SCORE,2023,499,GDHM_CAT4_WORKFORCE,GDHM_Q12,0.0,Not Available
GDHM_SURVEY_COUNTRYRESPONSE_SCORE,2023,499,GDHM_CAT4_WORKFORCE,GDHM_Q13,0.0,Not Available
GDHM_SURVEY_COUNTRYRESPONSE_SCORE,2023,499,GDHM_CAT4_WORKFORCE,GDHM_Q14,0.0,Not Available
GDHM_SURVEY_CATEGORY_AVG,2023,499,GDHM_CAT4_WORKFORCE,,1.0,Not Available
GDHM_SURVEY_COUNTRYRESPONSE_SCORE,2023,499,GDHM_CAT5_STANDARDS,GDHM_Q15,0.0,Not Available
GDHM_SURVEY_COUNTRYRESPONSE_SCORE,2023,499,GDHM_CAT5_STANDARDS,GDHM_Q16,0.0,Not Available
GDHM_SURVEY_CATEGORY_AVG,2023,499,GDHM_CAT5_STANDARDS,,1.0,Not Available
GDHM_SURVEY_COUNTRYRESPONSE_SCORE,2023,499,GDHM_CAT6_INFRASTRUCTURE,GDHM_Q17,3.0,Phase 3
GDHM_SURVEY_COUNTRYRESPONSE_SCORE,2023,499,GDHM_CAT6_INFRASTRUCTURE,GDHM_Q18,4.0,Phase 4
GDHM_SURVEY_CATEGORY_AVG,2023,499,GDHM_CAT6_INFRASTRUCTURE,,4.0,Phase 4
GDHM_SURVEY_COUNTRYRESPONSE_SCORE,2023,499,GDHM_CAT7_SERV_APP,GDHM_Q19,0.0,Not Available
GDHM_SURVEY_COUNTRYRESPONSE_SCORE,2023,499,GDHM_CAT7_SERV_APP,GDHM_Q20,0.0,Not Available
GDHM_SURVEY_COUNTRYRESPONSE_SCORE,2023,499,GDHM_CAT7_SERV_APP,GDHM_Q21,0.0,Not Available
GDHM_SURVEY_COUNTRYRESPONSE_SCORE,2023,499,GDHM_CAT7_SERV_APP,GDHM_Q21a,0.0,Not Available
GDHM_SURVEY_COUNTRYRESPONSE_SCORE,2023,499,GDHM_CAT7_SERV_APP,GDHM_Q21b,0.0,Not Available
GDHM_SURVEY_COUNTRYRESPONSE_SCORE,2023,499,GDHM_CAT7_SERV_APP,GDHM_Q21c,0.0,Not Available
GDHM_SURVEY_COUNTRYRESPONSE_SCORE,2023,499,GDHM_CAT7_SERV_APP,GDHM_Q22,0.0,Not Available
GDHM_SURVEY_COUNTRYRESPONSE_SCORE,2023,499,GDHM_CAT7_SERV_APP,GDHM_Q23,0.0,Not Available
GDHM_SURVEY_CATEGORY_AVG,2023,499,GDHM_CAT7_SERV_APP,,1.0,Not Available
GDHM_SURVEY_COUNTRYRESPONSE_SCORE,2023,504,GDHM_CAT1_LEAD_GOV,GDHM_Q01,2.0,Phase 2
GDHM_SURVEY_COUNTRYRESPONSE_SCORE,2023,504,GDHM_CAT1_LEAD_GOV,GDHM_Q02,4.0,Phase 4
GDHM_SURVEY_COUNTRYRESPONSE_SCORE,2023,504,GDHM_CAT1_LEAD_GOV,GDHM_Q02a,4.0,Phase 4
GDHM_SURVEY_COUNTRYRESPONSE_SCORE,2023,504,GDHM_CAT1_LEAD_GOV,GDHM_Q03,1.0,Phase 1
GDHM_SURVEY_COUNTRYRESPONSE_SCORE,2023,504,GDHM_CAT1_LEAD_GOV,GDHM_Q04,3.0,Phase 3
GDHM_SURVEY_COUNTRYRESPONSE_SCORE,2023,504,GDHM_CAT1_LEAD_GOV,GDHM_Q04a,3.0,Phase 3
GDHM_SURVEY_CATEGORY_AVG,2023,504,GDHM_CAT1_LEAD_GOV,,3.0,Phase 3
GDHM_SURVEY_COUNTRYRESPONSE_SCORE,2023,504,GDHM_CAT2_STRAT_INV,GDHM_Q05,1.0,Phase 1
GDHM_SURVEY_COUNTRYRESPONSE_SCORE,2023,504,GDHM_CAT2_STRAT_INV,GDHM_Q05a,1.0,Phase 1
GDHM_SURVEY_COUNTRYRESPONSE_SCORE,2023,504,GDHM_CAT2_STRAT_INV,GDHM_Q06,2.0,Phase 2
GDHM_SURVEY_COUNTRYRESPONSE_SCORE,2023,504,GDHM_CAT2_STRAT_INV,GDHM_Q06a,2.0,Phase 2
GDHM_SURVEY_CATEGORY_AVG,2023,504,GDHM_CAT2_STRAT_INV,,2.0,Phase 2
GDHM_SURVEY_COUNTRYRESPONSE_SCORE,2023,504,GDHM_CAT3_LEG,GDHM_Q07,3.0,Phase 3
GDHM_SURVEY_COUNTRYRESPONSE_SCORE,2023,504,GDHM_CAT3_LEG,GDHM_Q08,2.0,Phase 2
GDHM_SURVEY_COUNTRYRESPONSE_SCORE,2023,504,GDHM_CAT3_LEG,GDHM_Q09,1.0,Phase 1
GDHM_SURVEY_COUNTRYRESPONSE_SCORE,2023,504,GDHM_CAT3_LEG,GDHM_Q09a,1.0,Phase 1
GDHM_SURVEY_COUNTRYRESPONSE_SCORE,2023,504,GDHM_CAT3_LEG,GDHM_Q10,1.0,Phase 1
GDHM_SURVEY_CATEGORY_AVG,2023,504,GDHM_CAT3_LEG,,2.0,Phase 2
GDHM_SURVEY_CATEGORY_AVG,2023,670,GDHM_CAT6_INFRASTRUCTURE,,4.0,Phase 4
GDHM_SURVEY_COUNTRYRESPONSE_SCORE,2023,670,GDHM_CAT7_SERV_APP,GDHM_Q19,0.0,Not Available
GDHM_SURVEY_COUNTRYRESPONSE_SCORE,2023,670,GDHM_CAT7_SERV_APP,GDHM_Q20,0.0,Not Available
GDHM_SURVEY_COUNTRYRESPONSE_SCORE,2023,670,GDHM_CAT7_SERV_APP,GDHM_Q21,0.0,Not Available
GDHM_SURVEY_COUNTRYRESPONSE_SCORE,2023,670,GDHM_CAT7_SERV_APP,GDHM_Q21a,0.0,Not Available
GDHM_SURVEY_COUNTRYRESPONSE_SCORE,2023,670,GDHM_CAT7_SERV_APP,GDHM_Q21b,0.0,Not Available
GDHM_SURVEY_COUNTRYRESPONSE_SCORE,2023,670,GDHM_CAT7_SERV_APP,GDHM_Q21c,0.0,Not Available
GDHM_SURVEY_COUNTRYRESPONSE_SCORE,2023,670,GDHM_CAT7_SERV_APP,GDHM_Q22,0.0,Not Available
GDHM_SURVEY_COUNTRYRESPONSE_SCORE,2023,670,GDHM_CAT7_SERV_APP,GDHM_Q23,0.0,Not Available
GDHM_SURVEY_CATEGORY_AVG,2023,670,GDHM_CAT7_SERV_APP,,1.0,Not Available
GDHM_SURVEY_COUNTRYRESPONSE_SCORE,2023,882,GDHM_CAT1_LEAD_GOV,GDHM_Q01,0.0,Not Available
GDHM_SURVEY_COUNTRYRESPONSE_SCORE,2023,882,GDHM_CAT1_LEAD_GOV,GDHM_Q02,0.0,Not Available
GDHM_SURVEY_COUNTRYRESPONSE_SCORE,2023,882,GDHM_CAT1_LEAD_GOV,GDHM_Q02a,0.0,Not Available
GDHM_SURVEY_COUNTRYRESPONSE_SCORE,2023,882,GDHM_CAT1_LEAD_GOV,GDHM_Q03,0.0,Not Available
GDHM_SURVEY_COUNTRYRESPONSE_SCORE,2023,882,GDHM_CAT1_LEAD_GOV,GDHM_Q04,0.0,Not Available
GDHM_SURVEY_COUNTRYRESPONSE_SCORE,2023,882,GDHM_CAT1_LEAD_GOV,GDHM_Q04a,0.0,Not Available
GDHM_SURVEY_CATEGORY_AVG,2023,882,GDHM_CAT1_LEAD_GOV,,1.0,Not Available
GDHM_SURVEY_COUNTRYRESPONSE_SCORE,2023,882,GDHM_CAT2_STRAT_INV,GDHM_Q05,0.0,Not Available
GDHM_SURVEY_COUNTRYRESPONSE_SCORE,2023,882,GDHM_CAT2_STRAT_INV,GDHM_Q05a,0.0,Not Available
GDHM_SURVEY_COUNTRYRESPONSE_SCORE,2023,882,GDHM_CAT2_STRAT_INV,GDHM_Q06,0.0,Not Available
GDHM_SURVEY_COUNTRYRESPONSE_SCORE,2023,882,GDHM_CAT2_STRAT_INV,GDHM_Q06a,0.0,Not Available
GDHM_SURVEY_CATEGORY_AVG,2023,882,GDHM_CAT2_STRAT_INV,,1.0,Not Available
GDHM_SURVEY_COUNTRYRESPONSE_SCORE,2023,882,GDHM_CAT3_LEG,GDHM_Q07,2.0,Phase 2
GDHM_SURVEY_COUNTRYRESPONSE_SCORE,2023,882,GDHM_CAT3_LEG,GDHM_Q08,0.0,Not Available
GDHM_SURVEY_COUNTRYRESPONSE_SCORE,2023,882,GDHM_CAT3_LEG,GDHM_Q09,0.0,Not Available
GDHM_SURVEY_COUNTRYRESPONSE_SCORE,2023,882,GDHM_CAT3_LEG,GDHM_Q09a,0.0,Not Available
GDHM_SURVEY_COUNTRYRESPONSE_SCORE,2023,882,GDHM_CAT3_LEG,GDHM_Q10,0.0,Not Available
GDHM_SURVEY_CATEGORY_AVG,2023,882,GDHM_CAT3_LEG,,2.0,Phase 2
GDHM_SURVEY_COUNTRYRESPONSE_SCORE,2023,882,GDHM_CAT4_WORKFORCE,GDHM_Q11,0.0,Not Available
GDHM_SURVEY_COUNTRYRESPONSE_SCORE,2023,882,GDHM_CAT4_WORKFORCE,GDHM_Q12,0.0,Not Available
GDHM_SURVEY_COUNTRYRESPONSE_SCORE,2023,882,GDHM_CAT4_WORKFORCE,GDHM_Q13,0.0,Not Available
GDHM_SURVEY_COUNTRYRESPONSE_SCORE,2023,882,GDHM_CAT4_WORKFORCE,GDHM_Q14,0.0,Not Available
GDHM_SURVEY_CATEGORY_AVG,2023,882,GDHM_CAT4_WORKFORCE,,1.0,Not Available
GDHM_SURVEY_COUNTRYRESPONSE_SCORE,2023,882,GDHM_CAT5_STANDARDS,GDHM_Q15,0.0,Not Available
GDHM_SURVEY_COUNTRYRESPONSE_SCORE,2023,882,GDHM_CAT5_STANDARDS,GDHM_Q16,0.0,Not Available
GDHM_SURVEY_CATEGORY_AVG,2023,882,GDHM_CAT5_STANDARDS,,1.0,Not Available
GDHM_SURVEY_COUNTRYRESPONSE_SCORE,2023,882,GDHM_CAT6_INFRASTRUCTURE,GDHM_Q17,0.0,Not Available
GDHM_SURVEY_COUNTRYRESPONSE_SCORE,2023,882,GDHM_CAT6_INFRASTRUCTURE,GDHM_Q18,4.0,Phase 4
GDHM_SURVEY_CATEGORY_AVG,2023,882,GDHM_CAT6_INFRASTRUCTURE,,4.0,Phase 4
GDHM_SURVEY_COUNTRYRESPONSE_SCORE,2023,882,GDHM_CAT7_SERV_APP,GDHM_Q19,0.0,Not Available
GDHM_SURVEY_COUNTRYRESPONSE_SCORE,2023,882,GDHM_CAT7_SERV_APP,GDHM_Q20,0.0,Not Available
GDHM_SURVEY_COUNTRYRESPONSE_SCORE,2023,882,GDHM_CAT7_SERV_APP,GDHM_Q21,0.0,Not Available
GDHM_SURVEY_COUNTRYRESPONSE_SCORE,2023,882,GDHM_CAT7_SERV_APP,GDHM_Q21a,0.0,Not Available
GDHM_SURVEY_COUNTRYRESPONSE_SCORE,2023,882,GDHM_CAT7_SERV_APP,GDHM_Q21b,0.0,Not Available
GDHM_SURVEY_COUNTRYRESPONSE_SCORE,2023,882,GDHM_CAT7_SERV_APP,GDHM_Q21c,0.0,Not Available
GDHM_SURVEY_COUNTRYRESPONSE_SCORE,2023,882,GDHM_CAT7_SERV_APP,GDHM_Q22,0.0,Not Available
GDHM_SURVEY_COUNTRYRESPONSE_SCORE,2023,882,GDHM_CAT7_SERV_APP,GDHM_Q23,0.0,Not Available
GDHM_SURVEY_CATEGORY_AVG,2023,882,GDHM_CAT7_SERV_APP,,1.0,Not Available
GDHM_SURVEY_COUNTRYRESPONSE_SCORE,2023,678,GDHM_CAT1_LEAD_GOV,GDHM_Q01,3.0,Phase 3
GDHM_SURVEY_COUNTRYRESPONSE_SCORE,2023,678,GDHM_CAT1_LEAD_GOV,GDHM_Q02,2.0,Phase 2
GDHM_SURVEY_COUNTRYRESPONSE_SCORE,2023,678,GDHM_CAT1_LEAD_GOV,GDHM_Q02a,5.0,Phase 5
GDHM_SURVEY_COUNTRYRESPONSE_SCORE,2023,678,GDHM_CAT1_LEAD_GOV,GDHM_Q03,1.0,Phase 1
GDHM_SURVEY_COUNTRYRESPONSE_SCORE,2023,678,GDHM_CAT1_LEAD_GOV,GDHM_Q04,2.0,Phase 2
GDHM_SURVEY_COUNTRYRESPONSE_SCORE,2023,678,GDHM_CAT1_LEAD_GOV,GDHM_Q04a,1.0,Phase 1
GDHM_SURVEY_CATEGORY_AVG,2023,678,GDHM_CAT1_LEAD_GOV,,2.0,Phase 2
GDHM_SURVEY_COUNTRYRESPONSE_SCORE,2023,678,GDHM_CAT2_STRAT_INV,GDHM_Q05,1.0,Phase 1
GDHM_SURVEY_COUNTRYRESPONSE_SCORE,2023,678,GDHM_CAT2_STRAT_INV,GDHM_Q05a,1.0,Phase 1
GDHM_SURVEY_COUNTRYRESPONSE_SCORE,2023,678,GDHM_CAT2_STRAT_INV,GDHM_Q06,1.0,Phase 1
GDHM_SURVEY_COUNTRYRESPONSE_SCORE,2023,678,GDHM_CAT2_STRAT_INV,GDHM_Q06a,1.0,Phase 1
GDHM_SURVEY_CATEGORY_AVG,2023,678,GDHM_CAT2_STRAT_INV,,1.0,Phase 1
GDHM_SURVEY_COUNTRYRESPONSE_SCORE,2023,678,GDHM_CAT3_LEG,GDHM_Q07,2.0,Phase 2
GDHM_SURVEY_COUNTRYRESPONSE_SCORE,2023,678,GDHM_CAT3_LEG,GDHM_Q08,1.0,Phase 1
GDHM_SURVEY_COUNTRYRESPONSE_SCORE,2023,678,GDHM_CAT3_LEG,GDHM_Q09,2.0,Phase 2
GDHM_SURVEY_COUNTRYRESPONSE_SCORE,2023,678,GDHM_CAT3_LEG,GDHM_Q09a,2.0,Phase 2
GDHM_SURVEY_COUNTRYRESPONSE_SCORE,2023,678,GDHM_CAT3_LEG,GDHM_Q10,2.0,Phase 2
GDHM_SURVEY_CATEGORY_AVG,2023,678,GDHM_CAT3_LEG,,2.0,Phase 2
GDHM_SURVEY_COUNTRYRESPONSE_SCORE,2023,678,GDHM_CAT4_WORKFORCE,GDHM_Q11,1.0,Phase 1
GDHM_SURVEY_COUNTRYRESPONSE_SCORE,2023,678,GDHM_CAT4_WORKFORCE,GDHM_Q12,1.0,Phase 1
GDHM_SURVEY_COUNTRYRESPONSE_SCORE,2023,678,GDHM_CAT4_WORKFORCE,GDHM_Q13,1.0,Phase 1
GDHM_SURVEY_COUNTRYRESPONSE_SCORE,2023,678,GDHM_CAT4_WORKFORCE,GDHM_Q14,1.0,Phase 1
GDHM_SURVEY_CATEGORY_AVG,2023,678,GDHM_CAT4_WORKFORCE,,1.0,Phase 1
GDHM_SURVEY_COUNTRYRESPONSE_SCORE,2023,678,GDHM_CAT5_STANDARDS,GDHM_Q15,2.0,Phase 2
GDHM_SURVEY_COUNTRYRESPONSE_SCORE,2023,678,GDHM_CAT5_STANDARDS,GDHM_Q16,1.0,Phase 1
GDHM_SURVEY_CATEGORY_AVG,2023,678,GDHM_CAT5_STANDARDS,,2.0,Phase 2
GDHM_SURVEY_COUNTRYRESPONSE_SCORE,2023,678,GDHM_CAT6_INFRASTRUCTURE,GDHM_Q17,0.0,Not Available
GDHM_SURVEY_COUNTRYRESPONSE_SCORE,2023,678,GDHM_CAT6_INFRASTRUCTURE,GDHM_Q18,1.0,Phase 1
GDHM_SURVEY_CATEGORY_AVG,2023,678,GDHM_CAT6_INFRASTRUCTURE,,1.0,Phase 1
GDHM_SURVEY_COUNTRYRESPONSE_SCORE,2023,678,GDHM_CAT7_SERV_APP,GDHM_Q19,2.0,Phase 2
GDHM_SURVEY_COUNTRYRESPONSE_SCORE,2023,678,GDHM_CAT7_SERV_APP,GDHM_Q20,2.0,Phase 2
GDHM_SURVEY_COUNTRYRESPONSE_SCORE,2023,678,GDHM_CAT7_SERV_APP,GDHM_Q21,2.0,Phase 2
GDHM_SURVEY_COUNTRYRESPONSE_SCORE,2023,678,GDHM_CAT7_SERV_APP,GDHM_Q21a,1.0,Phase 1
GDHM_SURVEY_COUNTRYRESPONSE_SCORE,2023,678,GDHM_CAT7_SERV_APP,GDHM_Q21b,2.0,Phase 2
GDHM_SURVEY_COUNTRYRESPONSE_SCORE,2023,678,GDHM_CAT7_SERV_APP,GDHM_Q21c,1.0,Phase 1
GDHM_SURVEY_COUNTRYRESPONSE_SCORE,2023,678,GDHM_CAT7_SERV_APP,GDHM_Q22,1.0,Phase 1
GDHM_SURVEY_COUNTRYRESPONSE_SCORE,2023,678,GDHM_CAT7_SERV_APP,GDHM_Q23,2.0,Phase 2
GDHM_SURVEY_CATEGORY_AVG,2023,678,GDHM_CAT7_SERV_APP,,2.0,Phase 2
GDHM_SURVEY_COUNTRYRESPONSE_SCORE,2023,682,GDHM_CAT1_LEAD_GOV,GDHM_Q01,5.0,Phase 5
GDHM_SURVEY_COUNTRYRESPONSE_SCORE,2023,682,GDHM_CAT1_LEAD_GOV,GDHM_Q02,5.0,Phase 5
GDHM_SURVEY_COUNTRYRESPONSE_SCORE,2023,682,GDHM_CAT1_LEAD_GOV,GDHM_Q02a,5.0,Phase 5
GDHM_SURVEY_COUNTRYRESPONSE_SCORE,2023,682,GDHM_CAT1_LEAD_GOV,GDHM_Q03,5.0,Phase 5
GDHM_SURVEY_COUNTRYRESPONSE_SCORE,2023,682,GDHM_CAT1_LEAD_GOV,GDHM_Q04,5.0,Phase 5
GDHM_SURVEY_COUNTRYRESPONSE_SCORE,2023,682,GDHM_CAT1_LEAD_GOV,GDHM_Q04a,5.0,Phase 5
GDHM_SURVEY_CATEGORY_AVG,2023,682,GDHM_CAT1_LEAD_GOV,,5.0,Phase 5
GDHM_SURVEY_COUNTRYRESPONSE_SCORE,2023,682,GDHM_CAT2_STRAT_INV,GDHM_Q05,5.0,Phase 5
GDHM_SURVEY_COUNTRYRESPONSE_SCORE,2023,682,GDHM_CAT2_STRAT_INV,GDHM_Q05a,5.0,Phase 5
GDHM_SURVEY_COUNTRYRESPONSE_SCORE,2023,682,GDHM_CAT2_STRAT_INV,GDHM_Q06,5.0,Phase 5
GDHM_SURVEY_COUNTRYRESPONSE_SCORE,2023,682,GDHM_CAT2_STRAT_INV,GDHM_Q06a,5.0,Phase 5
GDHM_SURVEY_CATEGORY_AVG,2023,682,GDHM_CAT2_STRAT_INV,,5.0,Phase 5
GDHM_SURVEY_COUNTRYRESPONSE_SCORE,2023,682,GDHM_CAT3_LEG,GDHM_Q07,5.0,Phase 5
GDHM_SURVEY_COUNTRYRESPONSE_SCORE,2023,682,GDHM_CAT3_LEG,GDHM_Q08,5.0,Phase 5
GDHM_SURVEY_COUNTRYRESPONSE_SCORE,2023,682,GDHM_CAT3_LEG,GDHM_Q09,5.0,Phase 5
GDHM_SURVEY_COUNTRYRESPONSE_SCORE,2023,682,GDHM_CAT3_LEG,GDHM_Q09a,5.0,Phase 5
GDHM_SURVEY_COUNTRYRESPONSE_SCORE,2023,682,GDHM_CAT3_LEG,GDHM_Q10,5.0,Phase 5
GDHM_SURVEY_CATEGORY_AVG,2023,682,GDHM_CAT3_LEG,,5.0,Phase 5
GDHM_SURVEY_COUNTRYRESPONSE_SCORE,2023,682,GDHM_CAT4_WORKFORCE,GDHM_Q11,5.0,Phase 5
GDHM_SURVEY_COUNTRYRESPONSE_SCORE,2023,682,GDHM_CAT4_WORKFORCE,GDHM_Q12,5.0,Phase 5
GDHM_SURVEY_COUNTRYRESPONSE_SCORE,2023,682,GDHM_CAT4_WORKFORCE,GDHM_Q13,5.0,Phase 5
GDHM_SURVEY_COUNTRYRESPONSE_SCORE,2023,682,GDHM_CAT4_WORKFORCE,GDHM_Q14,5.0,Phase 5
GDHM_SURVEY_CATEGORY_AVG,2023,682,GDHM_CAT4_WORKFORCE,,5.0,Phase 5
GDHM_SURVEY_COUNTRYRESPONSE_SCORE,2023,682,GDHM_CAT5_STANDARDS,GDHM_Q15,5.0,Phase 5
GDHM_SURVEY_COUNTRYRESPONSE_SCORE,2023,682,GDHM_CAT5_STANDARDS,GDHM_Q16,5.0,Phase 5
GDHM_SURVEY_CATEGORY_AVG,2023,682,GDHM_CAT5_STANDARDS,,5.0,Phase 5
GDHM_SURVEY_COUNTRYRESPONSE_SCORE,2023,682,GDHM_CAT6_INFRASTRUCTURE,GDHM_Q17,4.0,Phase 4
GDHM_SURVEY_COUNTRYRESPONSE_SCORE,2023,682,GDHM_CAT6_INFRASTRUCTURE,GDHM_Q18,5.0,Phase 5
GDHM_SURVEY_CATEGORY_AVG,2023,682,GDHM_CAT6_INFRASTRUCTURE,,5.0,Phase 5
GDHM_SURVEY_COUNTRYRESPONSE_SCORE,2023,682,GDHM_CAT7_SERV_APP,GDHM_Q19,5.0,Phase 5
GDHM_SURVEY_COUNTRYRESPONSE_SCORE,2023,682,GDHM_CAT7_SERV_APP,GDHM_Q20,4.0,Phase 4
GDHM_SURVEY_COUNTRYRESPONSE_SCORE,2023,682,GDHM_CAT7_SERV_APP,GDHM_Q21,5.0,Phase 5
GDHM_SURVEY_COUNTRYRESPONSE_SCORE,2023,682,GDHM_CAT7_SERV_APP,GDHM_Q21a,5.0,Phase 5
GDHM_SURVEY_COUNTRYRESPONSE_SCORE,2023,682,GDHM_CAT7_SERV_APP,GDHM_Q21b,5.0,Phase 5
GDHM_SURVEY_COUNTRYRESPONSE_SCORE,2023,682,GDHM_CAT7_SERV_APP,GDHM_Q21c,5.0,Phase 5
GDHM_SURVEY_COUNTRYRESPONSE_SCORE,2023,682,GDHM_CAT7_SERV_APP,GDHM_Q22,5.0,Phase 5
GDHM_SURVEY_COUNTRYRESPONSE_SCORE,2023,682,GDHM_CAT7_SERV_APP,GDHM_Q23,5.0,Phase 5
GDHM_SURVEY_CATEGORY_AVG,2023,682,GDHM_CAT7_SERV_APP,,5.0,Phase 5
GDHM_SURVEY_COUNTRYRESPONSE_SCORE,2023,686,GDHM_CAT1_LEAD_GOV,GDHM_Q01,3.0,Phase 3
GDHM_SURVEY_COUNTRYRESPONSE_SCORE,2023,686,GDHM_CAT1_LEAD_GOV,GDHM_Q02,4.0,Phase 4
GDHM_SURVEY_COUNTRYRESPONSE_SCORE,2023,686,GDHM_CAT1_LEAD_GOV,GDHM_Q02a,4.0,Phase 4
GDHM_SURVEY_COUNTRYRESPONSE_SCORE,2023,686,GDHM_CAT1_LEAD_GOV,GDHM_Q03,3.0,Phase 3
GDHM_SURVEY_COUNTRYRESPONSE_SCORE,2023,686,GDHM_CAT1_LEAD_GOV,GDHM_Q04,3.0,Phase 3
GDHM_SURVEY_COUNTRYRESPONSE_SCORE,2023,686,GDHM_CAT1_LEAD_GOV,GDHM_Q04a,1.0,Phase 1
GDHM_SURVEY_CATEGORY_AVG,2023,686,GDHM_CAT1_LEAD_GOV,,4.0,Phase 4
GDHM_SURVEY_COUNTRYRESPONSE_SCORE,2023,686,GDHM_CAT2_STRAT_INV,GDHM_Q05,2.0,Phase 2
GDHM_SURVEY_COUNTRYRESPONSE_SCORE,2023,686,GDHM_CAT2_STRAT_INV,GDHM_Q05a,2.0,Phase 2
GDHM_SURVEY_COUNTRYRESPONSE_SCORE,2023,686,GDHM_CAT2_STRAT_INV,GDHM_Q06,3.0,Phase 3
GDHM_SURVEY_COUNTRYRESPONSE_SCORE,2023,686,GDHM_CAT2_STRAT_INV,GDHM_Q06a,2.0,Phase 2
GDHM_SURVEY_CATEGORY_AVG,2023,686,GDHM_CAT2_STRAT_INV,,3.0,Phase 3
GDHM_SURVEY_COUNTRYRESPONSE_SCORE,2023,686,GDHM_CAT3_LEG,GDHM_Q07,3.0,Phase 3
GDHM_SURVEY_COUNTRYRESPONSE_SCORE,2023,686,GDHM_CAT3_LEG,GDHM_Q08,4.0,Phase 4
GDHM_SURVEY_COUNTRYRESPONSE_SCORE,2023,686,GDHM_CAT3_LEG,GDHM_Q09,0.0,Not Available
GDHM_SURVEY_COUNTRYRESPONSE_SCORE,2023,686,GDHM_CAT3_LEG,GDHM_Q09a,1.0,Phase 1
GDHM_SURVEY_COUNTRYRESPONSE_SCORE,2023,686,GDHM_CAT3_LEG,GDHM_Q10,1.0,Phase 1
GDHM_SURVEY_CATEGORY_AVG,2023,686,GDHM_CAT3_LEG,,3.0,Phase 3
GDHM_SURVEY_COUNTRYRESPONSE_SCORE,2023,686,GDHM_CAT4_WORKFORCE,GDHM_Q11,1.0,Phase 1
GDHM_SURVEY_COUNTRYRESPONSE_SCORE,2023,686,GDHM_CAT4_WORKFORCE,GDHM_Q12,1.0,Phase 1
GDHM_SURVEY_COUNTRYRESPONSE_SCORE,2023,686,GDHM_CAT4_WORKFORCE,GDHM_Q13,2.0,Phase 2
GDHM_SURVEY_COUNTRYRESPONSE_SCORE,2023,686,GDHM_CAT4_WORKFORCE,GDHM_Q14,1.0,Phase 1
GDHM_SURVEY_CATEGORY_AVG,2023,686,GDHM_CAT4_WORKFORCE,,2.0,Phase 2
GDHM_SURVEY_COUNTRYRESPONSE_SCORE,2023,686,GDHM_CAT5_STANDARDS,GDHM_Q15,1.0,Phase 1
GDHM_SURVEY_COUNTRYRESPONSE_SCORE,2023,686,GDHM_CAT5_STANDARDS,GDHM_Q16,1.0,Phase 1
GDHM_SURVEY_CATEGORY_AVG,2023,686,GDHM_CAT5_STANDARDS,,1.0,Phase 1
GDHM_SURVEY_COUNTRYRESPONSE_SCORE,2023,686,GDHM_CAT6_INFRASTRUCTURE,GDHM_Q17,3.0,Phase 3
GDHM_SURVEY_COUNTRYRESPONSE_SCORE,2023,686,GDHM_CAT6_INFRASTRUCTURE,GDHM_Q18,2.0,Phase 2
GDHM_SURVEY_CATEGORY_AVG,2023,686,GDHM_CAT6_INFRASTRUCTURE,,3.0,Phase 3
GDHM_SURVEY_COUNTRYRESPONSE_SCORE,2023,686,GDHM_CAT7_SERV_APP,GDHM_Q19,2.0,Phase 2
GDHM_SURVEY_COUNTRYRESPONSE_SCORE,2023,686,GDHM_CAT7_SERV_APP,GDHM_Q20,2.0,Phase 2
GDHM_SURVEY_COUNTRYRESPONSE_SCORE,2023,686,GDHM_CAT7_SERV_APP,GDHM_Q21,1.0,Phase 1
GDHM_SURVEY_COUNTRYRESPONSE_SCORE,2023,686,GDHM_CAT7_SERV_APP,GDHM_Q21a,1.0,Phase 1
GDHM_SURVEY_COUNTRYRESPONSE_SCORE,2023,686,GDHM_CAT7_SERV_APP,GDHM_Q21b,1.0,Phase 1
GDHM_SURVEY_COUNTRYRESPONSE_SCORE,2023,686,GDHM_CAT7_SERV_APP,GDHM_Q21c,1.0,Phase 1
GDHM_SURVEY_COUNTRYRESPONSE_SCORE,2023,686,GDHM_CAT7_SERV_APP,GDHM_Q22,2.0,Phase 2
GDHM_SURVEY_COUNTRYRESPONSE_SCORE,2023,788,GDHM_CAT1_LEAD_GOV,GDHM_Q01,0.0,Not Available
GDHM_SURVEY_COUNTRYRESPONSE_SCORE,2023,788,GDHM_CAT1_LEAD_GOV,GDHM_Q02,0.0,Not Available
GDHM_SURVEY_COUNTRYRESPONSE_SCORE,2023,788,GDHM_CAT1_LEAD_GOV,GDHM_Q02a,0.0,Not Available
GDHM_SURVEY_COUNTRYRESPONSE_SCORE,2023,788,GDHM_CAT1_LEAD_GOV,GDHM_Q03,0.0,Not Available
GDHM_SURVEY_COUNTRYRESPONSE_SCORE,2023,788,GDHM_CAT1_LEAD_GOV,GDHM_Q04,3.0,Phase 3
GDHM_SURVEY_COUNTRYRESPONSE_SCORE,2023,788,GDHM_CAT1_LEAD_GOV,GDHM_Q04a,0.0,Not Available
GDHM_SURVEY_CATEGORY_AVG,2023,788,GDHM_CAT1_LEAD_GOV,,3.0,Phase 3
GDHM_SURVEY_COUNTRYRESPONSE_SCORE,2023,788,GDHM_CAT2_STRAT_INV,GDHM_Q05,0.0,Not Available
GDHM_SURVEY_COUNTRYRESPONSE_SCORE,2023,788,GDHM_CAT2_STRAT_INV,GDHM_Q05a,0.0,Not Available
GDHM_SURVEY_COUNTRYRESPONSE_SCORE,2023,788,GDHM_CAT2_STRAT_INV,GDHM_Q06,0.0,Not Available
GDHM_SURVEY_COUNTRYRESPONSE_SCORE,2023,788,GDHM_CAT2_STRAT_INV,GDHM_Q06a,2.0,Phase 2
GDHM_SURVEY_CATEGORY_AVG,2023,788,GDHM_CAT2_STRAT_INV,,1.0,Not Available
GDHM_SURVEY_COUNTRYRESPONSE_SCORE,2023,788,GDHM_CAT3_LEG,GDHM_Q07,5.0,Phase 5
GDHM_SURVEY_COUNTRYRESPONSE_SCORE,2023,788,GDHM_CAT3_LEG,GDHM_Q08,4.0,Phase 4
GDHM_SURVEY_COUNTRYRESPONSE_SCORE,2023,788,GDHM_CAT3_LEG,GDHM_Q09,3.0,Phase 3
GDHM_SURVEY_COUNTRYRESPONSE_SCORE,2023,788,GDHM_CAT3_LEG,GDHM_Q09a,0.0,Not Available
GDHM_SURVEY_COUNTRYRESPONSE_SCORE,2023,788,GDHM_CAT3_LEG,GDHM_Q10,0.0,Not Available
GDHM_SURVEY_CATEGORY_AVG,2023,788,GDHM_CAT3_LEG,,4.0,Phase 4
GDHM_SURVEY_COUNTRYRESPONSE_SCORE,2023,788,GDHM_CAT4_WORKFORCE,GDHM_Q11,0.0,Not Available
GDHM_SURVEY_COUNTRYRESPONSE_SCORE,2023,788,GDHM_CAT4_WORKFORCE,GDHM_Q12,0.0,Not Available
GDHM_SURVEY_COUNTRYRESPONSE_SCORE,2023,788,GDHM_CAT4_WORKFORCE,GDHM_Q13,0.0,Not Available
GDHM_SURVEY_COUNTRYRESPONSE_SCORE,2023,788,GDHM_CAT4_WORKFORCE,GDHM_Q14,0.0,Not Available
GDHM_SURVEY_CATEGORY_AVG,2023,788,GDHM_CAT4_WORKFORCE,,1.0,Not Available
GDHM_SURVEY_COUNTRYRESPONSE_SCORE,2023,788,GDHM_CAT5_STANDARDS,GDHM_Q15,0.0,Not Available
GDHM_SURVEY_COUNTRYRESPONSE_SCORE,2023,788,GDHM_CAT5_STANDARDS,GDHM_Q16,0.0,Not Available
GDHM_SURVEY_CATEGORY_AVG,2023,788,GDHM_CAT5_STANDARDS,,1.0,Not Available
GDHM_SURVEY_COUNTRYRESPONSE_SCORE,2023,788,GDHM_CAT6_INFRASTRUCTURE,GDHM_Q17,3.0,Phase 3
GDHM_SURVEY_COUNTRYRESPONSE_SCORE,2023,788,GDHM_CAT6_INFRASTRUCTURE,GDHM_Q18,4.0,Phase 4
GDHM_SURVEY_CATEGORY_AVG,2023,788,GDHM_CAT6_INFRASTRUCTURE,,4.0,Phase 4
GDHM_SURVEY_COUNTRYRESPONSE_SCORE,2023,788,GDHM_CAT7_SERV_APP,GDHM_Q19,0.0,Not Available
GDHM_SURVEY_COUNTRYRESPONSE_SCORE,2023,788,GDHM_CAT7_SERV_APP,GDHM_Q20,0.0,Not Available
GDHM_SURVEY_COUNTRYRESPONSE_SCORE,2023,788,GDHM_CAT7_SERV_APP,GDHM_Q21,0.0,Not Available
GDHM_SURVEY_COUNTRYRESPONSE_SCORE,2023,788,GDHM_CAT7_SERV_APP,GDHM_Q21a,0.0,Not Available
GDHM_SURVEY_COUNTRYRESPONSE_SCORE,2023,788,GDHM_CAT7_SERV_APP,GDHM_Q21b,0.0,Not Available
GDHM_SURVEY_COUNTRYRESPONSE_SCORE,2023,788,GDHM_CAT7_SERV_APP,GDHM_Q21c,0.0,Not Available
GDHM_SURVEY_COUNTRYRESPONSE_SCORE,2023,788,GDHM_CAT7_SERV_APP,GDHM_Q22,0.0,Not Available
GDHM_SURVEY_COUNTRYRESPONSE_SCORE,2023,788,GDHM_CAT7_SERV_APP,GDHM_Q23,0.0,Not Available
GDHM_SURVEY_CATEGORY_AVG,2023,788,GDHM_CAT7_SERV_APP,,1.0,Not Available
GDHM_SURVEY_COUNTRYRESPONSE_SCORE,2023,792,GDHM_CAT1_LEAD_GOV,GDHM_Q01,0.0,Not Available
GDHM_SURVEY_COUNTRYRESPONSE_SCORE,2023,792,GDHM_CAT1_LEAD_GOV,GDHM_Q02,0.0,Not Available
GDHM_SURVEY_COUNTRYRESPONSE_SCORE,2023,792,GDHM_CAT1_LEAD_GOV,GDHM_Q02a,0.0,Not Available
GDHM_SURVEY_COUNTRYRESPONSE_SCORE,2023,792,GDHM_CAT1_LEAD_GOV,GDHM_Q03,0.0,Not Available
GDHM_SURVEY_COUNTRYRESPONSE_SCORE,2023,792,GDHM_CAT1_LEAD_GOV,GDHM_Q04,4.0,Phase 4
GDHM_SURVEY_COUNTRYRESPONSE_SCORE,2023,792,GDHM_CAT1_LEAD_GOV,GDHM_Q04a,0.0,Not Available
GDHM_SURVEY_CATEGORY_AVG,2023,792,GDHM_CAT1_LEAD_GOV,,4.0,Phase 4
GDHM_SURVEY_COUNTRYRESPONSE_SCORE,2023,792,GDHM_CAT2_STRAT_INV,GDHM_Q05,0.0,Not Available
GDHM_SURVEY_COUNTRYRESPONSE_SCORE,2023,792,GDHM_CAT2_STRAT_INV,GDHM_Q05a,0.0,Not Available
GDHM_SURVEY_COUNTRYRESPONSE_SCORE,2023,792,GDHM_CAT2_STRAT_INV,GDHM_Q06,0.0,Not Available
GDHM_SURVEY_COUNTRYRESPONSE_SCORE,2023,792,GDHM_CAT2_STRAT_INV,GDHM_Q06a,3.0,Phase 3
GDHM_SURVEY_CATEGORY_AVG,2023,792,GDHM_CAT2_STRAT_INV,,1.0,Not Available
GDHM_SURVEY_COUNTRYRESPONSE_SCORE,2023,792,GDHM_CAT3_LEG,GDHM_Q07,5.0,Phase 5
GDHM_SURVEY_COUNTRYRESPONSE_SCORE,2023,792,GDHM_CAT3_LEG,GDHM_Q08,3.0,Phase 3
GDHM_SURVEY_COUNTRYRESPONSE_SCORE,2023,792,GDHM_CAT3_LEG,GDHM_Q09,3.0,Phase 3
GDHM_SURVEY_COUNTRYRESPONSE_SCORE,2023,792,GDHM_CAT3_LEG,GDHM_Q09a,0.0,Not Available
GDHM_SURVEY_COUNTRYRESPONSE_SCORE,2023,792,GDHM_CAT3_LEG,GDHM_Q10,0.0,Not Available
GDHM_SURVEY_CATEGORY_AVG,2023,792,GDHM_CAT3_LEG,,4.0,Phase 4
GDHM_SURVEY_COUNTRYRESPONSE_SCORE,2023,792,GDHM_CAT4_WORKFORCE,GDHM_Q11,0.0,Not Available
GDHM_SURVEY_COUNTRYRESPONSE_SCORE,2023,792,GDHM_CAT4_WORKFORCE,GDHM_Q12,0.0,Not Available
GDHM_SURVEY_COUNTRYRESPONSE_SCORE,2023,792,GDHM_CAT4_WORKFORCE,GDHM_Q13,0.0,Not Available
GDHM_SURVEY_COUNTRYRESPONSE_SCORE,2023,792,GDHM_CAT4_WORKFORCE,GDHM_Q14,0.0,Not Available
GDHM_SURVEY_CATEGORY_AVG,2023,792,GDHM_CAT4_WORKFORCE,,1.0,Not Available
GDHM_SURVEY_COUNTRYRESPONSE_SCORE,2023,792,GDHM_CAT5_STANDARDS,GDHM_Q15,0.0,Not Available
GDHM_SURVEY_COUNTRYRESPONSE_SCORE,2023,792,GDHM_CAT5_STANDARDS,GDHM_Q16,0.0,Not Available
GDHM_SURVEY_CATEGORY_AVG,2023,792,GDHM_CAT5_STANDARDS,,1.0,Not Available
GDHM_SURVEY_COUNTRYRESPONSE_SCORE,2023,792,GDHM_CAT6_INFRASTRUCTURE,GDHM_Q17,3.0,Phase 3
GDHM_SURVEY_COUNTRYRESPONSE_SCORE,2023,792,GDHM_CAT6_INFRASTRUCTURE,GDHM_Q18,5.0,Phase 5
GDHM_SURVEY_CATEGORY_AVG,2023,792,GDHM_CAT6_INFRASTRUCTURE,,4.0,Phase 4
GDHM_SURVEY_COUNTRYRESPONSE_SCORE,2023,792,GDHM_CAT7_SERV_APP,GDHM_Q19,0.0,Not Available
GDHM_SURVEY_COUNTRYRESPONSE_SCORE,2023,792,GDHM_CAT7_SERV_APP,GDHM_Q20,0.0,Not Available
GDHM_SURVEY_COUNTRYRESPONSE_SCORE,2023,792,GDHM_CAT7_SERV_APP,GDHM_Q21,0.0,Not Available
GDHM_SURVEY_COUNTRYRESPONSE_SCORE,2023,792,GDHM_CAT7_SERV_APP,GDHM_Q21a,0.0,Not Available
GDHM_SURVEY_COUNTRYRESPONSE_SCORE,2023,792,GDHM_CAT7_SERV_APP,GDHM_Q21b,0.0,Not Available
GDHM_SURVEY_COUNTRYRESPONSE_SCORE,2023,792,GDHM_CAT7_SERV_APP,GDHM_Q21c,0.0,Not Available
GDHM_SURVEY_COUNTRYRESPONSE_SCORE,2023,792,GDHM_CAT7_SERV_APP,GDHM_Q22,0.0,Not Available
GDHM_SURVEY_COUNTRYRESPONSE_SCORE,2023,792,GDHM_CAT7_SERV_APP,GDHM_Q23,0.0,Not Available
GDHM_SURVEY_CATEGORY_AVG,2023,792,GDHM_CAT7_SERV_APP,,1.0,Not Available
GDHM_SURVEY_COUNTRYRESPONSE_SCORE,2023,800,GDHM_CAT1_LEAD_GOV,GDHM_Q01,2.0,Phase 2
GDHM_SURVEY_COUNTRYRESPONSE_SCORE,2023,800,GDHM_CAT1_LEAD_GOV,GDHM_Q02,3.0,Phase 3
GDHM_SURVEY_COUNTRYRESPONSE_SCORE,2023,800,GDHM_CAT1_LEAD_GOV,GDHM_Q02a,3.0,Phase 3
GDHM_SURVEY_COUNTRYRESPONSE_SCORE,2023,800,GDHM_CAT1_LEAD_GOV,GDHM_Q03,3.0,Phase 3
GDHM_SURVEY_COUNTRYRESPONSE_SCORE,2023,800,GDHM_CAT1_LEAD_GOV,GDHM_Q04,1.0,Phase 1
GDHM_SURVEY_COUNTRYRESPONSE_SCORE,2023,800,GDHM_CAT1_LEAD_GOV,GDHM_Q04a,3.0,Phase 3
GDHM_SURVEY_CATEGORY_AVG,2023,800,GDHM_CAT1_LEAD_GOV,,3.0,Phase 3
GDHM_SURVEY_COUNTRYRESPONSE_SCORE,2023,800,GDHM_CAT2_STRAT_INV,GDHM_Q05,2.0,Phase 2
GDHM_SURVEY_COUNTRYRESPONSE_SCORE,2023,800,GDHM_CAT2_STRAT_INV,GDHM_Q05a,3.0,Phase 3
GDHM_SURVEY_COUNTRYRESPONSE_SCORE,2023,800,GDHM_CAT2_STRAT_INV,GDHM_Q06,4.0,Phase 4
GDHM_SURVEY_COUNTRYRESPONSE_SCORE,2023,800,GDHM_CAT2_STRAT_INV,GDHM_Q06a,4.0,Phase 4
GDHM_SURVEY_CATEGORY_AVG,2023,800,GDHM_CAT2_STRAT_INV,,3.0,Phase 3
GDHM_SURVEY_COUNTRYRESPONSE_SCORE,2023,800,GDHM_CAT3_LEG,GDHM_Q07,2.0,Phase 2
GDHM_SURVEY_COUNTRYRESPONSE_SCORE,2023,800,GDHM_CAT3_LEG,GDHM_Q08,2.0,Phase 2
GDHM_SURVEY_COUNTRYRESPONSE_SCORE,2023,800,GDHM_CAT3_LEG,GDHM_Q09,2.0,Phase 2
GDHM_SURVEY_COUNTRYRESPONSE_SCORE,2023,800,GDHM_CAT3_LEG,GDHM_Q09a,2.0,Phase 2
GDHM_SURVEY_COUNTRYRESPONSE_SCORE,2023,800,GDHM_CAT3_LEG,GDHM_Q10,2.0,Phase 2
GDHM_SURVEY_CATEGORY_AVG,2023,800,GDHM_CAT3_LEG,,2.0,Phase 2
GDHM_SURVEY_COUNTRYRESPONSE_SCORE,2023,800,GDHM_CAT4_WORKFORCE,GDHM_Q11,2.0,Phase 2
GDHM_SURVEY_COUNTRYRESPONSE_SCORE,2023,800,GDHM_CAT4_WORKFORCE,GDHM_Q12,2.0,Phase 2
GDHM_SURVEY_COUNTRYRESPONSE_SCORE,2023,800,GDHM_CAT4_WORKFORCE,GDHM_Q13,2.0,Phase 2
GDHM_SURVEY_COUNTRYRESPONSE_SCORE,2023,800,GDHM_CAT4_WORKFORCE,GDHM_Q14,2.0,Phase 2
GDHM_SURVEY_CATEGORY_AVG,2023,800,GDHM_CAT4_WORKFORCE,,2.0,Phase 2
GDHM_SURVEY_COUNTRYRESPONSE_SCORE,2023,800,GDHM_CAT5_STANDARDS,GDHM_Q15,3.0,Phase 3
GDHM_SURVEY_COUNTRYRESPONSE_SCORE,2023,800,GDHM_CAT5_STANDARDS,GDHM_Q16,3.0,Phase 3
GDHM_SURVEY_CATEGORY_AVG,2023,800,GDHM_CAT5_STANDARDS,,3.0,Phase 3
GDHM_SURVEY_COUNTRYRESPONSE_SCORE,2023,800,GDHM_CAT6_INFRASTRUCTURE,GDHM_Q17,0.0,Not Available
GDHM_SURVEY_COUNTRYRESPONSE_SCORE,2023,800,GDHM_CAT6_INFRASTRUCTURE,GDHM_Q18,2.0,Phase 2
GDHM_SURVEY_CATEGORY_AVG,2023,800,GDHM_CAT6_INFRASTRUCTURE,,2.0,Phase 2
GDHM_SURVEY_COUNTRYRESPONSE_SCORE,2023,800,GDHM_CAT7_SERV_APP,GDHM_Q19,0.0,Not Available
GDHM_SURVEY_COUNTRYRESPONSE_SCORE,2023,800,GDHM_CAT7_SERV_APP,GDHM_Q20,3.0,Phase 3
GDHM_SURVEY_COUNTRYRESPONSE_SCORE,2023,800,GDHM_CAT7_SERV_APP,GDHM_Q21,3.0,Phase 3
GDHM_SURVEY_COUNTRYRESPONSE_SCORE,2023,800,GDHM_CAT7_SERV_APP,GDHM_Q21a,3.0,Phase 3
GDHM_SURVEY_COUNTRYRESPONSE_SCORE,2023,800,GDHM_CAT7_SERV_APP,GDHM_Q21b,3.0,Phase 3
GDHM_SURVEY_COUNTRYRESPONSE_SCORE,2023,800,GDHM_CAT7_SERV_APP,GDHM_Q21c,3.0,Phase 3
GDHM_SURVEY_COUNTRYRESPONSE_SCORE,2023,800,GDHM_CAT7_SERV_APP,GDHM_Q22,2.0,Phase 2
GDHM_SURVEY_COUNTRYRESPONSE_SCORE,2023,800,GDHM_CAT7_SERV_APP,GDHM_Q23,2.0,Phase 2
GDHM_SURVEY_CATEGORY_AVG,2023,800,GDHM_CAT7_SERV_APP,,3.0,Phase 3
GDHM_SURVEY_COUNTRYRESPONSE_SCORE,2023,804,GDHM_CAT1_LEAD_GOV,GDHM_Q01,0.0,Not Available
GDHM_SURVEY_COUNTRYRESPONSE_SCORE,2023,804,GDHM_CAT1_LEAD_GOV,GDHM_Q02,0.0,Not Available
GDHM_SURVEY_COUNTRYRESPONSE_SCORE,2023,804,GDHM_CAT1_LEAD_GOV,GDHM_Q02a,0.0,Not Available
GDHM_SURVEY_COUNTRYRESPONSE_SCORE,2023,804,GDHM_CAT1_LEAD_GOV,GDHM_Q03,0.0,Not Available
GDHM_SURVEY_COUNTRYRESPONSE_SCORE,2023,804,GDHM_CAT1_LEAD_GOV,GDHM_Q04,4.0,Phase 4
GDHM_SURVEY_COUNTRYRESPONSE_SCORE,2023,804,GDHM_CAT1_LEAD_GOV,GDHM_Q04a,0.0,Not Available
GDHM_SURVEY_CATEGORY_AVG,2023,804,GDHM_CAT1_LEAD_GOV,,4.0,Phase 4
GDHM_SURVEY_COUNTRYRESPONSE_SCORE,2023,804,GDHM_CAT2_STRAT_INV,GDHM_Q05,0.0,Not Available
GDHM_SURVEY_COUNTRYRESPONSE_SCORE,2023,804,GDHM_CAT2_STRAT_INV,GDHM_Q05a,0.0,Not Available
GDHM_SURVEY_COUNTRYRESPONSE_SCORE,2023,804,GDHM_CAT2_STRAT_INV,GDHM_Q06,0.0,Not Available
GDHM_SURVEY_COUNTRYRESPONSE_SCORE,2023,804,GDHM_CAT2_STRAT_INV,GDHM_Q06a,3.0,Phase 3
GDHM_SURVEY_CATEGORY_AVG,2023,804,GDHM_CAT2_STRAT_INV,,1.0,Not Available
GDHM_SURVEY_COUNTRYRESPONSE_SCORE,2023,804,GDHM_CAT3_LEG,GDHM_Q07,4.0,Phase 4
GDHM_SURVEY_COUNTRYRESPONSE_SCORE,2023,804,GDHM_CAT3_LEG,GDHM_Q08,3.0,Phase 3
GDHM_SURVEY_COUNTRYRESPONSE_SCORE,2023,804,GDHM_CAT3_LEG,GDHM_Q09,2.0,Phase 2
GDHM_SURVEY_COUNTRYRESPONSE_SCORE,2023,804,GDHM_CAT3_LEG,GDHM_Q09a,0.0,Not Available
GDHM_SURVEY_COUNTRYRESPONSE_SCORE,2023,804,GDHM_CAT3_LEG,GDHM_Q10,0.0,Not Available
GDHM_SURVEY_CATEGORY_AVG,2023,804,GDHM_CAT3_LEG,,3.0,Phase 3
GDHM_SURVEY_COUNTRYRESPONSE_SCORE,2023,804,GDHM_CAT4_WORKFORCE,GDHM_Q11,0.0,Not Available
GDHM_SURVEY_COUNTRYRESPONSE_SCORE,2023,804,GDHM_CAT4_WORKFORCE,GDHM_Q12,0.0,Not Available
GDHM_SURVEY_COUNTRYRESPONSE_SCORE,2023,804,GDHM_CAT4_WORKFORCE,GDHM_Q13,0.0,Not Available
GDHM_SURVEY_COUNTRYRESPONSE_SCORE,2023,804,GDHM_CAT4_WORKFORCE,GDHM_Q14,0.0,Not Available
GDHM_SURVEY_CATEGORY_AVG,2023,804,GDHM_CAT4_WORKFORCE,,1.0,Not Available
GDHM_SURVEY_COUNTRYRESPONSE_SCORE,2023,804,GDHM_CAT5_STANDARDS,GDHM_Q15,0.0,Not Available
GDHM_SURVEY_COUNTRYRESPONSE_SCORE,2023,804,GDHM_CAT5_STANDARDS,GDHM_Q16,0.0,Not Available
GDHM_SURVEY_CATEGORY_AVG,2023,804,GDHM_CAT5_STANDARDS,,1.0,Not Available
GDHM_SURVEY_COUNTRYRESPONSE_SCORE,2019,911,GDHM_CAT1_LEAD_GOV,GDHM_Q01,3.0,Phase 3
GDHM_SURVEY_COUNTRYRESPONSE_SCORE,2019,914,GDHM_CAT7_SERV_APP,GDHM_Q21c,2.0,Phase 2
GDHM_SURVEY_COUNTRYRESPONSE_SCORE,2019,914,GDHM_CAT7_SERV_APP,GDHM_Q21b,3.0,Phase 3
GDHM_SURVEY_COUNTRYRESPONSE_SCORE,2019,914,GDHM_CAT7_SERV_APP,GDHM_Q21a,1.0,Phase 1
GDHM_SURVEY_COUNTRYRESPONSE_SCORE,2019,914,GDHM_CAT7_SERV_APP,GDHM_Q21,2.0,Phase 2
GDHM_SURVEY_COUNTRYRESPONSE_SCORE,2019,914,GDHM_CAT7_SERV_APP,GDHM_Q20,2.0,Phase 2
GDHM_SURVEY_COUNTRYRESPONSE_SCORE,2019,914,GDHM_CAT7_SERV_APP,GDHM_Q19,2.0,Phase 2
GDHM_SURVEY_COUNTRYRESPONSE_SCORE,2019,914,GDHM_CAT6_INFRASTRUCTURE,GDHM_Q18,2.0,Phase 2
GDHM_SURVEY_COUNTRYRESPONSE_SCORE,2019,914,GDHM_CAT6_INFRASTRUCTURE,GDHM_Q17,2.0,Phase 2
GDHM_SURVEY_COUNTRYRESPONSE_SCORE,2019,914,GDHM_CAT5_STANDARDS,GDHM_Q16,2.0,Phase 2
GDHM_SURVEY_COUNTRYRESPONSE_SCORE,2019,914,GDHM_CAT5_STANDARDS,GDHM_Q15,2.0,Phase 2
GDHM_SURVEY_COUNTRYRESPONSE_SCORE,2019,914,GDHM_CAT4_WORKFORCE,GDHM_Q14,1.0,Phase 1
GDHM_SURVEY_COUNTRYRESPONSE_SCORE,2019,914,GDHM_CAT4_WORKFORCE,GDHM_Q13,2.0,Phase 2
GDHM_SURVEY_COUNTRYRESPONSE_SCORE,2019,914,GDHM_CAT4_WORKFORCE,GDHM_Q12,1.0,Phase 1
GDHM_SURVEY_COUNTRYRESPONSE_SCORE,2019,914,GDHM_CAT4_WORKFORCE,GDHM_Q11,2.0,Phase 2
GDHM_SURVEY_COUNTRYRESPONSE_SCORE,2019,914,GDHM_CAT3_LEG,GDHM_Q10,1.0,Phase 1
GDHM_SURVEY_COUNTRYRESPONSE_SCORE,2019,914,GDHM_CAT3_LEG,GDHM_Q09a,2.0,Phase 2
GDHM_SURVEY_COUNTRYRESPONSE_SCORE,2019,914,GDHM_CAT3_LEG,GDHM_Q09,2.0,Phase 2
GDHM_SURVEY_COUNTRYRESPONSE_SCORE,2019,914,GDHM_CAT3_LEG,GDHM_Q08,4.0,Phase 4
GDHM_SURVEY_COUNTRYRESPONSE_SCORE,2023,957,GDHM_CAT3_LEG,GDHM_Q10,1.0,Phase 1
GDHM_SURVEY_COUNTRYRESPONSE_SCORE,2023,957,GDHM_CAT4_WORKFORCE,GDHM_Q11,1.0,Phase 1
GDHM_SURVEY_COUNTRYRESPONSE_SCORE,2023,957,GDHM_CAT4_WORKFORCE,GDHM_Q12,1.0,Phase 1
GDHM_SURVEY_COUNTRYRESPONSE_SCORE,2023,957,GDHM_CAT4_WORKFORCE,GDHM_Q13,1.0,Phase 1
GDHM_SURVEY_COUNTRYRESPONSE_SCORE,2023,957,GDHM_CAT4_WORKFORCE,GDHM_Q14,1.0,Phase 1
GDHM_SURVEY_COUNTRYRESPONSE_SCORE,2023,957,GDHM_CAT5_STANDARDS,GDHM_Q15,1.0,Phase 1
GDHM_SURVEY_COUNTRYRESPONSE_SCORE,2023,957,GDHM_CAT5_STANDARDS,GDHM_Q16,1.0,Phase 1
GDHM_SURVEY_COUNTRYRESPONSE_SCORE,2023,957,GDHM_CAT3_LEG,GDHM_Q08,2.0,Phase 2
GDHM_SURVEY_COUNTRYRESPONSE_SCORE,2023,956,GDHM_CAT3_LEG,GDHM_Q10,0.0,Phase 0
GDHM_SURVEY_COUNTRYRESPONSE_SCORE,2023,957,GDHM_CAT1_LEAD_GOV,GDHM_Q01,1.0,Phase 1
GDHM_SURVEY_COUNTRYRESPONSE_SCORE,2023,956,GDHM_CAT4_WORKFORCE,GDHM_Q12,0.0,Phase 0
GDHM_SURVEY_COUNTRYRESPONSE_SCORE,2023,953,GDHM_CAT3_LEG,GDHM_Q07,3.0,Phase 3
GDHM_SURVEY_COUNTRYRESPONSE_SCORE,2023,953,GDHM_CAT3_LEG,GDHM_Q08,3.0,Phase 3
GDHM_SURVEY_COUNTRYRESPONSE_SCORE,2023,953,GDHM_CAT3_LEG,GDHM_Q09,1.0,Phase 1
GDHM_SURVEY_COUNTRYRESPONSE_SCORE,2023,953,GDHM_CAT3_LEG,GDHM_Q09a,1.0,Phase 1
GDHM_SURVEY_COUNTRYRESPONSE_SCORE,2023,953,GDHM_CAT3_LEG,GDHM_Q10,2.0,Phase 2
GDHM_SURVEY_COUNTRYRESPONSE_SCORE,2023,953,GDHM_CAT4_WORKFORCE,GDHM_Q11,1.0,Phase 1
GDHM_SURVEY_COUNTRYRESPONSE_SCORE,2023,953,GDHM_CAT4_WORKFORCE,GDHM_Q12,1.0,Phase 1
GDHM_SURVEY_COUNTRYRESPONSE_SCORE,2023,953,GDHM_CAT4_WORKFORCE,GDHM_Q14,1.0,Phase 1
GDHM_SURVEY_COUNTRYRESPONSE_SCORE,2023,953,GDHM_CAT5_STANDARDS,GDHM_Q15,2.0,Phase 2
GDHM_SURVEY_COUNTRYRESPONSE_SCORE,2023,953,GDHM_CAT5_STANDARDS,GDHM_Q16,2.0,Phase 2
GDHM_SURVEY_COUNTRYRESPONSE_SCORE,2023,953,GDHM_CAT6_INFRASTRUCTURE,GDHM_Q17,2.0,Phase 2
GDHM_SURVEY_COUNTRYRESPONSE_SCORE,2023,953,GDHM_CAT6_INFRASTRUCTURE,GDHM_Q18,2.0,Phase 2
GDHM_SURVEY_COUNTRYRESPONSE_SCORE,2023,953,GDHM_CAT7_SERV_APP,GDHM_Q19,2.0,Phase 2
GDHM_SURVEY_COUNTRYRESPONSE_SCORE,2023,953,GDHM_CAT7_SERV_APP,GDHM_Q20,2.0,Phase 2
GDHM_SURVEY_COUNTRYRESPONSE_SCORE,2023,953,GDHM_CAT7_SERV_APP,GDHM_Q21,1.0,Phase 1
GDHM_SURVEY_COUNTRYRESPONSE_SCORE,2023,953,GDHM_CAT7_SERV_APP,GDHM_Q21a,1.0,Phase 1
GDHM_SURVEY_COUNTRYRESPONSE_SCORE,2023,953,GDHM_CAT7_SERV_APP,GDHM_Q21b,2.0,Phase 2
GDHM_SURVEY_COUNTRYRESPONSE_SCORE,2023,953,GDHM_CAT7_SERV_APP,GDHM_Q21c,2.0,Phase 2
GDHM_SURVEY_COUNTRYRESPONSE_SCORE,2023,956,GDHM_CAT4_WORKFORCE,GDHM_Q11,0.0,Phase 0
GDHM_SURVEY_COUNTRYRESPONSE_SCORE,2023,953,GDHM_CAT2_STRAT_INV,GDHM_Q06a,2.0,Phase 2
GDHM_SURVEY_COUNTRYRESPONSE_SCORE,2023,953,GDHM_CAT2_STRAT_INV,GDHM_Q06,2.0,Phase 2
GDHM_SURVEY_COUNTRYRESPONSE_SCORE,2023,953,GDHM_CAT4_WORKFORCE,GDHM_Q13,2.0,Phase 2
GDHM_SURVEY_COUNTRYRESPONSE_SCORE,2023,953,GDHM_CAT2_STRAT_INV,GDHM_Q05,2.0,Phase 2
GDHM_SURVEY_COUNTRYRESPONSE_SCORE,2023,953,GDHM_CAT2_STRAT_INV,GDHM_Q05a,2.0,Phase 2
GDHM_SURVEY_COUNTRYRESPONSE_SCORE,2023,956,GDHM_CAT4_WORKFORCE,GDHM_Q14,0.0,Phase 0
GDHM_SURVEY_COUNTRYRESPONSE_SCORE,2023,956,GDHM_CAT5_STANDARDS,GDHM_Q15,0.0,Phase 0
GDHM_SURVEY_COUNTRYRESPONSE_SCORE,2023,956,GDHM_CAT5_STANDARDS,GDHM_Q16,0.0,Phase 0
GDHM_SURVEY_COUNTRYRESPONSE_SCORE,2023,956,GDHM_CAT6_INFRASTRUCTURE,GDHM_Q17,3.0,Phase 3
GDHM_SURVEY_COUNTRYRESPONSE_SCORE,2023,956,GDHM_CAT6_INFRASTRUCTURE,GDHM_Q18,4.0,Phase 4
GDHM_SURVEY_COUNTRYRESPONSE_SCORE,2023,956,GDHM_CAT7_SERV_APP,GDHM_Q20,0.0,Phase 0
GDHM_SURVEY_COUNTRYRESPONSE_SCORE,2023,956,GDHM_CAT7_SERV_APP,GDHM_Q21,0.0,Phase 0
GDHM_SURVEY_COUNTRYRESPONSE_SCORE,2023,956,GDHM_CAT7_SERV_APP,GDHM_Q21a,0.0,Phase 0
GDHM_SURVEY_COUNTRYRESPONSE_SCORE,2023,956,GDHM_CAT7_SERV_APP,GDHM_Q21b,0.0,Phase 0
GDHM_SURVEY_COUNTRYRESPONSE_SCORE,2023,956,GDHM_CAT7_SERV_APP,GDHM_Q19,0.0,Phase 0
GDHM_SURVEY_COUNTRYRESPONSE_SCORE,2023,956,GDHM_CAT4_WORKFORCE,GDHM_Q13,0.0,Phase 0
GDHM_SURVEY_COUNTRYRESPONSE_SCORE,2023,956,GDHM_CAT7_SERV_APP,GDHM_Q21c,0.0,Phase 0
GDHM_SURVEY_COUNTRYRESPONSE_SCORE,2023,953,GDHM_CAT1_LEAD_GOV,GDHM_Q04,2.0,Phase 2
GDHM_SURVEY_COUNTRYRESPONSE_SCORE,2023,953,GDHM_CAT1_LEAD_GOV,GDHM_Q03,1.0,Phase 1
GDHM_SURVEY_COUNTRYRESPONSE_SCORE,2023,953,GDHM_CAT1_LEAD_GOV,GDHM_Q02a,2.0,Phase 2
GDHM_SURVEY_COUNTRYRESPONSE_SCORE,2023,953,GDHM_CAT1_LEAD_GOV,GDHM_Q04a,1.0,Phase 1
GDHM_SURVEY_COUNTRYRESPONSE_SCORE,2023,953,GDHM_CAT1_LEAD_GOV,GDHM_Q01,2.0,Phase 2
GDHM_SURVEY_COUNTRYRESPONSE_SCORE,2023,956,GDHM_CAT7_SERV_APP,GDHM_Q23,0.0,Phase 0
GDHM_SURVEY_COUNTRYRESPONSE_SCORE,2023,956,GDHM_CAT7_SERV_APP,GDHM_Q22,0.0,Phase 0
GDHM_SURVEY_COUNTRYRESPONSE_SCORE,2023,953,GDHM_CAT1_LEAD_GOV,GDHM_Q02,3.0,Phase 3
GDHM_SURVEY_COUNTRYRESPONSE_SCORE,2024,956,GDHM_CAT1_LEAD_GOV,GDHM_Q02,4.0,Phase 4
GDHM_SURVEY_COUNTRYRESPONSE_SCORE,2024,954,GDHM_CAT7_SERV_APP,GDHM_Q21,4.0,Phase 4
GDHM_SURVEY_COUNTRYRESPONSE_SCORE,2024,954,GDHM_CAT7_SERV_APP,GDHM_Q21a,2.0,Phase 2
GDHM_SURVEY_COUNTRYRESPONSE_SCORE,2024,954,GDHM_CAT7_SERV_APP,GDHM_Q21b,2.0,Phase 2
GDHM_SURVEY_COUNTRYRESPONSE_SCORE,2024,954,GDHM_CAT7_SERV_APP,GDHM_Q21c,1.0,Phase 1
GDHM_SURVEY_COUNTRYRESPONSE_SCORE,2024,954,GDHM_CAT7_SERV_APP,GDHM_Q22,2.0,Phase 2
GDHM_SURVEY_COUNTRYRESPONSE_SCORE,2024,954,GDHM_CAT7_SERV_APP,GDHM_Q23,4.0,Phase 4
GDHM_SURVEY_COUNTRYRESPONSE_SCORE,2024,956,GDHM_CAT1_LEAD_GOV,GDHM_Q01,3.0,Phase 3
GDHM_SURVEY_COUNTRYRESPONSE_SCORE,2024,956,GDHM_CAT1_LEAD_GOV,GDHM_Q02a,4.0,Phase 4
GDHM_SURVEY_COUNTRYRESPONSE_SCORE,2024,956,GDHM_CAT3_LEG,GDHM_Q09,2.0,Phase 2
GDHM_SURVEY_COUNTRYRESPONSE_SCORE,2024,956,GDHM_CAT1_LEAD_GOV,GDHM_Q04,3.0,Phase 3
GDHM_SURVEY_COUNTRYRESPONSE_SCORE,2024,956,GDHM_CAT1_LEAD_GOV,GDHM_Q04a,1.0,Phase 1
GDHM_SURVEY_COUNTRYRESPONSE_SCORE,2024,956,GDHM_CAT2_STRAT_INV,GDHM_Q05,4.0,Phase 4
GDHM_SURVEY_COUNTRYRESPONSE_SCORE,2024,956,GDHM_CAT2_STRAT_INV,GDHM_Q05a,2.0,Phase 2
GDHM_SURVEY_COUNTRYRESPONSE_SCORE,2024,956,GDHM_CAT2_STRAT_INV,GDHM_Q06,3.0,Phase 3
GDHM_SURVEY_COUNTRYRESPONSE_SCORE,2024,956,GDHM_CAT2_STRAT_INV,GDHM_Q06a,2.0,Phase 2
GDHM_SURVEY_COUNTRYRESPONSE_SCORE,2024,956,GDHM_CAT3_LEG,GDHM_Q07,4.0,Phase 4
GDHM_SURVEY_COUNTRYRESPONSE_SCORE,2024,956,GDHM_CAT3_LEG,GDHM_Q08,3.0,Phase 3
GDHM_SURVEY_COUNTRYRESPONSE_SCORE,2024,954,GDHM_CAT7_SERV_APP,GDHM_Q20,2.0,Phase 2
GDHM_SURVEY_COUNTRYRESPONSE_SCORE,2024,956,GDHM_CAT1_LEAD_GOV,GDHM_Q03,2.0,Phase 2
GDHM_SURVEY_COUNTRYRESPONSE_SCORE,2024,954,GDHM_CAT7_SERV_APP,GDHM_Q19,3.0,Phase 3
GDHM_SURVEY_COUNTRYRESPONSE_SCORE,2024,954,GDHM_CAT1_LEAD_GOV,GDHM_Q02,4.0,Phase 4
GDHM_SURVEY_COUNTRYRESPONSE_SCORE,2024,954,GDHM_CAT6_INFRASTRUCTURE,GDHM_Q17,4.0,Phase 4
GDHM_SURVEY_COUNTRYRESPONSE_SCORE,2024,956,GDHM_CAT3_LEG,GDHM_Q09a,1.0,Phase 1
GDHM_SURVEY_COUNTRYRESPONSE_SCORE,2024,954,GDHM_CAT1_LEAD_GOV,GDHM_Q02a,4.0,Phase 4
GDHM_SURVEY_COUNTRYRESPONSE_SCORE,2024,954,GDHM_CAT1_LEAD_GOV,GDHM_Q03,2.0,Phase 2
GDHM_SURVEY_COUNTRYRESPONSE_SCORE,2024,954,GDHM_CAT1_LEAD_GOV,GDHM_Q04,4.0,Phase 4
GDHM_SURVEY_COUNTRYRESPONSE_SCORE,2024,954,GDHM_CAT1_LEAD_GOV,GDHM_Q04a,2.0,Phase 2
GDHM_SURVEY_COUNTRYRESPONSE_SCORE,2024,954,GDHM_CAT2_STRAT_INV,GDHM_Q05,2.0,Phase 2
GDHM_SURVEY_COUNTRYRESPONSE_SCORE,2024,954,GDHM_CAT2_STRAT_INV,GDHM_Q05a,4.0,Phase 4
GDHM_SURVEY_COUNTRYRESPONSE_SCORE,2024,954,GDHM_CAT2_STRAT_INV,GDHM_Q06,3.0,Phase 3
GDHM_SURVEY_COUNTRYRESPONSE_SCORE,2024,954,GDHM_CAT2_STRAT_INV,GDHM_Q06a,3.0,Phase 3
GDHM_SURVEY_COUNTRYRESPONSE_SCORE,2024,954,GDHM_CAT6_INFRASTRUCTURE,GDHM_Q18,2.0,Phase 2
GDHM_SURVEY_COUNTRYRESPONSE_SCORE,2024,954,GDHM_CAT3_LEG,GDHM_Q07,5.0,Phase 5
GDHM_SURVEY_COUNTRYRESPONSE_SCORE,2024,954,GDHM_CAT3_LEG,GDHM_Q09,2.0,Phase 2
GDHM_SURVEY_COUNTRYRESPONSE_SCORE,2024,954,GDHM_CAT3_LEG,GDHM_Q09a,2.0,Phase 2
GDHM_SURVEY_COUNTRYRESPONSE_SCORE,2024,954,GDHM_CAT3_LEG,GDHM_Q10,2.0,Phase 2
GDHM_SURVEY_COUNTRYRESPONSE_SCORE,2024,954,GDHM_CAT4_WORKFORCE,GDHM_Q11,2.0,Phase 2
GDHM_SURVEY_COUNTRYRESPONSE_SCORE,2024,954,GDHM_CAT4_WORKFORCE,GDHM_Q12,2.0,Phase 2
GDHM_SURVEY_COUNTRYRESPONSE_SCORE,2024,954,GDHM_CAT4_WORKFORCE,GDHM_Q13,2.0,Phase 2
GDHM_SURVEY_COUNTRYRESPONSE_SCORE,2024,954,GDHM_CAT4_WORKFORCE,GDHM_Q14,1.0,Phase 1
GDHM_SURVEY_COUNTRYRESPONSE_SCORE,2024,954,GDHM_CAT5_STANDARDS,GDHM_Q15,2.0,Phase 2
GDHM_SURVEY_COUNTRYRESPONSE_SCORE,2024,954,GDHM_CAT5_STANDARDS,GDHM_Q16,2.0,Phase 2
GDHM_SURVEY_COUNTRYRESPONSE_SCORE,2024,954,GDHM_CAT3_LEG,GDHM_Q08,4.0,Phase 4
GDHM_SURVEY_COUNTRYRESPONSE_SCORE,2024,956,GDHM_CAT3_LEG,GDHM_Q10,3.0,Phase 3
GDHM_SURVEY_COUNTRYRESPONSE_SCORE,2024,958,GDHM_CAT1_LEAD_GOV,GDHM_Q04a,2.0,Phase 2
GDHM_SURVEY_COUNTRYRESPONSE_SCORE,2024,956,GDHM_CAT4_WORKFORCE,GDHM_Q12,2.0,Phase 2
GDHM_SURVEY_COUNTRYRESPONSE_SCORE,2024,958,GDHM_CAT3_LEG,GDHM_Q08,4.0,Phase 4
GDHM_SURVEY_COUNTRYRESPONSE_SCORE,2024,958,GDHM_CAT3_LEG,GDHM_Q09,1.0,Phase 1
GDHM_SURVEY_COUNTRYRESPONSE_SCORE,2024,958,GDHM_CAT3_LEG,GDHM_Q09a,1.0,Phase 1
GDHM_SURVEY_COUNTRYRESPONSE_SCORE,2024,958,GDHM_CAT3_LEG,GDHM_Q10,3.0,Phase 3
GDHM_SURVEY_COUNTRYRESPONSE_SCORE,2024,958,GDHM_CAT4_WORKFORCE,GDHM_Q11,3.0,Phase 3
GDHM_SURVEY_COUNTRYRESPONSE_SCORE,2024,958,GDHM_CAT4_WORKFORCE,GDHM_Q12,2.0,Phase 2
GDHM_SURVEY_COUNTRYRESPONSE_SCORE,2024,958,GDHM_CAT4_WORKFORCE,GDHM_Q13,3.0,Phase 3
GDHM_SURVEY_COUNTRYRESPONSE_SCORE,2024,958,GDHM_CAT4_WORKFORCE,GDHM_Q14,1.0,Phase 1
GDHM_SURVEY_COUNTRYRESPONSE_SCORE,2024,958,GDHM_CAT5_STANDARDS,GDHM_Q15,1.0,Phase 1
GDHM_SURVEY_COUNTRYRESPONSE_SCORE,2024,958,GDHM_CAT5_STANDARDS,GDHM_Q16,3.0,Phase 3
GDHM_SURVEY_COUNTRYRESPONSE_SCORE,2024,958,GDHM_CAT6_INFRASTRUCTURE,GDHM_Q17,4.0,Phase 4
GDHM_SURVEY_COUNTRYRESPONSE_SCORE,2024,958,GDHM_CAT6_INFRASTRUCTURE,GDHM_Q18,4.0,Phase 4
GDHM_SURVEY_COUNTRYRESPONSE_SCORE,2024,958,GDHM_CAT7_SERV_APP,GDHM_Q19,3.0,Phase 3
GDHM_SURVEY_COUNTRYRESPONSE_SCORE,2024,958,GDHM_CAT7_SERV_APP,GDHM_Q20,3.0,Phase 3
GDHM_SURVEY_COUNTRYRESPONSE_SCORE,2024,958,GDHM_CAT7_SERV_APP,GDHM_Q21,5.0,Phase 5
GDHM_SURVEY_COUNTRYRESPONSE_SCORE,2024,958,GDHM_CAT7_SERV_APP,GDHM_Q21a,5.0,Phase 5
GDHM_SURVEY_COUNTRYRESPONSE_SCORE,2024,958,GDHM_CAT7_SERV_APP,GDHM_Q21b,5.0,Phase 5
GDHM_SURVEY_COUNTRYRESPONSE_SCORE,2024,958,GDHM_CAT7_SERV_APP,GDHM_Q21c,5.0,Phase 5
GDHM_SURVEY_COUNTRYRESPONSE_SCORE,2024,954,GDHM_CAT1_LEAD_GOV,GDHM_Q01,4.0,Phase 4
GDHM_SURVEY_COUNTRYRESPONSE_SCORE,2024,958,GDHM_CAT3_LEG,GDHM_Q07,4.0,Phase 4
GDHM_SURVEY_COUNTRYRESPONSE_SCORE,2024,958,GDHM_CAT2_STRAT_INV,GDHM_Q06a,2.0,Phase 2
GDHM_SURVEY_COUNTRYRESPONSE_SCORE,2024,958,GDHM_CAT2_STRAT_INV,GDHM_Q06,3.0,Phase 3
GDHM_SURVEY_COUNTRYRESPONSE_SCORE,2024,958,GDHM_CAT2_STRAT_INV,GDHM_Q05a,3.0,Phase 3
GDHM_SURVEY_COUNTRYRESPONSE_SCORE,2024,956,GDHM_CAT4_WORKFORCE,GDHM_Q13,3.0,Phase 3
GDHM_SURVEY_COUNTRYRESPONSE_SCORE,2024,956,GDHM_CAT4_WORKFORCE,GDHM_Q14,0.0,Phase 0
GDHM_SURVEY_COUNTRYRESPONSE_SCORE,2024,956,GDHM_CAT5_STANDARDS,GDHM_Q15,4.0,Phase 4
GDHM_SURVEY_COUNTRYRESPONSE_SCORE,2024,956,GDHM_CAT5_STANDARDS,GDHM_Q16,3.0,Phase 3
GDHM_SURVEY_COUNTRYRESPONSE_SCORE,2024,956,GDHM_CAT6_INFRASTRUCTURE,GDHM_Q17,4.0,Phase 4
GDHM_SURVEY_COUNTRYRESPONSE_SCORE,2024,956,GDHM_CAT6_INFRASTRUCTURE,GDHM_Q18,4.0,Phase 4
GDHM_SURVEY_COUNTRYRESPONSE_SCORE,2024,956,GDHM_CAT7_SERV_APP,GDHM_Q19,4.0,Phase 4
GDHM_SURVEY_COUNTRYRESPONSE_SCORE,2024,956,GDHM_CAT7_SERV_APP,GDHM_Q20,1.0,Phase 1
GDHM_SURVEY_COUNTRYRESPONSE_SCORE,2024,956,GDHM_CAT7_SERV_APP,GDHM_Q21,2.0,Phase 2
GDHM_SURVEY_COUNTRYRESPONSE_SCORE,2024,956,GDHM_CAT4_WORKFORCE,GDHM_Q11,2.0,Phase 2
GDHM_SURVEY_COUNTRYRESPONSE_SCORE,2024,956,GDHM_CAT7_SERV_APP,GDHM_Q21a,2.0,Phase 2
GDHM_SURVEY_COUNTRYRESPONSE_SCORE,2024,956,GDHM_CAT7_SERV_APP,GDHM_Q21c,3.0,Phase 3
GDHM_SURVEY_COUNTRYRESPONSE_SCORE,2024,956,GDHM_CAT7_SERV_APP,GDHM_Q22,3.0,Phase 3
GDHM_SURVEY_COUNTRYRESPONSE_SCORE,2024,956,GDHM_CAT7_SERV_APP,GDHM_Q23,2.0,Phase 2
GDHM_SURVEY_COUNTRYRESPONSE_SCORE,2024,958,GDHM_CAT1_LEAD_GOV,GDHM_Q01,3.0,Phase 3
GDHM_SURVEY_COUNTRYRESPONSE_SCORE,2024,958,GDHM_CAT1_LEAD_GOV,GDHM_Q02,4.0,Phase 4
GDHM_SURVEY_COUNTRYRESPONSE_SCORE,2024,958,GDHM_CAT1_LEAD_GOV,GDHM_Q02a,4.0,Phase 4
GDHM_SURVEY_COUNTRYRESPONSE_SCORE,2024,958,GDHM_CAT1_LEAD_GOV,GDHM_Q03,3.0,Phase 3
GDHM_SURVEY_COUNTRYRESPONSE_SCORE,2024,958,GDHM_CAT1_LEAD_GOV,GDHM_Q04,4.0,Phase 4
GDHM_SURVEY_COUNTRYRESPONSE_SCORE,2024,958,GDHM_CAT2_STRAT_INV,GDHM_Q05,2.0,Phase 2
GDHM_SURVEY_COUNTRYRESPONSE_SCORE,2024,956,GDHM_CAT7_SERV_APP,GDHM_Q21b,3.0,Phase 3
GDHM_SURVEY_COUNTRYRESPONSE_SCORE,2024,953,GDHM_CAT7_SERV_APP,GDHM_Q23,3.0,Phase 3
GDHM_SURVEY_COUNTRYRESPONSE_SCORE,2024,955,GDHM_CAT4_WORKFORCE,GDHM_Q11,1.0,Phase 1
GDHM_SURVEY_COUNTRYRESPONSE_SCORE,2024,953,GDHM_CAT7_SERV_APP,GDHM_Q21c,2.0,Phase 2
GDHM_SURVEY_COUNTRYRESPONSE_SCORE,2024,957,GDHM_CAT7_SERV_APP,GDHM_Q20,4.0,Phase 4
GDHM_SURVEY_COUNTRYRESPONSE_SCORE,2024,957,GDHM_CAT7_SERV_APP,GDHM_Q21,2.0,Phase 2
GDHM_SURVEY_COUNTRYRESPONSE_SCORE,2024,957,GDHM_CAT7_SERV_APP,GDHM_Q21a,3.0,Phase 3
GDHM_SURVEY_COUNTRYRESPONSE_SCORE,2019,450,GDHM_CAT5_STANDARDS,GDHM_Q15,3.0,Phase 3
GDHM_SURVEY_COUNTRYRESPONSE_SCORE,2019,450,GDHM_CAT5_STANDARDS,GDHM_Q16,3.0,Phase 3
GDHM_SURVEY_CATEGORY_AVG,2019,450,GDHM_CAT5_STANDARDS,,3.0,Phase 3
GDHM_SURVEY_COUNTRYRESPONSE_SCORE,2019,450,GDHM_CAT6_INFRASTRUCTURE,GDHM_Q17,2.0,Phase 2
GDHM_SURVEY_COUNTRYRESPONSE_SCORE,2019,450,GDHM_CAT6_INFRASTRUCTURE,GDHM_Q18,1.0,Phase 1
GDHM_SURVEY_CATEGORY_AVG,2019,450,GDHM_CAT6_INFRASTRUCTURE,,2.0,Phase 2
GDHM_SURVEY_COUNTRYRESPONSE_SCORE,2019,450,GDHM_CAT7_SERV_APP,GDHM_Q19,2.0,Phase 2
GDHM_SURVEY_COUNTRYRESPONSE_SCORE,2019,450,GDHM_CAT7_SERV_APP,GDHM_Q20,1.0,Phase 1
GDHM_SURVEY_COUNTRYRESPONSE_SCORE,2019,450,GDHM_CAT7_SERV_APP,GDHM_Q21,1.0,Phase 1
GDHM_SURVEY_COUNTRYRESPONSE_SCORE,2019,450,GDHM_CAT7_SERV_APP,GDHM_Q21a,1.0,Phase 1
GDHM_SURVEY_COUNTRYRESPONSE_SCORE,2019,450,GDHM_CAT7_SERV_APP,GDHM_Q21b,2.0,Phase 2
GDHM_SURVEY_COUNTRYRESPONSE_SCORE,2019,450,GDHM_CAT7_SERV_APP,GDHM_Q21c,1.0,Phase 1
GDHM_SURVEY_COUNTRYRESPONSE_SCORE,2019,450,GDHM_CAT7_SERV_APP,GDHM_Q22,1.0,Phase 1
GDHM_SURVEY_COUNTRYRESPONSE_SCORE,2019,450,GDHM_CAT7_SERV_APP,GDHM_Q23,5.0,Phase 5
GDHM_SURVEY_CATEGORY_AVG,2019,450,GDHM_CAT7_SERV_APP,,2.0,Phase 2
GDHM_SURVEY_COUNTRYRESPONSE_SCORE,2019,454,GDHM_CAT1_LEAD_GOV,GDHM_Q01,4.0,Phase 4
GDHM_SURVEY_COUNTRYRESPONSE_SCORE,2019,454,GDHM_CAT1_LEAD_GOV,GDHM_Q02,4.0,Phase 4
GDHM_SURVEY_COUNTRYRESPONSE_SCORE,2019,454,GDHM_CAT1_LEAD_GOV,GDHM_Q02a,5.0,Phase 5
GDHM_SURVEY_COUNTRYRESPONSE_SCORE,2019,454,GDHM_CAT1_LEAD_GOV,GDHM_Q03,4.0,Phase 4
GDHM_SURVEY_COUNTRYRESPONSE_SCORE,2019,454,GDHM_CAT1_LEAD_GOV,GDHM_Q04,3.0,Phase 3
GDHM_SURVEY_COUNTRYRESPONSE_SCORE,2019,454,GDHM_CAT1_LEAD_GOV,GDHM_Q04a,3.0,Phase 3
GDHM_SURVEY_CATEGORY_AVG,2019,454,GDHM_CAT1_LEAD_GOV,,4.0,Phase 4
GDHM_SURVEY_COUNTRYRESPONSE_SCORE,2019,454,GDHM_CAT2_STRAT_INV,GDHM_Q05,5.0,Phase 5
GDHM_SURVEY_COUNTRYRESPONSE_SCORE,2019,454,GDHM_CAT2_STRAT_INV,GDHM_Q05a,5.0,Phase 5
GDHM_SURVEY_COUNTRYRESPONSE_SCORE,2019,454,GDHM_CAT2_STRAT_INV,GDHM_Q06,3.0,Phase 3
GDHM_SURVEY_COUNTRYRESPONSE_SCORE,2019,454,GDHM_CAT2_STRAT_INV,GDHM_Q06a,2.0,Phase 2
GDHM_SURVEY_CATEGORY_AVG,2019,454,GDHM_CAT2_STRAT_INV,,4.0,Phase 4
GDHM_SURVEY_COUNTRYRESPONSE_SCORE,2019,454,GDHM_CAT3_LEG,GDHM_Q07,2.0,Phase 2
GDHM_SURVEY_COUNTRYRESPONSE_SCORE,2019,454,GDHM_CAT3_LEG,GDHM_Q08,5.0,Phase 5
GDHM_SURVEY_COUNTRYRESPONSE_SCORE,2019,454,GDHM_CAT3_LEG,GDHM_Q09,1.0,Phase 1
GDHM_SURVEY_COUNTRYRESPONSE_SCORE,2019,454,GDHM_CAT3_LEG,GDHM_Q09a,1.0,Phase 1
GDHM_SURVEY_COUNTRYRESPONSE_SCORE,2019,454,GDHM_CAT3_LEG,GDHM_Q10,2.0,Phase 2
GDHM_SURVEY_CATEGORY_AVG,2019,454,GDHM_CAT3_LEG,,3.0,Phase 3
GDHM_SURVEY_COUNTRYRESPONSE_SCORE,2019,454,GDHM_CAT4_WORKFORCE,GDHM_Q11,4.0,Phase 4
GDHM_SURVEY_COUNTRYRESPONSE_SCORE,2019,454,GDHM_CAT4_WORKFORCE,GDHM_Q12,3.0,Phase 3
GDHM_SURVEY_COUNTRYRESPONSE_SCORE,2019,454,GDHM_CAT4_WORKFORCE,GDHM_Q13,4.0,Phase 4
GDHM_SURVEY_COUNTRYRESPONSE_SCORE,2019,454,GDHM_CAT4_WORKFORCE,GDHM_Q14,3.0,Phase 3
GDHM_SURVEY_CATEGORY_AVG,2019,454,GDHM_CAT4_WORKFORCE,,4.0,Phase 4
GDHM_SURVEY_COUNTRYRESPONSE_SCORE,2019,454,GDHM_CAT5_STANDARDS,GDHM_Q15,5.0,Phase 5
GDHM_SURVEY_COUNTRYRESPONSE_SCORE,2019,454,GDHM_CAT5_STANDARDS,GDHM_Q16,5.0,Phase 5
GDHM_SURVEY_CATEGORY_AVG,2019,454,GDHM_CAT5_STANDARDS,,5.0,Phase 5
GDHM_SURVEY_COUNTRYRESPONSE_SCORE,2019,454,GDHM_CAT6_INFRASTRUCTURE,GDHM_Q17,3.0,Phase 3
GDHM_SURVEY_COUNTRYRESPONSE_SCORE,2019,454,GDHM_CAT6_INFRASTRUCTURE,GDHM_Q18,3.0,Phase 3
GDHM_SURVEY_CATEGORY_AVG,2019,454,GDHM_CAT6_INFRASTRUCTURE,,3.0,Phase 3
GDHM_SURVEY_COUNTRYRESPONSE_SCORE,2019,454,GDHM_CAT7_SERV_APP,GDHM_Q19,2.0,Phase 2
GDHM_SURVEY_COUNTRYRESPONSE_SCORE,2019,454,GDHM_CAT7_SERV_APP,GDHM_Q20,4.0,Phase 4
GDHM_SURVEY_COUNTRYRESPONSE_SCORE,2019,454,GDHM_CAT7_SERV_APP,GDHM_Q21,3.0,Phase 3
GDHM_SURVEY_COUNTRYRESPONSE_SCORE,2019,454,GDHM_CAT7_SERV_APP,GDHM_Q21a,3.0,Phase 3
GDHM_SURVEY_COUNTRYRESPONSE_SCORE,2019,454,GDHM_CAT7_SERV_APP,GDHM_Q21b,4.0,Phase 4
GDHM_SURVEY_COUNTRYRESPONSE_SCORE,2019,454,GDHM_CAT7_SERV_APP,GDHM_Q21c,3.0,Phase 3
GDHM_SURVEY_COUNTRYRESPONSE_SCORE,2019,454,GDHM_CAT7_SERV_APP,GDHM_Q22,2.0,Phase 2
GDHM_SURVEY_COUNTRYRESPONSE_SCORE,2019,454,GDHM_CAT7_SERV_APP,GDHM_Q23,4.0,Phase 4
GDHM_SURVEY_CATEGORY_AVG,2019,454,GDHM_CAT7_SERV_APP,,3.0,Phase 3
GDHM_SURVEY_COUNTRYRESPONSE_SCORE,2019,462,GDHM_CAT1_LEAD_GOV,GDHM_Q01,4.0,Phase 4
GDHM_SURVEY_COUNTRYRESPONSE_SCORE,2019,462,GDHM_CAT1_LEAD_GOV,GDHM_Q02,3.0,Phase 3
GDHM_SURVEY_COUNTRYRESPONSE_SCORE,2019,462,GDHM_CAT1_LEAD_GOV,GDHM_Q02a,0.0,Not Available
GDHM_SURVEY_COUNTRYRESPONSE_SCORE,2019,462,GDHM_CAT1_LEAD_GOV,GDHM_Q03,1.0,Phase 1
GDHM_SURVEY_COUNTRYRESPONSE_SCORE,2019,462,GDHM_CAT1_LEAD_GOV,GDHM_Q04,0.0,Not Available
GDHM_SURVEY_COUNTRYRESPONSE_SCORE,2019,462,GDHM_CAT1_LEAD_GOV,GDHM_Q04a,0.0,Not Available
GDHM_SURVEY_CATEGORY_AVG,2019,462,GDHM_CAT1_LEAD_GOV,,3.0,Phase 3
GDHM_SURVEY_COUNTRYRESPONSE_SCORE,2019,462,GDHM_CAT2_STRAT_INV,GDHM_Q05,1.0,Phase 1
GDHM_SURVEY_COUNTRYRESPONSE_SCORE,2019,462,GDHM_CAT2_STRAT_INV,GDHM_Q05a,0.0,Not Available
GDHM_SURVEY_COUNTRYRESPONSE_SCORE,2019,462,GDHM_CAT2_STRAT_INV,GDHM_Q06,3.0,Phase 3
GDHM_SURVEY_COUNTRYRESPONSE_SCORE,2019,462,GDHM_CAT2_STRAT_INV,GDHM_Q06a,2.0,Phase 2
GDHM_SURVEY_CATEGORY_AVG,2019,462,GDHM_CAT2_STRAT_INV,,2.0,Phase 2
GDHM_SURVEY_COUNTRYRESPONSE_SCORE,2019,462,GDHM_CAT3_LEG,GDHM_Q07,1.0,Phase 1
GDHM_SURVEY_COUNTRYRESPONSE_SCORE,2019,462,GDHM_CAT3_LEG,GDHM_Q08,1.0,Phase 1
GDHM_SURVEY_COUNTRYRESPONSE_SCORE,2019,462,GDHM_CAT3_LEG,GDHM_Q09,1.0,Phase 1
GDHM_SURVEY_COUNTRYRESPONSE_SCORE,2019,462,GDHM_CAT3_LEG,GDHM_Q09a,3.0,Phase 3
GDHM_SURVEY_COUNTRYRESPONSE_SCORE,2019,462,GDHM_CAT3_LEG,GDHM_Q10,1.0,Phase 1
GDHM_SURVEY_CATEGORY_AVG,2019,462,GDHM_CAT3_LEG,,1.0,Phase 1
GDHM_SURVEY_COUNTRYRESPONSE_SCORE,2019,462,GDHM_CAT4_WORKFORCE,GDHM_Q11,3.0,Phase 3
GDHM_SURVEY_COUNTRYRESPONSE_SCORE,2019,462,GDHM_CAT4_WORKFORCE,GDHM_Q12,1.0,Phase 1
GDHM_SURVEY_COUNTRYRESPONSE_SCORE,2019,462,GDHM_CAT4_WORKFORCE,GDHM_Q13,1.0,Phase 1
GDHM_SURVEY_COUNTRYRESPONSE_SCORE,2019,462,GDHM_CAT4_WORKFORCE,GDHM_Q14,1.0,Phase 1
GDHM_SURVEY_CATEGORY_AVG,2019,462,GDHM_CAT4_WORKFORCE,,2.0,Phase 2
GDHM_SURVEY_COUNTRYRESPONSE_SCORE,2019,462,GDHM_CAT5_STANDARDS,GDHM_Q15,1.0,Phase 1
GDHM_SURVEY_COUNTRYRESPONSE_SCORE,2019,462,GDHM_CAT5_STANDARDS,GDHM_Q16,1.0,Phase 1
GDHM_SURVEY_CATEGORY_AVG,2019,462,GDHM_CAT5_STANDARDS,,1.0,Phase 1
GDHM_SURVEY_COUNTRYRESPONSE_SCORE,2019,462,GDHM_CAT6_INFRASTRUCTURE,GDHM_Q17,0.0,Not Available
GDHM_SURVEY_COUNTRYRESPONSE_SCORE,2019,462,GDHM_CAT6_INFRASTRUCTURE,GDHM_Q18,1.0,Phase 1
GDHM_SURVEY_CATEGORY_AVG,2019,462,GDHM_CAT6_INFRASTRUCTURE,,1.0,Phase 1
GDHM_SURVEY_COUNTRYRESPONSE_SCORE,2019,462,GDHM_CAT7_SERV_APP,GDHM_Q19,2.0,Phase 2
GDHM_SURVEY_COUNTRYRESPONSE_SCORE,2019,462,GDHM_CAT7_SERV_APP,GDHM_Q20,1.0,Phase 1
GDHM_SURVEY_COUNTRYRESPONSE_SCORE,2019,462,GDHM_CAT7_SERV_APP,GDHM_Q21,1.0,Phase 1
GDHM_SURVEY_COUNTRYRESPONSE_SCORE,2019,462,GDHM_CAT7_SERV_APP,GDHM_Q21a,1.0,Phase 1
GDHM_SURVEY_COUNTRYRESPONSE_SCORE,2019,462,GDHM_CAT7_SERV_APP,GDHM_Q21b,5.0,Phase 5
GDHM_SURVEY_COUNTRYRESPONSE_SCORE,2019,462,GDHM_CAT7_SERV_APP,GDHM_Q21c,5.0,Phase 5
GDHM_SURVEY_COUNTRYRESPONSE_SCORE,2019,462,GDHM_CAT7_SERV_APP,GDHM_Q22,2.0,Phase 2
GDHM_SURVEY_COUNTRYRESPONSE_SCORE,2019,462,GDHM_CAT7_SERV_APP,GDHM_Q23,3.0,Phase 3
GDHM_SURVEY_CATEGORY_AVG,2019,462,GDHM_CAT7_SERV_APP,,2.0,Phase 2
GDHM_SURVEY_COUNTRYRESPONSE_SCORE,2019,466,GDHM_CAT1_LEAD_GOV,GDHM_Q01,5.0,Phase 5
GDHM_SURVEY_COUNTRYRESPONSE_SCORE,2019,466,GDHM_CAT1_LEAD_GOV,GDHM_Q02,5.0,Phase 5
GDHM_SURVEY_COUNTRYRESPONSE_SCORE,2019,466,GDHM_CAT1_LEAD_GOV,GDHM_Q02a,5.0,Phase 5
GDHM_SURVEY_COUNTRYRESPONSE_SCORE,2019,466,GDHM_CAT1_LEAD_GOV,GDHM_Q03,0.0,Not Available
GDHM_SURVEY_COUNTRYRESPONSE_SCORE,2019,466,GDHM_CAT1_LEAD_GOV,GDHM_Q04,1.0,Phase 1
GDHM_SURVEY_COUNTRYRESPONSE_SCORE,2019,466,GDHM_CAT1_LEAD_GOV,GDHM_Q04a,1.0,Phase 1
GDHM_SURVEY_CATEGORY_AVG,2019,466,GDHM_CAT1_LEAD_GOV,,4.0,Phase 4
GDHM_SURVEY_COUNTRYRESPONSE_SCORE,2019,466,GDHM_CAT2_STRAT_INV,GDHM_Q05,3.0,Phase 3
GDHM_SURVEY_COUNTRYRESPONSE_SCORE,2019,466,GDHM_CAT2_STRAT_INV,GDHM_Q05a,3.0,Phase 3
GDHM_SURVEY_COUNTRYRESPONSE_SCORE,2019,466,GDHM_CAT2_STRAT_INV,GDHM_Q06,5.0,Phase 5
GDHM_SURVEY_COUNTRYRESPONSE_SCORE,2019,466,GDHM_CAT2_STRAT_INV,GDHM_Q06a,2.0,Phase 2
GDHM_SURVEY_CATEGORY_AVG,2019,466,GDHM_CAT2_STRAT_INV,,4.0,Phase 4
GDHM_SURVEY_COUNTRYRESPONSE_SCORE,2019,466,GDHM_CAT3_LEG,GDHM_Q07,4.0,Phase 4
GDHM_SURVEY_COUNTRYRESPONSE_SCORE,2019,466,GDHM_CAT3_LEG,GDHM_Q08,4.0,Phase 4
GDHM_SURVEY_COUNTRYRESPONSE_SCORE,2019,466,GDHM_CAT3_LEG,GDHM_Q09,1.0,Phase 1
GDHM_SURVEY_COUNTRYRESPONSE_SCORE,2019,466,GDHM_CAT3_LEG,GDHM_Q09a,1.0,Phase 1
GDHM_SURVEY_COUNTRYRESPONSE_SCORE,2019,466,GDHM_CAT3_LEG,GDHM_Q10,1.0,Phase 1
GDHM_SURVEY_CATEGORY_AVG,2019,466,GDHM_CAT3_LEG,,3.0,Phase 3
GDHM_SURVEY_COUNTRYRESPONSE_SCORE,2019,466,GDHM_CAT4_WORKFORCE,GDHM_Q11,3.0,Phase 3
GDHM_SURVEY_COUNTRYRESPONSE_SCORE,2019,466,GDHM_CAT4_WORKFORCE,GDHM_Q12,3.0,Phase 3
GDHM_SURVEY_COUNTRYRESPONSE_SCORE,2019,466,GDHM_CAT4_WORKFORCE,GDHM_Q13,4.0,Phase 4
GDHM_SURVEY_COUNTRYRESPONSE_SCORE,2019,466,GDHM_CAT4_WORKFORCE,GDHM_Q14,1.0,Phase 1
GDHM_SURVEY_CATEGORY_AVG,2019,466,GDHM_CAT4_WORKFORCE,,3.0,Phase 3
GDHM_SURVEY_COUNTRYRESPONSE_SCORE,2019,466,GDHM_CAT5_STANDARDS,GDHM_Q15,2.0,Phase 2
GDHM_SURVEY_COUNTRYRESPONSE_SCORE,2019,466,GDHM_CAT5_STANDARDS,GDHM_Q16,1.0,Phase 1
GDHM_SURVEY_CATEGORY_AVG,2019,466,GDHM_CAT5_STANDARDS,,2.0,Phase 2
GDHM_SURVEY_COUNTRYRESPONSE_SCORE,2019,466,GDHM_CAT6_INFRASTRUCTURE,GDHM_Q17,3.0,Phase 3
GDHM_SURVEY_COUNTRYRESPONSE_SCORE,2019,466,GDHM_CAT6_INFRASTRUCTURE,GDHM_Q18,1.0,Phase 1
GDHM_SURVEY_CATEGORY_AVG,2019,466,GDHM_CAT6_INFRASTRUCTURE,,2.0,Phase 2
GDHM_SURVEY_COUNTRYRESPONSE_SCORE,2019,466,GDHM_CAT7_SERV_APP,GDHM_Q19,3.0,Phase 3
GDHM_SURVEY_COUNTRYRESPONSE_SCORE,2019,466,GDHM_CAT7_SERV_APP,GDHM_Q20,2.0,Phase 2
GDHM_SURVEY_COUNTRYRESPONSE_SCORE,2019,466,GDHM_CAT7_SERV_APP,GDHM_Q21,1.0,Phase 1
GDHM_SURVEY_COUNTRYRESPONSE_SCORE,2019,466,GDHM_CAT7_SERV_APP,GDHM_Q21a,1.0,Phase 1
GDHM_SURVEY_COUNTRYRESPONSE_SCORE,2019,466,GDHM_CAT7_SERV_APP,GDHM_Q21b,1.0,Phase 1
GDHM_SURVEY_COUNTRYRESPONSE_SCORE,2019,466,GDHM_CAT7_SERV_APP,GDHM_Q21c,1.0,Phase 1
GDHM_SURVEY_COUNTRYRESPONSE_SCORE,2019,466,GDHM_CAT7_SERV_APP,GDHM_Q22,2.0,Phase 2
GDHM_SURVEY_COUNTRYRESPONSE_SCORE,2019,466,GDHM_CAT7_SERV_APP,GDHM_Q23,3.0,Phase 3
GDHM_SURVEY_CATEGORY_AVG,2019,466,GDHM_CAT7_SERV_APP,,3.0,Phase 3
GDHM_SURVEY_COUNTRYRESPONSE_SCORE,2019,504,GDHM_CAT1_LEAD_GOV,GDHM_Q01,2.0,Phase 2
GDHM_SURVEY_COUNTRYRESPONSE_SCORE,2019,504,GDHM_CAT1_LEAD_GOV,GDHM_Q02,4.0,Phase 4
GDHM_SURVEY_COUNTRYRESPONSE_SCORE,2019,504,GDHM_CAT1_LEAD_GOV,GDHM_Q02a,4.0,Phase 4
GDHM_SURVEY_COUNTRYRESPONSE_SCORE,2019,504,GDHM_CAT1_LEAD_GOV,GDHM_Q03,1.0,Phase 1
GDHM_SURVEY_COUNTRYRESPONSE_SCORE,2019,504,GDHM_CAT1_LEAD_GOV,GDHM_Q04,4.0,Phase 4
GDHM_SURVEY_COUNTRYRESPONSE_SCORE,2019,504,GDHM_CAT1_LEAD_GOV,GDHM_Q04a,3.0,Phase 3
GDHM_SURVEY_CATEGORY_AVG,2019,504,GDHM_CAT1_LEAD_GOV,,3.0,Phase 3
GDHM_SURVEY_COUNTRYRESPONSE_SCORE,2019,504,GDHM_CAT2_STRAT_INV,GDHM_Q05,1.0,Phase 1
GDHM_SURVEY_COUNTRYRESPONSE_SCORE,2019,504,GDHM_CAT2_STRAT_INV,GDHM_Q05a,1.0,Phase 1
GDHM_SURVEY_COUNTRYRESPONSE_SCORE,2019,504,GDHM_CAT2_STRAT_INV,GDHM_Q06,2.0,Phase 2
GDHM_SURVEY_COUNTRYRESPONSE_SCORE,2019,504,GDHM_CAT2_STRAT_INV,GDHM_Q06a,2.0,Phase 2
GDHM_SURVEY_CATEGORY_AVG,2019,504,GDHM_CAT2_STRAT_INV,,2.0,Phase 2
GDHM_SURVEY_COUNTRYRESPONSE_SCORE,2019,504,GDHM_CAT3_LEG,GDHM_Q07,3.0,Phase 3
GDHM_SURVEY_COUNTRYRESPONSE_SCORE,2019,504,GDHM_CAT3_LEG,GDHM_Q08,3.0,Phase 3
GDHM_SURVEY_COUNTRYRESPONSE_SCORE,2019,504,GDHM_CAT3_LEG,GDHM_Q09,1.0,Phase 1
GDHM_SURVEY_COUNTRYRESPONSE_SCORE,2019,504,GDHM_CAT3_LEG,GDHM_Q09a,1.0,Phase 1
GDHM_SURVEY_COUNTRYRESPONSE_SCORE,2019,504,GDHM_CAT3_LEG,GDHM_Q10,1.0,Phase 1
GDHM_SURVEY_CATEGORY_AVG,2019,504,GDHM_CAT3_LEG,,2.0,Phase 2
GDHM_SURVEY_COUNTRYRESPONSE_SCORE,2019,504,GDHM_CAT4_WORKFORCE,GDHM_Q11,1.0,Phase 1
GDHM_SURVEY_COUNTRYRESPONSE_SCORE,2019,504,GDHM_CAT4_WORKFORCE,GDHM_Q12,1.0,Phase 1
GDHM_SURVEY_COUNTRYRESPONSE_SCORE,2019,504,GDHM_CAT4_WORKFORCE,GDHM_Q13,1.0,Phase 1
GDHM_SURVEY_COUNTRYRESPONSE_SCORE,2019,504,GDHM_CAT4_WORKFORCE,GDHM_Q14,1.0,Phase 1
GDHM_SURVEY_CATEGORY_AVG,2019,504,GDHM_CAT4_WORKFORCE,,1.0,Phase 1
GDHM_SURVEY_COUNTRYRESPONSE_SCORE,2019,504,GDHM_CAT5_STANDARDS,GDHM_Q15,1.0,Phase 1
GDHM_SURVEY_COUNTRYRESPONSE_SCORE,2019,504,GDHM_CAT5_STANDARDS,GDHM_Q16,1.0,Phase 1
GDHM_SURVEY_CATEGORY_AVG,2019,504,GDHM_CAT5_STANDARDS,,1.0,Phase 1
GDHM_SURVEY_COUNTRYRESPONSE_SCORE,2019,504,GDHM_CAT6_INFRASTRUCTURE,GDHM_Q17,3.0,Phase 3
GDHM_SURVEY_COUNTRYRESPONSE_SCORE,2019,504,GDHM_CAT6_INFRASTRUCTURE,GDHM_Q18,3.0,Phase 3
GDHM_SURVEY_CATEGORY_AVG,2019,504,GDHM_CAT6_INFRASTRUCTURE,,3.0,Phase 3
GDHM_SURVEY_COUNTRYRESPONSE_SCORE,2019,504,GDHM_CAT7_SERV_APP,GDHM_Q19,2.0,Phase 2
GDHM_SURVEY_COUNTRYRESPONSE_SCORE,2019,504,GDHM_CAT7_SERV_APP,GDHM_Q20,3.0,Phase 3
GDHM_SURVEY_COUNTRYRESPONSE_SCORE,2023,052,GDHM_CAT1_LEAD_GOV,GDHM_Q02a,0.0,Not Available
GDHM_SURVEY_COUNTRYRESPONSE_SCORE,2023,052,GDHM_CAT1_LEAD_GOV,GDHM_Q03,0.0,Not Available
GDHM_SURVEY_COUNTRYRESPONSE_SCORE,2023,052,GDHM_CAT1_LEAD_GOV,GDHM_Q04,0.0,Not Available
GDHM_SURVEY_COUNTRYRESPONSE_SCORE,2023,052,GDHM_CAT1_LEAD_GOV,GDHM_Q04a,0.0,Not Available
GDHM_SURVEY_CATEGORY_AVG,2023,052,GDHM_CAT1_LEAD_GOV,,1.0,Not Available
GDHM_SURVEY_COUNTRYRESPONSE_SCORE,2023,052,GDHM_CAT2_STRAT_INV,GDHM_Q05,0.0,Not Available
GDHM_SURVEY_COUNTRYRESPONSE_SCORE,2023,052,GDHM_CAT2_STRAT_INV,GDHM_Q05a,0.0,Not Available
GDHM_SURVEY_COUNTRYRESPONSE_SCORE,2023,052,GDHM_CAT2_STRAT_INV,GDHM_Q06,0.0,Not Available
GDHM_SURVEY_COUNTRYRESPONSE_SCORE,2023,052,GDHM_CAT2_STRAT_INV,GDHM_Q06a,0.0,Not Available
GDHM_SURVEY_CATEGORY_AVG,2023,052,GDHM_CAT2_STRAT_INV,,1.0,Not Available
GDHM_SURVEY_COUNTRYRESPONSE_SCORE,2023,052,GDHM_CAT3_LEG,GDHM_Q07,1.0,Phase 1
GDHM_SURVEY_COUNTRYRESPONSE_SCORE,2023,052,GDHM_CAT3_LEG,GDHM_Q08,0.0,Not Available
GDHM_SURVEY_COUNTRYRESPONSE_SCORE,2023,052,GDHM_CAT3_LEG,GDHM_Q09,0.0,Not Available
GDHM_SURVEY_COUNTRYRESPONSE_SCORE,2023,052,GDHM_CAT3_LEG,GDHM_Q09a,0.0,Not Available
GDHM_SURVEY_COUNTRYRESPONSE_SCORE,2023,052,GDHM_CAT3_LEG,GDHM_Q10,0.0,Not Available
GDHM_SURVEY_CATEGORY_AVG,2023,052,GDHM_CAT3_LEG,,1.0,Phase 1
GDHM_SURVEY_COUNTRYRESPONSE_SCORE,2023,052,GDHM_CAT4_WORKFORCE,GDHM_Q11,0.0,Not Available
GDHM_SURVEY_COUNTRYRESPONSE_SCORE,2023,052,GDHM_CAT4_WORKFORCE,GDHM_Q12,0.0,Not Available
GDHM_SURVEY_COUNTRYRESPONSE_SCORE,2023,052,GDHM_CAT4_WORKFORCE,GDHM_Q13,0.0,Not Available
GDHM_SURVEY_COUNTRYRESPONSE_SCORE,2023,052,GDHM_CAT4_WORKFORCE,GDHM_Q14,0.0,Not Available
GDHM_SURVEY_CATEGORY_AVG,2023,052,GDHM_CAT4_WORKFORCE,,1.0,Not Available
GDHM_SURVEY_COUNTRYRESPONSE_SCORE,2023,052,GDHM_CAT5_STANDARDS,GDHM_Q15,0.0,Not Available
GDHM_SURVEY_COUNTRYRESPONSE_SCORE,2023,052,GDHM_CAT5_STANDARDS,GDHM_Q16,0.0,Not Available
GDHM_SURVEY_CATEGORY_AVG,2023,052,GDHM_CAT5_STANDARDS,,1.0,Not Available
GDHM_SURVEY_COUNTRYRESPONSE_SCORE,2023,052,GDHM_CAT6_INFRASTRUCTURE,GDHM_Q17,0.0,Not Available
GDHM_SURVEY_COUNTRYRESPONSE_SCORE,2023,052,GDHM_CAT6_INFRASTRUCTURE,GDHM_Q18,4.0,Phase 4
GDHM_SURVEY_CATEGORY_AVG,2023,052,GDHM_CAT6_INFRASTRUCTURE,,4.0,Phase 4
GDHM_SURVEY_COUNTRYRESPONSE_SCORE,2023,052,GDHM_CAT7_SERV_APP,GDHM_Q19,0.0,Not Available
GDHM_SURVEY_COUNTRYRESPONSE_SCORE,2023,052,GDHM_CAT7_SERV_APP,GDHM_Q20,0.0,Not Available
GDHM_SURVEY_COUNTRYRESPONSE_SCORE,2023,052,GDHM_CAT7_SERV_APP,GDHM_Q21,0.0,Not Available
GDHM_SURVEY_COUNTRYRESPONSE_SCORE,2023,052,GDHM_CAT7_SERV_APP,GDHM_Q21a,0.0,Not Available
GDHM_SURVEY_COUNTRYRESPONSE_SCORE,2023,052,GDHM_CAT7_SERV_APP,GDHM_Q21b,0.0,Not Available
GDHM_SURVEY_COUNTRYRESPONSE_SCORE,2023,052,GDHM_CAT7_SERV_APP,GDHM_Q21c,0.0,Not Available
GDHM_SURVEY_COUNTRYRESPONSE_SCORE,2023,052,GDHM_CAT7_SERV_APP,GDHM_Q22,0.0,Not Available
GDHM_SURVEY_COUNTRYRESPONSE_SCORE,2023,052,GDHM_CAT7_SERV_APP,GDHM_Q23,0.0,Not Available
GDHM_SURVEY_CATEGORY_AVG,2023,052,GDHM_CAT7_SERV_APP,,1.0,Not Available
GDHM_SURVEY_COUNTRYRESPONSE_SCORE,2023,112,GDHM_CAT1_LEAD_GOV,GDHM_Q01,0.0,Not Available
GDHM_SURVEY_COUNTRYRESPONSE_SCORE,2023,112,GDHM_CAT1_LEAD_GOV,GDHM_Q02,0.0,Not Available
GDHM_SURVEY_COUNTRYRESPONSE_SCORE,2023,112,GDHM_CAT1_LEAD_GOV,GDHM_Q02a,0.0,Not Available
GDHM_SURVEY_COUNTRYRESPONSE_SCORE,2023,112,GDHM_CAT1_LEAD_GOV,GDHM_Q03,0.0,Not Available
GDHM_SURVEY_COUNTRYRESPONSE_SCORE,2023,112,GDHM_CAT1_LEAD_GOV,GDHM_Q04,0.0,Not Available
GDHM_SURVEY_COUNTRYRESPONSE_SCORE,2023,112,GDHM_CAT1_LEAD_GOV,GDHM_Q04a,0.0,Not Available
GDHM_SURVEY_CATEGORY_AVG,2023,112,GDHM_CAT1_LEAD_GOV,,1.0,Not Available
GDHM_SURVEY_COUNTRYRESPONSE_SCORE,2023,112,GDHM_CAT2_STRAT_INV,GDHM_Q05,0.0,Not Available
GDHM_SURVEY_COUNTRYRESPONSE_SCORE,2023,112,GDHM_CAT2_STRAT_INV,GDHM_Q05a,0.0,Not Available
GDHM_SURVEY_COUNTRYRESPONSE_SCORE,2023,112,GDHM_CAT2_STRAT_INV,GDHM_Q06,0.0,Not Available
GDHM_SURVEY_COUNTRYRESPONSE_SCORE,2023,112,GDHM_CAT2_STRAT_INV,GDHM_Q06a,0.0,Not Available
GDHM_SURVEY_CATEGORY_AVG,2023,112,GDHM_CAT2_STRAT_INV,,1.0,Not Available
GDHM_SURVEY_COUNTRYRESPONSE_SCORE,2023,112,GDHM_CAT3_LEG,GDHM_Q07,3.0,Phase 3
GDHM_SURVEY_COUNTRYRESPONSE_SCORE,2023,112,GDHM_CAT3_LEG,GDHM_Q08,0.0,Not Available
GDHM_SURVEY_COUNTRYRESPONSE_SCORE,2023,112,GDHM_CAT3_LEG,GDHM_Q09,0.0,Not Available
GDHM_SURVEY_COUNTRYRESPONSE_SCORE,2023,112,GDHM_CAT3_LEG,GDHM_Q09a,0.0,Not Available
GDHM_SURVEY_COUNTRYRESPONSE_SCORE,2023,112,GDHM_CAT3_LEG,GDHM_Q10,0.0,Not Available
GDHM_SURVEY_CATEGORY_AVG,2023,112,GDHM_CAT3_LEG,,3.0,Phase 3
GDHM_SURVEY_COUNTRYRESPONSE_SCORE,2023,112,GDHM_CAT4_WORKFORCE,GDHM_Q11,0.0,Not Available
GDHM_SURVEY_COUNTRYRESPONSE_SCORE,2023,112,GDHM_CAT4_WORKFORCE,GDHM_Q12,0.0,Not Available
GDHM_SURVEY_COUNTRYRESPONSE_SCORE,2023,112,GDHM_CAT4_WORKFORCE,GDHM_Q13,0.0,Not Available
GDHM_SURVEY_COUNTRYRESPONSE_SCORE,2023,112,GDHM_CAT4_WORKFORCE,GDHM_Q14,0.0,Not Available
GDHM_SURVEY_CATEGORY_AVG,2023,112,GDHM_CAT4_WORKFORCE,,1.0,Not Available
GDHM_SURVEY_COUNTRYRESPONSE_SCORE,2023,112,GDHM_CAT5_STANDARDS,GDHM_Q15,0.0,Not Available
GDHM_SURVEY_COUNTRYRESPONSE_SCORE,2023,112,GDHM_CAT5_STANDARDS,GDHM_Q16,0.0,Not Available
GDHM_SURVEY_CATEGORY_AVG,2023,112,GDHM_CAT5_STANDARDS,,1.0,Not Available
GDHM_SURVEY_COUNTRYRESPONSE_SCORE,2023,112,GDHM_CAT6_INFRASTRUCTURE,GDHM_Q17,0.0,Not Available
GDHM_SURVEY_COUNTRYRESPONSE_SCORE,2023,112,GDHM_CAT6_INFRASTRUCTURE,GDHM_Q18,4.0,Phase 4
GDHM_SURVEY_CATEGORY_AVG,2023,112,GDHM_CAT6_INFRASTRUCTURE,,4.0,Phase 4
GDHM_SURVEY_COUNTRYRESPONSE_SCORE,2023,112,GDHM_CAT7_SERV_APP,GDHM_Q19,0.0,Not Available
GDHM_SURVEY_COUNTRYRESPONSE_SCORE,2023,112,GDHM_CAT7_SERV_APP,GDHM_Q20,0.0,Not Available
GDHM_SURVEY_COUNTRYRESPONSE_SCORE,2023,112,GDHM_CAT7_SERV_APP,GDHM_Q21,0.0,Not Available
GDHM_SURVEY_COUNTRYRESPONSE_SCORE,2023,112,GDHM_CAT7_SERV_APP,GDHM_Q21a,0.0,Not Available
GDHM_SURVEY_COUNTRYRESPONSE_SCORE,2023,112,GDHM_CAT7_SERV_APP,GDHM_Q21b,0.0,Not Available
GDHM_SURVEY_COUNTRYRESPONSE_SCORE,2023,112,GDHM_CAT7_SERV_APP,GDHM_Q21c,0.0,Not Available
GDHM_SURVEY_COUNTRYRESPONSE_SCORE,2023,112,GDHM_CAT7_SERV_APP,GDHM_Q22,0.0,Not Available
GDHM_SURVEY_COUNTRYRESPONSE_SCORE,2023,112,GDHM_CAT7_SERV_APP,GDHM_Q23,0.0,Not Available
GDHM_SURVEY_CATEGORY_AVG,2023,112,GDHM_CAT7_SERV_APP,,1.0,Not Available
GDHM_SURVEY_COUNTRYRESPONSE_SCORE,2023,056,GDHM_CAT1_LEAD_GOV,GDHM_Q01,0.0,Not Available
GDHM_SURVEY_COUNTRYRESPONSE_SCORE,2023,056,GDHM_CAT1_LEAD_GOV,GDHM_Q02,0.0,Not Available
GDHM_SURVEY_COUNTRYRESPONSE_SCORE,2023,056,GDHM_CAT1_LEAD_GOV,GDHM_Q02a,0.0,Not Available
GDHM_SURVEY_COUNTRYRESPONSE_SCORE,2023,056,GDHM_CAT1_LEAD_GOV,GDHM_Q03,0.0,Not Available
GDHM_SURVEY_COUNTRYRESPONSE_SCORE,2023,056,GDHM_CAT1_LEAD_GOV,GDHM_Q04,4.0,Phase 4
GDHM_SURVEY_COUNTRYRESPONSE_SCORE,2023,056,GDHM_CAT1_LEAD_GOV,GDHM_Q04a,0.0,Not Available
GDHM_SURVEY_CATEGORY_AVG,2023,056,GDHM_CAT1_LEAD_GOV,,4.0,Phase 4
GDHM_SURVEY_COUNTRYRESPONSE_SCORE,2023,056,GDHM_CAT2_STRAT_INV,GDHM_Q05,0.0,Not Available
GDHM_SURVEY_COUNTRYRESPONSE_SCORE,2023,056,GDHM_CAT2_STRAT_INV,GDHM_Q05a,0.0,Not Available
GDHM_SURVEY_COUNTRYRESPONSE_SCORE,2023,056,GDHM_CAT2_STRAT_INV,GDHM_Q06,0.0,Not Available
GDHM_SURVEY_COUNTRYRESPONSE_SCORE,2023,056,GDHM_CAT2_STRAT_INV,GDHM_Q06a,4.0,Phase 4
GDHM_SURVEY_CATEGORY_AVG,2023,056,GDHM_CAT2_STRAT_INV,,1.0,Not Available
GDHM_SURVEY_COUNTRYRESPONSE_SCORE,2023,056,GDHM_CAT3_LEG,GDHM_Q07,5.0,Phase 5
GDHM_SURVEY_COUNTRYRESPONSE_SCORE,2023,056,GDHM_CAT3_LEG,GDHM_Q08,5.0,Phase 5
GDHM_SURVEY_COUNTRYRESPONSE_SCORE,2023,056,GDHM_CAT3_LEG,GDHM_Q09,5.0,Phase 5
GDHM_SURVEY_COUNTRYRESPONSE_SCORE,2023,056,GDHM_CAT3_LEG,GDHM_Q09a,0.0,Not Available
GDHM_SURVEY_COUNTRYRESPONSE_SCORE,2023,056,GDHM_CAT3_LEG,GDHM_Q10,0.0,Not Available
GDHM_SURVEY_CATEGORY_AVG,2023,056,GDHM_CAT3_LEG,,5.0,Phase 5
GDHM_SURVEY_COUNTRYRESPONSE_SCORE,2023,056,GDHM_CAT4_WORKFORCE,GDHM_Q11,0.0,Not Available
GDHM_SURVEY_COUNTRYRESPONSE_SCORE,2023,056,GDHM_CAT4_WORKFORCE,GDHM_Q12,0.0,Not Available
GDHM_SURVEY_COUNTRYRESPONSE_SCORE,2023,056,GDHM_CAT4_WORKFORCE,GDHM_Q13,0.0,Not Available
GDHM_SURVEY_COUNTRYRESPONSE_SCORE,2023,056,GDHM_CAT4_WORKFORCE,GDHM_Q14,0.0,Not Available
GDHM_SURVEY_CATEGORY_AVG,2023,056,GDHM_CAT4_WORKFORCE,,1.0,Not Available
GDHM_SURVEY_COUNTRYRESPONSE_SCORE,2023,056,GDHM_CAT5_STANDARDS,GDHM_Q15,0.0,Not Available
GDHM_SURVEY_COUNTRYRESPONSE_SCORE,2023,056,GDHM_CAT5_STANDARDS,GDHM_Q16,0.0,Not Available
GDHM_SURVEY_CATEGORY_AVG,2023,056,GDHM_CAT5_STANDARDS,,1.0,Not Available
GDHM_SURVEY_COUNTRYRESPONSE_SCORE,2023,056,GDHM_CAT6_INFRASTRUCTURE,GDHM_Q17,4.0,Phase 4
GDHM_SURVEY_COUNTRYRESPONSE_SCORE,2023,056,GDHM_CAT6_INFRASTRUCTURE,GDHM_Q18,5.0,Phase 5
GDHM_SURVEY_CATEGORY_AVG,2023,056,GDHM_CAT6_INFRASTRUCTURE,,5.0,Phase 5
GDHM_SURVEY_COUNTRYRESPONSE_SCORE,2023,056,GDHM_CAT7_SERV_APP,GDHM_Q19,0.0,Not Available
GDHM_SURVEY_COUNTRYRESPONSE_SCORE,2023,056,GDHM_CAT7_SERV_APP,GDHM_Q20,0.0,Not Available
GDHM_SURVEY_COUNTRYRESPONSE_SCORE,2023,056,GDHM_CAT7_SERV_APP,GDHM_Q21,0.0,Not Available
GDHM_SURVEY_COUNTRYRESPONSE_SCORE,2023,056,GDHM_CAT7_SERV_APP,GDHM_Q21a,0.0,Not Available
GDHM_SURVEY_COUNTRYRESPONSE_SCORE,2023,056,GDHM_CAT7_SERV_APP,GDHM_Q21b,0.0,Not Available
GDHM_SURVEY_COUNTRYRESPONSE_SCORE,2023,056,GDHM_CAT7_SERV_APP,GDHM_Q21c,0.0,Not Available
GDHM_SURVEY_COUNTRYRESPONSE_SCORE,2023,056,GDHM_CAT7_SERV_APP,GDHM_Q22,0.0,Not Available
GDHM_SURVEY_COUNTRYRESPONSE_SCORE,2023,056,GDHM_CAT7_SERV_APP,GDHM_Q23,0.0,Not Available
GDHM_SURVEY_CATEGORY_AVG,2023,056,GDHM_CAT7_SERV_APP,,1.0,Not Available
GDHM_SURVEY_COUNTRYRESPONSE_SCORE,2023,084,GDHM_CAT1_LEAD_GOV,GDHM_Q01,0.0,Not Available
GDHM_SURVEY_COUNTRYRESPONSE_SCORE,2023,084,GDHM_CAT1_LEAD_GOV,GDHM_Q02,0.0,Not Available
GDHM_SURVEY_COUNTRYRESPONSE_SCORE,2023,084,GDHM_CAT1_LEAD_GOV,GDHM_Q02a,0.0,Not Available
GDHM_SURVEY_COUNTRYRESPONSE_SCORE,2023,084,GDHM_CAT1_LEAD_GOV,GDHM_Q03,0.0,Not Available
GDHM_SURVEY_COUNTRYRESPONSE_SCORE,2023,084,GDHM_CAT1_LEAD_GOV,GDHM_Q04,0.0,Not Available
GDHM_SURVEY_COUNTRYRESPONSE_SCORE,2023,084,GDHM_CAT1_LEAD_GOV,GDHM_Q04a,0.0,Not Available
GDHM_SURVEY_CATEGORY_AVG,2023,084,GDHM_CAT1_LEAD_GOV,,1.0,Not Available
GDHM_SURVEY_COUNTRYRESPONSE_SCORE,2023,084,GDHM_CAT2_STRAT_INV,GDHM_Q05,0.0,Not Available
GDHM_SURVEY_COUNTRYRESPONSE_SCORE,2023,084,GDHM_CAT2_STRAT_INV,GDHM_Q05a,0.0,Not Available
GDHM_SURVEY_COUNTRYRESPONSE_SCORE,2023,084,GDHM_CAT2_STRAT_INV,GDHM_Q06,0.0,Not Available
GDHM_SURVEY_COUNTRYRESPONSE_SCORE,2023,084,GDHM_CAT2_STRAT_INV,GDHM_Q06a,0.0,Not Available
GDHM_SURVEY_CATEGORY_AVG,2023,084,GDHM_CAT2_STRAT_INV,,1.0,Not Available
GDHM_SURVEY_COUNTRYRESPONSE_SCORE,2023,084,GDHM_CAT3_LEG,GDHM_Q07,1.0,Phase 1
GDHM_SURVEY_COUNTRYRESPONSE_SCORE,2023,084,GDHM_CAT3_LEG,GDHM_Q08,0.0,Not Available
GDHM_SURVEY_COUNTRYRESPONSE_SCORE,2023,084,GDHM_CAT3_LEG,GDHM_Q09,0.0,Not Available
GDHM_SURVEY_COUNTRYRESPONSE_SCORE,2023,084,GDHM_CAT3_LEG,GDHM_Q09a,0.0,Not Available
GDHM_SURVEY_COUNTRYRESPONSE_SCORE,2023,084,GDHM_CAT3_LEG,GDHM_Q10,0.0,Not Available
GDHM_SURVEY_CATEGORY_AVG,2023,084,GDHM_CAT3_LEG,,1.0,Phase 1
GDHM_SURVEY_COUNTRYRESPONSE_SCORE,2023,084,GDHM_CAT4_WORKFORCE,GDHM_Q11,0.0,Not Available
GDHM_SURVEY_COUNTRYRESPONSE_SCORE,2023,084,GDHM_CAT4_WORKFORCE,GDHM_Q12,0.0,Not Available
GDHM_SURVEY_COUNTRYRESPONSE_SCORE,2023,084,GDHM_CAT4_WORKFORCE,GDHM_Q13,0.0,Not Available
GDHM_SURVEY_COUNTRYRESPONSE_SCORE,2023,084,GDHM_CAT4_WORKFORCE,GDHM_Q14,0.0,Not Available
GDHM_SURVEY_CATEGORY_AVG,2023,084,GDHM_CAT4_WORKFORCE,,1.0,Not Available
GDHM_SURVEY_COUNTRYRESPONSE_SCORE,2023,084,GDHM_CAT5_STANDARDS,GDHM_Q15,0.0,Not Available
GDHM_SURVEY_COUNTRYRESPONSE_SCORE,2023,084,GDHM_CAT5_STANDARDS,GDHM_Q16,0.0,Not Available
GDHM_SURVEY_CATEGORY_AVG,2023,084,GDHM_CAT5_STANDARDS,,1.0,Not Available
GDHM_SURVEY_COUNTRYRESPONSE_SCORE,2023,084,GDHM_CAT6_INFRASTRUCTURE,GDHM_Q17,0.0,Not Available
GDHM_SURVEY_COUNTRYRESPONSE_SCORE,2023,084,GDHM_CAT6_INFRASTRUCTURE,GDHM_Q18,4.0,Phase 4
GDHM_SURVEY_CATEGORY_AVG,2023,084,GDHM_CAT6_INFRASTRUCTURE,,4.0,Phase 4
GDHM_SURVEY_COUNTRYRESPONSE_SCORE,2023,084,GDHM_CAT7_SERV_APP,GDHM_Q19,0.0,Not Available
GDHM_SURVEY_COUNTRYRESPONSE_SCORE,2023,084,GDHM_CAT7_SERV_APP,GDHM_Q20,0.0,Not Available
GDHM_SURVEY_COUNTRYRESPONSE_SCORE,2023,084,GDHM_CAT7_SERV_APP,GDHM_Q21,0.0,Not Available
GDHM_SURVEY_COUNTRYRESPONSE_SCORE,2023,084,GDHM_CAT7_SERV_APP,GDHM_Q21a,0.0,Not Available
GDHM_SURVEY_COUNTRYRESPONSE_SCORE,2023,084,GDHM_CAT7_SERV_APP,GDHM_Q21b,0.0,Not Available
GDHM_SURVEY_COUNTRYRESPONSE_SCORE,2023,084,GDHM_CAT7_SERV_APP,GDHM_Q21c,0.0,Not Available
GDHM_SURVEY_COUNTRYRESPONSE_SCORE,2023,084,GDHM_CAT7_SERV_APP,GDHM_Q22,0.0,Not Available
GDHM_SURVEY_COUNTRYRESPONSE_SCORE,2023,084,GDHM_CAT7_SERV_APP,GDHM_Q23,0.0,Not Available
GDHM_SURVEY_CATEGORY_AVG,2023,084,GDHM_CAT7_SERV_APP,,1.0,Not Available
GDHM_SURVEY_COUNTRYRESPONSE_SCORE,2023,204,GDHM_CAT1_LEAD_GOV,GDHM_Q01,1.0,Phase 1
GDHM_SURVEY_COUNTRYRESPONSE_SCORE,2023,204,GDHM_CAT1_LEAD_GOV,GDHM_Q02,4.0,Phase 4
GDHM_SURVEY_COUNTRYRESPONSE_SCORE,2023,204,GDHM_CAT1_LEAD_GOV,GDHM_Q02a,2.0,Phase 2
GDHM_SURVEY_COUNTRYRESPONSE_SCORE,2023,204,GDHM_CAT1_LEAD_GOV,GDHM_Q03,3.0,Phase 3
GDHM_SURVEY_COUNTRYRESPONSE_SCORE,2023,204,GDHM_CAT1_LEAD_GOV,GDHM_Q04,3.0,Phase 3
GDHM_SURVEY_COUNTRYRESPONSE_SCORE,2023,204,GDHM_CAT1_LEAD_GOV,GDHM_Q04a,2.0,Phase 2
GDHM_SURVEY_CATEGORY_AVG,2023,204,GDHM_CAT1_LEAD_GOV,,3.0,Phase 3
GDHM_SURVEY_COUNTRYRESPONSE_SCORE,2023,204,GDHM_CAT2_STRAT_INV,GDHM_Q05,4.0,Phase 4
GDHM_SURVEY_COUNTRYRESPONSE_SCORE,2023,204,GDHM_CAT2_STRAT_INV,GDHM_Q05a,5.0,Phase 5
GDHM_SURVEY_COUNTRYRESPONSE_SCORE,2023,204,GDHM_CAT2_STRAT_INV,GDHM_Q06,0.0,Not Available
GDHM_SURVEY_COUNTRYRESPONSE_SCORE,2023,188,GDHM_CAT3_LEG,GDHM_Q07,3.0,Phase 3
GDHM_SURVEY_COUNTRYRESPONSE_SCORE,2023,188,GDHM_CAT3_LEG,GDHM_Q08,3.0,Phase 3
GDHM_SURVEY_COUNTRYRESPONSE_SCORE,2023,188,GDHM_CAT3_LEG,GDHM_Q09,2.0,Phase 2
GDHM_SURVEY_COUNTRYRESPONSE_SCORE,2023,188,GDHM_CAT3_LEG,GDHM_Q09a,0.0,Not Available
GDHM_SURVEY_COUNTRYRESPONSE_SCORE,2023,188,GDHM_CAT3_LEG,GDHM_Q10,2.0,Phase 2
GDHM_SURVEY_CATEGORY_AVG,2023,188,GDHM_CAT3_LEG,,3.0,Phase 3
GDHM_SURVEY_COUNTRYRESPONSE_SCORE,2023,188,GDHM_CAT4_WORKFORCE,GDHM_Q11,2.0,Phase 2
GDHM_SURVEY_COUNTRYRESPONSE_SCORE,2023,188,GDHM_CAT4_WORKFORCE,GDHM_Q12,1.0,Phase 1
GDHM_SURVEY_COUNTRYRESPONSE_SCORE,2023,188,GDHM_CAT4_WORKFORCE,GDHM_Q13,2.0,Phase 2
GDHM_SURVEY_COUNTRYRESPONSE_SCORE,2023,188,GDHM_CAT4_WORKFORCE,GDHM_Q14,1.0,Phase 1
GDHM_SURVEY_CATEGORY_AVG,2023,188,GDHM_CAT4_WORKFORCE,,2.0,Phase 2
GDHM_SURVEY_COUNTRYRESPONSE_SCORE,2023,188,GDHM_CAT5_STANDARDS,GDHM_Q15,1.0,Phase 1
GDHM_SURVEY_COUNTRYRESPONSE_SCORE,2023,188,GDHM_CAT5_STANDARDS,GDHM_Q16,2.0,Phase 2
GDHM_SURVEY_CATEGORY_AVG,2023,188,GDHM_CAT5_STANDARDS,,2.0,Phase 2
GDHM_SURVEY_COUNTRYRESPONSE_SCORE,2023,188,GDHM_CAT6_INFRASTRUCTURE,GDHM_Q17,4.0,Phase 4
GDHM_SURVEY_COUNTRYRESPONSE_SCORE,2023,188,GDHM_CAT6_INFRASTRUCTURE,GDHM_Q18,4.0,Phase 4
GDHM_SURVEY_CATEGORY_AVG,2023,188,GDHM_CAT6_INFRASTRUCTURE,,4.0,Phase 4
GDHM_SURVEY_COUNTRYRESPONSE_SCORE,2023,188,GDHM_CAT7_SERV_APP,GDHM_Q19,3.0,Phase 3
GDHM_SURVEY_COUNTRYRESPONSE_SCORE,2023,188,GDHM_CAT7_SERV_APP,GDHM_Q20,3.0,Phase 3
GDHM_SURVEY_COUNTRYRESPONSE_SCORE,2023,188,GDHM_CAT7_SERV_APP,GDHM_Q21,5.0,Phase 5
GDHM_SURVEY_COUNTRYRESPONSE_SCORE,2023,188,GDHM_CAT7_SERV_APP,GDHM_Q21a,1.0,Phase 1
GDHM_SURVEY_COUNTRYRESPONSE_SCORE,2023,188,GDHM_CAT7_SERV_APP,GDHM_Q21b,1.0,Phase 1
GDHM_SURVEY_COUNTRYRESPONSE_SCORE,2023,188,GDHM_CAT7_SERV_APP,GDHM_Q21c,3.0,Phase 3
GDHM_SURVEY_COUNTRYRESPONSE_SCORE,2023,188,GDHM_CAT7_SERV_APP,GDHM_Q22,0.0,Not Available
GDHM_SURVEY_COUNTRYRESPONSE_SCORE,2023,188,GDHM_CAT7_SERV_APP,GDHM_Q23,0.0,Not Available
GDHM_SURVEY_CATEGORY_AVG,2023,188,GDHM_CAT7_SERV_APP,,4.0,Phase 4
GDHM_SURVEY_COUNTRYRESPONSE_SCORE,2023,191,GDHM_CAT1_LEAD_GOV,GDHM_Q01,0.0,Not Available
GDHM_SURVEY_COUNTRYRESPONSE_SCORE,2023,191,GDHM_CAT1_LEAD_GOV,GDHM_Q02,0.0,Not Available
GDHM_SURVEY_COUNTRYRESPONSE_SCORE,2023,191,GDHM_CAT1_LEAD_GOV,GDHM_Q02a,0.0,Not Available
GDHM_SURVEY_COUNTRYRESPONSE_SCORE,2023,191,GDHM_CAT1_LEAD_GOV,GDHM_Q03,0.0,Not Available
GDHM_SURVEY_COUNTRYRESPONSE_SCORE,2023,191,GDHM_CAT1_LEAD_GOV,GDHM_Q04,4.0,Phase 4
GDHM_SURVEY_COUNTRYRESPONSE_SCORE,2023,191,GDHM_CAT1_LEAD_GOV,GDHM_Q04a,0.0,Not Available
GDHM_SURVEY_CATEGORY_AVG,2023,191,GDHM_CAT1_LEAD_GOV,,4.0,Phase 4
GDHM_SURVEY_COUNTRYRESPONSE_SCORE,2023,191,GDHM_CAT2_STRAT_INV,GDHM_Q05,0.0,Not Available
GDHM_SURVEY_COUNTRYRESPONSE_SCORE,2023,191,GDHM_CAT2_STRAT_INV,GDHM_Q05a,0.0,Not Available
GDHM_SURVEY_COUNTRYRESPONSE_SCORE,2023,191,GDHM_CAT2_STRAT_INV,GDHM_Q06,0.0,Not Available
GDHM_SURVEY_COUNTRYRESPONSE_SCORE,2023,191,GDHM_CAT2_STRAT_INV,GDHM_Q06a,3.0,Phase 3
GDHM_SURVEY_CATEGORY_AVG,2023,191,GDHM_CAT2_STRAT_INV,,1.0,Not Available
GDHM_SURVEY_COUNTRYRESPONSE_SCORE,2023,191,GDHM_CAT3_LEG,GDHM_Q07,5.0,Phase 5
GDHM_SURVEY_COUNTRYRESPONSE_SCORE,2023,191,GDHM_CAT3_LEG,GDHM_Q08,4.0,Phase 4
GDHM_SURVEY_COUNTRYRESPONSE_SCORE,2023,191,GDHM_CAT3_LEG,GDHM_Q09,3.0,Phase 3
GDHM_SURVEY_COUNTRYRESPONSE_SCORE,2023,191,GDHM_CAT3_LEG,GDHM_Q09a,0.0,Not Available
GDHM_SURVEY_COUNTRYRESPONSE_SCORE,2023,191,GDHM_CAT3_LEG,GDHM_Q10,0.0,Not Available
GDHM_SURVEY_CATEGORY_AVG,2023,191,GDHM_CAT3_LEG,,4.0,Phase 4
GDHM_SURVEY_COUNTRYRESPONSE_SCORE,2023,191,GDHM_CAT4_WORKFORCE,GDHM_Q11,0.0,Not Available
GDHM_SURVEY_COUNTRYRESPONSE_SCORE,2023,191,GDHM_CAT4_WORKFORCE,GDHM_Q12,0.0,Not Available
GDHM_SURVEY_COUNTRYRESPONSE_SCORE,2023,191,GDHM_CAT4_WORKFORCE,GDHM_Q13,0.0,Not Available
GDHM_SURVEY_COUNTRYRESPONSE_SCORE,2023,191,GDHM_CAT4_WORKFORCE,GDHM_Q14,0.0,Not Available
GDHM_SURVEY_CATEGORY_AVG,2023,191,GDHM_CAT4_WORKFORCE,,1.0,Not Available
GDHM_SURVEY_COUNTRYRESPONSE_SCORE,2023,191,GDHM_CAT5_STANDARDS,GDHM_Q15,0.0,Not Available
GDHM_SURVEY_COUNTRYRESPONSE_SCORE,2023,191,GDHM_CAT5_STANDARDS,GDHM_Q16,0.0,Not Available
GDHM_SURVEY_CATEGORY_AVG,2023,191,GDHM_CAT5_STANDARDS,,1.0,Not Available
GDHM_SURVEY_COUNTRYRESPONSE_SCORE,2023,191,GDHM_CAT6_INFRASTRUCTURE,GDHM_Q17,3.0,Phase 3
GDHM_SURVEY_COUNTRYRESPONSE_SCORE,2023,191,GDHM_CAT6_INFRASTRUCTURE,GDHM_Q18,5.0,Phase 5
GDHM_SURVEY_CATEGORY_AVG,2023,191,GDHM_CAT6_INFRASTRUCTURE,,4.0,Phase 4
GDHM_SURVEY_COUNTRYRESPONSE_SCORE,2023,191,GDHM_CAT7_SERV_APP,GDHM_Q19,0.0,Not Available
GDHM_SURVEY_COUNTRYRESPONSE_SCORE,2023,191,GDHM_CAT7_SERV_APP,GDHM_Q20,0.0,Not Available
GDHM_SURVEY_COUNTRYRESPONSE_SCORE,2023,191,GDHM_CAT7_SERV_APP,GDHM_Q21,0.0,Not Available
GDHM_SURVEY_COUNTRYRESPONSE_SCORE,2023,191,GDHM_CAT7_SERV_APP,GDHM_Q21a,0.0,Not Available
GDHM_SURVEY_COUNTRYRESPONSE_SCORE,2023,191,GDHM_CAT7_SERV_APP,GDHM_Q21b,0.0,Not Available
GDHM_SURVEY_COUNTRYRESPONSE_SCORE,2023,191,GDHM_CAT7_SERV_APP,GDHM_Q21c,0.0,Not Available
GDHM_SURVEY_COUNTRYRESPONSE_SCORE,2023,191,GDHM_CAT7_SERV_APP,GDHM_Q22,0.0,Not Available
GDHM_SURVEY_COUNTRYRESPONSE_SCORE,2023,191,GDHM_CAT7_SERV_APP,GDHM_Q23,0.0,Not Available
GDHM_SURVEY_CATEGORY_AVG,2023,191,GDHM_CAT7_SERV_APP,,1.0,Not Available
GDHM_SURVEY_COUNTRYRESPONSE_SCORE,2023,196,GDHM_CAT1_LEAD_GOV,GDHM_Q01,0.0,Not Available
GDHM_SURVEY_COUNTRYRESPONSE_SCORE,2023,196,GDHM_CAT1_LEAD_GOV,GDHM_Q02,0.0,Not Available
GDHM_SURVEY_COUNTRYRESPONSE_SCORE,2023,196,GDHM_CAT1_LEAD_GOV,GDHM_Q02a,0.0,Not Available
GDHM_SURVEY_COUNTRYRESPONSE_SCORE,2023,196,GDHM_CAT1_LEAD_GOV,GDHM_Q03,0.0,Not Available
GDHM_SURVEY_COUNTRYRESPONSE_SCORE,2023,196,GDHM_CAT1_LEAD_GOV,GDHM_Q04,4.0,Phase 4
GDHM_SURVEY_COUNTRYRESPONSE_SCORE,2023,196,GDHM_CAT1_LEAD_GOV,GDHM_Q04a,0.0,Not Available
GDHM_SURVEY_CATEGORY_AVG,2023,196,GDHM_CAT1_LEAD_GOV,,4.0,Phase 4
GDHM_SURVEY_COUNTRYRESPONSE_SCORE,2023,196,GDHM_CAT2_STRAT_INV,GDHM_Q05,0.0,Not Available
GDHM_SURVEY_COUNTRYRESPONSE_SCORE,2023,196,GDHM_CAT2_STRAT_INV,GDHM_Q05a,0.0,Not Available
GDHM_SURVEY_COUNTRYRESPONSE_SCORE,2023,196,GDHM_CAT2_STRAT_INV,GDHM_Q06,0.0,Not Available
GDHM_SURVEY_COUNTRYRESPONSE_SCORE,2023,196,GDHM_CAT2_STRAT_INV,GDHM_Q06a,3.0,Phase 3
GDHM_SURVEY_CATEGORY_AVG,2023,196,GDHM_CAT2_STRAT_INV,,1.0,Not Available
GDHM_SURVEY_COUNTRYRESPONSE_SCORE,2023,196,GDHM_CAT3_LEG,GDHM_Q07,5.0,Phase 5
GDHM_SURVEY_COUNTRYRESPONSE_SCORE,2023,196,GDHM_CAT3_LEG,GDHM_Q08,4.0,Phase 4
GDHM_SURVEY_COUNTRYRESPONSE_SCORE,2023,196,GDHM_CAT3_LEG,GDHM_Q09,3.0,Phase 3
GDHM_SURVEY_COUNTRYRESPONSE_SCORE,2023,196,GDHM_CAT3_LEG,GDHM_Q09a,0.0,Not Available
GDHM_SURVEY_COUNTRYRESPONSE_SCORE,2023,196,GDHM_CAT3_LEG,GDHM_Q10,0.0,Not Available
GDHM_SURVEY_CATEGORY_AVG,2023,196,GDHM_CAT3_LEG,,4.0,Phase 4
GDHM_SURVEY_COUNTRYRESPONSE_SCORE,2023,196,GDHM_CAT4_WORKFORCE,GDHM_Q11,0.0,Not Available
GDHM_SURVEY_COUNTRYRESPONSE_SCORE,2023,196,GDHM_CAT4_WORKFORCE,GDHM_Q12,0.0,Not Available
GDHM_SURVEY_COUNTRYRESPONSE_SCORE,2023,196,GDHM_CAT4_WORKFORCE,GDHM_Q13,0.0,Not Available
GDHM_SURVEY_COUNTRYRESPONSE_SCORE,2023,196,GDHM_CAT4_WORKFORCE,GDHM_Q14,0.0,Not Available
GDHM_SURVEY_CATEGORY_AVG,2023,196,GDHM_CAT4_WORKFORCE,,1.0,Not Available
GDHM_SURVEY_COUNTRYRESPONSE_SCORE,2023,196,GDHM_CAT5_STANDARDS,GDHM_Q15,0.0,Not Available
GDHM_SURVEY_COUNTRYRESPONSE_SCORE,2023,196,GDHM_CAT5_STANDARDS,GDHM_Q16,0.0,Not Available
GDHM_SURVEY_CATEGORY_AVG,2023,196,GDHM_CAT5_STANDARDS,,1.0,Not Available
GDHM_SURVEY_COUNTRYRESPONSE_SCORE,2023,196,GDHM_CAT6_INFRASTRUCTURE,GDHM_Q17,3.0,Phase 3
GDHM_SURVEY_COUNTRYRESPONSE_SCORE,2023,196,GDHM_CAT6_INFRASTRUCTURE,GDHM_Q18,5.0,Phase 5
GDHM_SURVEY_CATEGORY_AVG,2023,196,GDHM_CAT6_INFRASTRUCTURE,,4.0,Phase 4
GDHM_SURVEY_COUNTRYRESPONSE_SCORE,2023,196,GDHM_CAT7_SERV_APP,GDHM_Q19,0.0,Not Available
GDHM_SURVEY_COUNTRYRESPONSE_SCORE,2023,196,GDHM_CAT7_SERV_APP,GDHM_Q20,0.0,Not Available
GDHM_SURVEY_COUNTRYRESPONSE_SCORE,2023,196,GDHM_CAT7_SERV_APP,GDHM_Q21,0.0,Not Available
GDHM_SURVEY_COUNTRYRESPONSE_SCORE,2023,196,GDHM_CAT7_SERV_APP,GDHM_Q21a,0.0,Not Available
GDHM_SURVEY_COUNTRYRESPONSE_SCORE,2023,196,GDHM_CAT7_SERV_APP,GDHM_Q21b,0.0,Not Available
GDHM_SURVEY_COUNTRYRESPONSE_SCORE,2023,196,GDHM_CAT7_SERV_APP,GDHM_Q21c,0.0,Not Available
GDHM_SURVEY_COUNTRYRESPONSE_SCORE,2023,196,GDHM_CAT7_SERV_APP,GDHM_Q22,0.0,Not Available
GDHM_SURVEY_COUNTRYRESPONSE_SCORE,2023,196,GDHM_CAT7_SERV_APP,GDHM_Q23,0.0,Not Available
GDHM_SURVEY_CATEGORY_AVG,2023,196,GDHM_CAT7_SERV_APP,,1.0,Not Available
GDHM_SURVEY_COUNTRYRESPONSE_SCORE,2023,384,GDHM_CAT1_LEAD_GOV,GDHM_Q01,2.0,Phase 2
GDHM_SURVEY_COUNTRYRESPONSE_SCORE,2023,384,GDHM_CAT1_LEAD_GOV,GDHM_Q02,4.0,Phase 4
GDHM_SURVEY_COUNTRYRESPONSE_SCORE,2023,384,GDHM_CAT1_LEAD_GOV,GDHM_Q02a,4.0,Phase 4
GDHM_SURVEY_COUNTRYRESPONSE_SCORE,2023,384,GDHM_CAT1_LEAD_GOV,GDHM_Q03,1.0,Phase 1
GDHM_SURVEY_COUNTRYRESPONSE_SCORE,2023,384,GDHM_CAT1_LEAD_GOV,GDHM_Q04,1.0,Phase 1
GDHM_SURVEY_COUNTRYRESPONSE_SCORE,2023,384,GDHM_CAT1_LEAD_GOV,GDHM_Q04a,1.0,Phase 1
GDHM_SURVEY_CATEGORY_AVG,2023,384,GDHM_CAT1_LEAD_GOV,,2.0,Phase 2
GDHM_SURVEY_COUNTRYRESPONSE_SCORE,2023,384,GDHM_CAT2_STRAT_INV,GDHM_Q05,4.0,Phase 4
GDHM_SURVEY_COUNTRYRESPONSE_SCORE,2023,384,GDHM_CAT2_STRAT_INV,GDHM_Q05a,2.0,Phase 2
GDHM_SURVEY_COUNTRYRESPONSE_SCORE,2023,384,GDHM_CAT2_STRAT_INV,GDHM_Q06,2.0,Phase 2
GDHM_SURVEY_COUNTRYRESPONSE_SCORE,2023,384,GDHM_CAT2_STRAT_INV,GDHM_Q06a,2.0,Phase 2
GDHM_SURVEY_CATEGORY_AVG,2023,384,GDHM_CAT2_STRAT_INV,,3.0,Phase 3
GDHM_SURVEY_COUNTRYRESPONSE_SCORE,2023,384,GDHM_CAT3_LEG,GDHM_Q07,5.0,Phase 5
GDHM_SURVEY_COUNTRYRESPONSE_SCORE,2023,384,GDHM_CAT3_LEG,GDHM_Q08,5.0,Phase 5
GDHM_SURVEY_COUNTRYRESPONSE_SCORE,2023,384,GDHM_CAT3_LEG,GDHM_Q09,1.0,Phase 1
GDHM_SURVEY_COUNTRYRESPONSE_SCORE,2023,384,GDHM_CAT3_LEG,GDHM_Q09a,1.0,Phase 1
GDHM_SURVEY_COUNTRYRESPONSE_SCORE,2023,384,GDHM_CAT3_LEG,GDHM_Q10,4.0,Phase 4
GDHM_SURVEY_CATEGORY_AVG,2023,384,GDHM_CAT3_LEG,,4.0,Phase 4
GDHM_SURVEY_COUNTRYRESPONSE_SCORE,2023,384,GDHM_CAT4_WORKFORCE,GDHM_Q11,3.0,Phase 3
GDHM_SURVEY_COUNTRYRESPONSE_SCORE,2023,384,GDHM_CAT4_WORKFORCE,GDHM_Q12,1.0,Phase 1
GDHM_SURVEY_COUNTRYRESPONSE_SCORE,2023,384,GDHM_CAT4_WORKFORCE,GDHM_Q13,3.0,Phase 3
GDHM_SURVEY_COUNTRYRESPONSE_SCORE,2023,384,GDHM_CAT4_WORKFORCE,GDHM_Q14,1.0,Phase 1
GDHM_SURVEY_CATEGORY_AVG,2023,384,GDHM_CAT4_WORKFORCE,,2.0,Phase 2
GDHM_SURVEY_COUNTRYRESPONSE_SCORE,2023,384,GDHM_CAT5_STANDARDS,GDHM_Q15,1.0,Phase 1
GDHM_SURVEY_COUNTRYRESPONSE_SCORE,2023,384,GDHM_CAT5_STANDARDS,GDHM_Q16,1.0,Phase 1
GDHM_SURVEY_CATEGORY_AVG,2023,384,GDHM_CAT5_STANDARDS,,1.0,Phase 1
GDHM_SURVEY_COUNTRYRESPONSE_SCORE,2023,384,GDHM_CAT6_INFRASTRUCTURE,GDHM_Q17,3.0,Phase 3
GDHM_SURVEY_COUNTRYRESPONSE_SCORE,2023,384,GDHM_CAT6_INFRASTRUCTURE,GDHM_Q18,3.0,Phase 3
GDHM_SURVEY_CATEGORY_AVG,2023,384,GDHM_CAT6_INFRASTRUCTURE,,3.0,Phase 3
GDHM_SURVEY_COUNTRYRESPONSE_SCORE,2023,384,GDHM_CAT7_SERV_APP,GDHM_Q19,2.0,Phase 2
GDHM_SURVEY_COUNTRYRESPONSE_SCORE,2023,384,GDHM_CAT7_SERV_APP,GDHM_Q20,2.0,Phase 2
GDHM_SURVEY_COUNTRYRESPONSE_SCORE,2023,384,GDHM_CAT7_SERV_APP,GDHM_Q21,1.0,Phase 1
GDHM_SURVEY_COUNTRYRESPONSE_SCORE,2023,384,GDHM_CAT7_SERV_APP,GDHM_Q21a,1.0,Phase 1
GDHM_SURVEY_COUNTRYRESPONSE_SCORE,2023,384,GDHM_CAT7_SERV_APP,GDHM_Q21b,1.0,Phase 1
GDHM_SURVEY_COUNTRYRESPONSE_SCORE,2023,384,GDHM_CAT7_SERV_APP,GDHM_Q21c,1.0,Phase 1
GDHM_SURVEY_COUNTRYRESPONSE_SCORE,2023,384,GDHM_CAT7_SERV_APP,GDHM_Q22,1.0,Phase 1
GDHM_SURVEY_COUNTRYRESPONSE_SCORE,2023,384,GDHM_CAT7_SERV_APP,GDHM_Q23,2.0,Phase 2
GDHM_SURVEY_CATEGORY_AVG,2023,384,GDHM_CAT7_SERV_APP,,2.0,Phase 2
GDHM_SURVEY_COUNTRYRESPONSE_SCORE,2023,408,GDHM_CAT1_LEAD_GOV,GDHM_Q01,0.0,Not Available
GDHM_SURVEY_COUNTRYRESPONSE_SCORE,2023,408,GDHM_CAT1_LEAD_GOV,GDHM_Q02,0.0,Not Available
GDHM_SURVEY_COUNTRYRESPONSE_SCORE,2023,408,GDHM_CAT1_LEAD_GOV,GDHM_Q02a,0.0,Not Available
GDHM_SURVEY_COUNTRYRESPONSE_SCORE,2023,408,GDHM_CAT1_LEAD_GOV,GDHM_Q03,0.0,Not Available
GDHM_SURVEY_COUNTRYRESPONSE_SCORE,2023,408,GDHM_CAT1_LEAD_GOV,GDHM_Q04,0.0,Not Available
GDHM_SURVEY_COUNTRYRESPONSE_SCORE,2023,408,GDHM_CAT1_LEAD_GOV,GDHM_Q04a,0.0,Not Available
GDHM_SURVEY_CATEGORY_AVG,2023,408,GDHM_CAT1_LEAD_GOV,,1.0,Not Available
GDHM_SURVEY_COUNTRYRESPONSE_SCORE,2023,408,GDHM_CAT2_STRAT_INV,GDHM_Q05,0.0,Not Available
GDHM_SURVEY_COUNTRYRESPONSE_SCORE,2023,408,GDHM_CAT2_STRAT_INV,GDHM_Q05a,0.0,Not Available
GDHM_SURVEY_COUNTRYRESPONSE_SCORE,2023,408,GDHM_CAT2_STRAT_INV,GDHM_Q06,0.0,Not Available
GDHM_SURVEY_COUNTRYRESPONSE_SCORE,2023,408,GDHM_CAT2_STRAT_INV,GDHM_Q06a,0.0,Not Available
GDHM_SURVEY_CATEGORY_AVG,2023,408,GDHM_CAT2_STRAT_INV,,1.0,Not Available
GDHM_SURVEY_COUNTRYRESPONSE_SCORE,2023,408,GDHM_CAT3_LEG,GDHM_Q07,0.0,Not Available
GDHM_SURVEY_COUNTRYRESPONSE_SCORE,2023,408,GDHM_CAT3_LEG,GDHM_Q08,0.0,Not Available
GDHM_SURVEY_COUNTRYRESPONSE_SCORE,2023,408,GDHM_CAT3_LEG,GDHM_Q09,0.0,Not Available
GDHM_SURVEY_COUNTRYRESPONSE_SCORE,2023,408,GDHM_CAT3_LEG,GDHM_Q09a,0.0,Not Available
GDHM_SURVEY_COUNTRYRESPONSE_SCORE,2023,408,GDHM_CAT3_LEG,GDHM_Q10,0.0,Not Available
GDHM_SURVEY_CATEGORY_AVG,2023,408,GDHM_CAT3_LEG,,1.0,Not Available
GDHM_SURVEY_COUNTRYRESPONSE_SCORE,2023,408,GDHM_CAT4_WORKFORCE,GDHM_Q11,0.0,Not Available
GDHM_SURVEY_COUNTRYRESPONSE_SCORE,2023,408,GDHM_CAT4_WORKFORCE,GDHM_Q12,0.0,Not Available
GDHM_SURVEY_COUNTRYRESPONSE_SCORE,2023,356,GDHM_CAT7_SERV_APP,GDHM_Q20,0.0,Not Available
GDHM_SURVEY_COUNTRYRESPONSE_SCORE,2023,356,GDHM_CAT7_SERV_APP,GDHM_Q21,0.0,Not Available
GDHM_SURVEY_COUNTRYRESPONSE_SCORE,2023,356,GDHM_CAT7_SERV_APP,GDHM_Q21a,0.0,Not Available
GDHM_SURVEY_COUNTRYRESPONSE_SCORE,2023,356,GDHM_CAT7_SERV_APP,GDHM_Q21b,0.0,Not Available
GDHM_SURVEY_COUNTRYRESPONSE_SCORE,2023,356,GDHM_CAT7_SERV_APP,GDHM_Q21c,0.0,Not Available
GDHM_SURVEY_COUNTRYRESPONSE_SCORE,2023,356,GDHM_CAT7_SERV_APP,GDHM_Q22,0.0,Not Available
GDHM_SURVEY_COUNTRYRESPONSE_SCORE,2023,356,GDHM_CAT7_SERV_APP,GDHM_Q23,0.0,Not Available
GDHM_SURVEY_CATEGORY_AVG,2023,356,GDHM_CAT7_SERV_APP,,1.0,Not Available
GDHM_SURVEY_COUNTRYRESPONSE_SCORE,2023,360,GDHM_CAT1_LEAD_GOV,GDHM_Q01,4.0,Phase 4
GDHM_SURVEY_COUNTRYRESPONSE_SCORE,2023,360,GDHM_CAT1_LEAD_GOV,GDHM_Q02,4.0,Phase 4
GDHM_SURVEY_COUNTRYRESPONSE_SCORE,2023,360,GDHM_CAT1_LEAD_GOV,GDHM_Q02a,3.0,Phase 3
GDHM_SURVEY_COUNTRYRESPONSE_SCORE,2023,360,GDHM_CAT1_LEAD_GOV,GDHM_Q03,3.0,Phase 3
GDHM_SURVEY_COUNTRYRESPONSE_SCORE,2023,360,GDHM_CAT1_LEAD_GOV,GDHM_Q04,2.0,Phase 2
GDHM_SURVEY_COUNTRYRESPONSE_SCORE,2023,360,GDHM_CAT1_LEAD_GOV,GDHM_Q04a,3.0,Phase 3
GDHM_SURVEY_CATEGORY_AVG,2023,360,GDHM_CAT1_LEAD_GOV,,4.0,Phase 4
GDHM_SURVEY_COUNTRYRESPONSE_SCORE,2023,360,GDHM_CAT2_STRAT_INV,GDHM_Q05,4.0,Phase 4
GDHM_SURVEY_COUNTRYRESPONSE_SCORE,2023,360,GDHM_CAT2_STRAT_INV,GDHM_Q05a,3.0,Phase 3
GDHM_SURVEY_COUNTRYRESPONSE_SCORE,2023,360,GDHM_CAT2_STRAT_INV,GDHM_Q06,2.0,Phase 2
GDHM_SURVEY_COUNTRYRESPONSE_SCORE,2023,360,GDHM_CAT2_STRAT_INV,GDHM_Q06a,4.0,Phase 4
GDHM_SURVEY_CATEGORY_AVG,2023,360,GDHM_CAT2_STRAT_INV,,3.0,Phase 3
GDHM_SURVEY_COUNTRYRESPONSE_SCORE,2023,360,GDHM_CAT3_LEG,GDHM_Q07,4.0,Phase 4
GDHM_SURVEY_COUNTRYRESPONSE_SCORE,2023,360,GDHM_CAT3_LEG,GDHM_Q08,3.0,Phase 3
GDHM_SURVEY_COUNTRYRESPONSE_SCORE,2023,360,GDHM_CAT3_LEG,GDHM_Q09,3.0,Phase 3
GDHM_SURVEY_COUNTRYRESPONSE_SCORE,2023,360,GDHM_CAT3_LEG,GDHM_Q09a,2.0,Phase 2
GDHM_SURVEY_COUNTRYRESPONSE_SCORE,2023,360,GDHM_CAT3_LEG,GDHM_Q10,3.0,Phase 3
GDHM_SURVEY_CATEGORY_AVG,2023,360,GDHM_CAT3_LEG,,4.0,Phase 4
GDHM_SURVEY_COUNTRYRESPONSE_SCORE,2023,360,GDHM_CAT4_WORKFORCE,GDHM_Q11,2.0,Phase 2
GDHM_SURVEY_COUNTRYRESPONSE_SCORE,2023,360,GDHM_CAT4_WORKFORCE,GDHM_Q12,2.0,Phase 2
GDHM_SURVEY_COUNTRYRESPONSE_SCORE,2023,360,GDHM_CAT4_WORKFORCE,GDHM_Q13,4.0,Phase 4
GDHM_SURVEY_COUNTRYRESPONSE_SCORE,2023,360,GDHM_CAT4_WORKFORCE,GDHM_Q14,1.0,Phase 1
GDHM_SURVEY_CATEGORY_AVG,2023,360,GDHM_CAT4_WORKFORCE,,3.0,Phase 3
GDHM_SURVEY_COUNTRYRESPONSE_SCORE,2023,360,GDHM_CAT5_STANDARDS,GDHM_Q15,3.0,Phase 3
GDHM_SURVEY_COUNTRYRESPONSE_SCORE,2023,360,GDHM_CAT5_STANDARDS,GDHM_Q16,3.0,Phase 3
GDHM_SURVEY_CATEGORY_AVG,2023,360,GDHM_CAT5_STANDARDS,,3.0,Phase 3
GDHM_SURVEY_COUNTRYRESPONSE_SCORE,2023,360,GDHM_CAT6_INFRASTRUCTURE,GDHM_Q17,4.0,Phase 4
GDHM_SURVEY_COUNTRYRESPONSE_SCORE,2023,360,GDHM_CAT6_INFRASTRUCTURE,GDHM_Q18,3.0,Phase 3
GDHM_SURVEY_CATEGORY_AVG,2023,360,GDHM_CAT6_INFRASTRUCTURE,,4.0,Phase 4
GDHM_SURVEY_COUNTRYRESPONSE_SCORE,2023,360,GDHM_CAT7_SERV_APP,GDHM_Q19,4.0,Phase 4
GDHM_SURVEY_COUNTRYRESPONSE_SCORE,2023,360,GDHM_CAT7_SERV_APP,GDHM_Q20,3.0,Phase 3
GDHM_SURVEY_COUNTRYRESPONSE_SCORE,2023,360,GDHM_CAT7_SERV_APP,GDHM_Q21,5.0,Phase 5
GDHM_SURVEY_COUNTRYRESPONSE_SCORE,2023,360,GDHM_CAT7_SERV_APP,GDHM_Q21a,2.0,Phase 2
GDHM_SURVEY_COUNTRYRESPONSE_SCORE,2023,360,GDHM_CAT7_SERV_APP,GDHM_Q21b,5.0,Phase 5
GDHM_SURVEY_COUNTRYRESPONSE_SCORE,2023,360,GDHM_CAT7_SERV_APP,GDHM_Q21c,2.0,Phase 2
GDHM_SURVEY_COUNTRYRESPONSE_SCORE,2023,360,GDHM_CAT7_SERV_APP,GDHM_Q22,2.0,Phase 2
GDHM_SURVEY_COUNTRYRESPONSE_SCORE,2023,360,GDHM_CAT7_SERV_APP,GDHM_Q23,3.0,Phase 3
GDHM_SURVEY_CATEGORY_AVG,2023,360,GDHM_CAT7_SERV_APP,,4.0,Phase 4
GDHM_SURVEY_COUNTRYRESPONSE_SCORE,2023,364,GDHM_CAT1_LEAD_GOV,GDHM_Q01,0.0,Not Available
GDHM_SURVEY_COUNTRYRESPONSE_SCORE,2023,364,GDHM_CAT1_LEAD_GOV,GDHM_Q02,0.0,Not Available
GDHM_SURVEY_COUNTRYRESPONSE_SCORE,2023,364,GDHM_CAT1_LEAD_GOV,GDHM_Q02a,0.0,Not Available
GDHM_SURVEY_COUNTRYRESPONSE_SCORE,2023,364,GDHM_CAT1_LEAD_GOV,GDHM_Q03,0.0,Not Available
GDHM_SURVEY_COUNTRYRESPONSE_SCORE,2023,364,GDHM_CAT1_LEAD_GOV,GDHM_Q04,4.0,Phase 4
GDHM_SURVEY_COUNTRYRESPONSE_SCORE,2023,364,GDHM_CAT1_LEAD_GOV,GDHM_Q04a,0.0,Not Available
GDHM_SURVEY_CATEGORY_AVG,2023,364,GDHM_CAT1_LEAD_GOV,,4.0,Phase 4
GDHM_SURVEY_COUNTRYRESPONSE_SCORE,2023,364,GDHM_CAT2_STRAT_INV,GDHM_Q05,0.0,Not Available
GDHM_SURVEY_COUNTRYRESPONSE_SCORE,2023,364,GDHM_CAT2_STRAT_INV,GDHM_Q05a,0.0,Not Available
GDHM_SURVEY_COUNTRYRESPONSE_SCORE,2023,364,GDHM_CAT2_STRAT_INV,GDHM_Q06,0.0,Not Available
GDHM_SURVEY_COUNTRYRESPONSE_SCORE,2023,364,GDHM_CAT2_STRAT_INV,GDHM_Q06a,2.0,Phase 2
GDHM_SURVEY_CATEGORY_AVG,2023,364,GDHM_CAT2_STRAT_INV,,1.0,Not Available
GDHM_SURVEY_COUNTRYRESPONSE_SCORE,2023,364,GDHM_CAT3_LEG,GDHM_Q07,5.0,Phase 5
GDHM_SURVEY_COUNTRYRESPONSE_SCORE,2023,364,GDHM_CAT3_LEG,GDHM_Q08,1.0,Phase 1
GDHM_SURVEY_COUNTRYRESPONSE_SCORE,2023,364,GDHM_CAT3_LEG,GDHM_Q09,2.0,Phase 2
GDHM_SURVEY_COUNTRYRESPONSE_SCORE,2023,364,GDHM_CAT3_LEG,GDHM_Q09a,0.0,Not Available
GDHM_SURVEY_COUNTRYRESPONSE_SCORE,2023,364,GDHM_CAT3_LEG,GDHM_Q10,0.0,Not Available
GDHM_SURVEY_CATEGORY_AVG,2023,364,GDHM_CAT3_LEG,,3.0,Phase 3
GDHM_SURVEY_COUNTRYRESPONSE_SCORE,2023,364,GDHM_CAT4_WORKFORCE,GDHM_Q11,0.0,Not Available
GDHM_SURVEY_COUNTRYRESPONSE_SCORE,2023,364,GDHM_CAT4_WORKFORCE,GDHM_Q12,0.0,Not Available
GDHM_SURVEY_COUNTRYRESPONSE_SCORE,2023,364,GDHM_CAT4_WORKFORCE,GDHM_Q13,0.0,Not Available
GDHM_SURVEY_COUNTRYRESPONSE_SCORE,2023,364,GDHM_CAT4_WORKFORCE,GDHM_Q14,0.0,Not Available
GDHM_SURVEY_CATEGORY_AVG,2023,364,GDHM_CAT4_WORKFORCE,,1.0,Not Available
GDHM_SURVEY_COUNTRYRESPONSE_SCORE,2023,364,GDHM_CAT5_STANDARDS,GDHM_Q15,0.0,Not Available
GDHM_SURVEY_COUNTRYRESPONSE_SCORE,2023,364,GDHM_CAT5_STANDARDS,GDHM_Q16,0.0,Not Available
GDHM_SURVEY_CATEGORY_AVG,2023,364,GDHM_CAT5_STANDARDS,,1.0,Not Available
GDHM_SURVEY_COUNTRYRESPONSE_SCORE,2023,364,GDHM_CAT6_INFRASTRUCTURE,GDHM_Q17,3.0,Phase 3
GDHM_SURVEY_COUNTRYRESPONSE_SCORE,2023,364,GDHM_CAT6_INFRASTRUCTURE,GDHM_Q18,4.0,Phase 4
GDHM_SURVEY_CATEGORY_AVG,2023,364,GDHM_CAT6_INFRASTRUCTURE,,4.0,Phase 4
GDHM_SURVEY_COUNTRYRESPONSE_SCORE,2023,364,GDHM_CAT7_SERV_APP,GDHM_Q19,0.0,Not Available
GDHM_SURVEY_COUNTRYRESPONSE_SCORE,2023,364,GDHM_CAT7_SERV_APP,GDHM_Q20,0.0,Not Available
GDHM_SURVEY_COUNTRYRESPONSE_SCORE,2023,364,GDHM_CAT7_SERV_APP,GDHM_Q21,0.0,Not Available
GDHM_SURVEY_COUNTRYRESPONSE_SCORE,2023,364,GDHM_CAT7_SERV_APP,GDHM_Q21a,0.0,Not Available
GDHM_SURVEY_COUNTRYRESPONSE_SCORE,2023,364,GDHM_CAT7_SERV_APP,GDHM_Q21b,0.0,Not Available
GDHM_SURVEY_COUNTRYRESPONSE_SCORE,2023,364,GDHM_CAT7_SERV_APP,GDHM_Q21c,0.0,Not Available
GDHM_SURVEY_COUNTRYRESPONSE_SCORE,2023,364,GDHM_CAT7_SERV_APP,GDHM_Q22,0.0,Not Available
GDHM_SURVEY_COUNTRYRESPONSE_SCORE,2023,364,GDHM_CAT7_SERV_APP,GDHM_Q23,0.0,Not Available
GDHM_SURVEY_CATEGORY_AVG,2023,364,GDHM_CAT7_SERV_APP,,1.0,Not Available
GDHM_SURVEY_COUNTRYRESPONSE_SCORE,2023,368,GDHM_CAT1_LEAD_GOV,GDHM_Q01,2.0,Phase 2
GDHM_SURVEY_COUNTRYRESPONSE_SCORE,2023,368,GDHM_CAT1_LEAD_GOV,GDHM_Q02,1.0,Phase 1
GDHM_SURVEY_COUNTRYRESPONSE_SCORE,2023,368,GDHM_CAT1_LEAD_GOV,GDHM_Q02a,2.0,Phase 2
GDHM_SURVEY_COUNTRYRESPONSE_SCORE,2023,368,GDHM_CAT1_LEAD_GOV,GDHM_Q03,1.0,Phase 1
GDHM_SURVEY_COUNTRYRESPONSE_SCORE,2023,368,GDHM_CAT1_LEAD_GOV,GDHM_Q04,1.0,Phase 1
GDHM_SURVEY_COUNTRYRESPONSE_SCORE,2023,368,GDHM_CAT1_LEAD_GOV,GDHM_Q04a,1.0,Phase 1
GDHM_SURVEY_CATEGORY_AVG,2023,368,GDHM_CAT1_LEAD_GOV,,2.0,Phase 2
GDHM_SURVEY_COUNTRYRESPONSE_SCORE,2023,368,GDHM_CAT2_STRAT_INV,GDHM_Q05,1.0,Phase 1
GDHM_SURVEY_COUNTRYRESPONSE_SCORE,2023,368,GDHM_CAT2_STRAT_INV,GDHM_Q05a,1.0,Phase 1
GDHM_SURVEY_COUNTRYRESPONSE_SCORE,2023,368,GDHM_CAT2_STRAT_INV,GDHM_Q06,1.0,Phase 1
GDHM_SURVEY_COUNTRYRESPONSE_SCORE,2023,368,GDHM_CAT2_STRAT_INV,GDHM_Q06a,2.0,Phase 2
GDHM_SURVEY_CATEGORY_AVG,2023,368,GDHM_CAT2_STRAT_INV,,1.0,Phase 1
GDHM_SURVEY_COUNTRYRESPONSE_SCORE,2023,368,GDHM_CAT3_LEG,GDHM_Q07,2.0,Phase 2
GDHM_SURVEY_COUNTRYRESPONSE_SCORE,2023,368,GDHM_CAT3_LEG,GDHM_Q08,1.0,Phase 1
GDHM_SURVEY_COUNTRYRESPONSE_SCORE,2023,368,GDHM_CAT3_LEG,GDHM_Q09,1.0,Phase 1
GDHM_SURVEY_COUNTRYRESPONSE_SCORE,2023,368,GDHM_CAT3_LEG,GDHM_Q09a,1.0,Phase 1
GDHM_SURVEY_COUNTRYRESPONSE_SCORE,2023,368,GDHM_CAT3_LEG,GDHM_Q10,1.0,Phase 1
GDHM_SURVEY_CATEGORY_AVG,2023,368,GDHM_CAT3_LEG,,2.0,Phase 2
GDHM_SURVEY_COUNTRYRESPONSE_SCORE,2023,368,GDHM_CAT4_WORKFORCE,GDHM_Q11,1.0,Phase 1
GDHM_SURVEY_COUNTRYRESPONSE_SCORE,2023,368,GDHM_CAT4_WORKFORCE,GDHM_Q12,1.0,Phase 1
GDHM_SURVEY_COUNTRYRESPONSE_SCORE,2023,368,GDHM_CAT4_WORKFORCE,GDHM_Q13,1.0,Phase 1
GDHM_SURVEY_COUNTRYRESPONSE_SCORE,2023,368,GDHM_CAT4_WORKFORCE,GDHM_Q14,1.0,Phase 1
GDHM_SURVEY_CATEGORY_AVG,2023,368,GDHM_CAT4_WORKFORCE,,1.0,Phase 1
GDHM_SURVEY_COUNTRYRESPONSE_SCORE,2023,368,GDHM_CAT5_STANDARDS,GDHM_Q15,1.0,Phase 1
GDHM_SURVEY_COUNTRYRESPONSE_SCORE,2023,368,GDHM_CAT5_STANDARDS,GDHM_Q16,1.0,Phase 1
GDHM_SURVEY_CATEGORY_AVG,2023,368,GDHM_CAT5_STANDARDS,,1.0,Phase 1
GDHM_SURVEY_COUNTRYRESPONSE_SCORE,2023,368,GDHM_CAT6_INFRASTRUCTURE,GDHM_Q17,0.0,Not Available
GDHM_SURVEY_COUNTRYRESPONSE_SCORE,2023,368,GDHM_CAT6_INFRASTRUCTURE,GDHM_Q18,1.0,Phase 1
GDHM_SURVEY_CATEGORY_AVG,2023,368,GDHM_CAT6_INFRASTRUCTURE,,1.0,Phase 1
GDHM_SURVEY_COUNTRYRESPONSE_SCORE,2023,368,GDHM_CAT7_SERV_APP,GDHM_Q19,2.0,Phase 2
GDHM_SURVEY_COUNTRYRESPONSE_SCORE,2023,368,GDHM_CAT7_SERV_APP,GDHM_Q20,2.0,Phase 2
GDHM_SURVEY_COUNTRYRESPONSE_SCORE,2023,368,GDHM_CAT7_SERV_APP,GDHM_Q21,1.0,Phase 1
GDHM_SURVEY_COUNTRYRESPONSE_SCORE,2023,368,GDHM_CAT7_SERV_APP,GDHM_Q21a,1.0,Phase 1
GDHM_SURVEY_COUNTRYRESPONSE_SCORE,2023,368,GDHM_CAT7_SERV_APP,GDHM_Q21b,1.0,Phase 1
GDHM_SURVEY_COUNTRYRESPONSE_SCORE,2023,368,GDHM_CAT7_SERV_APP,GDHM_Q21c,1.0,Phase 1
GDHM_SURVEY_COUNTRYRESPONSE_SCORE,2023,368,GDHM_CAT7_SERV_APP,GDHM_Q22,1.0,Phase 1
GDHM_SURVEY_COUNTRYRESPONSE_SCORE,2023,368,GDHM_CAT7_SERV_APP,GDHM_Q23,1.0,Phase 1
GDHM_SURVEY_CATEGORY_AVG,2023,368,GDHM_CAT7_SERV_APP,,2.0,Phase 2
GDHM_SURVEY_COUNTRYRESPONSE_SCORE,2023,372,GDHM_CAT1_LEAD_GOV,GDHM_Q01,1.0,Phase 1
GDHM_SURVEY_COUNTRYRESPONSE_SCORE,2023,372,GDHM_CAT1_LEAD_GOV,GDHM_Q02,1.0,Phase 1
GDHM_SURVEY_COUNTRYRESPONSE_SCORE,2023,372,GDHM_CAT1_LEAD_GOV,GDHM_Q02a,2.0,Phase 2
GDHM_SURVEY_COUNTRYRESPONSE_SCORE,2023,372,GDHM_CAT1_LEAD_GOV,GDHM_Q03,2.0,Phase 2
GDHM_SURVEY_COUNTRYRESPONSE_SCORE,2023,372,GDHM_CAT1_LEAD_GOV,GDHM_Q04,1.0,Phase 1
GDHM_SURVEY_COUNTRYRESPONSE_SCORE,2023,372,GDHM_CAT1_LEAD_GOV,GDHM_Q04a,2.0,Phase 2
GDHM_SURVEY_CATEGORY_AVG,2023,372,GDHM_CAT1_LEAD_GOV,,2.0,Phase 2
GDHM_SURVEY_COUNTRYRESPONSE_SCORE,2023,372,GDHM_CAT2_STRAT_INV,GDHM_Q05,2.0,Phase 2
GDHM_SURVEY_COUNTRYRESPONSE_SCORE,2023,372,GDHM_CAT2_STRAT_INV,GDHM_Q05a,1.0,Phase 1
GDHM_SURVEY_COUNTRYRESPONSE_SCORE,2023,372,GDHM_CAT2_STRAT_INV,GDHM_Q06,1.0,Phase 1
GDHM_SURVEY_COUNTRYRESPONSE_SCORE,2023,372,GDHM_CAT2_STRAT_INV,GDHM_Q06a,2.0,Phase 2
GDHM_SURVEY_CATEGORY_AVG,2023,372,GDHM_CAT2_STRAT_INV,,2.0,Phase 2
GDHM_SURVEY_COUNTRYRESPONSE_SCORE,2023,372,GDHM_CAT3_LEG,GDHM_Q07,2.0,Phase 2
GDHM_SURVEY_COUNTRYRESPONSE_SCORE,2023,372,GDHM_CAT3_LEG,GDHM_Q08,1.0,Phase 1
GDHM_SURVEY_COUNTRYRESPONSE_SCORE,2023,372,GDHM_CAT3_LEG,GDHM_Q09,1.0,Phase 1
GDHM_SURVEY_COUNTRYRESPONSE_SCORE,2023,372,GDHM_CAT3_LEG,GDHM_Q09a,1.0,Phase 1
GDHM_SURVEY_COUNTRYRESPONSE_SCORE,2023,372,GDHM_CAT3_LEG,GDHM_Q10,3.0,Phase 3
GDHM_SURVEY_CATEGORY_AVG,2023,372,GDHM_CAT3_LEG,,2.0,Phase 2
GDHM_SURVEY_COUNTRYRESPONSE_SCORE,2023,372,GDHM_CAT4_WORKFORCE,GDHM_Q11,1.0,Phase 1
GDHM_SURVEY_COUNTRYRESPONSE_SCORE,2023,372,GDHM_CAT4_WORKFORCE,GDHM_Q12,2.0,Phase 2
GDHM_SURVEY_COUNTRYRESPONSE_SCORE,2023,372,GDHM_CAT4_WORKFORCE,GDHM_Q13,2.0,Phase 2
GDHM_SURVEY_COUNTRYRESPONSE_SCORE,2023,372,GDHM_CAT4_WORKFORCE,GDHM_Q14,1.0,Phase 1
GDHM_SURVEY_CATEGORY_AVG,2023,372,GDHM_CAT4_WORKFORCE,,2.0,Phase 2
GDHM_SURVEY_COUNTRYRESPONSE_SCORE,2023,372,GDHM_CAT5_STANDARDS,GDHM_Q15,1.0,Phase 1
GDHM_SURVEY_COUNTRYRESPONSE_SCORE,2023,372,GDHM_CAT5_STANDARDS,GDHM_Q16,2.0,Phase 2
GDHM_SURVEY_CATEGORY_AVG,2023,372,GDHM_CAT5_STANDARDS,,2.0,Phase 2
GDHM_SURVEY_COUNTRYRESPONSE_SCORE,2023,372,GDHM_CAT6_INFRASTRUCTURE,GDHM_Q17,4.0,Phase 4
GDHM_SURVEY_COUNTRYRESPONSE_SCORE,2023,372,GDHM_CAT6_INFRASTRUCTURE,GDHM_Q18,2.0,Phase 2
GDHM_SURVEY_CATEGORY_AVG,2023,372,GDHM_CAT6_INFRASTRUCTURE,,3.0,Phase 3
GDHM_SURVEY_COUNTRYRESPONSE_SCORE,2023,372,GDHM_CAT7_SERV_APP,GDHM_Q19,2.0,Phase 2
GDHM_SURVEY_COUNTRYRESPONSE_SCORE,2023,372,GDHM_CAT7_SERV_APP,GDHM_Q20,2.0,Phase 2
GDHM_SURVEY_COUNTRYRESPONSE_SCORE,2023,372,GDHM_CAT7_SERV_APP,GDHM_Q21,0.0,Not Available
GDHM_SURVEY_COUNTRYRESPONSE_SCORE,2023,372,GDHM_CAT7_SERV_APP,GDHM_Q21a,0.0,Not Available
GDHM_SURVEY_COUNTRYRESPONSE_SCORE,2023,372,GDHM_CAT7_SERV_APP,GDHM_Q21b,0.0,Not Available
GDHM_SURVEY_COUNTRYRESPONSE_SCORE,2023,372,GDHM_CAT7_SERV_APP,GDHM_Q21c,0.0,Not Available
GDHM_SURVEY_COUNTRYRESPONSE_SCORE,2023,372,GDHM_CAT7_SERV_APP,GDHM_Q22,0.0,Not Available
GDHM_SURVEY_COUNTRYRESPONSE_SCORE,2023,372,GDHM_CAT7_SERV_APP,GDHM_Q23,2.0,Phase 2
GDHM_SURVEY_CATEGORY_AVG,2023,372,GDHM_CAT7_SERV_APP,,2.0,Phase 2
GDHM_SURVEY_COUNTRYRESPONSE_SCORE,2023,466,GDHM_CAT1_LEAD_GOV,GDHM_Q02a,5.0,Phase 5
GDHM_SURVEY_COUNTRYRESPONSE_SCORE,2023,466,GDHM_CAT1_LEAD_GOV,GDHM_Q03,1.0,Phase 1
GDHM_SURVEY_COUNTRYRESPONSE_SCORE,2023,466,GDHM_CAT1_LEAD_GOV,GDHM_Q04,1.0,Phase 1
GDHM_SURVEY_COUNTRYRESPONSE_SCORE,2023,466,GDHM_CAT1_LEAD_GOV,GDHM_Q04a,1.0,Phase 1
GDHM_SURVEY_CATEGORY_AVG,2023,466,GDHM_CAT1_LEAD_GOV,,3.0,Phase 3
GDHM_SURVEY_COUNTRYRESPONSE_SCORE,2023,466,GDHM_CAT2_STRAT_INV,GDHM_Q05,0.0,Not Available
GDHM_SURVEY_COUNTRYRESPONSE_SCORE,2023,466,GDHM_CAT2_STRAT_INV,GDHM_Q05a,3.0,Phase 3
GDHM_SURVEY_COUNTRYRESPONSE_SCORE,2023,466,GDHM_CAT2_STRAT_INV,GDHM_Q06,5.0,Phase 5
GDHM_SURVEY_COUNTRYRESPONSE_SCORE,2023,466,GDHM_CAT2_STRAT_INV,GDHM_Q06a,2.0,Phase 2
GDHM_SURVEY_CATEGORY_AVG,2023,466,GDHM_CAT2_STRAT_INV,,5.0,Phase 5
GDHM_SURVEY_COUNTRYRESPONSE_SCORE,2023,466,GDHM_CAT3_LEG,GDHM_Q07,4.0,Phase 4
GDHM_SURVEY_COUNTRYRESPONSE_SCORE,2023,466,GDHM_CAT3_LEG,GDHM_Q08,4.0,Phase 4
GDHM_SURVEY_COUNTRYRESPONSE_SCORE,2023,466,GDHM_CAT3_LEG,GDHM_Q09,1.0,Phase 1
GDHM_SURVEY_COUNTRYRESPONSE_SCORE,2023,466,GDHM_CAT3_LEG,GDHM_Q09a,1.0,Phase 1
GDHM_SURVEY_COUNTRYRESPONSE_SCORE,2023,466,GDHM_CAT3_LEG,GDHM_Q10,1.0,Phase 1
GDHM_SURVEY_CATEGORY_AVG,2023,466,GDHM_CAT3_LEG,,3.0,Phase 3
GDHM_SURVEY_COUNTRYRESPONSE_SCORE,2023,466,GDHM_CAT4_WORKFORCE,GDHM_Q11,3.0,Phase 3
GDHM_SURVEY_COUNTRYRESPONSE_SCORE,2023,466,GDHM_CAT4_WORKFORCE,GDHM_Q12,3.0,Phase 3
GDHM_SURVEY_COUNTRYRESPONSE_SCORE,2023,466,GDHM_CAT4_WORKFORCE,GDHM_Q13,4.0,Phase 4
GDHM_SURVEY_COUNTRYRESPONSE_SCORE,2023,466,GDHM_CAT4_WORKFORCE,GDHM_Q14,1.0,Phase 1
GDHM_SURVEY_CATEGORY_AVG,2023,466,GDHM_CAT4_WORKFORCE,,3.0,Phase 3
GDHM_SURVEY_COUNTRYRESPONSE_SCORE,2023,466,GDHM_CAT5_STANDARDS,GDHM_Q15,2.0,Phase 2
GDHM_SURVEY_COUNTRYRESPONSE_SCORE,2023,466,GDHM_CAT5_STANDARDS,GDHM_Q16,1.0,Phase 1
GDHM_SURVEY_CATEGORY_AVG,2023,466,GDHM_CAT5_STANDARDS,,2.0,Phase 2
GDHM_SURVEY_COUNTRYRESPONSE_SCORE,2023,466,GDHM_CAT6_INFRASTRUCTURE,GDHM_Q17,3.0,Phase 3
GDHM_SURVEY_COUNTRYRESPONSE_SCORE,2023,466,GDHM_CAT6_INFRASTRUCTURE,GDHM_Q18,1.0,Phase 1
GDHM_SURVEY_CATEGORY_AVG,2023,466,GDHM_CAT6_INFRASTRUCTURE,,2.0,Phase 2
GDHM_SURVEY_COUNTRYRESPONSE_SCORE,2023,466,GDHM_CAT7_SERV_APP,GDHM_Q19,3.0,Phase 3
GDHM_SURVEY_COUNTRYRESPONSE_SCORE,2023,466,GDHM_CAT7_SERV_APP,GDHM_Q20,2.0,Phase 2
GDHM_SURVEY_COUNTRYRESPONSE_SCORE,2023,466,GDHM_CAT7_SERV_APP,GDHM_Q21,1.0,Phase 1
GDHM_SURVEY_COUNTRYRESPONSE_SCORE,2023,466,GDHM_CAT7_SERV_APP,GDHM_Q21a,1.0,Phase 1
GDHM_SURVEY_COUNTRYRESPONSE_SCORE,2023,466,GDHM_CAT7_SERV_APP,GDHM_Q21b,1.0,Phase 1
GDHM_SURVEY_COUNTRYRESPONSE_SCORE,2023,466,GDHM_CAT7_SERV_APP,GDHM_Q21c,1.0,Phase 1
GDHM_SURVEY_COUNTRYRESPONSE_SCORE,2023,466,GDHM_CAT7_SERV_APP,GDHM_Q22,2.0,Phase 2
GDHM_SURVEY_COUNTRYRESPONSE_SCORE,2023,466,GDHM_CAT7_SERV_APP,GDHM_Q23,3.0,Phase 3
GDHM_SURVEY_CATEGORY_AVG,2023,466,GDHM_CAT7_SERV_APP,,3.0,Phase 3
GDHM_SURVEY_COUNTRYRESPONSE_SCORE,2023,470,GDHM_CAT1_LEAD_GOV,GDHM_Q01,0.0,Not Available
GDHM_SURVEY_COUNTRYRESPONSE_SCORE,2023,470,GDHM_CAT1_LEAD_GOV,GDHM_Q02,0.0,Not Available
GDHM_SURVEY_COUNTRYRESPONSE_SCORE,2023,470,GDHM_CAT1_LEAD_GOV,GDHM_Q02a,0.0,Not Available
GDHM_SURVEY_COUNTRYRESPONSE_SCORE,2023,470,GDHM_CAT1_LEAD_GOV,GDHM_Q03,0.0,Not Available
GDHM_SURVEY_COUNTRYRESPONSE_SCORE,2023,470,GDHM_CAT1_LEAD_GOV,GDHM_Q04,4.0,Phase 4
GDHM_SURVEY_COUNTRYRESPONSE_SCORE,2023,470,GDHM_CAT1_LEAD_GOV,GDHM_Q04a,0.0,Not Available
GDHM_SURVEY_CATEGORY_AVG,2023,470,GDHM_CAT1_LEAD_GOV,,4.0,Phase 4
GDHM_SURVEY_COUNTRYRESPONSE_SCORE,2023,470,GDHM_CAT2_STRAT_INV,GDHM_Q05,0.0,Not Available
GDHM_SURVEY_COUNTRYRESPONSE_SCORE,2023,470,GDHM_CAT2_STRAT_INV,GDHM_Q05a,0.0,Not Available
GDHM_SURVEY_COUNTRYRESPONSE_SCORE,2023,470,GDHM_CAT2_STRAT_INV,GDHM_Q06,0.0,Not Available
GDHM_SURVEY_COUNTRYRESPONSE_SCORE,2023,470,GDHM_CAT2_STRAT_INV,GDHM_Q06a,4.0,Phase 4
GDHM_SURVEY_CATEGORY_AVG,2023,470,GDHM_CAT2_STRAT_INV,,1.0,Not Available
GDHM_SURVEY_COUNTRYRESPONSE_SCORE,2023,470,GDHM_CAT3_LEG,GDHM_Q07,5.0,Phase 5
GDHM_SURVEY_COUNTRYRESPONSE_SCORE,2023,470,GDHM_CAT3_LEG,GDHM_Q08,3.0,Phase 3
GDHM_SURVEY_COUNTRYRESPONSE_SCORE,2023,470,GDHM_CAT3_LEG,GDHM_Q09,4.0,Phase 4
GDHM_SURVEY_COUNTRYRESPONSE_SCORE,2023,470,GDHM_CAT3_LEG,GDHM_Q09a,0.0,Not Available
GDHM_SURVEY_COUNTRYRESPONSE_SCORE,2023,470,GDHM_CAT3_LEG,GDHM_Q10,0.0,Not Available
GDHM_SURVEY_CATEGORY_AVG,2023,470,GDHM_CAT3_LEG,,4.0,Phase 4
GDHM_SURVEY_COUNTRYRESPONSE_SCORE,2023,470,GDHM_CAT4_WORKFORCE,GDHM_Q11,0.0,Not Available
GDHM_SURVEY_COUNTRYRESPONSE_SCORE,2023,470,GDHM_CAT4_WORKFORCE,GDHM_Q12,0.0,Not Available
GDHM_SURVEY_COUNTRYRESPONSE_SCORE,2023,470,GDHM_CAT4_WORKFORCE,GDHM_Q13,0.0,Not Available
GDHM_SURVEY_COUNTRYRESPONSE_SCORE,2023,470,GDHM_CAT4_WORKFORCE,GDHM_Q14,0.0,Not Available
GDHM_SURVEY_CATEGORY_AVG,2023,470,GDHM_CAT4_WORKFORCE,,1.0,Not Available
GDHM_SURVEY_COUNTRYRESPONSE_SCORE,2023,470,GDHM_CAT5_STANDARDS,GDHM_Q15,0.0,Not Available
GDHM_SURVEY_COUNTRYRESPONSE_SCORE,2023,470,GDHM_CAT5_STANDARDS,GDHM_Q16,0.0,Not Available
GDHM_SURVEY_CATEGORY_AVG,2023,470,GDHM_CAT5_STANDARDS,,1.0,Not Available
GDHM_SURVEY_COUNTRYRESPONSE_SCORE,2023,470,GDHM_CAT6_INFRASTRUCTURE,GDHM_Q17,3.0,Phase 3
GDHM_SURVEY_COUNTRYRESPONSE_SCORE,2023,470,GDHM_CAT6_INFRASTRUCTURE,GDHM_Q18,4.0,Phase 4
GDHM_SURVEY_CATEGORY_AVG,2023,470,GDHM_CAT6_INFRASTRUCTURE,,4.0,Phase 4
GDHM_SURVEY_COUNTRYRESPONSE_SCORE,2023,470,GDHM_CAT7_SERV_APP,GDHM_Q19,0.0,Not Available
GDHM_SURVEY_COUNTRYRESPONSE_SCORE,2023,470,GDHM_CAT7_SERV_APP,GDHM_Q20,0.0,Not Available
GDHM_SURVEY_COUNTRYRESPONSE_SCORE,2023,470,GDHM_CAT7_SERV_APP,GDHM_Q21,0.0,Not Available
GDHM_SURVEY_COUNTRYRESPONSE_SCORE,2023,470,GDHM_CAT7_SERV_APP,GDHM_Q21a,0.0,Not Available
GDHM_SURVEY_COUNTRYRESPONSE_SCORE,2023,470,GDHM_CAT7_SERV_APP,GDHM_Q21b,0.0,Not Available
GDHM_SURVEY_COUNTRYRESPONSE_SCORE,2023,470,GDHM_CAT7_SERV_APP,GDHM_Q21c,0.0,Not Available
GDHM_SURVEY_COUNTRYRESPONSE_SCORE,2023,470,GDHM_CAT7_SERV_APP,GDHM_Q22,0.0,Not Available
GDHM_SURVEY_COUNTRYRESPONSE_SCORE,2023,470,GDHM_CAT7_SERV_APP,GDHM_Q23,0.0,Not Available
GDHM_SURVEY_CATEGORY_AVG,2023,470,GDHM_CAT7_SERV_APP,,1.0,Not Available
GDHM_SURVEY_COUNTRYRESPONSE_SCORE,2023,478,GDHM_CAT1_LEAD_GOV,GDHM_Q01,4.0,Phase 4
GDHM_SURVEY_COUNTRYRESPONSE_SCORE,2023,478,GDHM_CAT1_LEAD_GOV,GDHM_Q02,3.0,Phase 3
GDHM_SURVEY_COUNTRYRESPONSE_SCORE,2023,478,GDHM_CAT1_LEAD_GOV,GDHM_Q02a,0.0,Not Available
GDHM_SURVEY_COUNTRYRESPONSE_SCORE,2023,478,GDHM_CAT1_LEAD_GOV,GDHM_Q03,1.0,Phase 1
GDHM_SURVEY_COUNTRYRESPONSE_SCORE,2023,478,GDHM_CAT1_LEAD_GOV,GDHM_Q04,2.0,Phase 2
GDHM_SURVEY_COUNTRYRESPONSE_SCORE,2023,478,GDHM_CAT1_LEAD_GOV,GDHM_Q04a,3.0,Phase 3
GDHM_SURVEY_CATEGORY_AVG,2023,478,GDHM_CAT1_LEAD_GOV,,3.0,Phase 3
GDHM_SURVEY_COUNTRYRESPONSE_SCORE,2023,478,GDHM_CAT2_STRAT_INV,GDHM_Q05,0.0,Not Available
GDHM_SURVEY_COUNTRYRESPONSE_SCORE,2023,478,GDHM_CAT2_STRAT_INV,GDHM_Q05a,0.0,Not Available
GDHM_SURVEY_COUNTRYRESPONSE_SCORE,2023,478,GDHM_CAT2_STRAT_INV,GDHM_Q06,3.0,Phase 3
GDHM_SURVEY_COUNTRYRESPONSE_SCORE,2023,478,GDHM_CAT2_STRAT_INV,GDHM_Q06a,2.0,Phase 2
GDHM_SURVEY_CATEGORY_AVG,2023,478,GDHM_CAT2_STRAT_INV,,3.0,Phase 3
GDHM_SURVEY_COUNTRYRESPONSE_SCORE,2023,478,GDHM_CAT3_LEG,GDHM_Q07,5.0,Phase 5
GDHM_SURVEY_COUNTRYRESPONSE_SCORE,2023,478,GDHM_CAT3_LEG,GDHM_Q08,5.0,Phase 5
GDHM_SURVEY_COUNTRYRESPONSE_SCORE,2023,478,GDHM_CAT3_LEG,GDHM_Q09,0.0,Not Available
GDHM_SURVEY_COUNTRYRESPONSE_SCORE,2023,478,GDHM_CAT3_LEG,GDHM_Q09a,1.0,Phase 1
GDHM_SURVEY_COUNTRYRESPONSE_SCORE,2023,478,GDHM_CAT3_LEG,GDHM_Q10,1.0,Phase 1
GDHM_SURVEY_CATEGORY_AVG,2023,478,GDHM_CAT3_LEG,,4.0,Phase 4
GDHM_SURVEY_COUNTRYRESPONSE_SCORE,2023,478,GDHM_CAT4_WORKFORCE,GDHM_Q11,1.0,Phase 1
GDHM_SURVEY_COUNTRYRESPONSE_SCORE,2023,478,GDHM_CAT4_WORKFORCE,GDHM_Q12,1.0,Phase 1
GDHM_SURVEY_COUNTRYRESPONSE_SCORE,2023,478,GDHM_CAT4_WORKFORCE,GDHM_Q13,1.0,Phase 1
GDHM_SURVEY_COUNTRYRESPONSE_SCORE,2023,478,GDHM_CAT4_WORKFORCE,GDHM_Q14,1.0,Phase 1
GDHM_SURVEY_CATEGORY_AVG,2023,478,GDHM_CAT4_WORKFORCE,,1.0,Phase 1
GDHM_SURVEY_COUNTRYRESPONSE_SCORE,2023,478,GDHM_CAT5_STANDARDS,GDHM_Q15,0.0,Not Available
GDHM_SURVEY_COUNTRYRESPONSE_SCORE,2023,478,GDHM_CAT5_STANDARDS,GDHM_Q16,1.0,Phase 1
GDHM_SURVEY_CATEGORY_AVG,2023,478,GDHM_CAT5_STANDARDS,,1.0,Phase 1
GDHM_SURVEY_COUNTRYRESPONSE_SCORE,2023,478,GDHM_CAT6_INFRASTRUCTURE,GDHM_Q17,0.0,Not Available
GDHM_SURVEY_COUNTRYRESPONSE_SCORE,2023,478,GDHM_CAT6_INFRASTRUCTURE,GDHM_Q18,1.0,Phase 1
GDHM_SURVEY_CATEGORY_AVG,2023,478,GDHM_CAT6_INFRASTRUCTURE,,1.0,Phase 1
GDHM_SURVEY_COUNTRYRESPONSE_SCORE,2023,478,GDHM_CAT7_SERV_APP,GDHM_Q19,2.0,Phase 2
GDHM_SURVEY_COUNTRYRESPONSE_SCORE,2023,478,GDHM_CAT7_SERV_APP,GDHM_Q20,1.0,Phase 1
GDHM_SURVEY_COUNTRYRESPONSE_SCORE,2023,478,GDHM_CAT7_SERV_APP,GDHM_Q21,0.0,Not Available
GDHM_SURVEY_COUNTRYRESPONSE_SCORE,2023,478,GDHM_CAT7_SERV_APP,GDHM_Q21a,1.0,Phase 1
GDHM_SURVEY_COUNTRYRESPONSE_SCORE,2023,478,GDHM_CAT7_SERV_APP,GDHM_Q21b,1.0,Phase 1
GDHM_SURVEY_COUNTRYRESPONSE_SCORE,2023,478,GDHM_CAT7_SERV_APP,GDHM_Q21c,1.0,Phase 1
GDHM_SURVEY_COUNTRYRESPONSE_SCORE,2023,478,GDHM_CAT7_SERV_APP,GDHM_Q22,1.0,Phase 1
GDHM_SURVEY_COUNTRYRESPONSE_SCORE,2023,478,GDHM_CAT7_SERV_APP,GDHM_Q23,2.0,Phase 2
GDHM_SURVEY_CATEGORY_AVG,2023,478,GDHM_CAT7_SERV_APP,,2.0,Phase 2
GDHM_SURVEY_COUNTRYRESPONSE_SCORE,2023,480,GDHM_CAT1_LEAD_GOV,GDHM_Q01,0.0,Not Available
GDHM_SURVEY_COUNTRYRESPONSE_SCORE,2023,480,GDHM_CAT1_LEAD_GOV,GDHM_Q02,0.0,Not Available
GDHM_SURVEY_COUNTRYRESPONSE_SCORE,2023,480,GDHM_CAT1_LEAD_GOV,GDHM_Q02a,0.0,Not Available
GDHM_SURVEY_COUNTRYRESPONSE_SCORE,2023,480,GDHM_CAT1_LEAD_GOV,GDHM_Q03,0.0,Not Available
GDHM_SURVEY_COUNTRYRESPONSE_SCORE,2023,480,GDHM_CAT1_LEAD_GOV,GDHM_Q04,4.0,Phase 4
GDHM_SURVEY_COUNTRYRESPONSE_SCORE,2023,480,GDHM_CAT1_LEAD_GOV,GDHM_Q04a,0.0,Not Available
GDHM_SURVEY_CATEGORY_AVG,2023,480,GDHM_CAT1_LEAD_GOV,,4.0,Phase 4
GDHM_SURVEY_COUNTRYRESPONSE_SCORE,2023,480,GDHM_CAT2_STRAT_INV,GDHM_Q05,0.0,Not Available
GDHM_SURVEY_COUNTRYRESPONSE_SCORE,2023,480,GDHM_CAT2_STRAT_INV,GDHM_Q05a,0.0,Not Available
GDHM_SURVEY_COUNTRYRESPONSE_SCORE,2023,480,GDHM_CAT2_STRAT_INV,GDHM_Q06,0.0,Not Available
GDHM_SURVEY_COUNTRYRESPONSE_SCORE,2023,480,GDHM_CAT2_STRAT_INV,GDHM_Q06a,1.0,Phase 1
GDHM_SURVEY_CATEGORY_AVG,2023,480,GDHM_CAT2_STRAT_INV,,1.0,Not Available
GDHM_SURVEY_COUNTRYRESPONSE_SCORE,2023,480,GDHM_CAT3_LEG,GDHM_Q07,5.0,Phase 5
GDHM_SURVEY_COUNTRYRESPONSE_SCORE,2023,480,GDHM_CAT3_LEG,GDHM_Q08,3.0,Phase 3
GDHM_SURVEY_COUNTRYRESPONSE_SCORE,2023,480,GDHM_CAT3_LEG,GDHM_Q09,3.0,Phase 3
GDHM_SURVEY_COUNTRYRESPONSE_SCORE,2023,480,GDHM_CAT3_LEG,GDHM_Q09a,0.0,Not Available
GDHM_SURVEY_COUNTRYRESPONSE_SCORE,2023,480,GDHM_CAT3_LEG,GDHM_Q10,0.0,Not Available
GDHM_SURVEY_CATEGORY_AVG,2023,480,GDHM_CAT3_LEG,,4.0,Phase 4
GDHM_SURVEY_COUNTRYRESPONSE_SCORE,2023,480,GDHM_CAT4_WORKFORCE,GDHM_Q11,0.0,Not Available
GDHM_SURVEY_COUNTRYRESPONSE_SCORE,2023,480,GDHM_CAT4_WORKFORCE,GDHM_Q12,0.0,Not Available
GDHM_SURVEY_COUNTRYRESPONSE_SCORE,2023,480,GDHM_CAT4_WORKFORCE,GDHM_Q13,0.0,Not Available
GDHM_SURVEY_COUNTRYRESPONSE_SCORE,2023,480,GDHM_CAT4_WORKFORCE,GDHM_Q14,0.0,Not Available
GDHM_SURVEY_CATEGORY_AVG,2023,480,GDHM_CAT4_WORKFORCE,,1.0,Not Available
GDHM_SURVEY_COUNTRYRESPONSE_SCORE,2023,480,GDHM_CAT5_STANDARDS,GDHM_Q15,0.0,Not Available
GDHM_SURVEY_COUNTRYRESPONSE_SCORE,2023,480,GDHM_CAT5_STANDARDS,GDHM_Q16,0.0,Not Available
GDHM_SURVEY_CATEGORY_AVG,2023,480,GDHM_CAT5_STANDARDS,,1.0,Not Available
GDHM_SURVEY_COUNTRYRESPONSE_SCORE,2023,480,GDHM_CAT6_INFRASTRUCTURE,GDHM_Q17,3.0,Phase 3
GDHM_SURVEY_COUNTRYRESPONSE_SCORE,2023,480,GDHM_CAT6_INFRASTRUCTURE,GDHM_Q18,4.0,Phase 4
GDHM_SURVEY_CATEGORY_AVG,2023,480,GDHM_CAT6_INFRASTRUCTURE,,4.0,Phase 4
GDHM_SURVEY_COUNTRYRESPONSE_SCORE,2023,480,GDHM_CAT7_SERV_APP,GDHM_Q19,0.0,Not Available
GDHM_SURVEY_COUNTRYRESPONSE_SCORE,2023,480,GDHM_CAT7_SERV_APP,GDHM_Q20,0.0,Not Available
GDHM_SURVEY_COUNTRYRESPONSE_SCORE,2023,480,GDHM_CAT7_SERV_APP,GDHM_Q21,0.0,Not Available
GDHM_SURVEY_COUNTRYRESPONSE_SCORE,2023,480,GDHM_CAT7_SERV_APP,GDHM_Q21a,0.0,Not Available
GDHM_SURVEY_COUNTRYRESPONSE_SCORE,2023,480,GDHM_CAT7_SERV_APP,GDHM_Q21b,0.0,Not Available
GDHM_SURVEY_COUNTRYRESPONSE_SCORE,2023,480,GDHM_CAT7_SERV_APP,GDHM_Q21c,0.0,Not Available
GDHM_SURVEY_COUNTRYRESPONSE_SCORE,2023,480,GDHM_CAT7_SERV_APP,GDHM_Q22,0.0,Not Available
GDHM_SURVEY_COUNTRYRESPONSE_SCORE,2023,480,GDHM_CAT7_SERV_APP,GDHM_Q23,0.0,Not Available
GDHM_SURVEY_CATEGORY_AVG,2023,480,GDHM_CAT7_SERV_APP,,1.0,Not Available
GDHM_SURVEY_COUNTRYRESPONSE_SCORE,2023,484,GDHM_CAT1_LEAD_GOV,GDHM_Q01,0.0,Not Available
GDHM_SURVEY_COUNTRYRESPONSE_SCORE,2023,484,GDHM_CAT1_LEAD_GOV,GDHM_Q02,0.0,Not Available
GDHM_SURVEY_COUNTRYRESPONSE_SCORE,2023,484,GDHM_CAT1_LEAD_GOV,GDHM_Q02a,0.0,Not Available
GDHM_SURVEY_COUNTRYRESPONSE_SCORE,2023,484,GDHM_CAT1_LEAD_GOV,GDHM_Q03,0.0,Not Available
GDHM_SURVEY_COUNTRYRESPONSE_SCORE,2023,484,GDHM_CAT1_LEAD_GOV,GDHM_Q04,3.0,Phase 3
GDHM_SURVEY_COUNTRYRESPONSE_SCORE,2023,484,GDHM_CAT1_LEAD_GOV,GDHM_Q04a,0.0,Not Available
GDHM_SURVEY_CATEGORY_AVG,2023,484,GDHM_CAT1_LEAD_GOV,,3.0,Phase 3
GDHM_SURVEY_COUNTRYRESPONSE_SCORE,2023,484,GDHM_CAT2_STRAT_INV,GDHM_Q05,0.0,Not Available
GDHM_SURVEY_COUNTRYRESPONSE_SCORE,2023,484,GDHM_CAT2_STRAT_INV,GDHM_Q05a,0.0,Not Available
GDHM_SURVEY_COUNTRYRESPONSE_SCORE,2023,484,GDHM_CAT2_STRAT_INV,GDHM_Q06,0.0,Not Available
GDHM_SURVEY_COUNTRYRESPONSE_SCORE,2023,642,GDHM_CAT4_WORKFORCE,GDHM_Q13,0.0,Not Available
GDHM_SURVEY_COUNTRYRESPONSE_SCORE,2023,642,GDHM_CAT4_WORKFORCE,GDHM_Q14,0.0,Not Available
GDHM_SURVEY_CATEGORY_AVG,2023,642,GDHM_CAT4_WORKFORCE,,1.0,Not Available
GDHM_SURVEY_COUNTRYRESPONSE_SCORE,2023,642,GDHM_CAT5_STANDARDS,GDHM_Q15,0.0,Not Available
GDHM_SURVEY_COUNTRYRESPONSE_SCORE,2023,642,GDHM_CAT5_STANDARDS,GDHM_Q16,0.0,Not Available
GDHM_SURVEY_CATEGORY_AVG,2023,642,GDHM_CAT5_STANDARDS,,1.0,Not Available
GDHM_SURVEY_COUNTRYRESPONSE_SCORE,2023,642,GDHM_CAT6_INFRASTRUCTURE,GDHM_Q17,3.0,Phase 3
GDHM_SURVEY_COUNTRYRESPONSE_SCORE,2023,642,GDHM_CAT6_INFRASTRUCTURE,GDHM_Q18,4.0,Phase 4
GDHM_SURVEY_CATEGORY_AVG,2023,642,GDHM_CAT6_INFRASTRUCTURE,,4.0,Phase 4
GDHM_SURVEY_COUNTRYRESPONSE_SCORE,2023,642,GDHM_CAT7_SERV_APP,GDHM_Q19,0.0,Not Available
GDHM_SURVEY_COUNTRYRESPONSE_SCORE,2023,642,GDHM_CAT7_SERV_APP,GDHM_Q20,0.0,Not Available
GDHM_SURVEY_COUNTRYRESPONSE_SCORE,2023,642,GDHM_CAT7_SERV_APP,GDHM_Q21,0.0,Not Available
GDHM_SURVEY_COUNTRYRESPONSE_SCORE,2023,642,GDHM_CAT7_SERV_APP,GDHM_Q21a,0.0,Not Available
GDHM_SURVEY_COUNTRYRESPONSE_SCORE,2023,642,GDHM_CAT7_SERV_APP,GDHM_Q21b,0.0,Not Available
GDHM_SURVEY_COUNTRYRESPONSE_SCORE,2023,642,GDHM_CAT7_SERV_APP,GDHM_Q21c,0.0,Not Available
GDHM_SURVEY_COUNTRYRESPONSE_SCORE,2023,642,GDHM_CAT7_SERV_APP,GDHM_Q22,0.0,Not Available
GDHM_SURVEY_COUNTRYRESPONSE_SCORE,2023,642,GDHM_CAT7_SERV_APP,GDHM_Q23,0.0,Not Available
GDHM_SURVEY_CATEGORY_AVG,2023,642,GDHM_CAT7_SERV_APP,,1.0,Not Available
GDHM_SURVEY_COUNTRYRESPONSE_SCORE,2023,643,GDHM_CAT1_LEAD_GOV,GDHM_Q01,0.0,Not Available
GDHM_SURVEY_COUNTRYRESPONSE_SCORE,2023,643,GDHM_CAT1_LEAD_GOV,GDHM_Q02,0.0,Not Available
GDHM_SURVEY_COUNTRYRESPONSE_SCORE,2023,643,GDHM_CAT1_LEAD_GOV,GDHM_Q02a,0.0,Not Available
GDHM_SURVEY_COUNTRYRESPONSE_SCORE,2023,643,GDHM_CAT1_LEAD_GOV,GDHM_Q03,0.0,Not Available
GDHM_SURVEY_COUNTRYRESPONSE_SCORE,2023,643,GDHM_CAT1_LEAD_GOV,GDHM_Q04,4.0,Phase 4
GDHM_SURVEY_COUNTRYRESPONSE_SCORE,2023,643,GDHM_CAT1_LEAD_GOV,GDHM_Q04a,0.0,Not Available
GDHM_SURVEY_CATEGORY_AVG,2023,643,GDHM_CAT1_LEAD_GOV,,4.0,Phase 4
GDHM_SURVEY_COUNTRYRESPONSE_SCORE,2023,643,GDHM_CAT2_STRAT_INV,GDHM_Q05,0.0,Not Available
GDHM_SURVEY_COUNTRYRESPONSE_SCORE,2023,643,GDHM_CAT2_STRAT_INV,GDHM_Q05a,0.0,Not Available
GDHM_SURVEY_COUNTRYRESPONSE_SCORE,2023,643,GDHM_CAT2_STRAT_INV,GDHM_Q06,0.0,Not Available
GDHM_SURVEY_COUNTRYRESPONSE_SCORE,2023,643,GDHM_CAT2_STRAT_INV,GDHM_Q06a,3.0,Phase 3
GDHM_SURVEY_CATEGORY_AVG,2023,643,GDHM_CAT2_STRAT_INV,,1.0,Not Available
GDHM_SURVEY_COUNTRYRESPONSE_SCORE,2023,643,GDHM_CAT3_LEG,GDHM_Q07,5.0,Phase 5
GDHM_SURVEY_COUNTRYRESPONSE_SCORE,2023,643,GDHM_CAT3_LEG,GDHM_Q08,2.0,Phase 2
GDHM_SURVEY_COUNTRYRESPONSE_SCORE,2023,643,GDHM_CAT3_LEG,GDHM_Q09,3.0,Phase 3
GDHM_SURVEY_COUNTRYRESPONSE_SCORE,2023,643,GDHM_CAT3_LEG,GDHM_Q09a,0.0,Not Available
GDHM_SURVEY_COUNTRYRESPONSE_SCORE,2023,643,GDHM_CAT3_LEG,GDHM_Q10,0.0,Not Available
GDHM_SURVEY_CATEGORY_AVG,2023,643,GDHM_CAT3_LEG,,4.0,Phase 4
GDHM_SURVEY_COUNTRYRESPONSE_SCORE,2023,643,GDHM_CAT4_WORKFORCE,GDHM_Q11,0.0,Not Available
GDHM_SURVEY_COUNTRYRESPONSE_SCORE,2023,643,GDHM_CAT4_WORKFORCE,GDHM_Q12,0.0,Not Available
GDHM_SURVEY_COUNTRYRESPONSE_SCORE,2023,643,GDHM_CAT4_WORKFORCE,GDHM_Q13,0.0,Not Available
GDHM_SURVEY_COUNTRYRESPONSE_SCORE,2023,643,GDHM_CAT4_WORKFORCE,GDHM_Q14,0.0,Not Available
GDHM_SURVEY_CATEGORY_AVG,2023,643,GDHM_CAT4_WORKFORCE,,1.0,Not Available
GDHM_SURVEY_COUNTRYRESPONSE_SCORE,2023,643,GDHM_CAT5_STANDARDS,GDHM_Q15,0.0,Not Available
GDHM_SURVEY_COUNTRYRESPONSE_SCORE,2023,643,GDHM_CAT5_STANDARDS,GDHM_Q16,0.0,Not Available
GDHM_SURVEY_CATEGORY_AVG,2023,643,GDHM_CAT5_STANDARDS,,1.0,Not Available
GDHM_SURVEY_COUNTRYRESPONSE_SCORE,2023,643,GDHM_CAT6_INFRASTRUCTURE,GDHM_Q17,3.0,Phase 3
GDHM_SURVEY_COUNTRYRESPONSE_SCORE,2023,643,GDHM_CAT6_INFRASTRUCTURE,GDHM_Q18,4.0,Phase 4
GDHM_SURVEY_CATEGORY_AVG,2023,643,GDHM_CAT6_INFRASTRUCTURE,,4.0,Phase 4
GDHM_SURVEY_COUNTRYRESPONSE_SCORE,2023,643,GDHM_CAT7_SERV_APP,GDHM_Q19,0.0,Not Available
GDHM_SURVEY_COUNTRYRESPONSE_SCORE,2023,643,GDHM_CAT7_SERV_APP,GDHM_Q20,0.0,Not Available
GDHM_SURVEY_COUNTRYRESPONSE_SCORE,2023,643,GDHM_CAT7_SERV_APP,GDHM_Q21,0.0,Not Available
GDHM_SURVEY_COUNTRYRESPONSE_SCORE,2023,643,GDHM_CAT7_SERV_APP,GDHM_Q21a,0.0,Not Available
GDHM_SURVEY_COUNTRYRESPONSE_SCORE,2023,643,GDHM_CAT7_SERV_APP,GDHM_Q21b,0.0,Not Available
GDHM_SURVEY_COUNTRYRESPONSE_SCORE,2023,643,GDHM_CAT7_SERV_APP,GDHM_Q21c,0.0,Not Available
GDHM_SURVEY_COUNTRYRESPONSE_SCORE,2023,643,GDHM_CAT7_SERV_APP,GDHM_Q22,0.0,Not Available
GDHM_SURVEY_COUNTRYRESPONSE_SCORE,2023,643,GDHM_CAT7_SERV_APP,GDHM_Q23,0.0,Not Available
GDHM_SURVEY_CATEGORY_AVG,2023,643,GDHM_CAT7_SERV_APP,,1.0,Not Available
GDHM_SURVEY_COUNTRYRESPONSE_SCORE,2023,646,GDHM_CAT1_LEAD_GOV,GDHM_Q01,4.0,Phase 4
GDHM_SURVEY_COUNTRYRESPONSE_SCORE,2023,646,GDHM_CAT1_LEAD_GOV,GDHM_Q02,4.0,Phase 4
GDHM_SURVEY_COUNTRYRESPONSE_SCORE,2023,646,GDHM_CAT1_LEAD_GOV,GDHM_Q02a,4.0,Phase 4
GDHM_SURVEY_COUNTRYRESPONSE_SCORE,2023,646,GDHM_CAT1_LEAD_GOV,GDHM_Q03,2.0,Phase 2
GDHM_SURVEY_COUNTRYRESPONSE_SCORE,2023,646,GDHM_CAT1_LEAD_GOV,GDHM_Q04,1.0,Phase 1
GDHM_SURVEY_COUNTRYRESPONSE_SCORE,2023,646,GDHM_CAT1_LEAD_GOV,GDHM_Q04a,1.0,Phase 1
GDHM_SURVEY_CATEGORY_AVG,2023,646,GDHM_CAT1_LEAD_GOV,,3.0,Phase 3
GDHM_SURVEY_COUNTRYRESPONSE_SCORE,2023,646,GDHM_CAT2_STRAT_INV,GDHM_Q05,4.0,Phase 4
GDHM_SURVEY_COUNTRYRESPONSE_SCORE,2023,646,GDHM_CAT2_STRAT_INV,GDHM_Q05a,3.0,Phase 3
GDHM_SURVEY_COUNTRYRESPONSE_SCORE,2023,646,GDHM_CAT2_STRAT_INV,GDHM_Q06,3.0,Phase 3
GDHM_SURVEY_COUNTRYRESPONSE_SCORE,2023,646,GDHM_CAT2_STRAT_INV,GDHM_Q06a,2.0,Phase 2
GDHM_SURVEY_CATEGORY_AVG,2023,646,GDHM_CAT2_STRAT_INV,,4.0,Phase 4
GDHM_SURVEY_COUNTRYRESPONSE_SCORE,2023,646,GDHM_CAT3_LEG,GDHM_Q07,3.0,Phase 3
GDHM_SURVEY_COUNTRYRESPONSE_SCORE,2023,646,GDHM_CAT3_LEG,GDHM_Q08,3.0,Phase 3
GDHM_SURVEY_COUNTRYRESPONSE_SCORE,2023,646,GDHM_CAT3_LEG,GDHM_Q09,1.0,Phase 1
GDHM_SURVEY_COUNTRYRESPONSE_SCORE,2023,646,GDHM_CAT3_LEG,GDHM_Q09a,2.0,Phase 2
GDHM_SURVEY_COUNTRYRESPONSE_SCORE,2023,646,GDHM_CAT3_LEG,GDHM_Q10,2.0,Phase 2
GDHM_SURVEY_CATEGORY_AVG,2023,646,GDHM_CAT3_LEG,,3.0,Phase 3
GDHM_SURVEY_COUNTRYRESPONSE_SCORE,2023,646,GDHM_CAT4_WORKFORCE,GDHM_Q11,1.0,Phase 1
GDHM_SURVEY_COUNTRYRESPONSE_SCORE,2023,646,GDHM_CAT4_WORKFORCE,GDHM_Q12,3.0,Phase 3
GDHM_SURVEY_COUNTRYRESPONSE_SCORE,2023,646,GDHM_CAT4_WORKFORCE,GDHM_Q13,4.0,Phase 4
GDHM_SURVEY_COUNTRYRESPONSE_SCORE,2023,646,GDHM_CAT4_WORKFORCE,GDHM_Q14,1.0,Phase 1
GDHM_SURVEY_CATEGORY_AVG,2023,646,GDHM_CAT4_WORKFORCE,,3.0,Phase 3
GDHM_SURVEY_COUNTRYRESPONSE_SCORE,2023,646,GDHM_CAT5_STANDARDS,GDHM_Q15,3.0,Phase 3
GDHM_SURVEY_COUNTRYRESPONSE_SCORE,2023,646,GDHM_CAT5_STANDARDS,GDHM_Q16,2.0,Phase 2
GDHM_SURVEY_CATEGORY_AVG,2023,646,GDHM_CAT5_STANDARDS,,3.0,Phase 3
GDHM_SURVEY_COUNTRYRESPONSE_SCORE,2023,646,GDHM_CAT6_INFRASTRUCTURE,GDHM_Q17,3.0,Phase 3
GDHM_SURVEY_COUNTRYRESPONSE_SCORE,2023,646,GDHM_CAT6_INFRASTRUCTURE,GDHM_Q18,1.0,Phase 1
GDHM_SURVEY_CATEGORY_AVG,2023,646,GDHM_CAT6_INFRASTRUCTURE,,2.0,Phase 2
GDHM_SURVEY_COUNTRYRESPONSE_SCORE,2023,646,GDHM_CAT7_SERV_APP,GDHM_Q19,3.0,Phase 3
GDHM_SURVEY_COUNTRYRESPONSE_SCORE,2023,646,GDHM_CAT7_SERV_APP,GDHM_Q20,2.0,Phase 2
GDHM_SURVEY_COUNTRYRESPONSE_SCORE,2023,646,GDHM_CAT7_SERV_APP,GDHM_Q21,2.0,Phase 2
GDHM_SURVEY_COUNTRYRESPONSE_SCORE,2023,646,GDHM_CAT7_SERV_APP,GDHM_Q21a,1.0,Phase 1
GDHM_SURVEY_COUNTRYRESPONSE_SCORE,2023,646,GDHM_CAT7_SERV_APP,GDHM_Q21b,5.0,Phase 5
GDHM_SURVEY_COUNTRYRESPONSE_SCORE,2023,646,GDHM_CAT7_SERV_APP,GDHM_Q21c,5.0,Phase 5
GDHM_SURVEY_COUNTRYRESPONSE_SCORE,2023,646,GDHM_CAT7_SERV_APP,GDHM_Q22,1.0,Phase 1
GDHM_SURVEY_COUNTRYRESPONSE_SCORE,2023,646,GDHM_CAT7_SERV_APP,GDHM_Q23,4.0,Phase 4
GDHM_SURVEY_CATEGORY_AVG,2023,646,GDHM_CAT7_SERV_APP,,3.0,Phase 3
GDHM_SURVEY_COUNTRYRESPONSE_SCORE,2023,662,GDHM_CAT1_LEAD_GOV,GDHM_Q01,0.0,Not Available
GDHM_SURVEY_COUNTRYRESPONSE_SCORE,2023,662,GDHM_CAT1_LEAD_GOV,GDHM_Q02,0.0,Not Available
GDHM_SURVEY_COUNTRYRESPONSE_SCORE,2023,662,GDHM_CAT1_LEAD_GOV,GDHM_Q02a,0.0,Not Available
GDHM_SURVEY_COUNTRYRESPONSE_SCORE,2023,662,GDHM_CAT1_LEAD_GOV,GDHM_Q03,0.0,Not Available
GDHM_SURVEY_COUNTRYRESPONSE_SCORE,2023,662,GDHM_CAT1_LEAD_GOV,GDHM_Q04,0.0,Not Available
GDHM_SURVEY_COUNTRYRESPONSE_SCORE,2023,662,GDHM_CAT1_LEAD_GOV,GDHM_Q04a,0.0,Not Available
GDHM_SURVEY_CATEGORY_AVG,2023,662,GDHM_CAT1_LEAD_GOV,,1.0,Not Available
GDHM_SURVEY_COUNTRYRESPONSE_SCORE,2023,662,GDHM_CAT2_STRAT_INV,GDHM_Q05,0.0,Not Available
GDHM_SURVEY_COUNTRYRESPONSE_SCORE,2023,662,GDHM_CAT2_STRAT_INV,GDHM_Q05a,0.0,Not Available
GDHM_SURVEY_COUNTRYRESPONSE_SCORE,2023,662,GDHM_CAT2_STRAT_INV,GDHM_Q06,0.0,Not Available
GDHM_SURVEY_COUNTRYRESPONSE_SCORE,2023,662,GDHM_CAT2_STRAT_INV,GDHM_Q06a,0.0,Not Available
GDHM_SURVEY_CATEGORY_AVG,2023,662,GDHM_CAT2_STRAT_INV,,1.0,Not Available
GDHM_SURVEY_COUNTRYRESPONSE_SCORE,2023,662,GDHM_CAT3_LEG,GDHM_Q07,1.0,Phase 1
GDHM_SURVEY_COUNTRYRESPONSE_SCORE,2023,662,GDHM_CAT3_LEG,GDHM_Q08,0.0,Not Available
GDHM_SURVEY_COUNTRYRESPONSE_SCORE,2023,662,GDHM_CAT3_LEG,GDHM_Q09,0.0,Not Available
GDHM_SURVEY_COUNTRYRESPONSE_SCORE,2023,662,GDHM_CAT3_LEG,GDHM_Q09a,0.0,Not Available
GDHM_SURVEY_COUNTRYRESPONSE_SCORE,2023,662,GDHM_CAT3_LEG,GDHM_Q10,0.0,Not Available
GDHM_SURVEY_CATEGORY_AVG,2023,662,GDHM_CAT3_LEG,,1.0,Phase 1
GDHM_SURVEY_COUNTRYRESPONSE_SCORE,2023,662,GDHM_CAT4_WORKFORCE,GDHM_Q11,0.0,Not Available
GDHM_SURVEY_COUNTRYRESPONSE_SCORE,2023,662,GDHM_CAT4_WORKFORCE,GDHM_Q12,0.0,Not Available
GDHM_SURVEY_COUNTRYRESPONSE_SCORE,2023,662,GDHM_CAT4_WORKFORCE,GDHM_Q13,0.0,Not Available
GDHM_SURVEY_COUNTRYRESPONSE_SCORE,2023,662,GDHM_CAT4_WORKFORCE,GDHM_Q14,0.0,Not Available
GDHM_SURVEY_CATEGORY_AVG,2023,662,GDHM_CAT4_WORKFORCE,,1.0,Not Available
GDHM_SURVEY_COUNTRYRESPONSE_SCORE,2023,662,GDHM_CAT5_STANDARDS,GDHM_Q15,0.0,Not Available
GDHM_SURVEY_COUNTRYRESPONSE_SCORE,2023,662,GDHM_CAT5_STANDARDS,GDHM_Q16,0.0,Not Available
GDHM_SURVEY_CATEGORY_AVG,2023,662,GDHM_CAT5_STANDARDS,,1.0,Not Available
GDHM_SURVEY_COUNTRYRESPONSE_SCORE,2023,662,GDHM_CAT6_INFRASTRUCTURE,GDHM_Q17,0.0,Not Available
GDHM_SURVEY_COUNTRYRESPONSE_SCORE,2023,662,GDHM_CAT6_INFRASTRUCTURE,GDHM_Q18,3.0,Phase 3
GDHM_SURVEY_CATEGORY_AVG,2023,662,GDHM_CAT6_INFRASTRUCTURE,,3.0,Phase 3
GDHM_SURVEY_COUNTRYRESPONSE_SCORE,2023,662,GDHM_CAT7_SERV_APP,GDHM_Q19,0.0,Not Available
GDHM_SURVEY_COUNTRYRESPONSE_SCORE,2023,662,GDHM_CAT7_SERV_APP,GDHM_Q20,0.0,Not Available
GDHM_SURVEY_COUNTRYRESPONSE_SCORE,2023,662,GDHM_CAT7_SERV_APP,GDHM_Q21,0.0,Not Available
GDHM_SURVEY_COUNTRYRESPONSE_SCORE,2023,662,GDHM_CAT7_SERV_APP,GDHM_Q21a,0.0,Not Available
GDHM_SURVEY_COUNTRYRESPONSE_SCORE,2023,662,GDHM_CAT7_SERV_APP,GDHM_Q21b,0.0,Not Available
GDHM_SURVEY_COUNTRYRESPONSE_SCORE,2023,662,GDHM_CAT7_SERV_APP,GDHM_Q21c,0.0,Not Available
GDHM_SURVEY_COUNTRYRESPONSE_SCORE,2023,662,GDHM_CAT7_SERV_APP,GDHM_Q22,0.0,Not Available
GDHM_SURVEY_COUNTRYRESPONSE_SCORE,2023,662,GDHM_CAT7_SERV_APP,GDHM_Q23,0.0,Not Available
GDHM_SURVEY_CATEGORY_AVG,2023,662,GDHM_CAT7_SERV_APP,,1.0,Not Available
GDHM_SURVEY_COUNTRYRESPONSE_SCORE,2023,670,GDHM_CAT1_LEAD_GOV,GDHM_Q01,0.0,Not Available
GDHM_SURVEY_COUNTRYRESPONSE_SCORE,2023,670,GDHM_CAT1_LEAD_GOV,GDHM_Q02,0.0,Not Available
GDHM_SURVEY_COUNTRYRESPONSE_SCORE,2023,670,GDHM_CAT1_LEAD_GOV,GDHM_Q02a,0.0,Not Available
GDHM_SURVEY_COUNTRYRESPONSE_SCORE,2023,670,GDHM_CAT1_LEAD_GOV,GDHM_Q03,0.0,Not Available
GDHM_SURVEY_COUNTRYRESPONSE_SCORE,2023,670,GDHM_CAT1_LEAD_GOV,GDHM_Q04,0.0,Not Available
GDHM_SURVEY_COUNTRYRESPONSE_SCORE,2023,670,GDHM_CAT1_LEAD_GOV,GDHM_Q04a,0.0,Not Available
GDHM_SURVEY_CATEGORY_AVG,2023,670,GDHM_CAT1_LEAD_GOV,,1.0,Not Available
GDHM_SURVEY_COUNTRYRESPONSE_SCORE,2023,670,GDHM_CAT2_STRAT_INV,GDHM_Q05,0.0,Not Available
GDHM_SURVEY_COUNTRYRESPONSE_SCORE,2023,670,GDHM_CAT2_STRAT_INV,GDHM_Q05a,0.0,Not Available
GDHM_SURVEY_COUNTRYRESPONSE_SCORE,2023,670,GDHM_CAT2_STRAT_INV,GDHM_Q06,0.0,Not Available
GDHM_SURVEY_COUNTRYRESPONSE_SCORE,2023,670,GDHM_CAT2_STRAT_INV,GDHM_Q06a,0.0,Not Available
GDHM_SURVEY_CATEGORY_AVG,2023,670,GDHM_CAT2_STRAT_INV,,1.0,Not Available
GDHM_SURVEY_COUNTRYRESPONSE_SCORE,2023,670,GDHM_CAT3_LEG,GDHM_Q07,1.0,Phase 1
GDHM_SURVEY_COUNTRYRESPONSE_SCORE,2023,670,GDHM_CAT3_LEG,GDHM_Q08,0.0,Not Available
GDHM_SURVEY_COUNTRYRESPONSE_SCORE,2023,670,GDHM_CAT3_LEG,GDHM_Q09,0.0,Not Available
GDHM_SURVEY_COUNTRYRESPONSE_SCORE,2023,670,GDHM_CAT3_LEG,GDHM_Q09a,0.0,Not Available
GDHM_SURVEY_COUNTRYRESPONSE_SCORE,2023,670,GDHM_CAT3_LEG,GDHM_Q10,0.0,Not Available
GDHM_SURVEY_CATEGORY_AVG,2023,670,GDHM_CAT3_LEG,,1.0,Phase 1
GDHM_SURVEY_COUNTRYRESPONSE_SCORE,2023,670,GDHM_CAT4_WORKFORCE,GDHM_Q11,0.0,Not Available
GDHM_SURVEY_COUNTRYRESPONSE_SCORE,2023,670,GDHM_CAT4_WORKFORCE,GDHM_Q12,0.0,Not Available
GDHM_SURVEY_COUNTRYRESPONSE_SCORE,2023,670,GDHM_CAT4_WORKFORCE,GDHM_Q13,0.0,Not Available
GDHM_SURVEY_COUNTRYRESPONSE_SCORE,2023,670,GDHM_CAT4_WORKFORCE,GDHM_Q14,0.0,Not Available
GDHM_SURVEY_CATEGORY_AVG,2023,670,GDHM_CAT4_WORKFORCE,,1.0,Not Available
GDHM_SURVEY_COUNTRYRESPONSE_SCORE,2023,670,GDHM_CAT5_STANDARDS,GDHM_Q15,0.0,Not Available
GDHM_SURVEY_COUNTRYRESPONSE_SCORE,2023,670,GDHM_CAT5_STANDARDS,GDHM_Q16,0.0,Not Available
GDHM_SURVEY_CATEGORY_AVG,2023,670,GDHM_CAT5_STANDARDS,,1.0,Not Available
GDHM_SURVEY_COUNTRYRESPONSE_SCORE,2023,670,GDHM_CAT6_INFRASTRUCTURE,GDHM_Q17,0.0,Not Available
GDHM_SURVEY_COUNTRYRESPONSE_SCORE,2023,670,GDHM_CAT6_INFRASTRUCTURE,GDHM_Q18,4.0,Phase 4
GDHM_SURVEY_COUNTRYRESPONSE_SCORE,2023,764,GDHM_CAT7_SERV_APP,GDHM_Q20,4.0,Phase 4
GDHM_SURVEY_COUNTRYRESPONSE_SCORE,2023,764,GDHM_CAT7_SERV_APP,GDHM_Q21,5.0,Phase 5
GDHM_SURVEY_COUNTRYRESPONSE_SCORE,2023,764,GDHM_CAT7_SERV_APP,GDHM_Q21a,5.0,Phase 5
GDHM_SURVEY_COUNTRYRESPONSE_SCORE,2023,764,GDHM_CAT7_SERV_APP,GDHM_Q21b,5.0,Phase 5
GDHM_SURVEY_COUNTRYRESPONSE_SCORE,2023,764,GDHM_CAT7_SERV_APP,GDHM_Q21c,5.0,Phase 5
GDHM_SURVEY_COUNTRYRESPONSE_SCORE,2023,764,GDHM_CAT7_SERV_APP,GDHM_Q22,5.0,Phase 5
GDHM_SURVEY_COUNTRYRESPONSE_SCORE,2023,764,GDHM_CAT7_SERV_APP,GDHM_Q23,4.0,Phase 4
GDHM_SURVEY_CATEGORY_AVG,2023,764,GDHM_CAT7_SERV_APP,,5.0,Phase 5
GDHM_SURVEY_COUNTRYRESPONSE_SCORE,2023,626,GDHM_CAT1_LEAD_GOV,GDHM_Q01,0.0,Not Available
GDHM_SURVEY_COUNTRYRESPONSE_SCORE,2023,626,GDHM_CAT1_LEAD_GOV,GDHM_Q02,0.0,Not Available
GDHM_SURVEY_COUNTRYRESPONSE_SCORE,2023,626,GDHM_CAT1_LEAD_GOV,GDHM_Q02a,0.0,Not Available
GDHM_SURVEY_COUNTRYRESPONSE_SCORE,2023,626,GDHM_CAT1_LEAD_GOV,GDHM_Q03,0.0,Not Available
GDHM_SURVEY_COUNTRYRESPONSE_SCORE,2023,626,GDHM_CAT1_LEAD_GOV,GDHM_Q04,0.0,Not Available
GDHM_SURVEY_COUNTRYRESPONSE_SCORE,2023,626,GDHM_CAT1_LEAD_GOV,GDHM_Q04a,0.0,Not Available
GDHM_SURVEY_CATEGORY_AVG,2023,626,GDHM_CAT1_LEAD_GOV,,1.0,Not Available
GDHM_SURVEY_COUNTRYRESPONSE_SCORE,2023,626,GDHM_CAT2_STRAT_INV,GDHM_Q05,0.0,Not Available
GDHM_SURVEY_COUNTRYRESPONSE_SCORE,2023,626,GDHM_CAT2_STRAT_INV,GDHM_Q05a,0.0,Not Available
GDHM_SURVEY_COUNTRYRESPONSE_SCORE,2023,626,GDHM_CAT2_STRAT_INV,GDHM_Q06,0.0,Not Available
GDHM_SURVEY_COUNTRYRESPONSE_SCORE,2023,626,GDHM_CAT2_STRAT_INV,GDHM_Q06a,0.0,Not Available
GDHM_SURVEY_CATEGORY_AVG,2023,626,GDHM_CAT2_STRAT_INV,,1.0,Not Available
GDHM_SURVEY_COUNTRYRESPONSE_SCORE,2023,626,GDHM_CAT3_LEG,GDHM_Q07,1.0,Phase 1
GDHM_SURVEY_COUNTRYRESPONSE_SCORE,2023,626,GDHM_CAT3_LEG,GDHM_Q08,0.0,Not Available
GDHM_SURVEY_COUNTRYRESPONSE_SCORE,2023,626,GDHM_CAT3_LEG,GDHM_Q09,0.0,Not Available
GDHM_SURVEY_COUNTRYRESPONSE_SCORE,2023,626,GDHM_CAT3_LEG,GDHM_Q09a,0.0,Not Available
GDHM_SURVEY_COUNTRYRESPONSE_SCORE,2023,626,GDHM_CAT3_LEG,GDHM_Q10,0.0,Not Available
GDHM_SURVEY_CATEGORY_AVG,2023,626,GDHM_CAT3_LEG,,1.0,Phase 1
GDHM_SURVEY_COUNTRYRESPONSE_SCORE,2023,626,GDHM_CAT4_WORKFORCE,GDHM_Q11,0.0,Not Available
GDHM_SURVEY_COUNTRYRESPONSE_SCORE,2023,626,GDHM_CAT4_WORKFORCE,GDHM_Q12,0.0,Not Available
GDHM_SURVEY_COUNTRYRESPONSE_SCORE,2023,626,GDHM_CAT4_WORKFORCE,GDHM_Q13,0.0,Not Available
GDHM_SURVEY_COUNTRYRESPONSE_SCORE,2023,626,GDHM_CAT4_WORKFORCE,GDHM_Q14,0.0,Not Available
GDHM_SURVEY_CATEGORY_AVG,2023,626,GDHM_CAT4_WORKFORCE,,1.0,Not Available
GDHM_SURVEY_COUNTRYRESPONSE_SCORE,2023,626,GDHM_CAT5_STANDARDS,GDHM_Q15,0.0,Not Available
GDHM_SURVEY_COUNTRYRESPONSE_SCORE,2023,626,GDHM_CAT5_STANDARDS,GDHM_Q16,0.0,Not Available
GDHM_SURVEY_CATEGORY_AVG,2023,626,GDHM_CAT5_STANDARDS,,1.0,Not Available
GDHM_SURVEY_COUNTRYRESPONSE_SCORE,2023,626,GDHM_CAT6_INFRASTRUCTURE,GDHM_Q17,0.0,Not Available
GDHM_SURVEY_COUNTRYRESPONSE_SCORE,2023,626,GDHM_CAT6_INFRASTRUCTURE,GDHM_Q18,3.0,Phase 3
GDHM_SURVEY_CATEGORY_AVG,2023,626,GDHM_CAT6_INFRASTRUCTURE,,3.0,Phase 3
GDHM_SURVEY_COUNTRYRESPONSE_SCORE,2023,626,GDHM_CAT7_SERV_APP,GDHM_Q19,0.0,Not Available
GDHM_SURVEY_COUNTRYRESPONSE_SCORE,2023,626,GDHM_CAT7_SERV_APP,GDHM_Q20,0.0,Not Available
GDHM_SURVEY_COUNTRYRESPONSE_SCORE,2023,626,GDHM_CAT7_SERV_APP,GDHM_Q21,0.0,Not Available
GDHM_SURVEY_COUNTRYRESPONSE_SCORE,2023,626,GDHM_CAT7_SERV_APP,GDHM_Q21a,0.0,Not Available
GDHM_SURVEY_COUNTRYRESPONSE_SCORE,2023,626,GDHM_CAT7_SERV_APP,GDHM_Q21b,0.0,Not Available
GDHM_SURVEY_COUNTRYRESPONSE_SCORE,2023,626,GDHM_CAT7_SERV_APP,GDHM_Q21c,0.0,Not Available
GDHM_SURVEY_COUNTRYRESPONSE_SCORE,2023,626,GDHM_CAT7_SERV_APP,GDHM_Q22,0.0,Not Available
GDHM_SURVEY_COUNTRYRESPONSE_SCORE,2023,626,GDHM_CAT7_SERV_APP,GDHM_Q23,0.0,Not Available
GDHM_SURVEY_CATEGORY_AVG,2023,626,GDHM_CAT7_SERV_APP,,1.0,Not Available
GDHM_SURVEY_COUNTRYRESPONSE_SCORE,2023,768,GDHM_CAT1_LEAD_GOV,GDHM_Q01,2.0,Phase 2
GDHM_SURVEY_COUNTRYRESPONSE_SCORE,2023,768,GDHM_CAT1_LEAD_GOV,GDHM_Q02,1.0,Phase 1
GDHM_SURVEY_COUNTRYRESPONSE_SCORE,2023,768,GDHM_CAT1_LEAD_GOV,GDHM_Q02a,1.0,Phase 1
GDHM_SURVEY_COUNTRYRESPONSE_SCORE,2023,768,GDHM_CAT1_LEAD_GOV,GDHM_Q03,1.0,Phase 1
GDHM_SURVEY_COUNTRYRESPONSE_SCORE,2023,768,GDHM_CAT1_LEAD_GOV,GDHM_Q04,4.0,Phase 4
GDHM_SURVEY_COUNTRYRESPONSE_SCORE,2023,768,GDHM_CAT1_LEAD_GOV,GDHM_Q04a,4.0,Phase 4
GDHM_SURVEY_CATEGORY_AVG,2023,768,GDHM_CAT1_LEAD_GOV,,2.0,Phase 2
GDHM_SURVEY_COUNTRYRESPONSE_SCORE,2023,768,GDHM_CAT2_STRAT_INV,GDHM_Q05,0.0,Not Available
GDHM_SURVEY_COUNTRYRESPONSE_SCORE,2023,768,GDHM_CAT2_STRAT_INV,GDHM_Q05a,0.0,Not Available
GDHM_SURVEY_COUNTRYRESPONSE_SCORE,2023,768,GDHM_CAT2_STRAT_INV,GDHM_Q06,0.0,Not Available
GDHM_SURVEY_COUNTRYRESPONSE_SCORE,2023,768,GDHM_CAT2_STRAT_INV,GDHM_Q06a,1.0,Phase 1
GDHM_SURVEY_CATEGORY_AVG,2023,768,GDHM_CAT2_STRAT_INV,,1.0,Not Available
GDHM_SURVEY_COUNTRYRESPONSE_SCORE,2023,768,GDHM_CAT3_LEG,GDHM_Q07,4.0,Phase 4
GDHM_SURVEY_COUNTRYRESPONSE_SCORE,2023,768,GDHM_CAT3_LEG,GDHM_Q08,4.0,Phase 4
GDHM_SURVEY_COUNTRYRESPONSE_SCORE,2023,768,GDHM_CAT3_LEG,GDHM_Q09,1.0,Phase 1
GDHM_SURVEY_COUNTRYRESPONSE_SCORE,2023,768,GDHM_CAT3_LEG,GDHM_Q09a,1.0,Phase 1
GDHM_SURVEY_COUNTRYRESPONSE_SCORE,2023,768,GDHM_CAT3_LEG,GDHM_Q10,1.0,Phase 1
GDHM_SURVEY_CATEGORY_AVG,2023,768,GDHM_CAT3_LEG,,3.0,Phase 3
GDHM_SURVEY_COUNTRYRESPONSE_SCORE,2023,768,GDHM_CAT4_WORKFORCE,GDHM_Q11,1.0,Phase 1
GDHM_SURVEY_COUNTRYRESPONSE_SCORE,2023,768,GDHM_CAT4_WORKFORCE,GDHM_Q12,1.0,Phase 1
GDHM_SURVEY_COUNTRYRESPONSE_SCORE,2023,768,GDHM_CAT4_WORKFORCE,GDHM_Q13,1.0,Phase 1
GDHM_SURVEY_COUNTRYRESPONSE_SCORE,2023,768,GDHM_CAT4_WORKFORCE,GDHM_Q14,1.0,Phase 1
GDHM_SURVEY_CATEGORY_AVG,2023,768,GDHM_CAT4_WORKFORCE,,1.0,Phase 1
GDHM_SURVEY_COUNTRYRESPONSE_SCORE,2023,768,GDHM_CAT5_STANDARDS,GDHM_Q15,1.0,Phase 1
GDHM_SURVEY_COUNTRYRESPONSE_SCORE,2023,768,GDHM_CAT5_STANDARDS,GDHM_Q16,1.0,Phase 1
GDHM_SURVEY_CATEGORY_AVG,2023,768,GDHM_CAT5_STANDARDS,,1.0,Phase 1
GDHM_SURVEY_COUNTRYRESPONSE_SCORE,2023,768,GDHM_CAT6_INFRASTRUCTURE,GDHM_Q17,0.0,Not Available
GDHM_SURVEY_COUNTRYRESPONSE_SCORE,2023,768,GDHM_CAT6_INFRASTRUCTURE,GDHM_Q18,1.0,Phase 1
GDHM_SURVEY_CATEGORY_AVG,2023,768,GDHM_CAT6_INFRASTRUCTURE,,1.0,Phase 1
GDHM_SURVEY_COUNTRYRESPONSE_SCORE,2023,768,GDHM_CAT7_SERV_APP,GDHM_Q19,2.0,Phase 2
GDHM_SURVEY_COUNTRYRESPONSE_SCORE,2023,768,GDHM_CAT7_SERV_APP,GDHM_Q20,1.0,Phase 1
GDHM_SURVEY_COUNTRYRESPONSE_SCORE,2023,768,GDHM_CAT7_SERV_APP,GDHM_Q21,1.0,Phase 1
GDHM_SURVEY_COUNTRYRESPONSE_SCORE,2023,768,GDHM_CAT7_SERV_APP,GDHM_Q21a,1.0,Phase 1
GDHM_SURVEY_COUNTRYRESPONSE_SCORE,2023,768,GDHM_CAT7_SERV_APP,GDHM_Q21b,1.0,Phase 1
GDHM_SURVEY_COUNTRYRESPONSE_SCORE,2023,768,GDHM_CAT7_SERV_APP,GDHM_Q21c,1.0,Phase 1
GDHM_SURVEY_COUNTRYRESPONSE_SCORE,2023,768,GDHM_CAT7_SERV_APP,GDHM_Q22,1.0,Phase 1
GDHM_SURVEY_COUNTRYRESPONSE_SCORE,2023,768,GDHM_CAT7_SERV_APP,GDHM_Q23,2.0,Phase 2
GDHM_SURVEY_CATEGORY_AVG,2023,768,GDHM_CAT7_SERV_APP,,2.0,Phase 2
GDHM_SURVEY_COUNTRYRESPONSE_SCORE,2023,776,GDHM_CAT1_LEAD_GOV,GDHM_Q01,0.0,Not Available
GDHM_SURVEY_COUNTRYRESPONSE_SCORE,2023,776,GDHM_CAT1_LEAD_GOV,GDHM_Q02,0.0,Not Available
GDHM_SURVEY_COUNTRYRESPONSE_SCORE,2023,776,GDHM_CAT1_LEAD_GOV,GDHM_Q02a,0.0,Not Available
GDHM_SURVEY_COUNTRYRESPONSE_SCORE,2023,776,GDHM_CAT1_LEAD_GOV,GDHM_Q03,0.0,Not Available
GDHM_SURVEY_COUNTRYRESPONSE_SCORE,2023,776,GDHM_CAT1_LEAD_GOV,GDHM_Q04,0.0,Not Available
GDHM_SURVEY_COUNTRYRESPONSE_SCORE,2023,776,GDHM_CAT1_LEAD_GOV,GDHM_Q04a,0.0,Not Available
GDHM_SURVEY_CATEGORY_AVG,2023,776,GDHM_CAT1_LEAD_GOV,,1.0,Not Available
GDHM_SURVEY_COUNTRYRESPONSE_SCORE,2023,776,GDHM_CAT2_STRAT_INV,GDHM_Q05,0.0,Not Available
GDHM_SURVEY_COUNTRYRESPONSE_SCORE,2023,776,GDHM_CAT2_STRAT_INV,GDHM_Q05a,0.0,Not Available
GDHM_SURVEY_COUNTRYRESPONSE_SCORE,2023,776,GDHM_CAT2_STRAT_INV,GDHM_Q06,0.0,Not Available
GDHM_SURVEY_COUNTRYRESPONSE_SCORE,2023,776,GDHM_CAT2_STRAT_INV,GDHM_Q06a,0.0,Not Available
GDHM_SURVEY_CATEGORY_AVG,2023,776,GDHM_CAT2_STRAT_INV,,1.0,Not Available
GDHM_SURVEY_COUNTRYRESPONSE_SCORE,2023,776,GDHM_CAT3_LEG,GDHM_Q07,2.0,Phase 2
GDHM_SURVEY_COUNTRYRESPONSE_SCORE,2023,776,GDHM_CAT3_LEG,GDHM_Q08,0.0,Not Available
GDHM_SURVEY_COUNTRYRESPONSE_SCORE,2023,776,GDHM_CAT3_LEG,GDHM_Q09,0.0,Not Available
GDHM_SURVEY_COUNTRYRESPONSE_SCORE,2023,776,GDHM_CAT3_LEG,GDHM_Q09a,0.0,Not Available
GDHM_SURVEY_COUNTRYRESPONSE_SCORE,2023,776,GDHM_CAT3_LEG,GDHM_Q10,0.0,Not Available
GDHM_SURVEY_CATEGORY_AVG,2023,776,GDHM_CAT3_LEG,,2.0,Phase 2
GDHM_SURVEY_COUNTRYRESPONSE_SCORE,2023,776,GDHM_CAT4_WORKFORCE,GDHM_Q11,0.0,Not Available
GDHM_SURVEY_COUNTRYRESPONSE_SCORE,2023,776,GDHM_CAT4_WORKFORCE,GDHM_Q12,0.0,Not Available
GDHM_SURVEY_COUNTRYRESPONSE_SCORE,2023,776,GDHM_CAT4_WORKFORCE,GDHM_Q13,0.0,Not Available
GDHM_SURVEY_COUNTRYRESPONSE_SCORE,2023,776,GDHM_CAT4_WORKFORCE,GDHM_Q14,0.0,Not Available
GDHM_SURVEY_CATEGORY_AVG,2023,776,GDHM_CAT4_WORKFORCE,,1.0,Not Available
GDHM_SURVEY_COUNTRYRESPONSE_SCORE,2023,776,GDHM_CAT5_STANDARDS,GDHM_Q15,0.0,Not Available
GDHM_SURVEY_COUNTRYRESPONSE_SCORE,2023,776,GDHM_CAT5_STANDARDS,GDHM_Q16,0.0,Not Available
GDHM_SURVEY_CATEGORY_AVG,2023,776,GDHM_CAT5_STANDARDS,,1.0,Not Available
GDHM_SURVEY_COUNTRYRESPONSE_SCORE,2023,776,GDHM_CAT6_INFRASTRUCTURE,GDHM_Q17,0.0,Not Available
GDHM_SURVEY_COUNTRYRESPONSE_SCORE,2023,776,GDHM_CAT6_INFRASTRUCTURE,GDHM_Q18,3.0,Phase 3
GDHM_SURVEY_CATEGORY_AVG,2023,776,GDHM_CAT6_INFRASTRUCTURE,,3.0,Phase 3
GDHM_SURVEY_COUNTRYRESPONSE_SCORE,2023,776,GDHM_CAT7_SERV_APP,GDHM_Q19,0.0,Not Available
GDHM_SURVEY_COUNTRYRESPONSE_SCORE,2023,776,GDHM_CAT7_SERV_APP,GDHM_Q20,0.0,Not Available
GDHM_SURVEY_COUNTRYRESPONSE_SCORE,2023,776,GDHM_CAT7_SERV_APP,GDHM_Q21,0.0,Not Available
GDHM_SURVEY_COUNTRYRESPONSE_SCORE,2023,776,GDHM_CAT7_SERV_APP,GDHM_Q21a,0.0,Not Available
GDHM_SURVEY_COUNTRYRESPONSE_SCORE,2023,776,GDHM_CAT7_SERV_APP,GDHM_Q21b,0.0,Not Available
GDHM_SURVEY_COUNTRYRESPONSE_SCORE,2023,776,GDHM_CAT7_SERV_APP,GDHM_Q21c,0.0,Not Available
GDHM_SURVEY_COUNTRYRESPONSE_SCORE,2023,776,GDHM_CAT7_SERV_APP,GDHM_Q22,0.0,Not Available
GDHM_SURVEY_COUNTRYRESPONSE_SCORE,2023,776,GDHM_CAT7_SERV_APP,GDHM_Q23,0.0,Not Available
GDHM_SURVEY_CATEGORY_AVG,2023,776,GDHM_CAT7_SERV_APP,,1.0,Not Available
GDHM_SURVEY_COUNTRYRESPONSE_SCORE,2023,780,GDHM_CAT1_LEAD_GOV,GDHM_Q01,0.0,Not Available
GDHM_SURVEY_COUNTRYRESPONSE_SCORE,2023,780,GDHM_CAT1_LEAD_GOV,GDHM_Q02,0.0,Not Available
GDHM_SURVEY_COUNTRYRESPONSE_SCORE,2023,780,GDHM_CAT1_LEAD_GOV,GDHM_Q02a,0.0,Not Available
GDHM_SURVEY_COUNTRYRESPONSE_SCORE,2023,780,GDHM_CAT1_LEAD_GOV,GDHM_Q03,0.0,Not Available
GDHM_SURVEY_COUNTRYRESPONSE_SCORE,2023,780,GDHM_CAT1_LEAD_GOV,GDHM_Q04,4.0,Phase 4
GDHM_SURVEY_COUNTRYRESPONSE_SCORE,2023,780,GDHM_CAT1_LEAD_GOV,GDHM_Q04a,0.0,Not Available
GDHM_SURVEY_CATEGORY_AVG,2023,780,GDHM_CAT1_LEAD_GOV,,4.0,Phase 4
GDHM_SURVEY_COUNTRYRESPONSE_SCORE,2023,780,GDHM_CAT2_STRAT_INV,GDHM_Q05,0.0,Not Available
GDHM_SURVEY_COUNTRYRESPONSE_SCORE,2023,780,GDHM_CAT2_STRAT_INV,GDHM_Q05a,0.0,Not Available
GDHM_SURVEY_COUNTRYRESPONSE_SCORE,2023,780,GDHM_CAT2_STRAT_INV,GDHM_Q06,0.0,Not Available
GDHM_SURVEY_COUNTRYRESPONSE_SCORE,2023,780,GDHM_CAT2_STRAT_INV,GDHM_Q06a,2.0,Phase 2
GDHM_SURVEY_CATEGORY_AVG,2023,780,GDHM_CAT2_STRAT_INV,,1.0,Not Available
GDHM_SURVEY_COUNTRYRESPONSE_SCORE,2023,780,GDHM_CAT3_LEG,GDHM_Q07,2.0,Phase 2
GDHM_SURVEY_COUNTRYRESPONSE_SCORE,2023,780,GDHM_CAT3_LEG,GDHM_Q08,4.0,Phase 4
GDHM_SURVEY_COUNTRYRESPONSE_SCORE,2023,780,GDHM_CAT3_LEG,GDHM_Q09,1.0,Phase 1
GDHM_SURVEY_COUNTRYRESPONSE_SCORE,2023,780,GDHM_CAT3_LEG,GDHM_Q09a,0.0,Not Available
GDHM_SURVEY_COUNTRYRESPONSE_SCORE,2023,780,GDHM_CAT3_LEG,GDHM_Q10,0.0,Not Available
GDHM_SURVEY_CATEGORY_AVG,2023,780,GDHM_CAT3_LEG,,3.0,Phase 3
GDHM_SURVEY_COUNTRYRESPONSE_SCORE,2019,955,GDHM_CAT4_WORKFORCE,GDHM_Q13,2.0,Phase 2
GDHM_SURVEY_COUNTRYRESPONSE_SCORE,2019,955,GDHM_CAT4_WORKFORCE,GDHM_Q12,2.0,Phase 2
GDHM_SURVEY_COUNTRYRESPONSE_SCORE,2019,953,GDHM_CAT1_LEAD_GOV,GDHM_Q04a,2.0,Phase 2
GDHM_SURVEY_COUNTRYRESPONSE_SCORE,2019,955,GDHM_CAT4_WORKFORCE,GDHM_Q14,1.0,Phase 1
GDHM_SURVEY_COUNTRYRESPONSE_SCORE,2019,955,GDHM_CAT5_STANDARDS,GDHM_Q15,2.0,Phase 2
GDHM_SURVEY_COUNTRYRESPONSE_SCORE,2019,955,GDHM_CAT5_STANDARDS,GDHM_Q16,2.0,Phase 2
GDHM_SURVEY_COUNTRYRESPONSE_SCORE,2019,955,GDHM_CAT6_INFRASTRUCTURE,GDHM_Q17,2.0,Phase 2
GDHM_SURVEY_COUNTRYRESPONSE_SCORE,2019,955,GDHM_CAT6_INFRASTRUCTURE,GDHM_Q18,3.0,Phase 3
GDHM_SURVEY_COUNTRYRESPONSE_SCORE,2019,955,GDHM_CAT7_SERV_APP,GDHM_Q20,2.0,Phase 2
GDHM_SURVEY_COUNTRYRESPONSE_SCORE,2019,955,GDHM_CAT7_SERV_APP,GDHM_Q21,1.0,Phase 1
GDHM_SURVEY_COUNTRYRESPONSE_SCORE,2019,955,GDHM_CAT7_SERV_APP,GDHM_Q21a,1.0,Phase 1
GDHM_SURVEY_COUNTRYRESPONSE_SCORE,2019,955,GDHM_CAT7_SERV_APP,GDHM_Q19,2.0,Phase 2
GDHM_SURVEY_COUNTRYRESPONSE_SCORE,2019,955,GDHM_CAT7_SERV_APP,GDHM_Q21c,3.0,Phase 3
GDHM_SURVEY_COUNTRYRESPONSE_SCORE,2019,953,GDHM_CAT1_LEAD_GOV,GDHM_Q04,3.0,Phase 3
GDHM_SURVEY_COUNTRYRESPONSE_SCORE,2019,955,GDHM_CAT7_SERV_APP,GDHM_Q21b,3.0,Phase 3
GDHM_SURVEY_COUNTRYRESPONSE_SCORE,2019,953,GDHM_CAT1_LEAD_GOV,GDHM_Q02a,3.0,Phase 3
GDHM_SURVEY_COUNTRYRESPONSE_SCORE,2019,953,GDHM_CAT1_LEAD_GOV,GDHM_Q02,3.0,Phase 3
GDHM_SURVEY_COUNTRYRESPONSE_SCORE,2019,953,GDHM_CAT1_LEAD_GOV,GDHM_Q03,2.0,Phase 2
GDHM_SURVEY_COUNTRYRESPONSE_SCORE,2019,955,GDHM_CAT7_SERV_APP,GDHM_Q23,3.0,Phase 3
GDHM_SURVEY_COUNTRYRESPONSE_SCORE,2019,955,GDHM_CAT7_SERV_APP,GDHM_Q22,2.0,Phase 2
GDHM_SURVEY_COUNTRYRESPONSE_SCORE,2019,953,GDHM_CAT1_LEAD_GOV,GDHM_Q01,3.0,Phase 3
GDHM_SURVEY_COUNTRYRESPONSE_SCORE,2023,958,GDHM_CAT1_LEAD_GOV,GDHM_Q02a,1.0,Phase 1
GDHM_SURVEY_COUNTRYRESPONSE_SCORE,2023,954,GDHM_CAT7_SERV_APP,GDHM_Q21a,1.0,Phase 1
GDHM_SURVEY_COUNTRYRESPONSE_SCORE,2023,954,GDHM_CAT7_SERV_APP,GDHM_Q21b,1.0,Phase 1
GDHM_SURVEY_COUNTRYRESPONSE_SCORE,2023,954,GDHM_CAT7_SERV_APP,GDHM_Q21c,1.0,Phase 1
GDHM_SURVEY_COUNTRYRESPONSE_SCORE,2023,954,GDHM_CAT7_SERV_APP,GDHM_Q22,0.0,Phase 0
GDHM_SURVEY_COUNTRYRESPONSE_SCORE,2023,954,GDHM_CAT7_SERV_APP,GDHM_Q23,0.0,Phase 0
GDHM_SURVEY_COUNTRYRESPONSE_SCORE,2023,958,GDHM_CAT1_LEAD_GOV,GDHM_Q01,1.0,Phase 1
GDHM_SURVEY_COUNTRYRESPONSE_SCORE,2023,958,GDHM_CAT1_LEAD_GOV,GDHM_Q02,2.0,Phase 2
GDHM_SURVEY_COUNTRYRESPONSE_SCORE,2023,958,GDHM_CAT1_LEAD_GOV,GDHM_Q03,1.0,Phase 1
GDHM_SURVEY_COUNTRYRESPONSE_SCORE,2023,958,GDHM_CAT3_LEG,GDHM_Q09a,0.0,Phase 0
GDHM_SURVEY_COUNTRYRESPONSE_SCORE,2023,958,GDHM_CAT1_LEAD_GOV,GDHM_Q04a,1.0,Phase 1
GDHM_SURVEY_COUNTRYRESPONSE_SCORE,2023,958,GDHM_CAT2_STRAT_INV,GDHM_Q05,1.0,Phase 1
GDHM_SURVEY_COUNTRYRESPONSE_SCORE,2023,958,GDHM_CAT2_STRAT_INV,GDHM_Q05a,1.0,Phase 1
GDHM_SURVEY_COUNTRYRESPONSE_SCORE,2023,958,GDHM_CAT2_STRAT_INV,GDHM_Q06,1.0,Phase 1
GDHM_SURVEY_COUNTRYRESPONSE_SCORE,2023,958,GDHM_CAT2_STRAT_INV,GDHM_Q06a,2.0,Phase 2
GDHM_SURVEY_COUNTRYRESPONSE_SCORE,2023,958,GDHM_CAT3_LEG,GDHM_Q07,3.0,Phase 3
GDHM_SURVEY_COUNTRYRESPONSE_SCORE,2023,958,GDHM_CAT3_LEG,GDHM_Q08,2.0,Phase 2
GDHM_SURVEY_COUNTRYRESPONSE_SCORE,2023,958,GDHM_CAT3_LEG,GDHM_Q09,2.0,Phase 2
GDHM_SURVEY_COUNTRYRESPONSE_SCORE,2023,954,GDHM_CAT7_SERV_APP,GDHM_Q21,1.0,Phase 1
GDHM_SURVEY_COUNTRYRESPONSE_SCORE,2023,958,GDHM_CAT1_LEAD_GOV,GDHM_Q04,2.0,Phase 2
GDHM_SURVEY_COUNTRYRESPONSE_SCORE,2023,954,GDHM_CAT7_SERV_APP,GDHM_Q20,1.0,Phase 1
GDHM_SURVEY_COUNTRYRESPONSE_SCORE,2023,954,GDHM_CAT1_LEAD_GOV,GDHM_Q02a,1.0,Phase 1
GDHM_SURVEY_COUNTRYRESPONSE_SCORE,2023,954,GDHM_CAT6_INFRASTRUCTURE,GDHM_Q18,4.0,Phase 4
GDHM_SURVEY_COUNTRYRESPONSE_SCORE,2023,958,GDHM_CAT3_LEG,GDHM_Q10,1.0,Phase 1
GDHM_SURVEY_COUNTRYRESPONSE_SCORE,2023,954,GDHM_CAT1_LEAD_GOV,GDHM_Q03,0.0,Phase 0
GDHM_SURVEY_COUNTRYRESPONSE_SCORE,2023,954,GDHM_CAT1_LEAD_GOV,GDHM_Q04,2.0,Phase 2
GDHM_SURVEY_COUNTRYRESPONSE_SCORE,2023,954,GDHM_CAT1_LEAD_GOV,GDHM_Q04a,0.0,Phase 0
GDHM_SURVEY_COUNTRYRESPONSE_SCORE,2023,954,GDHM_CAT2_STRAT_INV,GDHM_Q05,1.0,Phase 1
GDHM_SURVEY_COUNTRYRESPONSE_SCORE,2023,954,GDHM_CAT2_STRAT_INV,GDHM_Q05a,1.0,Phase 1
GDHM_SURVEY_COUNTRYRESPONSE_SCORE,2023,954,GDHM_CAT2_STRAT_INV,GDHM_Q06,1.0,Phase 1
GDHM_SURVEY_COUNTRYRESPONSE_SCORE,2023,954,GDHM_CAT2_STRAT_INV,GDHM_Q06a,2.0,Phase 2
GDHM_SURVEY_COUNTRYRESPONSE_SCORE,2023,954,GDHM_CAT3_LEG,GDHM_Q07,2.0,Phase 2
GDHM_SURVEY_COUNTRYRESPONSE_SCORE,2023,954,GDHM_CAT7_SERV_APP,GDHM_Q19,1.0,Phase 1
GDHM_SURVEY_COUNTRYRESPONSE_SCORE,2023,954,GDHM_CAT3_LEG,GDHM_Q08,3.0,Phase 3
GDHM_SURVEY_COUNTRYRESPONSE_SCORE,2023,954,GDHM_CAT3_LEG,GDHM_Q09a,0.0,Phase 0
GDHM_SURVEY_COUNTRYRESPONSE_SCORE,2023,954,GDHM_CAT3_LEG,GDHM_Q10,1.0,Phase 1
GDHM_SURVEY_COUNTRYRESPONSE_SCORE,2023,954,GDHM_CAT4_WORKFORCE,GDHM_Q11,1.0,Phase 1
GDHM_SURVEY_COUNTRYRESPONSE_SCORE,2023,954,GDHM_CAT4_WORKFORCE,GDHM_Q12,0.0,Phase 0
GDHM_SURVEY_COUNTRYRESPONSE_SCORE,2023,954,GDHM_CAT4_WORKFORCE,GDHM_Q13,1.0,Phase 1
GDHM_SURVEY_COUNTRYRESPONSE_SCORE,2023,954,GDHM_CAT4_WORKFORCE,GDHM_Q14,0.0,Phase 0
GDHM_SURVEY_COUNTRYRESPONSE_SCORE,2023,954,GDHM_CAT5_STANDARDS,GDHM_Q15,0.0,Phase 0
GDHM_SURVEY_COUNTRYRESPONSE_SCORE,2023,954,GDHM_CAT5_STANDARDS,GDHM_Q16,1.0,Phase 1
GDHM_SURVEY_COUNTRYRESPONSE_SCORE,2023,954,GDHM_CAT6_INFRASTRUCTURE,GDHM_Q17,2.0,Phase 2
GDHM_SURVEY_COUNTRYRESPONSE_SCORE,2023,954,GDHM_CAT3_LEG,GDHM_Q09,1.0,Phase 1
GDHM_SURVEY_COUNTRYRESPONSE_SCORE,2023,958,GDHM_CAT4_WORKFORCE,GDHM_Q11,1.0,Phase 1
GDHM_SURVEY_COUNTRYRESPONSE_SCORE,2023,955,GDHM_CAT7_SERV_APP,GDHM_Q23,2.0,Phase 2
GDHM_SURVEY_COUNTRYRESPONSE_SCORE,2023,958,GDHM_CAT4_WORKFORCE,GDHM_Q13,1.0,Phase 1
GDHM_SURVEY_COUNTRYRESPONSE_SCORE,2023,955,GDHM_CAT3_LEG,GDHM_Q08,2.0,Phase 2
GDHM_SURVEY_COUNTRYRESPONSE_SCORE,2023,955,GDHM_CAT3_LEG,GDHM_Q09,2.0,Phase 2
GDHM_SURVEY_COUNTRYRESPONSE_SCORE,2023,955,GDHM_CAT3_LEG,GDHM_Q09a,1.0,Phase 1
GDHM_SURVEY_COUNTRYRESPONSE_SCORE,2023,955,GDHM_CAT3_LEG,GDHM_Q10,1.0,Phase 1
GDHM_SURVEY_COUNTRYRESPONSE_SCORE,2023,955,GDHM_CAT4_WORKFORCE,GDHM_Q11,1.0,Phase 1
GDHM_SURVEY_COUNTRYRESPONSE_SCORE,2023,955,GDHM_CAT4_WORKFORCE,GDHM_Q12,2.0,Phase 2
GDHM_SURVEY_COUNTRYRESPONSE_SCORE,2023,955,GDHM_CAT4_WORKFORCE,GDHM_Q13,2.0,Phase 2
GDHM_SURVEY_COUNTRYRESPONSE_SCORE,2023,955,GDHM_CAT4_WORKFORCE,GDHM_Q14,1.0,Phase 1
GDHM_SURVEY_COUNTRYRESPONSE_SCORE,2023,955,GDHM_CAT5_STANDARDS,GDHM_Q15,1.0,Phase 1
GDHM_SURVEY_COUNTRYRESPONSE_SCORE,2023,955,GDHM_CAT3_LEG,GDHM_Q07,2.0,Phase 2
GDHM_SURVEY_COUNTRYRESPONSE_SCORE,2023,955,GDHM_CAT5_STANDARDS,GDHM_Q16,1.0,Phase 1
GDHM_SURVEY_COUNTRYRESPONSE_SCORE,2023,955,GDHM_CAT6_INFRASTRUCTURE,GDHM_Q18,3.0,Phase 3
GDHM_SURVEY_COUNTRYRESPONSE_SCORE,2023,955,GDHM_CAT7_SERV_APP,GDHM_Q19,2.0,Phase 2
GDHM_SURVEY_COUNTRYRESPONSE_SCORE,2023,955,GDHM_CAT7_SERV_APP,GDHM_Q20,2.0,Phase 2
GDHM_SURVEY_COUNTRYRESPONSE_SCORE,2023,955,GDHM_CAT7_SERV_APP,GDHM_Q21,2.0,Phase 2
GDHM_SURVEY_COUNTRYRESPONSE_SCORE,2023,955,GDHM_CAT7_SERV_APP,GDHM_Q21a,1.0,Phase 1
GDHM_SURVEY_COUNTRYRESPONSE_SCORE,2023,955,GDHM_CAT7_SERV_APP,GDHM_Q21b,3.0,Phase 3
GDHM_SURVEY_COUNTRYRESPONSE_SCORE,2023,955,GDHM_CAT7_SERV_APP,GDHM_Q21c,2.0,Phase 2
GDHM_SURVEY_COUNTRYRESPONSE_SCORE,2023,955,GDHM_CAT7_SERV_APP,GDHM_Q22,2.0,Phase 2
GDHM_SURVEY_COUNTRYRESPONSE_SCORE,2023,954,GDHM_CAT1_LEAD_GOV,GDHM_Q02,1.0,Phase 1
GDHM_SURVEY_COUNTRYRESPONSE_SCORE,2023,955,GDHM_CAT6_INFRASTRUCTURE,GDHM_Q17,2.0,Phase 2
GDHM_SURVEY_COUNTRYRESPONSE_SCORE,2023,958,GDHM_CAT4_WORKFORCE,GDHM_Q12,1.0,Phase 1
GDHM_SURVEY_COUNTRYRESPONSE_SCORE,2023,955,GDHM_CAT2_STRAT_INV,GDHM_Q06a,2.0,Phase 2
GDHM_SURVEY_COUNTRYRESPONSE_SCORE,2023,955,GDHM_CAT2_STRAT_INV,GDHM_Q05a,2.0,Phase 2
GDHM_SURVEY_COUNTRYRESPONSE_SCORE,2023,958,GDHM_CAT4_WORKFORCE,GDHM_Q14,1.0,Phase 1
GDHM_SURVEY_COUNTRYRESPONSE_SCORE,2023,958,GDHM_CAT5_STANDARDS,GDHM_Q15,1.0,Phase 1
GDHM_SURVEY_COUNTRYRESPONSE_SCORE,2023,958,GDHM_CAT5_STANDARDS,GDHM_Q16,1.0,Phase 1
GDHM_SURVEY_COUNTRYRESPONSE_SCORE,2023,958,GDHM_CAT6_INFRASTRUCTURE,GDHM_Q17,2.0,Phase 2
GDHM_SURVEY_COUNTRYRESPONSE_SCORE,2023,958,GDHM_CAT6_INFRASTRUCTURE,GDHM_Q18,4.0,Phase 4
GDHM_SURVEY_COUNTRYRESPONSE_SCORE,2023,958,GDHM_CAT7_SERV_APP,GDHM_Q19,1.0,Phase 1
GDHM_SURVEY_COUNTRYRESPONSE_SCORE,2023,958,GDHM_CAT7_SERV_APP,GDHM_Q20,1.0,Phase 1
GDHM_SURVEY_COUNTRYRESPONSE_SCORE,2023,958,GDHM_CAT7_SERV_APP,GDHM_Q21,1.0,Phase 1
GDHM_SURVEY_COUNTRYRESPONSE_SCORE,2023,958,GDHM_CAT7_SERV_APP,GDHM_Q21a,1.0,Phase 1
GDHM_SURVEY_COUNTRYRESPONSE_SCORE,2023,955,GDHM_CAT2_STRAT_INV,GDHM_Q06,2.0,Phase 2
GDHM_SURVEY_COUNTRYRESPONSE_SCORE,2023,958,GDHM_CAT7_SERV_APP,GDHM_Q21b,2.0,Phase 2
GDHM_SURVEY_COUNTRYRESPONSE_SCORE,2023,958,GDHM_CAT7_SERV_APP,GDHM_Q22,1.0,Phase 1
GDHM_SURVEY_COUNTRYRESPONSE_SCORE,2023,958,GDHM_CAT7_SERV_APP,GDHM_Q23,1.0,Phase 1
GDHM_SURVEY_COUNTRYRESPONSE_SCORE,2023,955,GDHM_CAT1_LEAD_GOV,GDHM_Q01,2.0,Phase 2
GDHM_SURVEY_COUNTRYRESPONSE_SCORE,2023,955,GDHM_CAT1_LEAD_GOV,GDHM_Q02,2.0,Phase 2
GDHM_SURVEY_COUNTRYRESPONSE_SCORE,2023,955,GDHM_CAT1_LEAD_GOV,GDHM_Q02a,1.0,Phase 1
GDHM_SURVEY_COUNTRYRESPONSE_SCORE,2023,955,GDHM_CAT1_LEAD_GOV,GDHM_Q03,2.0,Phase 2
GDHM_SURVEY_COUNTRYRESPONSE_SCORE,2023,955,GDHM_CAT1_LEAD_GOV,GDHM_Q04,2.0,Phase 2
GDHM_SURVEY_COUNTRYRESPONSE_SCORE,2023,955,GDHM_CAT1_LEAD_GOV,GDHM_Q04a,2.0,Phase 2
GDHM_SURVEY_COUNTRYRESPONSE_SCORE,2023,955,GDHM_CAT2_STRAT_INV,GDHM_Q05,2.0,Phase 2
GDHM_SURVEY_COUNTRYRESPONSE_SCORE,2023,958,GDHM_CAT7_SERV_APP,GDHM_Q21c,2.0,Phase 2
GDHM_SURVEY_COUNTRYRESPONSE_SCORE,2023,954,GDHM_CAT1_LEAD_GOV,GDHM_Q01,1.0,Phase 1
GDHM_SURVEY_COUNTRYRESPONSE_SCORE,2023,953,GDHM_CAT7_SERV_APP,GDHM_Q23,2.0,Phase 2
GDHM_SURVEY_COUNTRYRESPONSE_SCORE,2023,953,GDHM_CAT7_SERV_APP,GDHM_Q22,1.0,Phase 1
GDHM_SURVEY_COUNTRYRESPONSE_SCORE,2023,957,GDHM_CAT7_SERV_APP,GDHM_Q21,1.0,Phase 1
GDHM_SURVEY_COUNTRYRESPONSE_SCORE,2023,957,GDHM_CAT7_SERV_APP,GDHM_Q21a,1.0,Phase 1
GDHM_SURVEY_COUNTRYRESPONSE_SCORE,2023,957,GDHM_CAT7_SERV_APP,GDHM_Q21b,2.0,Phase 2
GDHM_SURVEY_COUNTRYRESPONSE_SCORE,2023,957,GDHM_CAT7_SERV_APP,GDHM_Q21c,2.0,Phase 2
GDHM_SURVEY_COUNTRYRESPONSE_SCORE,2023,957,GDHM_CAT7_SERV_APP,GDHM_Q22,1.0,Phase 1
GDHM_SURVEY_COUNTRYRESPONSE_SCORE,2023,957,GDHM_CAT7_SERV_APP,GDHM_Q23,1.0,Phase 1
GDHM_SURVEY_COUNTRYRESPONSE_SCORE,2023,956,GDHM_CAT1_LEAD_GOV,GDHM_Q01,0.0,Phase 0
GDHM_SURVEY_COUNTRYRESPONSE_SCORE,2023,956,GDHM_CAT1_LEAD_GOV,GDHM_Q02,0.0,Phase 0
GDHM_SURVEY_COUNTRYRESPONSE_SCORE,2023,956,GDHM_CAT1_LEAD_GOV,GDHM_Q02a,0.0,Phase 0
GDHM_SURVEY_COUNTRYRESPONSE_SCORE,2023,956,GDHM_CAT1_LEAD_GOV,GDHM_Q03,0.0,Phase 0
GDHM_SURVEY_COUNTRYRESPONSE_SCORE,2023,956,GDHM_CAT1_LEAD_GOV,GDHM_Q04,4.0,Phase 4
GDHM_SURVEY_COUNTRYRESPONSE_SCORE,2023,956,GDHM_CAT1_LEAD_GOV,GDHM_Q04a,0.0,Phase 0
GDHM_SURVEY_COUNTRYRESPONSE_SCORE,2023,956,GDHM_CAT2_STRAT_INV,GDHM_Q05,0.0,Phase 0
GDHM_SURVEY_COUNTRYRESPONSE_SCORE,2023,956,GDHM_CAT2_STRAT_INV,GDHM_Q05a,0.0,Phase 0
GDHM_SURVEY_COUNTRYRESPONSE_SCORE,2023,956,GDHM_CAT2_STRAT_INV,GDHM_Q06,0.0,Phase 0
GDHM_SURVEY_COUNTRYRESPONSE_SCORE,2023,956,GDHM_CAT2_STRAT_INV,GDHM_Q06a,3.0,Phase 3
GDHM_SURVEY_COUNTRYRESPONSE_SCORE,2023,956,GDHM_CAT3_LEG,GDHM_Q07,4.0,Phase 4
GDHM_SURVEY_COUNTRYRESPONSE_SCORE,2023,956,GDHM_CAT3_LEG,GDHM_Q08,4.0,Phase 4
GDHM_SURVEY_COUNTRYRESPONSE_SCORE,2023,956,GDHM_CAT3_LEG,GDHM_Q09,3.0,Phase 3
GDHM_SURVEY_COUNTRYRESPONSE_SCORE,2023,957,GDHM_CAT7_SERV_APP,GDHM_Q20,1.0,Phase 1
GDHM_SURVEY_COUNTRYRESPONSE_SCORE,2023,957,GDHM_CAT7_SERV_APP,GDHM_Q19,1.0,Phase 1
GDHM_SURVEY_COUNTRYRESPONSE_SCORE,2023,957,GDHM_CAT6_INFRASTRUCTURE,GDHM_Q18,3.0,Phase 3
GDHM_SURVEY_COUNTRYRESPONSE_SCORE,2023,957,GDHM_CAT6_INFRASTRUCTURE,GDHM_Q17,2.0,Phase 2
GDHM_SURVEY_COUNTRYRESPONSE_SCORE,2023,957,GDHM_CAT1_LEAD_GOV,GDHM_Q02,2.0,Phase 2
GDHM_SURVEY_COUNTRYRESPONSE_SCORE,2023,957,GDHM_CAT1_LEAD_GOV,GDHM_Q02a,1.0,Phase 1
GDHM_SURVEY_COUNTRYRESPONSE_SCORE,2023,957,GDHM_CAT1_LEAD_GOV,GDHM_Q03,1.0,Phase 1
GDHM_SURVEY_COUNTRYRESPONSE_SCORE,2023,957,GDHM_CAT1_LEAD_GOV,GDHM_Q04,3.0,Phase 3
GDHM_SURVEY_COUNTRYRESPONSE_SCORE,2023,957,GDHM_CAT1_LEAD_GOV,GDHM_Q04a,1.0,Phase 1
GDHM_SURVEY_COUNTRYRESPONSE_SCORE,2023,957,GDHM_CAT2_STRAT_INV,GDHM_Q05,1.0,Phase 1
GDHM_SURVEY_COUNTRYRESPONSE_SCORE,2023,957,GDHM_CAT2_STRAT_INV,GDHM_Q05a,1.0,Phase 1
GDHM_SURVEY_COUNTRYRESPONSE_SCORE,2023,957,GDHM_CAT2_STRAT_INV,GDHM_Q06,1.0,Phase 1
GDHM_SURVEY_COUNTRYRESPONSE_SCORE,2023,957,GDHM_CAT2_STRAT_INV,GDHM_Q06a,2.0,Phase 2
GDHM_SURVEY_COUNTRYRESPONSE_SCORE,2023,956,GDHM_CAT3_LEG,GDHM_Q09a,0.0,Phase 0
GDHM_SURVEY_COUNTRYRESPONSE_SCORE,2023,957,GDHM_CAT3_LEG,GDHM_Q07,3.0,Phase 3
GDHM_SURVEY_COUNTRYRESPONSE_SCORE,2023,957,GDHM_CAT3_LEG,GDHM_Q09,2.0,Phase 2
GDHM_SURVEY_COUNTRYRESPONSE_SCORE,2023,957,GDHM_CAT3_LEG,GDHM_Q09a,1.0,Phase 1
GDHM_SURVEY_COUNTRYRESPONSE_SCORE,2019,372,GDHM_CAT3_LEG,GDHM_Q09a,1.0,Phase 1
GDHM_SURVEY_COUNTRYRESPONSE_SCORE,2019,372,GDHM_CAT3_LEG,GDHM_Q10,3.0,Phase 3
GDHM_SURVEY_CATEGORY_AVG,2019,372,GDHM_CAT3_LEG,,2.0,Phase 2
GDHM_SURVEY_COUNTRYRESPONSE_SCORE,2019,372,GDHM_CAT4_WORKFORCE,GDHM_Q11,1.0,Phase 1
GDHM_SURVEY_COUNTRYRESPONSE_SCORE,2019,372,GDHM_CAT4_WORKFORCE,GDHM_Q12,1.0,Phase 1
GDHM_SURVEY_COUNTRYRESPONSE_SCORE,2019,372,GDHM_CAT4_WORKFORCE,GDHM_Q13,4.0,Phase 4
GDHM_SURVEY_COUNTRYRESPONSE_SCORE,2019,372,GDHM_CAT4_WORKFORCE,GDHM_Q14,1.0,Phase 1
GDHM_SURVEY_CATEGORY_AVG,2019,372,GDHM_CAT4_WORKFORCE,,2.0,Phase 2
GDHM_SURVEY_COUNTRYRESPONSE_SCORE,2019,372,GDHM_CAT5_STANDARDS,GDHM_Q15,1.0,Phase 1
GDHM_SURVEY_COUNTRYRESPONSE_SCORE,2019,372,GDHM_CAT5_STANDARDS,GDHM_Q16,2.0,Phase 2
GDHM_SURVEY_CATEGORY_AVG,2019,372,GDHM_CAT5_STANDARDS,,2.0,Phase 2
GDHM_SURVEY_COUNTRYRESPONSE_SCORE,2019,372,GDHM_CAT6_INFRASTRUCTURE,GDHM_Q17,4.0,Phase 4
GDHM_SURVEY_COUNTRYRESPONSE_SCORE,2019,372,GDHM_CAT6_INFRASTRUCTURE,GDHM_Q18,2.0,Phase 2
GDHM_SURVEY_CATEGORY_AVG,2019,372,GDHM_CAT6_INFRASTRUCTURE,,3.0,Phase 3
GDHM_SURVEY_COUNTRYRESPONSE_SCORE,2019,372,GDHM_CAT7_SERV_APP,GDHM_Q19,2.0,Phase 2
GDHM_SURVEY_COUNTRYRESPONSE_SCORE,2019,372,GDHM_CAT7_SERV_APP,GDHM_Q20,2.0,Phase 2
GDHM_SURVEY_COUNTRYRESPONSE_SCORE,2019,372,GDHM_CAT7_SERV_APP,GDHM_Q21,2.0,Phase 2
GDHM_SURVEY_COUNTRYRESPONSE_SCORE,2019,372,GDHM_CAT7_SERV_APP,GDHM_Q21a,2.0,Phase 2
GDHM_SURVEY_COUNTRYRESPONSE_SCORE,2019,372,GDHM_CAT7_SERV_APP,GDHM_Q21b,5.0,Phase 5
GDHM_SURVEY_COUNTRYRESPONSE_SCORE,2019,372,GDHM_CAT7_SERV_APP,GDHM_Q21c,5.0,Phase 5
GDHM_SURVEY_COUNTRYRESPONSE_SCORE,2019,372,GDHM_CAT7_SERV_APP,GDHM_Q22,3.0,Phase 3
GDHM_SURVEY_COUNTRYRESPONSE_SCORE,2019,372,GDHM_CAT7_SERV_APP,GDHM_Q23,2.0,Phase 2
GDHM_SURVEY_CATEGORY_AVG,2019,372,GDHM_CAT7_SERV_APP,,3.0,Phase 3
GDHM_SURVEY_COUNTRYRESPONSE_SCORE,2019,388,GDHM_CAT1_LEAD_GOV,GDHM_Q01,3.0,Phase 3
GDHM_SURVEY_COUNTRYRESPONSE_SCORE,2019,388,GDHM_CAT1_LEAD_GOV,GDHM_Q02,4.0,Phase 4
GDHM_SURVEY_COUNTRYRESPONSE_SCORE,2019,388,GDHM_CAT1_LEAD_GOV,GDHM_Q02a,3.0,Phase 3
GDHM_SURVEY_COUNTRYRESPONSE_SCORE,2019,388,GDHM_CAT1_LEAD_GOV,GDHM_Q03,1.0,Phase 1
GDHM_SURVEY_COUNTRYRESPONSE_SCORE,2019,388,GDHM_CAT1_LEAD_GOV,GDHM_Q04,3.0,Phase 3
GDHM_SURVEY_COUNTRYRESPONSE_SCORE,2019,388,GDHM_CAT1_LEAD_GOV,GDHM_Q04a,1.0,Phase 1
GDHM_SURVEY_CATEGORY_AVG,2019,388,GDHM_CAT1_LEAD_GOV,,3.0,Phase 3
GDHM_SURVEY_COUNTRYRESPONSE_SCORE,2019,388,GDHM_CAT2_STRAT_INV,GDHM_Q05,2.0,Phase 2
GDHM_SURVEY_COUNTRYRESPONSE_SCORE,2019,388,GDHM_CAT2_STRAT_INV,GDHM_Q05a,3.0,Phase 3
GDHM_SURVEY_COUNTRYRESPONSE_SCORE,2019,388,GDHM_CAT2_STRAT_INV,GDHM_Q06,3.0,Phase 3
GDHM_SURVEY_COUNTRYRESPONSE_SCORE,2019,388,GDHM_CAT2_STRAT_INV,GDHM_Q06a,2.0,Phase 2
GDHM_SURVEY_CATEGORY_AVG,2019,388,GDHM_CAT2_STRAT_INV,,3.0,Phase 3
GDHM_SURVEY_COUNTRYRESPONSE_SCORE,2019,388,GDHM_CAT3_LEG,GDHM_Q07,5.0,Phase 5
GDHM_SURVEY_COUNTRYRESPONSE_SCORE,2019,388,GDHM_CAT3_LEG,GDHM_Q08,4.0,Phase 4
GDHM_SURVEY_COUNTRYRESPONSE_SCORE,2019,388,GDHM_CAT3_LEG,GDHM_Q09,2.0,Phase 2
GDHM_SURVEY_COUNTRYRESPONSE_SCORE,2019,388,GDHM_CAT3_LEG,GDHM_Q09a,1.0,Phase 1
GDHM_SURVEY_COUNTRYRESPONSE_SCORE,2019,388,GDHM_CAT3_LEG,GDHM_Q10,1.0,Phase 1
GDHM_SURVEY_CATEGORY_AVG,2019,388,GDHM_CAT3_LEG,,3.0,Phase 3
GDHM_SURVEY_COUNTRYRESPONSE_SCORE,2019,388,GDHM_CAT4_WORKFORCE,GDHM_Q11,1.0,Phase 1
GDHM_SURVEY_COUNTRYRESPONSE_SCORE,2019,388,GDHM_CAT4_WORKFORCE,GDHM_Q12,1.0,Phase 1
GDHM_SURVEY_COUNTRYRESPONSE_SCORE,2019,388,GDHM_CAT4_WORKFORCE,GDHM_Q13,1.0,Phase 1
GDHM_SURVEY_COUNTRYRESPONSE_SCORE,2019,388,GDHM_CAT4_WORKFORCE,GDHM_Q14,1.0,Phase 1
GDHM_SURVEY_CATEGORY_AVG,2019,388,GDHM_CAT4_WORKFORCE,,1.0,Phase 1
GDHM_SURVEY_COUNTRYRESPONSE_SCORE,2019,388,GDHM_CAT5_STANDARDS,GDHM_Q15,2.0,Phase 2
GDHM_SURVEY_COUNTRYRESPONSE_SCORE,2019,388,GDHM_CAT5_STANDARDS,GDHM_Q16,2.0,Phase 2
GDHM_SURVEY_CATEGORY_AVG,2019,388,GDHM_CAT5_STANDARDS,,2.0,Phase 2
GDHM_SURVEY_COUNTRYRESPONSE_SCORE,2019,388,GDHM_CAT6_INFRASTRUCTURE,GDHM_Q17,3.0,Phase 3
GDHM_SURVEY_COUNTRYRESPONSE_SCORE,2019,388,GDHM_CAT6_INFRASTRUCTURE,GDHM_Q18,1.0,Phase 1
GDHM_SURVEY_CATEGORY_AVG,2019,388,GDHM_CAT6_INFRASTRUCTURE,,2.0,Phase 2
GDHM_SURVEY_COUNTRYRESPONSE_SCORE,2019,388,GDHM_CAT7_SERV_APP,GDHM_Q19,2.0,Phase 2
GDHM_SURVEY_COUNTRYRESPONSE_SCORE,2019,388,GDHM_CAT7_SERV_APP,GDHM_Q20,2.0,Phase 2
GDHM_SURVEY_COUNTRYRESPONSE_SCORE,2019,388,GDHM_CAT7_SERV_APP,GDHM_Q21,3.0,Phase 3
GDHM_SURVEY_COUNTRYRESPONSE_SCORE,2019,388,GDHM_CAT7_SERV_APP,GDHM_Q21a,2.0,Phase 2
GDHM_SURVEY_COUNTRYRESPONSE_SCORE,2019,388,GDHM_CAT7_SERV_APP,GDHM_Q21b,4.0,Phase 4
GDHM_SURVEY_COUNTRYRESPONSE_SCORE,2019,388,GDHM_CAT7_SERV_APP,GDHM_Q21c,0.0,Not Available
GDHM_SURVEY_COUNTRYRESPONSE_SCORE,2019,388,GDHM_CAT7_SERV_APP,GDHM_Q22,4.0,Phase 4
GDHM_SURVEY_COUNTRYRESPONSE_SCORE,2019,388,GDHM_CAT7_SERV_APP,GDHM_Q23,4.0,Phase 4
GDHM_SURVEY_CATEGORY_AVG,2019,388,GDHM_CAT7_SERV_APP,,3.0,Phase 3
GDHM_SURVEY_COUNTRYRESPONSE_SCORE,2019,404,GDHM_CAT1_LEAD_GOV,GDHM_Q01,4.0,Phase 4
GDHM_SURVEY_COUNTRYRESPONSE_SCORE,2019,404,GDHM_CAT1_LEAD_GOV,GDHM_Q02,4.0,Phase 4
GDHM_SURVEY_COUNTRYRESPONSE_SCORE,2019,404,GDHM_CAT1_LEAD_GOV,GDHM_Q02a,5.0,Phase 5
GDHM_SURVEY_COUNTRYRESPONSE_SCORE,2019,404,GDHM_CAT1_LEAD_GOV,GDHM_Q03,2.0,Phase 2
GDHM_SURVEY_COUNTRYRESPONSE_SCORE,2019,404,GDHM_CAT1_LEAD_GOV,GDHM_Q04,3.0,Phase 3
GDHM_SURVEY_COUNTRYRESPONSE_SCORE,2019,404,GDHM_CAT1_LEAD_GOV,GDHM_Q04a,3.0,Phase 3
GDHM_SURVEY_CATEGORY_AVG,2019,404,GDHM_CAT1_LEAD_GOV,,4.0,Phase 4
GDHM_SURVEY_COUNTRYRESPONSE_SCORE,2019,404,GDHM_CAT2_STRAT_INV,GDHM_Q05,2.0,Phase 2
GDHM_SURVEY_COUNTRYRESPONSE_SCORE,2019,404,GDHM_CAT2_STRAT_INV,GDHM_Q05a,4.0,Phase 4
GDHM_SURVEY_COUNTRYRESPONSE_SCORE,2019,404,GDHM_CAT2_STRAT_INV,GDHM_Q06,4.0,Phase 4
GDHM_SURVEY_COUNTRYRESPONSE_SCORE,2019,404,GDHM_CAT2_STRAT_INV,GDHM_Q06a,4.0,Phase 4
GDHM_SURVEY_CATEGORY_AVG,2019,404,GDHM_CAT2_STRAT_INV,,3.0,Phase 3
GDHM_SURVEY_COUNTRYRESPONSE_SCORE,2019,404,GDHM_CAT3_LEG,GDHM_Q07,5.0,Phase 5
GDHM_SURVEY_COUNTRYRESPONSE_SCORE,2019,404,GDHM_CAT3_LEG,GDHM_Q08,5.0,Phase 5
GDHM_SURVEY_COUNTRYRESPONSE_SCORE,2019,404,GDHM_CAT3_LEG,GDHM_Q09,3.0,Phase 3
GDHM_SURVEY_COUNTRYRESPONSE_SCORE,2019,404,GDHM_CAT3_LEG,GDHM_Q09a,2.0,Phase 2
GDHM_SURVEY_COUNTRYRESPONSE_SCORE,2019,404,GDHM_CAT3_LEG,GDHM_Q10,2.0,Phase 2
GDHM_SURVEY_CATEGORY_AVG,2019,404,GDHM_CAT3_LEG,,4.0,Phase 4
GDHM_SURVEY_COUNTRYRESPONSE_SCORE,2019,404,GDHM_CAT4_WORKFORCE,GDHM_Q11,2.0,Phase 2
GDHM_SURVEY_COUNTRYRESPONSE_SCORE,2019,404,GDHM_CAT4_WORKFORCE,GDHM_Q12,2.0,Phase 2
GDHM_SURVEY_COUNTRYRESPONSE_SCORE,2019,404,GDHM_CAT4_WORKFORCE,GDHM_Q13,2.0,Phase 2
GDHM_SURVEY_COUNTRYRESPONSE_SCORE,2019,404,GDHM_CAT4_WORKFORCE,GDHM_Q14,2.0,Phase 2
GDHM_SURVEY_CATEGORY_AVG,2019,404,GDHM_CAT4_WORKFORCE,,2.0,Phase 2
GDHM_SURVEY_COUNTRYRESPONSE_SCORE,2019,404,GDHM_CAT5_STANDARDS,GDHM_Q15,5.0,Phase 5
GDHM_SURVEY_COUNTRYRESPONSE_SCORE,2019,404,GDHM_CAT5_STANDARDS,GDHM_Q16,4.0,Phase 4
GDHM_SURVEY_CATEGORY_AVG,2019,404,GDHM_CAT5_STANDARDS,,5.0,Phase 5
GDHM_SURVEY_COUNTRYRESPONSE_SCORE,2019,404,GDHM_CAT6_INFRASTRUCTURE,GDHM_Q17,3.0,Phase 3
GDHM_SURVEY_COUNTRYRESPONSE_SCORE,2019,404,GDHM_CAT6_INFRASTRUCTURE,GDHM_Q18,4.0,Phase 4
GDHM_SURVEY_CATEGORY_AVG,2019,404,GDHM_CAT6_INFRASTRUCTURE,,4.0,Phase 4
GDHM_SURVEY_COUNTRYRESPONSE_SCORE,2019,404,GDHM_CAT7_SERV_APP,GDHM_Q19,4.0,Phase 4
GDHM_SURVEY_COUNTRYRESPONSE_SCORE,2019,404,GDHM_CAT7_SERV_APP,GDHM_Q20,4.0,Phase 4
GDHM_SURVEY_COUNTRYRESPONSE_SCORE,2019,404,GDHM_CAT7_SERV_APP,GDHM_Q21,5.0,Phase 5
GDHM_SURVEY_COUNTRYRESPONSE_SCORE,2019,404,GDHM_CAT7_SERV_APP,GDHM_Q21a,5.0,Phase 5
GDHM_SURVEY_COUNTRYRESPONSE_SCORE,2019,404,GDHM_CAT7_SERV_APP,GDHM_Q21b,4.0,Phase 4
GDHM_SURVEY_COUNTRYRESPONSE_SCORE,2019,404,GDHM_CAT7_SERV_APP,GDHM_Q21c,5.0,Phase 5
GDHM_SURVEY_COUNTRYRESPONSE_SCORE,2019,404,GDHM_CAT7_SERV_APP,GDHM_Q22,2.0,Phase 2
GDHM_SURVEY_COUNTRYRESPONSE_SCORE,2019,404,GDHM_CAT7_SERV_APP,GDHM_Q23,5.0,Phase 5
GDHM_SURVEY_CATEGORY_AVG,2019,404,GDHM_CAT7_SERV_APP,,4.0,Phase 4
GDHM_SURVEY_COUNTRYRESPONSE_SCORE,2019,430,GDHM_CAT1_LEAD_GOV,GDHM_Q01,2.0,Phase 2
GDHM_SURVEY_COUNTRYRESPONSE_SCORE,2019,430,GDHM_CAT1_LEAD_GOV,GDHM_Q02,1.0,Phase 1
GDHM_SURVEY_COUNTRYRESPONSE_SCORE,2019,430,GDHM_CAT1_LEAD_GOV,GDHM_Q02a,1.0,Phase 1
GDHM_SURVEY_COUNTRYRESPONSE_SCORE,2019,430,GDHM_CAT1_LEAD_GOV,GDHM_Q03,3.0,Phase 3
GDHM_SURVEY_COUNTRYRESPONSE_SCORE,2019,430,GDHM_CAT1_LEAD_GOV,GDHM_Q04,2.0,Phase 2
GDHM_SURVEY_COUNTRYRESPONSE_SCORE,2019,430,GDHM_CAT1_LEAD_GOV,GDHM_Q04a,4.0,Phase 4
GDHM_SURVEY_CATEGORY_AVG,2019,430,GDHM_CAT1_LEAD_GOV,,2.0,Phase 2
GDHM_SURVEY_COUNTRYRESPONSE_SCORE,2019,430,GDHM_CAT2_STRAT_INV,GDHM_Q05,3.0,Phase 3
GDHM_SURVEY_COUNTRYRESPONSE_SCORE,2019,430,GDHM_CAT2_STRAT_INV,GDHM_Q05a,4.0,Phase 4
GDHM_SURVEY_COUNTRYRESPONSE_SCORE,2019,430,GDHM_CAT2_STRAT_INV,GDHM_Q06,1.0,Phase 1
GDHM_SURVEY_COUNTRYRESPONSE_SCORE,2019,430,GDHM_CAT2_STRAT_INV,GDHM_Q06a,2.0,Phase 2
GDHM_SURVEY_CATEGORY_AVG,2019,430,GDHM_CAT2_STRAT_INV,,2.0,Phase 2
GDHM_SURVEY_COUNTRYRESPONSE_SCORE,2019,430,GDHM_CAT3_LEG,GDHM_Q07,5.0,Phase 5
GDHM_SURVEY_COUNTRYRESPONSE_SCORE,2019,430,GDHM_CAT3_LEG,GDHM_Q08,4.0,Phase 4
GDHM_SURVEY_COUNTRYRESPONSE_SCORE,2019,430,GDHM_CAT3_LEG,GDHM_Q09,1.0,Phase 1
GDHM_SURVEY_COUNTRYRESPONSE_SCORE,2019,430,GDHM_CAT3_LEG,GDHM_Q09a,0.0,Not Available
GDHM_SURVEY_COUNTRYRESPONSE_SCORE,2019,430,GDHM_CAT3_LEG,GDHM_Q10,0.0,Not Available
GDHM_SURVEY_CATEGORY_AVG,2019,430,GDHM_CAT3_LEG,,4.0,Phase 4
GDHM_SURVEY_COUNTRYRESPONSE_SCORE,2019,430,GDHM_CAT4_WORKFORCE,GDHM_Q11,2.0,Phase 2
GDHM_SURVEY_COUNTRYRESPONSE_SCORE,2019,430,GDHM_CAT4_WORKFORCE,GDHM_Q12,2.0,Phase 2
GDHM_SURVEY_COUNTRYRESPONSE_SCORE,2019,430,GDHM_CAT4_WORKFORCE,GDHM_Q13,4.0,Phase 4
GDHM_SURVEY_COUNTRYRESPONSE_SCORE,2019,430,GDHM_CAT4_WORKFORCE,GDHM_Q14,1.0,Phase 1
GDHM_SURVEY_CATEGORY_AVG,2019,430,GDHM_CAT4_WORKFORCE,,3.0,Phase 3
GDHM_SURVEY_COUNTRYRESPONSE_SCORE,2019,430,GDHM_CAT5_STANDARDS,GDHM_Q15,3.0,Phase 3
GDHM_SURVEY_COUNTRYRESPONSE_SCORE,2019,430,GDHM_CAT5_STANDARDS,GDHM_Q16,2.0,Phase 2
GDHM_SURVEY_CATEGORY_AVG,2019,430,GDHM_CAT5_STANDARDS,,3.0,Phase 3
GDHM_SURVEY_COUNTRYRESPONSE_SCORE,2019,430,GDHM_CAT6_INFRASTRUCTURE,GDHM_Q17,2.0,Phase 2
GDHM_SURVEY_COUNTRYRESPONSE_SCORE,2019,430,GDHM_CAT6_INFRASTRUCTURE,GDHM_Q18,4.0,Phase 4
GDHM_SURVEY_CATEGORY_AVG,2019,430,GDHM_CAT6_INFRASTRUCTURE,,3.0,Phase 3
GDHM_SURVEY_COUNTRYRESPONSE_SCORE,2019,430,GDHM_CAT7_SERV_APP,GDHM_Q19,3.0,Phase 3
GDHM_SURVEY_COUNTRYRESPONSE_SCORE,2019,430,GDHM_CAT7_SERV_APP,GDHM_Q20,5.0,Phase 5
GDHM_SURVEY_COUNTRYRESPONSE_SCORE,2019,430,GDHM_CAT7_SERV_APP,GDHM_Q21,2.0,Phase 2
GDHM_SURVEY_COUNTRYRESPONSE_SCORE,2019,430,GDHM_CAT7_SERV_APP,GDHM_Q21a,0.0,Not Available
GDHM_SURVEY_COUNTRYRESPONSE_SCORE,2019,430,GDHM_CAT7_SERV_APP,GDHM_Q21b,5.0,Phase 5
GDHM_SURVEY_COUNTRYRESPONSE_SCORE,2019,430,GDHM_CAT7_SERV_APP,GDHM_Q21c,5.0,Phase 5
GDHM_SURVEY_COUNTRYRESPONSE_SCORE,2019,430,GDHM_CAT7_SERV_APP,GDHM_Q22,1.0,Phase 1
GDHM_SURVEY_COUNTRYRESPONSE_SCORE,2019,430,GDHM_CAT7_SERV_APP,GDHM_Q23,5.0,Phase 5
GDHM_SURVEY_CATEGORY_AVG,2019,430,GDHM_CAT7_SERV_APP,,4.0,Phase 4
GDHM_SURVEY_COUNTRYRESPONSE_SCORE,2019,450,GDHM_CAT1_LEAD_GOV,GDHM_Q01,4.0,Phase 4
GDHM_SURVEY_COUNTRYRESPONSE_SCORE,2019,450,GDHM_CAT1_LEAD_GOV,GDHM_Q02,4.0,Phase 4
GDHM_SURVEY_COUNTRYRESPONSE_SCORE,2019,450,GDHM_CAT1_LEAD_GOV,GDHM_Q02a,4.0,Phase 4
GDHM_SURVEY_COUNTRYRESPONSE_SCORE,2019,450,GDHM_CAT1_LEAD_GOV,GDHM_Q03,3.0,Phase 3
GDHM_SURVEY_COUNTRYRESPONSE_SCORE,2019,450,GDHM_CAT1_LEAD_GOV,GDHM_Q04,4.0,Phase 4
GDHM_SURVEY_COUNTRYRESPONSE_SCORE,2019,450,GDHM_CAT1_LEAD_GOV,GDHM_Q04a,2.0,Phase 2
GDHM_SURVEY_CATEGORY_AVG,2019,450,GDHM_CAT1_LEAD_GOV,,4.0,Phase 4
GDHM_SURVEY_COUNTRYRESPONSE_SCORE,2019,450,GDHM_CAT2_STRAT_INV,GDHM_Q05,4.0,Phase 4
GDHM_SURVEY_COUNTRYRESPONSE_SCORE,2019,450,GDHM_CAT2_STRAT_INV,GDHM_Q05a,3.0,Phase 3
GDHM_SURVEY_COUNTRYRESPONSE_SCORE,2019,450,GDHM_CAT2_STRAT_INV,GDHM_Q06,2.0,Phase 2
GDHM_SURVEY_COUNTRYRESPONSE_SCORE,2019,450,GDHM_CAT2_STRAT_INV,GDHM_Q06a,2.0,Phase 2
GDHM_SURVEY_CATEGORY_AVG,2019,450,GDHM_CAT2_STRAT_INV,,3.0,Phase 3
GDHM_SURVEY_COUNTRYRESPONSE_SCORE,2019,450,GDHM_CAT3_LEG,GDHM_Q07,4.0,Phase 4
GDHM_SURVEY_COUNTRYRESPONSE_SCORE,2019,450,GDHM_CAT3_LEG,GDHM_Q08,5.0,Phase 5
GDHM_SURVEY_COUNTRYRESPONSE_SCORE,2019,450,GDHM_CAT3_LEG,GDHM_Q09,1.0,Phase 1
GDHM_SURVEY_COUNTRYRESPONSE_SCORE,2019,450,GDHM_CAT3_LEG,GDHM_Q09a,1.0,Phase 1
GDHM_SURVEY_COUNTRYRESPONSE_SCORE,2019,450,GDHM_CAT3_LEG,GDHM_Q10,1.0,Phase 1
GDHM_SURVEY_CATEGORY_AVG,2019,450,GDHM_CAT3_LEG,,3.0,Phase 3
GDHM_SURVEY_COUNTRYRESPONSE_SCORE,2019,450,GDHM_CAT4_WORKFORCE,GDHM_Q11,1.0,Phase 1
GDHM_SURVEY_COUNTRYRESPONSE_SCORE,2019,450,GDHM_CAT4_WORKFORCE,GDHM_Q12,1.0,Phase 1
GDHM_SURVEY_COUNTRYRESPONSE_SCORE,2019,450,GDHM_CAT4_WORKFORCE,GDHM_Q13,3.0,Phase 3
GDHM_SURVEY_COUNTRYRESPONSE_SCORE,2019,450,GDHM_CAT4_WORKFORCE,GDHM_Q14,1.0,Phase 1
GDHM_SURVEY_CATEGORY_AVG,2019,450,GDHM_CAT4_WORKFORCE,,2.0,Phase 2
GDHM_SURVEY_COUNTRYRESPONSE_SCORE,2023,040,GDHM_CAT7_SERV_APP,GDHM_Q21a,5.0,Phase 5
GDHM_SURVEY_COUNTRYRESPONSE_SCORE,2023,040,GDHM_CAT7_SERV_APP,GDHM_Q21b,5.0,Phase 5
GDHM_SURVEY_COUNTRYRESPONSE_SCORE,2023,040,GDHM_CAT7_SERV_APP,GDHM_Q21c,5.0,Phase 5
GDHM_SURVEY_COUNTRYRESPONSE_SCORE,2023,040,GDHM_CAT7_SERV_APP,GDHM_Q22,2.0,Phase 2
GDHM_SURVEY_COUNTRYRESPONSE_SCORE,2023,040,GDHM_CAT7_SERV_APP,GDHM_Q23,2.0,Phase 2
GDHM_SURVEY_CATEGORY_AVG,2023,040,GDHM_CAT7_SERV_APP,,4.0,Phase 4
GDHM_SURVEY_COUNTRYRESPONSE_SCORE,2023,031,GDHM_CAT1_LEAD_GOV,GDHM_Q01,0.0,Not Available
GDHM_SURVEY_COUNTRYRESPONSE_SCORE,2023,031,GDHM_CAT1_LEAD_GOV,GDHM_Q02,0.0,Not Available
GDHM_SURVEY_COUNTRYRESPONSE_SCORE,2023,031,GDHM_CAT1_LEAD_GOV,GDHM_Q02a,0.0,Not Available
GDHM_SURVEY_COUNTRYRESPONSE_SCORE,2023,031,GDHM_CAT1_LEAD_GOV,GDHM_Q03,0.0,Not Available
GDHM_SURVEY_COUNTRYRESPONSE_SCORE,2023,031,GDHM_CAT1_LEAD_GOV,GDHM_Q04,3.0,Phase 3
GDHM_SURVEY_COUNTRYRESPONSE_SCORE,2023,031,GDHM_CAT1_LEAD_GOV,GDHM_Q04a,0.0,Not Available
GDHM_SURVEY_CATEGORY_AVG,2023,031,GDHM_CAT1_LEAD_GOV,,3.0,Phase 3
GDHM_SURVEY_COUNTRYRESPONSE_SCORE,2023,031,GDHM_CAT2_STRAT_INV,GDHM_Q05,0.0,Not Available
GDHM_SURVEY_COUNTRYRESPONSE_SCORE,2023,031,GDHM_CAT2_STRAT_INV,GDHM_Q05a,0.0,Not Available
GDHM_SURVEY_COUNTRYRESPONSE_SCORE,2023,031,GDHM_CAT2_STRAT_INV,GDHM_Q06,0.0,Not Available
GDHM_SURVEY_COUNTRYRESPONSE_SCORE,2023,031,GDHM_CAT2_STRAT_INV,GDHM_Q06a,3.0,Phase 3
GDHM_SURVEY_CATEGORY_AVG,2023,031,GDHM_CAT2_STRAT_INV,,1.0,Not Available
GDHM_SURVEY_COUNTRYRESPONSE_SCORE,2023,031,GDHM_CAT3_LEG,GDHM_Q07,5.0,Phase 5
GDHM_SURVEY_COUNTRYRESPONSE_SCORE,2023,031,GDHM_CAT3_LEG,GDHM_Q08,3.0,Phase 3
GDHM_SURVEY_COUNTRYRESPONSE_SCORE,2023,031,GDHM_CAT3_LEG,GDHM_Q09,0.0,Not Available
GDHM_SURVEY_COUNTRYRESPONSE_SCORE,2023,031,GDHM_CAT3_LEG,GDHM_Q09a,0.0,Not Available
GDHM_SURVEY_COUNTRYRESPONSE_SCORE,2023,031,GDHM_CAT3_LEG,GDHM_Q10,0.0,Not Available
GDHM_SURVEY_CATEGORY_AVG,2023,031,GDHM_CAT3_LEG,,4.0,Phase 4
GDHM_SURVEY_COUNTRYRESPONSE_SCORE,2023,031,GDHM_CAT4_WORKFORCE,GDHM_Q11,0.0,Not Available
GDHM_SURVEY_COUNTRYRESPONSE_SCORE,2023,031,GDHM_CAT4_WORKFORCE,GDHM_Q12,0.0,Not Available
GDHM_SURVEY_COUNTRYRESPONSE_SCORE,2023,031,GDHM_CAT4_WORKFORCE,GDHM_Q13,0.0,Not Available
GDHM_SURVEY_COUNTRYRESPONSE_SCORE,2023,031,GDHM_CAT4_WORKFORCE,GDHM_Q14,0.0,Not Available
GDHM_SURVEY_CATEGORY_AVG,2023,031,GDHM_CAT4_WORKFORCE,,1.0,Not Available
GDHM_SURVEY_COUNTRYRESPONSE_SCORE,2023,031,GDHM_CAT5_STANDARDS,GDHM_Q15,0.0,Not Available
GDHM_SURVEY_COUNTRYRESPONSE_SCORE,2023,031,GDHM_CAT5_STANDARDS,GDHM_Q16,0.0,Not Available
GDHM_SURVEY_CATEGORY_AVG,2023,031,GDHM_CAT5_STANDARDS,,1.0,Not Available
GDHM_SURVEY_COUNTRYRESPONSE_SCORE,2023,031,GDHM_CAT6_INFRASTRUCTURE,GDHM_Q17,3.0,Phase 3
GDHM_SURVEY_COUNTRYRESPONSE_SCORE,2023,031,GDHM_CAT6_INFRASTRUCTURE,GDHM_Q18,4.0,Phase 4
GDHM_SURVEY_CATEGORY_AVG,2023,031,GDHM_CAT6_INFRASTRUCTURE,,4.0,Phase 4
GDHM_SURVEY_COUNTRYRESPONSE_SCORE,2023,031,GDHM_CAT7_SERV_APP,GDHM_Q19,0.0,Not Available
GDHM_SURVEY_COUNTRYRESPONSE_SCORE,2023,031,GDHM_CAT7_SERV_APP,GDHM_Q20,0.0,Not Available
GDHM_SURVEY_COUNTRYRESPONSE_SCORE,2023,031,GDHM_CAT7_SERV_APP,GDHM_Q21,0.0,Not Available
GDHM_SURVEY_COUNTRYRESPONSE_SCORE,2023,031,GDHM_CAT7_SERV_APP,GDHM_Q21a,0.0,Not Available
GDHM_SURVEY_COUNTRYRESPONSE_SCORE,2023,031,GDHM_CAT7_SERV_APP,GDHM_Q21b,0.0,Not Available
GDHM_SURVEY_COUNTRYRESPONSE_SCORE,2023,031,GDHM_CAT7_SERV_APP,GDHM_Q21c,0.0,Not Available
GDHM_SURVEY_COUNTRYRESPONSE_SCORE,2023,031,GDHM_CAT7_SERV_APP,GDHM_Q22,0.0,Not Available
GDHM_SURVEY_COUNTRYRESPONSE_SCORE,2023,031,GDHM_CAT7_SERV_APP,GDHM_Q23,0.0,Not Available
GDHM_SURVEY_CATEGORY_AVG,2023,031,GDHM_CAT7_SERV_APP,,1.0,Not Available
GDHM_SURVEY_COUNTRYRESPONSE_SCORE,2023,044,GDHM_CAT1_LEAD_GOV,GDHM_Q01,0.0,Not Available
GDHM_SURVEY_COUNTRYRESPONSE_SCORE,2023,044,GDHM_CAT1_LEAD_GOV,GDHM_Q02,0.0,Not Available
GDHM_SURVEY_COUNTRYRESPONSE_SCORE,2023,044,GDHM_CAT1_LEAD_GOV,GDHM_Q02a,0.0,Not Available
GDHM_SURVEY_COUNTRYRESPONSE_SCORE,2023,044,GDHM_CAT1_LEAD_GOV,GDHM_Q03,0.0,Not Available
GDHM_SURVEY_COUNTRYRESPONSE_SCORE,2023,044,GDHM_CAT1_LEAD_GOV,GDHM_Q04,0.0,Not Available
GDHM_SURVEY_COUNTRYRESPONSE_SCORE,2023,044,GDHM_CAT1_LEAD_GOV,GDHM_Q04a,0.0,Not Available
GDHM_SURVEY_CATEGORY_AVG,2023,044,GDHM_CAT1_LEAD_GOV,,1.0,Not Available
GDHM_SURVEY_COUNTRYRESPONSE_SCORE,2023,044,GDHM_CAT2_STRAT_INV,GDHM_Q05,0.0,Not Available
GDHM_SURVEY_COUNTRYRESPONSE_SCORE,2023,044,GDHM_CAT2_STRAT_INV,GDHM_Q05a,0.0,Not Available
GDHM_SURVEY_COUNTRYRESPONSE_SCORE,2023,044,GDHM_CAT2_STRAT_INV,GDHM_Q06,0.0,Not Available
GDHM_SURVEY_COUNTRYRESPONSE_SCORE,2023,044,GDHM_CAT2_STRAT_INV,GDHM_Q06a,0.0,Not Available
GDHM_SURVEY_CATEGORY_AVG,2023,044,GDHM_CAT2_STRAT_INV,,1.0,Not Available
GDHM_SURVEY_COUNTRYRESPONSE_SCORE,2023,044,GDHM_CAT3_LEG,GDHM_Q07,1.0,Phase 1
GDHM_SURVEY_COUNTRYRESPONSE_SCORE,2023,044,GDHM_CAT3_LEG,GDHM_Q08,0.0,Not Available
GDHM_SURVEY_COUNTRYRESPONSE_SCORE,2023,044,GDHM_CAT3_LEG,GDHM_Q09,0.0,Not Available
GDHM_SURVEY_COUNTRYRESPONSE_SCORE,2023,044,GDHM_CAT3_LEG,GDHM_Q09a,0.0,Not Available
GDHM_SURVEY_COUNTRYRESPONSE_SCORE,2023,044,GDHM_CAT3_LEG,GDHM_Q10,0.0,Not Available
GDHM_SURVEY_CATEGORY_AVG,2023,044,GDHM_CAT3_LEG,,1.0,Phase 1
GDHM_SURVEY_COUNTRYRESPONSE_SCORE,2023,044,GDHM_CAT4_WORKFORCE,GDHM_Q11,0.0,Not Available
GDHM_SURVEY_COUNTRYRESPONSE_SCORE,2023,044,GDHM_CAT4_WORKFORCE,GDHM_Q12,0.0,Not Available
GDHM_SURVEY_COUNTRYRESPONSE_SCORE,2023,044,GDHM_CAT4_WORKFORCE,GDHM_Q13,0.0,Not Available
GDHM_SURVEY_COUNTRYRESPONSE_SCORE,2023,044,GDHM_CAT4_WORKFORCE,GDHM_Q14,0.0,Not Available
GDHM_SURVEY_CATEGORY_AVG,2023,044,GDHM_CAT4_WORKFORCE,,1.0,Not Available
GDHM_SURVEY_COUNTRYRESPONSE_SCORE,2023,044,GDHM_CAT5_STANDARDS,GDHM_Q15,0.0,Not Available
GDHM_SURVEY_COUNTRYRESPONSE_SCORE,2023,044,GDHM_CAT5_STANDARDS,GDHM_Q16,0.0,Not Available
GDHM_SURVEY_CATEGORY_AVG,2023,044,GDHM_CAT5_STANDARDS,,1.0,Not Available
GDHM_SURVEY_COUNTRYRESPONSE_SCORE,2023,044,GDHM_CAT6_INFRASTRUCTURE,GDHM_Q17,0.0,Not Available
GDHM_SURVEY_COUNTRYRESPONSE_SCORE,2023,044,GDHM_CAT6_INFRASTRUCTURE,GDHM_Q18,4.0,Phase 4
GDHM_SURVEY_CATEGORY_AVG,2023,044,GDHM_CAT6_INFRASTRUCTURE,,4.0,Phase 4
GDHM_SURVEY_COUNTRYRESPONSE_SCORE,2023,044,GDHM_CAT7_SERV_APP,GDHM_Q19,0.0,Not Available
GDHM_SURVEY_COUNTRYRESPONSE_SCORE,2023,044,GDHM_CAT7_SERV_APP,GDHM_Q20,0.0,Not Available
GDHM_SURVEY_COUNTRYRESPONSE_SCORE,2023,044,GDHM_CAT7_SERV_APP,GDHM_Q21,0.0,Not Available
GDHM_SURVEY_COUNTRYRESPONSE_SCORE,2023,044,GDHM_CAT7_SERV_APP,GDHM_Q21a,0.0,Not Available
GDHM_SURVEY_COUNTRYRESPONSE_SCORE,2023,044,GDHM_CAT7_SERV_APP,GDHM_Q21b,0.0,Not Available
GDHM_SURVEY_COUNTRYRESPONSE_SCORE,2023,044,GDHM_CAT7_SERV_APP,GDHM_Q21c,0.0,Not Available
GDHM_SURVEY_COUNTRYRESPONSE_SCORE,2023,044,GDHM_CAT7_SERV_APP,GDHM_Q22,0.0,Not Available
GDHM_SURVEY_COUNTRYRESPONSE_SCORE,2023,044,GDHM_CAT7_SERV_APP,GDHM_Q23,0.0,Not Available
GDHM_SURVEY_CATEGORY_AVG,2023,044,GDHM_CAT7_SERV_APP,,1.0,Not Available
GDHM_SURVEY_COUNTRYRESPONSE_SCORE,2023,048,GDHM_CAT1_LEAD_GOV,GDHM_Q01,0.0,Not Available
GDHM_SURVEY_COUNTRYRESPONSE_SCORE,2023,048,GDHM_CAT1_LEAD_GOV,GDHM_Q02,0.0,Not Available
GDHM_SURVEY_COUNTRYRESPONSE_SCORE,2023,048,GDHM_CAT1_LEAD_GOV,GDHM_Q02a,0.0,Not Available
GDHM_SURVEY_COUNTRYRESPONSE_SCORE,2023,048,GDHM_CAT1_LEAD_GOV,GDHM_Q03,0.0,Not Available
GDHM_SURVEY_COUNTRYRESPONSE_SCORE,2023,048,GDHM_CAT1_LEAD_GOV,GDHM_Q04,4.0,Phase 4
GDHM_SURVEY_COUNTRYRESPONSE_SCORE,2023,048,GDHM_CAT1_LEAD_GOV,GDHM_Q04a,0.0,Not Available
GDHM_SURVEY_CATEGORY_AVG,2023,048,GDHM_CAT1_LEAD_GOV,,4.0,Phase 4
GDHM_SURVEY_COUNTRYRESPONSE_SCORE,2023,048,GDHM_CAT2_STRAT_INV,GDHM_Q05,0.0,Not Available
GDHM_SURVEY_COUNTRYRESPONSE_SCORE,2023,048,GDHM_CAT2_STRAT_INV,GDHM_Q05a,0.0,Not Available
GDHM_SURVEY_COUNTRYRESPONSE_SCORE,2023,048,GDHM_CAT2_STRAT_INV,GDHM_Q06,0.0,Not Available
GDHM_SURVEY_COUNTRYRESPONSE_SCORE,2023,048,GDHM_CAT2_STRAT_INV,GDHM_Q06a,2.0,Phase 2
GDHM_SURVEY_CATEGORY_AVG,2023,048,GDHM_CAT2_STRAT_INV,,1.0,Not Available
GDHM_SURVEY_COUNTRYRESPONSE_SCORE,2023,048,GDHM_CAT3_LEG,GDHM_Q07,4.0,Phase 4
GDHM_SURVEY_COUNTRYRESPONSE_SCORE,2023,048,GDHM_CAT3_LEG,GDHM_Q08,2.0,Phase 2
GDHM_SURVEY_COUNTRYRESPONSE_SCORE,2023,048,GDHM_CAT3_LEG,GDHM_Q09,4.0,Phase 4
GDHM_SURVEY_COUNTRYRESPONSE_SCORE,2023,048,GDHM_CAT3_LEG,GDHM_Q09a,0.0,Not Available
GDHM_SURVEY_COUNTRYRESPONSE_SCORE,2023,048,GDHM_CAT3_LEG,GDHM_Q10,0.0,Not Available
GDHM_SURVEY_CATEGORY_AVG,2023,048,GDHM_CAT3_LEG,,4.0,Phase 4
GDHM_SURVEY_COUNTRYRESPONSE_SCORE,2023,048,GDHM_CAT4_WORKFORCE,GDHM_Q11,0.0,Not Available
GDHM_SURVEY_COUNTRYRESPONSE_SCORE,2023,048,GDHM_CAT4_WORKFORCE,GDHM_Q12,0.0,Not Available
GDHM_SURVEY_COUNTRYRESPONSE_SCORE,2023,048,GDHM_CAT4_WORKFORCE,GDHM_Q13,0.0,Not Available
GDHM_SURVEY_COUNTRYRESPONSE_SCORE,2023,048,GDHM_CAT4_WORKFORCE,GDHM_Q14,0.0,Not Available
GDHM_SURVEY_CATEGORY_AVG,2023,048,GDHM_CAT4_WORKFORCE,,1.0,Not Available
GDHM_SURVEY_COUNTRYRESPONSE_SCORE,2023,048,GDHM_CAT5_STANDARDS,GDHM_Q15,0.0,Not Available
GDHM_SURVEY_COUNTRYRESPONSE_SCORE,2023,048,GDHM_CAT5_STANDARDS,GDHM_Q16,0.0,Not Available
GDHM_SURVEY_CATEGORY_AVG,2023,048,GDHM_CAT5_STANDARDS,,1.0,Not Available
GDHM_SURVEY_COUNTRYRESPONSE_SCORE,2023,048,GDHM_CAT6_INFRASTRUCTURE,GDHM_Q17,3.0,Phase 3
GDHM_SURVEY_COUNTRYRESPONSE_SCORE,2023,048,GDHM_CAT6_INFRASTRUCTURE,GDHM_Q18,5.0,Phase 5
GDHM_SURVEY_CATEGORY_AVG,2023,048,GDHM_CAT6_INFRASTRUCTURE,,4.0,Phase 4
GDHM_SURVEY_COUNTRYRESPONSE_SCORE,2023,048,GDHM_CAT7_SERV_APP,GDHM_Q19,0.0,Not Available
GDHM_SURVEY_COUNTRYRESPONSE_SCORE,2023,048,GDHM_CAT7_SERV_APP,GDHM_Q20,0.0,Not Available
GDHM_SURVEY_COUNTRYRESPONSE_SCORE,2023,048,GDHM_CAT7_SERV_APP,GDHM_Q21,0.0,Not Available
GDHM_SURVEY_COUNTRYRESPONSE_SCORE,2023,048,GDHM_CAT7_SERV_APP,GDHM_Q21a,0.0,Not Available
GDHM_SURVEY_COUNTRYRESPONSE_SCORE,2023,048,GDHM_CAT7_SERV_APP,GDHM_Q21b,0.0,Not Available
GDHM_SURVEY_COUNTRYRESPONSE_SCORE,2023,048,GDHM_CAT7_SERV_APP,GDHM_Q21c,0.0,Not Available
GDHM_SURVEY_COUNTRYRESPONSE_SCORE,2023,048,GDHM_CAT7_SERV_APP,GDHM_Q22,0.0,Not Available
GDHM_SURVEY_COUNTRYRESPONSE_SCORE,2023,048,GDHM_CAT7_SERV_APP,GDHM_Q23,0.0,Not Available
GDHM_SURVEY_CATEGORY_AVG,2023,048,GDHM_CAT7_SERV_APP,,1.0,Not Available
GDHM_SURVEY_COUNTRYRESPONSE_SCORE,2023,050,GDHM_CAT1_LEAD_GOV,GDHM_Q01,5.0,Phase 5
GDHM_SURVEY_COUNTRYRESPONSE_SCORE,2023,050,GDHM_CAT1_LEAD_GOV,GDHM_Q02,5.0,Phase 5
GDHM_SURVEY_COUNTRYRESPONSE_SCORE,2023,050,GDHM_CAT1_LEAD_GOV,GDHM_Q02a,4.0,Phase 4
GDHM_SURVEY_COUNTRYRESPONSE_SCORE,2023,050,GDHM_CAT1_LEAD_GOV,GDHM_Q03,5.0,Phase 5
GDHM_SURVEY_COUNTRYRESPONSE_SCORE,2023,050,GDHM_CAT1_LEAD_GOV,GDHM_Q04,5.0,Phase 5
GDHM_SURVEY_COUNTRYRESPONSE_SCORE,2023,050,GDHM_CAT1_LEAD_GOV,GDHM_Q04a,5.0,Phase 5
GDHM_SURVEY_CATEGORY_AVG,2023,050,GDHM_CAT1_LEAD_GOV,,5.0,Phase 5
GDHM_SURVEY_COUNTRYRESPONSE_SCORE,2023,050,GDHM_CAT2_STRAT_INV,GDHM_Q05,2.0,Phase 2
GDHM_SURVEY_COUNTRYRESPONSE_SCORE,2023,050,GDHM_CAT2_STRAT_INV,GDHM_Q05a,5.0,Phase 5
GDHM_SURVEY_COUNTRYRESPONSE_SCORE,2023,050,GDHM_CAT2_STRAT_INV,GDHM_Q06,5.0,Phase 5
GDHM_SURVEY_COUNTRYRESPONSE_SCORE,2023,050,GDHM_CAT2_STRAT_INV,GDHM_Q06a,3.0,Phase 3
GDHM_SURVEY_CATEGORY_AVG,2023,050,GDHM_CAT2_STRAT_INV,,4.0,Phase 4
GDHM_SURVEY_COUNTRYRESPONSE_SCORE,2023,050,GDHM_CAT3_LEG,GDHM_Q07,1.0,Phase 1
GDHM_SURVEY_COUNTRYRESPONSE_SCORE,2023,050,GDHM_CAT3_LEG,GDHM_Q08,1.0,Phase 1
GDHM_SURVEY_COUNTRYRESPONSE_SCORE,2023,050,GDHM_CAT3_LEG,GDHM_Q09,3.0,Phase 3
GDHM_SURVEY_COUNTRYRESPONSE_SCORE,2023,050,GDHM_CAT3_LEG,GDHM_Q09a,1.0,Phase 1
GDHM_SURVEY_COUNTRYRESPONSE_SCORE,2023,050,GDHM_CAT3_LEG,GDHM_Q10,2.0,Phase 2
GDHM_SURVEY_CATEGORY_AVG,2023,050,GDHM_CAT3_LEG,,2.0,Phase 2
GDHM_SURVEY_COUNTRYRESPONSE_SCORE,2023,050,GDHM_CAT4_WORKFORCE,GDHM_Q11,1.0,Phase 1
GDHM_SURVEY_COUNTRYRESPONSE_SCORE,2023,050,GDHM_CAT4_WORKFORCE,GDHM_Q12,4.0,Phase 4
GDHM_SURVEY_COUNTRYRESPONSE_SCORE,2023,050,GDHM_CAT4_WORKFORCE,GDHM_Q13,4.0,Phase 4
GDHM_SURVEY_COUNTRYRESPONSE_SCORE,2023,050,GDHM_CAT4_WORKFORCE,GDHM_Q14,2.0,Phase 2
GDHM_SURVEY_CATEGORY_AVG,2023,050,GDHM_CAT4_WORKFORCE,,3.0,Phase 3
GDHM_SURVEY_COUNTRYRESPONSE_SCORE,2023,050,GDHM_CAT5_STANDARDS,GDHM_Q15,1.0,Phase 1
GDHM_SURVEY_COUNTRYRESPONSE_SCORE,2023,050,GDHM_CAT5_STANDARDS,GDHM_Q16,2.0,Phase 2
GDHM_SURVEY_CATEGORY_AVG,2023,050,GDHM_CAT5_STANDARDS,,2.0,Phase 2
GDHM_SURVEY_COUNTRYRESPONSE_SCORE,2023,050,GDHM_CAT6_INFRASTRUCTURE,GDHM_Q17,3.0,Phase 3
GDHM_SURVEY_COUNTRYRESPONSE_SCORE,2023,050,GDHM_CAT6_INFRASTRUCTURE,GDHM_Q18,5.0,Phase 5
GDHM_SURVEY_CATEGORY_AVG,2023,050,GDHM_CAT6_INFRASTRUCTURE,,4.0,Phase 4
GDHM_SURVEY_COUNTRYRESPONSE_SCORE,2023,050,GDHM_CAT7_SERV_APP,GDHM_Q19,5.0,Phase 5
GDHM_SURVEY_COUNTRYRESPONSE_SCORE,2023,050,GDHM_CAT7_SERV_APP,GDHM_Q20,5.0,Phase 5
GDHM_SURVEY_COUNTRYRESPONSE_SCORE,2023,050,GDHM_CAT7_SERV_APP,GDHM_Q21,1.0,Phase 1
GDHM_SURVEY_COUNTRYRESPONSE_SCORE,2023,050,GDHM_CAT7_SERV_APP,GDHM_Q21a,1.0,Phase 1
GDHM_SURVEY_COUNTRYRESPONSE_SCORE,2023,050,GDHM_CAT7_SERV_APP,GDHM_Q21b,5.0,Phase 5
GDHM_SURVEY_COUNTRYRESPONSE_SCORE,2023,050,GDHM_CAT7_SERV_APP,GDHM_Q21c,5.0,Phase 5
GDHM_SURVEY_COUNTRYRESPONSE_SCORE,2023,050,GDHM_CAT7_SERV_APP,GDHM_Q22,5.0,Phase 5
GDHM_SURVEY_COUNTRYRESPONSE_SCORE,2023,050,GDHM_CAT7_SERV_APP,GDHM_Q23,5.0,Phase 5
GDHM_SURVEY_CATEGORY_AVG,2023,050,GDHM_CAT7_SERV_APP,,5.0,Phase 5
GDHM_SURVEY_COUNTRYRESPONSE_SCORE,2023,052,GDHM_CAT1_LEAD_GOV,GDHM_Q01,0.0,Not Available
GDHM_SURVEY_COUNTRYRESPONSE_SCORE,2023,052,GDHM_CAT1_LEAD_GOV,GDHM_Q02,0.0,Not Available
GDHM_SURVEY_COUNTRYRESPONSE_SCORE,2023,156,GDHM_CAT1_LEAD_GOV,GDHM_Q04,5.0,Phase 5
GDHM_SURVEY_COUNTRYRESPONSE_SCORE,2023,156,GDHM_CAT1_LEAD_GOV,GDHM_Q04a,0.0,Not Available
GDHM_SURVEY_CATEGORY_AVG,2023,156,GDHM_CAT1_LEAD_GOV,,5.0,Phase 5
GDHM_SURVEY_COUNTRYRESPONSE_SCORE,2023,156,GDHM_CAT2_STRAT_INV,GDHM_Q05,0.0,Not Available
GDHM_SURVEY_COUNTRYRESPONSE_SCORE,2023,156,GDHM_CAT2_STRAT_INV,GDHM_Q05a,0.0,Not Available
GDHM_SURVEY_COUNTRYRESPONSE_SCORE,2023,156,GDHM_CAT2_STRAT_INV,GDHM_Q06,0.0,Not Available
GDHM_SURVEY_COUNTRYRESPONSE_SCORE,2023,156,GDHM_CAT2_STRAT_INV,GDHM_Q06a,4.0,Phase 4
GDHM_SURVEY_CATEGORY_AVG,2023,156,GDHM_CAT2_STRAT_INV,,1.0,Not Available
GDHM_SURVEY_COUNTRYRESPONSE_SCORE,2023,156,GDHM_CAT3_LEG,GDHM_Q07,5.0,Phase 5
GDHM_SURVEY_COUNTRYRESPONSE_SCORE,2023,156,GDHM_CAT3_LEG,GDHM_Q08,2.0,Phase 2
GDHM_SURVEY_COUNTRYRESPONSE_SCORE,2023,156,GDHM_CAT3_LEG,GDHM_Q09,5.0,Phase 5
GDHM_SURVEY_COUNTRYRESPONSE_SCORE,2023,156,GDHM_CAT3_LEG,GDHM_Q09a,0.0,Not Available
GDHM_SURVEY_COUNTRYRESPONSE_SCORE,2023,156,GDHM_CAT3_LEG,GDHM_Q10,0.0,Not Available
GDHM_SURVEY_CATEGORY_AVG,2023,156,GDHM_CAT3_LEG,,4.0,Phase 4
GDHM_SURVEY_COUNTRYRESPONSE_SCORE,2023,156,GDHM_CAT4_WORKFORCE,GDHM_Q11,0.0,Not Available
GDHM_SURVEY_COUNTRYRESPONSE_SCORE,2023,156,GDHM_CAT4_WORKFORCE,GDHM_Q12,0.0,Not Available
GDHM_SURVEY_COUNTRYRESPONSE_SCORE,2023,156,GDHM_CAT4_WORKFORCE,GDHM_Q13,0.0,Not Available
GDHM_SURVEY_COUNTRYRESPONSE_SCORE,2023,156,GDHM_CAT4_WORKFORCE,GDHM_Q14,0.0,Not Available
GDHM_SURVEY_CATEGORY_AVG,2023,156,GDHM_CAT4_WORKFORCE,,1.0,Not Available
GDHM_SURVEY_COUNTRYRESPONSE_SCORE,2023,156,GDHM_CAT5_STANDARDS,GDHM_Q15,0.0,Not Available
GDHM_SURVEY_COUNTRYRESPONSE_SCORE,2023,156,GDHM_CAT5_STANDARDS,GDHM_Q16,0.0,Not Available
GDHM_SURVEY_CATEGORY_AVG,2023,156,GDHM_CAT5_STANDARDS,,1.0,Not Available
GDHM_SURVEY_COUNTRYRESPONSE_SCORE,2023,156,GDHM_CAT6_INFRASTRUCTURE,GDHM_Q17,3.0,Phase 3
GDHM_SURVEY_COUNTRYRESPONSE_SCORE,2023,156,GDHM_CAT6_INFRASTRUCTURE,GDHM_Q18,5.0,Phase 5
GDHM_SURVEY_CATEGORY_AVG,2023,156,GDHM_CAT6_INFRASTRUCTURE,,4.0,Phase 4
GDHM_SURVEY_COUNTRYRESPONSE_SCORE,2023,156,GDHM_CAT7_SERV_APP,GDHM_Q19,0.0,Not Available
GDHM_SURVEY_COUNTRYRESPONSE_SCORE,2023,156,GDHM_CAT7_SERV_APP,GDHM_Q20,0.0,Not Available
GDHM_SURVEY_COUNTRYRESPONSE_SCORE,2023,156,GDHM_CAT7_SERV_APP,GDHM_Q21,0.0,Not Available
GDHM_SURVEY_COUNTRYRESPONSE_SCORE,2023,156,GDHM_CAT7_SERV_APP,GDHM_Q21a,0.0,Not Available
GDHM_SURVEY_COUNTRYRESPONSE_SCORE,2023,156,GDHM_CAT7_SERV_APP,GDHM_Q21b,0.0,Not Available
GDHM_SURVEY_COUNTRYRESPONSE_SCORE,2023,156,GDHM_CAT7_SERV_APP,GDHM_Q21c,0.0,Not Available
GDHM_SURVEY_COUNTRYRESPONSE_SCORE,2023,156,GDHM_CAT7_SERV_APP,GDHM_Q22,0.0,Not Available
GDHM_SURVEY_COUNTRYRESPONSE_SCORE,2023,156,GDHM_CAT7_SERV_APP,GDHM_Q23,0.0,Not Available
GDHM_SURVEY_CATEGORY_AVG,2023,156,GDHM_CAT7_SERV_APP,,1.0,Not Available
GDHM_SURVEY_COUNTRYRESPONSE_SCORE,2023,170,GDHM_CAT1_LEAD_GOV,GDHM_Q01,5.0,Phase 5
GDHM_SURVEY_COUNTRYRESPONSE_SCORE,2023,170,GDHM_CAT1_LEAD_GOV,GDHM_Q02,4.0,Phase 4
GDHM_SURVEY_COUNTRYRESPONSE_SCORE,2023,170,GDHM_CAT1_LEAD_GOV,GDHM_Q02a,3.0,Phase 3
GDHM_SURVEY_COUNTRYRESPONSE_SCORE,2023,170,GDHM_CAT1_LEAD_GOV,GDHM_Q03,1.0,Phase 1
GDHM_SURVEY_COUNTRYRESPONSE_SCORE,2023,170,GDHM_CAT1_LEAD_GOV,GDHM_Q04,2.0,Phase 2
GDHM_SURVEY_COUNTRYRESPONSE_SCORE,2023,170,GDHM_CAT1_LEAD_GOV,GDHM_Q04a,2.0,Phase 2
GDHM_SURVEY_CATEGORY_AVG,2023,170,GDHM_CAT1_LEAD_GOV,,3.0,Phase 3
GDHM_SURVEY_COUNTRYRESPONSE_SCORE,2023,170,GDHM_CAT2_STRAT_INV,GDHM_Q05,2.0,Phase 2
GDHM_SURVEY_COUNTRYRESPONSE_SCORE,2023,170,GDHM_CAT2_STRAT_INV,GDHM_Q05a,4.0,Phase 4
GDHM_SURVEY_COUNTRYRESPONSE_SCORE,2023,170,GDHM_CAT2_STRAT_INV,GDHM_Q06,4.0,Phase 4
GDHM_SURVEY_COUNTRYRESPONSE_SCORE,2023,170,GDHM_CAT2_STRAT_INV,GDHM_Q06a,4.0,Phase 4
GDHM_SURVEY_CATEGORY_AVG,2023,170,GDHM_CAT2_STRAT_INV,,3.0,Phase 3
GDHM_SURVEY_COUNTRYRESPONSE_SCORE,2023,170,GDHM_CAT3_LEG,GDHM_Q07,5.0,Phase 5
GDHM_SURVEY_COUNTRYRESPONSE_SCORE,2023,170,GDHM_CAT3_LEG,GDHM_Q08,5.0,Phase 5
GDHM_SURVEY_COUNTRYRESPONSE_SCORE,2023,170,GDHM_CAT3_LEG,GDHM_Q09,3.0,Phase 3
GDHM_SURVEY_COUNTRYRESPONSE_SCORE,2023,170,GDHM_CAT3_LEG,GDHM_Q09a,1.0,Phase 1
GDHM_SURVEY_COUNTRYRESPONSE_SCORE,2023,170,GDHM_CAT3_LEG,GDHM_Q10,5.0,Phase 5
GDHM_SURVEY_CATEGORY_AVG,2023,170,GDHM_CAT3_LEG,,5.0,Phase 5
GDHM_SURVEY_COUNTRYRESPONSE_SCORE,2023,170,GDHM_CAT4_WORKFORCE,GDHM_Q11,4.0,Phase 4
GDHM_SURVEY_COUNTRYRESPONSE_SCORE,2023,170,GDHM_CAT4_WORKFORCE,GDHM_Q12,2.0,Phase 2
GDHM_SURVEY_COUNTRYRESPONSE_SCORE,2023,170,GDHM_CAT4_WORKFORCE,GDHM_Q13,4.0,Phase 4
GDHM_SURVEY_COUNTRYRESPONSE_SCORE,2023,170,GDHM_CAT4_WORKFORCE,GDHM_Q14,1.0,Phase 1
GDHM_SURVEY_CATEGORY_AVG,2023,170,GDHM_CAT4_WORKFORCE,,3.0,Phase 3
GDHM_SURVEY_COUNTRYRESPONSE_SCORE,2023,170,GDHM_CAT5_STANDARDS,GDHM_Q15,2.0,Phase 2
GDHM_SURVEY_COUNTRYRESPONSE_SCORE,2023,170,GDHM_CAT5_STANDARDS,GDHM_Q16,2.0,Phase 2
GDHM_SURVEY_CATEGORY_AVG,2023,170,GDHM_CAT5_STANDARDS,,2.0,Phase 2
GDHM_SURVEY_COUNTRYRESPONSE_SCORE,2023,170,GDHM_CAT6_INFRASTRUCTURE,GDHM_Q17,4.0,Phase 4
GDHM_SURVEY_COUNTRYRESPONSE_SCORE,2023,170,GDHM_CAT6_INFRASTRUCTURE,GDHM_Q18,4.0,Phase 4
GDHM_SURVEY_CATEGORY_AVG,2023,170,GDHM_CAT6_INFRASTRUCTURE,,4.0,Phase 4
GDHM_SURVEY_COUNTRYRESPONSE_SCORE,2023,170,GDHM_CAT7_SERV_APP,GDHM_Q19,4.0,Phase 4
GDHM_SURVEY_COUNTRYRESPONSE_SCORE,2023,170,GDHM_CAT7_SERV_APP,GDHM_Q20,5.0,Phase 5
GDHM_SURVEY_COUNTRYRESPONSE_SCORE,2023,170,GDHM_CAT7_SERV_APP,GDHM_Q21,5.0,Phase 5
GDHM_SURVEY_COUNTRYRESPONSE_SCORE,2023,170,GDHM_CAT7_SERV_APP,GDHM_Q21a,5.0,Phase 5
GDHM_SURVEY_COUNTRYRESPONSE_SCORE,2023,170,GDHM_CAT7_SERV_APP,GDHM_Q21b,5.0,Phase 5
GDHM_SURVEY_COUNTRYRESPONSE_SCORE,2023,170,GDHM_CAT7_SERV_APP,GDHM_Q21c,5.0,Phase 5
GDHM_SURVEY_COUNTRYRESPONSE_SCORE,2023,170,GDHM_CAT7_SERV_APP,GDHM_Q22,2.0,Phase 2
GDHM_SURVEY_COUNTRYRESPONSE_SCORE,2023,170,GDHM_CAT7_SERV_APP,GDHM_Q23,4.0,Phase 4
GDHM_SURVEY_CATEGORY_AVG,2023,170,GDHM_CAT7_SERV_APP,,4.0,Phase 4
GDHM_SURVEY_COUNTRYRESPONSE_SCORE,2023,174,GDHM_CAT1_LEAD_GOV,GDHM_Q01,1.0,Phase 1
GDHM_SURVEY_COUNTRYRESPONSE_SCORE,2023,174,GDHM_CAT1_LEAD_GOV,GDHM_Q02,2.0,Phase 2
GDHM_SURVEY_COUNTRYRESPONSE_SCORE,2023,174,GDHM_CAT1_LEAD_GOV,GDHM_Q02a,4.0,Phase 4
GDHM_SURVEY_COUNTRYRESPONSE_SCORE,2023,174,GDHM_CAT1_LEAD_GOV,GDHM_Q03,1.0,Phase 1
GDHM_SURVEY_COUNTRYRESPONSE_SCORE,2023,174,GDHM_CAT1_LEAD_GOV,GDHM_Q04,1.0,Phase 1
GDHM_SURVEY_COUNTRYRESPONSE_SCORE,2023,174,GDHM_CAT1_LEAD_GOV,GDHM_Q04a,1.0,Phase 1
GDHM_SURVEY_CATEGORY_AVG,2023,174,GDHM_CAT1_LEAD_GOV,,2.0,Phase 2
GDHM_SURVEY_COUNTRYRESPONSE_SCORE,2023,174,GDHM_CAT2_STRAT_INV,GDHM_Q05,4.0,Phase 4
GDHM_SURVEY_COUNTRYRESPONSE_SCORE,2023,174,GDHM_CAT2_STRAT_INV,GDHM_Q05a,4.0,Phase 4
GDHM_SURVEY_COUNTRYRESPONSE_SCORE,2023,174,GDHM_CAT2_STRAT_INV,GDHM_Q06,2.0,Phase 2
GDHM_SURVEY_COUNTRYRESPONSE_SCORE,2023,174,GDHM_CAT2_STRAT_INV,GDHM_Q06a,1.0,Phase 1
GDHM_SURVEY_CATEGORY_AVG,2023,174,GDHM_CAT2_STRAT_INV,,3.0,Phase 3
GDHM_SURVEY_COUNTRYRESPONSE_SCORE,2023,174,GDHM_CAT3_LEG,GDHM_Q07,1.0,Phase 1
GDHM_SURVEY_COUNTRYRESPONSE_SCORE,2023,174,GDHM_CAT3_LEG,GDHM_Q08,1.0,Phase 1
GDHM_SURVEY_COUNTRYRESPONSE_SCORE,2023,174,GDHM_CAT3_LEG,GDHM_Q09,1.0,Phase 1
GDHM_SURVEY_COUNTRYRESPONSE_SCORE,2023,174,GDHM_CAT3_LEG,GDHM_Q09a,1.0,Phase 1
GDHM_SURVEY_COUNTRYRESPONSE_SCORE,2023,174,GDHM_CAT3_LEG,GDHM_Q10,1.0,Phase 1
GDHM_SURVEY_CATEGORY_AVG,2023,174,GDHM_CAT3_LEG,,1.0,Phase 1
GDHM_SURVEY_COUNTRYRESPONSE_SCORE,2023,174,GDHM_CAT4_WORKFORCE,GDHM_Q11,1.0,Phase 1
GDHM_SURVEY_COUNTRYRESPONSE_SCORE,2023,174,GDHM_CAT4_WORKFORCE,GDHM_Q12,1.0,Phase 1
GDHM_SURVEY_COUNTRYRESPONSE_SCORE,2023,174,GDHM_CAT4_WORKFORCE,GDHM_Q13,1.0,Phase 1
GDHM_SURVEY_COUNTRYRESPONSE_SCORE,2023,174,GDHM_CAT4_WORKFORCE,GDHM_Q14,1.0,Phase 1
GDHM_SURVEY_CATEGORY_AVG,2023,174,GDHM_CAT4_WORKFORCE,,1.0,Phase 1
GDHM_SURVEY_COUNTRYRESPONSE_SCORE,2023,174,GDHM_CAT5_STANDARDS,GDHM_Q15,1.0,Phase 1
GDHM_SURVEY_COUNTRYRESPONSE_SCORE,2023,174,GDHM_CAT5_STANDARDS,GDHM_Q16,1.0,Phase 1
GDHM_SURVEY_CATEGORY_AVG,2023,174,GDHM_CAT5_STANDARDS,,1.0,Phase 1
GDHM_SURVEY_COUNTRYRESPONSE_SCORE,2023,174,GDHM_CAT6_INFRASTRUCTURE,GDHM_Q17,0.0,Not Available
GDHM_SURVEY_COUNTRYRESPONSE_SCORE,2023,174,GDHM_CAT6_INFRASTRUCTURE,GDHM_Q18,1.0,Phase 1
GDHM_SURVEY_CATEGORY_AVG,2023,174,GDHM_CAT6_INFRASTRUCTURE,,1.0,Phase 1
GDHM_SURVEY_COUNTRYRESPONSE_SCORE,2023,174,GDHM_CAT7_SERV_APP,GDHM_Q19,2.0,Phase 2
GDHM_SURVEY_COUNTRYRESPONSE_SCORE,2023,174,GDHM_CAT7_SERV_APP,GDHM_Q20,3.0,Phase 3
GDHM_SURVEY_COUNTRYRESPONSE_SCORE,2023,174,GDHM_CAT7_SERV_APP,GDHM_Q21,1.0,Phase 1
GDHM_SURVEY_COUNTRYRESPONSE_SCORE,2023,174,GDHM_CAT7_SERV_APP,GDHM_Q21a,1.0,Phase 1
GDHM_SURVEY_COUNTRYRESPONSE_SCORE,2023,174,GDHM_CAT7_SERV_APP,GDHM_Q21b,5.0,Phase 5
GDHM_SURVEY_COUNTRYRESPONSE_SCORE,2023,174,GDHM_CAT7_SERV_APP,GDHM_Q21c,1.0,Phase 1
GDHM_SURVEY_COUNTRYRESPONSE_SCORE,2023,174,GDHM_CAT7_SERV_APP,GDHM_Q22,1.0,Phase 1
GDHM_SURVEY_COUNTRYRESPONSE_SCORE,2023,174,GDHM_CAT7_SERV_APP,GDHM_Q23,2.0,Phase 2
GDHM_SURVEY_CATEGORY_AVG,2023,174,GDHM_CAT7_SERV_APP,,2.0,Phase 2
GDHM_SURVEY_COUNTRYRESPONSE_SCORE,2023,178,GDHM_CAT1_LEAD_GOV,GDHM_Q01,0.0,Not Available
GDHM_SURVEY_COUNTRYRESPONSE_SCORE,2023,178,GDHM_CAT1_LEAD_GOV,GDHM_Q02,0.0,Not Available
GDHM_SURVEY_COUNTRYRESPONSE_SCORE,2023,178,GDHM_CAT1_LEAD_GOV,GDHM_Q02a,0.0,Not Available
GDHM_SURVEY_COUNTRYRESPONSE_SCORE,2023,178,GDHM_CAT1_LEAD_GOV,GDHM_Q03,0.0,Not Available
GDHM_SURVEY_COUNTRYRESPONSE_SCORE,2023,178,GDHM_CAT1_LEAD_GOV,GDHM_Q04,0.0,Not Available
GDHM_SURVEY_COUNTRYRESPONSE_SCORE,2023,178,GDHM_CAT1_LEAD_GOV,GDHM_Q04a,0.0,Not Available
GDHM_SURVEY_CATEGORY_AVG,2023,178,GDHM_CAT1_LEAD_GOV,,1.0,Not Available
GDHM_SURVEY_COUNTRYRESPONSE_SCORE,2023,178,GDHM_CAT2_STRAT_INV,GDHM_Q05,0.0,Not Available
GDHM_SURVEY_COUNTRYRESPONSE_SCORE,2023,178,GDHM_CAT2_STRAT_INV,GDHM_Q05a,0.0,Not Available
GDHM_SURVEY_COUNTRYRESPONSE_SCORE,2023,178,GDHM_CAT2_STRAT_INV,GDHM_Q06,0.0,Not Available
GDHM_SURVEY_COUNTRYRESPONSE_SCORE,2023,178,GDHM_CAT2_STRAT_INV,GDHM_Q06a,0.0,Not Available
GDHM_SURVEY_CATEGORY_AVG,2023,178,GDHM_CAT2_STRAT_INV,,1.0,Not Available
GDHM_SURVEY_COUNTRYRESPONSE_SCORE,2023,178,GDHM_CAT3_LEG,GDHM_Q07,1.0,Phase 1
GDHM_SURVEY_COUNTRYRESPONSE_SCORE,2023,178,GDHM_CAT3_LEG,GDHM_Q08,0.0,Not Available
GDHM_SURVEY_COUNTRYRESPONSE_SCORE,2023,178,GDHM_CAT3_LEG,GDHM_Q09,0.0,Not Available
GDHM_SURVEY_COUNTRYRESPONSE_SCORE,2023,178,GDHM_CAT3_LEG,GDHM_Q09a,0.0,Not Available
GDHM_SURVEY_COUNTRYRESPONSE_SCORE,2023,178,GDHM_CAT3_LEG,GDHM_Q10,0.0,Not Available
GDHM_SURVEY_CATEGORY_AVG,2023,178,GDHM_CAT3_LEG,,1.0,Phase 1
GDHM_SURVEY_COUNTRYRESPONSE_SCORE,2023,178,GDHM_CAT4_WORKFORCE,GDHM_Q11,0.0,Not Available
GDHM_SURVEY_COUNTRYRESPONSE_SCORE,2023,178,GDHM_CAT4_WORKFORCE,GDHM_Q12,0.0,Not Available
GDHM_SURVEY_COUNTRYRESPONSE_SCORE,2023,178,GDHM_CAT4_WORKFORCE,GDHM_Q13,0.0,Not Available
GDHM_SURVEY_COUNTRYRESPONSE_SCORE,2023,178,GDHM_CAT4_WORKFORCE,GDHM_Q14,0.0,Not Available
GDHM_SURVEY_CATEGORY_AVG,2023,178,GDHM_CAT4_WORKFORCE,,1.0,Not Available
GDHM_SURVEY_COUNTRYRESPONSE_SCORE,2023,178,GDHM_CAT5_STANDARDS,GDHM_Q15,0.0,Not Available
GDHM_SURVEY_COUNTRYRESPONSE_SCORE,2023,178,GDHM_CAT5_STANDARDS,GDHM_Q16,0.0,Not Available
GDHM_SURVEY_CATEGORY_AVG,2023,178,GDHM_CAT5_STANDARDS,,1.0,Not Available
GDHM_SURVEY_COUNTRYRESPONSE_SCORE,2023,178,GDHM_CAT6_INFRASTRUCTURE,GDHM_Q17,0.0,Not Available
GDHM_SURVEY_COUNTRYRESPONSE_SCORE,2023,178,GDHM_CAT6_INFRASTRUCTURE,GDHM_Q18,3.0,Phase 3
GDHM_SURVEY_CATEGORY_AVG,2023,178,GDHM_CAT6_INFRASTRUCTURE,,3.0,Phase 3
GDHM_SURVEY_COUNTRYRESPONSE_SCORE,2023,178,GDHM_CAT7_SERV_APP,GDHM_Q19,0.0,Not Available
GDHM_SURVEY_COUNTRYRESPONSE_SCORE,2023,178,GDHM_CAT7_SERV_APP,GDHM_Q20,0.0,Not Available
GDHM_SURVEY_COUNTRYRESPONSE_SCORE,2023,178,GDHM_CAT7_SERV_APP,GDHM_Q21,0.0,Not Available
GDHM_SURVEY_COUNTRYRESPONSE_SCORE,2023,178,GDHM_CAT7_SERV_APP,GDHM_Q21a,0.0,Not Available
GDHM_SURVEY_COUNTRYRESPONSE_SCORE,2023,178,GDHM_CAT7_SERV_APP,GDHM_Q21b,0.0,Not Available
GDHM_SURVEY_COUNTRYRESPONSE_SCORE,2023,178,GDHM_CAT7_SERV_APP,GDHM_Q21c,0.0,Not Available
GDHM_SURVEY_COUNTRYRESPONSE_SCORE,2023,178,GDHM_CAT7_SERV_APP,GDHM_Q22,0.0,Not Available
GDHM_SURVEY_COUNTRYRESPONSE_SCORE,2023,178,GDHM_CAT7_SERV_APP,GDHM_Q23,0.0,Not Available
GDHM_SURVEY_CATEGORY_AVG,2023,178,GDHM_CAT7_SERV_APP,,1.0,Not Available
GDHM_SURVEY_COUNTRYRESPONSE_SCORE,2023,188,GDHM_CAT1_LEAD_GOV,GDHM_Q01,3.0,Phase 3
GDHM_SURVEY_COUNTRYRESPONSE_SCORE,2023,188,GDHM_CAT1_LEAD_GOV,GDHM_Q02,2.0,Phase 2
GDHM_SURVEY_COUNTRYRESPONSE_SCORE,2023,188,GDHM_CAT1_LEAD_GOV,GDHM_Q02a,0.0,Not Available
GDHM_SURVEY_COUNTRYRESPONSE_SCORE,2023,188,GDHM_CAT1_LEAD_GOV,GDHM_Q03,0.0,Not Available
GDHM_SURVEY_COUNTRYRESPONSE_SCORE,2023,188,GDHM_CAT1_LEAD_GOV,GDHM_Q04,0.0,Not Available
GDHM_SURVEY_COUNTRYRESPONSE_SCORE,2023,188,GDHM_CAT1_LEAD_GOV,GDHM_Q04a,0.0,Not Available
GDHM_SURVEY_CATEGORY_AVG,2023,188,GDHM_CAT1_LEAD_GOV,,3.0,Phase 3
GDHM_SURVEY_COUNTRYRESPONSE_SCORE,2023,188,GDHM_CAT2_STRAT_INV,GDHM_Q05,1.0,Phase 1
GDHM_SURVEY_COUNTRYRESPONSE_SCORE,2023,188,GDHM_CAT2_STRAT_INV,GDHM_Q05a,0.0,Not Available
GDHM_SURVEY_COUNTRYRESPONSE_SCORE,2023,188,GDHM_CAT2_STRAT_INV,GDHM_Q06,2.0,Phase 2
GDHM_SURVEY_COUNTRYRESPONSE_SCORE,2023,188,GDHM_CAT2_STRAT_INV,GDHM_Q06a,0.0,Not Available
GDHM_SURVEY_CATEGORY_AVG,2023,188,GDHM_CAT2_STRAT_INV,,2.0,Phase 2
GDHM_SURVEY_CATEGORY_AVG,2023,332,GDHM_CAT4_WORKFORCE,,1.0,Not Available
GDHM_SURVEY_COUNTRYRESPONSE_SCORE,2023,332,GDHM_CAT5_STANDARDS,GDHM_Q15,0.0,Not Available
GDHM_SURVEY_COUNTRYRESPONSE_SCORE,2023,332,GDHM_CAT5_STANDARDS,GDHM_Q16,0.0,Not Available
GDHM_SURVEY_CATEGORY_AVG,2023,332,GDHM_CAT5_STANDARDS,,1.0,Not Available
GDHM_SURVEY_COUNTRYRESPONSE_SCORE,2023,332,GDHM_CAT6_INFRASTRUCTURE,GDHM_Q17,0.0,Not Available
GDHM_SURVEY_COUNTRYRESPONSE_SCORE,2023,332,GDHM_CAT6_INFRASTRUCTURE,GDHM_Q18,2.0,Phase 2
GDHM_SURVEY_CATEGORY_AVG,2023,332,GDHM_CAT6_INFRASTRUCTURE,,2.0,Phase 2
GDHM_SURVEY_COUNTRYRESPONSE_SCORE,2023,332,GDHM_CAT7_SERV_APP,GDHM_Q19,0.0,Not Available
GDHM_SURVEY_COUNTRYRESPONSE_SCORE,2023,332,GDHM_CAT7_SERV_APP,GDHM_Q20,0.0,Not Available
GDHM_SURVEY_COUNTRYRESPONSE_SCORE,2023,332,GDHM_CAT7_SERV_APP,GDHM_Q21,0.0,Not Available
GDHM_SURVEY_COUNTRYRESPONSE_SCORE,2023,332,GDHM_CAT7_SERV_APP,GDHM_Q21a,0.0,Not Available
GDHM_SURVEY_COUNTRYRESPONSE_SCORE,2023,332,GDHM_CAT7_SERV_APP,GDHM_Q21b,0.0,Not Available
GDHM_SURVEY_COUNTRYRESPONSE_SCORE,2023,332,GDHM_CAT7_SERV_APP,GDHM_Q21c,0.0,Not Available
GDHM_SURVEY_COUNTRYRESPONSE_SCORE,2023,332,GDHM_CAT7_SERV_APP,GDHM_Q22,0.0,Not Available
GDHM_SURVEY_COUNTRYRESPONSE_SCORE,2023,332,GDHM_CAT7_SERV_APP,GDHM_Q23,0.0,Not Available
GDHM_SURVEY_CATEGORY_AVG,2023,332,GDHM_CAT7_SERV_APP,,1.0,Not Available
GDHM_SURVEY_COUNTRYRESPONSE_SCORE,2023,340,GDHM_CAT1_LEAD_GOV,GDHM_Q01,0.0,Not Available
GDHM_SURVEY_COUNTRYRESPONSE_SCORE,2023,340,GDHM_CAT1_LEAD_GOV,GDHM_Q02,0.0,Not Available
GDHM_SURVEY_COUNTRYRESPONSE_SCORE,2023,340,GDHM_CAT1_LEAD_GOV,GDHM_Q02a,0.0,Not Available
GDHM_SURVEY_COUNTRYRESPONSE_SCORE,2023,340,GDHM_CAT1_LEAD_GOV,GDHM_Q03,0.0,Not Available
GDHM_SURVEY_COUNTRYRESPONSE_SCORE,2023,340,GDHM_CAT1_LEAD_GOV,GDHM_Q04,3.0,Phase 3
GDHM_SURVEY_COUNTRYRESPONSE_SCORE,2023,340,GDHM_CAT1_LEAD_GOV,GDHM_Q04a,0.0,Not Available
GDHM_SURVEY_CATEGORY_AVG,2023,340,GDHM_CAT1_LEAD_GOV,,3.0,Phase 3
GDHM_SURVEY_COUNTRYRESPONSE_SCORE,2023,340,GDHM_CAT2_STRAT_INV,GDHM_Q05,0.0,Not Available
GDHM_SURVEY_COUNTRYRESPONSE_SCORE,2023,340,GDHM_CAT2_STRAT_INV,GDHM_Q05a,0.0,Not Available
GDHM_SURVEY_COUNTRYRESPONSE_SCORE,2023,340,GDHM_CAT2_STRAT_INV,GDHM_Q06,0.0,Not Available
GDHM_SURVEY_COUNTRYRESPONSE_SCORE,2023,340,GDHM_CAT2_STRAT_INV,GDHM_Q06a,2.0,Phase 2
GDHM_SURVEY_CATEGORY_AVG,2023,340,GDHM_CAT2_STRAT_INV,,1.0,Not Available
GDHM_SURVEY_COUNTRYRESPONSE_SCORE,2023,340,GDHM_CAT3_LEG,GDHM_Q07,1.0,Phase 1
GDHM_SURVEY_COUNTRYRESPONSE_SCORE,2023,340,GDHM_CAT3_LEG,GDHM_Q08,4.0,Phase 4
GDHM_SURVEY_COUNTRYRESPONSE_SCORE,2023,340,GDHM_CAT3_LEG,GDHM_Q09,1.0,Phase 1
GDHM_SURVEY_COUNTRYRESPONSE_SCORE,2023,340,GDHM_CAT3_LEG,GDHM_Q09a,0.0,Not Available
GDHM_SURVEY_COUNTRYRESPONSE_SCORE,2023,340,GDHM_CAT3_LEG,GDHM_Q10,0.0,Not Available
GDHM_SURVEY_CATEGORY_AVG,2023,340,GDHM_CAT3_LEG,,2.0,Phase 2
GDHM_SURVEY_COUNTRYRESPONSE_SCORE,2023,340,GDHM_CAT4_WORKFORCE,GDHM_Q11,0.0,Not Available
GDHM_SURVEY_COUNTRYRESPONSE_SCORE,2023,340,GDHM_CAT4_WORKFORCE,GDHM_Q12,0.0,Not Available
GDHM_SURVEY_COUNTRYRESPONSE_SCORE,2023,340,GDHM_CAT4_WORKFORCE,GDHM_Q13,0.0,Not Available
GDHM_SURVEY_COUNTRYRESPONSE_SCORE,2023,340,GDHM_CAT4_WORKFORCE,GDHM_Q14,0.0,Not Available
GDHM_SURVEY_CATEGORY_AVG,2023,340,GDHM_CAT4_WORKFORCE,,1.0,Not Available
GDHM_SURVEY_COUNTRYRESPONSE_SCORE,2023,340,GDHM_CAT5_STANDARDS,GDHM_Q15,0.0,Not Available
GDHM_SURVEY_COUNTRYRESPONSE_SCORE,2023,340,GDHM_CAT5_STANDARDS,GDHM_Q16,0.0,Not Available
GDHM_SURVEY_CATEGORY_AVG,2023,340,GDHM_CAT5_STANDARDS,,1.0,Not Available
GDHM_SURVEY_COUNTRYRESPONSE_SCORE,2023,340,GDHM_CAT6_INFRASTRUCTURE,GDHM_Q17,2.0,Phase 2
GDHM_SURVEY_COUNTRYRESPONSE_SCORE,2023,340,GDHM_CAT6_INFRASTRUCTURE,GDHM_Q18,4.0,Phase 4
GDHM_SURVEY_CATEGORY_AVG,2023,340,GDHM_CAT6_INFRASTRUCTURE,,3.0,Phase 3
GDHM_SURVEY_COUNTRYRESPONSE_SCORE,2023,340,GDHM_CAT7_SERV_APP,GDHM_Q19,0.0,Not Available
GDHM_SURVEY_COUNTRYRESPONSE_SCORE,2023,340,GDHM_CAT7_SERV_APP,GDHM_Q20,0.0,Not Available
GDHM_SURVEY_COUNTRYRESPONSE_SCORE,2023,340,GDHM_CAT7_SERV_APP,GDHM_Q21,0.0,Not Available
GDHM_SURVEY_COUNTRYRESPONSE_SCORE,2023,340,GDHM_CAT7_SERV_APP,GDHM_Q21a,0.0,Not Available
GDHM_SURVEY_COUNTRYRESPONSE_SCORE,2023,340,GDHM_CAT7_SERV_APP,GDHM_Q21b,0.0,Not Available
GDHM_SURVEY_COUNTRYRESPONSE_SCORE,2023,340,GDHM_CAT7_SERV_APP,GDHM_Q21c,0.0,Not Available
GDHM_SURVEY_COUNTRYRESPONSE_SCORE,2023,340,GDHM_CAT7_SERV_APP,GDHM_Q22,0.0,Not Available
GDHM_SURVEY_COUNTRYRESPONSE_SCORE,2023,340,GDHM_CAT7_SERV_APP,GDHM_Q23,0.0,Not Available
GDHM_SURVEY_CATEGORY_AVG,2023,340,GDHM_CAT7_SERV_APP,,1.0,Not Available
GDHM_SURVEY_COUNTRYRESPONSE_SCORE,2023,348,GDHM_CAT1_LEAD_GOV,GDHM_Q01,0.0,Not Available
GDHM_SURVEY_COUNTRYRESPONSE_SCORE,2023,348,GDHM_CAT1_LEAD_GOV,GDHM_Q02,0.0,Not Available
GDHM_SURVEY_COUNTRYRESPONSE_SCORE,2023,348,GDHM_CAT1_LEAD_GOV,GDHM_Q02a,0.0,Not Available
GDHM_SURVEY_COUNTRYRESPONSE_SCORE,2023,348,GDHM_CAT1_LEAD_GOV,GDHM_Q03,0.0,Not Available
GDHM_SURVEY_COUNTRYRESPONSE_SCORE,2023,348,GDHM_CAT1_LEAD_GOV,GDHM_Q04,4.0,Phase 4
GDHM_SURVEY_COUNTRYRESPONSE_SCORE,2023,348,GDHM_CAT1_LEAD_GOV,GDHM_Q04a,0.0,Not Available
GDHM_SURVEY_CATEGORY_AVG,2023,348,GDHM_CAT1_LEAD_GOV,,4.0,Phase 4
GDHM_SURVEY_COUNTRYRESPONSE_SCORE,2023,348,GDHM_CAT2_STRAT_INV,GDHM_Q05,0.0,Not Available
GDHM_SURVEY_COUNTRYRESPONSE_SCORE,2023,348,GDHM_CAT2_STRAT_INV,GDHM_Q05a,0.0,Not Available
GDHM_SURVEY_COUNTRYRESPONSE_SCORE,2023,348,GDHM_CAT2_STRAT_INV,GDHM_Q06,0.0,Not Available
GDHM_SURVEY_COUNTRYRESPONSE_SCORE,2023,348,GDHM_CAT2_STRAT_INV,GDHM_Q06a,3.0,Phase 3
GDHM_SURVEY_CATEGORY_AVG,2023,348,GDHM_CAT2_STRAT_INV,,1.0,Not Available
GDHM_SURVEY_COUNTRYRESPONSE_SCORE,2023,348,GDHM_CAT3_LEG,GDHM_Q07,5.0,Phase 5
GDHM_SURVEY_COUNTRYRESPONSE_SCORE,2023,348,GDHM_CAT3_LEG,GDHM_Q08,4.0,Phase 4
GDHM_SURVEY_COUNTRYRESPONSE_SCORE,2023,348,GDHM_CAT3_LEG,GDHM_Q09,3.0,Phase 3
GDHM_SURVEY_COUNTRYRESPONSE_SCORE,2023,348,GDHM_CAT3_LEG,GDHM_Q09a,0.0,Not Available
GDHM_SURVEY_COUNTRYRESPONSE_SCORE,2023,348,GDHM_CAT3_LEG,GDHM_Q10,0.0,Not Available
GDHM_SURVEY_CATEGORY_AVG,2023,348,GDHM_CAT3_LEG,,4.0,Phase 4
GDHM_SURVEY_COUNTRYRESPONSE_SCORE,2023,348,GDHM_CAT4_WORKFORCE,GDHM_Q11,0.0,Not Available
GDHM_SURVEY_COUNTRYRESPONSE_SCORE,2023,348,GDHM_CAT4_WORKFORCE,GDHM_Q12,0.0,Not Available
GDHM_SURVEY_COUNTRYRESPONSE_SCORE,2023,348,GDHM_CAT4_WORKFORCE,GDHM_Q13,0.0,Not Available
GDHM_SURVEY_COUNTRYRESPONSE_SCORE,2023,348,GDHM_CAT4_WORKFORCE,GDHM_Q14,0.0,Not Available
GDHM_SURVEY_CATEGORY_AVG,2023,348,GDHM_CAT4_WORKFORCE,,1.0,Not Available
GDHM_SURVEY_COUNTRYRESPONSE_SCORE,2023,348,GDHM_CAT5_STANDARDS,GDHM_Q15,0.0,Not Available
GDHM_SURVEY_COUNTRYRESPONSE_SCORE,2023,348,GDHM_CAT5_STANDARDS,GDHM_Q16,0.0,Not Available
GDHM_SURVEY_CATEGORY_AVG,2023,348,GDHM_CAT5_STANDARDS,,1.0,Not Available
GDHM_SURVEY_COUNTRYRESPONSE_SCORE,2023,348,GDHM_CAT6_INFRASTRUCTURE,GDHM_Q17,3.0,Phase 3
GDHM_SURVEY_COUNTRYRESPONSE_SCORE,2023,348,GDHM_CAT6_INFRASTRUCTURE,GDHM_Q18,5.0,Phase 5
GDHM_SURVEY_CATEGORY_AVG,2023,348,GDHM_CAT6_INFRASTRUCTURE,,4.0,Phase 4
GDHM_SURVEY_COUNTRYRESPONSE_SCORE,2023,348,GDHM_CAT7_SERV_APP,GDHM_Q19,0.0,Not Available
GDHM_SURVEY_COUNTRYRESPONSE_SCORE,2023,348,GDHM_CAT7_SERV_APP,GDHM_Q20,0.0,Not Available
GDHM_SURVEY_COUNTRYRESPONSE_SCORE,2023,348,GDHM_CAT7_SERV_APP,GDHM_Q21,0.0,Not Available
GDHM_SURVEY_COUNTRYRESPONSE_SCORE,2023,348,GDHM_CAT7_SERV_APP,GDHM_Q21a,0.0,Not Available
GDHM_SURVEY_COUNTRYRESPONSE_SCORE,2023,348,GDHM_CAT7_SERV_APP,GDHM_Q21b,0.0,Not Available
GDHM_SURVEY_COUNTRYRESPONSE_SCORE,2023,348,GDHM_CAT7_SERV_APP,GDHM_Q21c,0.0,Not Available
GDHM_SURVEY_COUNTRYRESPONSE_SCORE,2023,348,GDHM_CAT7_SERV_APP,GDHM_Q22,0.0,Not Available
GDHM_SURVEY_COUNTRYRESPONSE_SCORE,2023,348,GDHM_CAT7_SERV_APP,GDHM_Q23,0.0,Not Available
GDHM_SURVEY_CATEGORY_AVG,2023,348,GDHM_CAT7_SERV_APP,,1.0,Not Available
GDHM_SURVEY_COUNTRYRESPONSE_SCORE,2023,352,GDHM_CAT1_LEAD_GOV,GDHM_Q01,0.0,Not Available
GDHM_SURVEY_COUNTRYRESPONSE_SCORE,2023,352,GDHM_CAT1_LEAD_GOV,GDHM_Q02,0.0,Not Available
GDHM_SURVEY_COUNTRYRESPONSE_SCORE,2023,352,GDHM_CAT1_LEAD_GOV,GDHM_Q02a,0.0,Not Available
GDHM_SURVEY_COUNTRYRESPONSE_SCORE,2023,352,GDHM_CAT1_LEAD_GOV,GDHM_Q03,0.0,Not Available
GDHM_SURVEY_COUNTRYRESPONSE_SCORE,2023,352,GDHM_CAT1_LEAD_GOV,GDHM_Q04,5.0,Phase 5
GDHM_SURVEY_COUNTRYRESPONSE_SCORE,2023,352,GDHM_CAT1_LEAD_GOV,GDHM_Q04a,0.0,Not Available
GDHM_SURVEY_CATEGORY_AVG,2023,352,GDHM_CAT1_LEAD_GOV,,5.0,Phase 5
GDHM_SURVEY_COUNTRYRESPONSE_SCORE,2023,352,GDHM_CAT2_STRAT_INV,GDHM_Q05,0.0,Not Available
GDHM_SURVEY_COUNTRYRESPONSE_SCORE,2023,352,GDHM_CAT2_STRAT_INV,GDHM_Q05a,0.0,Not Available
GDHM_SURVEY_COUNTRYRESPONSE_SCORE,2023,352,GDHM_CAT2_STRAT_INV,GDHM_Q06,0.0,Not Available
GDHM_SURVEY_COUNTRYRESPONSE_SCORE,2023,352,GDHM_CAT2_STRAT_INV,GDHM_Q06a,4.0,Phase 4
GDHM_SURVEY_CATEGORY_AVG,2023,352,GDHM_CAT2_STRAT_INV,,1.0,Not Available
GDHM_SURVEY_COUNTRYRESPONSE_SCORE,2023,352,GDHM_CAT3_LEG,GDHM_Q07,4.0,Phase 4
GDHM_SURVEY_COUNTRYRESPONSE_SCORE,2023,352,GDHM_CAT3_LEG,GDHM_Q08,4.0,Phase 4
GDHM_SURVEY_COUNTRYRESPONSE_SCORE,2023,352,GDHM_CAT3_LEG,GDHM_Q09,4.0,Phase 4
GDHM_SURVEY_COUNTRYRESPONSE_SCORE,2023,352,GDHM_CAT3_LEG,GDHM_Q09a,0.0,Not Available
GDHM_SURVEY_COUNTRYRESPONSE_SCORE,2023,352,GDHM_CAT3_LEG,GDHM_Q10,0.0,Not Available
GDHM_SURVEY_CATEGORY_AVG,2023,352,GDHM_CAT3_LEG,,4.0,Phase 4
GDHM_SURVEY_COUNTRYRESPONSE_SCORE,2023,352,GDHM_CAT4_WORKFORCE,GDHM_Q11,0.0,Not Available
GDHM_SURVEY_COUNTRYRESPONSE_SCORE,2023,352,GDHM_CAT4_WORKFORCE,GDHM_Q12,0.0,Not Available
GDHM_SURVEY_COUNTRYRESPONSE_SCORE,2023,352,GDHM_CAT4_WORKFORCE,GDHM_Q13,0.0,Not Available
GDHM_SURVEY_COUNTRYRESPONSE_SCORE,2023,352,GDHM_CAT4_WORKFORCE,GDHM_Q14,0.0,Not Available
GDHM_SURVEY_CATEGORY_AVG,2023,352,GDHM_CAT4_WORKFORCE,,1.0,Not Available
GDHM_SURVEY_COUNTRYRESPONSE_SCORE,2023,352,GDHM_CAT5_STANDARDS,GDHM_Q15,0.0,Not Available
GDHM_SURVEY_COUNTRYRESPONSE_SCORE,2023,352,GDHM_CAT5_STANDARDS,GDHM_Q16,0.0,Not Available
GDHM_SURVEY_CATEGORY_AVG,2023,352,GDHM_CAT5_STANDARDS,,1.0,Not Available
GDHM_SURVEY_COUNTRYRESPONSE_SCORE,2023,352,GDHM_CAT6_INFRASTRUCTURE,GDHM_Q17,4.0,Phase 4
GDHM_SURVEY_COUNTRYRESPONSE_SCORE,2023,352,GDHM_CAT6_INFRASTRUCTURE,GDHM_Q18,5.0,Phase 5
GDHM_SURVEY_CATEGORY_AVG,2023,352,GDHM_CAT6_INFRASTRUCTURE,,5.0,Phase 5
GDHM_SURVEY_COUNTRYRESPONSE_SCORE,2023,352,GDHM_CAT7_SERV_APP,GDHM_Q19,0.0,Not Available
GDHM_SURVEY_COUNTRYRESPONSE_SCORE,2023,352,GDHM_CAT7_SERV_APP,GDHM_Q20,0.0,Not Available
GDHM_SURVEY_COUNTRYRESPONSE_SCORE,2023,352,GDHM_CAT7_SERV_APP,GDHM_Q21,0.0,Not Available
GDHM_SURVEY_COUNTRYRESPONSE_SCORE,2023,352,GDHM_CAT7_SERV_APP,GDHM_Q21a,0.0,Not Available
GDHM_SURVEY_COUNTRYRESPONSE_SCORE,2023,352,GDHM_CAT7_SERV_APP,GDHM_Q21b,0.0,Not Available
GDHM_SURVEY_COUNTRYRESPONSE_SCORE,2023,352,GDHM_CAT7_SERV_APP,GDHM_Q21c,0.0,Not Available
GDHM_SURVEY_COUNTRYRESPONSE_SCORE,2023,352,GDHM_CAT7_SERV_APP,GDHM_Q22,0.0,Not Available
GDHM_SURVEY_COUNTRYRESPONSE_SCORE,2023,352,GDHM_CAT7_SERV_APP,GDHM_Q23,0.0,Not Available
GDHM_SURVEY_CATEGORY_AVG,2023,352,GDHM_CAT7_SERV_APP,,1.0,Not Available
GDHM_SURVEY_COUNTRYRESPONSE_SCORE,2023,356,GDHM_CAT1_LEAD_GOV,GDHM_Q01,0.0,Not Available
GDHM_SURVEY_COUNTRYRESPONSE_SCORE,2023,356,GDHM_CAT1_LEAD_GOV,GDHM_Q02,0.0,Not Available
GDHM_SURVEY_COUNTRYRESPONSE_SCORE,2023,356,GDHM_CAT1_LEAD_GOV,GDHM_Q02a,0.0,Not Available
GDHM_SURVEY_COUNTRYRESPONSE_SCORE,2023,356,GDHM_CAT1_LEAD_GOV,GDHM_Q03,0.0,Not Available
GDHM_SURVEY_COUNTRYRESPONSE_SCORE,2023,356,GDHM_CAT1_LEAD_GOV,GDHM_Q04,3.0,Phase 3
GDHM_SURVEY_COUNTRYRESPONSE_SCORE,2023,356,GDHM_CAT1_LEAD_GOV,GDHM_Q04a,0.0,Not Available
GDHM_SURVEY_CATEGORY_AVG,2023,356,GDHM_CAT1_LEAD_GOV,,3.0,Phase 3
GDHM_SURVEY_COUNTRYRESPONSE_SCORE,2023,356,GDHM_CAT2_STRAT_INV,GDHM_Q05,0.0,Not Available
GDHM_SURVEY_COUNTRYRESPONSE_SCORE,2023,356,GDHM_CAT2_STRAT_INV,GDHM_Q05a,0.0,Not Available
GDHM_SURVEY_COUNTRYRESPONSE_SCORE,2023,356,GDHM_CAT2_STRAT_INV,GDHM_Q06,0.0,Not Available
GDHM_SURVEY_COUNTRYRESPONSE_SCORE,2023,356,GDHM_CAT2_STRAT_INV,GDHM_Q06a,3.0,Phase 3
GDHM_SURVEY_CATEGORY_AVG,2023,356,GDHM_CAT2_STRAT_INV,,1.0,Not Available
GDHM_SURVEY_COUNTRYRESPONSE_SCORE,2023,356,GDHM_CAT3_LEG,GDHM_Q07,5.0,Phase 5
GDHM_SURVEY_COUNTRYRESPONSE_SCORE,2023,356,GDHM_CAT3_LEG,GDHM_Q08,3.0,Phase 3
GDHM_SURVEY_COUNTRYRESPONSE_SCORE,2023,356,GDHM_CAT3_LEG,GDHM_Q09,4.0,Phase 4
GDHM_SURVEY_COUNTRYRESPONSE_SCORE,2023,356,GDHM_CAT3_LEG,GDHM_Q09a,0.0,Not Available
GDHM_SURVEY_COUNTRYRESPONSE_SCORE,2023,356,GDHM_CAT3_LEG,GDHM_Q10,0.0,Not Available
GDHM_SURVEY_CATEGORY_AVG,2023,356,GDHM_CAT3_LEG,,4.0,Phase 4
GDHM_SURVEY_COUNTRYRESPONSE_SCORE,2023,356,GDHM_CAT4_WORKFORCE,GDHM_Q11,0.0,Not Available
GDHM_SURVEY_COUNTRYRESPONSE_SCORE,2023,356,GDHM_CAT4_WORKFORCE,GDHM_Q12,0.0,Not Available
GDHM_SURVEY_COUNTRYRESPONSE_SCORE,2023,356,GDHM_CAT4_WORKFORCE,GDHM_Q13,0.0,Not Available
GDHM_SURVEY_COUNTRYRESPONSE_SCORE,2023,356,GDHM_CAT4_WORKFORCE,GDHM_Q14,0.0,Not Available
GDHM_SURVEY_CATEGORY_AVG,2023,356,GDHM_CAT4_WORKFORCE,,1.0,Not Available
GDHM_SURVEY_COUNTRYRESPONSE_SCORE,2023,356,GDHM_CAT5_STANDARDS,GDHM_Q15,0.0,Not Available
GDHM_SURVEY_COUNTRYRESPONSE_SCORE,2023,356,GDHM_CAT5_STANDARDS,GDHM_Q16,0.0,Not Available
GDHM_SURVEY_CATEGORY_AVG,2023,356,GDHM_CAT5_STANDARDS,,1.0,Not Available
GDHM_SURVEY_COUNTRYRESPONSE_SCORE,2023,356,GDHM_CAT6_INFRASTRUCTURE,GDHM_Q17,3.0,Phase 3
GDHM_SURVEY_COUNTRYRESPONSE_SCORE,2023,356,GDHM_CAT6_INFRASTRUCTURE,GDHM_Q18,3.0,Phase 3
GDHM_SURVEY_CATEGORY_AVG,2023,356,GDHM_CAT6_INFRASTRUCTURE,,3.0,Phase 3
GDHM_SURVEY_COUNTRYRESPONSE_SCORE,2023,356,GDHM_CAT7_SERV_APP,GDHM_Q19,0.0,Not Available
GDHM_SURVEY_COUNTRYRESPONSE_SCORE,2023,442,GDHM_CAT7_SERV_APP,GDHM_Q21a,0.0,Not Available
GDHM_SURVEY_COUNTRYRESPONSE_SCORE,2023,442,GDHM_CAT7_SERV_APP,GDHM_Q21b,0.0,Not Available
GDHM_SURVEY_COUNTRYRESPONSE_SCORE,2023,442,GDHM_CAT7_SERV_APP,GDHM_Q21c,0.0,Not Available
GDHM_SURVEY_COUNTRYRESPONSE_SCORE,2023,442,GDHM_CAT7_SERV_APP,GDHM_Q22,0.0,Not Available
GDHM_SURVEY_COUNTRYRESPONSE_SCORE,2023,442,GDHM_CAT7_SERV_APP,GDHM_Q23,0.0,Not Available
GDHM_SURVEY_CATEGORY_AVG,2023,442,GDHM_CAT7_SERV_APP,,1.0,Not Available
GDHM_SURVEY_COUNTRYRESPONSE_SCORE,2023,450,GDHM_CAT1_LEAD_GOV,GDHM_Q01,4.0,Phase 4
GDHM_SURVEY_COUNTRYRESPONSE_SCORE,2023,450,GDHM_CAT1_LEAD_GOV,GDHM_Q02,3.0,Phase 3
GDHM_SURVEY_COUNTRYRESPONSE_SCORE,2023,450,GDHM_CAT1_LEAD_GOV,GDHM_Q02a,4.0,Phase 4
GDHM_SURVEY_COUNTRYRESPONSE_SCORE,2023,450,GDHM_CAT1_LEAD_GOV,GDHM_Q03,3.0,Phase 3
GDHM_SURVEY_COUNTRYRESPONSE_SCORE,2023,450,GDHM_CAT1_LEAD_GOV,GDHM_Q04,2.0,Phase 2
GDHM_SURVEY_COUNTRYRESPONSE_SCORE,2023,450,GDHM_CAT1_LEAD_GOV,GDHM_Q04a,2.0,Phase 2
GDHM_SURVEY_CATEGORY_AVG,2023,450,GDHM_CAT1_LEAD_GOV,,3.0,Phase 3
GDHM_SURVEY_COUNTRYRESPONSE_SCORE,2023,450,GDHM_CAT2_STRAT_INV,GDHM_Q05,2.0,Phase 2
GDHM_SURVEY_COUNTRYRESPONSE_SCORE,2023,450,GDHM_CAT2_STRAT_INV,GDHM_Q05a,3.0,Phase 3
GDHM_SURVEY_COUNTRYRESPONSE_SCORE,2023,450,GDHM_CAT2_STRAT_INV,GDHM_Q06,2.0,Phase 2
GDHM_SURVEY_COUNTRYRESPONSE_SCORE,2023,450,GDHM_CAT2_STRAT_INV,GDHM_Q06a,2.0,Phase 2
GDHM_SURVEY_CATEGORY_AVG,2023,450,GDHM_CAT2_STRAT_INV,,2.0,Phase 2
GDHM_SURVEY_COUNTRYRESPONSE_SCORE,2023,450,GDHM_CAT3_LEG,GDHM_Q07,4.0,Phase 4
GDHM_SURVEY_COUNTRYRESPONSE_SCORE,2023,450,GDHM_CAT3_LEG,GDHM_Q08,5.0,Phase 5
GDHM_SURVEY_COUNTRYRESPONSE_SCORE,2023,450,GDHM_CAT3_LEG,GDHM_Q09,1.0,Phase 1
GDHM_SURVEY_COUNTRYRESPONSE_SCORE,2023,450,GDHM_CAT3_LEG,GDHM_Q09a,1.0,Phase 1
GDHM_SURVEY_COUNTRYRESPONSE_SCORE,2023,450,GDHM_CAT3_LEG,GDHM_Q10,1.0,Phase 1
GDHM_SURVEY_CATEGORY_AVG,2023,450,GDHM_CAT3_LEG,,3.0,Phase 3
GDHM_SURVEY_COUNTRYRESPONSE_SCORE,2023,450,GDHM_CAT4_WORKFORCE,GDHM_Q11,1.0,Phase 1
GDHM_SURVEY_COUNTRYRESPONSE_SCORE,2023,450,GDHM_CAT4_WORKFORCE,GDHM_Q12,0.0,Not Available
GDHM_SURVEY_COUNTRYRESPONSE_SCORE,2023,450,GDHM_CAT4_WORKFORCE,GDHM_Q13,0.0,Not Available
GDHM_SURVEY_COUNTRYRESPONSE_SCORE,2023,450,GDHM_CAT4_WORKFORCE,GDHM_Q14,0.0,Not Available
GDHM_SURVEY_CATEGORY_AVG,2023,450,GDHM_CAT4_WORKFORCE,,1.0,Phase 1
GDHM_SURVEY_COUNTRYRESPONSE_SCORE,2023,450,GDHM_CAT5_STANDARDS,GDHM_Q15,3.0,Phase 3
GDHM_SURVEY_COUNTRYRESPONSE_SCORE,2023,450,GDHM_CAT5_STANDARDS,GDHM_Q16,2.0,Phase 2
GDHM_SURVEY_CATEGORY_AVG,2023,450,GDHM_CAT5_STANDARDS,,3.0,Phase 3
GDHM_SURVEY_COUNTRYRESPONSE_SCORE,2023,450,GDHM_CAT6_INFRASTRUCTURE,GDHM_Q17,2.0,Phase 2
GDHM_SURVEY_COUNTRYRESPONSE_SCORE,2023,450,GDHM_CAT6_INFRASTRUCTURE,GDHM_Q18,1.0,Phase 1
GDHM_SURVEY_CATEGORY_AVG,2023,450,GDHM_CAT6_INFRASTRUCTURE,,2.0,Phase 2
GDHM_SURVEY_COUNTRYRESPONSE_SCORE,2023,450,GDHM_CAT7_SERV_APP,GDHM_Q19,2.0,Phase 2
GDHM_SURVEY_COUNTRYRESPONSE_SCORE,2023,450,GDHM_CAT7_SERV_APP,GDHM_Q20,1.0,Phase 1
GDHM_SURVEY_COUNTRYRESPONSE_SCORE,2023,450,GDHM_CAT7_SERV_APP,GDHM_Q21,1.0,Phase 1
GDHM_SURVEY_COUNTRYRESPONSE_SCORE,2023,450,GDHM_CAT7_SERV_APP,GDHM_Q21a,0.0,Not Available
GDHM_SURVEY_COUNTRYRESPONSE_SCORE,2023,450,GDHM_CAT7_SERV_APP,GDHM_Q21b,1.0,Phase 1
GDHM_SURVEY_COUNTRYRESPONSE_SCORE,2023,450,GDHM_CAT7_SERV_APP,GDHM_Q21c,1.0,Phase 1
GDHM_SURVEY_COUNTRYRESPONSE_SCORE,2023,450,GDHM_CAT7_SERV_APP,GDHM_Q22,1.0,Phase 1
GDHM_SURVEY_COUNTRYRESPONSE_SCORE,2023,450,GDHM_CAT7_SERV_APP,GDHM_Q23,5.0,Phase 5
GDHM_SURVEY_CATEGORY_AVG,2023,450,GDHM_CAT7_SERV_APP,,2.0,Phase 2
GDHM_SURVEY_COUNTRYRESPONSE_SCORE,2023,454,GDHM_CAT1_LEAD_GOV,GDHM_Q01,5.0,Phase 5
GDHM_SURVEY_COUNTRYRESPONSE_SCORE,2023,454,GDHM_CAT1_LEAD_GOV,GDHM_Q02,5.0,Phase 5
GDHM_SURVEY_COUNTRYRESPONSE_SCORE,2023,454,GDHM_CAT1_LEAD_GOV,GDHM_Q02a,5.0,Phase 5
GDHM_SURVEY_COUNTRYRESPONSE_SCORE,2023,454,GDHM_CAT1_LEAD_GOV,GDHM_Q03,4.0,Phase 4
GDHM_SURVEY_COUNTRYRESPONSE_SCORE,2023,454,GDHM_CAT1_LEAD_GOV,GDHM_Q04,3.0,Phase 3
GDHM_SURVEY_COUNTRYRESPONSE_SCORE,2023,454,GDHM_CAT1_LEAD_GOV,GDHM_Q04a,2.0,Phase 2
GDHM_SURVEY_CATEGORY_AVG,2023,454,GDHM_CAT1_LEAD_GOV,,5.0,Phase 5
GDHM_SURVEY_COUNTRYRESPONSE_SCORE,2023,454,GDHM_CAT2_STRAT_INV,GDHM_Q05,5.0,Phase 5
GDHM_SURVEY_COUNTRYRESPONSE_SCORE,2023,454,GDHM_CAT2_STRAT_INV,GDHM_Q05a,5.0,Phase 5
GDHM_SURVEY_COUNTRYRESPONSE_SCORE,2023,454,GDHM_CAT2_STRAT_INV,GDHM_Q06,3.0,Phase 3
GDHM_SURVEY_COUNTRYRESPONSE_SCORE,2023,454,GDHM_CAT2_STRAT_INV,GDHM_Q06a,2.0,Phase 2
GDHM_SURVEY_CATEGORY_AVG,2023,454,GDHM_CAT2_STRAT_INV,,4.0,Phase 4
GDHM_SURVEY_COUNTRYRESPONSE_SCORE,2023,454,GDHM_CAT3_LEG,GDHM_Q07,2.0,Phase 2
GDHM_SURVEY_COUNTRYRESPONSE_SCORE,2023,454,GDHM_CAT3_LEG,GDHM_Q08,5.0,Phase 5
GDHM_SURVEY_COUNTRYRESPONSE_SCORE,2023,454,GDHM_CAT3_LEG,GDHM_Q09,1.0,Phase 1
GDHM_SURVEY_COUNTRYRESPONSE_SCORE,2023,454,GDHM_CAT3_LEG,GDHM_Q09a,1.0,Phase 1
GDHM_SURVEY_COUNTRYRESPONSE_SCORE,2023,454,GDHM_CAT3_LEG,GDHM_Q10,2.0,Phase 2
GDHM_SURVEY_CATEGORY_AVG,2023,454,GDHM_CAT3_LEG,,3.0,Phase 3
GDHM_SURVEY_COUNTRYRESPONSE_SCORE,2023,454,GDHM_CAT4_WORKFORCE,GDHM_Q11,4.0,Phase 4
GDHM_SURVEY_COUNTRYRESPONSE_SCORE,2023,454,GDHM_CAT4_WORKFORCE,GDHM_Q12,3.0,Phase 3
GDHM_SURVEY_COUNTRYRESPONSE_SCORE,2023,454,GDHM_CAT4_WORKFORCE,GDHM_Q13,4.0,Phase 4
GDHM_SURVEY_COUNTRYRESPONSE_SCORE,2023,454,GDHM_CAT4_WORKFORCE,GDHM_Q14,3.0,Phase 3
GDHM_SURVEY_CATEGORY_AVG,2023,454,GDHM_CAT4_WORKFORCE,,4.0,Phase 4
GDHM_SURVEY_COUNTRYRESPONSE_SCORE,2023,454,GDHM_CAT5_STANDARDS,GDHM_Q15,5.0,Phase 5
GDHM_SURVEY_COUNTRYRESPONSE_SCORE,2023,454,GDHM_CAT5_STANDARDS,GDHM_Q16,5.0,Phase 5
GDHM_SURVEY_CATEGORY_AVG,2023,454,GDHM_CAT5_STANDARDS,,5.0,Phase 5
GDHM_SURVEY_COUNTRYRESPONSE_SCORE,2023,454,GDHM_CAT6_INFRASTRUCTURE,GDHM_Q17,3.0,Phase 3
GDHM_SURVEY_COUNTRYRESPONSE_SCORE,2023,454,GDHM_CAT6_INFRASTRUCTURE,GDHM_Q18,3.0,Phase 3
GDHM_SURVEY_CATEGORY_AVG,2023,454,GDHM_CAT6_INFRASTRUCTURE,,3.0,Phase 3
GDHM_SURVEY_COUNTRYRESPONSE_SCORE,2023,454,GDHM_CAT7_SERV_APP,GDHM_Q19,3.0,Phase 3
GDHM_SURVEY_COUNTRYRESPONSE_SCORE,2023,454,GDHM_CAT7_SERV_APP,GDHM_Q20,4.0,Phase 4
GDHM_SURVEY_COUNTRYRESPONSE_SCORE,2023,454,GDHM_CAT7_SERV_APP,GDHM_Q21,3.0,Phase 3
GDHM_SURVEY_COUNTRYRESPONSE_SCORE,2023,454,GDHM_CAT7_SERV_APP,GDHM_Q21a,3.0,Phase 3
GDHM_SURVEY_COUNTRYRESPONSE_SCORE,2023,454,GDHM_CAT7_SERV_APP,GDHM_Q21b,4.0,Phase 4
GDHM_SURVEY_COUNTRYRESPONSE_SCORE,2023,454,GDHM_CAT7_SERV_APP,GDHM_Q21c,3.0,Phase 3
GDHM_SURVEY_COUNTRYRESPONSE_SCORE,2023,454,GDHM_CAT7_SERV_APP,GDHM_Q22,1.0,Phase 1
GDHM_SURVEY_COUNTRYRESPONSE_SCORE,2023,454,GDHM_CAT7_SERV_APP,GDHM_Q23,5.0,Phase 5
GDHM_SURVEY_CATEGORY_AVG,2023,454,GDHM_CAT7_SERV_APP,,4.0,Phase 4
GDHM_SURVEY_COUNTRYRESPONSE_SCORE,2023,458,GDHM_CAT1_LEAD_GOV,GDHM_Q01,4.0,Phase 4
GDHM_SURVEY_COUNTRYRESPONSE_SCORE,2023,458,GDHM_CAT1_LEAD_GOV,GDHM_Q02,5.0,Phase 5
GDHM_SURVEY_COUNTRYRESPONSE_SCORE,2023,458,GDHM_CAT1_LEAD_GOV,GDHM_Q02a,3.0,Phase 3
GDHM_SURVEY_COUNTRYRESPONSE_SCORE,2023,458,GDHM_CAT1_LEAD_GOV,GDHM_Q03,4.0,Phase 4
GDHM_SURVEY_COUNTRYRESPONSE_SCORE,2023,458,GDHM_CAT1_LEAD_GOV,GDHM_Q04,0.0,Not Available
GDHM_SURVEY_COUNTRYRESPONSE_SCORE,2023,458,GDHM_CAT1_LEAD_GOV,GDHM_Q04a,0.0,Not Available
GDHM_SURVEY_CATEGORY_AVG,2023,458,GDHM_CAT1_LEAD_GOV,,5.0,Phase 5
GDHM_SURVEY_COUNTRYRESPONSE_SCORE,2023,458,GDHM_CAT2_STRAT_INV,GDHM_Q05,5.0,Phase 5
GDHM_SURVEY_COUNTRYRESPONSE_SCORE,2023,458,GDHM_CAT2_STRAT_INV,GDHM_Q05a,3.0,Phase 3
GDHM_SURVEY_COUNTRYRESPONSE_SCORE,2023,458,GDHM_CAT2_STRAT_INV,GDHM_Q06,3.0,Phase 3
GDHM_SURVEY_COUNTRYRESPONSE_SCORE,2023,458,GDHM_CAT2_STRAT_INV,GDHM_Q06a,3.0,Phase 3
GDHM_SURVEY_CATEGORY_AVG,2023,458,GDHM_CAT2_STRAT_INV,,4.0,Phase 4
GDHM_SURVEY_COUNTRYRESPONSE_SCORE,2023,458,GDHM_CAT3_LEG,GDHM_Q07,4.0,Phase 4
GDHM_SURVEY_COUNTRYRESPONSE_SCORE,2023,458,GDHM_CAT3_LEG,GDHM_Q08,5.0,Phase 5
GDHM_SURVEY_COUNTRYRESPONSE_SCORE,2023,458,GDHM_CAT3_LEG,GDHM_Q09,4.0,Phase 4
GDHM_SURVEY_COUNTRYRESPONSE_SCORE,2023,458,GDHM_CAT3_LEG,GDHM_Q09a,2.0,Phase 2
GDHM_SURVEY_COUNTRYRESPONSE_SCORE,2023,458,GDHM_CAT3_LEG,GDHM_Q10,4.0,Phase 4
GDHM_SURVEY_CATEGORY_AVG,2023,458,GDHM_CAT3_LEG,,5.0,Phase 5
GDHM_SURVEY_COUNTRYRESPONSE_SCORE,2023,458,GDHM_CAT4_WORKFORCE,GDHM_Q11,3.0,Phase 3
GDHM_SURVEY_COUNTRYRESPONSE_SCORE,2023,458,GDHM_CAT4_WORKFORCE,GDHM_Q12,4.0,Phase 4
GDHM_SURVEY_COUNTRYRESPONSE_SCORE,2023,458,GDHM_CAT4_WORKFORCE,GDHM_Q13,4.0,Phase 4
GDHM_SURVEY_COUNTRYRESPONSE_SCORE,2023,458,GDHM_CAT4_WORKFORCE,GDHM_Q14,2.0,Phase 2
GDHM_SURVEY_CATEGORY_AVG,2023,458,GDHM_CAT4_WORKFORCE,,4.0,Phase 4
GDHM_SURVEY_COUNTRYRESPONSE_SCORE,2023,458,GDHM_CAT5_STANDARDS,GDHM_Q15,3.0,Phase 3
GDHM_SURVEY_COUNTRYRESPONSE_SCORE,2023,458,GDHM_CAT5_STANDARDS,GDHM_Q16,3.0,Phase 3
GDHM_SURVEY_CATEGORY_AVG,2023,458,GDHM_CAT5_STANDARDS,,3.0,Phase 3
GDHM_SURVEY_COUNTRYRESPONSE_SCORE,2023,458,GDHM_CAT6_INFRASTRUCTURE,GDHM_Q17,3.0,Phase 3
GDHM_SURVEY_COUNTRYRESPONSE_SCORE,2023,458,GDHM_CAT6_INFRASTRUCTURE,GDHM_Q18,4.0,Phase 4
GDHM_SURVEY_CATEGORY_AVG,2023,458,GDHM_CAT6_INFRASTRUCTURE,,4.0,Phase 4
GDHM_SURVEY_COUNTRYRESPONSE_SCORE,2023,458,GDHM_CAT7_SERV_APP,GDHM_Q19,3.0,Phase 3
GDHM_SURVEY_COUNTRYRESPONSE_SCORE,2023,458,GDHM_CAT7_SERV_APP,GDHM_Q20,4.0,Phase 4
GDHM_SURVEY_COUNTRYRESPONSE_SCORE,2023,458,GDHM_CAT7_SERV_APP,GDHM_Q21,3.0,Phase 3
GDHM_SURVEY_COUNTRYRESPONSE_SCORE,2023,458,GDHM_CAT7_SERV_APP,GDHM_Q21a,2.0,Phase 2
GDHM_SURVEY_COUNTRYRESPONSE_SCORE,2023,458,GDHM_CAT7_SERV_APP,GDHM_Q21b,5.0,Phase 5
GDHM_SURVEY_COUNTRYRESPONSE_SCORE,2023,458,GDHM_CAT7_SERV_APP,GDHM_Q21c,5.0,Phase 5
GDHM_SURVEY_COUNTRYRESPONSE_SCORE,2023,458,GDHM_CAT7_SERV_APP,GDHM_Q22,0.0,Not Available
GDHM_SURVEY_COUNTRYRESPONSE_SCORE,2023,458,GDHM_CAT7_SERV_APP,GDHM_Q23,3.0,Phase 3
GDHM_SURVEY_CATEGORY_AVG,2023,458,GDHM_CAT7_SERV_APP,,4.0,Phase 4
GDHM_SURVEY_COUNTRYRESPONSE_SCORE,2023,462,GDHM_CAT1_LEAD_GOV,GDHM_Q01,4.0,Phase 4
GDHM_SURVEY_COUNTRYRESPONSE_SCORE,2023,462,GDHM_CAT1_LEAD_GOV,GDHM_Q02,3.0,Phase 3
GDHM_SURVEY_COUNTRYRESPONSE_SCORE,2023,462,GDHM_CAT1_LEAD_GOV,GDHM_Q02a,0.0,Not Available
GDHM_SURVEY_COUNTRYRESPONSE_SCORE,2023,462,GDHM_CAT1_LEAD_GOV,GDHM_Q03,1.0,Phase 1
GDHM_SURVEY_COUNTRYRESPONSE_SCORE,2023,462,GDHM_CAT1_LEAD_GOV,GDHM_Q04,0.0,Not Available
GDHM_SURVEY_COUNTRYRESPONSE_SCORE,2023,462,GDHM_CAT1_LEAD_GOV,GDHM_Q04a,0.0,Not Available
GDHM_SURVEY_CATEGORY_AVG,2023,462,GDHM_CAT1_LEAD_GOV,,3.0,Phase 3
GDHM_SURVEY_COUNTRYRESPONSE_SCORE,2023,462,GDHM_CAT2_STRAT_INV,GDHM_Q05,1.0,Phase 1
GDHM_SURVEY_COUNTRYRESPONSE_SCORE,2023,462,GDHM_CAT2_STRAT_INV,GDHM_Q05a,0.0,Not Available
GDHM_SURVEY_COUNTRYRESPONSE_SCORE,2023,462,GDHM_CAT2_STRAT_INV,GDHM_Q06,3.0,Phase 3
GDHM_SURVEY_COUNTRYRESPONSE_SCORE,2023,462,GDHM_CAT2_STRAT_INV,GDHM_Q06a,2.0,Phase 2
GDHM_SURVEY_CATEGORY_AVG,2023,462,GDHM_CAT2_STRAT_INV,,2.0,Phase 2
GDHM_SURVEY_COUNTRYRESPONSE_SCORE,2023,462,GDHM_CAT3_LEG,GDHM_Q07,1.0,Phase 1
GDHM_SURVEY_COUNTRYRESPONSE_SCORE,2023,462,GDHM_CAT3_LEG,GDHM_Q08,1.0,Phase 1
GDHM_SURVEY_COUNTRYRESPONSE_SCORE,2023,462,GDHM_CAT3_LEG,GDHM_Q09,1.0,Phase 1
GDHM_SURVEY_COUNTRYRESPONSE_SCORE,2023,462,GDHM_CAT3_LEG,GDHM_Q09a,1.0,Phase 1
GDHM_SURVEY_COUNTRYRESPONSE_SCORE,2023,462,GDHM_CAT3_LEG,GDHM_Q10,1.0,Phase 1
GDHM_SURVEY_CATEGORY_AVG,2023,462,GDHM_CAT3_LEG,,1.0,Phase 1
GDHM_SURVEY_COUNTRYRESPONSE_SCORE,2023,462,GDHM_CAT4_WORKFORCE,GDHM_Q11,3.0,Phase 3
GDHM_SURVEY_COUNTRYRESPONSE_SCORE,2023,462,GDHM_CAT4_WORKFORCE,GDHM_Q12,1.0,Phase 1
GDHM_SURVEY_COUNTRYRESPONSE_SCORE,2023,462,GDHM_CAT4_WORKFORCE,GDHM_Q13,1.0,Phase 1
GDHM_SURVEY_COUNTRYRESPONSE_SCORE,2023,462,GDHM_CAT4_WORKFORCE,GDHM_Q14,1.0,Phase 1
GDHM_SURVEY_CATEGORY_AVG,2023,462,GDHM_CAT4_WORKFORCE,,2.0,Phase 2
GDHM_SURVEY_COUNTRYRESPONSE_SCORE,2023,462,GDHM_CAT5_STANDARDS,GDHM_Q15,1.0,Phase 1
GDHM_SURVEY_COUNTRYRESPONSE_SCORE,2023,462,GDHM_CAT5_STANDARDS,GDHM_Q16,1.0,Phase 1
GDHM_SURVEY_CATEGORY_AVG,2023,462,GDHM_CAT5_STANDARDS,,1.0,Phase 1
GDHM_SURVEY_COUNTRYRESPONSE_SCORE,2023,462,GDHM_CAT6_INFRASTRUCTURE,GDHM_Q17,0.0,Not Available
GDHM_SURVEY_COUNTRYRESPONSE_SCORE,2023,462,GDHM_CAT6_INFRASTRUCTURE,GDHM_Q18,1.0,Phase 1
GDHM_SURVEY_CATEGORY_AVG,2023,462,GDHM_CAT6_INFRASTRUCTURE,,1.0,Phase 1
GDHM_SURVEY_COUNTRYRESPONSE_SCORE,2023,462,GDHM_CAT7_SERV_APP,GDHM_Q19,2.0,Phase 2
GDHM_SURVEY_COUNTRYRESPONSE_SCORE,2023,462,GDHM_CAT7_SERV_APP,GDHM_Q20,1.0,Phase 1
GDHM_SURVEY_COUNTRYRESPONSE_SCORE,2023,462,GDHM_CAT7_SERV_APP,GDHM_Q21,1.0,Phase 1
GDHM_SURVEY_COUNTRYRESPONSE_SCORE,2023,462,GDHM_CAT7_SERV_APP,GDHM_Q21a,1.0,Phase 1
GDHM_SURVEY_COUNTRYRESPONSE_SCORE,2023,462,GDHM_CAT7_SERV_APP,GDHM_Q21b,5.0,Phase 5
GDHM_SURVEY_COUNTRYRESPONSE_SCORE,2023,462,GDHM_CAT7_SERV_APP,GDHM_Q21c,5.0,Phase 5
GDHM_SURVEY_COUNTRYRESPONSE_SCORE,2023,462,GDHM_CAT7_SERV_APP,GDHM_Q22,1.0,Phase 1
GDHM_SURVEY_COUNTRYRESPONSE_SCORE,2023,462,GDHM_CAT7_SERV_APP,GDHM_Q23,3.0,Phase 3
GDHM_SURVEY_CATEGORY_AVG,2023,462,GDHM_CAT7_SERV_APP,,2.0,Phase 2
GDHM_SURVEY_COUNTRYRESPONSE_SCORE,2023,466,GDHM_CAT1_LEAD_GOV,GDHM_Q01,5.0,Phase 5
GDHM_SURVEY_COUNTRYRESPONSE_SCORE,2023,466,GDHM_CAT1_LEAD_GOV,GDHM_Q02,5.0,Phase 5
GDHM_SURVEY_COUNTRYRESPONSE_SCORE,2023,608,GDHM_CAT3_LEG,GDHM_Q07,5.0,Phase 5
GDHM_SURVEY_COUNTRYRESPONSE_SCORE,2023,608,GDHM_CAT3_LEG,GDHM_Q08,4.0,Phase 4
GDHM_SURVEY_COUNTRYRESPONSE_SCORE,2023,608,GDHM_CAT3_LEG,GDHM_Q09,2.0,Phase 2
GDHM_SURVEY_COUNTRYRESPONSE_SCORE,2023,608,GDHM_CAT3_LEG,GDHM_Q09a,1.0,Phase 1
GDHM_SURVEY_COUNTRYRESPONSE_SCORE,2023,608,GDHM_CAT3_LEG,GDHM_Q10,4.0,Phase 4
GDHM_SURVEY_CATEGORY_AVG,2023,608,GDHM_CAT3_LEG,,4.0,Phase 4
GDHM_SURVEY_COUNTRYRESPONSE_SCORE,2023,608,GDHM_CAT4_WORKFORCE,GDHM_Q11,3.0,Phase 3
GDHM_SURVEY_COUNTRYRESPONSE_SCORE,2023,608,GDHM_CAT4_WORKFORCE,GDHM_Q12,1.0,Phase 1
GDHM_SURVEY_COUNTRYRESPONSE_SCORE,2023,608,GDHM_CAT4_WORKFORCE,GDHM_Q13,2.0,Phase 2
GDHM_SURVEY_COUNTRYRESPONSE_SCORE,2023,608,GDHM_CAT4_WORKFORCE,GDHM_Q14,1.0,Phase 1
GDHM_SURVEY_CATEGORY_AVG,2023,608,GDHM_CAT4_WORKFORCE,,2.0,Phase 2
GDHM_SURVEY_COUNTRYRESPONSE_SCORE,2023,608,GDHM_CAT5_STANDARDS,GDHM_Q15,4.0,Phase 4
GDHM_SURVEY_COUNTRYRESPONSE_SCORE,2023,608,GDHM_CAT5_STANDARDS,GDHM_Q16,4.0,Phase 4
GDHM_SURVEY_CATEGORY_AVG,2023,608,GDHM_CAT5_STANDARDS,,4.0,Phase 4
GDHM_SURVEY_COUNTRYRESPONSE_SCORE,2023,608,GDHM_CAT6_INFRASTRUCTURE,GDHM_Q17,0.0,Not Available
GDHM_SURVEY_COUNTRYRESPONSE_SCORE,2023,608,GDHM_CAT6_INFRASTRUCTURE,GDHM_Q18,4.0,Phase 4
GDHM_SURVEY_CATEGORY_AVG,2023,608,GDHM_CAT6_INFRASTRUCTURE,,4.0,Phase 4
GDHM_SURVEY_COUNTRYRESPONSE_SCORE,2023,608,GDHM_CAT7_SERV_APP,GDHM_Q19,4.0,Phase 4
GDHM_SURVEY_COUNTRYRESPONSE_SCORE,2023,608,GDHM_CAT7_SERV_APP,GDHM_Q20,4.0,Phase 4
GDHM_SURVEY_COUNTRYRESPONSE_SCORE,2023,608,GDHM_CAT7_SERV_APP,GDHM_Q21,5.0,Phase 5
GDHM_SURVEY_COUNTRYRESPONSE_SCORE,2023,608,GDHM_CAT7_SERV_APP,GDHM_Q21a,1.0,Phase 1
GDHM_SURVEY_COUNTRYRESPONSE_SCORE,2023,608,GDHM_CAT7_SERV_APP,GDHM_Q21b,5.0,Phase 5
GDHM_SURVEY_COUNTRYRESPONSE_SCORE,2023,608,GDHM_CAT7_SERV_APP,GDHM_Q21c,5.0,Phase 5
GDHM_SURVEY_COUNTRYRESPONSE_SCORE,2023,608,GDHM_CAT7_SERV_APP,GDHM_Q22,1.0,Phase 1
GDHM_SURVEY_COUNTRYRESPONSE_SCORE,2023,608,GDHM_CAT7_SERV_APP,GDHM_Q23,3.0,Phase 3
GDHM_SURVEY_CATEGORY_AVG,2023,608,GDHM_CAT7_SERV_APP,,4.0,Phase 4
GDHM_SURVEY_COUNTRYRESPONSE_SCORE,2023,616,GDHM_CAT1_LEAD_GOV,GDHM_Q01,0.0,Not Available
GDHM_SURVEY_COUNTRYRESPONSE_SCORE,2023,616,GDHM_CAT1_LEAD_GOV,GDHM_Q02,0.0,Not Available
GDHM_SURVEY_COUNTRYRESPONSE_SCORE,2023,616,GDHM_CAT1_LEAD_GOV,GDHM_Q02a,0.0,Not Available
GDHM_SURVEY_COUNTRYRESPONSE_SCORE,2023,616,GDHM_CAT1_LEAD_GOV,GDHM_Q03,0.0,Not Available
GDHM_SURVEY_COUNTRYRESPONSE_SCORE,2023,616,GDHM_CAT1_LEAD_GOV,GDHM_Q04,5.0,Phase 5
GDHM_SURVEY_COUNTRYRESPONSE_SCORE,2023,616,GDHM_CAT1_LEAD_GOV,GDHM_Q04a,0.0,Not Available
GDHM_SURVEY_CATEGORY_AVG,2023,616,GDHM_CAT1_LEAD_GOV,,5.0,Phase 5
GDHM_SURVEY_COUNTRYRESPONSE_SCORE,2023,616,GDHM_CAT2_STRAT_INV,GDHM_Q05,0.0,Not Available
GDHM_SURVEY_COUNTRYRESPONSE_SCORE,2023,616,GDHM_CAT2_STRAT_INV,GDHM_Q05a,0.0,Not Available
GDHM_SURVEY_COUNTRYRESPONSE_SCORE,2023,616,GDHM_CAT2_STRAT_INV,GDHM_Q06,0.0,Not Available
GDHM_SURVEY_COUNTRYRESPONSE_SCORE,2023,616,GDHM_CAT2_STRAT_INV,GDHM_Q06a,4.0,Phase 4
GDHM_SURVEY_CATEGORY_AVG,2023,616,GDHM_CAT2_STRAT_INV,,1.0,Not Available
GDHM_SURVEY_COUNTRYRESPONSE_SCORE,2023,616,GDHM_CAT3_LEG,GDHM_Q07,5.0,Phase 5
GDHM_SURVEY_COUNTRYRESPONSE_SCORE,2023,616,GDHM_CAT3_LEG,GDHM_Q08,4.0,Phase 4
GDHM_SURVEY_COUNTRYRESPONSE_SCORE,2023,616,GDHM_CAT3_LEG,GDHM_Q09,3.0,Phase 3
GDHM_SURVEY_COUNTRYRESPONSE_SCORE,2023,616,GDHM_CAT3_LEG,GDHM_Q09a,0.0,Not Available
GDHM_SURVEY_COUNTRYRESPONSE_SCORE,2023,616,GDHM_CAT3_LEG,GDHM_Q10,0.0,Not Available
GDHM_SURVEY_CATEGORY_AVG,2023,616,GDHM_CAT3_LEG,,4.0,Phase 4
GDHM_SURVEY_COUNTRYRESPONSE_SCORE,2023,616,GDHM_CAT4_WORKFORCE,GDHM_Q11,0.0,Not Available
GDHM_SURVEY_COUNTRYRESPONSE_SCORE,2023,616,GDHM_CAT4_WORKFORCE,GDHM_Q12,0.0,Not Available
GDHM_SURVEY_COUNTRYRESPONSE_SCORE,2023,616,GDHM_CAT4_WORKFORCE,GDHM_Q13,0.0,Not Available
GDHM_SURVEY_COUNTRYRESPONSE_SCORE,2023,616,GDHM_CAT4_WORKFORCE,GDHM_Q14,0.0,Not Available
GDHM_SURVEY_CATEGORY_AVG,2023,616,GDHM_CAT4_WORKFORCE,,1.0,Not Available
GDHM_SURVEY_COUNTRYRESPONSE_SCORE,2023,616,GDHM_CAT5_STANDARDS,GDHM_Q15,0.0,Not Available
GDHM_SURVEY_COUNTRYRESPONSE_SCORE,2023,616,GDHM_CAT5_STANDARDS,GDHM_Q16,0.0,Not Available
GDHM_SURVEY_CATEGORY_AVG,2023,616,GDHM_CAT5_STANDARDS,,1.0,Not Available
GDHM_SURVEY_COUNTRYRESPONSE_SCORE,2023,616,GDHM_CAT6_INFRASTRUCTURE,GDHM_Q17,3.0,Phase 3
GDHM_SURVEY_COUNTRYRESPONSE_SCORE,2023,616,GDHM_CAT6_INFRASTRUCTURE,GDHM_Q18,4.0,Phase 4
GDHM_SURVEY_CATEGORY_AVG,2023,616,GDHM_CAT6_INFRASTRUCTURE,,4.0,Phase 4
GDHM_SURVEY_COUNTRYRESPONSE_SCORE,2023,616,GDHM_CAT7_SERV_APP,GDHM_Q19,0.0,Not Available
GDHM_SURVEY_COUNTRYRESPONSE_SCORE,2023,616,GDHM_CAT7_SERV_APP,GDHM_Q20,0.0,Not Available
GDHM_SURVEY_COUNTRYRESPONSE_SCORE,2023,616,GDHM_CAT7_SERV_APP,GDHM_Q21,0.0,Not Available
GDHM_SURVEY_COUNTRYRESPONSE_SCORE,2023,616,GDHM_CAT7_SERV_APP,GDHM_Q21a,0.0,Not Available
GDHM_SURVEY_COUNTRYRESPONSE_SCORE,2023,616,GDHM_CAT7_SERV_APP,GDHM_Q21b,0.0,Not Available
GDHM_SURVEY_COUNTRYRESPONSE_SCORE,2023,616,GDHM_CAT7_SERV_APP,GDHM_Q21c,0.0,Not Available
GDHM_SURVEY_COUNTRYRESPONSE_SCORE,2023,616,GDHM_CAT7_SERV_APP,GDHM_Q22,0.0,Not Available
GDHM_SURVEY_COUNTRYRESPONSE_SCORE,2023,616,GDHM_CAT7_SERV_APP,GDHM_Q23,0.0,Not Available
GDHM_SURVEY_CATEGORY_AVG,2023,616,GDHM_CAT7_SERV_APP,,1.0,Not Available
GDHM_SURVEY_COUNTRYRESPONSE_SCORE,2023,620,GDHM_CAT1_LEAD_GOV,GDHM_Q01,5.0,Phase 5
GDHM_SURVEY_COUNTRYRESPONSE_SCORE,2023,620,GDHM_CAT1_LEAD_GOV,GDHM_Q02,5.0,Phase 5
GDHM_SURVEY_COUNTRYRESPONSE_SCORE,2023,620,GDHM_CAT1_LEAD_GOV,GDHM_Q02a,5.0,Phase 5
GDHM_SURVEY_COUNTRYRESPONSE_SCORE,2023,620,GDHM_CAT1_LEAD_GOV,GDHM_Q03,5.0,Phase 5
GDHM_SURVEY_COUNTRYRESPONSE_SCORE,2023,620,GDHM_CAT1_LEAD_GOV,GDHM_Q04,5.0,Phase 5
GDHM_SURVEY_COUNTRYRESPONSE_SCORE,2023,620,GDHM_CAT1_LEAD_GOV,GDHM_Q04a,2.0,Phase 2
GDHM_SURVEY_CATEGORY_AVG,2023,620,GDHM_CAT1_LEAD_GOV,,5.0,Phase 5
GDHM_SURVEY_COUNTRYRESPONSE_SCORE,2023,620,GDHM_CAT2_STRAT_INV,GDHM_Q05,5.0,Phase 5
GDHM_SURVEY_COUNTRYRESPONSE_SCORE,2023,620,GDHM_CAT2_STRAT_INV,GDHM_Q05a,4.0,Phase 4
GDHM_SURVEY_COUNTRYRESPONSE_SCORE,2023,620,GDHM_CAT2_STRAT_INV,GDHM_Q06,5.0,Phase 5
GDHM_SURVEY_COUNTRYRESPONSE_SCORE,2023,620,GDHM_CAT2_STRAT_INV,GDHM_Q06a,0.0,Not Available
GDHM_SURVEY_CATEGORY_AVG,2023,620,GDHM_CAT2_STRAT_INV,,5.0,Phase 5
GDHM_SURVEY_COUNTRYRESPONSE_SCORE,2023,620,GDHM_CAT3_LEG,GDHM_Q07,5.0,Phase 5
GDHM_SURVEY_COUNTRYRESPONSE_SCORE,2023,620,GDHM_CAT3_LEG,GDHM_Q08,5.0,Phase 5
GDHM_SURVEY_COUNTRYRESPONSE_SCORE,2023,620,GDHM_CAT3_LEG,GDHM_Q09,3.0,Phase 3
GDHM_SURVEY_COUNTRYRESPONSE_SCORE,2023,620,GDHM_CAT3_LEG,GDHM_Q09a,1.0,Phase 1
GDHM_SURVEY_COUNTRYRESPONSE_SCORE,2023,620,GDHM_CAT3_LEG,GDHM_Q10,5.0,Phase 5
GDHM_SURVEY_CATEGORY_AVG,2023,620,GDHM_CAT3_LEG,,5.0,Phase 5
GDHM_SURVEY_COUNTRYRESPONSE_SCORE,2023,620,GDHM_CAT4_WORKFORCE,GDHM_Q11,3.0,Phase 3
GDHM_SURVEY_COUNTRYRESPONSE_SCORE,2023,620,GDHM_CAT4_WORKFORCE,GDHM_Q12,3.0,Phase 3
GDHM_SURVEY_COUNTRYRESPONSE_SCORE,2023,620,GDHM_CAT4_WORKFORCE,GDHM_Q13,4.0,Phase 4
GDHM_SURVEY_COUNTRYRESPONSE_SCORE,2023,620,GDHM_CAT4_WORKFORCE,GDHM_Q14,0.0,Not Available
GDHM_SURVEY_CATEGORY_AVG,2023,620,GDHM_CAT4_WORKFORCE,,4.0,Phase 4
GDHM_SURVEY_COUNTRYRESPONSE_SCORE,2023,620,GDHM_CAT5_STANDARDS,GDHM_Q15,5.0,Phase 5
GDHM_SURVEY_COUNTRYRESPONSE_SCORE,2023,620,GDHM_CAT5_STANDARDS,GDHM_Q16,5.0,Phase 5
GDHM_SURVEY_CATEGORY_AVG,2023,620,GDHM_CAT5_STANDARDS,,5.0,Phase 5
GDHM_SURVEY_COUNTRYRESPONSE_SCORE,2023,620,GDHM_CAT6_INFRASTRUCTURE,GDHM_Q17,4.0,Phase 4
GDHM_SURVEY_COUNTRYRESPONSE_SCORE,2023,620,GDHM_CAT6_INFRASTRUCTURE,GDHM_Q18,5.0,Phase 5
GDHM_SURVEY_CATEGORY_AVG,2023,620,GDHM_CAT6_INFRASTRUCTURE,,5.0,Phase 5
GDHM_SURVEY_COUNTRYRESPONSE_SCORE,2023,620,GDHM_CAT7_SERV_APP,GDHM_Q19,5.0,Phase 5
GDHM_SURVEY_COUNTRYRESPONSE_SCORE,2023,620,GDHM_CAT7_SERV_APP,GDHM_Q20,0.0,Not Available
GDHM_SURVEY_COUNTRYRESPONSE_SCORE,2023,620,GDHM_CAT7_SERV_APP,GDHM_Q21,5.0,Phase 5
GDHM_SURVEY_COUNTRYRESPONSE_SCORE,2023,620,GDHM_CAT7_SERV_APP,GDHM_Q21a,5.0,Phase 5
GDHM_SURVEY_COUNTRYRESPONSE_SCORE,2023,620,GDHM_CAT7_SERV_APP,GDHM_Q21b,5.0,Phase 5
GDHM_SURVEY_COUNTRYRESPONSE_SCORE,2023,620,GDHM_CAT7_SERV_APP,GDHM_Q21c,5.0,Phase 5
GDHM_SURVEY_COUNTRYRESPONSE_SCORE,2023,620,GDHM_CAT7_SERV_APP,GDHM_Q22,5.0,Phase 5
GDHM_SURVEY_COUNTRYRESPONSE_SCORE,2023,620,GDHM_CAT7_SERV_APP,GDHM_Q23,5.0,Phase 5
GDHM_SURVEY_CATEGORY_AVG,2023,620,GDHM_CAT7_SERV_APP,,5.0,Phase 5
GDHM_SURVEY_COUNTRYRESPONSE_SCORE,2023,634,GDHM_CAT1_LEAD_GOV,GDHM_Q01,0.0,Not Available
GDHM_SURVEY_COUNTRYRESPONSE_SCORE,2023,634,GDHM_CAT1_LEAD_GOV,GDHM_Q02,0.0,Not Available
GDHM_SURVEY_COUNTRYRESPONSE_SCORE,2023,634,GDHM_CAT1_LEAD_GOV,GDHM_Q02a,0.0,Not Available
GDHM_SURVEY_COUNTRYRESPONSE_SCORE,2023,634,GDHM_CAT1_LEAD_GOV,GDHM_Q03,0.0,Not Available
GDHM_SURVEY_COUNTRYRESPONSE_SCORE,2023,634,GDHM_CAT1_LEAD_GOV,GDHM_Q04,4.0,Phase 4
GDHM_SURVEY_COUNTRYRESPONSE_SCORE,2023,634,GDHM_CAT1_LEAD_GOV,GDHM_Q04a,0.0,Not Available
GDHM_SURVEY_CATEGORY_AVG,2023,634,GDHM_CAT1_LEAD_GOV,,4.0,Phase 4
GDHM_SURVEY_COUNTRYRESPONSE_SCORE,2023,634,GDHM_CAT2_STRAT_INV,GDHM_Q05,0.0,Not Available
GDHM_SURVEY_COUNTRYRESPONSE_SCORE,2023,634,GDHM_CAT2_STRAT_INV,GDHM_Q05a,0.0,Not Available
GDHM_SURVEY_COUNTRYRESPONSE_SCORE,2023,634,GDHM_CAT2_STRAT_INV,GDHM_Q06,0.0,Not Available
GDHM_SURVEY_COUNTRYRESPONSE_SCORE,2023,634,GDHM_CAT2_STRAT_INV,GDHM_Q06a,2.0,Phase 2
GDHM_SURVEY_CATEGORY_AVG,2023,634,GDHM_CAT2_STRAT_INV,,1.0,Not Available
GDHM_SURVEY_COUNTRYRESPONSE_SCORE,2023,634,GDHM_CAT3_LEG,GDHM_Q07,5.0,Phase 5
GDHM_SURVEY_COUNTRYRESPONSE_SCORE,2023,634,GDHM_CAT3_LEG,GDHM_Q08,3.0,Phase 3
GDHM_SURVEY_COUNTRYRESPONSE_SCORE,2023,634,GDHM_CAT3_LEG,GDHM_Q09,4.0,Phase 4
GDHM_SURVEY_COUNTRYRESPONSE_SCORE,2023,634,GDHM_CAT3_LEG,GDHM_Q09a,0.0,Not Available
GDHM_SURVEY_COUNTRYRESPONSE_SCORE,2023,634,GDHM_CAT3_LEG,GDHM_Q10,0.0,Not Available
GDHM_SURVEY_CATEGORY_AVG,2023,634,GDHM_CAT3_LEG,,4.0,Phase 4
GDHM_SURVEY_COUNTRYRESPONSE_SCORE,2023,634,GDHM_CAT4_WORKFORCE,GDHM_Q11,0.0,Not Available
GDHM_SURVEY_COUNTRYRESPONSE_SCORE,2023,634,GDHM_CAT4_WORKFORCE,GDHM_Q12,0.0,Not Available
GDHM_SURVEY_COUNTRYRESPONSE_SCORE,2023,634,GDHM_CAT4_WORKFORCE,GDHM_Q13,0.0,Not Available
GDHM_SURVEY_COUNTRYRESPONSE_SCORE,2023,634,GDHM_CAT4_WORKFORCE,GDHM_Q14,0.0,Not Available
GDHM_SURVEY_CATEGORY_AVG,2023,634,GDHM_CAT4_WORKFORCE,,1.0,Not Available
GDHM_SURVEY_COUNTRYRESPONSE_SCORE,2023,634,GDHM_CAT5_STANDARDS,GDHM_Q15,0.0,Not Available
GDHM_SURVEY_COUNTRYRESPONSE_SCORE,2023,634,GDHM_CAT5_STANDARDS,GDHM_Q16,0.0,Not Available
GDHM_SURVEY_CATEGORY_AVG,2023,634,GDHM_CAT5_STANDARDS,,1.0,Not Available
GDHM_SURVEY_COUNTRYRESPONSE_SCORE,2023,634,GDHM_CAT6_INFRASTRUCTURE,GDHM_Q17,3.0,Phase 3
GDHM_SURVEY_COUNTRYRESPONSE_SCORE,2023,634,GDHM_CAT6_INFRASTRUCTURE,GDHM_Q18,5.0,Phase 5
GDHM_SURVEY_CATEGORY_AVG,2023,634,GDHM_CAT6_INFRASTRUCTURE,,4.0,Phase 4
GDHM_SURVEY_COUNTRYRESPONSE_SCORE,2023,634,GDHM_CAT7_SERV_APP,GDHM_Q19,0.0,Not Available
GDHM_SURVEY_COUNTRYRESPONSE_SCORE,2023,634,GDHM_CAT7_SERV_APP,GDHM_Q20,0.0,Not Available
GDHM_SURVEY_COUNTRYRESPONSE_SCORE,2023,634,GDHM_CAT7_SERV_APP,GDHM_Q21,0.0,Not Available
GDHM_SURVEY_COUNTRYRESPONSE_SCORE,2023,634,GDHM_CAT7_SERV_APP,GDHM_Q21a,0.0,Not Available
GDHM_SURVEY_COUNTRYRESPONSE_SCORE,2023,634,GDHM_CAT7_SERV_APP,GDHM_Q21b,0.0,Not Available
GDHM_SURVEY_COUNTRYRESPONSE_SCORE,2023,634,GDHM_CAT7_SERV_APP,GDHM_Q21c,0.0,Not Available
GDHM_SURVEY_COUNTRYRESPONSE_SCORE,2023,634,GDHM_CAT7_SERV_APP,GDHM_Q22,0.0,Not Available
GDHM_SURVEY_COUNTRYRESPONSE_SCORE,2023,634,GDHM_CAT7_SERV_APP,GDHM_Q23,0.0,Not Available
GDHM_SURVEY_CATEGORY_AVG,2023,634,GDHM_CAT7_SERV_APP,,1.0,Not Available
GDHM_SURVEY_COUNTRYRESPONSE_SCORE,2023,642,GDHM_CAT1_LEAD_GOV,GDHM_Q01,0.0,Not Available
GDHM_SURVEY_COUNTRYRESPONSE_SCORE,2023,642,GDHM_CAT1_LEAD_GOV,GDHM_Q02,0.0,Not Available
GDHM_SURVEY_COUNTRYRESPONSE_SCORE,2023,642,GDHM_CAT1_LEAD_GOV,GDHM_Q02a,0.0,Not Available
GDHM_SURVEY_COUNTRYRESPONSE_SCORE,2023,642,GDHM_CAT1_LEAD_GOV,GDHM_Q03,0.0,Not Available
GDHM_SURVEY_COUNTRYRESPONSE_SCORE,2023,642,GDHM_CAT1_LEAD_GOV,GDHM_Q04,4.0,Phase 4
GDHM_SURVEY_COUNTRYRESPONSE_SCORE,2023,642,GDHM_CAT1_LEAD_GOV,GDHM_Q04a,0.0,Not Available
GDHM_SURVEY_CATEGORY_AVG,2023,642,GDHM_CAT1_LEAD_GOV,,4.0,Phase 4
GDHM_SURVEY_COUNTRYRESPONSE_SCORE,2023,642,GDHM_CAT2_STRAT_INV,GDHM_Q05,0.0,Not Available
GDHM_SURVEY_COUNTRYRESPONSE_SCORE,2023,642,GDHM_CAT2_STRAT_INV,GDHM_Q05a,0.0,Not Available
GDHM_SURVEY_COUNTRYRESPONSE_SCORE,2023,642,GDHM_CAT2_STRAT_INV,GDHM_Q06,0.0,Not Available
GDHM_SURVEY_COUNTRYRESPONSE_SCORE,2023,642,GDHM_CAT2_STRAT_INV,GDHM_Q06a,3.0,Phase 3
GDHM_SURVEY_CATEGORY_AVG,2023,642,GDHM_CAT2_STRAT_INV,,1.0,Not Available
GDHM_SURVEY_COUNTRYRESPONSE_SCORE,2023,642,GDHM_CAT3_LEG,GDHM_Q07,4.0,Phase 4
GDHM_SURVEY_COUNTRYRESPONSE_SCORE,2023,642,GDHM_CAT3_LEG,GDHM_Q08,4.0,Phase 4
GDHM_SURVEY_COUNTRYRESPONSE_SCORE,2023,642,GDHM_CAT3_LEG,GDHM_Q09,3.0,Phase 3
GDHM_SURVEY_COUNTRYRESPONSE_SCORE,2023,642,GDHM_CAT3_LEG,GDHM_Q09a,0.0,Not Available
GDHM_SURVEY_COUNTRYRESPONSE_SCORE,2023,642,GDHM_CAT3_LEG,GDHM_Q10,0.0,Not Available
GDHM_SURVEY_CATEGORY_AVG,2023,642,GDHM_CAT3_LEG,,4.0,Phase 4
GDHM_SURVEY_COUNTRYRESPONSE_SCORE,2023,642,GDHM_CAT4_WORKFORCE,GDHM_Q11,0.0,Not Available
GDHM_SURVEY_COUNTRYRESPONSE_SCORE,2023,642,GDHM_CAT4_WORKFORCE,GDHM_Q12,0.0,Not Available
GDHM_SURVEY_CATEGORY_AVG,2023,752,GDHM_CAT4_WORKFORCE,,1.0,Not Available
GDHM_SURVEY_COUNTRYRESPONSE_SCORE,2023,752,GDHM_CAT5_STANDARDS,GDHM_Q15,0.0,Not Available
GDHM_SURVEY_COUNTRYRESPONSE_SCORE,2023,752,GDHM_CAT5_STANDARDS,GDHM_Q16,0.0,Not Available
GDHM_SURVEY_CATEGORY_AVG,2023,752,GDHM_CAT5_STANDARDS,,1.0,Not Available
GDHM_SURVEY_COUNTRYRESPONSE_SCORE,2023,752,GDHM_CAT6_INFRASTRUCTURE,GDHM_Q17,4.0,Phase 4
GDHM_SURVEY_COUNTRYRESPONSE_SCORE,2023,752,GDHM_CAT6_INFRASTRUCTURE,GDHM_Q18,5.0,Phase 5
GDHM_SURVEY_CATEGORY_AVG,2023,752,GDHM_CAT6_INFRASTRUCTURE,,5.0,Phase 5
GDHM_SURVEY_COUNTRYRESPONSE_SCORE,2023,752,GDHM_CAT7_SERV_APP,GDHM_Q19,0.0,Not Available
GDHM_SURVEY_COUNTRYRESPONSE_SCORE,2023,752,GDHM_CAT7_SERV_APP,GDHM_Q20,0.0,Not Available
GDHM_SURVEY_COUNTRYRESPONSE_SCORE,2023,752,GDHM_CAT7_SERV_APP,GDHM_Q21,0.0,Not Available
GDHM_SURVEY_COUNTRYRESPONSE_SCORE,2023,752,GDHM_CAT7_SERV_APP,GDHM_Q21a,0.0,Not Available
GDHM_SURVEY_COUNTRYRESPONSE_SCORE,2023,752,GDHM_CAT7_SERV_APP,GDHM_Q21b,0.0,Not Available
GDHM_SURVEY_COUNTRYRESPONSE_SCORE,2023,752,GDHM_CAT7_SERV_APP,GDHM_Q21c,0.0,Not Available
GDHM_SURVEY_COUNTRYRESPONSE_SCORE,2023,752,GDHM_CAT7_SERV_APP,GDHM_Q22,0.0,Not Available
GDHM_SURVEY_COUNTRYRESPONSE_SCORE,2023,752,GDHM_CAT7_SERV_APP,GDHM_Q23,0.0,Not Available
GDHM_SURVEY_CATEGORY_AVG,2023,752,GDHM_CAT7_SERV_APP,,1.0,Not Available
GDHM_SURVEY_COUNTRYRESPONSE_SCORE,2023,756,GDHM_CAT1_LEAD_GOV,GDHM_Q01,0.0,Not Available
GDHM_SURVEY_COUNTRYRESPONSE_SCORE,2023,756,GDHM_CAT1_LEAD_GOV,GDHM_Q02,0.0,Not Available
GDHM_SURVEY_COUNTRYRESPONSE_SCORE,2023,756,GDHM_CAT1_LEAD_GOV,GDHM_Q02a,0.0,Not Available
GDHM_SURVEY_COUNTRYRESPONSE_SCORE,2023,756,GDHM_CAT1_LEAD_GOV,GDHM_Q03,0.0,Not Available
GDHM_SURVEY_COUNTRYRESPONSE_SCORE,2023,756,GDHM_CAT1_LEAD_GOV,GDHM_Q04,5.0,Phase 5
GDHM_SURVEY_COUNTRYRESPONSE_SCORE,2023,756,GDHM_CAT1_LEAD_GOV,GDHM_Q04a,0.0,Not Available
GDHM_SURVEY_CATEGORY_AVG,2023,756,GDHM_CAT1_LEAD_GOV,,5.0,Phase 5
GDHM_SURVEY_COUNTRYRESPONSE_SCORE,2023,756,GDHM_CAT2_STRAT_INV,GDHM_Q05,0.0,Not Available
GDHM_SURVEY_COUNTRYRESPONSE_SCORE,2023,756,GDHM_CAT2_STRAT_INV,GDHM_Q05a,0.0,Not Available
GDHM_SURVEY_COUNTRYRESPONSE_SCORE,2023,756,GDHM_CAT2_STRAT_INV,GDHM_Q06,0.0,Not Available
GDHM_SURVEY_COUNTRYRESPONSE_SCORE,2023,756,GDHM_CAT2_STRAT_INV,GDHM_Q06a,4.0,Phase 4
GDHM_SURVEY_CATEGORY_AVG,2023,756,GDHM_CAT2_STRAT_INV,,1.0,Not Available
GDHM_SURVEY_COUNTRYRESPONSE_SCORE,2023,756,GDHM_CAT3_LEG,GDHM_Q07,5.0,Phase 5
GDHM_SURVEY_COUNTRYRESPONSE_SCORE,2023,756,GDHM_CAT3_LEG,GDHM_Q08,5.0,Phase 5
GDHM_SURVEY_COUNTRYRESPONSE_SCORE,2023,756,GDHM_CAT3_LEG,GDHM_Q09,5.0,Phase 5
GDHM_SURVEY_COUNTRYRESPONSE_SCORE,2023,756,GDHM_CAT3_LEG,GDHM_Q09a,0.0,Not Available
GDHM_SURVEY_COUNTRYRESPONSE_SCORE,2023,756,GDHM_CAT3_LEG,GDHM_Q10,0.0,Not Available
GDHM_SURVEY_CATEGORY_AVG,2023,756,GDHM_CAT3_LEG,,5.0,Phase 5
GDHM_SURVEY_COUNTRYRESPONSE_SCORE,2023,756,GDHM_CAT4_WORKFORCE,GDHM_Q11,0.0,Not Available
GDHM_SURVEY_COUNTRYRESPONSE_SCORE,2023,756,GDHM_CAT4_WORKFORCE,GDHM_Q12,0.0,Not Available
GDHM_SURVEY_COUNTRYRESPONSE_SCORE,2023,756,GDHM_CAT4_WORKFORCE,GDHM_Q13,0.0,Not Available
GDHM_SURVEY_COUNTRYRESPONSE_SCORE,2023,756,GDHM_CAT4_WORKFORCE,GDHM_Q14,0.0,Not Available
GDHM_SURVEY_CATEGORY_AVG,2023,756,GDHM_CAT4_WORKFORCE,,1.0,Not Available
GDHM_SURVEY_COUNTRYRESPONSE_SCORE,2023,756,GDHM_CAT5_STANDARDS,GDHM_Q15,0.0,Not Available
GDHM_SURVEY_COUNTRYRESPONSE_SCORE,2023,756,GDHM_CAT5_STANDARDS,GDHM_Q16,0.0,Not Available
GDHM_SURVEY_CATEGORY_AVG,2023,756,GDHM_CAT5_STANDARDS,,1.0,Not Available
GDHM_SURVEY_COUNTRYRESPONSE_SCORE,2023,756,GDHM_CAT6_INFRASTRUCTURE,GDHM_Q17,5.0,Phase 5
GDHM_SURVEY_COUNTRYRESPONSE_SCORE,2023,756,GDHM_CAT6_INFRASTRUCTURE,GDHM_Q18,5.0,Phase 5
GDHM_SURVEY_CATEGORY_AVG,2023,756,GDHM_CAT6_INFRASTRUCTURE,,5.0,Phase 5
GDHM_SURVEY_COUNTRYRESPONSE_SCORE,2023,756,GDHM_CAT7_SERV_APP,GDHM_Q19,0.0,Not Available
GDHM_SURVEY_COUNTRYRESPONSE_SCORE,2023,756,GDHM_CAT7_SERV_APP,GDHM_Q20,0.0,Not Available
GDHM_SURVEY_COUNTRYRESPONSE_SCORE,2023,756,GDHM_CAT7_SERV_APP,GDHM_Q21,0.0,Not Available
GDHM_SURVEY_COUNTRYRESPONSE_SCORE,2023,756,GDHM_CAT7_SERV_APP,GDHM_Q21a,0.0,Not Available
GDHM_SURVEY_COUNTRYRESPONSE_SCORE,2023,756,GDHM_CAT7_SERV_APP,GDHM_Q21b,0.0,Not Available
GDHM_SURVEY_COUNTRYRESPONSE_SCORE,2023,756,GDHM_CAT7_SERV_APP,GDHM_Q21c,0.0,Not Available
GDHM_SURVEY_COUNTRYRESPONSE_SCORE,2023,756,GDHM_CAT7_SERV_APP,GDHM_Q22,0.0,Not Available
GDHM_SURVEY_COUNTRYRESPONSE_SCORE,2023,756,GDHM_CAT7_SERV_APP,GDHM_Q23,0.0,Not Available
GDHM_SURVEY_CATEGORY_AVG,2023,756,GDHM_CAT7_SERV_APP,,1.0,Not Available
GDHM_SURVEY_COUNTRYRESPONSE_SCORE,2023,762,GDHM_CAT1_LEAD_GOV,GDHM_Q01,0.0,Not Available
GDHM_SURVEY_COUNTRYRESPONSE_SCORE,2023,762,GDHM_CAT1_LEAD_GOV,GDHM_Q02,0.0,Not Available
GDHM_SURVEY_COUNTRYRESPONSE_SCORE,2023,762,GDHM_CAT1_LEAD_GOV,GDHM_Q02a,0.0,Not Available
GDHM_SURVEY_COUNTRYRESPONSE_SCORE,2023,762,GDHM_CAT1_LEAD_GOV,GDHM_Q03,0.0,Not Available
GDHM_SURVEY_COUNTRYRESPONSE_SCORE,2023,762,GDHM_CAT1_LEAD_GOV,GDHM_Q04,3.0,Phase 3
GDHM_SURVEY_COUNTRYRESPONSE_SCORE,2023,762,GDHM_CAT1_LEAD_GOV,GDHM_Q04a,0.0,Not Available
GDHM_SURVEY_CATEGORY_AVG,2023,762,GDHM_CAT1_LEAD_GOV,,3.0,Phase 3
GDHM_SURVEY_COUNTRYRESPONSE_SCORE,2023,762,GDHM_CAT2_STRAT_INV,GDHM_Q05,0.0,Not Available
GDHM_SURVEY_COUNTRYRESPONSE_SCORE,2023,762,GDHM_CAT2_STRAT_INV,GDHM_Q05a,0.0,Not Available
GDHM_SURVEY_COUNTRYRESPONSE_SCORE,2023,762,GDHM_CAT2_STRAT_INV,GDHM_Q06,0.0,Not Available
GDHM_SURVEY_COUNTRYRESPONSE_SCORE,2023,762,GDHM_CAT2_STRAT_INV,GDHM_Q06a,1.0,Phase 1
GDHM_SURVEY_CATEGORY_AVG,2023,762,GDHM_CAT2_STRAT_INV,,1.0,Not Available
GDHM_SURVEY_COUNTRYRESPONSE_SCORE,2023,762,GDHM_CAT3_LEG,GDHM_Q07,1.0,Phase 1
GDHM_SURVEY_COUNTRYRESPONSE_SCORE,2023,762,GDHM_CAT3_LEG,GDHM_Q08,2.0,Phase 2
GDHM_SURVEY_COUNTRYRESPONSE_SCORE,2023,762,GDHM_CAT3_LEG,GDHM_Q09,2.0,Phase 2
GDHM_SURVEY_COUNTRYRESPONSE_SCORE,2023,762,GDHM_CAT3_LEG,GDHM_Q09a,0.0,Not Available
GDHM_SURVEY_COUNTRYRESPONSE_SCORE,2023,762,GDHM_CAT3_LEG,GDHM_Q10,0.0,Not Available
GDHM_SURVEY_CATEGORY_AVG,2023,762,GDHM_CAT3_LEG,,2.0,Phase 2
GDHM_SURVEY_COUNTRYRESPONSE_SCORE,2023,762,GDHM_CAT4_WORKFORCE,GDHM_Q11,0.0,Not Available
GDHM_SURVEY_COUNTRYRESPONSE_SCORE,2023,762,GDHM_CAT4_WORKFORCE,GDHM_Q12,0.0,Not Available
GDHM_SURVEY_COUNTRYRESPONSE_SCORE,2023,762,GDHM_CAT4_WORKFORCE,GDHM_Q13,0.0,Not Available
GDHM_SURVEY_COUNTRYRESPONSE_SCORE,2023,762,GDHM_CAT4_WORKFORCE,GDHM_Q14,0.0,Not Available
GDHM_SURVEY_CATEGORY_AVG,2023,762,GDHM_CAT4_WORKFORCE,,1.0,Not Available
GDHM_SURVEY_COUNTRYRESPONSE_SCORE,2023,762,GDHM_CAT5_STANDARDS,GDHM_Q15,0.0,Not Available
GDHM_SURVEY_COUNTRYRESPONSE_SCORE,2023,762,GDHM_CAT5_STANDARDS,GDHM_Q16,0.0,Not Available
GDHM_SURVEY_CATEGORY_AVG,2023,762,GDHM_CAT5_STANDARDS,,1.0,Not Available
GDHM_SURVEY_COUNTRYRESPONSE_SCORE,2023,762,GDHM_CAT6_INFRASTRUCTURE,GDHM_Q17,2.0,Phase 2
GDHM_SURVEY_COUNTRYRESPONSE_SCORE,2023,762,GDHM_CAT6_INFRASTRUCTURE,GDHM_Q18,3.0,Phase 3
GDHM_SURVEY_CATEGORY_AVG,2023,762,GDHM_CAT6_INFRASTRUCTURE,,3.0,Phase 3
GDHM_SURVEY_COUNTRYRESPONSE_SCORE,2023,762,GDHM_CAT7_SERV_APP,GDHM_Q19,0.0,Not Available
GDHM_SURVEY_COUNTRYRESPONSE_SCORE,2023,762,GDHM_CAT7_SERV_APP,GDHM_Q20,0.0,Not Available
GDHM_SURVEY_COUNTRYRESPONSE_SCORE,2023,762,GDHM_CAT7_SERV_APP,GDHM_Q21,0.0,Not Available
GDHM_SURVEY_COUNTRYRESPONSE_SCORE,2023,762,GDHM_CAT7_SERV_APP,GDHM_Q21a,0.0,Not Available
GDHM_SURVEY_COUNTRYRESPONSE_SCORE,2023,762,GDHM_CAT7_SERV_APP,GDHM_Q21b,0.0,Not Available
GDHM_SURVEY_COUNTRYRESPONSE_SCORE,2023,762,GDHM_CAT7_SERV_APP,GDHM_Q21c,0.0,Not Available
GDHM_SURVEY_COUNTRYRESPONSE_SCORE,2023,762,GDHM_CAT7_SERV_APP,GDHM_Q22,0.0,Not Available
GDHM_SURVEY_COUNTRYRESPONSE_SCORE,2023,762,GDHM_CAT7_SERV_APP,GDHM_Q23,0.0,Not Available
GDHM_SURVEY_CATEGORY_AVG,2023,762,GDHM_CAT7_SERV_APP,,1.0,Not Available
GDHM_SURVEY_COUNTRYRESPONSE_SCORE,2023,834,GDHM_CAT1_LEAD_GOV,GDHM_Q01,4.0,Phase 4
GDHM_SURVEY_COUNTRYRESPONSE_SCORE,2023,834,GDHM_CAT1_LEAD_GOV,GDHM_Q02,5.0,Phase 5
GDHM_SURVEY_COUNTRYRESPONSE_SCORE,2023,834,GDHM_CAT1_LEAD_GOV,GDHM_Q02a,4.0,Phase 4
GDHM_SURVEY_COUNTRYRESPONSE_SCORE,2023,834,GDHM_CAT1_LEAD_GOV,GDHM_Q03,3.0,Phase 3
GDHM_SURVEY_COUNTRYRESPONSE_SCORE,2023,834,GDHM_CAT1_LEAD_GOV,GDHM_Q04,5.0,Phase 5
GDHM_SURVEY_COUNTRYRESPONSE_SCORE,2023,834,GDHM_CAT1_LEAD_GOV,GDHM_Q04a,3.0,Phase 3
GDHM_SURVEY_CATEGORY_AVG,2023,834,GDHM_CAT1_LEAD_GOV,,5.0,Phase 5
GDHM_SURVEY_COUNTRYRESPONSE_SCORE,2023,834,GDHM_CAT2_STRAT_INV,GDHM_Q05,5.0,Phase 5
GDHM_SURVEY_COUNTRYRESPONSE_SCORE,2023,834,GDHM_CAT2_STRAT_INV,GDHM_Q05a,5.0,Phase 5
GDHM_SURVEY_COUNTRYRESPONSE_SCORE,2023,834,GDHM_CAT2_STRAT_INV,GDHM_Q06,3.0,Phase 3
GDHM_SURVEY_COUNTRYRESPONSE_SCORE,2023,834,GDHM_CAT2_STRAT_INV,GDHM_Q06a,4.0,Phase 4
GDHM_SURVEY_CATEGORY_AVG,2023,834,GDHM_CAT2_STRAT_INV,,4.0,Phase 4
GDHM_SURVEY_COUNTRYRESPONSE_SCORE,2023,834,GDHM_CAT3_LEG,GDHM_Q07,3.0,Phase 3
GDHM_SURVEY_COUNTRYRESPONSE_SCORE,2023,834,GDHM_CAT3_LEG,GDHM_Q08,4.0,Phase 4
GDHM_SURVEY_COUNTRYRESPONSE_SCORE,2023,834,GDHM_CAT3_LEG,GDHM_Q09,4.0,Phase 4
GDHM_SURVEY_COUNTRYRESPONSE_SCORE,2023,834,GDHM_CAT3_LEG,GDHM_Q09a,2.0,Phase 2
GDHM_SURVEY_COUNTRYRESPONSE_SCORE,2023,834,GDHM_CAT3_LEG,GDHM_Q10,4.0,Phase 4
GDHM_SURVEY_CATEGORY_AVG,2023,834,GDHM_CAT3_LEG,,4.0,Phase 4
GDHM_SURVEY_COUNTRYRESPONSE_SCORE,2023,834,GDHM_CAT4_WORKFORCE,GDHM_Q11,1.0,Phase 1
GDHM_SURVEY_COUNTRYRESPONSE_SCORE,2023,834,GDHM_CAT4_WORKFORCE,GDHM_Q12,2.0,Phase 2
GDHM_SURVEY_COUNTRYRESPONSE_SCORE,2023,834,GDHM_CAT4_WORKFORCE,GDHM_Q13,4.0,Phase 4
GDHM_SURVEY_COUNTRYRESPONSE_SCORE,2023,834,GDHM_CAT4_WORKFORCE,GDHM_Q14,1.0,Phase 1
GDHM_SURVEY_CATEGORY_AVG,2023,834,GDHM_CAT4_WORKFORCE,,2.0,Phase 2
GDHM_SURVEY_COUNTRYRESPONSE_SCORE,2023,834,GDHM_CAT5_STANDARDS,GDHM_Q15,5.0,Phase 5
GDHM_SURVEY_COUNTRYRESPONSE_SCORE,2023,834,GDHM_CAT5_STANDARDS,GDHM_Q16,5.0,Phase 5
GDHM_SURVEY_CATEGORY_AVG,2023,834,GDHM_CAT5_STANDARDS,,5.0,Phase 5
GDHM_SURVEY_COUNTRYRESPONSE_SCORE,2023,834,GDHM_CAT6_INFRASTRUCTURE,GDHM_Q17,3.0,Phase 3
GDHM_SURVEY_COUNTRYRESPONSE_SCORE,2023,834,GDHM_CAT6_INFRASTRUCTURE,GDHM_Q18,4.0,Phase 4
GDHM_SURVEY_CATEGORY_AVG,2023,834,GDHM_CAT6_INFRASTRUCTURE,,4.0,Phase 4
GDHM_SURVEY_COUNTRYRESPONSE_SCORE,2023,834,GDHM_CAT7_SERV_APP,GDHM_Q19,5.0,Phase 5
GDHM_SURVEY_COUNTRYRESPONSE_SCORE,2023,834,GDHM_CAT7_SERV_APP,GDHM_Q20,4.0,Phase 4
GDHM_SURVEY_COUNTRYRESPONSE_SCORE,2023,834,GDHM_CAT7_SERV_APP,GDHM_Q21,2.0,Phase 2
GDHM_SURVEY_COUNTRYRESPONSE_SCORE,2023,834,GDHM_CAT7_SERV_APP,GDHM_Q21a,2.0,Phase 2
GDHM_SURVEY_COUNTRYRESPONSE_SCORE,2023,834,GDHM_CAT7_SERV_APP,GDHM_Q21b,3.0,Phase 3
GDHM_SURVEY_COUNTRYRESPONSE_SCORE,2023,834,GDHM_CAT7_SERV_APP,GDHM_Q21c,4.0,Phase 4
GDHM_SURVEY_COUNTRYRESPONSE_SCORE,2023,834,GDHM_CAT7_SERV_APP,GDHM_Q22,2.0,Phase 2
GDHM_SURVEY_COUNTRYRESPONSE_SCORE,2023,834,GDHM_CAT7_SERV_APP,GDHM_Q23,5.0,Phase 5
GDHM_SURVEY_CATEGORY_AVG,2023,834,GDHM_CAT7_SERV_APP,,4.0,Phase 4
GDHM_SURVEY_COUNTRYRESPONSE_SCORE,2023,764,GDHM_CAT1_LEAD_GOV,GDHM_Q01,5.0,Phase 5
GDHM_SURVEY_COUNTRYRESPONSE_SCORE,2023,764,GDHM_CAT1_LEAD_GOV,GDHM_Q02,5.0,Phase 5
GDHM_SURVEY_COUNTRYRESPONSE_SCORE,2023,764,GDHM_CAT1_LEAD_GOV,GDHM_Q02a,4.0,Phase 4
GDHM_SURVEY_COUNTRYRESPONSE_SCORE,2023,764,GDHM_CAT1_LEAD_GOV,GDHM_Q03,4.0,Phase 4
GDHM_SURVEY_COUNTRYRESPONSE_SCORE,2023,764,GDHM_CAT1_LEAD_GOV,GDHM_Q04,4.0,Phase 4
GDHM_SURVEY_COUNTRYRESPONSE_SCORE,2023,764,GDHM_CAT1_LEAD_GOV,GDHM_Q04a,5.0,Phase 5
GDHM_SURVEY_CATEGORY_AVG,2023,764,GDHM_CAT1_LEAD_GOV,,5.0,Phase 5
GDHM_SURVEY_COUNTRYRESPONSE_SCORE,2023,764,GDHM_CAT2_STRAT_INV,GDHM_Q05,4.0,Phase 4
GDHM_SURVEY_COUNTRYRESPONSE_SCORE,2023,764,GDHM_CAT2_STRAT_INV,GDHM_Q05a,5.0,Phase 5
GDHM_SURVEY_COUNTRYRESPONSE_SCORE,2023,764,GDHM_CAT2_STRAT_INV,GDHM_Q06,4.0,Phase 4
GDHM_SURVEY_COUNTRYRESPONSE_SCORE,2023,764,GDHM_CAT2_STRAT_INV,GDHM_Q06a,4.0,Phase 4
GDHM_SURVEY_CATEGORY_AVG,2023,764,GDHM_CAT2_STRAT_INV,,4.0,Phase 4
GDHM_SURVEY_COUNTRYRESPONSE_SCORE,2023,764,GDHM_CAT3_LEG,GDHM_Q07,5.0,Phase 5
GDHM_SURVEY_COUNTRYRESPONSE_SCORE,2023,764,GDHM_CAT3_LEG,GDHM_Q08,5.0,Phase 5
GDHM_SURVEY_COUNTRYRESPONSE_SCORE,2023,764,GDHM_CAT3_LEG,GDHM_Q09,3.0,Phase 3
GDHM_SURVEY_COUNTRYRESPONSE_SCORE,2023,764,GDHM_CAT3_LEG,GDHM_Q09a,2.0,Phase 2
GDHM_SURVEY_COUNTRYRESPONSE_SCORE,2023,764,GDHM_CAT3_LEG,GDHM_Q10,5.0,Phase 5
GDHM_SURVEY_CATEGORY_AVG,2023,764,GDHM_CAT3_LEG,,5.0,Phase 5
GDHM_SURVEY_COUNTRYRESPONSE_SCORE,2023,764,GDHM_CAT4_WORKFORCE,GDHM_Q11,3.0,Phase 3
GDHM_SURVEY_COUNTRYRESPONSE_SCORE,2023,764,GDHM_CAT4_WORKFORCE,GDHM_Q12,5.0,Phase 5
GDHM_SURVEY_COUNTRYRESPONSE_SCORE,2023,764,GDHM_CAT4_WORKFORCE,GDHM_Q13,4.0,Phase 4
GDHM_SURVEY_COUNTRYRESPONSE_SCORE,2023,764,GDHM_CAT4_WORKFORCE,GDHM_Q14,3.0,Phase 3
GDHM_SURVEY_CATEGORY_AVG,2023,764,GDHM_CAT4_WORKFORCE,,4.0,Phase 4
GDHM_SURVEY_COUNTRYRESPONSE_SCORE,2023,764,GDHM_CAT5_STANDARDS,GDHM_Q15,2.0,Phase 2
GDHM_SURVEY_COUNTRYRESPONSE_SCORE,2023,764,GDHM_CAT5_STANDARDS,GDHM_Q16,3.0,Phase 3
GDHM_SURVEY_CATEGORY_AVG,2023,764,GDHM_CAT5_STANDARDS,,3.0,Phase 3
GDHM_SURVEY_COUNTRYRESPONSE_SCORE,2023,764,GDHM_CAT6_INFRASTRUCTURE,GDHM_Q17,3.0,Phase 3
GDHM_SURVEY_COUNTRYRESPONSE_SCORE,2023,764,GDHM_CAT6_INFRASTRUCTURE,GDHM_Q18,3.0,Phase 3
GDHM_SURVEY_CATEGORY_AVG,2023,764,GDHM_CAT6_INFRASTRUCTURE,,3.0,Phase 3
GDHM_SURVEY_COUNTRYRESPONSE_SCORE,2023,764,GDHM_CAT7_SERV_APP,GDHM_Q19,4.0,Phase 4
GDHM_SURVEY_COUNTRYRESPONSE_SCORE,2019,956,GDHM_CAT2_STRAT_INV,GDHM_Q05a,2.0,Phase 2
GDHM_SURVEY_COUNTRYRESPONSE_SCORE,2019,956,GDHM_CAT2_STRAT_INV,GDHM_Q06,3.0,Phase 3
GDHM_SURVEY_COUNTRYRESPONSE_SCORE,2019,956,GDHM_CAT2_STRAT_INV,GDHM_Q06a,2.0,Phase 2
GDHM_SURVEY_COUNTRYRESPONSE_SCORE,2019,956,GDHM_CAT3_LEG,GDHM_Q07,4.0,Phase 4
GDHM_SURVEY_COUNTRYRESPONSE_SCORE,2019,956,GDHM_CAT3_LEG,GDHM_Q08,3.0,Phase 3
GDHM_SURVEY_COUNTRYRESPONSE_SCORE,2019,956,GDHM_CAT3_LEG,GDHM_Q09,2.0,Phase 2
GDHM_SURVEY_COUNTRYRESPONSE_SCORE,2019,956,GDHM_CAT3_LEG,GDHM_Q09a,1.0,Phase 1
GDHM_SURVEY_COUNTRYRESPONSE_SCORE,2019,954,GDHM_CAT7_SERV_APP,GDHM_Q21,4.0,Phase 4
GDHM_SURVEY_COUNTRYRESPONSE_SCORE,2019,954,GDHM_CAT7_SERV_APP,GDHM_Q20,2.0,Phase 2
GDHM_SURVEY_COUNTRYRESPONSE_SCORE,2019,954,GDHM_CAT7_SERV_APP,GDHM_Q19,3.0,Phase 3
GDHM_SURVEY_COUNTRYRESPONSE_SCORE,2019,954,GDHM_CAT6_INFRASTRUCTURE,GDHM_Q18,2.0,Phase 2
GDHM_SURVEY_COUNTRYRESPONSE_SCORE,2019,954,GDHM_CAT1_LEAD_GOV,GDHM_Q02a,4.0,Phase 4
GDHM_SURVEY_COUNTRYRESPONSE_SCORE,2019,954,GDHM_CAT1_LEAD_GOV,GDHM_Q03,2.0,Phase 2
GDHM_SURVEY_COUNTRYRESPONSE_SCORE,2019,954,GDHM_CAT1_LEAD_GOV,GDHM_Q04,4.0,Phase 4
GDHM_SURVEY_COUNTRYRESPONSE_SCORE,2019,954,GDHM_CAT1_LEAD_GOV,GDHM_Q04a,2.0,Phase 2
GDHM_SURVEY_COUNTRYRESPONSE_SCORE,2019,954,GDHM_CAT2_STRAT_INV,GDHM_Q05,2.0,Phase 2
GDHM_SURVEY_COUNTRYRESPONSE_SCORE,2019,954,GDHM_CAT2_STRAT_INV,GDHM_Q05a,4.0,Phase 4
GDHM_SURVEY_COUNTRYRESPONSE_SCORE,2019,954,GDHM_CAT2_STRAT_INV,GDHM_Q06,3.0,Phase 3
GDHM_SURVEY_COUNTRYRESPONSE_SCORE,2019,954,GDHM_CAT2_STRAT_INV,GDHM_Q06a,3.0,Phase 3
GDHM_SURVEY_COUNTRYRESPONSE_SCORE,2019,954,GDHM_CAT3_LEG,GDHM_Q07,5.0,Phase 5
GDHM_SURVEY_COUNTRYRESPONSE_SCORE,2019,956,GDHM_CAT3_LEG,GDHM_Q10,3.0,Phase 3
GDHM_SURVEY_COUNTRYRESPONSE_SCORE,2019,954,GDHM_CAT3_LEG,GDHM_Q08,4.0,Phase 4
GDHM_SURVEY_COUNTRYRESPONSE_SCORE,2019,954,GDHM_CAT3_LEG,GDHM_Q09a,2.0,Phase 2
GDHM_SURVEY_COUNTRYRESPONSE_SCORE,2019,954,GDHM_CAT3_LEG,GDHM_Q10,2.0,Phase 2
GDHM_SURVEY_COUNTRYRESPONSE_SCORE,2019,954,GDHM_CAT4_WORKFORCE,GDHM_Q11,2.0,Phase 2
GDHM_SURVEY_COUNTRYRESPONSE_SCORE,2019,954,GDHM_CAT4_WORKFORCE,GDHM_Q12,2.0,Phase 2
GDHM_SURVEY_COUNTRYRESPONSE_SCORE,2019,954,GDHM_CAT4_WORKFORCE,GDHM_Q13,2.0,Phase 2
GDHM_SURVEY_COUNTRYRESPONSE_SCORE,2019,954,GDHM_CAT4_WORKFORCE,GDHM_Q14,1.0,Phase 1
GDHM_SURVEY_COUNTRYRESPONSE_SCORE,2019,954,GDHM_CAT5_STANDARDS,GDHM_Q15,2.0,Phase 2
GDHM_SURVEY_COUNTRYRESPONSE_SCORE,2019,954,GDHM_CAT5_STANDARDS,GDHM_Q16,2.0,Phase 2
GDHM_SURVEY_COUNTRYRESPONSE_SCORE,2019,954,GDHM_CAT6_INFRASTRUCTURE,GDHM_Q17,4.0,Phase 4
GDHM_SURVEY_COUNTRYRESPONSE_SCORE,2019,954,GDHM_CAT3_LEG,GDHM_Q09,2.0,Phase 2
GDHM_SURVEY_COUNTRYRESPONSE_SCORE,2019,954,GDHM_CAT1_LEAD_GOV,GDHM_Q02,4.0,Phase 4
GDHM_SURVEY_COUNTRYRESPONSE_SCORE,2019,956,GDHM_CAT4_WORKFORCE,GDHM_Q12,2.0,Phase 2
GDHM_SURVEY_COUNTRYRESPONSE_SCORE,2019,956,GDHM_CAT4_WORKFORCE,GDHM_Q14,0.0,Phase 0
GDHM_SURVEY_COUNTRYRESPONSE_SCORE,2019,958,GDHM_CAT3_LEG,GDHM_Q09,1.0,Phase 1
GDHM_SURVEY_COUNTRYRESPONSE_SCORE,2019,958,GDHM_CAT3_LEG,GDHM_Q09a,1.0,Phase 1
GDHM_SURVEY_COUNTRYRESPONSE_SCORE,2019,958,GDHM_CAT3_LEG,GDHM_Q10,3.0,Phase 3
GDHM_SURVEY_COUNTRYRESPONSE_SCORE,2019,958,GDHM_CAT4_WORKFORCE,GDHM_Q11,3.0,Phase 3
GDHM_SURVEY_COUNTRYRESPONSE_SCORE,2019,958,GDHM_CAT4_WORKFORCE,GDHM_Q12,2.0,Phase 2
GDHM_SURVEY_COUNTRYRESPONSE_SCORE,2019,958,GDHM_CAT4_WORKFORCE,GDHM_Q13,3.0,Phase 3
GDHM_SURVEY_COUNTRYRESPONSE_SCORE,2019,958,GDHM_CAT4_WORKFORCE,GDHM_Q14,1.0,Phase 1
GDHM_SURVEY_COUNTRYRESPONSE_SCORE,2019,958,GDHM_CAT5_STANDARDS,GDHM_Q15,1.0,Phase 1
GDHM_SURVEY_COUNTRYRESPONSE_SCORE,2019,958,GDHM_CAT5_STANDARDS,GDHM_Q16,3.0,Phase 3
GDHM_SURVEY_COUNTRYRESPONSE_SCORE,2019,958,GDHM_CAT6_INFRASTRUCTURE,GDHM_Q17,4.0,Phase 4
GDHM_SURVEY_COUNTRYRESPONSE_SCORE,2019,958,GDHM_CAT6_INFRASTRUCTURE,GDHM_Q18,4.0,Phase 4
GDHM_SURVEY_COUNTRYRESPONSE_SCORE,2019,958,GDHM_CAT7_SERV_APP,GDHM_Q19,3.0,Phase 3
GDHM_SURVEY_COUNTRYRESPONSE_SCORE,2019,958,GDHM_CAT7_SERV_APP,GDHM_Q20,3.0,Phase 3
GDHM_SURVEY_COUNTRYRESPONSE_SCORE,2019,958,GDHM_CAT7_SERV_APP,GDHM_Q21,5.0,Phase 5
GDHM_SURVEY_COUNTRYRESPONSE_SCORE,2019,958,GDHM_CAT7_SERV_APP,GDHM_Q21a,5.0,Phase 5
GDHM_SURVEY_COUNTRYRESPONSE_SCORE,2019,958,GDHM_CAT7_SERV_APP,GDHM_Q21b,5.0,Phase 5
GDHM_SURVEY_COUNTRYRESPONSE_SCORE,2019,958,GDHM_CAT7_SERV_APP,GDHM_Q21c,5.0,Phase 5
GDHM_SURVEY_COUNTRYRESPONSE_SCORE,2019,958,GDHM_CAT7_SERV_APP,GDHM_Q22,1.0,Phase 1
GDHM_SURVEY_COUNTRYRESPONSE_SCORE,2019,958,GDHM_CAT7_SERV_APP,GDHM_Q23,3.0,Phase 3
GDHM_SURVEY_COUNTRYRESPONSE_SCORE,2019,958,GDHM_CAT3_LEG,GDHM_Q08,4.0,Phase 4
GDHM_SURVEY_COUNTRYRESPONSE_SCORE,2019,958,GDHM_CAT3_LEG,GDHM_Q07,4.0,Phase 4
GDHM_SURVEY_COUNTRYRESPONSE_SCORE,2019,958,GDHM_CAT2_STRAT_INV,GDHM_Q06a,2.0,Phase 2
GDHM_SURVEY_COUNTRYRESPONSE_SCORE,2019,958,GDHM_CAT2_STRAT_INV,GDHM_Q06,3.0,Phase 3
GDHM_SURVEY_COUNTRYRESPONSE_SCORE,2019,956,GDHM_CAT5_STANDARDS,GDHM_Q15,4.0,Phase 4
GDHM_SURVEY_COUNTRYRESPONSE_SCORE,2019,956,GDHM_CAT5_STANDARDS,GDHM_Q16,3.0,Phase 3
GDHM_SURVEY_COUNTRYRESPONSE_SCORE,2019,956,GDHM_CAT6_INFRASTRUCTURE,GDHM_Q17,4.0,Phase 4
GDHM_SURVEY_COUNTRYRESPONSE_SCORE,2019,956,GDHM_CAT6_INFRASTRUCTURE,GDHM_Q18,4.0,Phase 4
GDHM_SURVEY_COUNTRYRESPONSE_SCORE,2019,956,GDHM_CAT7_SERV_APP,GDHM_Q19,4.0,Phase 4
GDHM_SURVEY_COUNTRYRESPONSE_SCORE,2019,956,GDHM_CAT7_SERV_APP,GDHM_Q20,1.0,Phase 1
GDHM_SURVEY_COUNTRYRESPONSE_SCORE,2019,956,GDHM_CAT7_SERV_APP,GDHM_Q21,2.0,Phase 2
GDHM_SURVEY_COUNTRYRESPONSE_SCORE,2019,956,GDHM_CAT7_SERV_APP,GDHM_Q21a,2.0,Phase 2
GDHM_SURVEY_COUNTRYRESPONSE_SCORE,2019,956,GDHM_CAT7_SERV_APP,GDHM_Q21b,3.0,Phase 3
GDHM_SURVEY_COUNTRYRESPONSE_SCORE,2019,956,GDHM_CAT4_WORKFORCE,GDHM_Q13,3.0,Phase 3
GDHM_SURVEY_COUNTRYRESPONSE_SCORE,2019,956,GDHM_CAT7_SERV_APP,GDHM_Q21c,3.0,Phase 3
GDHM_SURVEY_COUNTRYRESPONSE_SCORE,2019,956,GDHM_CAT7_SERV_APP,GDHM_Q23,2.0,Phase 2
GDHM_SURVEY_COUNTRYRESPONSE_SCORE,2019,958,GDHM_CAT1_LEAD_GOV,GDHM_Q01,3.0,Phase 3
GDHM_SURVEY_COUNTRYRESPONSE_SCORE,2019,958,GDHM_CAT1_LEAD_GOV,GDHM_Q02,4.0,Phase 4
GDHM_SURVEY_COUNTRYRESPONSE_SCORE,2019,958,GDHM_CAT1_LEAD_GOV,GDHM_Q02a,4.0,Phase 4
GDHM_SURVEY_COUNTRYRESPONSE_SCORE,2019,958,GDHM_CAT1_LEAD_GOV,GDHM_Q03,3.0,Phase 3
GDHM_SURVEY_COUNTRYRESPONSE_SCORE,2019,958,GDHM_CAT1_LEAD_GOV,GDHM_Q04,4.0,Phase 4
GDHM_SURVEY_COUNTRYRESPONSE_SCORE,2019,958,GDHM_CAT1_LEAD_GOV,GDHM_Q04a,2.0,Phase 2
GDHM_SURVEY_COUNTRYRESPONSE_SCORE,2019,958,GDHM_CAT2_STRAT_INV,GDHM_Q05,2.0,Phase 2
GDHM_SURVEY_COUNTRYRESPONSE_SCORE,2019,958,GDHM_CAT2_STRAT_INV,GDHM_Q05a,3.0,Phase 3
GDHM_SURVEY_COUNTRYRESPONSE_SCORE,2019,956,GDHM_CAT7_SERV_APP,GDHM_Q22,3.0,Phase 3
GDHM_SURVEY_COUNTRYRESPONSE_SCORE,2019,954,GDHM_CAT1_LEAD_GOV,GDHM_Q01,4.0,Phase 4
GDHM_SURVEY_COUNTRYRESPONSE_SCORE,2019,956,GDHM_CAT4_WORKFORCE,GDHM_Q11,2.0,Phase 2
GDHM_SURVEY_COUNTRYRESPONSE_SCORE,2019,953,GDHM_CAT7_SERV_APP,GDHM_Q22,2.0,Phase 2
GDHM_SURVEY_COUNTRYRESPONSE_SCORE,2019,957,GDHM_CAT7_SERV_APP,GDHM_Q21,2.0,Phase 2
GDHM_SURVEY_COUNTRYRESPONSE_SCORE,2019,957,GDHM_CAT7_SERV_APP,GDHM_Q21a,3.0,Phase 3
GDHM_SURVEY_COUNTRYRESPONSE_SCORE,2019,957,GDHM_CAT7_SERV_APP,GDHM_Q21b,4.0,Phase 4
GDHM_SURVEY_COUNTRYRESPONSE_SCORE,2019,957,GDHM_CAT7_SERV_APP,GDHM_Q21c,4.0,Phase 4
GDHM_SURVEY_COUNTRYRESPONSE_SCORE,2019,957,GDHM_CAT7_SERV_APP,GDHM_Q22,2.0,Phase 2
GDHM_SURVEY_COUNTRYRESPONSE_SCORE,2019,957,GDHM_CAT7_SERV_APP,GDHM_Q23,3.0,Phase 3
GDHM_SURVEY_COUNTRYRESPONSE_SCORE,2019,955,GDHM_CAT1_LEAD_GOV,GDHM_Q01,5.0,Phase 5
GDHM_SURVEY_COUNTRYRESPONSE_SCORE,2019,955,GDHM_CAT1_LEAD_GOV,GDHM_Q02,4.0,Phase 4
GDHM_SURVEY_COUNTRYRESPONSE_SCORE,2019,955,GDHM_CAT1_LEAD_GOV,GDHM_Q02a,1.0,Phase 1
GDHM_SURVEY_COUNTRYRESPONSE_SCORE,2019,955,GDHM_CAT1_LEAD_GOV,GDHM_Q03,3.0,Phase 3
GDHM_SURVEY_COUNTRYRESPONSE_SCORE,2019,955,GDHM_CAT1_LEAD_GOV,GDHM_Q04,3.0,Phase 3
GDHM_SURVEY_COUNTRYRESPONSE_SCORE,2019,955,GDHM_CAT1_LEAD_GOV,GDHM_Q04a,2.0,Phase 2
GDHM_SURVEY_COUNTRYRESPONSE_SCORE,2019,955,GDHM_CAT2_STRAT_INV,GDHM_Q05,3.0,Phase 3
GDHM_SURVEY_COUNTRYRESPONSE_SCORE,2019,955,GDHM_CAT2_STRAT_INV,GDHM_Q05a,3.0,Phase 3
GDHM_SURVEY_COUNTRYRESPONSE_SCORE,2019,955,GDHM_CAT2_STRAT_INV,GDHM_Q06,4.0,Phase 4
GDHM_SURVEY_COUNTRYRESPONSE_SCORE,2019,955,GDHM_CAT2_STRAT_INV,GDHM_Q06a,3.0,Phase 3
GDHM_SURVEY_COUNTRYRESPONSE_SCORE,2019,955,GDHM_CAT3_LEG,GDHM_Q07,2.0,Phase 2
GDHM_SURVEY_COUNTRYRESPONSE_SCORE,2019,955,GDHM_CAT3_LEG,GDHM_Q08,2.0,Phase 2
GDHM_SURVEY_COUNTRYRESPONSE_SCORE,2019,955,GDHM_CAT3_LEG,GDHM_Q09,3.0,Phase 3
GDHM_SURVEY_COUNTRYRESPONSE_SCORE,2019,957,GDHM_CAT7_SERV_APP,GDHM_Q19,2.0,Phase 2
GDHM_SURVEY_COUNTRYRESPONSE_SCORE,2019,957,GDHM_CAT6_INFRASTRUCTURE,GDHM_Q18,3.0,Phase 3
GDHM_SURVEY_COUNTRYRESPONSE_SCORE,2019,957,GDHM_CAT6_INFRASTRUCTURE,GDHM_Q17,2.0,Phase 2
GDHM_SURVEY_COUNTRYRESPONSE_SCORE,2019,957,GDHM_CAT5_STANDARDS,GDHM_Q16,2.0,Phase 2
GDHM_SURVEY_COUNTRYRESPONSE_SCORE,2019,953,GDHM_CAT7_SERV_APP,GDHM_Q23,3.0,Phase 3
GDHM_SURVEY_COUNTRYRESPONSE_SCORE,2019,957,GDHM_CAT1_LEAD_GOV,GDHM_Q02,4.0,Phase 4
GDHM_SURVEY_COUNTRYRESPONSE_SCORE,2019,957,GDHM_CAT1_LEAD_GOV,GDHM_Q02a,3.0,Phase 3
GDHM_SURVEY_COUNTRYRESPONSE_SCORE,2019,957,GDHM_CAT1_LEAD_GOV,GDHM_Q03,2.0,Phase 2
GDHM_SURVEY_COUNTRYRESPONSE_SCORE,2019,957,GDHM_CAT1_LEAD_GOV,GDHM_Q04,4.0,Phase 4
GDHM_SURVEY_COUNTRYRESPONSE_SCORE,2019,957,GDHM_CAT1_LEAD_GOV,GDHM_Q04a,2.0,Phase 2
GDHM_SURVEY_COUNTRYRESPONSE_SCORE,2019,957,GDHM_CAT2_STRAT_INV,GDHM_Q05,2.0,Phase 2
GDHM_SURVEY_COUNTRYRESPONSE_SCORE,2019,957,GDHM_CAT2_STRAT_INV,GDHM_Q05a,2.0,Phase 2
GDHM_SURVEY_COUNTRYRESPONSE_SCORE,2019,957,GDHM_CAT2_STRAT_INV,GDHM_Q06,2.0,Phase 2
GDHM_SURVEY_COUNTRYRESPONSE_SCORE,2019,955,GDHM_CAT3_LEG,GDHM_Q09a,3.0,Phase 3
GDHM_SURVEY_COUNTRYRESPONSE_SCORE,2019,957,GDHM_CAT2_STRAT_INV,GDHM_Q06a,3.0,Phase 3
GDHM_SURVEY_COUNTRYRESPONSE_SCORE,2019,957,GDHM_CAT3_LEG,GDHM_Q08,2.0,Phase 2
GDHM_SURVEY_COUNTRYRESPONSE_SCORE,2019,957,GDHM_CAT3_LEG,GDHM_Q09,2.0,Phase 2
GDHM_SURVEY_COUNTRYRESPONSE_SCORE,2019,957,GDHM_CAT3_LEG,GDHM_Q09a,2.0,Phase 2
GDHM_SURVEY_COUNTRYRESPONSE_SCORE,2019,957,GDHM_CAT3_LEG,GDHM_Q10,2.0,Phase 2
GDHM_SURVEY_COUNTRYRESPONSE_SCORE,2019,957,GDHM_CAT4_WORKFORCE,GDHM_Q11,2.0,Phase 2
GDHM_SURVEY_COUNTRYRESPONSE_SCORE,2019,957,GDHM_CAT4_WORKFORCE,GDHM_Q12,2.0,Phase 2
GDHM_SURVEY_COUNTRYRESPONSE_SCORE,2019,957,GDHM_CAT4_WORKFORCE,GDHM_Q13,2.0,Phase 2
GDHM_SURVEY_COUNTRYRESPONSE_SCORE,2019,957,GDHM_CAT4_WORKFORCE,GDHM_Q14,2.0,Phase 2
GDHM_SURVEY_COUNTRYRESPONSE_SCORE,2019,957,GDHM_CAT5_STANDARDS,GDHM_Q15,2.0,Phase 2
GDHM_SURVEY_COUNTRYRESPONSE_SCORE,2019,957,GDHM_CAT3_LEG,GDHM_Q07,2.0,Phase 2
GDHM_SURVEY_COUNTRYRESPONSE_SCORE,2019,955,GDHM_CAT3_LEG,GDHM_Q10,1.0,Phase 1
GDHM_SURVEY_COUNTRYRESPONSE_SCORE,2019,957,GDHM_CAT7_SERV_APP,GDHM_Q20,4.0,Phase 4
GDHM_SURVEY_COUNTRYRESPONSE_SCORE,2019,953,GDHM_CAT7_SERV_APP,GDHM_Q21b,3.0,Phase 3
GDHM_SURVEY_COUNTRYRESPONSE_SCORE,2019,953,GDHM_CAT2_STRAT_INV,GDHM_Q06,2.0,Phase 2
GDHM_SURVEY_COUNTRYRESPONSE_SCORE,2019,953,GDHM_CAT2_STRAT_INV,GDHM_Q06a,2.0,Phase 2
GDHM_SURVEY_COUNTRYRESPONSE_SCORE,2019,953,GDHM_CAT3_LEG,GDHM_Q07,3.0,Phase 3
GDHM_SURVEY_COUNTRYRESPONSE_SCORE,2019,953,GDHM_CAT3_LEG,GDHM_Q08,3.0,Phase 3
GDHM_SURVEY_COUNTRYRESPONSE_SCORE,2019,953,GDHM_CAT3_LEG,GDHM_Q09,1.0,Phase 1
GDHM_SURVEY_COUNTRYRESPONSE_SCORE,2019,953,GDHM_CAT3_LEG,GDHM_Q09a,1.0,Phase 1
GDHM_SURVEY_COUNTRYRESPONSE_SCORE,2019,953,GDHM_CAT3_LEG,GDHM_Q10,2.0,Phase 2
GDHM_SURVEY_COUNTRYRESPONSE_SCORE,2019,953,GDHM_CAT4_WORKFORCE,GDHM_Q12,2.0,Phase 2
GDHM_SURVEY_COUNTRYRESPONSE_SCORE,2019,953,GDHM_CAT4_WORKFORCE,GDHM_Q13,2.0,Phase 2
GDHM_SURVEY_COUNTRYRESPONSE_SCORE,2019,953,GDHM_CAT2_STRAT_INV,GDHM_Q05a,3.0,Phase 3
GDHM_SURVEY_COUNTRYRESPONSE_SCORE,2019,953,GDHM_CAT4_WORKFORCE,GDHM_Q14,1.0,Phase 1
GDHM_SURVEY_COUNTRYRESPONSE_SCORE,2019,953,GDHM_CAT5_STANDARDS,GDHM_Q16,2.0,Phase 2
GDHM_SURVEY_COUNTRYRESPONSE_SCORE,2019,953,GDHM_CAT6_INFRASTRUCTURE,GDHM_Q17,2.0,Phase 2
GDHM_SURVEY_COUNTRYRESPONSE_SCORE,2019,953,GDHM_CAT6_INFRASTRUCTURE,GDHM_Q18,2.0,Phase 2
GDHM_SURVEY_COUNTRYRESPONSE_SCORE,2019,953,GDHM_CAT7_SERV_APP,GDHM_Q19,2.0,Phase 2
GDHM_SURVEY_COUNTRYRESPONSE_SCORE,2019,953,GDHM_CAT7_SERV_APP,GDHM_Q20,3.0,Phase 3
GDHM_SURVEY_COUNTRYRESPONSE_SCORE,2019,953,GDHM_CAT7_SERV_APP,GDHM_Q21,2.0,Phase 2
GDHM_SURVEY_COUNTRYRESPONSE_SCORE,2019,953,GDHM_CAT7_SERV_APP,GDHM_Q21a,2.0,Phase 2
GDHM_SURVEY_COUNTRYRESPONSE_SCORE,2019,955,GDHM_CAT4_WORKFORCE,GDHM_Q11,1.0,Phase 1
GDHM_SURVEY_COUNTRYRESPONSE_SCORE,2019,953,GDHM_CAT7_SERV_APP,GDHM_Q21c,2.0,Phase 2
GDHM_SURVEY_COUNTRYRESPONSE_SCORE,2019,953,GDHM_CAT5_STANDARDS,GDHM_Q15,2.0,Phase 2
GDHM_SURVEY_COUNTRYRESPONSE_SCORE,2019,953,GDHM_CAT2_STRAT_INV,GDHM_Q05,3.0,Phase 3
GDHM_SURVEY_COUNTRYRESPONSE_SCORE,2019,953,GDHM_CAT4_WORKFORCE,GDHM_Q11,2.0,Phase 2
GDHM_SURVEY_COUNTRYRESPONSE_SCORE,2019,384,GDHM_CAT2_STRAT_INV,GDHM_Q05,4.0,Phase 4
GDHM_SURVEY_COUNTRYRESPONSE_SCORE,2019,384,GDHM_CAT2_STRAT_INV,GDHM_Q05a,4.0,Phase 4
GDHM_SURVEY_COUNTRYRESPONSE_SCORE,2019,384,GDHM_CAT2_STRAT_INV,GDHM_Q06,2.0,Phase 2
GDHM_SURVEY_COUNTRYRESPONSE_SCORE,2019,384,GDHM_CAT2_STRAT_INV,GDHM_Q06a,2.0,Phase 2
GDHM_SURVEY_CATEGORY_AVG,2019,384,GDHM_CAT2_STRAT_INV,,3.0,Phase 3
GDHM_SURVEY_COUNTRYRESPONSE_SCORE,2019,384,GDHM_CAT3_LEG,GDHM_Q07,4.0,Phase 4
GDHM_SURVEY_COUNTRYRESPONSE_SCORE,2019,384,GDHM_CAT3_LEG,GDHM_Q08,4.0,Phase 4
GDHM_SURVEY_COUNTRYRESPONSE_SCORE,2019,384,GDHM_CAT3_LEG,GDHM_Q09,1.0,Phase 1
GDHM_SURVEY_COUNTRYRESPONSE_SCORE,2019,384,GDHM_CAT3_LEG,GDHM_Q09a,1.0,Phase 1
GDHM_SURVEY_COUNTRYRESPONSE_SCORE,2019,384,GDHM_CAT3_LEG,GDHM_Q10,4.0,Phase 4
GDHM_SURVEY_CATEGORY_AVG,2019,384,GDHM_CAT3_LEG,,4.0,Phase 4
GDHM_SURVEY_COUNTRYRESPONSE_SCORE,2019,384,GDHM_CAT4_WORKFORCE,GDHM_Q11,1.0,Phase 1
GDHM_SURVEY_COUNTRYRESPONSE_SCORE,2019,384,GDHM_CAT4_WORKFORCE,GDHM_Q12,2.0,Phase 2
GDHM_SURVEY_COUNTRYRESPONSE_SCORE,2019,384,GDHM_CAT4_WORKFORCE,GDHM_Q13,3.0,Phase 3
GDHM_SURVEY_COUNTRYRESPONSE_SCORE,2019,384,GDHM_CAT4_WORKFORCE,GDHM_Q14,1.0,Phase 1
GDHM_SURVEY_CATEGORY_AVG,2019,384,GDHM_CAT4_WORKFORCE,,2.0,Phase 2
GDHM_SURVEY_COUNTRYRESPONSE_SCORE,2019,384,GDHM_CAT5_STANDARDS,GDHM_Q15,1.0,Phase 1
GDHM_SURVEY_COUNTRYRESPONSE_SCORE,2019,384,GDHM_CAT5_STANDARDS,GDHM_Q16,1.0,Phase 1
GDHM_SURVEY_CATEGORY_AVG,2019,384,GDHM_CAT5_STANDARDS,,1.0,Phase 1
GDHM_SURVEY_COUNTRYRESPONSE_SCORE,2019,384,GDHM_CAT6_INFRASTRUCTURE,GDHM_Q17,3.0,Phase 3
GDHM_SURVEY_COUNTRYRESPONSE_SCORE,2019,384,GDHM_CAT6_INFRASTRUCTURE,GDHM_Q18,3.0,Phase 3
GDHM_SURVEY_CATEGORY_AVG,2019,384,GDHM_CAT6_INFRASTRUCTURE,,3.0,Phase 3
GDHM_SURVEY_COUNTRYRESPONSE_SCORE,2019,384,GDHM_CAT7_SERV_APP,GDHM_Q19,2.0,Phase 2
GDHM_SURVEY_COUNTRYRESPONSE_SCORE,2019,384,GDHM_CAT7_SERV_APP,GDHM_Q20,2.0,Phase 2
GDHM_SURVEY_COUNTRYRESPONSE_SCORE,2019,384,GDHM_CAT7_SERV_APP,GDHM_Q21,1.0,Phase 1
GDHM_SURVEY_COUNTRYRESPONSE_SCORE,2019,384,GDHM_CAT7_SERV_APP,GDHM_Q21a,1.0,Phase 1
GDHM_SURVEY_COUNTRYRESPONSE_SCORE,2019,384,GDHM_CAT7_SERV_APP,GDHM_Q21b,2.0,Phase 2
GDHM_SURVEY_COUNTRYRESPONSE_SCORE,2019,384,GDHM_CAT7_SERV_APP,GDHM_Q21c,2.0,Phase 2
GDHM_SURVEY_COUNTRYRESPONSE_SCORE,2019,384,GDHM_CAT7_SERV_APP,GDHM_Q22,1.0,Phase 1
GDHM_SURVEY_COUNTRYRESPONSE_SCORE,2019,384,GDHM_CAT7_SERV_APP,GDHM_Q23,2.0,Phase 2
GDHM_SURVEY_CATEGORY_AVG,2019,384,GDHM_CAT7_SERV_APP,,2.0,Phase 2
GDHM_SURVEY_COUNTRYRESPONSE_SCORE,2019,266,GDHM_CAT1_LEAD_GOV,GDHM_Q01,4.0,Phase 4
GDHM_SURVEY_COUNTRYRESPONSE_SCORE,2019,266,GDHM_CAT1_LEAD_GOV,GDHM_Q02,2.0,Phase 2
GDHM_SURVEY_COUNTRYRESPONSE_SCORE,2019,266,GDHM_CAT1_LEAD_GOV,GDHM_Q02a,1.0,Phase 1
GDHM_SURVEY_COUNTRYRESPONSE_SCORE,2019,266,GDHM_CAT1_LEAD_GOV,GDHM_Q03,4.0,Phase 4
GDHM_SURVEY_COUNTRYRESPONSE_SCORE,2019,266,GDHM_CAT1_LEAD_GOV,GDHM_Q04,1.0,Phase 1
GDHM_SURVEY_COUNTRYRESPONSE_SCORE,2019,266,GDHM_CAT1_LEAD_GOV,GDHM_Q04a,0.0,Not Available
GDHM_SURVEY_CATEGORY_AVG,2019,266,GDHM_CAT1_LEAD_GOV,,3.0,Phase 3
GDHM_SURVEY_COUNTRYRESPONSE_SCORE,2019,266,GDHM_CAT2_STRAT_INV,GDHM_Q05,2.0,Phase 2
GDHM_SURVEY_COUNTRYRESPONSE_SCORE,2019,266,GDHM_CAT2_STRAT_INV,GDHM_Q05a,4.0,Phase 4
GDHM_SURVEY_COUNTRYRESPONSE_SCORE,2019,266,GDHM_CAT2_STRAT_INV,GDHM_Q06,2.0,Phase 2
GDHM_SURVEY_COUNTRYRESPONSE_SCORE,2019,266,GDHM_CAT2_STRAT_INV,GDHM_Q06a,1.0,Phase 1
GDHM_SURVEY_CATEGORY_AVG,2019,266,GDHM_CAT2_STRAT_INV,,2.0,Phase 2
GDHM_SURVEY_COUNTRYRESPONSE_SCORE,2019,266,GDHM_CAT3_LEG,GDHM_Q07,4.0,Phase 4
GDHM_SURVEY_COUNTRYRESPONSE_SCORE,2019,266,GDHM_CAT3_LEG,GDHM_Q08,4.0,Phase 4
GDHM_SURVEY_COUNTRYRESPONSE_SCORE,2019,266,GDHM_CAT3_LEG,GDHM_Q09,1.0,Phase 1
GDHM_SURVEY_COUNTRYRESPONSE_SCORE,2019,266,GDHM_CAT3_LEG,GDHM_Q09a,1.0,Phase 1
GDHM_SURVEY_COUNTRYRESPONSE_SCORE,2019,266,GDHM_CAT3_LEG,GDHM_Q10,1.0,Phase 1
GDHM_SURVEY_CATEGORY_AVG,2019,266,GDHM_CAT3_LEG,,3.0,Phase 3
GDHM_SURVEY_COUNTRYRESPONSE_SCORE,2019,266,GDHM_CAT4_WORKFORCE,GDHM_Q11,1.0,Phase 1
GDHM_SURVEY_COUNTRYRESPONSE_SCORE,2019,266,GDHM_CAT4_WORKFORCE,GDHM_Q12,1.0,Phase 1
GDHM_SURVEY_COUNTRYRESPONSE_SCORE,2019,266,GDHM_CAT4_WORKFORCE,GDHM_Q13,1.0,Phase 1
GDHM_SURVEY_COUNTRYRESPONSE_SCORE,2019,266,GDHM_CAT4_WORKFORCE,GDHM_Q14,1.0,Phase 1
GDHM_SURVEY_CATEGORY_AVG,2019,266,GDHM_CAT4_WORKFORCE,,1.0,Phase 1
GDHM_SURVEY_COUNTRYRESPONSE_SCORE,2019,266,GDHM_CAT5_STANDARDS,GDHM_Q15,1.0,Phase 1
GDHM_SURVEY_COUNTRYRESPONSE_SCORE,2019,266,GDHM_CAT5_STANDARDS,GDHM_Q16,0.0,Not Available
GDHM_SURVEY_CATEGORY_AVG,2019,266,GDHM_CAT5_STANDARDS,,1.0,Phase 1
GDHM_SURVEY_COUNTRYRESPONSE_SCORE,2019,266,GDHM_CAT6_INFRASTRUCTURE,GDHM_Q17,3.0,Phase 3
GDHM_SURVEY_COUNTRYRESPONSE_SCORE,2019,266,GDHM_CAT6_INFRASTRUCTURE,GDHM_Q18,1.0,Phase 1
GDHM_SURVEY_CATEGORY_AVG,2019,266,GDHM_CAT6_INFRASTRUCTURE,,2.0,Phase 2
GDHM_SURVEY_COUNTRYRESPONSE_SCORE,2019,266,GDHM_CAT7_SERV_APP,GDHM_Q19,1.0,Phase 1
GDHM_SURVEY_COUNTRYRESPONSE_SCORE,2019,266,GDHM_CAT7_SERV_APP,GDHM_Q20,1.0,Phase 1
GDHM_SURVEY_COUNTRYRESPONSE_SCORE,2019,266,GDHM_CAT7_SERV_APP,GDHM_Q21,1.0,Phase 1
GDHM_SURVEY_COUNTRYRESPONSE_SCORE,2019,266,GDHM_CAT7_SERV_APP,GDHM_Q21a,1.0,Phase 1
GDHM_SURVEY_COUNTRYRESPONSE_SCORE,2019,266,GDHM_CAT7_SERV_APP,GDHM_Q21b,1.0,Phase 1
GDHM_SURVEY_COUNTRYRESPONSE_SCORE,2019,266,GDHM_CAT7_SERV_APP,GDHM_Q21c,1.0,Phase 1
GDHM_SURVEY_COUNTRYRESPONSE_SCORE,2019,266,GDHM_CAT7_SERV_APP,GDHM_Q22,1.0,Phase 1
GDHM_SURVEY_COUNTRYRESPONSE_SCORE,2019,266,GDHM_CAT7_SERV_APP,GDHM_Q23,0.0,Not Available
GDHM_SURVEY_CATEGORY_AVG,2019,266,GDHM_CAT7_SERV_APP,,1.0,Phase 1
GDHM_SURVEY_COUNTRYRESPONSE_SCORE,2019,324,GDHM_CAT1_LEAD_GOV,GDHM_Q01,5.0,Phase 5
GDHM_SURVEY_COUNTRYRESPONSE_SCORE,2019,324,GDHM_CAT1_LEAD_GOV,GDHM_Q02,3.0,Phase 3
GDHM_SURVEY_COUNTRYRESPONSE_SCORE,2019,324,GDHM_CAT1_LEAD_GOV,GDHM_Q02a,4.0,Phase 4
GDHM_SURVEY_COUNTRYRESPONSE_SCORE,2019,324,GDHM_CAT1_LEAD_GOV,GDHM_Q03,4.0,Phase 4
GDHM_SURVEY_COUNTRYRESPONSE_SCORE,2019,324,GDHM_CAT1_LEAD_GOV,GDHM_Q04,4.0,Phase 4
GDHM_SURVEY_COUNTRYRESPONSE_SCORE,2019,324,GDHM_CAT1_LEAD_GOV,GDHM_Q04a,3.0,Phase 3
GDHM_SURVEY_CATEGORY_AVG,2019,324,GDHM_CAT1_LEAD_GOV,,4.0,Phase 4
GDHM_SURVEY_COUNTRYRESPONSE_SCORE,2019,324,GDHM_CAT2_STRAT_INV,GDHM_Q05,2.0,Phase 2
GDHM_SURVEY_COUNTRYRESPONSE_SCORE,2019,324,GDHM_CAT2_STRAT_INV,GDHM_Q05a,2.0,Phase 2
GDHM_SURVEY_COUNTRYRESPONSE_SCORE,2019,324,GDHM_CAT2_STRAT_INV,GDHM_Q06,1.0,Phase 1
GDHM_SURVEY_COUNTRYRESPONSE_SCORE,2019,324,GDHM_CAT2_STRAT_INV,GDHM_Q06a,3.0,Phase 3
GDHM_SURVEY_CATEGORY_AVG,2019,324,GDHM_CAT2_STRAT_INV,,2.0,Phase 2
GDHM_SURVEY_COUNTRYRESPONSE_SCORE,2019,324,GDHM_CAT3_LEG,GDHM_Q07,3.0,Phase 3
GDHM_SURVEY_COUNTRYRESPONSE_SCORE,2019,324,GDHM_CAT3_LEG,GDHM_Q08,3.0,Phase 3
GDHM_SURVEY_COUNTRYRESPONSE_SCORE,2019,324,GDHM_CAT3_LEG,GDHM_Q09,3.0,Phase 3
GDHM_SURVEY_COUNTRYRESPONSE_SCORE,2019,324,GDHM_CAT3_LEG,GDHM_Q09a,4.0,Phase 4
GDHM_SURVEY_COUNTRYRESPONSE_SCORE,2019,324,GDHM_CAT3_LEG,GDHM_Q10,4.0,Phase 4
GDHM_SURVEY_CATEGORY_AVG,2019,324,GDHM_CAT3_LEG,,4.0,Phase 4
GDHM_SURVEY_COUNTRYRESPONSE_SCORE,2019,324,GDHM_CAT4_WORKFORCE,GDHM_Q11,4.0,Phase 4
GDHM_SURVEY_COUNTRYRESPONSE_SCORE,2019,324,GDHM_CAT4_WORKFORCE,GDHM_Q12,3.0,Phase 3
GDHM_SURVEY_COUNTRYRESPONSE_SCORE,2019,324,GDHM_CAT4_WORKFORCE,GDHM_Q13,3.0,Phase 3
GDHM_SURVEY_COUNTRYRESPONSE_SCORE,2019,324,GDHM_CAT4_WORKFORCE,GDHM_Q14,4.0,Phase 4
GDHM_SURVEY_CATEGORY_AVG,2019,324,GDHM_CAT4_WORKFORCE,,4.0,Phase 4
GDHM_SURVEY_COUNTRYRESPONSE_SCORE,2019,324,GDHM_CAT5_STANDARDS,GDHM_Q15,4.0,Phase 4
GDHM_SURVEY_COUNTRYRESPONSE_SCORE,2019,324,GDHM_CAT5_STANDARDS,GDHM_Q16,4.0,Phase 4
GDHM_SURVEY_CATEGORY_AVG,2019,324,GDHM_CAT5_STANDARDS,,4.0,Phase 4
GDHM_SURVEY_COUNTRYRESPONSE_SCORE,2019,324,GDHM_CAT6_INFRASTRUCTURE,GDHM_Q17,4.0,Phase 4
GDHM_SURVEY_COUNTRYRESPONSE_SCORE,2019,324,GDHM_CAT6_INFRASTRUCTURE,GDHM_Q18,4.0,Phase 4
GDHM_SURVEY_CATEGORY_AVG,2019,324,GDHM_CAT6_INFRASTRUCTURE,,4.0,Phase 4
GDHM_SURVEY_COUNTRYRESPONSE_SCORE,2019,324,GDHM_CAT7_SERV_APP,GDHM_Q19,3.0,Phase 3
GDHM_SURVEY_COUNTRYRESPONSE_SCORE,2019,324,GDHM_CAT7_SERV_APP,GDHM_Q20,4.0,Phase 4
GDHM_SURVEY_COUNTRYRESPONSE_SCORE,2019,324,GDHM_CAT7_SERV_APP,GDHM_Q21,4.0,Phase 4
GDHM_SURVEY_COUNTRYRESPONSE_SCORE,2019,324,GDHM_CAT7_SERV_APP,GDHM_Q21a,4.0,Phase 4
GDHM_SURVEY_COUNTRYRESPONSE_SCORE,2019,324,GDHM_CAT7_SERV_APP,GDHM_Q21b,5.0,Phase 5
GDHM_SURVEY_COUNTRYRESPONSE_SCORE,2019,324,GDHM_CAT7_SERV_APP,GDHM_Q21c,5.0,Phase 5
GDHM_SURVEY_COUNTRYRESPONSE_SCORE,2019,324,GDHM_CAT7_SERV_APP,GDHM_Q22,5.0,Phase 5
GDHM_SURVEY_COUNTRYRESPONSE_SCORE,2019,324,GDHM_CAT7_SERV_APP,GDHM_Q23,0.0,Not Available
GDHM_SURVEY_CATEGORY_AVG,2019,324,GDHM_CAT7_SERV_APP,,4.0,Phase 4
GDHM_SURVEY_COUNTRYRESPONSE_SCORE,2019,356,GDHM_CAT1_LEAD_GOV,GDHM_Q01,5.0,Phase 5
GDHM_SURVEY_COUNTRYRESPONSE_SCORE,2019,356,GDHM_CAT1_LEAD_GOV,GDHM_Q02,4.0,Phase 4
GDHM_SURVEY_COUNTRYRESPONSE_SCORE,2019,356,GDHM_CAT1_LEAD_GOV,GDHM_Q02a,0.0,Not Available
GDHM_SURVEY_COUNTRYRESPONSE_SCORE,2019,356,GDHM_CAT1_LEAD_GOV,GDHM_Q03,3.0,Phase 3
GDHM_SURVEY_COUNTRYRESPONSE_SCORE,2019,356,GDHM_CAT1_LEAD_GOV,GDHM_Q04,3.0,Phase 3
GDHM_SURVEY_COUNTRYRESPONSE_SCORE,2019,356,GDHM_CAT1_LEAD_GOV,GDHM_Q04a,0.0,Not Available
GDHM_SURVEY_CATEGORY_AVG,2019,356,GDHM_CAT1_LEAD_GOV,,4.0,Phase 4
GDHM_SURVEY_COUNTRYRESPONSE_SCORE,2019,356,GDHM_CAT2_STRAT_INV,GDHM_Q05,5.0,Phase 5
GDHM_SURVEY_COUNTRYRESPONSE_SCORE,2019,356,GDHM_CAT2_STRAT_INV,GDHM_Q05a,4.0,Phase 4
GDHM_SURVEY_COUNTRYRESPONSE_SCORE,2019,356,GDHM_CAT2_STRAT_INV,GDHM_Q06,4.0,Phase 4
GDHM_SURVEY_COUNTRYRESPONSE_SCORE,2019,356,GDHM_CAT2_STRAT_INV,GDHM_Q06a,3.0,Phase 3
GDHM_SURVEY_CATEGORY_AVG,2019,356,GDHM_CAT2_STRAT_INV,,5.0,Phase 5
GDHM_SURVEY_COUNTRYRESPONSE_SCORE,2019,356,GDHM_CAT3_LEG,GDHM_Q07,5.0,Phase 5
GDHM_SURVEY_COUNTRYRESPONSE_SCORE,2019,356,GDHM_CAT3_LEG,GDHM_Q08,5.0,Phase 5
GDHM_SURVEY_COUNTRYRESPONSE_SCORE,2019,356,GDHM_CAT3_LEG,GDHM_Q09,4.0,Phase 4
GDHM_SURVEY_COUNTRYRESPONSE_SCORE,2019,356,GDHM_CAT3_LEG,GDHM_Q09a,4.0,Phase 4
GDHM_SURVEY_COUNTRYRESPONSE_SCORE,2019,356,GDHM_CAT3_LEG,GDHM_Q10,0.0,Not Available
GDHM_SURVEY_CATEGORY_AVG,2019,356,GDHM_CAT3_LEG,,5.0,Phase 5
GDHM_SURVEY_COUNTRYRESPONSE_SCORE,2019,356,GDHM_CAT4_WORKFORCE,GDHM_Q11,0.0,Not Available
GDHM_SURVEY_COUNTRYRESPONSE_SCORE,2019,356,GDHM_CAT4_WORKFORCE,GDHM_Q12,0.0,Not Available
GDHM_SURVEY_COUNTRYRESPONSE_SCORE,2019,356,GDHM_CAT4_WORKFORCE,GDHM_Q13,0.0,Not Available
GDHM_SURVEY_COUNTRYRESPONSE_SCORE,2019,356,GDHM_CAT4_WORKFORCE,GDHM_Q14,0.0,Not Available
GDHM_SURVEY_CATEGORY_AVG,2019,356,GDHM_CAT4_WORKFORCE,,1.0,Not Available
GDHM_SURVEY_COUNTRYRESPONSE_SCORE,2019,356,GDHM_CAT5_STANDARDS,GDHM_Q15,5.0,Phase 5
GDHM_SURVEY_COUNTRYRESPONSE_SCORE,2019,356,GDHM_CAT5_STANDARDS,GDHM_Q16,3.0,Phase 3
GDHM_SURVEY_CATEGORY_AVG,2019,356,GDHM_CAT5_STANDARDS,,4.0,Phase 4
GDHM_SURVEY_COUNTRYRESPONSE_SCORE,2019,356,GDHM_CAT6_INFRASTRUCTURE,GDHM_Q17,3.0,Phase 3
GDHM_SURVEY_COUNTRYRESPONSE_SCORE,2019,356,GDHM_CAT6_INFRASTRUCTURE,GDHM_Q18,3.0,Phase 3
GDHM_SURVEY_CATEGORY_AVG,2019,356,GDHM_CAT6_INFRASTRUCTURE,,3.0,Phase 3
GDHM_SURVEY_COUNTRYRESPONSE_SCORE,2019,356,GDHM_CAT7_SERV_APP,GDHM_Q19,0.0,Not Available
GDHM_SURVEY_COUNTRYRESPONSE_SCORE,2019,356,GDHM_CAT7_SERV_APP,GDHM_Q20,0.0,Not Available
GDHM_SURVEY_COUNTRYRESPONSE_SCORE,2019,356,GDHM_CAT7_SERV_APP,GDHM_Q21,0.0,Not Available
GDHM_SURVEY_COUNTRYRESPONSE_SCORE,2019,356,GDHM_CAT7_SERV_APP,GDHM_Q21a,0.0,Not Available
GDHM_SURVEY_COUNTRYRESPONSE_SCORE,2019,356,GDHM_CAT7_SERV_APP,GDHM_Q21b,0.0,Not Available
GDHM_SURVEY_COUNTRYRESPONSE_SCORE,2019,356,GDHM_CAT7_SERV_APP,GDHM_Q21c,0.0,Not Available
GDHM_SURVEY_COUNTRYRESPONSE_SCORE,2019,356,GDHM_CAT7_SERV_APP,GDHM_Q22,0.0,Not Available
GDHM_SURVEY_COUNTRYRESPONSE_SCORE,2019,356,GDHM_CAT7_SERV_APP,GDHM_Q23,0.0,Not Available
GDHM_SURVEY_CATEGORY_AVG,2019,356,GDHM_CAT7_SERV_APP,,1.0,Not Available
GDHM_SURVEY_COUNTRYRESPONSE_SCORE,2019,372,GDHM_CAT1_LEAD_GOV,GDHM_Q01,1.0,Phase 1
GDHM_SURVEY_COUNTRYRESPONSE_SCORE,2019,372,GDHM_CAT1_LEAD_GOV,GDHM_Q02,2.0,Phase 2
GDHM_SURVEY_COUNTRYRESPONSE_SCORE,2019,372,GDHM_CAT1_LEAD_GOV,GDHM_Q02a,2.0,Phase 2
GDHM_SURVEY_COUNTRYRESPONSE_SCORE,2019,372,GDHM_CAT1_LEAD_GOV,GDHM_Q03,1.0,Phase 1
GDHM_SURVEY_COUNTRYRESPONSE_SCORE,2019,372,GDHM_CAT1_LEAD_GOV,GDHM_Q04,1.0,Phase 1
GDHM_SURVEY_COUNTRYRESPONSE_SCORE,2019,372,GDHM_CAT1_LEAD_GOV,GDHM_Q04a,2.0,Phase 2
GDHM_SURVEY_CATEGORY_AVG,2019,372,GDHM_CAT1_LEAD_GOV,,2.0,Phase 2
GDHM_SURVEY_COUNTRYRESPONSE_SCORE,2019,372,GDHM_CAT2_STRAT_INV,GDHM_Q05,2.0,Phase 2
GDHM_SURVEY_COUNTRYRESPONSE_SCORE,2019,372,GDHM_CAT2_STRAT_INV,GDHM_Q05a,1.0,Phase 1
GDHM_SURVEY_COUNTRYRESPONSE_SCORE,2019,372,GDHM_CAT2_STRAT_INV,GDHM_Q06,2.0,Phase 2
GDHM_SURVEY_COUNTRYRESPONSE_SCORE,2019,372,GDHM_CAT2_STRAT_INV,GDHM_Q06a,3.0,Phase 3
GDHM_SURVEY_CATEGORY_AVG,2019,372,GDHM_CAT2_STRAT_INV,,2.0,Phase 2
GDHM_SURVEY_COUNTRYRESPONSE_SCORE,2019,372,GDHM_CAT3_LEG,GDHM_Q07,2.0,Phase 2
GDHM_SURVEY_COUNTRYRESPONSE_SCORE,2019,372,GDHM_CAT3_LEG,GDHM_Q08,1.0,Phase 1
GDHM_SURVEY_COUNTRYRESPONSE_SCORE,2019,372,GDHM_CAT3_LEG,GDHM_Q09,2.0,Phase 2
GDHM_SURVEY_CATEGORY_AVG,2023,028,GDHM_CAT5_STANDARDS,,1.0,Not Available
GDHM_SURVEY_COUNTRYRESPONSE_SCORE,2023,028,GDHM_CAT6_INFRASTRUCTURE,GDHM_Q17,0.0,Not Available
GDHM_SURVEY_COUNTRYRESPONSE_SCORE,2023,028,GDHM_CAT6_INFRASTRUCTURE,GDHM_Q18,0.0,Not Available
GDHM_SURVEY_CATEGORY_AVG,2023,028,GDHM_CAT6_INFRASTRUCTURE,,1.0,Not Available
GDHM_SURVEY_COUNTRYRESPONSE_SCORE,2023,028,GDHM_CAT7_SERV_APP,GDHM_Q19,0.0,Not Available
GDHM_SURVEY_COUNTRYRESPONSE_SCORE,2023,028,GDHM_CAT7_SERV_APP,GDHM_Q20,0.0,Not Available
GDHM_SURVEY_COUNTRYRESPONSE_SCORE,2023,028,GDHM_CAT7_SERV_APP,GDHM_Q21,0.0,Not Available
GDHM_SURVEY_COUNTRYRESPONSE_SCORE,2023,028,GDHM_CAT7_SERV_APP,GDHM_Q21a,0.0,Not Available
GDHM_SURVEY_COUNTRYRESPONSE_SCORE,2023,028,GDHM_CAT7_SERV_APP,GDHM_Q21b,0.0,Not Available
GDHM_SURVEY_COUNTRYRESPONSE_SCORE,2023,028,GDHM_CAT7_SERV_APP,GDHM_Q21c,0.0,Not Available
GDHM_SURVEY_COUNTRYRESPONSE_SCORE,2023,028,GDHM_CAT7_SERV_APP,GDHM_Q22,0.0,Not Available
GDHM_SURVEY_COUNTRYRESPONSE_SCORE,2023,028,GDHM_CAT7_SERV_APP,GDHM_Q23,0.0,Not Available
GDHM_SURVEY_CATEGORY_AVG,2023,028,GDHM_CAT7_SERV_APP,,1.0,Not Available
GDHM_SURVEY_COUNTRYRESPONSE_SCORE,2023,032,GDHM_CAT1_LEAD_GOV,GDHM_Q01,4.0,Phase 4
GDHM_SURVEY_COUNTRYRESPONSE_SCORE,2023,032,GDHM_CAT1_LEAD_GOV,GDHM_Q02,5.0,Phase 5
GDHM_SURVEY_COUNTRYRESPONSE_SCORE,2023,032,GDHM_CAT1_LEAD_GOV,GDHM_Q02a,5.0,Phase 5
GDHM_SURVEY_COUNTRYRESPONSE_SCORE,2023,032,GDHM_CAT1_LEAD_GOV,GDHM_Q03,1.0,Phase 1
GDHM_SURVEY_COUNTRYRESPONSE_SCORE,2023,032,GDHM_CAT1_LEAD_GOV,GDHM_Q04,4.0,Phase 4
GDHM_SURVEY_COUNTRYRESPONSE_SCORE,2023,032,GDHM_CAT1_LEAD_GOV,GDHM_Q04a,4.0,Phase 4
GDHM_SURVEY_CATEGORY_AVG,2023,032,GDHM_CAT1_LEAD_GOV,,4.0,Phase 4
GDHM_SURVEY_COUNTRYRESPONSE_SCORE,2023,032,GDHM_CAT2_STRAT_INV,GDHM_Q05,5.0,Phase 5
GDHM_SURVEY_COUNTRYRESPONSE_SCORE,2023,032,GDHM_CAT2_STRAT_INV,GDHM_Q05a,5.0,Phase 5
GDHM_SURVEY_COUNTRYRESPONSE_SCORE,2023,032,GDHM_CAT2_STRAT_INV,GDHM_Q06,4.0,Phase 4
GDHM_SURVEY_COUNTRYRESPONSE_SCORE,2023,032,GDHM_CAT2_STRAT_INV,GDHM_Q06a,3.0,Phase 3
GDHM_SURVEY_CATEGORY_AVG,2023,032,GDHM_CAT2_STRAT_INV,,5.0,Phase 5
GDHM_SURVEY_COUNTRYRESPONSE_SCORE,2023,032,GDHM_CAT3_LEG,GDHM_Q07,5.0,Phase 5
GDHM_SURVEY_COUNTRYRESPONSE_SCORE,2023,032,GDHM_CAT3_LEG,GDHM_Q08,5.0,Phase 5
GDHM_SURVEY_COUNTRYRESPONSE_SCORE,2023,032,GDHM_CAT3_LEG,GDHM_Q09,4.0,Phase 4
GDHM_SURVEY_COUNTRYRESPONSE_SCORE,2023,032,GDHM_CAT3_LEG,GDHM_Q09a,4.0,Phase 4
GDHM_SURVEY_COUNTRYRESPONSE_SCORE,2023,032,GDHM_CAT3_LEG,GDHM_Q10,4.0,Phase 4
GDHM_SURVEY_CATEGORY_AVG,2023,032,GDHM_CAT3_LEG,,5.0,Phase 5
GDHM_SURVEY_COUNTRYRESPONSE_SCORE,2023,032,GDHM_CAT4_WORKFORCE,GDHM_Q11,3.0,Phase 3
GDHM_SURVEY_COUNTRYRESPONSE_SCORE,2023,032,GDHM_CAT4_WORKFORCE,GDHM_Q12,3.0,Phase 3
GDHM_SURVEY_COUNTRYRESPONSE_SCORE,2023,032,GDHM_CAT4_WORKFORCE,GDHM_Q13,4.0,Phase 4
GDHM_SURVEY_COUNTRYRESPONSE_SCORE,2023,032,GDHM_CAT4_WORKFORCE,GDHM_Q14,3.0,Phase 3
GDHM_SURVEY_CATEGORY_AVG,2023,032,GDHM_CAT4_WORKFORCE,,4.0,Phase 4
GDHM_SURVEY_COUNTRYRESPONSE_SCORE,2023,032,GDHM_CAT5_STANDARDS,GDHM_Q15,2.0,Phase 2
GDHM_SURVEY_COUNTRYRESPONSE_SCORE,2023,032,GDHM_CAT5_STANDARDS,GDHM_Q16,2.0,Phase 2
GDHM_SURVEY_CATEGORY_AVG,2023,032,GDHM_CAT5_STANDARDS,,2.0,Phase 2
GDHM_SURVEY_COUNTRYRESPONSE_SCORE,2023,032,GDHM_CAT6_INFRASTRUCTURE,GDHM_Q17,3.0,Phase 3
GDHM_SURVEY_COUNTRYRESPONSE_SCORE,2023,032,GDHM_CAT6_INFRASTRUCTURE,GDHM_Q18,2.0,Phase 2
GDHM_SURVEY_CATEGORY_AVG,2023,032,GDHM_CAT6_INFRASTRUCTURE,,3.0,Phase 3
GDHM_SURVEY_COUNTRYRESPONSE_SCORE,2023,032,GDHM_CAT7_SERV_APP,GDHM_Q19,2.0,Phase 2
GDHM_SURVEY_COUNTRYRESPONSE_SCORE,2023,032,GDHM_CAT7_SERV_APP,GDHM_Q20,3.0,Phase 3
GDHM_SURVEY_COUNTRYRESPONSE_SCORE,2023,032,GDHM_CAT7_SERV_APP,GDHM_Q21,2.0,Phase 2
GDHM_SURVEY_COUNTRYRESPONSE_SCORE,2023,032,GDHM_CAT7_SERV_APP,GDHM_Q21a,3.0,Phase 3
GDHM_SURVEY_COUNTRYRESPONSE_SCORE,2023,032,GDHM_CAT7_SERV_APP,GDHM_Q21b,4.0,Phase 4
GDHM_SURVEY_COUNTRYRESPONSE_SCORE,2023,032,GDHM_CAT7_SERV_APP,GDHM_Q21c,2.0,Phase 2
GDHM_SURVEY_COUNTRYRESPONSE_SCORE,2023,032,GDHM_CAT7_SERV_APP,GDHM_Q22,1.0,Phase 1
GDHM_SURVEY_COUNTRYRESPONSE_SCORE,2023,032,GDHM_CAT7_SERV_APP,GDHM_Q23,2.0,Phase 2
GDHM_SURVEY_CATEGORY_AVG,2023,032,GDHM_CAT7_SERV_APP,,2.0,Phase 2
GDHM_SURVEY_COUNTRYRESPONSE_SCORE,2023,051,GDHM_CAT1_LEAD_GOV,GDHM_Q01,0.0,Not Available
GDHM_SURVEY_COUNTRYRESPONSE_SCORE,2023,051,GDHM_CAT1_LEAD_GOV,GDHM_Q02,0.0,Not Available
GDHM_SURVEY_COUNTRYRESPONSE_SCORE,2023,051,GDHM_CAT1_LEAD_GOV,GDHM_Q02a,0.0,Not Available
GDHM_SURVEY_COUNTRYRESPONSE_SCORE,2023,051,GDHM_CAT1_LEAD_GOV,GDHM_Q03,0.0,Not Available
GDHM_SURVEY_COUNTRYRESPONSE_SCORE,2023,051,GDHM_CAT1_LEAD_GOV,GDHM_Q04,3.0,Phase 3
GDHM_SURVEY_COUNTRYRESPONSE_SCORE,2023,051,GDHM_CAT1_LEAD_GOV,GDHM_Q04a,0.0,Not Available
GDHM_SURVEY_CATEGORY_AVG,2023,051,GDHM_CAT1_LEAD_GOV,,3.0,Phase 3
GDHM_SURVEY_COUNTRYRESPONSE_SCORE,2023,051,GDHM_CAT2_STRAT_INV,GDHM_Q05,0.0,Not Available
GDHM_SURVEY_COUNTRYRESPONSE_SCORE,2023,051,GDHM_CAT2_STRAT_INV,GDHM_Q05a,0.0,Not Available
GDHM_SURVEY_COUNTRYRESPONSE_SCORE,2023,051,GDHM_CAT2_STRAT_INV,GDHM_Q06,0.0,Not Available
GDHM_SURVEY_COUNTRYRESPONSE_SCORE,2023,051,GDHM_CAT2_STRAT_INV,GDHM_Q06a,3.0,Phase 3
GDHM_SURVEY_CATEGORY_AVG,2023,051,GDHM_CAT2_STRAT_INV,,1.0,Not Available
GDHM_SURVEY_COUNTRYRESPONSE_SCORE,2023,051,GDHM_CAT3_LEG,GDHM_Q07,3.0,Phase 3
GDHM_SURVEY_COUNTRYRESPONSE_SCORE,2023,051,GDHM_CAT3_LEG,GDHM_Q08,4.0,Phase 4
GDHM_SURVEY_COUNTRYRESPONSE_SCORE,2023,051,GDHM_CAT3_LEG,GDHM_Q09,3.0,Phase 3
GDHM_SURVEY_COUNTRYRESPONSE_SCORE,2023,051,GDHM_CAT3_LEG,GDHM_Q09a,0.0,Not Available
GDHM_SURVEY_COUNTRYRESPONSE_SCORE,2023,051,GDHM_CAT3_LEG,GDHM_Q10,0.0,Not Available
GDHM_SURVEY_CATEGORY_AVG,2023,051,GDHM_CAT3_LEG,,4.0,Phase 4
GDHM_SURVEY_COUNTRYRESPONSE_SCORE,2023,051,GDHM_CAT4_WORKFORCE,GDHM_Q11,0.0,Not Available
GDHM_SURVEY_COUNTRYRESPONSE_SCORE,2023,051,GDHM_CAT4_WORKFORCE,GDHM_Q12,0.0,Not Available
GDHM_SURVEY_COUNTRYRESPONSE_SCORE,2023,051,GDHM_CAT4_WORKFORCE,GDHM_Q13,0.0,Not Available
GDHM_SURVEY_COUNTRYRESPONSE_SCORE,2023,051,GDHM_CAT4_WORKFORCE,GDHM_Q14,0.0,Not Available
GDHM_SURVEY_CATEGORY_AVG,2023,051,GDHM_CAT4_WORKFORCE,,1.0,Not Available
GDHM_SURVEY_COUNTRYRESPONSE_SCORE,2023,051,GDHM_CAT5_STANDARDS,GDHM_Q15,0.0,Not Available
GDHM_SURVEY_COUNTRYRESPONSE_SCORE,2023,051,GDHM_CAT5_STANDARDS,GDHM_Q16,0.0,Not Available
GDHM_SURVEY_CATEGORY_AVG,2023,051,GDHM_CAT5_STANDARDS,,1.0,Not Available
GDHM_SURVEY_COUNTRYRESPONSE_SCORE,2023,051,GDHM_CAT6_INFRASTRUCTURE,GDHM_Q17,3.0,Phase 3
GDHM_SURVEY_COUNTRYRESPONSE_SCORE,2023,051,GDHM_CAT6_INFRASTRUCTURE,GDHM_Q18,4.0,Phase 4
GDHM_SURVEY_CATEGORY_AVG,2023,051,GDHM_CAT6_INFRASTRUCTURE,,4.0,Phase 4
GDHM_SURVEY_COUNTRYRESPONSE_SCORE,2023,051,GDHM_CAT7_SERV_APP,GDHM_Q19,0.0,Not Available
GDHM_SURVEY_COUNTRYRESPONSE_SCORE,2023,051,GDHM_CAT7_SERV_APP,GDHM_Q20,0.0,Not Available
GDHM_SURVEY_COUNTRYRESPONSE_SCORE,2023,051,GDHM_CAT7_SERV_APP,GDHM_Q21,0.0,Not Available
GDHM_SURVEY_COUNTRYRESPONSE_SCORE,2023,051,GDHM_CAT7_SERV_APP,GDHM_Q21a,0.0,Not Available
GDHM_SURVEY_COUNTRYRESPONSE_SCORE,2023,051,GDHM_CAT7_SERV_APP,GDHM_Q21b,0.0,Not Available
GDHM_SURVEY_COUNTRYRESPONSE_SCORE,2023,051,GDHM_CAT7_SERV_APP,GDHM_Q21c,0.0,Not Available
GDHM_SURVEY_COUNTRYRESPONSE_SCORE,2023,051,GDHM_CAT7_SERV_APP,GDHM_Q22,0.0,Not Available
GDHM_SURVEY_COUNTRYRESPONSE_SCORE,2023,051,GDHM_CAT7_SERV_APP,GDHM_Q23,0.0,Not Available
GDHM_SURVEY_CATEGORY_AVG,2023,051,GDHM_CAT7_SERV_APP,,1.0,Not Available
GDHM_SURVEY_COUNTRYRESPONSE_SCORE,2023,036,GDHM_CAT1_LEAD_GOV,GDHM_Q01,0.0,Not Available
GDHM_SURVEY_COUNTRYRESPONSE_SCORE,2023,036,GDHM_CAT1_LEAD_GOV,GDHM_Q02,0.0,Not Available
GDHM_SURVEY_COUNTRYRESPONSE_SCORE,2023,036,GDHM_CAT1_LEAD_GOV,GDHM_Q02a,0.0,Not Available
GDHM_SURVEY_COUNTRYRESPONSE_SCORE,2023,036,GDHM_CAT1_LEAD_GOV,GDHM_Q03,0.0,Not Available
GDHM_SURVEY_COUNTRYRESPONSE_SCORE,2023,036,GDHM_CAT1_LEAD_GOV,GDHM_Q04,5.0,Phase 5
GDHM_SURVEY_COUNTRYRESPONSE_SCORE,2023,036,GDHM_CAT1_LEAD_GOV,GDHM_Q04a,0.0,Not Available
GDHM_SURVEY_CATEGORY_AVG,2023,036,GDHM_CAT1_LEAD_GOV,,5.0,Phase 5
GDHM_SURVEY_COUNTRYRESPONSE_SCORE,2023,036,GDHM_CAT2_STRAT_INV,GDHM_Q05,0.0,Not Available
GDHM_SURVEY_COUNTRYRESPONSE_SCORE,2023,036,GDHM_CAT2_STRAT_INV,GDHM_Q05a,0.0,Not Available
GDHM_SURVEY_COUNTRYRESPONSE_SCORE,2023,036,GDHM_CAT2_STRAT_INV,GDHM_Q06,0.0,Not Available
GDHM_SURVEY_COUNTRYRESPONSE_SCORE,2023,036,GDHM_CAT2_STRAT_INV,GDHM_Q06a,4.0,Phase 4
GDHM_SURVEY_CATEGORY_AVG,2023,036,GDHM_CAT2_STRAT_INV,,1.0,Not Available
GDHM_SURVEY_COUNTRYRESPONSE_SCORE,2023,036,GDHM_CAT3_LEG,GDHM_Q07,5.0,Phase 5
GDHM_SURVEY_COUNTRYRESPONSE_SCORE,2023,036,GDHM_CAT3_LEG,GDHM_Q08,5.0,Phase 5
GDHM_SURVEY_COUNTRYRESPONSE_SCORE,2023,036,GDHM_CAT3_LEG,GDHM_Q09,4.0,Phase 4
GDHM_SURVEY_COUNTRYRESPONSE_SCORE,2023,036,GDHM_CAT3_LEG,GDHM_Q09a,0.0,Not Available
GDHM_SURVEY_COUNTRYRESPONSE_SCORE,2023,036,GDHM_CAT3_LEG,GDHM_Q10,0.0,Not Available
GDHM_SURVEY_CATEGORY_AVG,2023,036,GDHM_CAT3_LEG,,5.0,Phase 5
GDHM_SURVEY_COUNTRYRESPONSE_SCORE,2023,036,GDHM_CAT4_WORKFORCE,GDHM_Q11,0.0,Not Available
GDHM_SURVEY_COUNTRYRESPONSE_SCORE,2023,036,GDHM_CAT4_WORKFORCE,GDHM_Q12,0.0,Not Available
GDHM_SURVEY_COUNTRYRESPONSE_SCORE,2023,036,GDHM_CAT4_WORKFORCE,GDHM_Q13,0.0,Not Available
GDHM_SURVEY_COUNTRYRESPONSE_SCORE,2023,036,GDHM_CAT4_WORKFORCE,GDHM_Q14,0.0,Not Available
GDHM_SURVEY_CATEGORY_AVG,2023,036,GDHM_CAT4_WORKFORCE,,1.0,Not Available
GDHM_SURVEY_COUNTRYRESPONSE_SCORE,2023,036,GDHM_CAT5_STANDARDS,GDHM_Q15,0.0,Not Available
GDHM_SURVEY_COUNTRYRESPONSE_SCORE,2023,036,GDHM_CAT5_STANDARDS,GDHM_Q16,0.0,Not Available
GDHM_SURVEY_CATEGORY_AVG,2023,036,GDHM_CAT5_STANDARDS,,1.0,Not Available
GDHM_SURVEY_COUNTRYRESPONSE_SCORE,2023,036,GDHM_CAT6_INFRASTRUCTURE,GDHM_Q17,4.0,Phase 4
GDHM_SURVEY_COUNTRYRESPONSE_SCORE,2023,036,GDHM_CAT6_INFRASTRUCTURE,GDHM_Q18,5.0,Phase 5
GDHM_SURVEY_CATEGORY_AVG,2023,036,GDHM_CAT6_INFRASTRUCTURE,,5.0,Phase 5
GDHM_SURVEY_COUNTRYRESPONSE_SCORE,2023,036,GDHM_CAT7_SERV_APP,GDHM_Q19,0.0,Not Available
GDHM_SURVEY_COUNTRYRESPONSE_SCORE,2023,036,GDHM_CAT7_SERV_APP,GDHM_Q20,0.0,Not Available
GDHM_SURVEY_COUNTRYRESPONSE_SCORE,2023,036,GDHM_CAT7_SERV_APP,GDHM_Q21,0.0,Not Available
GDHM_SURVEY_COUNTRYRESPONSE_SCORE,2023,036,GDHM_CAT7_SERV_APP,GDHM_Q21a,0.0,Not Available
GDHM_SURVEY_COUNTRYRESPONSE_SCORE,2023,036,GDHM_CAT7_SERV_APP,GDHM_Q21b,0.0,Not Available
GDHM_SURVEY_COUNTRYRESPONSE_SCORE,2023,036,GDHM_CAT7_SERV_APP,GDHM_Q21c,0.0,Not Available
GDHM_SURVEY_COUNTRYRESPONSE_SCORE,2023,036,GDHM_CAT7_SERV_APP,GDHM_Q22,0.0,Not Available
GDHM_SURVEY_COUNTRYRESPONSE_SCORE,2023,036,GDHM_CAT7_SERV_APP,GDHM_Q23,0.0,Not Available
GDHM_SURVEY_CATEGORY_AVG,2023,036,GDHM_CAT7_SERV_APP,,1.0,Not Available
GDHM_SURVEY_COUNTRYRESPONSE_SCORE,2023,040,GDHM_CAT1_LEAD_GOV,GDHM_Q01,5.0,Phase 5
GDHM_SURVEY_COUNTRYRESPONSE_SCORE,2023,040,GDHM_CAT1_LEAD_GOV,GDHM_Q02,3.0,Phase 3
GDHM_SURVEY_COUNTRYRESPONSE_SCORE,2023,040,GDHM_CAT1_LEAD_GOV,GDHM_Q02a,0.0,Not Available
GDHM_SURVEY_COUNTRYRESPONSE_SCORE,2023,040,GDHM_CAT1_LEAD_GOV,GDHM_Q03,1.0,Phase 1
GDHM_SURVEY_COUNTRYRESPONSE_SCORE,2023,040,GDHM_CAT1_LEAD_GOV,GDHM_Q04,5.0,Phase 5
GDHM_SURVEY_COUNTRYRESPONSE_SCORE,2023,040,GDHM_CAT1_LEAD_GOV,GDHM_Q04a,5.0,Phase 5
GDHM_SURVEY_CATEGORY_AVG,2023,040,GDHM_CAT1_LEAD_GOV,,4.0,Phase 4
GDHM_SURVEY_COUNTRYRESPONSE_SCORE,2023,040,GDHM_CAT2_STRAT_INV,GDHM_Q05,5.0,Phase 5
GDHM_SURVEY_COUNTRYRESPONSE_SCORE,2023,040,GDHM_CAT2_STRAT_INV,GDHM_Q05a,2.0,Phase 2
GDHM_SURVEY_COUNTRYRESPONSE_SCORE,2023,040,GDHM_CAT2_STRAT_INV,GDHM_Q06,2.0,Phase 2
GDHM_SURVEY_COUNTRYRESPONSE_SCORE,2023,040,GDHM_CAT2_STRAT_INV,GDHM_Q06a,2.0,Phase 2
GDHM_SURVEY_CATEGORY_AVG,2023,040,GDHM_CAT2_STRAT_INV,,4.0,Phase 4
GDHM_SURVEY_COUNTRYRESPONSE_SCORE,2023,040,GDHM_CAT3_LEG,GDHM_Q07,5.0,Phase 5
GDHM_SURVEY_COUNTRYRESPONSE_SCORE,2023,040,GDHM_CAT3_LEG,GDHM_Q08,5.0,Phase 5
GDHM_SURVEY_COUNTRYRESPONSE_SCORE,2023,040,GDHM_CAT3_LEG,GDHM_Q09,5.0,Phase 5
GDHM_SURVEY_COUNTRYRESPONSE_SCORE,2023,040,GDHM_CAT3_LEG,GDHM_Q09a,2.0,Phase 2
GDHM_SURVEY_COUNTRYRESPONSE_SCORE,2023,040,GDHM_CAT3_LEG,GDHM_Q10,5.0,Phase 5
GDHM_SURVEY_CATEGORY_AVG,2023,040,GDHM_CAT3_LEG,,5.0,Phase 5
GDHM_SURVEY_COUNTRYRESPONSE_SCORE,2023,040,GDHM_CAT4_WORKFORCE,GDHM_Q11,1.0,Phase 1
GDHM_SURVEY_COUNTRYRESPONSE_SCORE,2023,040,GDHM_CAT4_WORKFORCE,GDHM_Q12,1.0,Phase 1
GDHM_SURVEY_COUNTRYRESPONSE_SCORE,2023,040,GDHM_CAT4_WORKFORCE,GDHM_Q13,5.0,Phase 5
GDHM_SURVEY_COUNTRYRESPONSE_SCORE,2023,040,GDHM_CAT4_WORKFORCE,GDHM_Q14,1.0,Phase 1
GDHM_SURVEY_CATEGORY_AVG,2023,040,GDHM_CAT4_WORKFORCE,,2.0,Phase 2
GDHM_SURVEY_COUNTRYRESPONSE_SCORE,2023,040,GDHM_CAT5_STANDARDS,GDHM_Q15,3.0,Phase 3
GDHM_SURVEY_COUNTRYRESPONSE_SCORE,2023,040,GDHM_CAT5_STANDARDS,GDHM_Q16,5.0,Phase 5
GDHM_SURVEY_CATEGORY_AVG,2023,040,GDHM_CAT5_STANDARDS,,4.0,Phase 4
GDHM_SURVEY_COUNTRYRESPONSE_SCORE,2023,040,GDHM_CAT6_INFRASTRUCTURE,GDHM_Q17,0.0,Not Available
GDHM_SURVEY_COUNTRYRESPONSE_SCORE,2023,040,GDHM_CAT6_INFRASTRUCTURE,GDHM_Q18,4.0,Phase 4
GDHM_SURVEY_CATEGORY_AVG,2023,040,GDHM_CAT6_INFRASTRUCTURE,,4.0,Phase 4
GDHM_SURVEY_COUNTRYRESPONSE_SCORE,2023,040,GDHM_CAT7_SERV_APP,GDHM_Q19,4.0,Phase 4
GDHM_SURVEY_COUNTRYRESPONSE_SCORE,2023,040,GDHM_CAT7_SERV_APP,GDHM_Q20,4.0,Phase 4
GDHM_SURVEY_COUNTRYRESPONSE_SCORE,2023,040,GDHM_CAT7_SERV_APP,GDHM_Q21,5.0,Phase 5
GDHM_SURVEY_COUNTRYRESPONSE_SCORE,2023,124,GDHM_CAT7_SERV_APP,GDHM_Q21c,0.0,Not Available
GDHM_SURVEY_COUNTRYRESPONSE_SCORE,2023,124,GDHM_CAT7_SERV_APP,GDHM_Q22,0.0,Not Available
GDHM_SURVEY_COUNTRYRESPONSE_SCORE,2023,124,GDHM_CAT7_SERV_APP,GDHM_Q23,0.0,Not Available
GDHM_SURVEY_CATEGORY_AVG,2023,124,GDHM_CAT7_SERV_APP,,1.0,Not Available
GDHM_SURVEY_COUNTRYRESPONSE_SCORE,2023,132,GDHM_CAT1_LEAD_GOV,GDHM_Q01,2.0,Phase 2
GDHM_SURVEY_COUNTRYRESPONSE_SCORE,2023,132,GDHM_CAT1_LEAD_GOV,GDHM_Q02,2.0,Phase 2
GDHM_SURVEY_COUNTRYRESPONSE_SCORE,2023,132,GDHM_CAT1_LEAD_GOV,GDHM_Q02a,1.0,Phase 1
GDHM_SURVEY_COUNTRYRESPONSE_SCORE,2023,132,GDHM_CAT1_LEAD_GOV,GDHM_Q03,1.0,Phase 1
GDHM_SURVEY_COUNTRYRESPONSE_SCORE,2023,132,GDHM_CAT1_LEAD_GOV,GDHM_Q04,2.0,Phase 2
GDHM_SURVEY_COUNTRYRESPONSE_SCORE,2023,132,GDHM_CAT1_LEAD_GOV,GDHM_Q04a,1.0,Phase 1
GDHM_SURVEY_CATEGORY_AVG,2023,132,GDHM_CAT1_LEAD_GOV,,2.0,Phase 2
GDHM_SURVEY_COUNTRYRESPONSE_SCORE,2023,132,GDHM_CAT2_STRAT_INV,GDHM_Q05,2.0,Phase 2
GDHM_SURVEY_COUNTRYRESPONSE_SCORE,2023,132,GDHM_CAT2_STRAT_INV,GDHM_Q05a,3.0,Phase 3
GDHM_SURVEY_COUNTRYRESPONSE_SCORE,2023,132,GDHM_CAT2_STRAT_INV,GDHM_Q06,3.0,Phase 3
GDHM_SURVEY_COUNTRYRESPONSE_SCORE,2023,132,GDHM_CAT2_STRAT_INV,GDHM_Q06a,2.0,Phase 2
GDHM_SURVEY_CATEGORY_AVG,2023,132,GDHM_CAT2_STRAT_INV,,3.0,Phase 3
GDHM_SURVEY_COUNTRYRESPONSE_SCORE,2023,132,GDHM_CAT3_LEG,GDHM_Q07,4.0,Phase 4
GDHM_SURVEY_COUNTRYRESPONSE_SCORE,2023,132,GDHM_CAT3_LEG,GDHM_Q08,4.0,Phase 4
GDHM_SURVEY_COUNTRYRESPONSE_SCORE,2023,132,GDHM_CAT3_LEG,GDHM_Q09,2.0,Phase 2
GDHM_SURVEY_COUNTRYRESPONSE_SCORE,2023,132,GDHM_CAT3_LEG,GDHM_Q09a,2.0,Phase 2
GDHM_SURVEY_COUNTRYRESPONSE_SCORE,2023,132,GDHM_CAT3_LEG,GDHM_Q10,2.0,Phase 2
GDHM_SURVEY_CATEGORY_AVG,2023,132,GDHM_CAT3_LEG,,3.0,Phase 3
GDHM_SURVEY_COUNTRYRESPONSE_SCORE,2023,132,GDHM_CAT4_WORKFORCE,GDHM_Q11,1.0,Phase 1
GDHM_SURVEY_COUNTRYRESPONSE_SCORE,2023,132,GDHM_CAT4_WORKFORCE,GDHM_Q12,1.0,Phase 1
GDHM_SURVEY_COUNTRYRESPONSE_SCORE,2023,132,GDHM_CAT4_WORKFORCE,GDHM_Q13,2.0,Phase 2
GDHM_SURVEY_COUNTRYRESPONSE_SCORE,2023,132,GDHM_CAT4_WORKFORCE,GDHM_Q14,1.0,Phase 1
GDHM_SURVEY_CATEGORY_AVG,2023,132,GDHM_CAT4_WORKFORCE,,2.0,Phase 2
GDHM_SURVEY_COUNTRYRESPONSE_SCORE,2023,132,GDHM_CAT5_STANDARDS,GDHM_Q15,2.0,Phase 2
GDHM_SURVEY_COUNTRYRESPONSE_SCORE,2023,132,GDHM_CAT5_STANDARDS,GDHM_Q16,5.0,Phase 5
GDHM_SURVEY_CATEGORY_AVG,2023,132,GDHM_CAT5_STANDARDS,,4.0,Phase 4
GDHM_SURVEY_COUNTRYRESPONSE_SCORE,2023,132,GDHM_CAT6_INFRASTRUCTURE,GDHM_Q17,0.0,Not Available
GDHM_SURVEY_COUNTRYRESPONSE_SCORE,2023,132,GDHM_CAT6_INFRASTRUCTURE,GDHM_Q18,2.0,Phase 2
GDHM_SURVEY_CATEGORY_AVG,2023,132,GDHM_CAT6_INFRASTRUCTURE,,2.0,Phase 2
GDHM_SURVEY_COUNTRYRESPONSE_SCORE,2023,132,GDHM_CAT7_SERV_APP,GDHM_Q19,2.0,Phase 2
GDHM_SURVEY_COUNTRYRESPONSE_SCORE,2023,132,GDHM_CAT7_SERV_APP,GDHM_Q20,1.0,Phase 1
GDHM_SURVEY_COUNTRYRESPONSE_SCORE,2023,132,GDHM_CAT7_SERV_APP,GDHM_Q21,2.0,Phase 2
GDHM_SURVEY_COUNTRYRESPONSE_SCORE,2023,132,GDHM_CAT7_SERV_APP,GDHM_Q21a,2.0,Phase 2
GDHM_SURVEY_COUNTRYRESPONSE_SCORE,2023,132,GDHM_CAT7_SERV_APP,GDHM_Q21b,5.0,Phase 5
GDHM_SURVEY_COUNTRYRESPONSE_SCORE,2023,132,GDHM_CAT7_SERV_APP,GDHM_Q21c,2.0,Phase 2
GDHM_SURVEY_COUNTRYRESPONSE_SCORE,2023,132,GDHM_CAT7_SERV_APP,GDHM_Q22,2.0,Phase 2
GDHM_SURVEY_COUNTRYRESPONSE_SCORE,2023,132,GDHM_CAT7_SERV_APP,GDHM_Q23,2.0,Phase 2
GDHM_SURVEY_CATEGORY_AVG,2023,132,GDHM_CAT7_SERV_APP,,2.0,Phase 2
GDHM_SURVEY_COUNTRYRESPONSE_SCORE,2023,140,GDHM_CAT1_LEAD_GOV,GDHM_Q01,3.0,Phase 3
GDHM_SURVEY_COUNTRYRESPONSE_SCORE,2023,140,GDHM_CAT1_LEAD_GOV,GDHM_Q02,3.0,Phase 3
GDHM_SURVEY_COUNTRYRESPONSE_SCORE,2023,140,GDHM_CAT1_LEAD_GOV,GDHM_Q02a,1.0,Phase 1
GDHM_SURVEY_COUNTRYRESPONSE_SCORE,2023,140,GDHM_CAT1_LEAD_GOV,GDHM_Q03,1.0,Phase 1
GDHM_SURVEY_COUNTRYRESPONSE_SCORE,2023,140,GDHM_CAT1_LEAD_GOV,GDHM_Q04,1.0,Phase 1
GDHM_SURVEY_COUNTRYRESPONSE_SCORE,2023,140,GDHM_CAT1_LEAD_GOV,GDHM_Q04a,1.0,Phase 1
GDHM_SURVEY_CATEGORY_AVG,2023,140,GDHM_CAT1_LEAD_GOV,,2.0,Phase 2
GDHM_SURVEY_COUNTRYRESPONSE_SCORE,2023,140,GDHM_CAT2_STRAT_INV,GDHM_Q05,1.0,Phase 1
GDHM_SURVEY_COUNTRYRESPONSE_SCORE,2023,140,GDHM_CAT2_STRAT_INV,GDHM_Q05a,1.0,Phase 1
GDHM_SURVEY_COUNTRYRESPONSE_SCORE,2023,140,GDHM_CAT2_STRAT_INV,GDHM_Q06,2.0,Phase 2
GDHM_SURVEY_COUNTRYRESPONSE_SCORE,2023,140,GDHM_CAT2_STRAT_INV,GDHM_Q06a,1.0,Phase 1
GDHM_SURVEY_CATEGORY_AVG,2023,140,GDHM_CAT2_STRAT_INV,,2.0,Phase 2
GDHM_SURVEY_COUNTRYRESPONSE_SCORE,2023,140,GDHM_CAT3_LEG,GDHM_Q07,1.0,Phase 1
GDHM_SURVEY_COUNTRYRESPONSE_SCORE,2023,140,GDHM_CAT3_LEG,GDHM_Q08,1.0,Phase 1
GDHM_SURVEY_COUNTRYRESPONSE_SCORE,2023,140,GDHM_CAT3_LEG,GDHM_Q09,1.0,Phase 1
GDHM_SURVEY_COUNTRYRESPONSE_SCORE,2023,140,GDHM_CAT3_LEG,GDHM_Q09a,1.0,Phase 1
GDHM_SURVEY_COUNTRYRESPONSE_SCORE,2023,140,GDHM_CAT3_LEG,GDHM_Q10,1.0,Phase 1
GDHM_SURVEY_CATEGORY_AVG,2023,140,GDHM_CAT3_LEG,,1.0,Phase 1
GDHM_SURVEY_COUNTRYRESPONSE_SCORE,2023,140,GDHM_CAT4_WORKFORCE,GDHM_Q11,1.0,Phase 1
GDHM_SURVEY_COUNTRYRESPONSE_SCORE,2023,140,GDHM_CAT4_WORKFORCE,GDHM_Q12,1.0,Phase 1
GDHM_SURVEY_COUNTRYRESPONSE_SCORE,2023,140,GDHM_CAT4_WORKFORCE,GDHM_Q13,1.0,Phase 1
GDHM_SURVEY_COUNTRYRESPONSE_SCORE,2023,140,GDHM_CAT4_WORKFORCE,GDHM_Q14,1.0,Phase 1
GDHM_SURVEY_CATEGORY_AVG,2023,140,GDHM_CAT4_WORKFORCE,,1.0,Phase 1
GDHM_SURVEY_COUNTRYRESPONSE_SCORE,2023,140,GDHM_CAT5_STANDARDS,GDHM_Q15,2.0,Phase 2
GDHM_SURVEY_COUNTRYRESPONSE_SCORE,2023,140,GDHM_CAT5_STANDARDS,GDHM_Q16,2.0,Phase 2
GDHM_SURVEY_CATEGORY_AVG,2023,140,GDHM_CAT5_STANDARDS,,2.0,Phase 2
GDHM_SURVEY_COUNTRYRESPONSE_SCORE,2023,140,GDHM_CAT6_INFRASTRUCTURE,GDHM_Q17,0.0,Not Available
GDHM_SURVEY_COUNTRYRESPONSE_SCORE,2023,140,GDHM_CAT6_INFRASTRUCTURE,GDHM_Q18,1.0,Phase 1
GDHM_SURVEY_CATEGORY_AVG,2023,140,GDHM_CAT6_INFRASTRUCTURE,,1.0,Phase 1
GDHM_SURVEY_COUNTRYRESPONSE_SCORE,2023,140,GDHM_CAT7_SERV_APP,GDHM_Q19,2.0,Phase 2
GDHM_SURVEY_COUNTRYRESPONSE_SCORE,2023,140,GDHM_CAT7_SERV_APP,GDHM_Q20,2.0,Phase 2
GDHM_SURVEY_COUNTRYRESPONSE_SCORE,2023,140,GDHM_CAT7_SERV_APP,GDHM_Q21,1.0,Phase 1
GDHM_SURVEY_COUNTRYRESPONSE_SCORE,2023,140,GDHM_CAT7_SERV_APP,GDHM_Q21a,1.0,Phase 1
GDHM_SURVEY_COUNTRYRESPONSE_SCORE,2023,140,GDHM_CAT7_SERV_APP,GDHM_Q21b,1.0,Phase 1
GDHM_SURVEY_COUNTRYRESPONSE_SCORE,2023,140,GDHM_CAT7_SERV_APP,GDHM_Q21c,1.0,Phase 1
GDHM_SURVEY_COUNTRYRESPONSE_SCORE,2023,140,GDHM_CAT7_SERV_APP,GDHM_Q22,1.0,Phase 1
GDHM_SURVEY_COUNTRYRESPONSE_SCORE,2023,140,GDHM_CAT7_SERV_APP,GDHM_Q23,2.0,Phase 2
GDHM_SURVEY_CATEGORY_AVG,2023,140,GDHM_CAT7_SERV_APP,,2.0,Phase 2
GDHM_SURVEY_COUNTRYRESPONSE_SCORE,2023,148,GDHM_CAT1_LEAD_GOV,GDHM_Q01,4.0,Phase 4
GDHM_SURVEY_COUNTRYRESPONSE_SCORE,2023,148,GDHM_CAT1_LEAD_GOV,GDHM_Q02,3.0,Phase 3
GDHM_SURVEY_COUNTRYRESPONSE_SCORE,2023,148,GDHM_CAT1_LEAD_GOV,GDHM_Q02a,3.0,Phase 3
GDHM_SURVEY_COUNTRYRESPONSE_SCORE,2023,148,GDHM_CAT1_LEAD_GOV,GDHM_Q03,1.0,Phase 1
GDHM_SURVEY_COUNTRYRESPONSE_SCORE,2023,148,GDHM_CAT1_LEAD_GOV,GDHM_Q04,0.0,Not Available
GDHM_SURVEY_COUNTRYRESPONSE_SCORE,2023,148,GDHM_CAT1_LEAD_GOV,GDHM_Q04a,0.0,Not Available
GDHM_SURVEY_CATEGORY_AVG,2023,148,GDHM_CAT1_LEAD_GOV,,3.0,Phase 3
GDHM_SURVEY_COUNTRYRESPONSE_SCORE,2023,148,GDHM_CAT2_STRAT_INV,GDHM_Q05,1.0,Phase 1
GDHM_SURVEY_COUNTRYRESPONSE_SCORE,2023,148,GDHM_CAT2_STRAT_INV,GDHM_Q05a,5.0,Phase 5
GDHM_SURVEY_COUNTRYRESPONSE_SCORE,2023,148,GDHM_CAT2_STRAT_INV,GDHM_Q06,1.0,Phase 1
GDHM_SURVEY_COUNTRYRESPONSE_SCORE,2023,148,GDHM_CAT2_STRAT_INV,GDHM_Q06a,2.0,Phase 2
GDHM_SURVEY_CATEGORY_AVG,2023,148,GDHM_CAT2_STRAT_INV,,1.0,Phase 1
GDHM_SURVEY_COUNTRYRESPONSE_SCORE,2023,148,GDHM_CAT3_LEG,GDHM_Q07,4.0,Phase 4
GDHM_SURVEY_COUNTRYRESPONSE_SCORE,2023,148,GDHM_CAT3_LEG,GDHM_Q08,1.0,Phase 1
GDHM_SURVEY_COUNTRYRESPONSE_SCORE,2023,148,GDHM_CAT3_LEG,GDHM_Q09,1.0,Phase 1
GDHM_SURVEY_COUNTRYRESPONSE_SCORE,2023,148,GDHM_CAT3_LEG,GDHM_Q09a,1.0,Phase 1
GDHM_SURVEY_COUNTRYRESPONSE_SCORE,2023,148,GDHM_CAT3_LEG,GDHM_Q10,1.0,Phase 1
GDHM_SURVEY_CATEGORY_AVG,2023,148,GDHM_CAT3_LEG,,2.0,Phase 2
GDHM_SURVEY_COUNTRYRESPONSE_SCORE,2023,148,GDHM_CAT4_WORKFORCE,GDHM_Q11,1.0,Phase 1
GDHM_SURVEY_COUNTRYRESPONSE_SCORE,2023,148,GDHM_CAT4_WORKFORCE,GDHM_Q12,1.0,Phase 1
GDHM_SURVEY_COUNTRYRESPONSE_SCORE,2023,148,GDHM_CAT4_WORKFORCE,GDHM_Q13,1.0,Phase 1
GDHM_SURVEY_COUNTRYRESPONSE_SCORE,2023,148,GDHM_CAT4_WORKFORCE,GDHM_Q14,1.0,Phase 1
GDHM_SURVEY_CATEGORY_AVG,2023,148,GDHM_CAT4_WORKFORCE,,1.0,Phase 1
GDHM_SURVEY_COUNTRYRESPONSE_SCORE,2023,148,GDHM_CAT5_STANDARDS,GDHM_Q15,1.0,Phase 1
GDHM_SURVEY_COUNTRYRESPONSE_SCORE,2023,148,GDHM_CAT5_STANDARDS,GDHM_Q16,1.0,Phase 1
GDHM_SURVEY_CATEGORY_AVG,2023,148,GDHM_CAT5_STANDARDS,,1.0,Phase 1
GDHM_SURVEY_COUNTRYRESPONSE_SCORE,2023,148,GDHM_CAT6_INFRASTRUCTURE,GDHM_Q17,2.0,Phase 2
GDHM_SURVEY_COUNTRYRESPONSE_SCORE,2023,148,GDHM_CAT6_INFRASTRUCTURE,GDHM_Q18,2.0,Phase 2
GDHM_SURVEY_CATEGORY_AVG,2023,148,GDHM_CAT6_INFRASTRUCTURE,,2.0,Phase 2
GDHM_SURVEY_COUNTRYRESPONSE_SCORE,2023,148,GDHM_CAT7_SERV_APP,GDHM_Q19,3.0,Phase 3
GDHM_SURVEY_COUNTRYRESPONSE_SCORE,2023,148,GDHM_CAT7_SERV_APP,GDHM_Q20,1.0,Phase 1
GDHM_SURVEY_COUNTRYRESPONSE_SCORE,2023,148,GDHM_CAT7_SERV_APP,GDHM_Q21,1.0,Phase 1
GDHM_SURVEY_COUNTRYRESPONSE_SCORE,2023,148,GDHM_CAT7_SERV_APP,GDHM_Q21a,1.0,Phase 1
GDHM_SURVEY_COUNTRYRESPONSE_SCORE,2023,148,GDHM_CAT7_SERV_APP,GDHM_Q21b,1.0,Phase 1
GDHM_SURVEY_COUNTRYRESPONSE_SCORE,2023,148,GDHM_CAT7_SERV_APP,GDHM_Q21c,1.0,Phase 1
GDHM_SURVEY_COUNTRYRESPONSE_SCORE,2023,148,GDHM_CAT7_SERV_APP,GDHM_Q22,1.0,Phase 1
GDHM_SURVEY_COUNTRYRESPONSE_SCORE,2023,148,GDHM_CAT7_SERV_APP,GDHM_Q23,3.0,Phase 3
GDHM_SURVEY_CATEGORY_AVG,2023,148,GDHM_CAT7_SERV_APP,,2.0,Phase 2
GDHM_SURVEY_COUNTRYRESPONSE_SCORE,2023,152,GDHM_CAT1_LEAD_GOV,GDHM_Q01,4.0,Phase 4
GDHM_SURVEY_COUNTRYRESPONSE_SCORE,2023,152,GDHM_CAT1_LEAD_GOV,GDHM_Q02,4.0,Phase 4
GDHM_SURVEY_COUNTRYRESPONSE_SCORE,2023,152,GDHM_CAT1_LEAD_GOV,GDHM_Q02a,2.0,Phase 2
GDHM_SURVEY_COUNTRYRESPONSE_SCORE,2023,152,GDHM_CAT1_LEAD_GOV,GDHM_Q03,1.0,Phase 1
GDHM_SURVEY_COUNTRYRESPONSE_SCORE,2023,152,GDHM_CAT1_LEAD_GOV,GDHM_Q04,2.0,Phase 2
GDHM_SURVEY_COUNTRYRESPONSE_SCORE,2023,152,GDHM_CAT1_LEAD_GOV,GDHM_Q04a,2.0,Phase 2
GDHM_SURVEY_CATEGORY_AVG,2023,152,GDHM_CAT1_LEAD_GOV,,3.0,Phase 3
GDHM_SURVEY_COUNTRYRESPONSE_SCORE,2023,152,GDHM_CAT2_STRAT_INV,GDHM_Q05,3.0,Phase 3
GDHM_SURVEY_COUNTRYRESPONSE_SCORE,2023,152,GDHM_CAT2_STRAT_INV,GDHM_Q05a,3.0,Phase 3
GDHM_SURVEY_COUNTRYRESPONSE_SCORE,2023,152,GDHM_CAT2_STRAT_INV,GDHM_Q06,3.0,Phase 3
GDHM_SURVEY_COUNTRYRESPONSE_SCORE,2023,152,GDHM_CAT2_STRAT_INV,GDHM_Q06a,3.0,Phase 3
GDHM_SURVEY_CATEGORY_AVG,2023,152,GDHM_CAT2_STRAT_INV,,3.0,Phase 3
GDHM_SURVEY_COUNTRYRESPONSE_SCORE,2023,152,GDHM_CAT3_LEG,GDHM_Q07,5.0,Phase 5
GDHM_SURVEY_COUNTRYRESPONSE_SCORE,2023,152,GDHM_CAT3_LEG,GDHM_Q08,4.0,Phase 4
GDHM_SURVEY_COUNTRYRESPONSE_SCORE,2023,152,GDHM_CAT3_LEG,GDHM_Q09,2.0,Phase 2
GDHM_SURVEY_COUNTRYRESPONSE_SCORE,2023,152,GDHM_CAT3_LEG,GDHM_Q09a,1.0,Phase 1
GDHM_SURVEY_COUNTRYRESPONSE_SCORE,2023,152,GDHM_CAT3_LEG,GDHM_Q10,2.0,Phase 2
GDHM_SURVEY_CATEGORY_AVG,2023,152,GDHM_CAT3_LEG,,4.0,Phase 4
GDHM_SURVEY_COUNTRYRESPONSE_SCORE,2023,152,GDHM_CAT4_WORKFORCE,GDHM_Q11,2.0,Phase 2
GDHM_SURVEY_COUNTRYRESPONSE_SCORE,2023,152,GDHM_CAT4_WORKFORCE,GDHM_Q12,3.0,Phase 3
GDHM_SURVEY_COUNTRYRESPONSE_SCORE,2023,152,GDHM_CAT4_WORKFORCE,GDHM_Q13,4.0,Phase 4
GDHM_SURVEY_COUNTRYRESPONSE_SCORE,2023,152,GDHM_CAT4_WORKFORCE,GDHM_Q14,1.0,Phase 1
GDHM_SURVEY_CATEGORY_AVG,2023,152,GDHM_CAT4_WORKFORCE,,3.0,Phase 3
GDHM_SURVEY_COUNTRYRESPONSE_SCORE,2023,152,GDHM_CAT5_STANDARDS,GDHM_Q15,2.0,Phase 2
GDHM_SURVEY_COUNTRYRESPONSE_SCORE,2023,152,GDHM_CAT5_STANDARDS,GDHM_Q16,2.0,Phase 2
GDHM_SURVEY_CATEGORY_AVG,2023,152,GDHM_CAT5_STANDARDS,,2.0,Phase 2
GDHM_SURVEY_COUNTRYRESPONSE_SCORE,2023,152,GDHM_CAT6_INFRASTRUCTURE,GDHM_Q17,4.0,Phase 4
GDHM_SURVEY_COUNTRYRESPONSE_SCORE,2023,152,GDHM_CAT6_INFRASTRUCTURE,GDHM_Q18,4.0,Phase 4
GDHM_SURVEY_CATEGORY_AVG,2023,152,GDHM_CAT6_INFRASTRUCTURE,,4.0,Phase 4
GDHM_SURVEY_COUNTRYRESPONSE_SCORE,2023,152,GDHM_CAT7_SERV_APP,GDHM_Q19,4.0,Phase 4
GDHM_SURVEY_COUNTRYRESPONSE_SCORE,2023,152,GDHM_CAT7_SERV_APP,GDHM_Q20,4.0,Phase 4
GDHM_SURVEY_COUNTRYRESPONSE_SCORE,2023,152,GDHM_CAT7_SERV_APP,GDHM_Q21,5.0,Phase 5
GDHM_SURVEY_COUNTRYRESPONSE_SCORE,2023,152,GDHM_CAT7_SERV_APP,GDHM_Q21a,1.0,Phase 1
GDHM_SURVEY_COUNTRYRESPONSE_SCORE,2023,152,GDHM_CAT7_SERV_APP,GDHM_Q21b,5.0,Phase 5
GDHM_SURVEY_COUNTRYRESPONSE_SCORE,2023,152,GDHM_CAT7_SERV_APP,GDHM_Q21c,5.0,Phase 5
GDHM_SURVEY_COUNTRYRESPONSE_SCORE,2023,152,GDHM_CAT7_SERV_APP,GDHM_Q22,4.0,Phase 4
GDHM_SURVEY_COUNTRYRESPONSE_SCORE,2023,152,GDHM_CAT7_SERV_APP,GDHM_Q23,3.0,Phase 3
GDHM_SURVEY_CATEGORY_AVG,2023,152,GDHM_CAT7_SERV_APP,,4.0,Phase 4
GDHM_SURVEY_COUNTRYRESPONSE_SCORE,2023,156,GDHM_CAT1_LEAD_GOV,GDHM_Q01,0.0,Not Available
GDHM_SURVEY_COUNTRYRESPONSE_SCORE,2023,156,GDHM_CAT1_LEAD_GOV,GDHM_Q02,0.0,Not Available
GDHM_SURVEY_COUNTRYRESPONSE_SCORE,2023,156,GDHM_CAT1_LEAD_GOV,GDHM_Q02a,0.0,Not Available
GDHM_SURVEY_COUNTRYRESPONSE_SCORE,2023,156,GDHM_CAT1_LEAD_GOV,GDHM_Q03,0.0,Not Available
GDHM_SURVEY_COUNTRYRESPONSE_SCORE,2023,320,GDHM_CAT3_LEG,GDHM_Q09,2.0,Phase 2
GDHM_SURVEY_COUNTRYRESPONSE_SCORE,2023,320,GDHM_CAT3_LEG,GDHM_Q09a,0.0,Not Available
GDHM_SURVEY_COUNTRYRESPONSE_SCORE,2023,320,GDHM_CAT3_LEG,GDHM_Q10,0.0,Not Available
GDHM_SURVEY_CATEGORY_AVG,2023,320,GDHM_CAT3_LEG,,3.0,Phase 3
GDHM_SURVEY_COUNTRYRESPONSE_SCORE,2023,320,GDHM_CAT4_WORKFORCE,GDHM_Q11,0.0,Not Available
GDHM_SURVEY_COUNTRYRESPONSE_SCORE,2023,320,GDHM_CAT4_WORKFORCE,GDHM_Q12,0.0,Not Available
GDHM_SURVEY_COUNTRYRESPONSE_SCORE,2023,320,GDHM_CAT4_WORKFORCE,GDHM_Q13,0.0,Not Available
GDHM_SURVEY_COUNTRYRESPONSE_SCORE,2023,320,GDHM_CAT4_WORKFORCE,GDHM_Q14,0.0,Not Available
GDHM_SURVEY_CATEGORY_AVG,2023,320,GDHM_CAT4_WORKFORCE,,1.0,Not Available
GDHM_SURVEY_COUNTRYRESPONSE_SCORE,2023,320,GDHM_CAT5_STANDARDS,GDHM_Q15,0.0,Not Available
GDHM_SURVEY_COUNTRYRESPONSE_SCORE,2023,320,GDHM_CAT5_STANDARDS,GDHM_Q16,0.0,Not Available
GDHM_SURVEY_CATEGORY_AVG,2023,320,GDHM_CAT5_STANDARDS,,1.0,Not Available
GDHM_SURVEY_COUNTRYRESPONSE_SCORE,2023,320,GDHM_CAT6_INFRASTRUCTURE,GDHM_Q17,2.0,Phase 2
GDHM_SURVEY_COUNTRYRESPONSE_SCORE,2023,320,GDHM_CAT6_INFRASTRUCTURE,GDHM_Q18,3.0,Phase 3
GDHM_SURVEY_CATEGORY_AVG,2023,320,GDHM_CAT6_INFRASTRUCTURE,,3.0,Phase 3
GDHM_SURVEY_COUNTRYRESPONSE_SCORE,2023,320,GDHM_CAT7_SERV_APP,GDHM_Q19,0.0,Not Available
GDHM_SURVEY_COUNTRYRESPONSE_SCORE,2023,320,GDHM_CAT7_SERV_APP,GDHM_Q20,0.0,Not Available
GDHM_SURVEY_COUNTRYRESPONSE_SCORE,2023,320,GDHM_CAT7_SERV_APP,GDHM_Q21,0.0,Not Available
GDHM_SURVEY_COUNTRYRESPONSE_SCORE,2023,320,GDHM_CAT7_SERV_APP,GDHM_Q21a,0.0,Not Available
GDHM_SURVEY_COUNTRYRESPONSE_SCORE,2023,320,GDHM_CAT7_SERV_APP,GDHM_Q21b,0.0,Not Available
GDHM_SURVEY_COUNTRYRESPONSE_SCORE,2023,320,GDHM_CAT7_SERV_APP,GDHM_Q21c,0.0,Not Available
GDHM_SURVEY_COUNTRYRESPONSE_SCORE,2023,320,GDHM_CAT7_SERV_APP,GDHM_Q22,0.0,Not Available
GDHM_SURVEY_COUNTRYRESPONSE_SCORE,2023,320,GDHM_CAT7_SERV_APP,GDHM_Q23,0.0,Not Available
GDHM_SURVEY_CATEGORY_AVG,2023,320,GDHM_CAT7_SERV_APP,,1.0,Not Available
GDHM_SURVEY_COUNTRYRESPONSE_SCORE,2023,324,GDHM_CAT1_LEAD_GOV,GDHM_Q01,5.0,Phase 5
GDHM_SURVEY_COUNTRYRESPONSE_SCORE,2023,324,GDHM_CAT1_LEAD_GOV,GDHM_Q02,3.0,Phase 3
GDHM_SURVEY_COUNTRYRESPONSE_SCORE,2023,324,GDHM_CAT1_LEAD_GOV,GDHM_Q02a,4.0,Phase 4
GDHM_SURVEY_COUNTRYRESPONSE_SCORE,2023,324,GDHM_CAT1_LEAD_GOV,GDHM_Q03,4.0,Phase 4
GDHM_SURVEY_COUNTRYRESPONSE_SCORE,2023,324,GDHM_CAT1_LEAD_GOV,GDHM_Q04,4.0,Phase 4
GDHM_SURVEY_COUNTRYRESPONSE_SCORE,2023,324,GDHM_CAT1_LEAD_GOV,GDHM_Q04a,3.0,Phase 3
GDHM_SURVEY_CATEGORY_AVG,2023,324,GDHM_CAT1_LEAD_GOV,,4.0,Phase 4
GDHM_SURVEY_COUNTRYRESPONSE_SCORE,2023,324,GDHM_CAT2_STRAT_INV,GDHM_Q05,2.0,Phase 2
GDHM_SURVEY_COUNTRYRESPONSE_SCORE,2023,324,GDHM_CAT2_STRAT_INV,GDHM_Q05a,2.0,Phase 2
GDHM_SURVEY_COUNTRYRESPONSE_SCORE,2023,324,GDHM_CAT2_STRAT_INV,GDHM_Q06,1.0,Phase 1
GDHM_SURVEY_COUNTRYRESPONSE_SCORE,2023,324,GDHM_CAT2_STRAT_INV,GDHM_Q06a,3.0,Phase 3
GDHM_SURVEY_CATEGORY_AVG,2023,324,GDHM_CAT2_STRAT_INV,,2.0,Phase 2
GDHM_SURVEY_COUNTRYRESPONSE_SCORE,2023,324,GDHM_CAT3_LEG,GDHM_Q07,3.0,Phase 3
GDHM_SURVEY_COUNTRYRESPONSE_SCORE,2023,324,GDHM_CAT3_LEG,GDHM_Q08,3.0,Phase 3
GDHM_SURVEY_COUNTRYRESPONSE_SCORE,2023,324,GDHM_CAT3_LEG,GDHM_Q09,3.0,Phase 3
GDHM_SURVEY_COUNTRYRESPONSE_SCORE,2023,324,GDHM_CAT3_LEG,GDHM_Q09a,4.0,Phase 4
GDHM_SURVEY_COUNTRYRESPONSE_SCORE,2023,324,GDHM_CAT3_LEG,GDHM_Q10,4.0,Phase 4
GDHM_SURVEY_CATEGORY_AVG,2023,324,GDHM_CAT3_LEG,,4.0,Phase 4
GDHM_SURVEY_COUNTRYRESPONSE_SCORE,2023,324,GDHM_CAT4_WORKFORCE,GDHM_Q11,4.0,Phase 4
GDHM_SURVEY_COUNTRYRESPONSE_SCORE,2023,324,GDHM_CAT4_WORKFORCE,GDHM_Q12,3.0,Phase 3
GDHM_SURVEY_COUNTRYRESPONSE_SCORE,2023,324,GDHM_CAT4_WORKFORCE,GDHM_Q13,3.0,Phase 3
GDHM_SURVEY_COUNTRYRESPONSE_SCORE,2023,324,GDHM_CAT4_WORKFORCE,GDHM_Q14,4.0,Phase 4
GDHM_SURVEY_CATEGORY_AVG,2023,324,GDHM_CAT4_WORKFORCE,,4.0,Phase 4
GDHM_SURVEY_COUNTRYRESPONSE_SCORE,2023,324,GDHM_CAT5_STANDARDS,GDHM_Q15,4.0,Phase 4
GDHM_SURVEY_COUNTRYRESPONSE_SCORE,2023,324,GDHM_CAT5_STANDARDS,GDHM_Q16,4.0,Phase 4
GDHM_SURVEY_CATEGORY_AVG,2023,324,GDHM_CAT5_STANDARDS,,4.0,Phase 4
GDHM_SURVEY_COUNTRYRESPONSE_SCORE,2023,324,GDHM_CAT6_INFRASTRUCTURE,GDHM_Q17,4.0,Phase 4
GDHM_SURVEY_COUNTRYRESPONSE_SCORE,2023,324,GDHM_CAT6_INFRASTRUCTURE,GDHM_Q18,4.0,Phase 4
GDHM_SURVEY_CATEGORY_AVG,2023,324,GDHM_CAT6_INFRASTRUCTURE,,4.0,Phase 4
GDHM_SURVEY_COUNTRYRESPONSE_SCORE,2023,324,GDHM_CAT7_SERV_APP,GDHM_Q19,3.0,Phase 3
GDHM_SURVEY_COUNTRYRESPONSE_SCORE,2023,324,GDHM_CAT7_SERV_APP,GDHM_Q20,4.0,Phase 4
GDHM_SURVEY_COUNTRYRESPONSE_SCORE,2023,324,GDHM_CAT7_SERV_APP,GDHM_Q21,4.0,Phase 4
GDHM_SURVEY_COUNTRYRESPONSE_SCORE,2023,324,GDHM_CAT7_SERV_APP,GDHM_Q21a,4.0,Phase 4
GDHM_SURVEY_COUNTRYRESPONSE_SCORE,2023,324,GDHM_CAT7_SERV_APP,GDHM_Q21b,5.0,Phase 5
GDHM_SURVEY_COUNTRYRESPONSE_SCORE,2023,324,GDHM_CAT7_SERV_APP,GDHM_Q21c,5.0,Phase 5
GDHM_SURVEY_COUNTRYRESPONSE_SCORE,2023,324,GDHM_CAT7_SERV_APP,GDHM_Q22,5.0,Phase 5
GDHM_SURVEY_COUNTRYRESPONSE_SCORE,2023,324,GDHM_CAT7_SERV_APP,GDHM_Q23,0.0,Not Available
GDHM_SURVEY_CATEGORY_AVG,2023,324,GDHM_CAT7_SERV_APP,,4.0,Phase 4
GDHM_SURVEY_COUNTRYRESPONSE_SCORE,2023,624,GDHM_CAT1_LEAD_GOV,GDHM_Q01,2.0,Phase 2
GDHM_SURVEY_COUNTRYRESPONSE_SCORE,2023,624,GDHM_CAT1_LEAD_GOV,GDHM_Q02,1.0,Phase 1
GDHM_SURVEY_COUNTRYRESPONSE_SCORE,2023,624,GDHM_CAT1_LEAD_GOV,GDHM_Q02a,1.0,Phase 1
GDHM_SURVEY_COUNTRYRESPONSE_SCORE,2023,624,GDHM_CAT1_LEAD_GOV,GDHM_Q03,1.0,Phase 1
GDHM_SURVEY_COUNTRYRESPONSE_SCORE,2023,624,GDHM_CAT1_LEAD_GOV,GDHM_Q04,1.0,Phase 1
GDHM_SURVEY_COUNTRYRESPONSE_SCORE,2023,624,GDHM_CAT1_LEAD_GOV,GDHM_Q04a,1.0,Phase 1
GDHM_SURVEY_CATEGORY_AVG,2023,624,GDHM_CAT1_LEAD_GOV,,2.0,Phase 2
GDHM_SURVEY_COUNTRYRESPONSE_SCORE,2023,624,GDHM_CAT2_STRAT_INV,GDHM_Q05,1.0,Phase 1
GDHM_SURVEY_COUNTRYRESPONSE_SCORE,2023,624,GDHM_CAT2_STRAT_INV,GDHM_Q05a,1.0,Phase 1
GDHM_SURVEY_COUNTRYRESPONSE_SCORE,2023,624,GDHM_CAT2_STRAT_INV,GDHM_Q06,1.0,Phase 1
GDHM_SURVEY_COUNTRYRESPONSE_SCORE,2023,624,GDHM_CAT2_STRAT_INV,GDHM_Q06a,1.0,Phase 1
GDHM_SURVEY_CATEGORY_AVG,2023,624,GDHM_CAT2_STRAT_INV,,1.0,Phase 1
GDHM_SURVEY_COUNTRYRESPONSE_SCORE,2023,624,GDHM_CAT3_LEG,GDHM_Q07,1.0,Phase 1
GDHM_SURVEY_COUNTRYRESPONSE_SCORE,2023,624,GDHM_CAT3_LEG,GDHM_Q08,1.0,Phase 1
GDHM_SURVEY_COUNTRYRESPONSE_SCORE,2023,624,GDHM_CAT3_LEG,GDHM_Q09,1.0,Phase 1
GDHM_SURVEY_COUNTRYRESPONSE_SCORE,2023,624,GDHM_CAT3_LEG,GDHM_Q09a,1.0,Phase 1
GDHM_SURVEY_COUNTRYRESPONSE_SCORE,2023,624,GDHM_CAT3_LEG,GDHM_Q10,1.0,Phase 1
GDHM_SURVEY_CATEGORY_AVG,2023,624,GDHM_CAT3_LEG,,1.0,Phase 1
GDHM_SURVEY_COUNTRYRESPONSE_SCORE,2023,624,GDHM_CAT4_WORKFORCE,GDHM_Q11,1.0,Phase 1
GDHM_SURVEY_COUNTRYRESPONSE_SCORE,2023,624,GDHM_CAT4_WORKFORCE,GDHM_Q12,1.0,Phase 1
GDHM_SURVEY_COUNTRYRESPONSE_SCORE,2023,624,GDHM_CAT4_WORKFORCE,GDHM_Q13,1.0,Phase 1
GDHM_SURVEY_COUNTRYRESPONSE_SCORE,2023,624,GDHM_CAT4_WORKFORCE,GDHM_Q14,1.0,Phase 1
GDHM_SURVEY_CATEGORY_AVG,2023,624,GDHM_CAT4_WORKFORCE,,1.0,Phase 1
GDHM_SURVEY_COUNTRYRESPONSE_SCORE,2023,624,GDHM_CAT5_STANDARDS,GDHM_Q15,1.0,Phase 1
GDHM_SURVEY_COUNTRYRESPONSE_SCORE,2023,624,GDHM_CAT5_STANDARDS,GDHM_Q16,1.0,Phase 1
GDHM_SURVEY_CATEGORY_AVG,2023,624,GDHM_CAT5_STANDARDS,,1.0,Phase 1
GDHM_SURVEY_COUNTRYRESPONSE_SCORE,2023,624,GDHM_CAT6_INFRASTRUCTURE,GDHM_Q17,2.0,Phase 2
GDHM_SURVEY_COUNTRYRESPONSE_SCORE,2023,624,GDHM_CAT6_INFRASTRUCTURE,GDHM_Q18,1.0,Phase 1
GDHM_SURVEY_CATEGORY_AVG,2023,624,GDHM_CAT6_INFRASTRUCTURE,,2.0,Phase 2
GDHM_SURVEY_COUNTRYRESPONSE_SCORE,2023,624,GDHM_CAT7_SERV_APP,GDHM_Q19,1.0,Phase 1
GDHM_SURVEY_COUNTRYRESPONSE_SCORE,2023,624,GDHM_CAT7_SERV_APP,GDHM_Q20,1.0,Phase 1
GDHM_SURVEY_COUNTRYRESPONSE_SCORE,2023,624,GDHM_CAT7_SERV_APP,GDHM_Q21,1.0,Phase 1
GDHM_SURVEY_COUNTRYRESPONSE_SCORE,2023,624,GDHM_CAT7_SERV_APP,GDHM_Q21a,1.0,Phase 1
GDHM_SURVEY_COUNTRYRESPONSE_SCORE,2023,624,GDHM_CAT7_SERV_APP,GDHM_Q21b,2.0,Phase 2
GDHM_SURVEY_COUNTRYRESPONSE_SCORE,2023,624,GDHM_CAT7_SERV_APP,GDHM_Q21c,1.0,Phase 1
GDHM_SURVEY_COUNTRYRESPONSE_SCORE,2023,624,GDHM_CAT7_SERV_APP,GDHM_Q22,1.0,Phase 1
GDHM_SURVEY_COUNTRYRESPONSE_SCORE,2023,624,GDHM_CAT7_SERV_APP,GDHM_Q23,2.0,Phase 2
GDHM_SURVEY_CATEGORY_AVG,2023,624,GDHM_CAT7_SERV_APP,,2.0,Phase 2
GDHM_SURVEY_COUNTRYRESPONSE_SCORE,2023,328,GDHM_CAT1_LEAD_GOV,GDHM_Q01,0.0,Not Available
GDHM_SURVEY_COUNTRYRESPONSE_SCORE,2023,328,GDHM_CAT1_LEAD_GOV,GDHM_Q02,0.0,Not Available
GDHM_SURVEY_COUNTRYRESPONSE_SCORE,2023,328,GDHM_CAT1_LEAD_GOV,GDHM_Q02a,0.0,Not Available
GDHM_SURVEY_COUNTRYRESPONSE_SCORE,2023,328,GDHM_CAT1_LEAD_GOV,GDHM_Q03,0.0,Not Available
GDHM_SURVEY_COUNTRYRESPONSE_SCORE,2023,328,GDHM_CAT1_LEAD_GOV,GDHM_Q04,0.0,Not Available
GDHM_SURVEY_COUNTRYRESPONSE_SCORE,2023,328,GDHM_CAT1_LEAD_GOV,GDHM_Q04a,0.0,Not Available
GDHM_SURVEY_CATEGORY_AVG,2023,328,GDHM_CAT1_LEAD_GOV,,1.0,Not Available
GDHM_SURVEY_COUNTRYRESPONSE_SCORE,2023,328,GDHM_CAT2_STRAT_INV,GDHM_Q05,0.0,Not Available
GDHM_SURVEY_COUNTRYRESPONSE_SCORE,2023,328,GDHM_CAT2_STRAT_INV,GDHM_Q05a,0.0,Not Available
GDHM_SURVEY_COUNTRYRESPONSE_SCORE,2023,328,GDHM_CAT2_STRAT_INV,GDHM_Q06,0.0,Not Available
GDHM_SURVEY_COUNTRYRESPONSE_SCORE,2023,328,GDHM_CAT2_STRAT_INV,GDHM_Q06a,0.0,Not Available
GDHM_SURVEY_CATEGORY_AVG,2023,328,GDHM_CAT2_STRAT_INV,,1.0,Not Available
GDHM_SURVEY_COUNTRYRESPONSE_SCORE,2023,328,GDHM_CAT3_LEG,GDHM_Q07,2.0,Phase 2
GDHM_SURVEY_COUNTRYRESPONSE_SCORE,2023,328,GDHM_CAT3_LEG,GDHM_Q08,0.0,Not Available
GDHM_SURVEY_COUNTRYRESPONSE_SCORE,2023,328,GDHM_CAT3_LEG,GDHM_Q09,0.0,Not Available
GDHM_SURVEY_COUNTRYRESPONSE_SCORE,2023,328,GDHM_CAT3_LEG,GDHM_Q09a,0.0,Not Available
GDHM_SURVEY_COUNTRYRESPONSE_SCORE,2023,328,GDHM_CAT3_LEG,GDHM_Q10,0.0,Not Available
GDHM_SURVEY_CATEGORY_AVG,2023,328,GDHM_CAT3_LEG,,2.0,Phase 2
GDHM_SURVEY_COUNTRYRESPONSE_SCORE,2023,328,GDHM_CAT4_WORKFORCE,GDHM_Q11,0.0,Not Available
GDHM_SURVEY_COUNTRYRESPONSE_SCORE,2023,328,GDHM_CAT4_WORKFORCE,GDHM_Q12,0.0,Not Available
GDHM_SURVEY_COUNTRYRESPONSE_SCORE,2023,328,GDHM_CAT4_WORKFORCE,GDHM_Q13,0.0,Not Available
GDHM_SURVEY_COUNTRYRESPONSE_SCORE,2023,328,GDHM_CAT4_WORKFORCE,GDHM_Q14,0.0,Not Available
GDHM_SURVEY_CATEGORY_AVG,2023,328,GDHM_CAT4_WORKFORCE,,1.0,Not Available
GDHM_SURVEY_COUNTRYRESPONSE_SCORE,2023,328,GDHM_CAT5_STANDARDS,GDHM_Q15,0.0,Not Available
GDHM_SURVEY_COUNTRYRESPONSE_SCORE,2023,328,GDHM_CAT5_STANDARDS,GDHM_Q16,0.0,Not Available
GDHM_SURVEY_CATEGORY_AVG,2023,328,GDHM_CAT5_STANDARDS,,1.0,Not Available
GDHM_SURVEY_COUNTRYRESPONSE_SCORE,2023,328,GDHM_CAT6_INFRASTRUCTURE,GDHM_Q17,0.0,Not Available
GDHM_SURVEY_COUNTRYRESPONSE_SCORE,2023,328,GDHM_CAT6_INFRASTRUCTURE,GDHM_Q18,3.0,Phase 3
GDHM_SURVEY_CATEGORY_AVG,2023,328,GDHM_CAT6_INFRASTRUCTURE,,3.0,Phase 3
GDHM_SURVEY_COUNTRYRESPONSE_SCORE,2023,328,GDHM_CAT7_SERV_APP,GDHM_Q19,0.0,Not Available
GDHM_SURVEY_COUNTRYRESPONSE_SCORE,2023,328,GDHM_CAT7_SERV_APP,GDHM_Q20,0.0,Not Available
GDHM_SURVEY_COUNTRYRESPONSE_SCORE,2023,328,GDHM_CAT7_SERV_APP,GDHM_Q21,0.0,Not Available
GDHM_SURVEY_COUNTRYRESPONSE_SCORE,2023,328,GDHM_CAT7_SERV_APP,GDHM_Q21a,0.0,Not Available
GDHM_SURVEY_COUNTRYRESPONSE_SCORE,2023,328,GDHM_CAT7_SERV_APP,GDHM_Q21b,0.0,Not Available
GDHM_SURVEY_COUNTRYRESPONSE_SCORE,2023,328,GDHM_CAT7_SERV_APP,GDHM_Q21c,0.0,Not Available
GDHM_SURVEY_COUNTRYRESPONSE_SCORE,2023,328,GDHM_CAT7_SERV_APP,GDHM_Q22,0.0,Not Available
GDHM_SURVEY_COUNTRYRESPONSE_SCORE,2023,328,GDHM_CAT7_SERV_APP,GDHM_Q23,0.0,Not Available
GDHM_SURVEY_CATEGORY_AVG,2023,328,GDHM_CAT7_SERV_APP,,1.0,Not Available
GDHM_SURVEY_COUNTRYRESPONSE_SCORE,2023,332,GDHM_CAT1_LEAD_GOV,GDHM_Q01,0.0,Not Available
GDHM_SURVEY_COUNTRYRESPONSE_SCORE,2023,332,GDHM_CAT1_LEAD_GOV,GDHM_Q02,0.0,Not Available
GDHM_SURVEY_COUNTRYRESPONSE_SCORE,2023,332,GDHM_CAT1_LEAD_GOV,GDHM_Q02a,0.0,Not Available
GDHM_SURVEY_COUNTRYRESPONSE_SCORE,2023,332,GDHM_CAT1_LEAD_GOV,GDHM_Q03,0.0,Not Available
GDHM_SURVEY_COUNTRYRESPONSE_SCORE,2023,332,GDHM_CAT1_LEAD_GOV,GDHM_Q04,0.0,Not Available
GDHM_SURVEY_COUNTRYRESPONSE_SCORE,2023,332,GDHM_CAT1_LEAD_GOV,GDHM_Q04a,0.0,Not Available
GDHM_SURVEY_CATEGORY_AVG,2023,332,GDHM_CAT1_LEAD_GOV,,1.0,Not Available
GDHM_SURVEY_COUNTRYRESPONSE_SCORE,2023,332,GDHM_CAT2_STRAT_INV,GDHM_Q05,0.0,Not Available
GDHM_SURVEY_COUNTRYRESPONSE_SCORE,2023,332,GDHM_CAT2_STRAT_INV,GDHM_Q05a,0.0,Not Available
GDHM_SURVEY_COUNTRYRESPONSE_SCORE,2023,332,GDHM_CAT2_STRAT_INV,GDHM_Q06,0.0,Not Available
GDHM_SURVEY_COUNTRYRESPONSE_SCORE,2023,332,GDHM_CAT2_STRAT_INV,GDHM_Q06a,0.0,Not Available
GDHM_SURVEY_CATEGORY_AVG,2023,332,GDHM_CAT2_STRAT_INV,,1.0,Not Available
GDHM_SURVEY_COUNTRYRESPONSE_SCORE,2023,332,GDHM_CAT3_LEG,GDHM_Q07,1.0,Phase 1
GDHM_SURVEY_COUNTRYRESPONSE_SCORE,2023,332,GDHM_CAT3_LEG,GDHM_Q08,0.0,Not Available
GDHM_SURVEY_COUNTRYRESPONSE_SCORE,2023,332,GDHM_CAT3_LEG,GDHM_Q09,0.0,Not Available
GDHM_SURVEY_COUNTRYRESPONSE_SCORE,2023,332,GDHM_CAT3_LEG,GDHM_Q09a,0.0,Not Available
GDHM_SURVEY_COUNTRYRESPONSE_SCORE,2023,332,GDHM_CAT3_LEG,GDHM_Q10,0.0,Not Available
GDHM_SURVEY_CATEGORY_AVG,2023,332,GDHM_CAT3_LEG,,1.0,Phase 1
GDHM_SURVEY_COUNTRYRESPONSE_SCORE,2023,332,GDHM_CAT4_WORKFORCE,GDHM_Q11,0.0,Not Available
GDHM_SURVEY_COUNTRYRESPONSE_SCORE,2023,332,GDHM_CAT4_WORKFORCE,GDHM_Q12,0.0,Not Available
GDHM_SURVEY_COUNTRYRESPONSE_SCORE,2023,332,GDHM_CAT4_WORKFORCE,GDHM_Q13,0.0,Not Available
GDHM_SURVEY_COUNTRYRESPONSE_SCORE,2023,332,GDHM_CAT4_WORKFORCE,GDHM_Q14,0.0,Not Available
GDHM_SURVEY_COUNTRYRESPONSE_SCORE,2023,426,GDHM_CAT5_STANDARDS,GDHM_Q16,0.0,Not Available
GDHM_SURVEY_CATEGORY_AVG,2023,426,GDHM_CAT5_STANDARDS,,1.0,Not Available
GDHM_SURVEY_COUNTRYRESPONSE_SCORE,2023,426,GDHM_CAT6_INFRASTRUCTURE,GDHM_Q17,2.0,Phase 2
GDHM_SURVEY_COUNTRYRESPONSE_SCORE,2023,426,GDHM_CAT6_INFRASTRUCTURE,GDHM_Q18,3.0,Phase 3
GDHM_SURVEY_CATEGORY_AVG,2023,426,GDHM_CAT6_INFRASTRUCTURE,,3.0,Phase 3
GDHM_SURVEY_COUNTRYRESPONSE_SCORE,2023,426,GDHM_CAT7_SERV_APP,GDHM_Q19,0.0,Not Available
GDHM_SURVEY_COUNTRYRESPONSE_SCORE,2023,426,GDHM_CAT7_SERV_APP,GDHM_Q20,0.0,Not Available
GDHM_SURVEY_COUNTRYRESPONSE_SCORE,2023,426,GDHM_CAT7_SERV_APP,GDHM_Q21,0.0,Not Available
GDHM_SURVEY_COUNTRYRESPONSE_SCORE,2023,426,GDHM_CAT7_SERV_APP,GDHM_Q21a,0.0,Not Available
GDHM_SURVEY_COUNTRYRESPONSE_SCORE,2023,426,GDHM_CAT7_SERV_APP,GDHM_Q21b,0.0,Not Available
GDHM_SURVEY_COUNTRYRESPONSE_SCORE,2023,426,GDHM_CAT7_SERV_APP,GDHM_Q21c,0.0,Not Available
GDHM_SURVEY_COUNTRYRESPONSE_SCORE,2023,426,GDHM_CAT7_SERV_APP,GDHM_Q22,0.0,Not Available
GDHM_SURVEY_COUNTRYRESPONSE_SCORE,2023,426,GDHM_CAT7_SERV_APP,GDHM_Q23,0.0,Not Available
GDHM_SURVEY_CATEGORY_AVG,2023,426,GDHM_CAT7_SERV_APP,,1.0,Not Available
GDHM_SURVEY_COUNTRYRESPONSE_SCORE,2023,430,GDHM_CAT1_LEAD_GOV,GDHM_Q01,3.0,Phase 3
GDHM_SURVEY_COUNTRYRESPONSE_SCORE,2023,430,GDHM_CAT1_LEAD_GOV,GDHM_Q02,3.0,Phase 3
GDHM_SURVEY_COUNTRYRESPONSE_SCORE,2023,430,GDHM_CAT1_LEAD_GOV,GDHM_Q02a,1.0,Phase 1
GDHM_SURVEY_COUNTRYRESPONSE_SCORE,2023,430,GDHM_CAT1_LEAD_GOV,GDHM_Q03,1.0,Phase 1
GDHM_SURVEY_COUNTRYRESPONSE_SCORE,2023,430,GDHM_CAT1_LEAD_GOV,GDHM_Q04,2.0,Phase 2
GDHM_SURVEY_COUNTRYRESPONSE_SCORE,2023,430,GDHM_CAT1_LEAD_GOV,GDHM_Q04a,2.0,Phase 2
GDHM_SURVEY_CATEGORY_AVG,2023,430,GDHM_CAT1_LEAD_GOV,,3.0,Phase 3
GDHM_SURVEY_COUNTRYRESPONSE_SCORE,2023,430,GDHM_CAT2_STRAT_INV,GDHM_Q05,2.0,Phase 2
GDHM_SURVEY_COUNTRYRESPONSE_SCORE,2023,430,GDHM_CAT2_STRAT_INV,GDHM_Q05a,2.0,Phase 2
GDHM_SURVEY_COUNTRYRESPONSE_SCORE,2023,430,GDHM_CAT2_STRAT_INV,GDHM_Q06,1.0,Phase 1
GDHM_SURVEY_COUNTRYRESPONSE_SCORE,2023,430,GDHM_CAT2_STRAT_INV,GDHM_Q06a,2.0,Phase 2
GDHM_SURVEY_CATEGORY_AVG,2023,430,GDHM_CAT2_STRAT_INV,,2.0,Phase 2
GDHM_SURVEY_COUNTRYRESPONSE_SCORE,2023,430,GDHM_CAT3_LEG,GDHM_Q07,3.0,Phase 3
GDHM_SURVEY_COUNTRYRESPONSE_SCORE,2023,430,GDHM_CAT3_LEG,GDHM_Q08,3.0,Phase 3
GDHM_SURVEY_COUNTRYRESPONSE_SCORE,2023,430,GDHM_CAT3_LEG,GDHM_Q09,1.0,Phase 1
GDHM_SURVEY_COUNTRYRESPONSE_SCORE,2023,430,GDHM_CAT3_LEG,GDHM_Q09a,1.0,Phase 1
GDHM_SURVEY_COUNTRYRESPONSE_SCORE,2023,430,GDHM_CAT3_LEG,GDHM_Q10,2.0,Phase 2
GDHM_SURVEY_CATEGORY_AVG,2023,430,GDHM_CAT3_LEG,,3.0,Phase 3
GDHM_SURVEY_COUNTRYRESPONSE_SCORE,2023,430,GDHM_CAT4_WORKFORCE,GDHM_Q11,2.0,Phase 2
GDHM_SURVEY_COUNTRYRESPONSE_SCORE,2023,430,GDHM_CAT4_WORKFORCE,GDHM_Q12,1.0,Phase 1
GDHM_SURVEY_COUNTRYRESPONSE_SCORE,2023,430,GDHM_CAT4_WORKFORCE,GDHM_Q13,2.0,Phase 2
GDHM_SURVEY_COUNTRYRESPONSE_SCORE,2023,430,GDHM_CAT4_WORKFORCE,GDHM_Q14,3.0,Phase 3
GDHM_SURVEY_CATEGORY_AVG,2023,430,GDHM_CAT4_WORKFORCE,,2.0,Phase 2
GDHM_SURVEY_COUNTRYRESPONSE_SCORE,2023,430,GDHM_CAT5_STANDARDS,GDHM_Q15,2.0,Phase 2
GDHM_SURVEY_COUNTRYRESPONSE_SCORE,2023,430,GDHM_CAT5_STANDARDS,GDHM_Q16,2.0,Phase 2
GDHM_SURVEY_CATEGORY_AVG,2023,430,GDHM_CAT5_STANDARDS,,2.0,Phase 2
GDHM_SURVEY_COUNTRYRESPONSE_SCORE,2023,430,GDHM_CAT6_INFRASTRUCTURE,GDHM_Q17,2.0,Phase 2
GDHM_SURVEY_COUNTRYRESPONSE_SCORE,2023,430,GDHM_CAT6_INFRASTRUCTURE,GDHM_Q18,3.0,Phase 3
GDHM_SURVEY_CATEGORY_AVG,2023,430,GDHM_CAT6_INFRASTRUCTURE,,3.0,Phase 3
GDHM_SURVEY_COUNTRYRESPONSE_SCORE,2023,430,GDHM_CAT7_SERV_APP,GDHM_Q19,2.0,Phase 2
GDHM_SURVEY_COUNTRYRESPONSE_SCORE,2023,430,GDHM_CAT7_SERV_APP,GDHM_Q20,2.0,Phase 2
GDHM_SURVEY_COUNTRYRESPONSE_SCORE,2023,430,GDHM_CAT7_SERV_APP,GDHM_Q21,2.0,Phase 2
GDHM_SURVEY_COUNTRYRESPONSE_SCORE,2023,430,GDHM_CAT7_SERV_APP,GDHM_Q21a,1.0,Phase 1
GDHM_SURVEY_COUNTRYRESPONSE_SCORE,2023,430,GDHM_CAT7_SERV_APP,GDHM_Q21b,4.0,Phase 4
GDHM_SURVEY_COUNTRYRESPONSE_SCORE,2023,430,GDHM_CAT7_SERV_APP,GDHM_Q21c,4.0,Phase 4
GDHM_SURVEY_COUNTRYRESPONSE_SCORE,2023,430,GDHM_CAT7_SERV_APP,GDHM_Q22,1.0,Phase 1
GDHM_SURVEY_COUNTRYRESPONSE_SCORE,2023,430,GDHM_CAT7_SERV_APP,GDHM_Q23,3.0,Phase 3
GDHM_SURVEY_CATEGORY_AVG,2023,430,GDHM_CAT7_SERV_APP,,2.0,Phase 2
GDHM_SURVEY_COUNTRYRESPONSE_SCORE,2023,434,GDHM_CAT1_LEAD_GOV,GDHM_Q01,0.0,Not Available
GDHM_SURVEY_COUNTRYRESPONSE_SCORE,2023,434,GDHM_CAT1_LEAD_GOV,GDHM_Q02,0.0,Not Available
GDHM_SURVEY_COUNTRYRESPONSE_SCORE,2023,434,GDHM_CAT1_LEAD_GOV,GDHM_Q02a,0.0,Not Available
GDHM_SURVEY_COUNTRYRESPONSE_SCORE,2023,434,GDHM_CAT1_LEAD_GOV,GDHM_Q03,0.0,Not Available
GDHM_SURVEY_COUNTRYRESPONSE_SCORE,2023,434,GDHM_CAT1_LEAD_GOV,GDHM_Q04,0.0,Not Available
GDHM_SURVEY_COUNTRYRESPONSE_SCORE,2023,434,GDHM_CAT1_LEAD_GOV,GDHM_Q04a,0.0,Not Available
GDHM_SURVEY_CATEGORY_AVG,2023,434,GDHM_CAT1_LEAD_GOV,,1.0,Not Available
GDHM_SURVEY_COUNTRYRESPONSE_SCORE,2023,434,GDHM_CAT2_STRAT_INV,GDHM_Q05,0.0,Not Available
GDHM_SURVEY_COUNTRYRESPONSE_SCORE,2023,434,GDHM_CAT2_STRAT_INV,GDHM_Q05a,0.0,Not Available
GDHM_SURVEY_COUNTRYRESPONSE_SCORE,2023,434,GDHM_CAT2_STRAT_INV,GDHM_Q06,0.0,Not Available
GDHM_SURVEY_COUNTRYRESPONSE_SCORE,2023,434,GDHM_CAT2_STRAT_INV,GDHM_Q06a,0.0,Not Available
GDHM_SURVEY_CATEGORY_AVG,2023,434,GDHM_CAT2_STRAT_INV,,1.0,Not Available
GDHM_SURVEY_COUNTRYRESPONSE_SCORE,2023,434,GDHM_CAT3_LEG,GDHM_Q07,2.0,Phase 2
GDHM_SURVEY_COUNTRYRESPONSE_SCORE,2023,434,GDHM_CAT3_LEG,GDHM_Q08,0.0,Not Available
GDHM_SURVEY_COUNTRYRESPONSE_SCORE,2023,434,GDHM_CAT3_LEG,GDHM_Q09,0.0,Not Available
GDHM_SURVEY_COUNTRYRESPONSE_SCORE,2023,434,GDHM_CAT3_LEG,GDHM_Q09a,0.0,Not Available
GDHM_SURVEY_COUNTRYRESPONSE_SCORE,2023,434,GDHM_CAT3_LEG,GDHM_Q10,0.0,Not Available
GDHM_SURVEY_CATEGORY_AVG,2023,434,GDHM_CAT3_LEG,,2.0,Phase 2
GDHM_SURVEY_COUNTRYRESPONSE_SCORE,2023,434,GDHM_CAT4_WORKFORCE,GDHM_Q11,0.0,Not Available
GDHM_SURVEY_COUNTRYRESPONSE_SCORE,2023,434,GDHM_CAT4_WORKFORCE,GDHM_Q12,0.0,Not Available
GDHM_SURVEY_COUNTRYRESPONSE_SCORE,2023,434,GDHM_CAT4_WORKFORCE,GDHM_Q13,0.0,Not Available
GDHM_SURVEY_COUNTRYRESPONSE_SCORE,2023,434,GDHM_CAT4_WORKFORCE,GDHM_Q14,0.0,Not Available
GDHM_SURVEY_CATEGORY_AVG,2023,434,GDHM_CAT4_WORKFORCE,,1.0,Not Available
GDHM_SURVEY_COUNTRYRESPONSE_SCORE,2023,434,GDHM_CAT5_STANDARDS,GDHM_Q15,0.0,Not Available
GDHM_SURVEY_COUNTRYRESPONSE_SCORE,2023,434,GDHM_CAT5_STANDARDS,GDHM_Q16,0.0,Not Available
GDHM_SURVEY_CATEGORY_AVG,2023,434,GDHM_CAT5_STANDARDS,,1.0,Not Available
GDHM_SURVEY_COUNTRYRESPONSE_SCORE,2023,434,GDHM_CAT6_INFRASTRUCTURE,GDHM_Q17,0.0,Not Available
GDHM_SURVEY_COUNTRYRESPONSE_SCORE,2023,434,GDHM_CAT6_INFRASTRUCTURE,GDHM_Q18,3.0,Phase 3
GDHM_SURVEY_CATEGORY_AVG,2023,434,GDHM_CAT6_INFRASTRUCTURE,,3.0,Phase 3
GDHM_SURVEY_COUNTRYRESPONSE_SCORE,2023,434,GDHM_CAT7_SERV_APP,GDHM_Q19,0.0,Not Available
GDHM_SURVEY_COUNTRYRESPONSE_SCORE,2023,434,GDHM_CAT7_SERV_APP,GDHM_Q20,0.0,Not Available
GDHM_SURVEY_COUNTRYRESPONSE_SCORE,2023,434,GDHM_CAT7_SERV_APP,GDHM_Q21,0.0,Not Available
GDHM_SURVEY_COUNTRYRESPONSE_SCORE,2023,434,GDHM_CAT7_SERV_APP,GDHM_Q21a,0.0,Not Available
GDHM_SURVEY_COUNTRYRESPONSE_SCORE,2023,434,GDHM_CAT7_SERV_APP,GDHM_Q21b,0.0,Not Available
GDHM_SURVEY_COUNTRYRESPONSE_SCORE,2023,434,GDHM_CAT7_SERV_APP,GDHM_Q21c,0.0,Not Available
GDHM_SURVEY_COUNTRYRESPONSE_SCORE,2023,434,GDHM_CAT7_SERV_APP,GDHM_Q22,0.0,Not Available
GDHM_SURVEY_COUNTRYRESPONSE_SCORE,2023,434,GDHM_CAT7_SERV_APP,GDHM_Q23,0.0,Not Available
GDHM_SURVEY_CATEGORY_AVG,2023,434,GDHM_CAT7_SERV_APP,,1.0,Not Available
GDHM_SURVEY_COUNTRYRESPONSE_SCORE,2023,440,GDHM_CAT1_LEAD_GOV,GDHM_Q01,0.0,Not Available
GDHM_SURVEY_COUNTRYRESPONSE_SCORE,2023,440,GDHM_CAT1_LEAD_GOV,GDHM_Q02,0.0,Not Available
GDHM_SURVEY_COUNTRYRESPONSE_SCORE,2023,440,GDHM_CAT1_LEAD_GOV,GDHM_Q02a,0.0,Not Available
GDHM_SURVEY_COUNTRYRESPONSE_SCORE,2023,440,GDHM_CAT1_LEAD_GOV,GDHM_Q03,0.0,Not Available
GDHM_SURVEY_COUNTRYRESPONSE_SCORE,2023,440,GDHM_CAT1_LEAD_GOV,GDHM_Q04,5.0,Phase 5
GDHM_SURVEY_COUNTRYRESPONSE_SCORE,2023,440,GDHM_CAT1_LEAD_GOV,GDHM_Q04a,0.0,Not Available
GDHM_SURVEY_CATEGORY_AVG,2023,440,GDHM_CAT1_LEAD_GOV,,5.0,Phase 5
GDHM_SURVEY_COUNTRYRESPONSE_SCORE,2023,440,GDHM_CAT2_STRAT_INV,GDHM_Q05,0.0,Not Available
GDHM_SURVEY_COUNTRYRESPONSE_SCORE,2023,440,GDHM_CAT2_STRAT_INV,GDHM_Q05a,0.0,Not Available
GDHM_SURVEY_COUNTRYRESPONSE_SCORE,2023,440,GDHM_CAT2_STRAT_INV,GDHM_Q06,0.0,Not Available
GDHM_SURVEY_COUNTRYRESPONSE_SCORE,2023,440,GDHM_CAT2_STRAT_INV,GDHM_Q06a,3.0,Phase 3
GDHM_SURVEY_CATEGORY_AVG,2023,440,GDHM_CAT2_STRAT_INV,,1.0,Not Available
GDHM_SURVEY_COUNTRYRESPONSE_SCORE,2023,440,GDHM_CAT3_LEG,GDHM_Q07,5.0,Phase 5
GDHM_SURVEY_COUNTRYRESPONSE_SCORE,2023,440,GDHM_CAT3_LEG,GDHM_Q08,5.0,Phase 5
GDHM_SURVEY_COUNTRYRESPONSE_SCORE,2023,440,GDHM_CAT3_LEG,GDHM_Q09,4.0,Phase 4
GDHM_SURVEY_COUNTRYRESPONSE_SCORE,2023,440,GDHM_CAT3_LEG,GDHM_Q09a,0.0,Not Available
GDHM_SURVEY_COUNTRYRESPONSE_SCORE,2023,440,GDHM_CAT3_LEG,GDHM_Q10,0.0,Not Available
GDHM_SURVEY_CATEGORY_AVG,2023,440,GDHM_CAT3_LEG,,5.0,Phase 5
GDHM_SURVEY_COUNTRYRESPONSE_SCORE,2023,440,GDHM_CAT4_WORKFORCE,GDHM_Q11,0.0,Not Available
GDHM_SURVEY_COUNTRYRESPONSE_SCORE,2023,440,GDHM_CAT4_WORKFORCE,GDHM_Q12,0.0,Not Available
GDHM_SURVEY_COUNTRYRESPONSE_SCORE,2023,440,GDHM_CAT4_WORKFORCE,GDHM_Q13,0.0,Not Available
GDHM_SURVEY_COUNTRYRESPONSE_SCORE,2023,440,GDHM_CAT4_WORKFORCE,GDHM_Q14,0.0,Not Available
GDHM_SURVEY_CATEGORY_AVG,2023,440,GDHM_CAT4_WORKFORCE,,1.0,Not Available
GDHM_SURVEY_COUNTRYRESPONSE_SCORE,2023,440,GDHM_CAT5_STANDARDS,GDHM_Q15,0.0,Not Available
GDHM_SURVEY_COUNTRYRESPONSE_SCORE,2023,440,GDHM_CAT5_STANDARDS,GDHM_Q16,0.0,Not Available
GDHM_SURVEY_CATEGORY_AVG,2023,440,GDHM_CAT5_STANDARDS,,1.0,Not Available
GDHM_SURVEY_COUNTRYRESPONSE_SCORE,2023,440,GDHM_CAT6_INFRASTRUCTURE,GDHM_Q17,3.0,Phase 3
GDHM_SURVEY_COUNTRYRESPONSE_SCORE,2023,440,GDHM_CAT6_INFRASTRUCTURE,GDHM_Q18,5.0,Phase 5
GDHM_SURVEY_CATEGORY_AVG,2023,440,GDHM_CAT6_INFRASTRUCTURE,,4.0,Phase 4
GDHM_SURVEY_COUNTRYRESPONSE_SCORE,2023,440,GDHM_CAT7_SERV_APP,GDHM_Q19,0.0,Not Available
GDHM_SURVEY_COUNTRYRESPONSE_SCORE,2023,440,GDHM_CAT7_SERV_APP,GDHM_Q20,0.0,Not Available
GDHM_SURVEY_COUNTRYRESPONSE_SCORE,2023,440,GDHM_CAT7_SERV_APP,GDHM_Q21,0.0,Not Available
GDHM_SURVEY_COUNTRYRESPONSE_SCORE,2023,440,GDHM_CAT7_SERV_APP,GDHM_Q21a,0.0,Not Available
GDHM_SURVEY_COUNTRYRESPONSE_SCORE,2023,440,GDHM_CAT7_SERV_APP,GDHM_Q21b,0.0,Not Available
GDHM_SURVEY_COUNTRYRESPONSE_SCORE,2023,440,GDHM_CAT7_SERV_APP,GDHM_Q21c,0.0,Not Available
GDHM_SURVEY_COUNTRYRESPONSE_SCORE,2023,440,GDHM_CAT7_SERV_APP,GDHM_Q22,0.0,Not Available
GDHM_SURVEY_COUNTRYRESPONSE_SCORE,2023,440,GDHM_CAT7_SERV_APP,GDHM_Q23,0.0,Not Available
GDHM_SURVEY_CATEGORY_AVG,2023,440,GDHM_CAT7_SERV_APP,,1.0,Not Available
GDHM_SURVEY_COUNTRYRESPONSE_SCORE,2023,442,GDHM_CAT1_LEAD_GOV,GDHM_Q01,0.0,Not Available
GDHM_SURVEY_COUNTRYRESPONSE_SCORE,2023,442,GDHM_CAT1_LEAD_GOV,GDHM_Q02,0.0,Not Available
GDHM_SURVEY_COUNTRYRESPONSE_SCORE,2023,442,GDHM_CAT1_LEAD_GOV,GDHM_Q02a,0.0,Not Available
GDHM_SURVEY_COUNTRYRESPONSE_SCORE,2023,442,GDHM_CAT1_LEAD_GOV,GDHM_Q03,0.0,Not Available
GDHM_SURVEY_COUNTRYRESPONSE_SCORE,2023,442,GDHM_CAT1_LEAD_GOV,GDHM_Q04,5.0,Phase 5
GDHM_SURVEY_COUNTRYRESPONSE_SCORE,2023,442,GDHM_CAT1_LEAD_GOV,GDHM_Q04a,0.0,Not Available
GDHM_SURVEY_CATEGORY_AVG,2023,442,GDHM_CAT1_LEAD_GOV,,5.0,Phase 5
GDHM_SURVEY_COUNTRYRESPONSE_SCORE,2023,442,GDHM_CAT2_STRAT_INV,GDHM_Q05,0.0,Not Available
GDHM_SURVEY_COUNTRYRESPONSE_SCORE,2023,442,GDHM_CAT2_STRAT_INV,GDHM_Q05a,0.0,Not Available
GDHM_SURVEY_COUNTRYRESPONSE_SCORE,2023,442,GDHM_CAT2_STRAT_INV,GDHM_Q06,0.0,Not Available
GDHM_SURVEY_COUNTRYRESPONSE_SCORE,2023,442,GDHM_CAT2_STRAT_INV,GDHM_Q06a,4.0,Phase 4
GDHM_SURVEY_CATEGORY_AVG,2023,442,GDHM_CAT2_STRAT_INV,,1.0,Not Available
GDHM_SURVEY_COUNTRYRESPONSE_SCORE,2023,442,GDHM_CAT3_LEG,GDHM_Q07,5.0,Phase 5
GDHM_SURVEY_COUNTRYRESPONSE_SCORE,2023,442,GDHM_CAT3_LEG,GDHM_Q08,5.0,Phase 5
GDHM_SURVEY_COUNTRYRESPONSE_SCORE,2023,442,GDHM_CAT3_LEG,GDHM_Q09,5.0,Phase 5
GDHM_SURVEY_COUNTRYRESPONSE_SCORE,2023,442,GDHM_CAT3_LEG,GDHM_Q09a,0.0,Not Available
GDHM_SURVEY_COUNTRYRESPONSE_SCORE,2023,442,GDHM_CAT3_LEG,GDHM_Q10,0.0,Not Available
GDHM_SURVEY_CATEGORY_AVG,2023,442,GDHM_CAT3_LEG,,5.0,Phase 5
GDHM_SURVEY_COUNTRYRESPONSE_SCORE,2023,442,GDHM_CAT4_WORKFORCE,GDHM_Q11,0.0,Not Available
GDHM_SURVEY_COUNTRYRESPONSE_SCORE,2023,442,GDHM_CAT4_WORKFORCE,GDHM_Q12,0.0,Not Available
GDHM_SURVEY_COUNTRYRESPONSE_SCORE,2023,442,GDHM_CAT4_WORKFORCE,GDHM_Q13,0.0,Not Available
GDHM_SURVEY_COUNTRYRESPONSE_SCORE,2023,442,GDHM_CAT4_WORKFORCE,GDHM_Q14,0.0,Not Available
GDHM_SURVEY_CATEGORY_AVG,2023,442,GDHM_CAT4_WORKFORCE,,1.0,Not Available
GDHM_SURVEY_COUNTRYRESPONSE_SCORE,2023,442,GDHM_CAT5_STANDARDS,GDHM_Q15,0.0,Not Available
GDHM_SURVEY_COUNTRYRESPONSE_SCORE,2023,442,GDHM_CAT5_STANDARDS,GDHM_Q16,0.0,Not Available
GDHM_SURVEY_CATEGORY_AVG,2023,442,GDHM_CAT5_STANDARDS,,1.0,Not Available
GDHM_SURVEY_COUNTRYRESPONSE_SCORE,2023,442,GDHM_CAT6_INFRASTRUCTURE,GDHM_Q17,4.0,Phase 4
GDHM_SURVEY_COUNTRYRESPONSE_SCORE,2023,442,GDHM_CAT6_INFRASTRUCTURE,GDHM_Q18,5.0,Phase 5
GDHM_SURVEY_CATEGORY_AVG,2023,442,GDHM_CAT6_INFRASTRUCTURE,,5.0,Phase 5
GDHM_SURVEY_COUNTRYRESPONSE_SCORE,2023,442,GDHM_CAT7_SERV_APP,GDHM_Q19,0.0,Not Available
GDHM_SURVEY_COUNTRYRESPONSE_SCORE,2023,442,GDHM_CAT7_SERV_APP,GDHM_Q20,0.0,Not Available
GDHM_SURVEY_COUNTRYRESPONSE_SCORE,2023,442,GDHM_CAT7_SERV_APP,GDHM_Q21,0.0,Not Available
GDHM_SURVEY_COUNTRYRESPONSE_SCORE,2023,591,GDHM_CAT1_LEAD_GOV,GDHM_Q04,3.0,Phase 3
GDHM_SURVEY_COUNTRYRESPONSE_SCORE,2023,591,GDHM_CAT1_LEAD_GOV,GDHM_Q04a,0.0,Not Available
GDHM_SURVEY_CATEGORY_AVG,2023,591,GDHM_CAT1_LEAD_GOV,,3.0,Phase 3
GDHM_SURVEY_COUNTRYRESPONSE_SCORE,2023,591,GDHM_CAT2_STRAT_INV,GDHM_Q05,0.0,Not Available
GDHM_SURVEY_COUNTRYRESPONSE_SCORE,2023,591,GDHM_CAT2_STRAT_INV,GDHM_Q05a,0.0,Not Available
GDHM_SURVEY_COUNTRYRESPONSE_SCORE,2023,591,GDHM_CAT2_STRAT_INV,GDHM_Q06,0.0,Not Available
GDHM_SURVEY_COUNTRYRESPONSE_SCORE,2023,591,GDHM_CAT2_STRAT_INV,GDHM_Q06a,2.0,Phase 2
GDHM_SURVEY_CATEGORY_AVG,2023,591,GDHM_CAT2_STRAT_INV,,1.0,Not Available
GDHM_SURVEY_COUNTRYRESPONSE_SCORE,2023,591,GDHM_CAT3_LEG,GDHM_Q07,2.0,Phase 2
GDHM_SURVEY_COUNTRYRESPONSE_SCORE,2023,591,GDHM_CAT3_LEG,GDHM_Q08,4.0,Phase 4
GDHM_SURVEY_COUNTRYRESPONSE_SCORE,2023,591,GDHM_CAT3_LEG,GDHM_Q09,3.0,Phase 3
GDHM_SURVEY_COUNTRYRESPONSE_SCORE,2023,591,GDHM_CAT3_LEG,GDHM_Q09a,0.0,Not Available
GDHM_SURVEY_COUNTRYRESPONSE_SCORE,2023,591,GDHM_CAT3_LEG,GDHM_Q10,0.0,Not Available
GDHM_SURVEY_CATEGORY_AVG,2023,591,GDHM_CAT3_LEG,,3.0,Phase 3
GDHM_SURVEY_COUNTRYRESPONSE_SCORE,2023,591,GDHM_CAT4_WORKFORCE,GDHM_Q11,0.0,Not Available
GDHM_SURVEY_COUNTRYRESPONSE_SCORE,2023,591,GDHM_CAT4_WORKFORCE,GDHM_Q12,0.0,Not Available
GDHM_SURVEY_COUNTRYRESPONSE_SCORE,2023,591,GDHM_CAT4_WORKFORCE,GDHM_Q13,0.0,Not Available
GDHM_SURVEY_COUNTRYRESPONSE_SCORE,2023,591,GDHM_CAT4_WORKFORCE,GDHM_Q14,0.0,Not Available
GDHM_SURVEY_CATEGORY_AVG,2023,591,GDHM_CAT4_WORKFORCE,,1.0,Not Available
GDHM_SURVEY_COUNTRYRESPONSE_SCORE,2023,591,GDHM_CAT5_STANDARDS,GDHM_Q15,0.0,Not Available
GDHM_SURVEY_COUNTRYRESPONSE_SCORE,2023,591,GDHM_CAT5_STANDARDS,GDHM_Q16,0.0,Not Available
GDHM_SURVEY_CATEGORY_AVG,2023,591,GDHM_CAT5_STANDARDS,,1.0,Not Available
GDHM_SURVEY_COUNTRYRESPONSE_SCORE,2023,591,GDHM_CAT6_INFRASTRUCTURE,GDHM_Q17,3.0,Phase 3
GDHM_SURVEY_COUNTRYRESPONSE_SCORE,2023,591,GDHM_CAT6_INFRASTRUCTURE,GDHM_Q18,4.0,Phase 4
GDHM_SURVEY_CATEGORY_AVG,2023,591,GDHM_CAT6_INFRASTRUCTURE,,4.0,Phase 4
GDHM_SURVEY_COUNTRYRESPONSE_SCORE,2023,591,GDHM_CAT7_SERV_APP,GDHM_Q19,0.0,Not Available
GDHM_SURVEY_COUNTRYRESPONSE_SCORE,2023,591,GDHM_CAT7_SERV_APP,GDHM_Q20,0.0,Not Available
GDHM_SURVEY_COUNTRYRESPONSE_SCORE,2023,591,GDHM_CAT7_SERV_APP,GDHM_Q21,0.0,Not Available
GDHM_SURVEY_COUNTRYRESPONSE_SCORE,2023,591,GDHM_CAT7_SERV_APP,GDHM_Q21a,0.0,Not Available
GDHM_SURVEY_COUNTRYRESPONSE_SCORE,2023,591,GDHM_CAT7_SERV_APP,GDHM_Q21b,0.0,Not Available
GDHM_SURVEY_COUNTRYRESPONSE_SCORE,2023,591,GDHM_CAT7_SERV_APP,GDHM_Q21c,0.0,Not Available
GDHM_SURVEY_COUNTRYRESPONSE_SCORE,2023,591,GDHM_CAT7_SERV_APP,GDHM_Q22,0.0,Not Available
GDHM_SURVEY_COUNTRYRESPONSE_SCORE,2023,591,GDHM_CAT7_SERV_APP,GDHM_Q23,0.0,Not Available
GDHM_SURVEY_CATEGORY_AVG,2023,591,GDHM_CAT7_SERV_APP,,1.0,Not Available
GDHM_SURVEY_COUNTRYRESPONSE_SCORE,2023,598,GDHM_CAT1_LEAD_GOV,GDHM_Q01,2.0,Phase 2
GDHM_SURVEY_COUNTRYRESPONSE_SCORE,2023,598,GDHM_CAT1_LEAD_GOV,GDHM_Q02,4.0,Phase 4
GDHM_SURVEY_COUNTRYRESPONSE_SCORE,2023,598,GDHM_CAT1_LEAD_GOV,GDHM_Q02a,0.0,Not Available
GDHM_SURVEY_COUNTRYRESPONSE_SCORE,2023,598,GDHM_CAT1_LEAD_GOV,GDHM_Q03,0.0,Not Available
GDHM_SURVEY_COUNTRYRESPONSE_SCORE,2023,598,GDHM_CAT1_LEAD_GOV,GDHM_Q04,0.0,Not Available
GDHM_SURVEY_COUNTRYRESPONSE_SCORE,2023,598,GDHM_CAT1_LEAD_GOV,GDHM_Q04a,0.0,Not Available
GDHM_SURVEY_CATEGORY_AVG,2023,598,GDHM_CAT1_LEAD_GOV,,3.0,Phase 3
GDHM_SURVEY_COUNTRYRESPONSE_SCORE,2023,598,GDHM_CAT2_STRAT_INV,GDHM_Q05,1.0,Phase 1
GDHM_SURVEY_COUNTRYRESPONSE_SCORE,2023,598,GDHM_CAT2_STRAT_INV,GDHM_Q05a,0.0,Not Available
GDHM_SURVEY_COUNTRYRESPONSE_SCORE,2023,598,GDHM_CAT2_STRAT_INV,GDHM_Q06,1.0,Phase 1
GDHM_SURVEY_COUNTRYRESPONSE_SCORE,2023,598,GDHM_CAT2_STRAT_INV,GDHM_Q06a,0.0,Not Available
GDHM_SURVEY_CATEGORY_AVG,2023,598,GDHM_CAT2_STRAT_INV,,1.0,Phase 1
GDHM_SURVEY_COUNTRYRESPONSE_SCORE,2023,598,GDHM_CAT3_LEG,GDHM_Q07,3.0,Phase 3
GDHM_SURVEY_COUNTRYRESPONSE_SCORE,2023,598,GDHM_CAT3_LEG,GDHM_Q08,1.0,Phase 1
GDHM_SURVEY_COUNTRYRESPONSE_SCORE,2023,598,GDHM_CAT3_LEG,GDHM_Q09,1.0,Phase 1
GDHM_SURVEY_COUNTRYRESPONSE_SCORE,2023,598,GDHM_CAT3_LEG,GDHM_Q09a,0.0,Not Available
GDHM_SURVEY_COUNTRYRESPONSE_SCORE,2023,598,GDHM_CAT3_LEG,GDHM_Q10,1.0,Phase 1
GDHM_SURVEY_CATEGORY_AVG,2023,598,GDHM_CAT3_LEG,,2.0,Phase 2
GDHM_SURVEY_COUNTRYRESPONSE_SCORE,2023,598,GDHM_CAT4_WORKFORCE,GDHM_Q11,1.0,Phase 1
GDHM_SURVEY_COUNTRYRESPONSE_SCORE,2023,598,GDHM_CAT4_WORKFORCE,GDHM_Q12,1.0,Phase 1
GDHM_SURVEY_COUNTRYRESPONSE_SCORE,2023,598,GDHM_CAT4_WORKFORCE,GDHM_Q13,1.0,Phase 1
GDHM_SURVEY_COUNTRYRESPONSE_SCORE,2023,598,GDHM_CAT4_WORKFORCE,GDHM_Q14,1.0,Phase 1
GDHM_SURVEY_CATEGORY_AVG,2023,598,GDHM_CAT4_WORKFORCE,,1.0,Phase 1
GDHM_SURVEY_COUNTRYRESPONSE_SCORE,2023,598,GDHM_CAT5_STANDARDS,GDHM_Q15,1.0,Phase 1
GDHM_SURVEY_COUNTRYRESPONSE_SCORE,2023,598,GDHM_CAT5_STANDARDS,GDHM_Q16,1.0,Phase 1
GDHM_SURVEY_CATEGORY_AVG,2023,598,GDHM_CAT5_STANDARDS,,1.0,Phase 1
GDHM_SURVEY_COUNTRYRESPONSE_SCORE,2023,598,GDHM_CAT6_INFRASTRUCTURE,GDHM_Q17,0.0,Not Available
GDHM_SURVEY_COUNTRYRESPONSE_SCORE,2023,598,GDHM_CAT6_INFRASTRUCTURE,GDHM_Q18,2.0,Phase 2
GDHM_SURVEY_CATEGORY_AVG,2023,598,GDHM_CAT6_INFRASTRUCTURE,,2.0,Phase 2
GDHM_SURVEY_COUNTRYRESPONSE_SCORE,2023,598,GDHM_CAT7_SERV_APP,GDHM_Q19,2.0,Phase 2
GDHM_SURVEY_COUNTRYRESPONSE_SCORE,2023,598,GDHM_CAT7_SERV_APP,GDHM_Q20,3.0,Phase 3
GDHM_SURVEY_COUNTRYRESPONSE_SCORE,2023,598,GDHM_CAT7_SERV_APP,GDHM_Q21,2.0,Phase 2
GDHM_SURVEY_COUNTRYRESPONSE_SCORE,2023,598,GDHM_CAT7_SERV_APP,GDHM_Q21a,1.0,Phase 1
GDHM_SURVEY_COUNTRYRESPONSE_SCORE,2023,598,GDHM_CAT7_SERV_APP,GDHM_Q21b,3.0,Phase 3
GDHM_SURVEY_COUNTRYRESPONSE_SCORE,2023,598,GDHM_CAT7_SERV_APP,GDHM_Q21c,3.0,Phase 3
GDHM_SURVEY_COUNTRYRESPONSE_SCORE,2023,598,GDHM_CAT7_SERV_APP,GDHM_Q22,0.0,Not Available
GDHM_SURVEY_COUNTRYRESPONSE_SCORE,2023,598,GDHM_CAT7_SERV_APP,GDHM_Q23,0.0,Not Available
GDHM_SURVEY_CATEGORY_AVG,2023,598,GDHM_CAT7_SERV_APP,,3.0,Phase 3
GDHM_SURVEY_COUNTRYRESPONSE_SCORE,2023,600,GDHM_CAT1_LEAD_GOV,GDHM_Q01,0.0,Not Available
GDHM_SURVEY_COUNTRYRESPONSE_SCORE,2023,600,GDHM_CAT1_LEAD_GOV,GDHM_Q02,0.0,Not Available
GDHM_SURVEY_COUNTRYRESPONSE_SCORE,2023,600,GDHM_CAT1_LEAD_GOV,GDHM_Q02a,0.0,Not Available
GDHM_SURVEY_COUNTRYRESPONSE_SCORE,2023,600,GDHM_CAT1_LEAD_GOV,GDHM_Q03,0.0,Not Available
GDHM_SURVEY_COUNTRYRESPONSE_SCORE,2023,600,GDHM_CAT1_LEAD_GOV,GDHM_Q04,4.0,Phase 4
GDHM_SURVEY_COUNTRYRESPONSE_SCORE,2023,600,GDHM_CAT1_LEAD_GOV,GDHM_Q04a,0.0,Not Available
GDHM_SURVEY_CATEGORY_AVG,2023,600,GDHM_CAT1_LEAD_GOV,,4.0,Phase 4
GDHM_SURVEY_COUNTRYRESPONSE_SCORE,2023,600,GDHM_CAT2_STRAT_INV,GDHM_Q05,0.0,Not Available
GDHM_SURVEY_COUNTRYRESPONSE_SCORE,2023,600,GDHM_CAT2_STRAT_INV,GDHM_Q05a,0.0,Not Available
GDHM_SURVEY_COUNTRYRESPONSE_SCORE,2023,600,GDHM_CAT2_STRAT_INV,GDHM_Q06,0.0,Not Available
GDHM_SURVEY_COUNTRYRESPONSE_SCORE,2023,600,GDHM_CAT2_STRAT_INV,GDHM_Q06a,2.0,Phase 2
GDHM_SURVEY_CATEGORY_AVG,2023,600,GDHM_CAT2_STRAT_INV,,1.0,Not Available
GDHM_SURVEY_COUNTRYRESPONSE_SCORE,2023,600,GDHM_CAT3_LEG,GDHM_Q07,3.0,Phase 3
GDHM_SURVEY_COUNTRYRESPONSE_SCORE,2023,600,GDHM_CAT3_LEG,GDHM_Q08,4.0,Phase 4
GDHM_SURVEY_COUNTRYRESPONSE_SCORE,2023,600,GDHM_CAT3_LEG,GDHM_Q09,1.0,Phase 1
GDHM_SURVEY_COUNTRYRESPONSE_SCORE,2023,600,GDHM_CAT3_LEG,GDHM_Q09a,0.0,Not Available
GDHM_SURVEY_COUNTRYRESPONSE_SCORE,2023,600,GDHM_CAT3_LEG,GDHM_Q10,0.0,Not Available
GDHM_SURVEY_CATEGORY_AVG,2023,600,GDHM_CAT3_LEG,,3.0,Phase 3
GDHM_SURVEY_COUNTRYRESPONSE_SCORE,2023,600,GDHM_CAT4_WORKFORCE,GDHM_Q11,0.0,Not Available
GDHM_SURVEY_COUNTRYRESPONSE_SCORE,2023,600,GDHM_CAT4_WORKFORCE,GDHM_Q12,0.0,Not Available
GDHM_SURVEY_COUNTRYRESPONSE_SCORE,2023,600,GDHM_CAT4_WORKFORCE,GDHM_Q13,0.0,Not Available
GDHM_SURVEY_COUNTRYRESPONSE_SCORE,2023,600,GDHM_CAT4_WORKFORCE,GDHM_Q14,0.0,Not Available
GDHM_SURVEY_CATEGORY_AVG,2023,600,GDHM_CAT4_WORKFORCE,,1.0,Not Available
GDHM_SURVEY_COUNTRYRESPONSE_SCORE,2023,600,GDHM_CAT5_STANDARDS,GDHM_Q15,0.0,Not Available
GDHM_SURVEY_COUNTRYRESPONSE_SCORE,2023,600,GDHM_CAT5_STANDARDS,GDHM_Q16,0.0,Not Available
GDHM_SURVEY_CATEGORY_AVG,2023,600,GDHM_CAT5_STANDARDS,,1.0,Not Available
GDHM_SURVEY_COUNTRYRESPONSE_SCORE,2023,600,GDHM_CAT6_INFRASTRUCTURE,GDHM_Q17,2.0,Phase 2
GDHM_SURVEY_COUNTRYRESPONSE_SCORE,2023,600,GDHM_CAT6_INFRASTRUCTURE,GDHM_Q18,4.0,Phase 4
GDHM_SURVEY_CATEGORY_AVG,2023,600,GDHM_CAT6_INFRASTRUCTURE,,3.0,Phase 3
GDHM_SURVEY_COUNTRYRESPONSE_SCORE,2023,600,GDHM_CAT7_SERV_APP,GDHM_Q19,0.0,Not Available
GDHM_SURVEY_COUNTRYRESPONSE_SCORE,2023,600,GDHM_CAT7_SERV_APP,GDHM_Q20,0.0,Not Available
GDHM_SURVEY_COUNTRYRESPONSE_SCORE,2023,600,GDHM_CAT7_SERV_APP,GDHM_Q21,0.0,Not Available
GDHM_SURVEY_COUNTRYRESPONSE_SCORE,2023,600,GDHM_CAT7_SERV_APP,GDHM_Q21a,0.0,Not Available
GDHM_SURVEY_COUNTRYRESPONSE_SCORE,2023,600,GDHM_CAT7_SERV_APP,GDHM_Q21b,0.0,Not Available
GDHM_SURVEY_COUNTRYRESPONSE_SCORE,2023,600,GDHM_CAT7_SERV_APP,GDHM_Q21c,0.0,Not Available
GDHM_SURVEY_COUNTRYRESPONSE_SCORE,2023,600,GDHM_CAT7_SERV_APP,GDHM_Q22,0.0,Not Available
GDHM_SURVEY_COUNTRYRESPONSE_SCORE,2023,600,GDHM_CAT7_SERV_APP,GDHM_Q23,0.0,Not Available
GDHM_SURVEY_CATEGORY_AVG,2023,600,GDHM_CAT7_SERV_APP,,1.0,Not Available
GDHM_SURVEY_COUNTRYRESPONSE_SCORE,2023,604,GDHM_CAT1_LEAD_GOV,GDHM_Q01,0.0,Not Available
GDHM_SURVEY_COUNTRYRESPONSE_SCORE,2023,604,GDHM_CAT1_LEAD_GOV,GDHM_Q02,0.0,Not Available
GDHM_SURVEY_COUNTRYRESPONSE_SCORE,2023,604,GDHM_CAT1_LEAD_GOV,GDHM_Q02a,0.0,Not Available
GDHM_SURVEY_COUNTRYRESPONSE_SCORE,2023,604,GDHM_CAT1_LEAD_GOV,GDHM_Q03,0.0,Not Available
GDHM_SURVEY_COUNTRYRESPONSE_SCORE,2023,604,GDHM_CAT1_LEAD_GOV,GDHM_Q04,3.0,Phase 3
GDHM_SURVEY_COUNTRYRESPONSE_SCORE,2023,604,GDHM_CAT1_LEAD_GOV,GDHM_Q04a,0.0,Not Available
GDHM_SURVEY_CATEGORY_AVG,2023,604,GDHM_CAT1_LEAD_GOV,,3.0,Phase 3
GDHM_SURVEY_COUNTRYRESPONSE_SCORE,2023,604,GDHM_CAT2_STRAT_INV,GDHM_Q05,0.0,Not Available
GDHM_SURVEY_COUNTRYRESPONSE_SCORE,2023,604,GDHM_CAT2_STRAT_INV,GDHM_Q05a,0.0,Not Available
GDHM_SURVEY_COUNTRYRESPONSE_SCORE,2023,604,GDHM_CAT2_STRAT_INV,GDHM_Q06,0.0,Not Available
GDHM_SURVEY_COUNTRYRESPONSE_SCORE,2023,604,GDHM_CAT2_STRAT_INV,GDHM_Q06a,3.0,Phase 3
GDHM_SURVEY_CATEGORY_AVG,2023,604,GDHM_CAT2_STRAT_INV,,1.0,Not Available
GDHM_SURVEY_COUNTRYRESPONSE_SCORE,2023,604,GDHM_CAT3_LEG,GDHM_Q07,3.0,Phase 3
GDHM_SURVEY_COUNTRYRESPONSE_SCORE,2023,604,GDHM_CAT3_LEG,GDHM_Q08,3.0,Phase 3
GDHM_SURVEY_COUNTRYRESPONSE_SCORE,2023,604,GDHM_CAT3_LEG,GDHM_Q09,2.0,Phase 2
GDHM_SURVEY_COUNTRYRESPONSE_SCORE,2023,604,GDHM_CAT3_LEG,GDHM_Q09a,0.0,Not Available
GDHM_SURVEY_COUNTRYRESPONSE_SCORE,2023,604,GDHM_CAT3_LEG,GDHM_Q10,0.0,Not Available
GDHM_SURVEY_CATEGORY_AVG,2023,604,GDHM_CAT3_LEG,,3.0,Phase 3
GDHM_SURVEY_COUNTRYRESPONSE_SCORE,2023,604,GDHM_CAT4_WORKFORCE,GDHM_Q11,0.0,Not Available
GDHM_SURVEY_COUNTRYRESPONSE_SCORE,2023,604,GDHM_CAT4_WORKFORCE,GDHM_Q12,0.0,Not Available
GDHM_SURVEY_COUNTRYRESPONSE_SCORE,2023,604,GDHM_CAT4_WORKFORCE,GDHM_Q13,0.0,Not Available
GDHM_SURVEY_COUNTRYRESPONSE_SCORE,2023,604,GDHM_CAT4_WORKFORCE,GDHM_Q14,0.0,Not Available
GDHM_SURVEY_CATEGORY_AVG,2023,604,GDHM_CAT4_WORKFORCE,,1.0,Not Available
GDHM_SURVEY_COUNTRYRESPONSE_SCORE,2023,604,GDHM_CAT5_STANDARDS,GDHM_Q15,0.0,Not Available
GDHM_SURVEY_COUNTRYRESPONSE_SCORE,2023,604,GDHM_CAT5_STANDARDS,GDHM_Q16,0.0,Not Available
GDHM_SURVEY_CATEGORY_AVG,2023,604,GDHM_CAT5_STANDARDS,,1.0,Not Available
GDHM_SURVEY_COUNTRYRESPONSE_SCORE,2023,604,GDHM_CAT6_INFRASTRUCTURE,GDHM_Q17,2.0,Phase 2
GDHM_SURVEY_COUNTRYRESPONSE_SCORE,2023,604,GDHM_CAT6_INFRASTRUCTURE,GDHM_Q18,4.0,Phase 4
GDHM_SURVEY_CATEGORY_AVG,2023,604,GDHM_CAT6_INFRASTRUCTURE,,3.0,Phase 3
GDHM_SURVEY_COUNTRYRESPONSE_SCORE,2023,604,GDHM_CAT7_SERV_APP,GDHM_Q19,0.0,Not Available
GDHM_SURVEY_COUNTRYRESPONSE_SCORE,2023,604,GDHM_CAT7_SERV_APP,GDHM_Q20,0.0,Not Available
GDHM_SURVEY_COUNTRYRESPONSE_SCORE,2023,604,GDHM_CAT7_SERV_APP,GDHM_Q21,0.0,Not Available
GDHM_SURVEY_COUNTRYRESPONSE_SCORE,2023,604,GDHM_CAT7_SERV_APP,GDHM_Q21a,0.0,Not Available
GDHM_SURVEY_COUNTRYRESPONSE_SCORE,2023,604,GDHM_CAT7_SERV_APP,GDHM_Q21b,0.0,Not Available
GDHM_SURVEY_COUNTRYRESPONSE_SCORE,2023,604,GDHM_CAT7_SERV_APP,GDHM_Q21c,0.0,Not Available
GDHM_SURVEY_COUNTRYRESPONSE_SCORE,2023,604,GDHM_CAT7_SERV_APP,GDHM_Q22,0.0,Not Available
GDHM_SURVEY_COUNTRYRESPONSE_SCORE,2023,604,GDHM_CAT7_SERV_APP,GDHM_Q23,0.0,Not Available
GDHM_SURVEY_CATEGORY_AVG,2023,604,GDHM_CAT7_SERV_APP,,1.0,Not Available
GDHM_SURVEY_COUNTRYRESPONSE_SCORE,2023,608,GDHM_CAT1_LEAD_GOV,GDHM_Q01,2.0,Phase 2
GDHM_SURVEY_COUNTRYRESPONSE_SCORE,2023,608,GDHM_CAT1_LEAD_GOV,GDHM_Q02,2.0,Phase 2
GDHM_SURVEY_COUNTRYRESPONSE_SCORE,2023,608,GDHM_CAT1_LEAD_GOV,GDHM_Q02a,1.0,Phase 1
GDHM_SURVEY_COUNTRYRESPONSE_SCORE,2023,608,GDHM_CAT1_LEAD_GOV,GDHM_Q03,1.0,Phase 1
GDHM_SURVEY_COUNTRYRESPONSE_SCORE,2023,608,GDHM_CAT1_LEAD_GOV,GDHM_Q04,2.0,Phase 2
GDHM_SURVEY_COUNTRYRESPONSE_SCORE,2023,608,GDHM_CAT1_LEAD_GOV,GDHM_Q04a,1.0,Phase 1
GDHM_SURVEY_CATEGORY_AVG,2023,608,GDHM_CAT1_LEAD_GOV,,2.0,Phase 2
GDHM_SURVEY_COUNTRYRESPONSE_SCORE,2023,608,GDHM_CAT2_STRAT_INV,GDHM_Q05,3.0,Phase 3
GDHM_SURVEY_COUNTRYRESPONSE_SCORE,2023,608,GDHM_CAT2_STRAT_INV,GDHM_Q05a,3.0,Phase 3
GDHM_SURVEY_COUNTRYRESPONSE_SCORE,2023,608,GDHM_CAT2_STRAT_INV,GDHM_Q06,5.0,Phase 5
GDHM_SURVEY_COUNTRYRESPONSE_SCORE,2023,608,GDHM_CAT2_STRAT_INV,GDHM_Q06a,2.0,Phase 2
GDHM_SURVEY_CATEGORY_AVG,2023,608,GDHM_CAT2_STRAT_INV,,4.0,Phase 4
GDHM_SURVEY_COUNTRYRESPONSE_SCORE,2023,724,GDHM_CAT3_LEG,GDHM_Q09,4.0,Phase 4
GDHM_SURVEY_COUNTRYRESPONSE_SCORE,2023,724,GDHM_CAT3_LEG,GDHM_Q09a,0.0,Not Available
GDHM_SURVEY_COUNTRYRESPONSE_SCORE,2023,724,GDHM_CAT3_LEG,GDHM_Q10,0.0,Not Available
GDHM_SURVEY_CATEGORY_AVG,2023,724,GDHM_CAT3_LEG,,5.0,Phase 5
GDHM_SURVEY_COUNTRYRESPONSE_SCORE,2023,724,GDHM_CAT4_WORKFORCE,GDHM_Q11,0.0,Not Available
GDHM_SURVEY_COUNTRYRESPONSE_SCORE,2023,724,GDHM_CAT4_WORKFORCE,GDHM_Q12,0.0,Not Available
GDHM_SURVEY_COUNTRYRESPONSE_SCORE,2023,724,GDHM_CAT4_WORKFORCE,GDHM_Q13,0.0,Not Available
GDHM_SURVEY_COUNTRYRESPONSE_SCORE,2023,724,GDHM_CAT4_WORKFORCE,GDHM_Q14,0.0,Not Available
GDHM_SURVEY_CATEGORY_AVG,2023,724,GDHM_CAT4_WORKFORCE,,1.0,Not Available
GDHM_SURVEY_COUNTRYRESPONSE_SCORE,2023,724,GDHM_CAT5_STANDARDS,GDHM_Q15,0.0,Not Available
GDHM_SURVEY_COUNTRYRESPONSE_SCORE,2023,724,GDHM_CAT5_STANDARDS,GDHM_Q16,0.0,Not Available
GDHM_SURVEY_CATEGORY_AVG,2023,724,GDHM_CAT5_STANDARDS,,1.0,Not Available
GDHM_SURVEY_COUNTRYRESPONSE_SCORE,2023,724,GDHM_CAT6_INFRASTRUCTURE,GDHM_Q17,3.0,Phase 3
GDHM_SURVEY_COUNTRYRESPONSE_SCORE,2023,724,GDHM_CAT6_INFRASTRUCTURE,GDHM_Q18,5.0,Phase 5
GDHM_SURVEY_CATEGORY_AVG,2023,724,GDHM_CAT6_INFRASTRUCTURE,,4.0,Phase 4
GDHM_SURVEY_COUNTRYRESPONSE_SCORE,2023,724,GDHM_CAT7_SERV_APP,GDHM_Q19,0.0,Not Available
GDHM_SURVEY_COUNTRYRESPONSE_SCORE,2023,724,GDHM_CAT7_SERV_APP,GDHM_Q20,0.0,Not Available
GDHM_SURVEY_COUNTRYRESPONSE_SCORE,2023,724,GDHM_CAT7_SERV_APP,GDHM_Q21,0.0,Not Available
GDHM_SURVEY_COUNTRYRESPONSE_SCORE,2023,724,GDHM_CAT7_SERV_APP,GDHM_Q21a,0.0,Not Available
GDHM_SURVEY_COUNTRYRESPONSE_SCORE,2023,724,GDHM_CAT7_SERV_APP,GDHM_Q21b,0.0,Not Available
GDHM_SURVEY_COUNTRYRESPONSE_SCORE,2023,724,GDHM_CAT7_SERV_APP,GDHM_Q21c,0.0,Not Available
GDHM_SURVEY_COUNTRYRESPONSE_SCORE,2023,724,GDHM_CAT7_SERV_APP,GDHM_Q22,0.0,Not Available
GDHM_SURVEY_COUNTRYRESPONSE_SCORE,2023,724,GDHM_CAT7_SERV_APP,GDHM_Q23,0.0,Not Available
GDHM_SURVEY_CATEGORY_AVG,2023,724,GDHM_CAT7_SERV_APP,,1.0,Not Available
GDHM_SURVEY_COUNTRYRESPONSE_SCORE,2023,144,GDHM_CAT1_LEAD_GOV,GDHM_Q01,3.0,Phase 3
GDHM_SURVEY_COUNTRYRESPONSE_SCORE,2023,144,GDHM_CAT1_LEAD_GOV,GDHM_Q02,4.0,Phase 4
GDHM_SURVEY_COUNTRYRESPONSE_SCORE,2023,144,GDHM_CAT1_LEAD_GOV,GDHM_Q02a,4.0,Phase 4
GDHM_SURVEY_COUNTRYRESPONSE_SCORE,2023,144,GDHM_CAT1_LEAD_GOV,GDHM_Q03,2.0,Phase 2
GDHM_SURVEY_COUNTRYRESPONSE_SCORE,2023,144,GDHM_CAT1_LEAD_GOV,GDHM_Q04,2.0,Phase 2
GDHM_SURVEY_COUNTRYRESPONSE_SCORE,2023,144,GDHM_CAT1_LEAD_GOV,GDHM_Q04a,3.0,Phase 3
GDHM_SURVEY_CATEGORY_AVG,2023,144,GDHM_CAT1_LEAD_GOV,,3.0,Phase 3
GDHM_SURVEY_COUNTRYRESPONSE_SCORE,2023,144,GDHM_CAT2_STRAT_INV,GDHM_Q05,2.0,Phase 2
GDHM_SURVEY_COUNTRYRESPONSE_SCORE,2023,144,GDHM_CAT2_STRAT_INV,GDHM_Q05a,3.0,Phase 3
GDHM_SURVEY_COUNTRYRESPONSE_SCORE,2023,144,GDHM_CAT2_STRAT_INV,GDHM_Q06,2.0,Phase 2
GDHM_SURVEY_COUNTRYRESPONSE_SCORE,2023,144,GDHM_CAT2_STRAT_INV,GDHM_Q06a,2.0,Phase 2
GDHM_SURVEY_CATEGORY_AVG,2023,144,GDHM_CAT2_STRAT_INV,,2.0,Phase 2
GDHM_SURVEY_COUNTRYRESPONSE_SCORE,2023,144,GDHM_CAT3_LEG,GDHM_Q07,3.0,Phase 3
GDHM_SURVEY_COUNTRYRESPONSE_SCORE,2023,144,GDHM_CAT3_LEG,GDHM_Q08,3.0,Phase 3
GDHM_SURVEY_COUNTRYRESPONSE_SCORE,2023,144,GDHM_CAT3_LEG,GDHM_Q09,3.0,Phase 3
GDHM_SURVEY_COUNTRYRESPONSE_SCORE,2023,144,GDHM_CAT3_LEG,GDHM_Q09a,2.0,Phase 2
GDHM_SURVEY_COUNTRYRESPONSE_SCORE,2023,144,GDHM_CAT3_LEG,GDHM_Q10,3.0,Phase 3
GDHM_SURVEY_CATEGORY_AVG,2023,144,GDHM_CAT3_LEG,,3.0,Phase 3
GDHM_SURVEY_COUNTRYRESPONSE_SCORE,2023,144,GDHM_CAT4_WORKFORCE,GDHM_Q11,3.0,Phase 3
GDHM_SURVEY_COUNTRYRESPONSE_SCORE,2023,144,GDHM_CAT4_WORKFORCE,GDHM_Q12,3.0,Phase 3
GDHM_SURVEY_COUNTRYRESPONSE_SCORE,2023,144,GDHM_CAT4_WORKFORCE,GDHM_Q13,4.0,Phase 4
GDHM_SURVEY_COUNTRYRESPONSE_SCORE,2023,144,GDHM_CAT4_WORKFORCE,GDHM_Q14,2.0,Phase 2
GDHM_SURVEY_CATEGORY_AVG,2023,144,GDHM_CAT4_WORKFORCE,,3.0,Phase 3
GDHM_SURVEY_COUNTRYRESPONSE_SCORE,2023,144,GDHM_CAT5_STANDARDS,GDHM_Q15,2.0,Phase 2
GDHM_SURVEY_COUNTRYRESPONSE_SCORE,2023,144,GDHM_CAT5_STANDARDS,GDHM_Q16,3.0,Phase 3
GDHM_SURVEY_CATEGORY_AVG,2023,144,GDHM_CAT5_STANDARDS,,3.0,Phase 3
GDHM_SURVEY_COUNTRYRESPONSE_SCORE,2023,144,GDHM_CAT6_INFRASTRUCTURE,GDHM_Q17,3.0,Phase 3
GDHM_SURVEY_COUNTRYRESPONSE_SCORE,2023,144,GDHM_CAT6_INFRASTRUCTURE,GDHM_Q18,3.0,Phase 3
GDHM_SURVEY_CATEGORY_AVG,2023,144,GDHM_CAT6_INFRASTRUCTURE,,3.0,Phase 3
GDHM_SURVEY_COUNTRYRESPONSE_SCORE,2023,144,GDHM_CAT7_SERV_APP,GDHM_Q19,3.0,Phase 3
GDHM_SURVEY_COUNTRYRESPONSE_SCORE,2023,144,GDHM_CAT7_SERV_APP,GDHM_Q20,2.0,Phase 2
GDHM_SURVEY_COUNTRYRESPONSE_SCORE,2023,144,GDHM_CAT7_SERV_APP,GDHM_Q21,1.0,Phase 1
GDHM_SURVEY_COUNTRYRESPONSE_SCORE,2023,144,GDHM_CAT7_SERV_APP,GDHM_Q21a,1.0,Phase 1
GDHM_SURVEY_COUNTRYRESPONSE_SCORE,2023,144,GDHM_CAT7_SERV_APP,GDHM_Q21b,4.0,Phase 4
GDHM_SURVEY_COUNTRYRESPONSE_SCORE,2023,144,GDHM_CAT7_SERV_APP,GDHM_Q21c,1.0,Phase 1
GDHM_SURVEY_COUNTRYRESPONSE_SCORE,2023,144,GDHM_CAT7_SERV_APP,GDHM_Q22,2.0,Phase 2
GDHM_SURVEY_COUNTRYRESPONSE_SCORE,2023,144,GDHM_CAT7_SERV_APP,GDHM_Q23,3.0,Phase 3
GDHM_SURVEY_CATEGORY_AVG,2023,144,GDHM_CAT7_SERV_APP,,3.0,Phase 3
GDHM_SURVEY_COUNTRYRESPONSE_SCORE,2023,729,GDHM_CAT1_LEAD_GOV,GDHM_Q01,0.0,Not Available
GDHM_SURVEY_COUNTRYRESPONSE_SCORE,2023,729,GDHM_CAT1_LEAD_GOV,GDHM_Q02,0.0,Not Available
GDHM_SURVEY_COUNTRYRESPONSE_SCORE,2023,729,GDHM_CAT1_LEAD_GOV,GDHM_Q02a,0.0,Not Available
GDHM_SURVEY_COUNTRYRESPONSE_SCORE,2023,729,GDHM_CAT1_LEAD_GOV,GDHM_Q03,0.0,Not Available
GDHM_SURVEY_COUNTRYRESPONSE_SCORE,2023,729,GDHM_CAT1_LEAD_GOV,GDHM_Q04,0.0,Not Available
GDHM_SURVEY_COUNTRYRESPONSE_SCORE,2023,729,GDHM_CAT1_LEAD_GOV,GDHM_Q04a,0.0,Not Available
GDHM_SURVEY_CATEGORY_AVG,2023,729,GDHM_CAT1_LEAD_GOV,,1.0,Not Available
GDHM_SURVEY_COUNTRYRESPONSE_SCORE,2023,729,GDHM_CAT2_STRAT_INV,GDHM_Q05,0.0,Not Available
GDHM_SURVEY_COUNTRYRESPONSE_SCORE,2023,729,GDHM_CAT2_STRAT_INV,GDHM_Q05a,0.0,Not Available
GDHM_SURVEY_COUNTRYRESPONSE_SCORE,2023,729,GDHM_CAT2_STRAT_INV,GDHM_Q06,0.0,Not Available
GDHM_SURVEY_COUNTRYRESPONSE_SCORE,2023,729,GDHM_CAT2_STRAT_INV,GDHM_Q06a,0.0,Not Available
GDHM_SURVEY_CATEGORY_AVG,2023,729,GDHM_CAT2_STRAT_INV,,1.0,Not Available
GDHM_SURVEY_COUNTRYRESPONSE_SCORE,2023,729,GDHM_CAT3_LEG,GDHM_Q07,2.0,Phase 2
GDHM_SURVEY_COUNTRYRESPONSE_SCORE,2023,729,GDHM_CAT3_LEG,GDHM_Q08,0.0,Not Available
GDHM_SURVEY_COUNTRYRESPONSE_SCORE,2023,729,GDHM_CAT3_LEG,GDHM_Q09,0.0,Not Available
GDHM_SURVEY_COUNTRYRESPONSE_SCORE,2023,729,GDHM_CAT3_LEG,GDHM_Q09a,0.0,Not Available
GDHM_SURVEY_COUNTRYRESPONSE_SCORE,2023,729,GDHM_CAT3_LEG,GDHM_Q10,0.0,Not Available
GDHM_SURVEY_CATEGORY_AVG,2023,729,GDHM_CAT3_LEG,,2.0,Phase 2
GDHM_SURVEY_COUNTRYRESPONSE_SCORE,2023,729,GDHM_CAT4_WORKFORCE,GDHM_Q11,0.0,Not Available
GDHM_SURVEY_COUNTRYRESPONSE_SCORE,2023,729,GDHM_CAT4_WORKFORCE,GDHM_Q12,0.0,Not Available
GDHM_SURVEY_COUNTRYRESPONSE_SCORE,2023,729,GDHM_CAT4_WORKFORCE,GDHM_Q13,0.0,Not Available
GDHM_SURVEY_COUNTRYRESPONSE_SCORE,2023,729,GDHM_CAT4_WORKFORCE,GDHM_Q14,0.0,Not Available
GDHM_SURVEY_CATEGORY_AVG,2023,729,GDHM_CAT4_WORKFORCE,,1.0,Not Available
GDHM_SURVEY_COUNTRYRESPONSE_SCORE,2023,729,GDHM_CAT5_STANDARDS,GDHM_Q15,0.0,Not Available
GDHM_SURVEY_COUNTRYRESPONSE_SCORE,2023,729,GDHM_CAT5_STANDARDS,GDHM_Q16,0.0,Not Available
GDHM_SURVEY_CATEGORY_AVG,2023,729,GDHM_CAT5_STANDARDS,,1.0,Not Available
GDHM_SURVEY_COUNTRYRESPONSE_SCORE,2023,729,GDHM_CAT6_INFRASTRUCTURE,GDHM_Q17,0.0,Not Available
GDHM_SURVEY_COUNTRYRESPONSE_SCORE,2023,729,GDHM_CAT6_INFRASTRUCTURE,GDHM_Q18,3.0,Phase 3
GDHM_SURVEY_CATEGORY_AVG,2023,729,GDHM_CAT6_INFRASTRUCTURE,,3.0,Phase 3
GDHM_SURVEY_COUNTRYRESPONSE_SCORE,2023,729,GDHM_CAT7_SERV_APP,GDHM_Q19,0.0,Not Available
GDHM_SURVEY_COUNTRYRESPONSE_SCORE,2023,729,GDHM_CAT7_SERV_APP,GDHM_Q20,0.0,Not Available
GDHM_SURVEY_COUNTRYRESPONSE_SCORE,2023,729,GDHM_CAT7_SERV_APP,GDHM_Q21,0.0,Not Available
GDHM_SURVEY_COUNTRYRESPONSE_SCORE,2023,729,GDHM_CAT7_SERV_APP,GDHM_Q21a,0.0,Not Available
GDHM_SURVEY_COUNTRYRESPONSE_SCORE,2023,729,GDHM_CAT7_SERV_APP,GDHM_Q21b,0.0,Not Available
GDHM_SURVEY_COUNTRYRESPONSE_SCORE,2023,729,GDHM_CAT7_SERV_APP,GDHM_Q21c,0.0,Not Available
GDHM_SURVEY_COUNTRYRESPONSE_SCORE,2023,729,GDHM_CAT7_SERV_APP,GDHM_Q22,0.0,Not Available
GDHM_SURVEY_COUNTRYRESPONSE_SCORE,2023,729,GDHM_CAT7_SERV_APP,GDHM_Q23,0.0,Not Available
GDHM_SURVEY_CATEGORY_AVG,2023,729,GDHM_CAT7_SERV_APP,,1.0,Not Available
GDHM_SURVEY_COUNTRYRESPONSE_SCORE,2023,740,GDHM_CAT1_LEAD_GOV,GDHM_Q01,0.0,Not Available
GDHM_SURVEY_COUNTRYRESPONSE_SCORE,2023,740,GDHM_CAT1_LEAD_GOV,GDHM_Q02,0.0,Not Available
GDHM_SURVEY_COUNTRYRESPONSE_SCORE,2023,740,GDHM_CAT1_LEAD_GOV,GDHM_Q02a,0.0,Not Available
GDHM_SURVEY_COUNTRYRESPONSE_SCORE,2023,740,GDHM_CAT1_LEAD_GOV,GDHM_Q03,0.0,Not Available
GDHM_SURVEY_COUNTRYRESPONSE_SCORE,2023,740,GDHM_CAT1_LEAD_GOV,GDHM_Q04,0.0,Not Available
GDHM_SURVEY_COUNTRYRESPONSE_SCORE,2023,740,GDHM_CAT1_LEAD_GOV,GDHM_Q04a,0.0,Not Available
GDHM_SURVEY_CATEGORY_AVG,2023,740,GDHM_CAT1_LEAD_GOV,,1.0,Not Available
GDHM_SURVEY_COUNTRYRESPONSE_SCORE,2023,740,GDHM_CAT2_STRAT_INV,GDHM_Q05,0.0,Not Available
GDHM_SURVEY_COUNTRYRESPONSE_SCORE,2023,740,GDHM_CAT2_STRAT_INV,GDHM_Q05a,0.0,Not Available
GDHM_SURVEY_COUNTRYRESPONSE_SCORE,2023,740,GDHM_CAT2_STRAT_INV,GDHM_Q06,0.0,Not Available
GDHM_SURVEY_COUNTRYRESPONSE_SCORE,2023,740,GDHM_CAT2_STRAT_INV,GDHM_Q06a,0.0,Not Available
GDHM_SURVEY_CATEGORY_AVG,2023,740,GDHM_CAT2_STRAT_INV,,1.0,Not Available
GDHM_SURVEY_COUNTRYRESPONSE_SCORE,2023,740,GDHM_CAT3_LEG,GDHM_Q07,2.0,Phase 2
GDHM_SURVEY_COUNTRYRESPONSE_SCORE,2023,740,GDHM_CAT3_LEG,GDHM_Q08,0.0,Not Available
GDHM_SURVEY_COUNTRYRESPONSE_SCORE,2023,740,GDHM_CAT3_LEG,GDHM_Q09,0.0,Not Available
GDHM_SURVEY_COUNTRYRESPONSE_SCORE,2023,740,GDHM_CAT3_LEG,GDHM_Q09a,0.0,Not Available
GDHM_SURVEY_COUNTRYRESPONSE_SCORE,2023,740,GDHM_CAT3_LEG,GDHM_Q10,0.0,Not Available
GDHM_SURVEY_CATEGORY_AVG,2023,740,GDHM_CAT3_LEG,,2.0,Phase 2
GDHM_SURVEY_COUNTRYRESPONSE_SCORE,2023,740,GDHM_CAT4_WORKFORCE,GDHM_Q11,0.0,Not Available
GDHM_SURVEY_COUNTRYRESPONSE_SCORE,2023,740,GDHM_CAT4_WORKFORCE,GDHM_Q12,0.0,Not Available
GDHM_SURVEY_COUNTRYRESPONSE_SCORE,2023,740,GDHM_CAT4_WORKFORCE,GDHM_Q13,0.0,Not Available
GDHM_SURVEY_COUNTRYRESPONSE_SCORE,2023,740,GDHM_CAT4_WORKFORCE,GDHM_Q14,0.0,Not Available
GDHM_SURVEY_CATEGORY_AVG,2023,740,GDHM_CAT4_WORKFORCE,,1.0,Not Available
GDHM_SURVEY_COUNTRYRESPONSE_SCORE,2023,740,GDHM_CAT5_STANDARDS,GDHM_Q15,0.0,Not Available
GDHM_SURVEY_COUNTRYRESPONSE_SCORE,2023,740,GDHM_CAT5_STANDARDS,GDHM_Q16,0.0,Not Available
GDHM_SURVEY_CATEGORY_AVG,2023,740,GDHM_CAT5_STANDARDS,,1.0,Not Available
GDHM_SURVEY_COUNTRYRESPONSE_SCORE,2023,740,GDHM_CAT6_INFRASTRUCTURE,GDHM_Q17,0.0,Not Available
GDHM_SURVEY_COUNTRYRESPONSE_SCORE,2023,740,GDHM_CAT6_INFRASTRUCTURE,GDHM_Q18,4.0,Phase 4
GDHM_SURVEY_CATEGORY_AVG,2023,740,GDHM_CAT6_INFRASTRUCTURE,,4.0,Phase 4
GDHM_SURVEY_COUNTRYRESPONSE_SCORE,2023,740,GDHM_CAT7_SERV_APP,GDHM_Q19,0.0,Not Available
GDHM_SURVEY_COUNTRYRESPONSE_SCORE,2023,740,GDHM_CAT7_SERV_APP,GDHM_Q20,0.0,Not Available
GDHM_SURVEY_COUNTRYRESPONSE_SCORE,2023,740,GDHM_CAT7_SERV_APP,GDHM_Q21,0.0,Not Available
GDHM_SURVEY_COUNTRYRESPONSE_SCORE,2023,740,GDHM_CAT7_SERV_APP,GDHM_Q21a,0.0,Not Available
GDHM_SURVEY_COUNTRYRESPONSE_SCORE,2023,740,GDHM_CAT7_SERV_APP,GDHM_Q21b,0.0,Not Available
GDHM_SURVEY_COUNTRYRESPONSE_SCORE,2023,740,GDHM_CAT7_SERV_APP,GDHM_Q21c,0.0,Not Available
GDHM_SURVEY_COUNTRYRESPONSE_SCORE,2023,740,GDHM_CAT7_SERV_APP,GDHM_Q22,0.0,Not Available
GDHM_SURVEY_COUNTRYRESPONSE_SCORE,2023,740,GDHM_CAT7_SERV_APP,GDHM_Q23,0.0,Not Available
GDHM_SURVEY_CATEGORY_AVG,2023,740,GDHM_CAT7_SERV_APP,,1.0,Not Available
GDHM_SURVEY_COUNTRYRESPONSE_SCORE,2023,752,GDHM_CAT1_LEAD_GOV,GDHM_Q01,0.0,Not Available
GDHM_SURVEY_COUNTRYRESPONSE_SCORE,2023,752,GDHM_CAT1_LEAD_GOV,GDHM_Q02,0.0,Not Available
GDHM_SURVEY_COUNTRYRESPONSE_SCORE,2023,752,GDHM_CAT1_LEAD_GOV,GDHM_Q02a,0.0,Not Available
GDHM_SURVEY_COUNTRYRESPONSE_SCORE,2023,752,GDHM_CAT1_LEAD_GOV,GDHM_Q03,0.0,Not Available
GDHM_SURVEY_COUNTRYRESPONSE_SCORE,2023,752,GDHM_CAT1_LEAD_GOV,GDHM_Q04,5.0,Phase 5
GDHM_SURVEY_COUNTRYRESPONSE_SCORE,2023,752,GDHM_CAT1_LEAD_GOV,GDHM_Q04a,0.0,Not Available
GDHM_SURVEY_CATEGORY_AVG,2023,752,GDHM_CAT1_LEAD_GOV,,5.0,Phase 5
GDHM_SURVEY_COUNTRYRESPONSE_SCORE,2023,752,GDHM_CAT2_STRAT_INV,GDHM_Q05,0.0,Not Available
GDHM_SURVEY_COUNTRYRESPONSE_SCORE,2023,752,GDHM_CAT2_STRAT_INV,GDHM_Q05a,0.0,Not Available
GDHM_SURVEY_COUNTRYRESPONSE_SCORE,2023,752,GDHM_CAT2_STRAT_INV,GDHM_Q06,0.0,Not Available
GDHM_SURVEY_COUNTRYRESPONSE_SCORE,2023,752,GDHM_CAT2_STRAT_INV,GDHM_Q06a,5.0,Phase 5
GDHM_SURVEY_CATEGORY_AVG,2023,752,GDHM_CAT2_STRAT_INV,,1.0,Not Available
GDHM_SURVEY_COUNTRYRESPONSE_SCORE,2023,752,GDHM_CAT3_LEG,GDHM_Q07,5.0,Phase 5
GDHM_SURVEY_COUNTRYRESPONSE_SCORE,2023,752,GDHM_CAT3_LEG,GDHM_Q08,5.0,Phase 5
GDHM_SURVEY_COUNTRYRESPONSE_SCORE,2023,752,GDHM_CAT3_LEG,GDHM_Q09,4.0,Phase 4
GDHM_SURVEY_COUNTRYRESPONSE_SCORE,2023,752,GDHM_CAT3_LEG,GDHM_Q09a,0.0,Not Available
GDHM_SURVEY_COUNTRYRESPONSE_SCORE,2023,752,GDHM_CAT3_LEG,GDHM_Q10,0.0,Not Available
GDHM_SURVEY_CATEGORY_AVG,2023,752,GDHM_CAT3_LEG,,5.0,Phase 5
GDHM_SURVEY_COUNTRYRESPONSE_SCORE,2023,752,GDHM_CAT4_WORKFORCE,GDHM_Q11,0.0,Not Available
GDHM_SURVEY_COUNTRYRESPONSE_SCORE,2023,752,GDHM_CAT4_WORKFORCE,GDHM_Q12,0.0,Not Available
GDHM_SURVEY_COUNTRYRESPONSE_SCORE,2023,752,GDHM_CAT4_WORKFORCE,GDHM_Q13,0.0,Not Available
GDHM_SURVEY_COUNTRYRESPONSE_SCORE,2023,752,GDHM_CAT4_WORKFORCE,GDHM_Q14,0.0,Not Available
GDHM_SURVEY_COUNTRYRESPONSE_SCORE,2024,911,GDHM_CAT3_LEG,GDHM_Q10,2.0,Phase 2
GDHM_SURVEY_COUNTRYRESPONSE_SCORE,2024,911,GDHM_CAT3_LEG,GDHM_Q09a,1.0,Phase 1
GDHM_SURVEY_COUNTRYRESPONSE_SCORE,2024,911,GDHM_CAT3_LEG,GDHM_Q09,2.0,Phase 2
GDHM_SURVEY_COUNTRYRESPONSE_SCORE,2024,911,GDHM_CAT3_LEG,GDHM_Q08,3.0,Phase 3
GDHM_SURVEY_COUNTRYRESPONSE_SCORE,2024,911,GDHM_CAT3_LEG,GDHM_Q07,3.0,Phase 3
GDHM_SURVEY_COUNTRYRESPONSE_SCORE,2024,911,GDHM_CAT2_STRAT_INV,GDHM_Q06a,2.0,Phase 2
GDHM_SURVEY_COUNTRYRESPONSE_SCORE,2024,911,GDHM_CAT2_STRAT_INV,GDHM_Q06,2.0,Phase 2
GDHM_SURVEY_COUNTRYRESPONSE_SCORE,2024,911,GDHM_CAT2_STRAT_INV,GDHM_Q05a,3.0,Phase 3
GDHM_SURVEY_COUNTRYRESPONSE_SCORE,2024,911,GDHM_CAT2_STRAT_INV,GDHM_Q05,3.0,Phase 3
GDHM_SURVEY_COUNTRYRESPONSE_SCORE,2024,911,GDHM_CAT1_LEAD_GOV,GDHM_Q04a,2.0,Phase 2
GDHM_SURVEY_COUNTRYRESPONSE_SCORE,2024,911,GDHM_CAT1_LEAD_GOV,GDHM_Q04,3.0,Phase 3
GDHM_SURVEY_COUNTRYRESPONSE_SCORE,2024,911,GDHM_CAT1_LEAD_GOV,GDHM_Q03,2.0,Phase 2
GDHM_SURVEY_COUNTRYRESPONSE_SCORE,2024,911,GDHM_CAT1_LEAD_GOV,GDHM_Q02a,3.0,Phase 3
GDHM_SURVEY_COUNTRYRESPONSE_SCORE,2024,911,GDHM_CAT1_LEAD_GOV,GDHM_Q02,3.0,Phase 3
GDHM_SURVEY_COUNTRYRESPONSE_SCORE,2024,911,GDHM_CAT1_LEAD_GOV,GDHM_Q01,3.0,Phase 3
GDHM_SURVEY_COUNTRYRESPONSE_SCORE,2024,911,GDHM_CAT7_SERV_APP,GDHM_Q21b,2.0,Phase 2
GDHM_SURVEY_COUNTRYRESPONSE_SCORE,2024,911,GDHM_CAT7_SERV_APP,GDHM_Q21c,2.0,Phase 2
GDHM_SURVEY_COUNTRYRESPONSE_SCORE,2024,911,GDHM_CAT7_SERV_APP,GDHM_Q22,2.0,Phase 2
GDHM_SURVEY_COUNTRYRESPONSE_SCORE,2024,911,GDHM_CAT7_SERV_APP,GDHM_Q23,3.0,Phase 3
GDHM_SURVEY_COUNTRYRESPONSE_SCORE,2024,912,GDHM_CAT7_SERV_APP,GDHM_Q21b,3.0,Phase 3
GDHM_SURVEY_COUNTRYRESPONSE_SCORE,2024,912,GDHM_CAT7_SERV_APP,GDHM_Q21a,2.0,Phase 2
GDHM_SURVEY_COUNTRYRESPONSE_SCORE,2024,912,GDHM_CAT7_SERV_APP,GDHM_Q21,2.0,Phase 2
GDHM_SURVEY_COUNTRYRESPONSE_SCORE,2024,912,GDHM_CAT7_SERV_APP,GDHM_Q20,2.0,Phase 2
GDHM_SURVEY_COUNTRYRESPONSE_SCORE,2024,912,GDHM_CAT7_SERV_APP,GDHM_Q19,2.0,Phase 2
GDHM_SURVEY_COUNTRYRESPONSE_SCORE,2024,912,GDHM_CAT6_INFRASTRUCTURE,GDHM_Q18,3.0,Phase 3
GDHM_SURVEY_COUNTRYRESPONSE_SCORE,2024,912,GDHM_CAT6_INFRASTRUCTURE,GDHM_Q17,2.0,Phase 2
GDHM_SURVEY_COUNTRYRESPONSE_SCORE,2024,912,GDHM_CAT5_STANDARDS,GDHM_Q16,2.0,Phase 2
GDHM_SURVEY_COUNTRYRESPONSE_SCORE,2024,912,GDHM_CAT5_STANDARDS,GDHM_Q15,2.0,Phase 2
GDHM_SURVEY_COUNTRYRESPONSE_SCORE,2024,912,GDHM_CAT4_WORKFORCE,GDHM_Q14,1.0,Phase 1
GDHM_SURVEY_COUNTRYRESPONSE_SCORE,2024,912,GDHM_CAT4_WORKFORCE,GDHM_Q13,2.0,Phase 2
GDHM_SURVEY_COUNTRYRESPONSE_SCORE,2024,912,GDHM_CAT4_WORKFORCE,GDHM_Q12,2.0,Phase 2
GDHM_SURVEY_COUNTRYRESPONSE_SCORE,2024,912,GDHM_CAT4_WORKFORCE,GDHM_Q11,1.0,Phase 1
GDHM_SURVEY_COUNTRYRESPONSE_SCORE,2024,912,GDHM_CAT7_SERV_APP,GDHM_Q22,2.0,Phase 2
GDHM_SURVEY_COUNTRYRESPONSE_SCORE,2024,912,GDHM_CAT3_LEG,GDHM_Q10,2.0,Phase 2
GDHM_SURVEY_COUNTRYRESPONSE_SCORE,2024,912,GDHM_CAT3_LEG,GDHM_Q09,2.0,Phase 2
GDHM_SURVEY_COUNTRYRESPONSE_SCORE,2024,912,GDHM_CAT3_LEG,GDHM_Q08,3.0,Phase 3
GDHM_SURVEY_COUNTRYRESPONSE_SCORE,2024,912,GDHM_CAT3_LEG,GDHM_Q07,3.0,Phase 3
GDHM_SURVEY_COUNTRYRESPONSE_SCORE,2024,912,GDHM_CAT2_STRAT_INV,GDHM_Q06a,2.0,Phase 2
GDHM_SURVEY_COUNTRYRESPONSE_SCORE,2024,912,GDHM_CAT2_STRAT_INV,GDHM_Q06,3.0,Phase 3
GDHM_SURVEY_COUNTRYRESPONSE_SCORE,2024,912,GDHM_CAT2_STRAT_INV,GDHM_Q05a,3.0,Phase 3
GDHM_SURVEY_COUNTRYRESPONSE_SCORE,2024,912,GDHM_CAT2_STRAT_INV,GDHM_Q05,3.0,Phase 3
GDHM_SURVEY_COUNTRYRESPONSE_SCORE,2024,912,GDHM_CAT1_LEAD_GOV,GDHM_Q04a,2.0,Phase 2
GDHM_SURVEY_COUNTRYRESPONSE_SCORE,2024,912,GDHM_CAT1_LEAD_GOV,GDHM_Q04,3.0,Phase 3
GDHM_SURVEY_COUNTRYRESPONSE_SCORE,2024,912,GDHM_CAT1_LEAD_GOV,GDHM_Q03,2.0,Phase 2
GDHM_SURVEY_COUNTRYRESPONSE_SCORE,2024,912,GDHM_CAT1_LEAD_GOV,GDHM_Q02a,3.0,Phase 3
GDHM_SURVEY_COUNTRYRESPONSE_SCORE,2024,912,GDHM_CAT1_LEAD_GOV,GDHM_Q02,4.0,Phase 4
GDHM_SURVEY_COUNTRYRESPONSE_SCORE,2024,910,GDHM_CAT7_SERV_APP,GDHM_Q22,3.0,Phase 3
GDHM_SURVEY_COUNTRYRESPONSE_SCORE,2024,912,GDHM_CAT3_LEG,GDHM_Q09a,1.0,Phase 1
GDHM_SURVEY_COUNTRYRESPONSE_SCORE,2024,910,GDHM_CAT7_SERV_APP,GDHM_Q23,3.0,Phase 3
GDHM_SURVEY_COUNTRYRESPONSE_SCORE,2019,001,GDHM_CAT1_LEAD_GOV,GDHM_Q01,3.0,Phase 3
GDHM_SURVEY_COUNTRYRESPONSE_SCORE,2019,001,GDHM_CAT1_LEAD_GOV,GDHM_Q02,4.0,Phase 4
GDHM_SURVEY_COUNTRYRESPONSE_SCORE,2019,001,GDHM_CAT1_LEAD_GOV,GDHM_Q02a,3.0,Phase 3
GDHM_SURVEY_COUNTRYRESPONSE_SCORE,2019,001,GDHM_CAT1_LEAD_GOV,GDHM_Q03,2.0,Phase 2
GDHM_SURVEY_COUNTRYRESPONSE_SCORE,2019,001,GDHM_CAT1_LEAD_GOV,GDHM_Q04,3.0,Phase 3
GDHM_SURVEY_COUNTRYRESPONSE_SCORE,2019,001,GDHM_CAT1_LEAD_GOV,GDHM_Q04a,2.0,Phase 2
GDHM_SURVEY_COUNTRYRESPONSE_SCORE,2019,001,GDHM_CAT2_STRAT_INV,GDHM_Q05,3.0,Phase 3
GDHM_SURVEY_COUNTRYRESPONSE_SCORE,2019,001,GDHM_CAT2_STRAT_INV,GDHM_Q05a,3.0,Phase 3
GDHM_SURVEY_COUNTRYRESPONSE_SCORE,2019,001,GDHM_CAT2_STRAT_INV,GDHM_Q06,3.0,Phase 3
GDHM_SURVEY_COUNTRYRESPONSE_SCORE,2019,001,GDHM_CAT2_STRAT_INV,GDHM_Q06a,2.0,Phase 2
GDHM_SURVEY_COUNTRYRESPONSE_SCORE,2019,001,GDHM_CAT3_LEG,GDHM_Q07,3.0,Phase 3
GDHM_SURVEY_COUNTRYRESPONSE_SCORE,2019,001,GDHM_CAT3_LEG,GDHM_Q08,3.0,Phase 3
GDHM_SURVEY_COUNTRYRESPONSE_SCORE,2019,001,GDHM_CAT3_LEG,GDHM_Q09,2.0,Phase 2
GDHM_SURVEY_COUNTRYRESPONSE_SCORE,2019,001,GDHM_CAT3_LEG,GDHM_Q09a,1.0,Phase 1
GDHM_SURVEY_COUNTRYRESPONSE_SCORE,2019,001,GDHM_CAT3_LEG,GDHM_Q10,2.0,Phase 2
GDHM_SURVEY_COUNTRYRESPONSE_SCORE,2019,001,GDHM_CAT4_WORKFORCE,GDHM_Q11,2.0,Phase 2
GDHM_SURVEY_COUNTRYRESPONSE_SCORE,2019,001,GDHM_CAT4_WORKFORCE,GDHM_Q12,2.0,Phase 2
GDHM_SURVEY_COUNTRYRESPONSE_SCORE,2019,001,GDHM_CAT4_WORKFORCE,GDHM_Q13,2.0,Phase 2
GDHM_SURVEY_COUNTRYRESPONSE_SCORE,2019,001,GDHM_CAT4_WORKFORCE,GDHM_Q14,1.0,Phase 1
GDHM_SURVEY_COUNTRYRESPONSE_SCORE,2019,001,GDHM_CAT5_STANDARDS,GDHM_Q15,2.0,Phase 2
GDHM_SURVEY_COUNTRYRESPONSE_SCORE,2019,001,GDHM_CAT5_STANDARDS,GDHM_Q16,2.0,Phase 2
GDHM_SURVEY_COUNTRYRESPONSE_SCORE,2019,001,GDHM_CAT6_INFRASTRUCTURE,GDHM_Q17,2.0,Phase 2
GDHM_SURVEY_COUNTRYRESPONSE_SCORE,2019,001,GDHM_CAT6_INFRASTRUCTURE,GDHM_Q18,3.0,Phase 3
GDHM_SURVEY_COUNTRYRESPONSE_SCORE,2019,001,GDHM_CAT7_SERV_APP,GDHM_Q19,3.0,Phase 3
GDHM_SURVEY_COUNTRYRESPONSE_SCORE,2019,001,GDHM_CAT7_SERV_APP,GDHM_Q20,2.0,Phase 2
GDHM_SURVEY_COUNTRYRESPONSE_SCORE,2019,001,GDHM_CAT7_SERV_APP,GDHM_Q21,2.0,Phase 2
GDHM_SURVEY_COUNTRYRESPONSE_SCORE,2019,001,GDHM_CAT7_SERV_APP,GDHM_Q21a,2.0,Phase 2
GDHM_SURVEY_COUNTRYRESPONSE_SCORE,2019,001,GDHM_CAT7_SERV_APP,GDHM_Q21b,3.0,Phase 3
GDHM_SURVEY_COUNTRYRESPONSE_SCORE,2019,001,GDHM_CAT7_SERV_APP,GDHM_Q21c,2.0,Phase 2
GDHM_SURVEY_COUNTRYRESPONSE_SCORE,2019,001,GDHM_CAT7_SERV_APP,GDHM_Q22,2.0,Phase 2
GDHM_SURVEY_COUNTRYRESPONSE_SCORE,2019,001,GDHM_CAT7_SERV_APP,GDHM_Q23,3.0,Phase 3
GDHM_SURVEY_COUNTRYRESPONSE_SCORE,2023,001,GDHM_CAT1_LEAD_GOV,GDHM_Q01,1.0,Phase 1
GDHM_SURVEY_COUNTRYRESPONSE_SCORE,2023,001,GDHM_CAT1_LEAD_GOV,GDHM_Q02,1.0,Phase 1
GDHM_SURVEY_COUNTRYRESPONSE_SCORE,2023,001,GDHM_CAT1_LEAD_GOV,GDHM_Q02a,1.0,Phase 1
GDHM_SURVEY_COUNTRYRESPONSE_SCORE,2023,001,GDHM_CAT1_LEAD_GOV,GDHM_Q03,1.0,Phase 1
GDHM_SURVEY_COUNTRYRESPONSE_SCORE,2023,001,GDHM_CAT1_LEAD_GOV,GDHM_Q04,3.0,Phase 3
GDHM_SURVEY_COUNTRYRESPONSE_SCORE,2023,001,GDHM_CAT1_LEAD_GOV,GDHM_Q04a,1.0,Phase 1
GDHM_SURVEY_COUNTRYRESPONSE_SCORE,2023,001,GDHM_CAT2_STRAT_INV,GDHM_Q05,1.0,Phase 1
GDHM_SURVEY_COUNTRYRESPONSE_SCORE,2023,001,GDHM_CAT2_STRAT_INV,GDHM_Q05a,1.0,Phase 1
GDHM_SURVEY_COUNTRYRESPONSE_SCORE,2023,001,GDHM_CAT2_STRAT_INV,GDHM_Q06,1.0,Phase 1
GDHM_SURVEY_COUNTRYRESPONSE_SCORE,2023,001,GDHM_CAT2_STRAT_INV,GDHM_Q06a,2.0,Phase 2
GDHM_SURVEY_COUNTRYRESPONSE_SCORE,2023,001,GDHM_CAT3_LEG,GDHM_Q07,3.0,Phase 3
GDHM_SURVEY_COUNTRYRESPONSE_SCORE,2023,001,GDHM_CAT3_LEG,GDHM_Q08,3.0,Phase 3
GDHM_SURVEY_COUNTRYRESPONSE_SCORE,2023,001,GDHM_CAT3_LEG,GDHM_Q09,2.0,Phase 2
GDHM_SURVEY_COUNTRYRESPONSE_SCORE,2023,001,GDHM_CAT3_LEG,GDHM_Q09a,1.0,Phase 1
GDHM_SURVEY_COUNTRYRESPONSE_SCORE,2023,001,GDHM_CAT3_LEG,GDHM_Q10,1.0,Phase 1
GDHM_SURVEY_COUNTRYRESPONSE_SCORE,2023,001,GDHM_CAT4_WORKFORCE,GDHM_Q11,1.0,Phase 1
GDHM_SURVEY_COUNTRYRESPONSE_SCORE,2023,001,GDHM_CAT4_WORKFORCE,GDHM_Q12,1.0,Phase 1
GDHM_SURVEY_COUNTRYRESPONSE_SCORE,2023,001,GDHM_CAT4_WORKFORCE,GDHM_Q13,1.0,Phase 1
GDHM_SURVEY_COUNTRYRESPONSE_SCORE,2023,001,GDHM_CAT4_WORKFORCE,GDHM_Q14,1.0,Phase 1
GDHM_SURVEY_COUNTRYRESPONSE_SCORE,2023,001,GDHM_CAT5_STANDARDS,GDHM_Q15,1.0,Phase 1
GDHM_SURVEY_COUNTRYRESPONSE_SCORE,2023,001,GDHM_CAT5_STANDARDS,GDHM_Q16,1.0,Phase 1
GDHM_SURVEY_COUNTRYRESPONSE_SCORE,2023,001,GDHM_CAT6_INFRASTRUCTURE,GDHM_Q17,2.0,Phase 2
GDHM_SURVEY_COUNTRYRESPONSE_SCORE,2023,001,GDHM_CAT6_INFRASTRUCTURE,GDHM_Q18,3.0,Phase 3
GDHM_SURVEY_COUNTRYRESPONSE_SCORE,2023,001,GDHM_CAT7_SERV_APP,GDHM_Q19,1.0,Phase 1
GDHM_SURVEY_COUNTRYRESPONSE_SCORE,2023,001,GDHM_CAT7_SERV_APP,GDHM_Q20,1.0,Phase 1
GDHM_SURVEY_COUNTRYRESPONSE_SCORE,2023,001,GDHM_CAT7_SERV_APP,GDHM_Q21,1.0,Phase 1
GDHM_SURVEY_COUNTRYRESPONSE_SCORE,2023,001,GDHM_CAT7_SERV_APP,GDHM_Q21a,1.0,Phase 1
GDHM_SURVEY_COUNTRYRESPONSE_SCORE,2023,001,GDHM_CAT7_SERV_APP,GDHM_Q21b,1.0,Phase 1
GDHM_SURVEY_COUNTRYRESPONSE_SCORE,2023,001,GDHM_CAT7_SERV_APP,GDHM_Q21c,1.0,Phase 1
GDHM_SURVEY_COUNTRYRESPONSE_SCORE,2023,001,GDHM_CAT7_SERV_APP,GDHM_Q22,1.0,Phase 1
GDHM_SURVEY_COUNTRYRESPONSE_SCORE,2023,001,GDHM_CAT7_SERV_APP,GDHM_Q23,1.0,Phase 1
GDHM_SURVEY_COUNTRYRESPONSE_SCORE,2024,001,GDHM_CAT1_LEAD_GOV,GDHM_Q01,3.0,Phase 3
GDHM_SURVEY_COUNTRYRESPONSE_SCORE,2024,001,GDHM_CAT1_LEAD_GOV,GDHM_Q02,4.0,Phase 4
GDHM_SURVEY_COUNTRYRESPONSE_SCORE,2024,001,GDHM_CAT1_LEAD_GOV,GDHM_Q02a,3.0,Phase 3
GDHM_SURVEY_COUNTRYRESPONSE_SCORE,2024,001,GDHM_CAT1_LEAD_GOV,GDHM_Q03,2.0,Phase 2
GDHM_SURVEY_COUNTRYRESPONSE_SCORE,2024,001,GDHM_CAT1_LEAD_GOV,GDHM_Q04,3.0,Phase 3
GDHM_SURVEY_COUNTRYRESPONSE_SCORE,2024,001,GDHM_CAT1_LEAD_GOV,GDHM_Q04a,2.0,Phase 2
GDHM_SURVEY_COUNTRYRESPONSE_SCORE,2024,001,GDHM_CAT2_STRAT_INV,GDHM_Q05,3.0,Phase 3
GDHM_SURVEY_COUNTRYRESPONSE_SCORE,2024,001,GDHM_CAT2_STRAT_INV,GDHM_Q05a,3.0,Phase 3
GDHM_SURVEY_COUNTRYRESPONSE_SCORE,2024,001,GDHM_CAT2_STRAT_INV,GDHM_Q06,3.0,Phase 3
GDHM_SURVEY_COUNTRYRESPONSE_SCORE,2024,001,GDHM_CAT2_STRAT_INV,GDHM_Q06a,2.0,Phase 2
GDHM_SURVEY_COUNTRYRESPONSE_SCORE,2024,001,GDHM_CAT3_LEG,GDHM_Q07,3.0,Phase 3
GDHM_SURVEY_COUNTRYRESPONSE_SCORE,2024,001,GDHM_CAT3_LEG,GDHM_Q08,3.0,Phase 3
GDHM_SURVEY_COUNTRYRESPONSE_SCORE,2024,001,GDHM_CAT3_LEG,GDHM_Q09,2.0,Phase 2
GDHM_SURVEY_COUNTRYRESPONSE_SCORE,2024,001,GDHM_CAT3_LEG,GDHM_Q09a,1.0,Phase 1
GDHM_SURVEY_COUNTRYRESPONSE_SCORE,2024,001,GDHM_CAT3_LEG,GDHM_Q10,2.0,Phase 2
GDHM_SURVEY_COUNTRYRESPONSE_SCORE,2024,001,GDHM_CAT4_WORKFORCE,GDHM_Q11,2.0,Phase 2
GDHM_SURVEY_COUNTRYRESPONSE_SCORE,2024,001,GDHM_CAT4_WORKFORCE,GDHM_Q12,2.0,Phase 2
GDHM_SURVEY_COUNTRYRESPONSE_SCORE,2024,001,GDHM_CAT4_WORKFORCE,GDHM_Q13,2.0,Phase 2
GDHM_SURVEY_COUNTRYRESPONSE_SCORE,2024,001,GDHM_CAT4_WORKFORCE,GDHM_Q14,1.0,Phase 1
GDHM_SURVEY_COUNTRYRESPONSE_SCORE,2024,001,GDHM_CAT5_STANDARDS,GDHM_Q15,2.0,Phase 2
GDHM_SURVEY_COUNTRYRESPONSE_SCORE,2024,001,GDHM_CAT5_STANDARDS,GDHM_Q16,2.0,Phase 2
GDHM_SURVEY_COUNTRYRESPONSE_SCORE,2024,001,GDHM_CAT6_INFRASTRUCTURE,GDHM_Q17,2.0,Phase 2
GDHM_SURVEY_COUNTRYRESPONSE_SCORE,2024,001,GDHM_CAT6_INFRASTRUCTURE,GDHM_Q18,3.0,Phase 3
GDHM_SURVEY_COUNTRYRESPONSE_SCORE,2024,001,GDHM_CAT7_SERV_APP,GDHM_Q19,3.0,Phase 3
GDHM_SURVEY_COUNTRYRESPONSE_SCORE,2024,001,GDHM_CAT7_SERV_APP,GDHM_Q20,2.0,Phase 2
GDHM_SURVEY_COUNTRYRESPONSE_SCORE,2024,001,GDHM_CAT7_SERV_APP,GDHM_Q21,2.0,Phase 2
GDHM_SURVEY_COUNTRYRESPONSE_SCORE,2024,001,GDHM_CAT7_SERV_APP,GDHM_Q21a,2.0,Phase 2
GDHM_SURVEY_COUNTRYRESPONSE_SCORE,2024,001,GDHM_CAT7_SERV_APP,GDHM_Q21b,3.0,Phase 3
GDHM_SURVEY_COUNTRYRESPONSE_SCORE,2024,001,GDHM_CAT7_SERV_APP,GDHM_Q21c,2.0,Phase 2
GDHM_SURVEY_COUNTRYRESPONSE_SCORE,2024,001,GDHM_CAT7_SERV_APP,GDHM_Q22,2.0,Phase 2
GDHM_SURVEY_COUNTRYRESPONSE_SCORE,2024,001,GDHM_CAT7_SERV_APP,GDHM_Q23,3.0,Phase 3
GDHM_SURVEY_COUNTRYRESPONSE_SCORE,2019,957,GDHM_CAT1_LEAD_GOV,GDHM_Q01,2.0,Phase 2
GDHM_SURVEY_COUNTRYRESPONSE_SCORE,2019,954,GDHM_CAT7_SERV_APP,GDHM_Q21a,2.0,Phase 2
GDHM_SURVEY_COUNTRYRESPONSE_SCORE,2019,954,GDHM_CAT7_SERV_APP,GDHM_Q21b,2.0,Phase 2
GDHM_SURVEY_COUNTRYRESPONSE_SCORE,2019,954,GDHM_CAT7_SERV_APP,GDHM_Q21c,1.0,Phase 1
GDHM_SURVEY_COUNTRYRESPONSE_SCORE,2019,954,GDHM_CAT7_SERV_APP,GDHM_Q22,2.0,Phase 2
GDHM_SURVEY_COUNTRYRESPONSE_SCORE,2019,954,GDHM_CAT7_SERV_APP,GDHM_Q23,4.0,Phase 4
GDHM_SURVEY_COUNTRYRESPONSE_SCORE,2019,956,GDHM_CAT1_LEAD_GOV,GDHM_Q01,3.0,Phase 3
GDHM_SURVEY_COUNTRYRESPONSE_SCORE,2019,956,GDHM_CAT1_LEAD_GOV,GDHM_Q02,4.0,Phase 4
GDHM_SURVEY_COUNTRYRESPONSE_SCORE,2019,956,GDHM_CAT1_LEAD_GOV,GDHM_Q02a,4.0,Phase 4
GDHM_SURVEY_COUNTRYRESPONSE_SCORE,2019,956,GDHM_CAT1_LEAD_GOV,GDHM_Q03,2.0,Phase 2
GDHM_SURVEY_COUNTRYRESPONSE_SCORE,2019,956,GDHM_CAT1_LEAD_GOV,GDHM_Q04,3.0,Phase 3
GDHM_SURVEY_COUNTRYRESPONSE_SCORE,2019,956,GDHM_CAT1_LEAD_GOV,GDHM_Q04a,1.0,Phase 1
GDHM_SURVEY_COUNTRYRESPONSE_SCORE,2019,956,GDHM_CAT2_STRAT_INV,GDHM_Q05,4.0,Phase 4
GDHM_SURVEY_CATEGORY_AVG,2019,204,GDHM_CAT7_SERV_APP,,3.0,Phase 3
GDHM_SURVEY_COUNTRYRESPONSE_SCORE,2019,174,GDHM_CAT1_LEAD_GOV,GDHM_Q01,1.0,Phase 1
GDHM_SURVEY_COUNTRYRESPONSE_SCORE,2019,174,GDHM_CAT1_LEAD_GOV,GDHM_Q02,2.0,Phase 2
GDHM_SURVEY_COUNTRYRESPONSE_SCORE,2019,174,GDHM_CAT1_LEAD_GOV,GDHM_Q02a,4.0,Phase 4
GDHM_SURVEY_COUNTRYRESPONSE_SCORE,2019,174,GDHM_CAT1_LEAD_GOV,GDHM_Q03,1.0,Phase 1
GDHM_SURVEY_COUNTRYRESPONSE_SCORE,2019,174,GDHM_CAT1_LEAD_GOV,GDHM_Q04,1.0,Phase 1
GDHM_SURVEY_COUNTRYRESPONSE_SCORE,2019,174,GDHM_CAT1_LEAD_GOV,GDHM_Q04a,1.0,Phase 1
GDHM_SURVEY_CATEGORY_AVG,2019,174,GDHM_CAT1_LEAD_GOV,,2.0,Phase 2
GDHM_SURVEY_COUNTRYRESPONSE_SCORE,2019,174,GDHM_CAT2_STRAT_INV,GDHM_Q05,4.0,Phase 4
GDHM_SURVEY_COUNTRYRESPONSE_SCORE,2019,174,GDHM_CAT2_STRAT_INV,GDHM_Q05a,4.0,Phase 4
GDHM_SURVEY_COUNTRYRESPONSE_SCORE,2019,174,GDHM_CAT2_STRAT_INV,GDHM_Q06,2.0,Phase 2
GDHM_SURVEY_COUNTRYRESPONSE_SCORE,2019,174,GDHM_CAT2_STRAT_INV,GDHM_Q06a,1.0,Phase 1
GDHM_SURVEY_CATEGORY_AVG,2019,174,GDHM_CAT2_STRAT_INV,,3.0,Phase 3
GDHM_SURVEY_COUNTRYRESPONSE_SCORE,2019,174,GDHM_CAT3_LEG,GDHM_Q07,1.0,Phase 1
GDHM_SURVEY_COUNTRYRESPONSE_SCORE,2019,174,GDHM_CAT3_LEG,GDHM_Q08,1.0,Phase 1
GDHM_SURVEY_COUNTRYRESPONSE_SCORE,2019,174,GDHM_CAT3_LEG,GDHM_Q09,1.0,Phase 1
GDHM_SURVEY_COUNTRYRESPONSE_SCORE,2019,174,GDHM_CAT3_LEG,GDHM_Q09a,1.0,Phase 1
GDHM_SURVEY_COUNTRYRESPONSE_SCORE,2019,174,GDHM_CAT3_LEG,GDHM_Q10,1.0,Phase 1
GDHM_SURVEY_CATEGORY_AVG,2019,174,GDHM_CAT3_LEG,,1.0,Phase 1
GDHM_SURVEY_COUNTRYRESPONSE_SCORE,2019,174,GDHM_CAT4_WORKFORCE,GDHM_Q11,1.0,Phase 1
GDHM_SURVEY_COUNTRYRESPONSE_SCORE,2019,174,GDHM_CAT4_WORKFORCE,GDHM_Q12,1.0,Phase 1
GDHM_SURVEY_COUNTRYRESPONSE_SCORE,2019,174,GDHM_CAT4_WORKFORCE,GDHM_Q13,1.0,Phase 1
GDHM_SURVEY_COUNTRYRESPONSE_SCORE,2019,174,GDHM_CAT4_WORKFORCE,GDHM_Q14,1.0,Phase 1
GDHM_SURVEY_CATEGORY_AVG,2019,174,GDHM_CAT4_WORKFORCE,,1.0,Phase 1
GDHM_SURVEY_COUNTRYRESPONSE_SCORE,2019,174,GDHM_CAT5_STANDARDS,GDHM_Q15,1.0,Phase 1
GDHM_SURVEY_COUNTRYRESPONSE_SCORE,2019,174,GDHM_CAT5_STANDARDS,GDHM_Q16,1.0,Phase 1
GDHM_SURVEY_CATEGORY_AVG,2019,174,GDHM_CAT5_STANDARDS,,1.0,Phase 1
GDHM_SURVEY_COUNTRYRESPONSE_SCORE,2019,174,GDHM_CAT6_INFRASTRUCTURE,GDHM_Q17,0.0,Not Available
GDHM_SURVEY_COUNTRYRESPONSE_SCORE,2019,174,GDHM_CAT6_INFRASTRUCTURE,GDHM_Q18,1.0,Phase 1
GDHM_SURVEY_CATEGORY_AVG,2019,174,GDHM_CAT6_INFRASTRUCTURE,,1.0,Phase 1
GDHM_SURVEY_COUNTRYRESPONSE_SCORE,2019,174,GDHM_CAT7_SERV_APP,GDHM_Q19,2.0,Phase 2
GDHM_SURVEY_COUNTRYRESPONSE_SCORE,2019,174,GDHM_CAT7_SERV_APP,GDHM_Q20,3.0,Phase 3
GDHM_SURVEY_COUNTRYRESPONSE_SCORE,2019,174,GDHM_CAT7_SERV_APP,GDHM_Q21,1.0,Phase 1
GDHM_SURVEY_COUNTRYRESPONSE_SCORE,2019,174,GDHM_CAT7_SERV_APP,GDHM_Q21a,1.0,Phase 1
GDHM_SURVEY_COUNTRYRESPONSE_SCORE,2019,174,GDHM_CAT7_SERV_APP,GDHM_Q21b,5.0,Phase 5
GDHM_SURVEY_COUNTRYRESPONSE_SCORE,2019,174,GDHM_CAT7_SERV_APP,GDHM_Q21c,1.0,Phase 1
GDHM_SURVEY_COUNTRYRESPONSE_SCORE,2019,174,GDHM_CAT7_SERV_APP,GDHM_Q22,1.0,Phase 1
GDHM_SURVEY_COUNTRYRESPONSE_SCORE,2019,174,GDHM_CAT7_SERV_APP,GDHM_Q23,2.0,Phase 2
GDHM_SURVEY_CATEGORY_AVG,2019,174,GDHM_CAT7_SERV_APP,,2.0,Phase 2
GDHM_SURVEY_COUNTRYRESPONSE_SCORE,2019,188,GDHM_CAT1_LEAD_GOV,GDHM_Q01,4.0,Phase 4
GDHM_SURVEY_COUNTRYRESPONSE_SCORE,2019,188,GDHM_CAT1_LEAD_GOV,GDHM_Q02,4.0,Phase 4
GDHM_SURVEY_COUNTRYRESPONSE_SCORE,2019,188,GDHM_CAT1_LEAD_GOV,GDHM_Q02a,4.0,Phase 4
GDHM_SURVEY_COUNTRYRESPONSE_SCORE,2019,188,GDHM_CAT1_LEAD_GOV,GDHM_Q03,2.0,Phase 2
GDHM_SURVEY_COUNTRYRESPONSE_SCORE,2019,188,GDHM_CAT1_LEAD_GOV,GDHM_Q04,4.0,Phase 4
GDHM_SURVEY_COUNTRYRESPONSE_SCORE,2019,188,GDHM_CAT1_LEAD_GOV,GDHM_Q04a,4.0,Phase 4
GDHM_SURVEY_CATEGORY_AVG,2019,188,GDHM_CAT1_LEAD_GOV,,4.0,Phase 4
GDHM_SURVEY_COUNTRYRESPONSE_SCORE,2019,188,GDHM_CAT2_STRAT_INV,GDHM_Q05,2.0,Phase 2
GDHM_SURVEY_COUNTRYRESPONSE_SCORE,2019,188,GDHM_CAT2_STRAT_INV,GDHM_Q05a,4.0,Phase 4
GDHM_SURVEY_COUNTRYRESPONSE_SCORE,2019,188,GDHM_CAT2_STRAT_INV,GDHM_Q06,3.0,Phase 3
GDHM_SURVEY_COUNTRYRESPONSE_SCORE,2019,188,GDHM_CAT2_STRAT_INV,GDHM_Q06a,4.0,Phase 4
GDHM_SURVEY_CATEGORY_AVG,2019,188,GDHM_CAT2_STRAT_INV,,3.0,Phase 3
GDHM_SURVEY_COUNTRYRESPONSE_SCORE,2019,188,GDHM_CAT3_LEG,GDHM_Q07,5.0,Phase 5
GDHM_SURVEY_COUNTRYRESPONSE_SCORE,2019,188,GDHM_CAT3_LEG,GDHM_Q08,5.0,Phase 5
GDHM_SURVEY_COUNTRYRESPONSE_SCORE,2019,188,GDHM_CAT3_LEG,GDHM_Q09,2.0,Phase 2
GDHM_SURVEY_COUNTRYRESPONSE_SCORE,2019,188,GDHM_CAT3_LEG,GDHM_Q09a,2.0,Phase 2
GDHM_SURVEY_COUNTRYRESPONSE_SCORE,2019,188,GDHM_CAT3_LEG,GDHM_Q10,2.0,Phase 2
GDHM_SURVEY_CATEGORY_AVG,2019,188,GDHM_CAT3_LEG,,4.0,Phase 4
GDHM_SURVEY_COUNTRYRESPONSE_SCORE,2019,188,GDHM_CAT4_WORKFORCE,GDHM_Q11,2.0,Phase 2
GDHM_SURVEY_COUNTRYRESPONSE_SCORE,2019,188,GDHM_CAT4_WORKFORCE,GDHM_Q12,2.0,Phase 2
GDHM_SURVEY_COUNTRYRESPONSE_SCORE,2019,188,GDHM_CAT4_WORKFORCE,GDHM_Q13,3.0,Phase 3
GDHM_SURVEY_COUNTRYRESPONSE_SCORE,2019,188,GDHM_CAT4_WORKFORCE,GDHM_Q14,1.0,Phase 1
GDHM_SURVEY_CATEGORY_AVG,2019,188,GDHM_CAT4_WORKFORCE,,2.0,Phase 2
GDHM_SURVEY_COUNTRYRESPONSE_SCORE,2019,188,GDHM_CAT5_STANDARDS,GDHM_Q15,2.0,Phase 2
GDHM_SURVEY_COUNTRYRESPONSE_SCORE,2019,188,GDHM_CAT5_STANDARDS,GDHM_Q16,3.0,Phase 3
GDHM_SURVEY_CATEGORY_AVG,2019,188,GDHM_CAT5_STANDARDS,,3.0,Phase 3
GDHM_SURVEY_COUNTRYRESPONSE_SCORE,2019,188,GDHM_CAT6_INFRASTRUCTURE,GDHM_Q17,4.0,Phase 4
GDHM_SURVEY_COUNTRYRESPONSE_SCORE,2019,188,GDHM_CAT6_INFRASTRUCTURE,GDHM_Q18,4.0,Phase 4
GDHM_SURVEY_CATEGORY_AVG,2019,188,GDHM_CAT6_INFRASTRUCTURE,,4.0,Phase 4
GDHM_SURVEY_COUNTRYRESPONSE_SCORE,2019,188,GDHM_CAT7_SERV_APP,GDHM_Q19,4.0,Phase 4
GDHM_SURVEY_COUNTRYRESPONSE_SCORE,2019,188,GDHM_CAT7_SERV_APP,GDHM_Q20,3.0,Phase 3
GDHM_SURVEY_COUNTRYRESPONSE_SCORE,2019,188,GDHM_CAT7_SERV_APP,GDHM_Q21,5.0,Phase 5
GDHM_SURVEY_COUNTRYRESPONSE_SCORE,2019,188,GDHM_CAT7_SERV_APP,GDHM_Q21a,1.0,Phase 1
GDHM_SURVEY_COUNTRYRESPONSE_SCORE,2019,188,GDHM_CAT7_SERV_APP,GDHM_Q21b,1.0,Phase 1
GDHM_SURVEY_COUNTRYRESPONSE_SCORE,2019,188,GDHM_CAT7_SERV_APP,GDHM_Q21c,2.0,Phase 2
GDHM_SURVEY_COUNTRYRESPONSE_SCORE,2019,188,GDHM_CAT7_SERV_APP,GDHM_Q22,1.0,Phase 1
GDHM_SURVEY_COUNTRYRESPONSE_SCORE,2019,188,GDHM_CAT7_SERV_APP,GDHM_Q23,3.0,Phase 3
GDHM_SURVEY_CATEGORY_AVG,2019,188,GDHM_CAT7_SERV_APP,,4.0,Phase 4
GDHM_SURVEY_COUNTRYRESPONSE_SCORE,2019,191,GDHM_CAT1_LEAD_GOV,GDHM_Q01,4.0,Phase 4
GDHM_SURVEY_COUNTRYRESPONSE_SCORE,2019,191,GDHM_CAT1_LEAD_GOV,GDHM_Q02,4.0,Phase 4
GDHM_SURVEY_COUNTRYRESPONSE_SCORE,2019,191,GDHM_CAT1_LEAD_GOV,GDHM_Q02a,4.0,Phase 4
GDHM_SURVEY_COUNTRYRESPONSE_SCORE,2019,191,GDHM_CAT1_LEAD_GOV,GDHM_Q03,1.0,Phase 1
GDHM_SURVEY_COUNTRYRESPONSE_SCORE,2019,191,GDHM_CAT1_LEAD_GOV,GDHM_Q04,4.0,Phase 4
GDHM_SURVEY_COUNTRYRESPONSE_SCORE,2019,132,GDHM_CAT1_LEAD_GOV,GDHM_Q01,2.0,Phase 2
GDHM_SURVEY_COUNTRYRESPONSE_SCORE,2019,132,GDHM_CAT1_LEAD_GOV,GDHM_Q02,3.0,Phase 3
GDHM_SURVEY_COUNTRYRESPONSE_SCORE,2019,132,GDHM_CAT1_LEAD_GOV,GDHM_Q02a,1.0,Phase 1
GDHM_SURVEY_COUNTRYRESPONSE_SCORE,2019,132,GDHM_CAT1_LEAD_GOV,GDHM_Q03,1.0,Phase 1
GDHM_SURVEY_COUNTRYRESPONSE_SCORE,2019,132,GDHM_CAT1_LEAD_GOV,GDHM_Q04,2.0,Phase 2
GDHM_SURVEY_COUNTRYRESPONSE_SCORE,2019,132,GDHM_CAT1_LEAD_GOV,GDHM_Q04a,1.0,Phase 1
GDHM_SURVEY_CATEGORY_AVG,2019,132,GDHM_CAT1_LEAD_GOV,,2.0,Phase 2
GDHM_SURVEY_COUNTRYRESPONSE_SCORE,2019,132,GDHM_CAT2_STRAT_INV,GDHM_Q05,2.0,Phase 2
GDHM_SURVEY_COUNTRYRESPONSE_SCORE,2019,132,GDHM_CAT2_STRAT_INV,GDHM_Q05a,3.0,Phase 3
GDHM_SURVEY_COUNTRYRESPONSE_SCORE,2019,132,GDHM_CAT2_STRAT_INV,GDHM_Q06,3.0,Phase 3
GDHM_SURVEY_COUNTRYRESPONSE_SCORE,2019,132,GDHM_CAT2_STRAT_INV,GDHM_Q06a,2.0,Phase 2
GDHM_SURVEY_CATEGORY_AVG,2019,132,GDHM_CAT2_STRAT_INV,,3.0,Phase 3
GDHM_SURVEY_COUNTRYRESPONSE_SCORE,2019,132,GDHM_CAT3_LEG,GDHM_Q07,4.0,Phase 4
GDHM_SURVEY_COUNTRYRESPONSE_SCORE,2019,132,GDHM_CAT3_LEG,GDHM_Q08,4.0,Phase 4
GDHM_SURVEY_COUNTRYRESPONSE_SCORE,2019,132,GDHM_CAT3_LEG,GDHM_Q09,2.0,Phase 2
GDHM_SURVEY_COUNTRYRESPONSE_SCORE,2019,132,GDHM_CAT3_LEG,GDHM_Q09a,2.0,Phase 2
GDHM_SURVEY_COUNTRYRESPONSE_SCORE,2019,132,GDHM_CAT3_LEG,GDHM_Q10,2.0,Phase 2
GDHM_SURVEY_CATEGORY_AVG,2019,132,GDHM_CAT3_LEG,,3.0,Phase 3
GDHM_SURVEY_COUNTRYRESPONSE_SCORE,2019,132,GDHM_CAT4_WORKFORCE,GDHM_Q11,1.0,Phase 1
GDHM_SURVEY_COUNTRYRESPONSE_SCORE,2019,132,GDHM_CAT4_WORKFORCE,GDHM_Q12,1.0,Phase 1
GDHM_SURVEY_COUNTRYRESPONSE_SCORE,2019,132,GDHM_CAT4_WORKFORCE,GDHM_Q13,2.0,Phase 2
GDHM_SURVEY_COUNTRYRESPONSE_SCORE,2019,132,GDHM_CAT4_WORKFORCE,GDHM_Q14,1.0,Phase 1
GDHM_SURVEY_CATEGORY_AVG,2019,132,GDHM_CAT4_WORKFORCE,,2.0,Phase 2
GDHM_SURVEY_COUNTRYRESPONSE_SCORE,2019,132,GDHM_CAT5_STANDARDS,GDHM_Q15,2.0,Phase 2
GDHM_SURVEY_COUNTRYRESPONSE_SCORE,2019,132,GDHM_CAT5_STANDARDS,GDHM_Q16,2.0,Phase 2
GDHM_SURVEY_CATEGORY_AVG,2019,132,GDHM_CAT5_STANDARDS,,2.0,Phase 2
GDHM_SURVEY_COUNTRYRESPONSE_SCORE,2019,132,GDHM_CAT6_INFRASTRUCTURE,GDHM_Q17,0.0,Not Available
GDHM_SURVEY_COUNTRYRESPONSE_SCORE,2019,132,GDHM_CAT6_INFRASTRUCTURE,GDHM_Q18,2.0,Phase 2
GDHM_SURVEY_CATEGORY_AVG,2019,132,GDHM_CAT6_INFRASTRUCTURE,,2.0,Phase 2
GDHM_SURVEY_COUNTRYRESPONSE_SCORE,2019,132,GDHM_CAT7_SERV_APP,GDHM_Q19,2.0,Phase 2
GDHM_SURVEY_COUNTRYRESPONSE_SCORE,2019,132,GDHM_CAT7_SERV_APP,GDHM_Q20,1.0,Phase 1
GDHM_SURVEY_COUNTRYRESPONSE_SCORE,2019,132,GDHM_CAT7_SERV_APP,GDHM_Q21,2.0,Phase 2
GDHM_SURVEY_COUNTRYRESPONSE_SCORE,2019,132,GDHM_CAT7_SERV_APP,GDHM_Q21a,2.0,Phase 2
GDHM_SURVEY_COUNTRYRESPONSE_SCORE,2019,132,GDHM_CAT7_SERV_APP,GDHM_Q21b,5.0,Phase 5
GDHM_SURVEY_COUNTRYRESPONSE_SCORE,2019,132,GDHM_CAT7_SERV_APP,GDHM_Q21c,2.0,Phase 2
GDHM_SURVEY_COUNTRYRESPONSE_SCORE,2019,132,GDHM_CAT7_SERV_APP,GDHM_Q22,2.0,Phase 2
GDHM_SURVEY_COUNTRYRESPONSE_SCORE,2019,132,GDHM_CAT7_SERV_APP,GDHM_Q23,2.0,Phase 2
GDHM_SURVEY_CATEGORY_AVG,2019,132,GDHM_CAT7_SERV_APP,,2.0,Phase 2
GDHM_SURVEY_COUNTRYRESPONSE_SCORE,2019,191,GDHM_CAT1_LEAD_GOV,GDHM_Q04a,0.0,Not Available
GDHM_SURVEY_CATEGORY_AVG,2019,191,GDHM_CAT1_LEAD_GOV,,4.0,Phase 4
GDHM_SURVEY_COUNTRYRESPONSE_SCORE,2019,191,GDHM_CAT2_STRAT_INV,GDHM_Q05,4.0,Phase 4
GDHM_SURVEY_COUNTRYRESPONSE_SCORE,2019,191,GDHM_CAT2_STRAT_INV,GDHM_Q05a,0.0,Not Available
GDHM_SURVEY_COUNTRYRESPONSE_SCORE,2019,191,GDHM_CAT2_STRAT_INV,GDHM_Q06,2.0,Phase 2
GDHM_SURVEY_COUNTRYRESPONSE_SCORE,2019,191,GDHM_CAT2_STRAT_INV,GDHM_Q06a,2.0,Phase 2
GDHM_SURVEY_CATEGORY_AVG,2019,191,GDHM_CAT2_STRAT_INV,,3.0,Phase 3
GDHM_SURVEY_COUNTRYRESPONSE_SCORE,2019,191,GDHM_CAT3_LEG,GDHM_Q07,5.0,Phase 5
GDHM_SURVEY_COUNTRYRESPONSE_SCORE,2019,191,GDHM_CAT3_LEG,GDHM_Q08,4.0,Phase 4
GDHM_SURVEY_COUNTRYRESPONSE_SCORE,2019,191,GDHM_CAT3_LEG,GDHM_Q09,0.0,Not Available
GDHM_SURVEY_COUNTRYRESPONSE_SCORE,2019,191,GDHM_CAT3_LEG,GDHM_Q09a,0.0,Not Available
GDHM_SURVEY_COUNTRYRESPONSE_SCORE,2019,191,GDHM_CAT3_LEG,GDHM_Q10,1.0,Phase 1
GDHM_SURVEY_CATEGORY_AVG,2019,191,GDHM_CAT3_LEG,,4.0,Phase 4
GDHM_SURVEY_COUNTRYRESPONSE_SCORE,2019,191,GDHM_CAT4_WORKFORCE,GDHM_Q11,2.0,Phase 2
GDHM_SURVEY_COUNTRYRESPONSE_SCORE,2019,191,GDHM_CAT4_WORKFORCE,GDHM_Q12,2.0,Phase 2
GDHM_SURVEY_COUNTRYRESPONSE_SCORE,2019,191,GDHM_CAT4_WORKFORCE,GDHM_Q13,2.0,Phase 2
GDHM_SURVEY_COUNTRYRESPONSE_SCORE,2019,191,GDHM_CAT4_WORKFORCE,GDHM_Q14,0.0,Not Available
GDHM_SURVEY_CATEGORY_AVG,2019,191,GDHM_CAT4_WORKFORCE,,2.0,Phase 2
GDHM_SURVEY_COUNTRYRESPONSE_SCORE,2019,191,GDHM_CAT5_STANDARDS,GDHM_Q15,5.0,Phase 5
GDHM_SURVEY_COUNTRYRESPONSE_SCORE,2019,191,GDHM_CAT5_STANDARDS,GDHM_Q16,3.0,Phase 3
GDHM_SURVEY_CATEGORY_AVG,2019,191,GDHM_CAT5_STANDARDS,,4.0,Phase 4
GDHM_SURVEY_COUNTRYRESPONSE_SCORE,2019,191,GDHM_CAT6_INFRASTRUCTURE,GDHM_Q17,4.0,Phase 4
GDHM_SURVEY_COUNTRYRESPONSE_SCORE,2019,191,GDHM_CAT6_INFRASTRUCTURE,GDHM_Q18,5.0,Phase 5
GDHM_SURVEY_CATEGORY_AVG,2019,191,GDHM_CAT6_INFRASTRUCTURE,,5.0,Phase 5
GDHM_SURVEY_COUNTRYRESPONSE_SCORE,2019,191,GDHM_CAT7_SERV_APP,GDHM_Q19,4.0,Phase 4
GDHM_SURVEY_COUNTRYRESPONSE_SCORE,2019,191,GDHM_CAT7_SERV_APP,GDHM_Q20,0.0,Not Available
GDHM_SURVEY_COUNTRYRESPONSE_SCORE,2019,191,GDHM_CAT7_SERV_APP,GDHM_Q21,0.0,Not Available
GDHM_SURVEY_COUNTRYRESPONSE_SCORE,2019,191,GDHM_CAT7_SERV_APP,GDHM_Q21a,0.0,Not Available
GDHM_SURVEY_COUNTRYRESPONSE_SCORE,2019,191,GDHM_CAT7_SERV_APP,GDHM_Q21b,0.0,Not Available
GDHM_SURVEY_COUNTRYRESPONSE_SCORE,2019,191,GDHM_CAT7_SERV_APP,GDHM_Q21c,0.0,Not Available
GDHM_SURVEY_COUNTRYRESPONSE_SCORE,2019,191,GDHM_CAT7_SERV_APP,GDHM_Q22,0.0,Not Available
GDHM_SURVEY_COUNTRYRESPONSE_SCORE,2019,191,GDHM_CAT7_SERV_APP,GDHM_Q23,0.0,Not Available
GDHM_SURVEY_CATEGORY_AVG,2019,191,GDHM_CAT7_SERV_APP,,4.0,Phase 4
GDHM_SURVEY_COUNTRYRESPONSE_SCORE,2019,384,GDHM_CAT1_LEAD_GOV,GDHM_Q01,4.0,Phase 4
GDHM_SURVEY_COUNTRYRESPONSE_SCORE,2019,384,GDHM_CAT1_LEAD_GOV,GDHM_Q02,4.0,Phase 4
GDHM_SURVEY_COUNTRYRESPONSE_SCORE,2019,384,GDHM_CAT1_LEAD_GOV,GDHM_Q02a,4.0,Phase 4
GDHM_SURVEY_COUNTRYRESPONSE_SCORE,2019,384,GDHM_CAT1_LEAD_GOV,GDHM_Q03,1.0,Phase 1
GDHM_SURVEY_COUNTRYRESPONSE_SCORE,2019,384,GDHM_CAT1_LEAD_GOV,GDHM_Q04,2.0,Phase 2
GDHM_SURVEY_COUNTRYRESPONSE_SCORE,2019,384,GDHM_CAT1_LEAD_GOV,GDHM_Q04a,2.0,Phase 2
GDHM_SURVEY_CATEGORY_AVG,2019,384,GDHM_CAT1_LEAD_GOV,,3.0,Phase 3
GDHM_SURVEY_CATEGORY_AVG,2023,004,GDHM_CAT3_LEG,,1.0,Phase 1
GDHM_SURVEY_COUNTRYRESPONSE_SCORE,2023,004,GDHM_CAT4_WORKFORCE,GDHM_Q11,1.0,Phase 1
GDHM_SURVEY_COUNTRYRESPONSE_SCORE,2023,004,GDHM_CAT4_WORKFORCE,GDHM_Q12,1.0,Phase 1
GDHM_SURVEY_COUNTRYRESPONSE_SCORE,2023,004,GDHM_CAT4_WORKFORCE,GDHM_Q13,1.0,Phase 1
GDHM_SURVEY_COUNTRYRESPONSE_SCORE,2023,004,GDHM_CAT4_WORKFORCE,GDHM_Q14,1.0,Phase 1
GDHM_SURVEY_CATEGORY_AVG,2023,004,GDHM_CAT4_WORKFORCE,,1.0,Phase 1
GDHM_SURVEY_COUNTRYRESPONSE_SCORE,2023,004,GDHM_CAT5_STANDARDS,GDHM_Q15,1.0,Phase 1
GDHM_SURVEY_COUNTRYRESPONSE_SCORE,2023,004,GDHM_CAT5_STANDARDS,GDHM_Q16,2.0,Phase 2
GDHM_SURVEY_CATEGORY_AVG,2023,004,GDHM_CAT5_STANDARDS,,2.0,Phase 2
GDHM_SURVEY_COUNTRYRESPONSE_SCORE,2023,004,GDHM_CAT6_INFRASTRUCTURE,GDHM_Q17,0.0,Not Available
GDHM_SURVEY_COUNTRYRESPONSE_SCORE,2023,004,GDHM_CAT6_INFRASTRUCTURE,GDHM_Q18,1.0,Phase 1
GDHM_SURVEY_CATEGORY_AVG,2023,004,GDHM_CAT6_INFRASTRUCTURE,,1.0,Phase 1
GDHM_SURVEY_COUNTRYRESPONSE_SCORE,2023,004,GDHM_CAT7_SERV_APP,GDHM_Q19,2.0,Phase 2
GDHM_SURVEY_COUNTRYRESPONSE_SCORE,2023,004,GDHM_CAT7_SERV_APP,GDHM_Q20,2.0,Phase 2
GDHM_SURVEY_COUNTRYRESPONSE_SCORE,2023,004,GDHM_CAT7_SERV_APP,GDHM_Q21,2.0,Phase 2
GDHM_SURVEY_COUNTRYRESPONSE_SCORE,2023,004,GDHM_CAT7_SERV_APP,GDHM_Q21a,3.0,Phase 3
GDHM_SURVEY_COUNTRYRESPONSE_SCORE,2023,004,GDHM_CAT7_SERV_APP,GDHM_Q21b,2.0,Phase 2
GDHM_SURVEY_COUNTRYRESPONSE_SCORE,2023,004,GDHM_CAT7_SERV_APP,GDHM_Q21c,2.0,Phase 2
GDHM_SURVEY_COUNTRYRESPONSE_SCORE,2023,004,GDHM_CAT7_SERV_APP,GDHM_Q22,0.0,Not Available
GDHM_SURVEY_COUNTRYRESPONSE_SCORE,2023,004,GDHM_CAT7_SERV_APP,GDHM_Q23,2.0,Phase 2
GDHM_SURVEY_CATEGORY_AVG,2023,004,GDHM_CAT7_SERV_APP,,2.0,Phase 2
GDHM_SURVEY_COUNTRYRESPONSE_SCORE,2023,008,GDHM_CAT1_LEAD_GOV,GDHM_Q01,0.0,Not Available
GDHM_SURVEY_COUNTRYRESPONSE_SCORE,2023,008,GDHM_CAT1_LEAD_GOV,GDHM_Q02,0.0,Not Available
GDHM_SURVEY_COUNTRYRESPONSE_SCORE,2023,008,GDHM_CAT1_LEAD_GOV,GDHM_Q02a,0.0,Not Available
GDHM_SURVEY_COUNTRYRESPONSE_SCORE,2023,008,GDHM_CAT1_LEAD_GOV,GDHM_Q03,0.0,Not Available
GDHM_SURVEY_COUNTRYRESPONSE_SCORE,2023,008,GDHM_CAT1_LEAD_GOV,GDHM_Q04,3.0,Phase 3
GDHM_SURVEY_COUNTRYRESPONSE_SCORE,2023,008,GDHM_CAT1_LEAD_GOV,GDHM_Q04a,0.0,Not Available
GDHM_SURVEY_CATEGORY_AVG,2023,008,GDHM_CAT1_LEAD_GOV,,3.0,Phase 3
GDHM_SURVEY_COUNTRYRESPONSE_SCORE,2023,008,GDHM_CAT2_STRAT_INV,GDHM_Q05,0.0,Not Available
GDHM_SURVEY_COUNTRYRESPONSE_SCORE,2023,008,GDHM_CAT2_STRAT_INV,GDHM_Q05a,0.0,Not Available
GDHM_SURVEY_COUNTRYRESPONSE_SCORE,2023,008,GDHM_CAT2_STRAT_INV,GDHM_Q06,0.0,Not Available
GDHM_SURVEY_COUNTRYRESPONSE_SCORE,2023,008,GDHM_CAT2_STRAT_INV,GDHM_Q06a,3.0,Phase 3
GDHM_SURVEY_CATEGORY_AVG,2023,008,GDHM_CAT2_STRAT_INV,,1.0,Not Available
GDHM_SURVEY_COUNTRYRESPONSE_SCORE,2023,008,GDHM_CAT3_LEG,GDHM_Q07,4.0,Phase 4
GDHM_SURVEY_COUNTRYRESPONSE_SCORE,2023,008,GDHM_CAT3_LEG,GDHM_Q08,4.0,Phase 4
GDHM_SURVEY_COUNTRYRESPONSE_SCORE,2023,008,GDHM_CAT3_LEG,GDHM_Q09,3.0,Phase 3
GDHM_SURVEY_COUNTRYRESPONSE_SCORE,2023,008,GDHM_CAT3_LEG,GDHM_Q09a,0.0,Not Available
GDHM_SURVEY_COUNTRYRESPONSE_SCORE,2023,008,GDHM_CAT3_LEG,GDHM_Q10,0.0,Not Available
GDHM_SURVEY_CATEGORY_AVG,2023,008,GDHM_CAT3_LEG,,4.0,Phase 4
GDHM_SURVEY_COUNTRYRESPONSE_SCORE,2023,008,GDHM_CAT4_WORKFORCE,GDHM_Q11,0.0,Not Available
GDHM_SURVEY_COUNTRYRESPONSE_SCORE,2023,008,GDHM_CAT4_WORKFORCE,GDHM_Q12,0.0,Not Available
GDHM_SURVEY_COUNTRYRESPONSE_SCORE,2023,008,GDHM_CAT4_WORKFORCE,GDHM_Q13,0.0,Not Available
GDHM_SURVEY_COUNTRYRESPONSE_SCORE,2023,008,GDHM_CAT4_WORKFORCE,GDHM_Q14,0.0,Not Available
GDHM_SURVEY_CATEGORY_AVG,2023,008,GDHM_CAT4_WORKFORCE,,1.0,Not Available
GDHM_SURVEY_COUNTRYRESPONSE_SCORE,2023,008,GDHM_CAT5_STANDARDS,GDHM_Q15,0.0,Not Available
GDHM_SURVEY_COUNTRYRESPONSE_SCORE,2023,008,GDHM_CAT5_STANDARDS,GDHM_Q16,0.0,Not Available
GDHM_SURVEY_CATEGORY_AVG,2023,008,GDHM_CAT5_STANDARDS,,1.0,Not Available
GDHM_SURVEY_COUNTRYRESPONSE_SCORE,2023,008,GDHM_CAT6_INFRASTRUCTURE,GDHM_Q17,2.0,Phase 2
GDHM_SURVEY_COUNTRYRESPONSE_SCORE,2023,008,GDHM_CAT6_INFRASTRUCTURE,GDHM_Q18,4.0,Phase 4
GDHM_SURVEY_CATEGORY_AVG,2023,008,GDHM_CAT6_INFRASTRUCTURE,,3.0,Phase 3
GDHM_SURVEY_COUNTRYRESPONSE_SCORE,2023,008,GDHM_CAT7_SERV_APP,GDHM_Q19,0.0,Not Available
GDHM_SURVEY_COUNTRYRESPONSE_SCORE,2023,008,GDHM_CAT7_SERV_APP,GDHM_Q20,0.0,Not Available
GDHM_SURVEY_COUNTRYRESPONSE_SCORE,2023,008,GDHM_CAT7_SERV_APP,GDHM_Q21,0.0,Not Available
GDHM_SURVEY_COUNTRYRESPONSE_SCORE,2023,008,GDHM_CAT7_SERV_APP,GDHM_Q21a,0.0,Not Available
GDHM_SURVEY_COUNTRYRESPONSE_SCORE,2023,008,GDHM_CAT7_SERV_APP,GDHM_Q21b,0.0,Not Available
GDHM_SURVEY_COUNTRYRESPONSE_SCORE,2023,008,GDHM_CAT7_SERV_APP,GDHM_Q21c,0.0,Not Available
GDHM_SURVEY_COUNTRYRESPONSE_SCORE,2023,008,GDHM_CAT7_SERV_APP,GDHM_Q22,0.0,Not Available
GDHM_SURVEY_COUNTRYRESPONSE_SCORE,2023,008,GDHM_CAT7_SERV_APP,GDHM_Q23,0.0,Not Available
GDHM_SURVEY_CATEGORY_AVG,2023,008,GDHM_CAT7_SERV_APP,,1.0,Not Available
GDHM_SURVEY_COUNTRYRESPONSE_SCORE,2023,012,GDHM_CAT1_LEAD_GOV,GDHM_Q01,0.0,Not Available
GDHM_SURVEY_COUNTRYRESPONSE_SCORE,2023,012,GDHM_CAT1_LEAD_GOV,GDHM_Q02,0.0,Not Available
GDHM_SURVEY_COUNTRYRESPONSE_SCORE,2023,012,GDHM_CAT1_LEAD_GOV,GDHM_Q02a,0.0,Not Available
GDHM_SURVEY_COUNTRYRESPONSE_SCORE,2023,012,GDHM_CAT1_LEAD_GOV,GDHM_Q03,0.0,Not Available
GDHM_SURVEY_COUNTRYRESPONSE_SCORE,2023,012,GDHM_CAT1_LEAD_GOV,GDHM_Q04,3.0,Phase 3
GDHM_SURVEY_COUNTRYRESPONSE_SCORE,2023,012,GDHM_CAT1_LEAD_GOV,GDHM_Q04a,0.0,Not Available
GDHM_SURVEY_CATEGORY_AVG,2023,012,GDHM_CAT1_LEAD_GOV,,3.0,Phase 3
GDHM_SURVEY_COUNTRYRESPONSE_SCORE,2023,012,GDHM_CAT2_STRAT_INV,GDHM_Q05,0.0,Not Available
GDHM_SURVEY_COUNTRYRESPONSE_SCORE,2023,012,GDHM_CAT2_STRAT_INV,GDHM_Q05a,0.0,Not Available
GDHM_SURVEY_COUNTRYRESPONSE_SCORE,2023,012,GDHM_CAT2_STRAT_INV,GDHM_Q06,0.0,Not Available
GDHM_SURVEY_COUNTRYRESPONSE_SCORE,2023,012,GDHM_CAT2_STRAT_INV,GDHM_Q06a,2.0,Phase 2
GDHM_SURVEY_CATEGORY_AVG,2023,012,GDHM_CAT2_STRAT_INV,,1.0,Not Available
GDHM_SURVEY_COUNTRYRESPONSE_SCORE,2023,012,GDHM_CAT3_LEG,GDHM_Q07,2.0,Phase 2
GDHM_SURVEY_COUNTRYRESPONSE_SCORE,2023,012,GDHM_CAT3_LEG,GDHM_Q08,3.0,Phase 3
GDHM_SURVEY_COUNTRYRESPONSE_SCORE,2023,012,GDHM_CAT3_LEG,GDHM_Q09,0.0,Not Available
GDHM_SURVEY_COUNTRYRESPONSE_SCORE,2023,012,GDHM_CAT3_LEG,GDHM_Q09a,0.0,Not Available
GDHM_SURVEY_COUNTRYRESPONSE_SCORE,2023,012,GDHM_CAT3_LEG,GDHM_Q10,0.0,Not Available
GDHM_SURVEY_CATEGORY_AVG,2023,012,GDHM_CAT3_LEG,,3.0,Phase 3
GDHM_SURVEY_COUNTRYRESPONSE_SCORE,2023,012,GDHM_CAT4_WORKFORCE,GDHM_Q11,0.0,Not Available
GDHM_SURVEY_COUNTRYRESPONSE_SCORE,2023,012,GDHM_CAT4_WORKFORCE,GDHM_Q12,0.0,Not Available
GDHM_SURVEY_COUNTRYRESPONSE_SCORE,2023,012,GDHM_CAT4_WORKFORCE,GDHM_Q13,0.0,Not Available
GDHM_SURVEY_COUNTRYRESPONSE_SCORE,2023,012,GDHM_CAT4_WORKFORCE,GDHM_Q14,0.0,Not Available
GDHM_SURVEY_CATEGORY_AVG,2023,012,GDHM_CAT4_WORKFORCE,,1.0,Not Available
GDHM_SURVEY_COUNTRYRESPONSE_SCORE,2023,012,GDHM_CAT5_STANDARDS,GDHM_Q15,0.0,Not Available
GDHM_SURVEY_COUNTRYRESPONSE_SCORE,2023,012,GDHM_CAT5_STANDARDS,GDHM_Q16,0.0,Not Available
GDHM_SURVEY_CATEGORY_AVG,2023,012,GDHM_CAT5_STANDARDS,,1.0,Not Available
GDHM_SURVEY_COUNTRYRESPONSE_SCORE,2023,012,GDHM_CAT6_INFRASTRUCTURE,GDHM_Q17,2.0,Phase 2
GDHM_SURVEY_COUNTRYRESPONSE_SCORE,2023,012,GDHM_CAT6_INFRASTRUCTURE,GDHM_Q18,3.0,Phase 3
GDHM_SURVEY_CATEGORY_AVG,2023,012,GDHM_CAT6_INFRASTRUCTURE,,3.0,Phase 3
GDHM_SURVEY_COUNTRYRESPONSE_SCORE,2023,012,GDHM_CAT7_SERV_APP,GDHM_Q19,0.0,Not Available
GDHM_SURVEY_COUNTRYRESPONSE_SCORE,2023,012,GDHM_CAT7_SERV_APP,GDHM_Q20,0.0,Not Available
GDHM_SURVEY_COUNTRYRESPONSE_SCORE,2023,012,GDHM_CAT7_SERV_APP,GDHM_Q21,0.0,Not Available
GDHM_SURVEY_COUNTRYRESPONSE_SCORE,2023,012,GDHM_CAT7_SERV_APP,GDHM_Q21a,0.0,Not Available
GDHM_SURVEY_COUNTRYRESPONSE_SCORE,2023,012,GDHM_CAT7_SERV_APP,GDHM_Q21b,0.0,Not Available
GDHM_SURVEY_COUNTRYRESPONSE_SCORE,2023,012,GDHM_CAT7_SERV_APP,GDHM_Q21c,0.0,Not Available
GDHM_SURVEY_COUNTRYRESPONSE_SCORE,2023,012,GDHM_CAT7_SERV_APP,GDHM_Q22,0.0,Not Available
GDHM_SURVEY_COUNTRYRESPONSE_SCORE,2023,012,GDHM_CAT7_SERV_APP,GDHM_Q23,0.0,Not Available
GDHM_SURVEY_CATEGORY_AVG,2023,012,GDHM_CAT7_SERV_APP,,1.0,Not Available
GDHM_SURVEY_COUNTRYRESPONSE_SCORE,2023,024,GDHM_CAT1_LEAD_GOV,GDHM_Q01,0.0,Not Available
GDHM_SURVEY_COUNTRYRESPONSE_SCORE,2023,024,GDHM_CAT1_LEAD_GOV,GDHM_Q02,0.0,Not Available
GDHM_SURVEY_COUNTRYRESPONSE_SCORE,2023,024,GDHM_CAT1_LEAD_GOV,GDHM_Q02a,0.0,Not Available
GDHM_SURVEY_COUNTRYRESPONSE_SCORE,2023,024,GDHM_CAT1_LEAD_GOV,GDHM_Q03,0.0,Not Available
GDHM_SURVEY_COUNTRYRESPONSE_SCORE,2023,024,GDHM_CAT1_LEAD_GOV,GDHM_Q04,2.0,Phase 2
GDHM_SURVEY_COUNTRYRESPONSE_SCORE,2023,024,GDHM_CAT1_LEAD_GOV,GDHM_Q04a,0.0,Not Available
GDHM_SURVEY_CATEGORY_AVG,2023,024,GDHM_CAT1_LEAD_GOV,,2.0,Phase 2
GDHM_SURVEY_COUNTRYRESPONSE_SCORE,2023,024,GDHM_CAT2_STRAT_INV,GDHM_Q05,0.0,Not Available
GDHM_SURVEY_COUNTRYRESPONSE_SCORE,2023,024,GDHM_CAT2_STRAT_INV,GDHM_Q05a,0.0,Not Available
GDHM_SURVEY_COUNTRYRESPONSE_SCORE,2023,024,GDHM_CAT2_STRAT_INV,GDHM_Q06,0.0,Not Available
GDHM_SURVEY_COUNTRYRESPONSE_SCORE,2023,024,GDHM_CAT2_STRAT_INV,GDHM_Q06a,2.0,Phase 2
GDHM_SURVEY_CATEGORY_AVG,2023,024,GDHM_CAT2_STRAT_INV,,1.0,Not Available
GDHM_SURVEY_COUNTRYRESPONSE_SCORE,2023,024,GDHM_CAT3_LEG,GDHM_Q07,1.0,Phase 1
GDHM_SURVEY_COUNTRYRESPONSE_SCORE,2023,024,GDHM_CAT3_LEG,GDHM_Q08,4.0,Phase 4
GDHM_SURVEY_COUNTRYRESPONSE_SCORE,2023,024,GDHM_CAT3_LEG,GDHM_Q09,1.0,Phase 1
GDHM_SURVEY_COUNTRYRESPONSE_SCORE,2023,024,GDHM_CAT3_LEG,GDHM_Q09a,0.0,Not Available
GDHM_SURVEY_COUNTRYRESPONSE_SCORE,2023,024,GDHM_CAT3_LEG,GDHM_Q10,0.0,Not Available
GDHM_SURVEY_CATEGORY_AVG,2023,024,GDHM_CAT3_LEG,,2.0,Phase 2
GDHM_SURVEY_COUNTRYRESPONSE_SCORE,2023,024,GDHM_CAT4_WORKFORCE,GDHM_Q11,0.0,Not Available
GDHM_SURVEY_COUNTRYRESPONSE_SCORE,2023,024,GDHM_CAT4_WORKFORCE,GDHM_Q12,0.0,Not Available
GDHM_SURVEY_COUNTRYRESPONSE_SCORE,2023,024,GDHM_CAT4_WORKFORCE,GDHM_Q13,0.0,Not Available
GDHM_SURVEY_COUNTRYRESPONSE_SCORE,2023,024,GDHM_CAT4_WORKFORCE,GDHM_Q14,0.0,Not Available
GDHM_SURVEY_CATEGORY_AVG,2023,024,GDHM_CAT4_WORKFORCE,,1.0,Not Available
GDHM_SURVEY_COUNTRYRESPONSE_SCORE,2023,024,GDHM_CAT5_STANDARDS,GDHM_Q15,0.0,Not Available
GDHM_SURVEY_COUNTRYRESPONSE_SCORE,2023,024,GDHM_CAT5_STANDARDS,GDHM_Q16,0.0,Not Available
GDHM_SURVEY_CATEGORY_AVG,2023,024,GDHM_CAT5_STANDARDS,,1.0,Not Available
GDHM_SURVEY_COUNTRYRESPONSE_SCORE,2023,024,GDHM_CAT6_INFRASTRUCTURE,GDHM_Q17,2.0,Phase 2
GDHM_SURVEY_COUNTRYRESPONSE_SCORE,2023,024,GDHM_CAT6_INFRASTRUCTURE,GDHM_Q18,3.0,Phase 3
GDHM_SURVEY_CATEGORY_AVG,2023,024,GDHM_CAT6_INFRASTRUCTURE,,3.0,Phase 3
GDHM_SURVEY_COUNTRYRESPONSE_SCORE,2023,024,GDHM_CAT7_SERV_APP,GDHM_Q19,0.0,Not Available
GDHM_SURVEY_COUNTRYRESPONSE_SCORE,2023,024,GDHM_CAT7_SERV_APP,GDHM_Q20,0.0,Not Available
GDHM_SURVEY_COUNTRYRESPONSE_SCORE,2023,024,GDHM_CAT7_SERV_APP,GDHM_Q21,0.0,Not Available
GDHM_SURVEY_COUNTRYRESPONSE_SCORE,2023,024,GDHM_CAT7_SERV_APP,GDHM_Q21a,0.0,Not Available
GDHM_SURVEY_COUNTRYRESPONSE_SCORE,2023,024,GDHM_CAT7_SERV_APP,GDHM_Q21b,0.0,Not Available
GDHM_SURVEY_COUNTRYRESPONSE_SCORE,2023,024,GDHM_CAT7_SERV_APP,GDHM_Q21c,0.0,Not Available
GDHM_SURVEY_COUNTRYRESPONSE_SCORE,2023,024,GDHM_CAT7_SERV_APP,GDHM_Q22,0.0,Not Available
GDHM_SURVEY_COUNTRYRESPONSE_SCORE,2023,024,GDHM_CAT7_SERV_APP,GDHM_Q23,0.0,Not Available
GDHM_SURVEY_CATEGORY_AVG,2023,024,GDHM_CAT7_SERV_APP,,1.0,Not Available
GDHM_SURVEY_COUNTRYRESPONSE_SCORE,2023,028,GDHM_CAT1_LEAD_GOV,GDHM_Q01,0.0,Not Available
GDHM_SURVEY_COUNTRYRESPONSE_SCORE,2023,028,GDHM_CAT1_LEAD_GOV,GDHM_Q02,0.0,Not Available
GDHM_SURVEY_COUNTRYRESPONSE_SCORE,2023,028,GDHM_CAT1_LEAD_GOV,GDHM_Q02a,0.0,Not Available
GDHM_SURVEY_COUNTRYRESPONSE_SCORE,2023,028,GDHM_CAT1_LEAD_GOV,GDHM_Q03,0.0,Not Available
GDHM_SURVEY_COUNTRYRESPONSE_SCORE,2023,028,GDHM_CAT1_LEAD_GOV,GDHM_Q04,0.0,Not Available
GDHM_SURVEY_COUNTRYRESPONSE_SCORE,2023,028,GDHM_CAT1_LEAD_GOV,GDHM_Q04a,0.0,Not Available
GDHM_SURVEY_CATEGORY_AVG,2023,028,GDHM_CAT1_LEAD_GOV,,1.0,Not Available
GDHM_SURVEY_COUNTRYRESPONSE_SCORE,2023,028,GDHM_CAT2_STRAT_INV,GDHM_Q05,0.0,Not Available
GDHM_SURVEY_COUNTRYRESPONSE_SCORE,2023,028,GDHM_CAT2_STRAT_INV,GDHM_Q05a,0.0,Not Available
GDHM_SURVEY_COUNTRYRESPONSE_SCORE,2023,028,GDHM_CAT2_STRAT_INV,GDHM_Q06,0.0,Not Available
GDHM_SURVEY_COUNTRYRESPONSE_SCORE,2023,028,GDHM_CAT2_STRAT_INV,GDHM_Q06a,0.0,Not Available
GDHM_SURVEY_CATEGORY_AVG,2023,028,GDHM_CAT2_STRAT_INV,,1.0,Not Available
GDHM_SURVEY_COUNTRYRESPONSE_SCORE,2023,028,GDHM_CAT3_LEG,GDHM_Q07,0.0,Not Available
GDHM_SURVEY_COUNTRYRESPONSE_SCORE,2023,028,GDHM_CAT3_LEG,GDHM_Q08,0.0,Not Available
GDHM_SURVEY_COUNTRYRESPONSE_SCORE,2023,028,GDHM_CAT3_LEG,GDHM_Q09,0.0,Not Available
GDHM_SURVEY_COUNTRYRESPONSE_SCORE,2023,028,GDHM_CAT3_LEG,GDHM_Q09a,0.0,Not Available
GDHM_SURVEY_COUNTRYRESPONSE_SCORE,2023,028,GDHM_CAT3_LEG,GDHM_Q10,0.0,Not Available
GDHM_SURVEY_CATEGORY_AVG,2023,028,GDHM_CAT3_LEG,,1.0,Not Available
GDHM_SURVEY_COUNTRYRESPONSE_SCORE,2023,028,GDHM_CAT4_WORKFORCE,GDHM_Q11,0.0,Not Available
GDHM_SURVEY_COUNTRYRESPONSE_SCORE,2023,028,GDHM_CAT4_WORKFORCE,GDHM_Q12,0.0,Not Available
GDHM_SURVEY_COUNTRYRESPONSE_SCORE,2023,028,GDHM_CAT4_WORKFORCE,GDHM_Q13,0.0,Not Available
GDHM_SURVEY_COUNTRYRESPONSE_SCORE,2023,028,GDHM_CAT4_WORKFORCE,GDHM_Q14,0.0,Not Available
GDHM_SURVEY_CATEGORY_AVG,2023,028,GDHM_CAT4_WORKFORCE,,1.0,Not Available
GDHM_SURVEY_COUNTRYRESPONSE_SCORE,2023,028,GDHM_CAT5_STANDARDS,GDHM_Q15,0.0,Not Available
GDHM_SURVEY_COUNTRYRESPONSE_SCORE,2023,028,GDHM_CAT5_STANDARDS,GDHM_Q16,0.0,Not Available
GDHM_SURVEY_COUNTRYRESPONSE_SCORE,2023,854,GDHM_CAT6_INFRASTRUCTURE,GDHM_Q17,2.0,Phase 2
GDHM_SURVEY_COUNTRYRESPONSE_SCORE,2023,854,GDHM_CAT6_INFRASTRUCTURE,GDHM_Q18,2.0,Phase 2
GDHM_SURVEY_CATEGORY_AVG,2023,854,GDHM_CAT6_INFRASTRUCTURE,,2.0,Phase 2
GDHM_SURVEY_COUNTRYRESPONSE_SCORE,2023,854,GDHM_CAT7_SERV_APP,GDHM_Q19,0.0,Not Available
GDHM_SURVEY_COUNTRYRESPONSE_SCORE,2023,854,GDHM_CAT7_SERV_APP,GDHM_Q20,0.0,Not Available
GDHM_SURVEY_COUNTRYRESPONSE_SCORE,2023,854,GDHM_CAT7_SERV_APP,GDHM_Q21,0.0,Not Available
GDHM_SURVEY_COUNTRYRESPONSE_SCORE,2023,854,GDHM_CAT7_SERV_APP,GDHM_Q21a,0.0,Not Available
GDHM_SURVEY_COUNTRYRESPONSE_SCORE,2023,854,GDHM_CAT7_SERV_APP,GDHM_Q21b,0.0,Not Available
GDHM_SURVEY_COUNTRYRESPONSE_SCORE,2023,854,GDHM_CAT7_SERV_APP,GDHM_Q21c,0.0,Not Available
GDHM_SURVEY_COUNTRYRESPONSE_SCORE,2023,854,GDHM_CAT7_SERV_APP,GDHM_Q22,0.0,Not Available
GDHM_SURVEY_COUNTRYRESPONSE_SCORE,2023,854,GDHM_CAT7_SERV_APP,GDHM_Q23,0.0,Not Available
GDHM_SURVEY_CATEGORY_AVG,2023,854,GDHM_CAT7_SERV_APP,,1.0,Not Available
GDHM_SURVEY_COUNTRYRESPONSE_SCORE,2023,108,GDHM_CAT1_LEAD_GOV,GDHM_Q01,5.0,Phase 5
GDHM_SURVEY_COUNTRYRESPONSE_SCORE,2023,108,GDHM_CAT1_LEAD_GOV,GDHM_Q02,5.0,Phase 5
GDHM_SURVEY_COUNTRYRESPONSE_SCORE,2023,108,GDHM_CAT1_LEAD_GOV,GDHM_Q02a,3.0,Phase 3
GDHM_SURVEY_COUNTRYRESPONSE_SCORE,2023,108,GDHM_CAT1_LEAD_GOV,GDHM_Q03,1.0,Phase 1
GDHM_SURVEY_COUNTRYRESPONSE_SCORE,2023,108,GDHM_CAT1_LEAD_GOV,GDHM_Q04,0.0,Not Available
GDHM_SURVEY_COUNTRYRESPONSE_SCORE,2023,108,GDHM_CAT1_LEAD_GOV,GDHM_Q04a,1.0,Phase 1
GDHM_SURVEY_CATEGORY_AVG,2023,108,GDHM_CAT1_LEAD_GOV,,4.0,Phase 4
GDHM_SURVEY_COUNTRYRESPONSE_SCORE,2023,108,GDHM_CAT2_STRAT_INV,GDHM_Q05,5.0,Phase 5
GDHM_SURVEY_COUNTRYRESPONSE_SCORE,2023,108,GDHM_CAT2_STRAT_INV,GDHM_Q05a,5.0,Phase 5
GDHM_SURVEY_COUNTRYRESPONSE_SCORE,2023,108,GDHM_CAT2_STRAT_INV,GDHM_Q06,3.0,Phase 3
GDHM_SURVEY_COUNTRYRESPONSE_SCORE,2023,108,GDHM_CAT2_STRAT_INV,GDHM_Q06a,2.0,Phase 2
GDHM_SURVEY_CATEGORY_AVG,2023,108,GDHM_CAT2_STRAT_INV,,4.0,Phase 4
GDHM_SURVEY_COUNTRYRESPONSE_SCORE,2023,108,GDHM_CAT3_LEG,GDHM_Q07,3.0,Phase 3
GDHM_SURVEY_COUNTRYRESPONSE_SCORE,2023,108,GDHM_CAT3_LEG,GDHM_Q08,1.0,Phase 1
GDHM_SURVEY_COUNTRYRESPONSE_SCORE,2023,108,GDHM_CAT3_LEG,GDHM_Q09,1.0,Phase 1
GDHM_SURVEY_COUNTRYRESPONSE_SCORE,2023,108,GDHM_CAT3_LEG,GDHM_Q09a,1.0,Phase 1
GDHM_SURVEY_COUNTRYRESPONSE_SCORE,2023,108,GDHM_CAT3_LEG,GDHM_Q10,1.0,Phase 1
GDHM_SURVEY_CATEGORY_AVG,2023,108,GDHM_CAT3_LEG,,2.0,Phase 2
GDHM_SURVEY_COUNTRYRESPONSE_SCORE,2023,108,GDHM_CAT4_WORKFORCE,GDHM_Q11,2.0,Phase 2
GDHM_SURVEY_COUNTRYRESPONSE_SCORE,2023,108,GDHM_CAT4_WORKFORCE,GDHM_Q12,2.0,Phase 2
GDHM_SURVEY_COUNTRYRESPONSE_SCORE,2023,108,GDHM_CAT4_WORKFORCE,GDHM_Q13,4.0,Phase 4
GDHM_SURVEY_COUNTRYRESPONSE_SCORE,2023,108,GDHM_CAT4_WORKFORCE,GDHM_Q14,1.0,Phase 1
GDHM_SURVEY_CATEGORY_AVG,2023,108,GDHM_CAT4_WORKFORCE,,3.0,Phase 3
GDHM_SURVEY_COUNTRYRESPONSE_SCORE,2023,108,GDHM_CAT5_STANDARDS,GDHM_Q15,2.0,Phase 2
GDHM_SURVEY_COUNTRYRESPONSE_SCORE,2023,108,GDHM_CAT5_STANDARDS,GDHM_Q16,1.0,Phase 1
GDHM_SURVEY_CATEGORY_AVG,2023,108,GDHM_CAT5_STANDARDS,,2.0,Phase 2
GDHM_SURVEY_COUNTRYRESPONSE_SCORE,2023,108,GDHM_CAT6_INFRASTRUCTURE,GDHM_Q17,0.0,Not Available
GDHM_SURVEY_COUNTRYRESPONSE_SCORE,2023,108,GDHM_CAT6_INFRASTRUCTURE,GDHM_Q18,1.0,Phase 1
GDHM_SURVEY_CATEGORY_AVG,2023,108,GDHM_CAT6_INFRASTRUCTURE,,1.0,Phase 1
GDHM_SURVEY_COUNTRYRESPONSE_SCORE,2023,108,GDHM_CAT7_SERV_APP,GDHM_Q19,2.0,Phase 2
GDHM_SURVEY_COUNTRYRESPONSE_SCORE,2023,108,GDHM_CAT7_SERV_APP,GDHM_Q20,2.0,Phase 2
GDHM_SURVEY_COUNTRYRESPONSE_SCORE,2023,108,GDHM_CAT7_SERV_APP,GDHM_Q21,2.0,Phase 2
GDHM_SURVEY_COUNTRYRESPONSE_SCORE,2023,108,GDHM_CAT7_SERV_APP,GDHM_Q21a,1.0,Phase 1
GDHM_SURVEY_COUNTRYRESPONSE_SCORE,2023,108,GDHM_CAT7_SERV_APP,GDHM_Q21b,2.0,Phase 2
GDHM_SURVEY_COUNTRYRESPONSE_SCORE,2023,108,GDHM_CAT7_SERV_APP,GDHM_Q21c,2.0,Phase 2
GDHM_SURVEY_COUNTRYRESPONSE_SCORE,2023,108,GDHM_CAT7_SERV_APP,GDHM_Q22,2.0,Phase 2
GDHM_SURVEY_COUNTRYRESPONSE_SCORE,2023,108,GDHM_CAT7_SERV_APP,GDHM_Q23,5.0,Phase 5
GDHM_SURVEY_CATEGORY_AVG,2023,108,GDHM_CAT7_SERV_APP,,3.0,Phase 3
GDHM_SURVEY_COUNTRYRESPONSE_SCORE,2023,116,GDHM_CAT1_LEAD_GOV,GDHM_Q01,1.0,Phase 1
GDHM_SURVEY_COUNTRYRESPONSE_SCORE,2023,116,GDHM_CAT1_LEAD_GOV,GDHM_Q02,3.0,Phase 3
GDHM_SURVEY_COUNTRYRESPONSE_SCORE,2023,116,GDHM_CAT1_LEAD_GOV,GDHM_Q02a,0.0,Not Available
GDHM_SURVEY_COUNTRYRESPONSE_SCORE,2023,116,GDHM_CAT1_LEAD_GOV,GDHM_Q03,0.0,Not Available
GDHM_SURVEY_COUNTRYRESPONSE_SCORE,2023,116,GDHM_CAT1_LEAD_GOV,GDHM_Q04,0.0,Not Available
GDHM_SURVEY_COUNTRYRESPONSE_SCORE,2023,116,GDHM_CAT1_LEAD_GOV,GDHM_Q04a,0.0,Not Available
GDHM_SURVEY_CATEGORY_AVG,2023,116,GDHM_CAT1_LEAD_GOV,,2.0,Phase 2
GDHM_SURVEY_COUNTRYRESPONSE_SCORE,2023,116,GDHM_CAT2_STRAT_INV,GDHM_Q05,1.0,Phase 1
GDHM_SURVEY_COUNTRYRESPONSE_SCORE,2023,116,GDHM_CAT2_STRAT_INV,GDHM_Q05a,0.0,Not Available
GDHM_SURVEY_COUNTRYRESPONSE_SCORE,2023,116,GDHM_CAT2_STRAT_INV,GDHM_Q06,1.0,Phase 1
GDHM_SURVEY_COUNTRYRESPONSE_SCORE,2023,116,GDHM_CAT2_STRAT_INV,GDHM_Q06a,0.0,Not Available
GDHM_SURVEY_CATEGORY_AVG,2023,116,GDHM_CAT2_STRAT_INV,,1.0,Phase 1
GDHM_SURVEY_COUNTRYRESPONSE_SCORE,2023,116,GDHM_CAT3_LEG,GDHM_Q07,2.0,Phase 2
GDHM_SURVEY_COUNTRYRESPONSE_SCORE,2023,116,GDHM_CAT3_LEG,GDHM_Q08,1.0,Phase 1
GDHM_SURVEY_COUNTRYRESPONSE_SCORE,2023,116,GDHM_CAT3_LEG,GDHM_Q09,1.0,Phase 1
GDHM_SURVEY_COUNTRYRESPONSE_SCORE,2023,116,GDHM_CAT3_LEG,GDHM_Q09a,0.0,Not Available
GDHM_SURVEY_COUNTRYRESPONSE_SCORE,2023,116,GDHM_CAT3_LEG,GDHM_Q10,1.0,Phase 1
GDHM_SURVEY_CATEGORY_AVG,2023,116,GDHM_CAT3_LEG,,2.0,Phase 2
GDHM_SURVEY_COUNTRYRESPONSE_SCORE,2023,116,GDHM_CAT4_WORKFORCE,GDHM_Q11,1.0,Phase 1
GDHM_SURVEY_COUNTRYRESPONSE_SCORE,2023,116,GDHM_CAT4_WORKFORCE,GDHM_Q12,1.0,Phase 1
GDHM_SURVEY_COUNTRYRESPONSE_SCORE,2023,116,GDHM_CAT4_WORKFORCE,GDHM_Q13,1.0,Phase 1
GDHM_SURVEY_COUNTRYRESPONSE_SCORE,2023,116,GDHM_CAT4_WORKFORCE,GDHM_Q14,1.0,Phase 1
GDHM_SURVEY_CATEGORY_AVG,2023,116,GDHM_CAT4_WORKFORCE,,1.0,Phase 1
GDHM_SURVEY_COUNTRYRESPONSE_SCORE,2023,116,GDHM_CAT5_STANDARDS,GDHM_Q15,2.0,Phase 2
GDHM_SURVEY_COUNTRYRESPONSE_SCORE,2023,116,GDHM_CAT5_STANDARDS,GDHM_Q16,2.0,Phase 2
GDHM_SURVEY_CATEGORY_AVG,2023,116,GDHM_CAT5_STANDARDS,,2.0,Phase 2
GDHM_SURVEY_COUNTRYRESPONSE_SCORE,2023,116,GDHM_CAT6_INFRASTRUCTURE,GDHM_Q17,3.0,Phase 3
GDHM_SURVEY_COUNTRYRESPONSE_SCORE,2023,116,GDHM_CAT6_INFRASTRUCTURE,GDHM_Q18,1.0,Phase 1
GDHM_SURVEY_CATEGORY_AVG,2023,116,GDHM_CAT6_INFRASTRUCTURE,,2.0,Phase 2
GDHM_SURVEY_COUNTRYRESPONSE_SCORE,2023,116,GDHM_CAT7_SERV_APP,GDHM_Q19,3.0,Phase 3
GDHM_SURVEY_COUNTRYRESPONSE_SCORE,2023,116,GDHM_CAT7_SERV_APP,GDHM_Q20,2.0,Phase 2
GDHM_SURVEY_COUNTRYRESPONSE_SCORE,2023,116,GDHM_CAT7_SERV_APP,GDHM_Q21,2.0,Phase 2
GDHM_SURVEY_COUNTRYRESPONSE_SCORE,2023,116,GDHM_CAT7_SERV_APP,GDHM_Q21a,2.0,Phase 2
GDHM_SURVEY_COUNTRYRESPONSE_SCORE,2023,116,GDHM_CAT7_SERV_APP,GDHM_Q21b,1.0,Phase 1
GDHM_SURVEY_COUNTRYRESPONSE_SCORE,2023,116,GDHM_CAT7_SERV_APP,GDHM_Q21c,1.0,Phase 1
GDHM_SURVEY_COUNTRYRESPONSE_SCORE,2023,116,GDHM_CAT7_SERV_APP,GDHM_Q22,1.0,Phase 1
GDHM_SURVEY_COUNTRYRESPONSE_SCORE,2023,116,GDHM_CAT7_SERV_APP,GDHM_Q23,0.0,Not Available
GDHM_SURVEY_CATEGORY_AVG,2023,116,GDHM_CAT7_SERV_APP,,2.0,Phase 2
GDHM_SURVEY_COUNTRYRESPONSE_SCORE,2023,120,GDHM_CAT1_LEAD_GOV,GDHM_Q01,4.0,Phase 4
GDHM_SURVEY_COUNTRYRESPONSE_SCORE,2023,120,GDHM_CAT1_LEAD_GOV,GDHM_Q02,4.0,Phase 4
GDHM_SURVEY_COUNTRYRESPONSE_SCORE,2023,120,GDHM_CAT1_LEAD_GOV,GDHM_Q02a,1.0,Phase 1
GDHM_SURVEY_COUNTRYRESPONSE_SCORE,2023,120,GDHM_CAT1_LEAD_GOV,GDHM_Q03,1.0,Phase 1
GDHM_SURVEY_COUNTRYRESPONSE_SCORE,2023,120,GDHM_CAT1_LEAD_GOV,GDHM_Q04,1.0,Phase 1
GDHM_SURVEY_COUNTRYRESPONSE_SCORE,2023,120,GDHM_CAT1_LEAD_GOV,GDHM_Q04a,2.0,Phase 2
GDHM_SURVEY_CATEGORY_AVG,2023,120,GDHM_CAT1_LEAD_GOV,,3.0,Phase 3
GDHM_SURVEY_COUNTRYRESPONSE_SCORE,2023,120,GDHM_CAT2_STRAT_INV,GDHM_Q05,3.0,Phase 3
GDHM_SURVEY_COUNTRYRESPONSE_SCORE,2023,120,GDHM_CAT2_STRAT_INV,GDHM_Q05a,3.0,Phase 3
GDHM_SURVEY_COUNTRYRESPONSE_SCORE,2023,120,GDHM_CAT2_STRAT_INV,GDHM_Q06,2.0,Phase 2
GDHM_SURVEY_COUNTRYRESPONSE_SCORE,2023,120,GDHM_CAT2_STRAT_INV,GDHM_Q06a,2.0,Phase 2
GDHM_SURVEY_CATEGORY_AVG,2023,120,GDHM_CAT2_STRAT_INV,,3.0,Phase 3
GDHM_SURVEY_COUNTRYRESPONSE_SCORE,2023,120,GDHM_CAT3_LEG,GDHM_Q07,2.0,Phase 2
GDHM_SURVEY_COUNTRYRESPONSE_SCORE,2023,120,GDHM_CAT3_LEG,GDHM_Q08,2.0,Phase 2
GDHM_SURVEY_COUNTRYRESPONSE_SCORE,2023,120,GDHM_CAT3_LEG,GDHM_Q09,1.0,Phase 1
GDHM_SURVEY_COUNTRYRESPONSE_SCORE,2023,120,GDHM_CAT3_LEG,GDHM_Q09a,1.0,Phase 1
GDHM_SURVEY_COUNTRYRESPONSE_SCORE,2023,120,GDHM_CAT3_LEG,GDHM_Q10,1.0,Phase 1
GDHM_SURVEY_CATEGORY_AVG,2023,120,GDHM_CAT3_LEG,,2.0,Phase 2
GDHM_SURVEY_COUNTRYRESPONSE_SCORE,2023,120,GDHM_CAT4_WORKFORCE,GDHM_Q11,1.0,Phase 1
GDHM_SURVEY_COUNTRYRESPONSE_SCORE,2023,120,GDHM_CAT4_WORKFORCE,GDHM_Q12,2.0,Phase 2
GDHM_SURVEY_COUNTRYRESPONSE_SCORE,2023,120,GDHM_CAT4_WORKFORCE,GDHM_Q13,2.0,Phase 2
GDHM_SURVEY_COUNTRYRESPONSE_SCORE,2023,120,GDHM_CAT4_WORKFORCE,GDHM_Q14,0.0,Not Available
GDHM_SURVEY_CATEGORY_AVG,2023,120,GDHM_CAT4_WORKFORCE,,2.0,Phase 2
GDHM_SURVEY_COUNTRYRESPONSE_SCORE,2023,120,GDHM_CAT5_STANDARDS,GDHM_Q15,2.0,Phase 2
GDHM_SURVEY_COUNTRYRESPONSE_SCORE,2023,120,GDHM_CAT5_STANDARDS,GDHM_Q16,2.0,Phase 2
GDHM_SURVEY_CATEGORY_AVG,2023,120,GDHM_CAT5_STANDARDS,,2.0,Phase 2
GDHM_SURVEY_COUNTRYRESPONSE_SCORE,2023,120,GDHM_CAT6_INFRASTRUCTURE,GDHM_Q17,3.0,Phase 3
GDHM_SURVEY_COUNTRYRESPONSE_SCORE,2023,120,GDHM_CAT6_INFRASTRUCTURE,GDHM_Q18,3.0,Phase 3
GDHM_SURVEY_CATEGORY_AVG,2023,120,GDHM_CAT6_INFRASTRUCTURE,,3.0,Phase 3
GDHM_SURVEY_COUNTRYRESPONSE_SCORE,2023,120,GDHM_CAT7_SERV_APP,GDHM_Q19,2.0,Phase 2
GDHM_SURVEY_COUNTRYRESPONSE_SCORE,2023,120,GDHM_CAT7_SERV_APP,GDHM_Q20,3.0,Phase 3
GDHM_SURVEY_COUNTRYRESPONSE_SCORE,2023,120,GDHM_CAT7_SERV_APP,GDHM_Q21,1.0,Phase 1
GDHM_SURVEY_COUNTRYRESPONSE_SCORE,2023,120,GDHM_CAT7_SERV_APP,GDHM_Q21a,1.0,Phase 1
GDHM_SURVEY_COUNTRYRESPONSE_SCORE,2023,120,GDHM_CAT7_SERV_APP,GDHM_Q21b,3.0,Phase 3
GDHM_SURVEY_COUNTRYRESPONSE_SCORE,2023,120,GDHM_CAT7_SERV_APP,GDHM_Q21c,1.0,Phase 1
GDHM_SURVEY_COUNTRYRESPONSE_SCORE,2023,120,GDHM_CAT7_SERV_APP,GDHM_Q22,1.0,Phase 1
GDHM_SURVEY_COUNTRYRESPONSE_SCORE,2023,120,GDHM_CAT7_SERV_APP,GDHM_Q23,3.0,Phase 3
GDHM_SURVEY_CATEGORY_AVG,2023,120,GDHM_CAT7_SERV_APP,,2.0,Phase 2
GDHM_SURVEY_COUNTRYRESPONSE_SCORE,2023,124,GDHM_CAT1_LEAD_GOV,GDHM_Q01,0.0,Not Available
GDHM_SURVEY_COUNTRYRESPONSE_SCORE,2023,124,GDHM_CAT1_LEAD_GOV,GDHM_Q02,0.0,Not Available
GDHM_SURVEY_COUNTRYRESPONSE_SCORE,2023,124,GDHM_CAT1_LEAD_GOV,GDHM_Q02a,0.0,Not Available
GDHM_SURVEY_COUNTRYRESPONSE_SCORE,2023,124,GDHM_CAT1_LEAD_GOV,GDHM_Q03,0.0,Not Available
GDHM_SURVEY_COUNTRYRESPONSE_SCORE,2023,124,GDHM_CAT1_LEAD_GOV,GDHM_Q04,5.0,Phase 5
GDHM_SURVEY_COUNTRYRESPONSE_SCORE,2023,124,GDHM_CAT1_LEAD_GOV,GDHM_Q04a,0.0,Not Available
GDHM_SURVEY_CATEGORY_AVG,2023,124,GDHM_CAT1_LEAD_GOV,,5.0,Phase 5
GDHM_SURVEY_COUNTRYRESPONSE_SCORE,2023,124,GDHM_CAT2_STRAT_INV,GDHM_Q05,0.0,Not Available
GDHM_SURVEY_COUNTRYRESPONSE_SCORE,2023,124,GDHM_CAT2_STRAT_INV,GDHM_Q05a,0.0,Not Available
GDHM_SURVEY_COUNTRYRESPONSE_SCORE,2023,124,GDHM_CAT2_STRAT_INV,GDHM_Q06,0.0,Not Available
GDHM_SURVEY_COUNTRYRESPONSE_SCORE,2023,124,GDHM_CAT2_STRAT_INV,GDHM_Q06a,4.0,Phase 4
GDHM_SURVEY_CATEGORY_AVG,2023,124,GDHM_CAT2_STRAT_INV,,1.0,Not Available
GDHM_SURVEY_COUNTRYRESPONSE_SCORE,2023,124,GDHM_CAT3_LEG,GDHM_Q07,5.0,Phase 5
GDHM_SURVEY_COUNTRYRESPONSE_SCORE,2023,124,GDHM_CAT3_LEG,GDHM_Q08,5.0,Phase 5
GDHM_SURVEY_COUNTRYRESPONSE_SCORE,2023,124,GDHM_CAT3_LEG,GDHM_Q09,4.0,Phase 4
GDHM_SURVEY_COUNTRYRESPONSE_SCORE,2023,124,GDHM_CAT3_LEG,GDHM_Q09a,0.0,Not Available
GDHM_SURVEY_COUNTRYRESPONSE_SCORE,2023,124,GDHM_CAT3_LEG,GDHM_Q10,0.0,Not Available
GDHM_SURVEY_CATEGORY_AVG,2023,124,GDHM_CAT3_LEG,,5.0,Phase 5
GDHM_SURVEY_COUNTRYRESPONSE_SCORE,2023,124,GDHM_CAT4_WORKFORCE,GDHM_Q11,0.0,Not Available
GDHM_SURVEY_COUNTRYRESPONSE_SCORE,2023,124,GDHM_CAT4_WORKFORCE,GDHM_Q12,0.0,Not Available
GDHM_SURVEY_COUNTRYRESPONSE_SCORE,2023,124,GDHM_CAT4_WORKFORCE,GDHM_Q13,0.0,Not Available
GDHM_SURVEY_COUNTRYRESPONSE_SCORE,2023,124,GDHM_CAT4_WORKFORCE,GDHM_Q14,0.0,Not Available
GDHM_SURVEY_CATEGORY_AVG,2023,124,GDHM_CAT4_WORKFORCE,,1.0,Not Available
GDHM_SURVEY_COUNTRYRESPONSE_SCORE,2023,124,GDHM_CAT5_STANDARDS,GDHM_Q15,0.0,Not Available
GDHM_SURVEY_COUNTRYRESPONSE_SCORE,2023,124,GDHM_CAT5_STANDARDS,GDHM_Q16,0.0,Not Available
GDHM_SURVEY_CATEGORY_AVG,2023,124,GDHM_CAT5_STANDARDS,,1.0,Not Available
GDHM_SURVEY_COUNTRYRESPONSE_SCORE,2023,124,GDHM_CAT6_INFRASTRUCTURE,GDHM_Q17,4.0,Phase 4
GDHM_SURVEY_COUNTRYRESPONSE_SCORE,2023,124,GDHM_CAT6_INFRASTRUCTURE,GDHM_Q18,5.0,Phase 5
GDHM_SURVEY_CATEGORY_AVG,2023,124,GDHM_CAT6_INFRASTRUCTURE,,5.0,Phase 5
GDHM_SURVEY_COUNTRYRESPONSE_SCORE,2023,124,GDHM_CAT7_SERV_APP,GDHM_Q19,0.0,Not Available
GDHM_SURVEY_COUNTRYRESPONSE_SCORE,2023,124,GDHM_CAT7_SERV_APP,GDHM_Q20,0.0,Not Available
GDHM_SURVEY_COUNTRYRESPONSE_SCORE,2023,124,GDHM_CAT7_SERV_APP,GDHM_Q21,0.0,Not Available
GDHM_SURVEY_COUNTRYRESPONSE_SCORE,2023,124,GDHM_CAT7_SERV_APP,GDHM_Q21a,0.0,Not Available
GDHM_SURVEY_COUNTRYRESPONSE_SCORE,2023,124,GDHM_CAT7_SERV_APP,GDHM_Q21b,0.0,Not Available
GDHM_SURVEY_CATEGORY_AVG,2023,270,GDHM_CAT1_LEAD_GOV,,2.0,Phase 2
GDHM_SURVEY_COUNTRYRESPONSE_SCORE,2023,270,GDHM_CAT2_STRAT_INV,GDHM_Q05,0.0,Not Available
GDHM_SURVEY_COUNTRYRESPONSE_SCORE,2023,270,GDHM_CAT2_STRAT_INV,GDHM_Q05a,0.0,Not Available
GDHM_SURVEY_COUNTRYRESPONSE_SCORE,2023,270,GDHM_CAT2_STRAT_INV,GDHM_Q06,0.0,Not Available
GDHM_SURVEY_COUNTRYRESPONSE_SCORE,2023,270,GDHM_CAT2_STRAT_INV,GDHM_Q06a,2.0,Phase 2
GDHM_SURVEY_CATEGORY_AVG,2023,270,GDHM_CAT2_STRAT_INV,,1.0,Not Available
GDHM_SURVEY_COUNTRYRESPONSE_SCORE,2023,270,GDHM_CAT3_LEG,GDHM_Q07,2.0,Phase 2
GDHM_SURVEY_COUNTRYRESPONSE_SCORE,2023,270,GDHM_CAT3_LEG,GDHM_Q08,5.0,Phase 5
GDHM_SURVEY_COUNTRYRESPONSE_SCORE,2023,270,GDHM_CAT3_LEG,GDHM_Q09,0.0,Not Available
GDHM_SURVEY_COUNTRYRESPONSE_SCORE,2023,270,GDHM_CAT3_LEG,GDHM_Q09a,0.0,Not Available
GDHM_SURVEY_COUNTRYRESPONSE_SCORE,2023,270,GDHM_CAT3_LEG,GDHM_Q10,0.0,Not Available
GDHM_SURVEY_CATEGORY_AVG,2023,270,GDHM_CAT3_LEG,,4.0,Phase 4
GDHM_SURVEY_COUNTRYRESPONSE_SCORE,2023,270,GDHM_CAT4_WORKFORCE,GDHM_Q11,0.0,Not Available
GDHM_SURVEY_COUNTRYRESPONSE_SCORE,2023,270,GDHM_CAT4_WORKFORCE,GDHM_Q12,0.0,Not Available
GDHM_SURVEY_COUNTRYRESPONSE_SCORE,2023,270,GDHM_CAT4_WORKFORCE,GDHM_Q13,0.0,Not Available
GDHM_SURVEY_COUNTRYRESPONSE_SCORE,2023,270,GDHM_CAT4_WORKFORCE,GDHM_Q14,0.0,Not Available
GDHM_SURVEY_CATEGORY_AVG,2023,270,GDHM_CAT4_WORKFORCE,,1.0,Not Available
GDHM_SURVEY_COUNTRYRESPONSE_SCORE,2023,270,GDHM_CAT5_STANDARDS,GDHM_Q15,0.0,Not Available
GDHM_SURVEY_COUNTRYRESPONSE_SCORE,2023,270,GDHM_CAT5_STANDARDS,GDHM_Q16,0.0,Not Available
GDHM_SURVEY_CATEGORY_AVG,2023,270,GDHM_CAT5_STANDARDS,,1.0,Not Available
GDHM_SURVEY_COUNTRYRESPONSE_SCORE,2023,270,GDHM_CAT6_INFRASTRUCTURE,GDHM_Q17,2.0,Phase 2
GDHM_SURVEY_COUNTRYRESPONSE_SCORE,2023,270,GDHM_CAT6_INFRASTRUCTURE,GDHM_Q18,3.0,Phase 3
GDHM_SURVEY_CATEGORY_AVG,2023,270,GDHM_CAT6_INFRASTRUCTURE,,3.0,Phase 3
GDHM_SURVEY_COUNTRYRESPONSE_SCORE,2023,270,GDHM_CAT7_SERV_APP,GDHM_Q19,0.0,Not Available
GDHM_SURVEY_COUNTRYRESPONSE_SCORE,2023,270,GDHM_CAT7_SERV_APP,GDHM_Q20,0.0,Not Available
GDHM_SURVEY_COUNTRYRESPONSE_SCORE,2023,270,GDHM_CAT7_SERV_APP,GDHM_Q21,0.0,Not Available
GDHM_SURVEY_COUNTRYRESPONSE_SCORE,2023,270,GDHM_CAT7_SERV_APP,GDHM_Q21a,0.0,Not Available
GDHM_SURVEY_COUNTRYRESPONSE_SCORE,2023,270,GDHM_CAT7_SERV_APP,GDHM_Q21b,0.0,Not Available
GDHM_SURVEY_COUNTRYRESPONSE_SCORE,2023,270,GDHM_CAT7_SERV_APP,GDHM_Q21c,0.0,Not Available
GDHM_SURVEY_COUNTRYRESPONSE_SCORE,2023,270,GDHM_CAT7_SERV_APP,GDHM_Q22,0.0,Not Available
GDHM_SURVEY_COUNTRYRESPONSE_SCORE,2023,270,GDHM_CAT7_SERV_APP,GDHM_Q23,0.0,Not Available
GDHM_SURVEY_CATEGORY_AVG,2023,270,GDHM_CAT7_SERV_APP,,1.0,Not Available
GDHM_SURVEY_COUNTRYRESPONSE_SCORE,2023,268,GDHM_CAT1_LEAD_GOV,GDHM_Q01,0.0,Not Available
GDHM_SURVEY_COUNTRYRESPONSE_SCORE,2023,268,GDHM_CAT1_LEAD_GOV,GDHM_Q02,0.0,Not Available
GDHM_SURVEY_COUNTRYRESPONSE_SCORE,2023,268,GDHM_CAT1_LEAD_GOV,GDHM_Q02a,0.0,Not Available
GDHM_SURVEY_COUNTRYRESPONSE_SCORE,2023,268,GDHM_CAT1_LEAD_GOV,GDHM_Q03,0.0,Not Available
GDHM_SURVEY_COUNTRYRESPONSE_SCORE,2023,268,GDHM_CAT1_LEAD_GOV,GDHM_Q04,4.0,Phase 4
GDHM_SURVEY_COUNTRYRESPONSE_SCORE,2023,268,GDHM_CAT1_LEAD_GOV,GDHM_Q04a,0.0,Not Available
GDHM_SURVEY_CATEGORY_AVG,2023,268,GDHM_CAT1_LEAD_GOV,,4.0,Phase 4
GDHM_SURVEY_COUNTRYRESPONSE_SCORE,2023,268,GDHM_CAT2_STRAT_INV,GDHM_Q05,0.0,Not Available
GDHM_SURVEY_COUNTRYRESPONSE_SCORE,2023,268,GDHM_CAT2_STRAT_INV,GDHM_Q05a,0.0,Not Available
GDHM_SURVEY_COUNTRYRESPONSE_SCORE,2023,268,GDHM_CAT2_STRAT_INV,GDHM_Q06,0.0,Not Available
GDHM_SURVEY_COUNTRYRESPONSE_SCORE,2023,268,GDHM_CAT2_STRAT_INV,GDHM_Q06a,3.0,Phase 3
GDHM_SURVEY_CATEGORY_AVG,2023,268,GDHM_CAT2_STRAT_INV,,1.0,Not Available
GDHM_SURVEY_COUNTRYRESPONSE_SCORE,2023,268,GDHM_CAT3_LEG,GDHM_Q07,5.0,Phase 5
GDHM_SURVEY_COUNTRYRESPONSE_SCORE,2023,268,GDHM_CAT3_LEG,GDHM_Q08,4.0,Phase 4
GDHM_SURVEY_COUNTRYRESPONSE_SCORE,2023,268,GDHM_CAT3_LEG,GDHM_Q09,3.0,Phase 3
GDHM_SURVEY_COUNTRYRESPONSE_SCORE,2023,268,GDHM_CAT3_LEG,GDHM_Q09a,0.0,Not Available
GDHM_SURVEY_COUNTRYRESPONSE_SCORE,2023,268,GDHM_CAT3_LEG,GDHM_Q10,0.0,Not Available
GDHM_SURVEY_CATEGORY_AVG,2023,268,GDHM_CAT3_LEG,,4.0,Phase 4
GDHM_SURVEY_COUNTRYRESPONSE_SCORE,2023,268,GDHM_CAT4_WORKFORCE,GDHM_Q11,0.0,Not Available
GDHM_SURVEY_COUNTRYRESPONSE_SCORE,2023,268,GDHM_CAT4_WORKFORCE,GDHM_Q12,0.0,Not Available
GDHM_SURVEY_COUNTRYRESPONSE_SCORE,2023,268,GDHM_CAT4_WORKFORCE,GDHM_Q13,0.0,Not Available
GDHM_SURVEY_COUNTRYRESPONSE_SCORE,2023,268,GDHM_CAT4_WORKFORCE,GDHM_Q14,0.0,Not Available
GDHM_SURVEY_CATEGORY_AVG,2023,268,GDHM_CAT4_WORKFORCE,,1.0,Not Available
GDHM_SURVEY_COUNTRYRESPONSE_SCORE,2023,268,GDHM_CAT5_STANDARDS,GDHM_Q15,0.0,Not Available
GDHM_SURVEY_COUNTRYRESPONSE_SCORE,2023,268,GDHM_CAT5_STANDARDS,GDHM_Q16,0.0,Not Available
GDHM_SURVEY_CATEGORY_AVG,2023,268,GDHM_CAT5_STANDARDS,,1.0,Not Available
GDHM_SURVEY_COUNTRYRESPONSE_SCORE,2023,268,GDHM_CAT6_INFRASTRUCTURE,GDHM_Q17,3.0,Phase 3
GDHM_SURVEY_COUNTRYRESPONSE_SCORE,2023,268,GDHM_CAT6_INFRASTRUCTURE,GDHM_Q18,4.0,Phase 4
GDHM_SURVEY_CATEGORY_AVG,2023,268,GDHM_CAT6_INFRASTRUCTURE,,4.0,Phase 4
GDHM_SURVEY_COUNTRYRESPONSE_SCORE,2023,268,GDHM_CAT7_SERV_APP,GDHM_Q19,0.0,Not Available
GDHM_SURVEY_COUNTRYRESPONSE_SCORE,2023,268,GDHM_CAT7_SERV_APP,GDHM_Q20,0.0,Not Available
GDHM_SURVEY_COUNTRYRESPONSE_SCORE,2023,268,GDHM_CAT7_SERV_APP,GDHM_Q21,0.0,Not Available
GDHM_SURVEY_COUNTRYRESPONSE_SCORE,2023,268,GDHM_CAT7_SERV_APP,GDHM_Q21a,0.0,Not Available
GDHM_SURVEY_COUNTRYRESPONSE_SCORE,2023,268,GDHM_CAT7_SERV_APP,GDHM_Q21b,0.0,Not Available
GDHM_SURVEY_COUNTRYRESPONSE_SCORE,2023,268,GDHM_CAT7_SERV_APP,GDHM_Q21c,0.0,Not Available
GDHM_SURVEY_COUNTRYRESPONSE_SCORE,2023,268,GDHM_CAT7_SERV_APP,GDHM_Q22,0.0,Not Available
GDHM_SURVEY_COUNTRYRESPONSE_SCORE,2023,268,GDHM_CAT7_SERV_APP,GDHM_Q23,0.0,Not Available
GDHM_SURVEY_CATEGORY_AVG,2023,268,GDHM_CAT7_SERV_APP,,1.0,Not Available
GDHM_SURVEY_COUNTRYRESPONSE_SCORE,2023,276,GDHM_CAT1_LEAD_GOV,GDHM_Q01,0.0,Not Available
GDHM_SURVEY_COUNTRYRESPONSE_SCORE,2023,276,GDHM_CAT1_LEAD_GOV,GDHM_Q02,0.0,Not Available
GDHM_SURVEY_COUNTRYRESPONSE_SCORE,2023,276,GDHM_CAT1_LEAD_GOV,GDHM_Q02a,0.0,Not Available
GDHM_SURVEY_COUNTRYRESPONSE_SCORE,2023,276,GDHM_CAT1_LEAD_GOV,GDHM_Q03,0.0,Not Available
GDHM_SURVEY_COUNTRYRESPONSE_SCORE,2023,276,GDHM_CAT1_LEAD_GOV,GDHM_Q04,5.0,Phase 5
GDHM_SURVEY_COUNTRYRESPONSE_SCORE,2023,276,GDHM_CAT1_LEAD_GOV,GDHM_Q04a,0.0,Not Available
GDHM_SURVEY_CATEGORY_AVG,2023,276,GDHM_CAT1_LEAD_GOV,,5.0,Phase 5
GDHM_SURVEY_COUNTRYRESPONSE_SCORE,2023,276,GDHM_CAT2_STRAT_INV,GDHM_Q05,0.0,Not Available
GDHM_SURVEY_COUNTRYRESPONSE_SCORE,2023,276,GDHM_CAT2_STRAT_INV,GDHM_Q05a,0.0,Not Available
GDHM_SURVEY_COUNTRYRESPONSE_SCORE,2023,276,GDHM_CAT2_STRAT_INV,GDHM_Q06,0.0,Not Available
GDHM_SURVEY_COUNTRYRESPONSE_SCORE,2023,276,GDHM_CAT2_STRAT_INV,GDHM_Q06a,4.0,Phase 4
GDHM_SURVEY_CATEGORY_AVG,2023,276,GDHM_CAT2_STRAT_INV,,1.0,Not Available
GDHM_SURVEY_COUNTRYRESPONSE_SCORE,2023,276,GDHM_CAT3_LEG,GDHM_Q07,5.0,Phase 5
GDHM_SURVEY_COUNTRYRESPONSE_SCORE,2023,276,GDHM_CAT3_LEG,GDHM_Q08,5.0,Phase 5
GDHM_SURVEY_COUNTRYRESPONSE_SCORE,2023,276,GDHM_CAT3_LEG,GDHM_Q09,4.0,Phase 4
GDHM_SURVEY_COUNTRYRESPONSE_SCORE,2023,276,GDHM_CAT3_LEG,GDHM_Q09a,0.0,Not Available
GDHM_SURVEY_COUNTRYRESPONSE_SCORE,2023,276,GDHM_CAT3_LEG,GDHM_Q10,0.0,Not Available
GDHM_SURVEY_CATEGORY_AVG,2023,276,GDHM_CAT3_LEG,,5.0,Phase 5
GDHM_SURVEY_COUNTRYRESPONSE_SCORE,2023,276,GDHM_CAT4_WORKFORCE,GDHM_Q11,0.0,Not Available
GDHM_SURVEY_COUNTRYRESPONSE_SCORE,2023,276,GDHM_CAT4_WORKFORCE,GDHM_Q12,0.0,Not Available
GDHM_SURVEY_COUNTRYRESPONSE_SCORE,2023,276,GDHM_CAT4_WORKFORCE,GDHM_Q13,0.0,Not Available
GDHM_SURVEY_COUNTRYRESPONSE_SCORE,2023,276,GDHM_CAT4_WORKFORCE,GDHM_Q14,0.0,Not Available
GDHM_SURVEY_CATEGORY_AVG,2023,276,GDHM_CAT4_WORKFORCE,,1.0,Not Available
GDHM_SURVEY_COUNTRYRESPONSE_SCORE,2023,276,GDHM_CAT5_STANDARDS,GDHM_Q15,0.0,Not Available
GDHM_SURVEY_COUNTRYRESPONSE_SCORE,2023,276,GDHM_CAT5_STANDARDS,GDHM_Q16,0.0,Not Available
GDHM_SURVEY_CATEGORY_AVG,2023,276,GDHM_CAT5_STANDARDS,,1.0,Not Available
GDHM_SURVEY_COUNTRYRESPONSE_SCORE,2023,276,GDHM_CAT6_INFRASTRUCTURE,GDHM_Q17,4.0,Phase 4
GDHM_SURVEY_COUNTRYRESPONSE_SCORE,2023,276,GDHM_CAT6_INFRASTRUCTURE,GDHM_Q18,5.0,Phase 5
GDHM_SURVEY_CATEGORY_AVG,2023,276,GDHM_CAT6_INFRASTRUCTURE,,5.0,Phase 5
GDHM_SURVEY_COUNTRYRESPONSE_SCORE,2023,276,GDHM_CAT7_SERV_APP,GDHM_Q19,0.0,Not Available
GDHM_SURVEY_COUNTRYRESPONSE_SCORE,2023,276,GDHM_CAT7_SERV_APP,GDHM_Q20,0.0,Not Available
GDHM_SURVEY_COUNTRYRESPONSE_SCORE,2023,276,GDHM_CAT7_SERV_APP,GDHM_Q21,0.0,Not Available
GDHM_SURVEY_COUNTRYRESPONSE_SCORE,2023,276,GDHM_CAT7_SERV_APP,GDHM_Q21a,0.0,Not Available
GDHM_SURVEY_COUNTRYRESPONSE_SCORE,2023,276,GDHM_CAT7_SERV_APP,GDHM_Q21b,0.0,Not Available
GDHM_SURVEY_COUNTRYRESPONSE_SCORE,2023,276,GDHM_CAT7_SERV_APP,GDHM_Q21c,0.0,Not Available
GDHM_SURVEY_COUNTRYRESPONSE_SCORE,2023,276,GDHM_CAT7_SERV_APP,GDHM_Q22,0.0,Not Available
GDHM_SURVEY_COUNTRYRESPONSE_SCORE,2023,276,GDHM_CAT7_SERV_APP,GDHM_Q23,0.0,Not Available
GDHM_SURVEY_CATEGORY_AVG,2023,276,GDHM_CAT7_SERV_APP,,1.0,Not Available
GDHM_SURVEY_COUNTRYRESPONSE_SCORE,2023,288,GDHM_CAT1_LEAD_GOV,GDHM_Q01,3.0,Phase 3
GDHM_SURVEY_COUNTRYRESPONSE_SCORE,2023,288,GDHM_CAT1_LEAD_GOV,GDHM_Q02,4.0,Phase 4
GDHM_SURVEY_COUNTRYRESPONSE_SCORE,2023,288,GDHM_CAT1_LEAD_GOV,GDHM_Q02a,4.0,Phase 4
GDHM_SURVEY_COUNTRYRESPONSE_SCORE,2023,288,GDHM_CAT1_LEAD_GOV,GDHM_Q03,1.0,Phase 1
GDHM_SURVEY_COUNTRYRESPONSE_SCORE,2023,288,GDHM_CAT1_LEAD_GOV,GDHM_Q04,2.0,Phase 2
GDHM_SURVEY_COUNTRYRESPONSE_SCORE,2023,288,GDHM_CAT1_LEAD_GOV,GDHM_Q04a,2.0,Phase 2
GDHM_SURVEY_CATEGORY_AVG,2023,288,GDHM_CAT1_LEAD_GOV,,3.0,Phase 3
GDHM_SURVEY_COUNTRYRESPONSE_SCORE,2023,288,GDHM_CAT2_STRAT_INV,GDHM_Q05,4.0,Phase 4
GDHM_SURVEY_COUNTRYRESPONSE_SCORE,2023,288,GDHM_CAT2_STRAT_INV,GDHM_Q05a,3.0,Phase 3
GDHM_SURVEY_COUNTRYRESPONSE_SCORE,2023,288,GDHM_CAT2_STRAT_INV,GDHM_Q06,2.0,Phase 2
GDHM_SURVEY_COUNTRYRESPONSE_SCORE,2023,288,GDHM_CAT2_STRAT_INV,GDHM_Q06a,1.0,Phase 1
GDHM_SURVEY_CATEGORY_AVG,2023,288,GDHM_CAT2_STRAT_INV,,3.0,Phase 3
GDHM_SURVEY_COUNTRYRESPONSE_SCORE,2023,288,GDHM_CAT3_LEG,GDHM_Q07,5.0,Phase 5
GDHM_SURVEY_COUNTRYRESPONSE_SCORE,2023,288,GDHM_CAT3_LEG,GDHM_Q08,4.0,Phase 4
GDHM_SURVEY_COUNTRYRESPONSE_SCORE,2023,288,GDHM_CAT3_LEG,GDHM_Q09,1.0,Phase 1
GDHM_SURVEY_COUNTRYRESPONSE_SCORE,2023,288,GDHM_CAT3_LEG,GDHM_Q09a,1.0,Phase 1
GDHM_SURVEY_COUNTRYRESPONSE_SCORE,2023,288,GDHM_CAT3_LEG,GDHM_Q10,1.0,Phase 1
GDHM_SURVEY_CATEGORY_AVG,2023,288,GDHM_CAT3_LEG,,3.0,Phase 3
GDHM_SURVEY_COUNTRYRESPONSE_SCORE,2023,288,GDHM_CAT4_WORKFORCE,GDHM_Q11,2.0,Phase 2
GDHM_SURVEY_COUNTRYRESPONSE_SCORE,2023,288,GDHM_CAT4_WORKFORCE,GDHM_Q12,3.0,Phase 3
GDHM_SURVEY_COUNTRYRESPONSE_SCORE,2023,288,GDHM_CAT4_WORKFORCE,GDHM_Q13,4.0,Phase 4
GDHM_SURVEY_COUNTRYRESPONSE_SCORE,2023,288,GDHM_CAT4_WORKFORCE,GDHM_Q14,3.0,Phase 3
GDHM_SURVEY_CATEGORY_AVG,2023,288,GDHM_CAT4_WORKFORCE,,3.0,Phase 3
GDHM_SURVEY_COUNTRYRESPONSE_SCORE,2023,288,GDHM_CAT5_STANDARDS,GDHM_Q15,1.0,Phase 1
GDHM_SURVEY_COUNTRYRESPONSE_SCORE,2023,288,GDHM_CAT5_STANDARDS,GDHM_Q16,1.0,Phase 1
GDHM_SURVEY_CATEGORY_AVG,2023,288,GDHM_CAT5_STANDARDS,,1.0,Phase 1
GDHM_SURVEY_COUNTRYRESPONSE_SCORE,2023,288,GDHM_CAT6_INFRASTRUCTURE,GDHM_Q17,3.0,Phase 3
GDHM_SURVEY_COUNTRYRESPONSE_SCORE,2023,288,GDHM_CAT6_INFRASTRUCTURE,GDHM_Q18,5.0,Phase 5
GDHM_SURVEY_CATEGORY_AVG,2023,288,GDHM_CAT6_INFRASTRUCTURE,,4.0,Phase 4
GDHM_SURVEY_COUNTRYRESPONSE_SCORE,2023,288,GDHM_CAT7_SERV_APP,GDHM_Q19,3.0,Phase 3
GDHM_SURVEY_COUNTRYRESPONSE_SCORE,2023,288,GDHM_CAT7_SERV_APP,GDHM_Q20,1.0,Phase 1
GDHM_SURVEY_COUNTRYRESPONSE_SCORE,2023,288,GDHM_CAT7_SERV_APP,GDHM_Q21,1.0,Phase 1
GDHM_SURVEY_COUNTRYRESPONSE_SCORE,2023,288,GDHM_CAT7_SERV_APP,GDHM_Q21a,1.0,Phase 1
GDHM_SURVEY_COUNTRYRESPONSE_SCORE,2023,288,GDHM_CAT7_SERV_APP,GDHM_Q21b,2.0,Phase 2
GDHM_SURVEY_COUNTRYRESPONSE_SCORE,2023,288,GDHM_CAT7_SERV_APP,GDHM_Q21c,2.0,Phase 2
GDHM_SURVEY_COUNTRYRESPONSE_SCORE,2023,288,GDHM_CAT7_SERV_APP,GDHM_Q22,1.0,Phase 1
GDHM_SURVEY_COUNTRYRESPONSE_SCORE,2023,288,GDHM_CAT7_SERV_APP,GDHM_Q23,4.0,Phase 4
GDHM_SURVEY_CATEGORY_AVG,2023,288,GDHM_CAT7_SERV_APP,,2.0,Phase 2
GDHM_SURVEY_COUNTRYRESPONSE_SCORE,2023,320,GDHM_CAT1_LEAD_GOV,GDHM_Q01,0.0,Not Available
GDHM_SURVEY_COUNTRYRESPONSE_SCORE,2023,320,GDHM_CAT1_LEAD_GOV,GDHM_Q02,0.0,Not Available
GDHM_SURVEY_COUNTRYRESPONSE_SCORE,2023,320,GDHM_CAT1_LEAD_GOV,GDHM_Q02a,0.0,Not Available
GDHM_SURVEY_COUNTRYRESPONSE_SCORE,2023,320,GDHM_CAT1_LEAD_GOV,GDHM_Q03,0.0,Not Available
GDHM_SURVEY_COUNTRYRESPONSE_SCORE,2023,320,GDHM_CAT1_LEAD_GOV,GDHM_Q04,3.0,Phase 3
GDHM_SURVEY_COUNTRYRESPONSE_SCORE,2023,320,GDHM_CAT1_LEAD_GOV,GDHM_Q04a,0.0,Not Available
GDHM_SURVEY_CATEGORY_AVG,2023,320,GDHM_CAT1_LEAD_GOV,,3.0,Phase 3
GDHM_SURVEY_COUNTRYRESPONSE_SCORE,2023,320,GDHM_CAT2_STRAT_INV,GDHM_Q05,0.0,Not Available
GDHM_SURVEY_COUNTRYRESPONSE_SCORE,2023,320,GDHM_CAT2_STRAT_INV,GDHM_Q05a,0.0,Not Available
GDHM_SURVEY_COUNTRYRESPONSE_SCORE,2023,320,GDHM_CAT2_STRAT_INV,GDHM_Q06,0.0,Not Available
GDHM_SURVEY_COUNTRYRESPONSE_SCORE,2023,320,GDHM_CAT2_STRAT_INV,GDHM_Q06a,2.0,Phase 2
GDHM_SURVEY_CATEGORY_AVG,2023,320,GDHM_CAT2_STRAT_INV,,1.0,Not Available
GDHM_SURVEY_COUNTRYRESPONSE_SCORE,2023,320,GDHM_CAT3_LEG,GDHM_Q07,1.0,Phase 1
GDHM_SURVEY_COUNTRYRESPONSE_SCORE,2023,320,GDHM_CAT3_LEG,GDHM_Q08,4.0,Phase 4
GDHM_SURVEY_COUNTRYRESPONSE_SCORE,2023,417,GDHM_CAT3_LEG,GDHM_Q10,0.0,Not Available
GDHM_SURVEY_CATEGORY_AVG,2023,417,GDHM_CAT3_LEG,,3.0,Phase 3
GDHM_SURVEY_COUNTRYRESPONSE_SCORE,2023,417,GDHM_CAT4_WORKFORCE,GDHM_Q11,0.0,Not Available
GDHM_SURVEY_COUNTRYRESPONSE_SCORE,2023,417,GDHM_CAT4_WORKFORCE,GDHM_Q12,0.0,Not Available
GDHM_SURVEY_COUNTRYRESPONSE_SCORE,2023,417,GDHM_CAT4_WORKFORCE,GDHM_Q13,0.0,Not Available
GDHM_SURVEY_COUNTRYRESPONSE_SCORE,2023,417,GDHM_CAT4_WORKFORCE,GDHM_Q14,0.0,Not Available
GDHM_SURVEY_CATEGORY_AVG,2023,417,GDHM_CAT4_WORKFORCE,,1.0,Not Available
GDHM_SURVEY_COUNTRYRESPONSE_SCORE,2023,417,GDHM_CAT5_STANDARDS,GDHM_Q15,0.0,Not Available
GDHM_SURVEY_COUNTRYRESPONSE_SCORE,2023,417,GDHM_CAT5_STANDARDS,GDHM_Q16,0.0,Not Available
GDHM_SURVEY_CATEGORY_AVG,2023,417,GDHM_CAT5_STANDARDS,,1.0,Not Available
GDHM_SURVEY_COUNTRYRESPONSE_SCORE,2023,417,GDHM_CAT6_INFRASTRUCTURE,GDHM_Q17,2.0,Phase 2
GDHM_SURVEY_COUNTRYRESPONSE_SCORE,2023,417,GDHM_CAT6_INFRASTRUCTURE,GDHM_Q18,4.0,Phase 4
GDHM_SURVEY_CATEGORY_AVG,2023,417,GDHM_CAT6_INFRASTRUCTURE,,3.0,Phase 3
GDHM_SURVEY_COUNTRYRESPONSE_SCORE,2023,417,GDHM_CAT7_SERV_APP,GDHM_Q19,0.0,Not Available
GDHM_SURVEY_COUNTRYRESPONSE_SCORE,2023,417,GDHM_CAT7_SERV_APP,GDHM_Q20,0.0,Not Available
GDHM_SURVEY_COUNTRYRESPONSE_SCORE,2023,417,GDHM_CAT7_SERV_APP,GDHM_Q21,0.0,Not Available
GDHM_SURVEY_COUNTRYRESPONSE_SCORE,2023,417,GDHM_CAT7_SERV_APP,GDHM_Q21a,0.0,Not Available
GDHM_SURVEY_COUNTRYRESPONSE_SCORE,2023,417,GDHM_CAT7_SERV_APP,GDHM_Q21b,0.0,Not Available
GDHM_SURVEY_COUNTRYRESPONSE_SCORE,2023,417,GDHM_CAT7_SERV_APP,GDHM_Q21c,0.0,Not Available
GDHM_SURVEY_COUNTRYRESPONSE_SCORE,2023,417,GDHM_CAT7_SERV_APP,GDHM_Q22,0.0,Not Available
GDHM_SURVEY_COUNTRYRESPONSE_SCORE,2023,417,GDHM_CAT7_SERV_APP,GDHM_Q23,0.0,Not Available
GDHM_SURVEY_CATEGORY_AVG,2023,417,GDHM_CAT7_SERV_APP,,1.0,Not Available
GDHM_SURVEY_COUNTRYRESPONSE_SCORE,2023,418,GDHM_CAT1_LEAD_GOV,GDHM_Q01,4.0,Phase 4
GDHM_SURVEY_COUNTRYRESPONSE_SCORE,2023,418,GDHM_CAT1_LEAD_GOV,GDHM_Q02,4.0,Phase 4
GDHM_SURVEY_COUNTRYRESPONSE_SCORE,2023,418,GDHM_CAT1_LEAD_GOV,GDHM_Q02a,2.0,Phase 2
GDHM_SURVEY_COUNTRYRESPONSE_SCORE,2023,418,GDHM_CAT1_LEAD_GOV,GDHM_Q03,1.0,Phase 1
GDHM_SURVEY_COUNTRYRESPONSE_SCORE,2023,418,GDHM_CAT1_LEAD_GOV,GDHM_Q04,4.0,Phase 4
GDHM_SURVEY_COUNTRYRESPONSE_SCORE,2023,418,GDHM_CAT1_LEAD_GOV,GDHM_Q04a,3.0,Phase 3
GDHM_SURVEY_CATEGORY_AVG,2023,418,GDHM_CAT1_LEAD_GOV,,4.0,Phase 4
GDHM_SURVEY_COUNTRYRESPONSE_SCORE,2023,418,GDHM_CAT2_STRAT_INV,GDHM_Q05,4.0,Phase 4
GDHM_SURVEY_COUNTRYRESPONSE_SCORE,2023,418,GDHM_CAT2_STRAT_INV,GDHM_Q05a,3.0,Phase 3
GDHM_SURVEY_COUNTRYRESPONSE_SCORE,2023,418,GDHM_CAT2_STRAT_INV,GDHM_Q06,2.0,Phase 2
GDHM_SURVEY_COUNTRYRESPONSE_SCORE,2023,418,GDHM_CAT2_STRAT_INV,GDHM_Q06a,2.0,Phase 2
GDHM_SURVEY_CATEGORY_AVG,2023,418,GDHM_CAT2_STRAT_INV,,3.0,Phase 3
GDHM_SURVEY_COUNTRYRESPONSE_SCORE,2023,418,GDHM_CAT3_LEG,GDHM_Q07,4.0,Phase 4
GDHM_SURVEY_COUNTRYRESPONSE_SCORE,2023,418,GDHM_CAT3_LEG,GDHM_Q08,3.0,Phase 3
GDHM_SURVEY_COUNTRYRESPONSE_SCORE,2023,418,GDHM_CAT3_LEG,GDHM_Q09,2.0,Phase 2
GDHM_SURVEY_COUNTRYRESPONSE_SCORE,2023,418,GDHM_CAT3_LEG,GDHM_Q09a,0.0,Not Available
GDHM_SURVEY_COUNTRYRESPONSE_SCORE,2023,418,GDHM_CAT3_LEG,GDHM_Q10,2.0,Phase 2
GDHM_SURVEY_CATEGORY_AVG,2023,418,GDHM_CAT3_LEG,,3.0,Phase 3
GDHM_SURVEY_COUNTRYRESPONSE_SCORE,2023,418,GDHM_CAT4_WORKFORCE,GDHM_Q11,2.0,Phase 2
GDHM_SURVEY_COUNTRYRESPONSE_SCORE,2023,418,GDHM_CAT4_WORKFORCE,GDHM_Q12,2.0,Phase 2
GDHM_SURVEY_COUNTRYRESPONSE_SCORE,2023,418,GDHM_CAT4_WORKFORCE,GDHM_Q13,2.0,Phase 2
GDHM_SURVEY_COUNTRYRESPONSE_SCORE,2023,418,GDHM_CAT4_WORKFORCE,GDHM_Q14,1.0,Phase 1
GDHM_SURVEY_CATEGORY_AVG,2023,418,GDHM_CAT4_WORKFORCE,,2.0,Phase 2
GDHM_SURVEY_COUNTRYRESPONSE_SCORE,2023,418,GDHM_CAT5_STANDARDS,GDHM_Q15,2.0,Phase 2
GDHM_SURVEY_COUNTRYRESPONSE_SCORE,2023,418,GDHM_CAT5_STANDARDS,GDHM_Q16,4.0,Phase 4
GDHM_SURVEY_CATEGORY_AVG,2023,418,GDHM_CAT5_STANDARDS,,3.0,Phase 3
GDHM_SURVEY_COUNTRYRESPONSE_SCORE,2023,418,GDHM_CAT6_INFRASTRUCTURE,GDHM_Q17,3.0,Phase 3
GDHM_SURVEY_COUNTRYRESPONSE_SCORE,2023,418,GDHM_CAT6_INFRASTRUCTURE,GDHM_Q18,4.0,Phase 4
GDHM_SURVEY_CATEGORY_AVG,2023,418,GDHM_CAT6_INFRASTRUCTURE,,4.0,Phase 4
GDHM_SURVEY_COUNTRYRESPONSE_SCORE,2023,418,GDHM_CAT7_SERV_APP,GDHM_Q19,2.0,Phase 2
GDHM_SURVEY_COUNTRYRESPONSE_SCORE,2023,418,GDHM_CAT7_SERV_APP,GDHM_Q20,4.0,Phase 4
GDHM_SURVEY_COUNTRYRESPONSE_SCORE,2023,418,GDHM_CAT7_SERV_APP,GDHM_Q21,3.0,Phase 3
GDHM_SURVEY_COUNTRYRESPONSE_SCORE,2023,418,GDHM_CAT7_SERV_APP,GDHM_Q21a,1.0,Phase 1
GDHM_SURVEY_COUNTRYRESPONSE_SCORE,2023,418,GDHM_CAT7_SERV_APP,GDHM_Q21b,2.0,Phase 2
GDHM_SURVEY_COUNTRYRESPONSE_SCORE,2023,418,GDHM_CAT7_SERV_APP,GDHM_Q21c,2.0,Phase 2
GDHM_SURVEY_COUNTRYRESPONSE_SCORE,2023,418,GDHM_CAT7_SERV_APP,GDHM_Q22,2.0,Phase 2
GDHM_SURVEY_COUNTRYRESPONSE_SCORE,2023,418,GDHM_CAT7_SERV_APP,GDHM_Q23,2.0,Phase 2
GDHM_SURVEY_CATEGORY_AVG,2023,418,GDHM_CAT7_SERV_APP,,3.0,Phase 3
GDHM_SURVEY_COUNTRYRESPONSE_SCORE,2023,428,GDHM_CAT1_LEAD_GOV,GDHM_Q01,0.0,Not Available
GDHM_SURVEY_COUNTRYRESPONSE_SCORE,2023,428,GDHM_CAT1_LEAD_GOV,GDHM_Q02,0.0,Not Available
GDHM_SURVEY_COUNTRYRESPONSE_SCORE,2023,428,GDHM_CAT1_LEAD_GOV,GDHM_Q02a,0.0,Not Available
GDHM_SURVEY_COUNTRYRESPONSE_SCORE,2023,428,GDHM_CAT1_LEAD_GOV,GDHM_Q03,0.0,Not Available
GDHM_SURVEY_COUNTRYRESPONSE_SCORE,2023,428,GDHM_CAT1_LEAD_GOV,GDHM_Q04,4.0,Phase 4
GDHM_SURVEY_COUNTRYRESPONSE_SCORE,2023,428,GDHM_CAT1_LEAD_GOV,GDHM_Q04a,0.0,Not Available
GDHM_SURVEY_CATEGORY_AVG,2023,428,GDHM_CAT1_LEAD_GOV,,4.0,Phase 4
GDHM_SURVEY_COUNTRYRESPONSE_SCORE,2023,428,GDHM_CAT2_STRAT_INV,GDHM_Q05,0.0,Not Available
GDHM_SURVEY_COUNTRYRESPONSE_SCORE,2023,428,GDHM_CAT2_STRAT_INV,GDHM_Q05a,0.0,Not Available
GDHM_SURVEY_COUNTRYRESPONSE_SCORE,2023,428,GDHM_CAT2_STRAT_INV,GDHM_Q06,0.0,Not Available
GDHM_SURVEY_COUNTRYRESPONSE_SCORE,2023,428,GDHM_CAT2_STRAT_INV,GDHM_Q06a,3.0,Phase 3
GDHM_SURVEY_CATEGORY_AVG,2023,428,GDHM_CAT2_STRAT_INV,,1.0,Not Available
GDHM_SURVEY_COUNTRYRESPONSE_SCORE,2023,428,GDHM_CAT3_LEG,GDHM_Q07,5.0,Phase 5
GDHM_SURVEY_COUNTRYRESPONSE_SCORE,2023,428,GDHM_CAT3_LEG,GDHM_Q08,5.0,Phase 5
GDHM_SURVEY_COUNTRYRESPONSE_SCORE,2023,428,GDHM_CAT3_LEG,GDHM_Q09,4.0,Phase 4
GDHM_SURVEY_COUNTRYRESPONSE_SCORE,2023,428,GDHM_CAT3_LEG,GDHM_Q09a,0.0,Not Available
GDHM_SURVEY_COUNTRYRESPONSE_SCORE,2023,428,GDHM_CAT3_LEG,GDHM_Q10,0.0,Not Available
GDHM_SURVEY_CATEGORY_AVG,2023,428,GDHM_CAT3_LEG,,5.0,Phase 5
GDHM_SURVEY_COUNTRYRESPONSE_SCORE,2023,428,GDHM_CAT4_WORKFORCE,GDHM_Q11,0.0,Not Available
GDHM_SURVEY_COUNTRYRESPONSE_SCORE,2023,428,GDHM_CAT4_WORKFORCE,GDHM_Q12,0.0,Not Available
GDHM_SURVEY_COUNTRYRESPONSE_SCORE,2023,428,GDHM_CAT4_WORKFORCE,GDHM_Q13,0.0,Not Available
GDHM_SURVEY_COUNTRYRESPONSE_SCORE,2023,428,GDHM_CAT4_WORKFORCE,GDHM_Q14,0.0,Not Available
GDHM_SURVEY_CATEGORY_AVG,2023,428,GDHM_CAT4_WORKFORCE,,1.0,Not Available
GDHM_SURVEY_COUNTRYRESPONSE_SCORE,2023,428,GDHM_CAT5_STANDARDS,GDHM_Q15,0.0,Not Available
GDHM_SURVEY_COUNTRYRESPONSE_SCORE,2023,428,GDHM_CAT5_STANDARDS,GDHM_Q16,0.0,Not Available
GDHM_SURVEY_CATEGORY_AVG,2023,428,GDHM_CAT5_STANDARDS,,1.0,Not Available
GDHM_SURVEY_COUNTRYRESPONSE_SCORE,2023,428,GDHM_CAT6_INFRASTRUCTURE,GDHM_Q17,3.0,Phase 3
GDHM_SURVEY_COUNTRYRESPONSE_SCORE,2023,428,GDHM_CAT6_INFRASTRUCTURE,GDHM_Q18,5.0,Phase 5
GDHM_SURVEY_CATEGORY_AVG,2023,428,GDHM_CAT6_INFRASTRUCTURE,,4.0,Phase 4
GDHM_SURVEY_COUNTRYRESPONSE_SCORE,2023,428,GDHM_CAT7_SERV_APP,GDHM_Q19,0.0,Not Available
GDHM_SURVEY_COUNTRYRESPONSE_SCORE,2023,428,GDHM_CAT7_SERV_APP,GDHM_Q20,0.0,Not Available
GDHM_SURVEY_COUNTRYRESPONSE_SCORE,2023,428,GDHM_CAT7_SERV_APP,GDHM_Q21,0.0,Not Available
GDHM_SURVEY_COUNTRYRESPONSE_SCORE,2023,428,GDHM_CAT7_SERV_APP,GDHM_Q21a,0.0,Not Available
GDHM_SURVEY_COUNTRYRESPONSE_SCORE,2023,428,GDHM_CAT7_SERV_APP,GDHM_Q21b,0.0,Not Available
GDHM_SURVEY_COUNTRYRESPONSE_SCORE,2023,428,GDHM_CAT7_SERV_APP,GDHM_Q21c,0.0,Not Available
GDHM_SURVEY_COUNTRYRESPONSE_SCORE,2023,428,GDHM_CAT7_SERV_APP,GDHM_Q22,0.0,Not Available
GDHM_SURVEY_COUNTRYRESPONSE_SCORE,2023,428,GDHM_CAT7_SERV_APP,GDHM_Q23,0.0,Not Available
GDHM_SURVEY_CATEGORY_AVG,2023,428,GDHM_CAT7_SERV_APP,,1.0,Not Available
GDHM_SURVEY_COUNTRYRESPONSE_SCORE,2023,422,GDHM_CAT1_LEAD_GOV,GDHM_Q01,0.0,Not Available
GDHM_SURVEY_COUNTRYRESPONSE_SCORE,2023,422,GDHM_CAT1_LEAD_GOV,GDHM_Q02,0.0,Not Available
GDHM_SURVEY_COUNTRYRESPONSE_SCORE,2023,422,GDHM_CAT1_LEAD_GOV,GDHM_Q02a,0.0,Not Available
GDHM_SURVEY_COUNTRYRESPONSE_SCORE,2023,422,GDHM_CAT1_LEAD_GOV,GDHM_Q03,0.0,Not Available
GDHM_SURVEY_COUNTRYRESPONSE_SCORE,2023,422,GDHM_CAT1_LEAD_GOV,GDHM_Q04,3.0,Phase 3
GDHM_SURVEY_COUNTRYRESPONSE_SCORE,2023,422,GDHM_CAT1_LEAD_GOV,GDHM_Q04a,0.0,Not Available
GDHM_SURVEY_CATEGORY_AVG,2023,422,GDHM_CAT1_LEAD_GOV,,3.0,Phase 3
GDHM_SURVEY_COUNTRYRESPONSE_SCORE,2023,422,GDHM_CAT2_STRAT_INV,GDHM_Q05,0.0,Not Available
GDHM_SURVEY_COUNTRYRESPONSE_SCORE,2023,422,GDHM_CAT2_STRAT_INV,GDHM_Q05a,0.0,Not Available
GDHM_SURVEY_COUNTRYRESPONSE_SCORE,2023,422,GDHM_CAT2_STRAT_INV,GDHM_Q06,0.0,Not Available
GDHM_SURVEY_COUNTRYRESPONSE_SCORE,2023,422,GDHM_CAT2_STRAT_INV,GDHM_Q06a,3.0,Phase 3
GDHM_SURVEY_CATEGORY_AVG,2023,422,GDHM_CAT2_STRAT_INV,,1.0,Not Available
GDHM_SURVEY_COUNTRYRESPONSE_SCORE,2023,422,GDHM_CAT3_LEG,GDHM_Q07,2.0,Phase 2
GDHM_SURVEY_COUNTRYRESPONSE_SCORE,2023,422,GDHM_CAT3_LEG,GDHM_Q08,2.0,Phase 2
GDHM_SURVEY_COUNTRYRESPONSE_SCORE,2023,422,GDHM_CAT3_LEG,GDHM_Q09,2.0,Phase 2
GDHM_SURVEY_COUNTRYRESPONSE_SCORE,2023,422,GDHM_CAT3_LEG,GDHM_Q09a,0.0,Not Available
GDHM_SURVEY_COUNTRYRESPONSE_SCORE,2023,422,GDHM_CAT3_LEG,GDHM_Q10,0.0,Not Available
GDHM_SURVEY_CATEGORY_AVG,2023,422,GDHM_CAT3_LEG,,2.0,Phase 2
GDHM_SURVEY_COUNTRYRESPONSE_SCORE,2023,422,GDHM_CAT4_WORKFORCE,GDHM_Q11,0.0,Not Available
GDHM_SURVEY_COUNTRYRESPONSE_SCORE,2023,422,GDHM_CAT4_WORKFORCE,GDHM_Q12,0.0,Not Available
GDHM_SURVEY_COUNTRYRESPONSE_SCORE,2023,422,GDHM_CAT4_WORKFORCE,GDHM_Q13,0.0,Not Available
GDHM_SURVEY_COUNTRYRESPONSE_SCORE,2023,422,GDHM_CAT4_WORKFORCE,GDHM_Q14,0.0,Not Available
GDHM_SURVEY_CATEGORY_AVG,2023,422,GDHM_CAT4_WORKFORCE,,1.0,Not Available
GDHM_SURVEY_COUNTRYRESPONSE_SCORE,2023,422,GDHM_CAT5_STANDARDS,GDHM_Q15,0.0,Not Available
GDHM_SURVEY_COUNTRYRESPONSE_SCORE,2023,422,GDHM_CAT5_STANDARDS,GDHM_Q16,0.0,Not Available
GDHM_SURVEY_CATEGORY_AVG,2023,422,GDHM_CAT5_STANDARDS,,1.0,Not Available
GDHM_SURVEY_COUNTRYRESPONSE_SCORE,2023,422,GDHM_CAT6_INFRASTRUCTURE,GDHM_Q17,3.0,Phase 3
GDHM_SURVEY_COUNTRYRESPONSE_SCORE,2023,422,GDHM_CAT6_INFRASTRUCTURE,GDHM_Q18,4.0,Phase 4
GDHM_SURVEY_CATEGORY_AVG,2023,422,GDHM_CAT6_INFRASTRUCTURE,,4.0,Phase 4
GDHM_SURVEY_COUNTRYRESPONSE_SCORE,2023,422,GDHM_CAT7_SERV_APP,GDHM_Q19,0.0,Not Available
GDHM_SURVEY_COUNTRYRESPONSE_SCORE,2023,422,GDHM_CAT7_SERV_APP,GDHM_Q20,0.0,Not Available
GDHM_SURVEY_COUNTRYRESPONSE_SCORE,2023,422,GDHM_CAT7_SERV_APP,GDHM_Q21,0.0,Not Available
GDHM_SURVEY_COUNTRYRESPONSE_SCORE,2023,422,GDHM_CAT7_SERV_APP,GDHM_Q21a,0.0,Not Available
GDHM_SURVEY_COUNTRYRESPONSE_SCORE,2023,422,GDHM_CAT7_SERV_APP,GDHM_Q21b,0.0,Not Available
GDHM_SURVEY_COUNTRYRESPONSE_SCORE,2023,422,GDHM_CAT7_SERV_APP,GDHM_Q21c,0.0,Not Available
GDHM_SURVEY_COUNTRYRESPONSE_SCORE,2023,422,GDHM_CAT7_SERV_APP,GDHM_Q22,0.0,Not Available
GDHM_SURVEY_COUNTRYRESPONSE_SCORE,2023,422,GDHM_CAT7_SERV_APP,GDHM_Q23,0.0,Not Available
GDHM_SURVEY_CATEGORY_AVG,2023,422,GDHM_CAT7_SERV_APP,,1.0,Not Available
GDHM_SURVEY_COUNTRYRESPONSE_SCORE,2023,426,GDHM_CAT1_LEAD_GOV,GDHM_Q01,0.0,Not Available
GDHM_SURVEY_COUNTRYRESPONSE_SCORE,2023,426,GDHM_CAT1_LEAD_GOV,GDHM_Q02,0.0,Not Available
GDHM_SURVEY_COUNTRYRESPONSE_SCORE,2023,426,GDHM_CAT1_LEAD_GOV,GDHM_Q02a,0.0,Not Available
GDHM_SURVEY_COUNTRYRESPONSE_SCORE,2023,426,GDHM_CAT1_LEAD_GOV,GDHM_Q03,0.0,Not Available
GDHM_SURVEY_COUNTRYRESPONSE_SCORE,2023,426,GDHM_CAT1_LEAD_GOV,GDHM_Q04,3.0,Phase 3
GDHM_SURVEY_COUNTRYRESPONSE_SCORE,2023,426,GDHM_CAT1_LEAD_GOV,GDHM_Q04a,0.0,Not Available
GDHM_SURVEY_CATEGORY_AVG,2023,426,GDHM_CAT1_LEAD_GOV,,3.0,Phase 3
GDHM_SURVEY_COUNTRYRESPONSE_SCORE,2023,426,GDHM_CAT2_STRAT_INV,GDHM_Q05,0.0,Not Available
GDHM_SURVEY_COUNTRYRESPONSE_SCORE,2023,426,GDHM_CAT2_STRAT_INV,GDHM_Q05a,0.0,Not Available
GDHM_SURVEY_COUNTRYRESPONSE_SCORE,2023,426,GDHM_CAT2_STRAT_INV,GDHM_Q06,0.0,Not Available
GDHM_SURVEY_COUNTRYRESPONSE_SCORE,2023,426,GDHM_CAT2_STRAT_INV,GDHM_Q06a,2.0,Phase 2
GDHM_SURVEY_CATEGORY_AVG,2023,426,GDHM_CAT2_STRAT_INV,,1.0,Not Available
GDHM_SURVEY_COUNTRYRESPONSE_SCORE,2023,426,GDHM_CAT3_LEG,GDHM_Q07,1.0,Phase 1
GDHM_SURVEY_COUNTRYRESPONSE_SCORE,2023,426,GDHM_CAT3_LEG,GDHM_Q08,4.0,Phase 4
GDHM_SURVEY_COUNTRYRESPONSE_SCORE,2023,426,GDHM_CAT3_LEG,GDHM_Q09,1.0,Phase 1
GDHM_SURVEY_COUNTRYRESPONSE_SCORE,2023,426,GDHM_CAT3_LEG,GDHM_Q09a,0.0,Not Available
GDHM_SURVEY_COUNTRYRESPONSE_SCORE,2023,426,GDHM_CAT3_LEG,GDHM_Q10,0.0,Not Available
GDHM_SURVEY_CATEGORY_AVG,2023,426,GDHM_CAT3_LEG,,2.0,Phase 2
GDHM_SURVEY_COUNTRYRESPONSE_SCORE,2023,426,GDHM_CAT4_WORKFORCE,GDHM_Q11,0.0,Not Available
GDHM_SURVEY_COUNTRYRESPONSE_SCORE,2023,426,GDHM_CAT4_WORKFORCE,GDHM_Q12,0.0,Not Available
GDHM_SURVEY_COUNTRYRESPONSE_SCORE,2023,426,GDHM_CAT4_WORKFORCE,GDHM_Q13,0.0,Not Available
GDHM_SURVEY_COUNTRYRESPONSE_SCORE,2023,426,GDHM_CAT4_WORKFORCE,GDHM_Q14,0.0,Not Available
GDHM_SURVEY_CATEGORY_AVG,2023,426,GDHM_CAT4_WORKFORCE,,1.0,Not Available
GDHM_SURVEY_COUNTRYRESPONSE_SCORE,2023,426,GDHM_CAT5_STANDARDS,GDHM_Q15,0.0,Not Available
GDHM_SURVEY_COUNTRYRESPONSE_SCORE,2023,562,GDHM_CAT7_SERV_APP,GDHM_Q21c,0.0,Not Available
GDHM_SURVEY_COUNTRYRESPONSE_SCORE,2023,562,GDHM_CAT7_SERV_APP,GDHM_Q22,1.0,Phase 1
GDHM_SURVEY_COUNTRYRESPONSE_SCORE,2023,562,GDHM_CAT7_SERV_APP,GDHM_Q23,4.0,Phase 4
GDHM_SURVEY_CATEGORY_AVG,2023,562,GDHM_CAT7_SERV_APP,,3.0,Phase 3
GDHM_SURVEY_COUNTRYRESPONSE_SCORE,2023,566,GDHM_CAT1_LEAD_GOV,GDHM_Q01,3.0,Phase 3
GDHM_SURVEY_COUNTRYRESPONSE_SCORE,2023,566,GDHM_CAT1_LEAD_GOV,GDHM_Q02,2.0,Phase 2
GDHM_SURVEY_COUNTRYRESPONSE_SCORE,2023,566,GDHM_CAT1_LEAD_GOV,GDHM_Q02a,2.0,Phase 2
GDHM_SURVEY_COUNTRYRESPONSE_SCORE,2023,566,GDHM_CAT1_LEAD_GOV,GDHM_Q03,1.0,Phase 1
GDHM_SURVEY_COUNTRYRESPONSE_SCORE,2023,566,GDHM_CAT1_LEAD_GOV,GDHM_Q04,1.0,Phase 1
GDHM_SURVEY_COUNTRYRESPONSE_SCORE,2023,566,GDHM_CAT1_LEAD_GOV,GDHM_Q04a,1.0,Phase 1
GDHM_SURVEY_CATEGORY_AVG,2023,566,GDHM_CAT1_LEAD_GOV,,2.0,Phase 2
GDHM_SURVEY_COUNTRYRESPONSE_SCORE,2023,566,GDHM_CAT2_STRAT_INV,GDHM_Q05,2.0,Phase 2
GDHM_SURVEY_COUNTRYRESPONSE_SCORE,2023,566,GDHM_CAT2_STRAT_INV,GDHM_Q05a,5.0,Phase 5
GDHM_SURVEY_COUNTRYRESPONSE_SCORE,2023,566,GDHM_CAT2_STRAT_INV,GDHM_Q06,2.0,Phase 2
GDHM_SURVEY_COUNTRYRESPONSE_SCORE,2023,566,GDHM_CAT2_STRAT_INV,GDHM_Q06a,2.0,Phase 2
GDHM_SURVEY_CATEGORY_AVG,2023,566,GDHM_CAT2_STRAT_INV,,2.0,Phase 2
GDHM_SURVEY_COUNTRYRESPONSE_SCORE,2023,566,GDHM_CAT3_LEG,GDHM_Q07,4.0,Phase 4
GDHM_SURVEY_COUNTRYRESPONSE_SCORE,2023,566,GDHM_CAT3_LEG,GDHM_Q08,4.0,Phase 4
GDHM_SURVEY_COUNTRYRESPONSE_SCORE,2023,566,GDHM_CAT3_LEG,GDHM_Q09,1.0,Phase 1
GDHM_SURVEY_COUNTRYRESPONSE_SCORE,2023,566,GDHM_CAT3_LEG,GDHM_Q09a,1.0,Phase 1
GDHM_SURVEY_COUNTRYRESPONSE_SCORE,2023,566,GDHM_CAT3_LEG,GDHM_Q10,2.0,Phase 2
GDHM_SURVEY_CATEGORY_AVG,2023,566,GDHM_CAT3_LEG,,3.0,Phase 3
GDHM_SURVEY_COUNTRYRESPONSE_SCORE,2023,566,GDHM_CAT4_WORKFORCE,GDHM_Q11,1.0,Phase 1
GDHM_SURVEY_COUNTRYRESPONSE_SCORE,2023,566,GDHM_CAT4_WORKFORCE,GDHM_Q12,1.0,Phase 1
GDHM_SURVEY_COUNTRYRESPONSE_SCORE,2023,566,GDHM_CAT4_WORKFORCE,GDHM_Q13,1.0,Phase 1
GDHM_SURVEY_COUNTRYRESPONSE_SCORE,2023,566,GDHM_CAT4_WORKFORCE,GDHM_Q14,1.0,Phase 1
GDHM_SURVEY_CATEGORY_AVG,2023,566,GDHM_CAT4_WORKFORCE,,1.0,Phase 1
GDHM_SURVEY_COUNTRYRESPONSE_SCORE,2023,566,GDHM_CAT5_STANDARDS,GDHM_Q15,3.0,Phase 3
GDHM_SURVEY_COUNTRYRESPONSE_SCORE,2023,566,GDHM_CAT5_STANDARDS,GDHM_Q16,3.0,Phase 3
GDHM_SURVEY_CATEGORY_AVG,2023,566,GDHM_CAT5_STANDARDS,,3.0,Phase 3
GDHM_SURVEY_COUNTRYRESPONSE_SCORE,2023,566,GDHM_CAT6_INFRASTRUCTURE,GDHM_Q17,3.0,Phase 3
GDHM_SURVEY_COUNTRYRESPONSE_SCORE,2023,566,GDHM_CAT6_INFRASTRUCTURE,GDHM_Q18,1.0,Phase 1
GDHM_SURVEY_CATEGORY_AVG,2023,566,GDHM_CAT6_INFRASTRUCTURE,,2.0,Phase 2
GDHM_SURVEY_COUNTRYRESPONSE_SCORE,2023,566,GDHM_CAT7_SERV_APP,GDHM_Q19,1.0,Phase 1
GDHM_SURVEY_COUNTRYRESPONSE_SCORE,2023,566,GDHM_CAT7_SERV_APP,GDHM_Q20,2.0,Phase 2
GDHM_SURVEY_COUNTRYRESPONSE_SCORE,2023,566,GDHM_CAT7_SERV_APP,GDHM_Q21,2.0,Phase 2
GDHM_SURVEY_COUNTRYRESPONSE_SCORE,2023,566,GDHM_CAT7_SERV_APP,GDHM_Q21a,2.0,Phase 2
GDHM_SURVEY_COUNTRYRESPONSE_SCORE,2023,566,GDHM_CAT7_SERV_APP,GDHM_Q21b,1.0,Phase 1
GDHM_SURVEY_COUNTRYRESPONSE_SCORE,2023,566,GDHM_CAT7_SERV_APP,GDHM_Q21c,1.0,Phase 1
GDHM_SURVEY_COUNTRYRESPONSE_SCORE,2023,566,GDHM_CAT7_SERV_APP,GDHM_Q22,1.0,Phase 1
GDHM_SURVEY_COUNTRYRESPONSE_SCORE,2023,566,GDHM_CAT7_SERV_APP,GDHM_Q23,2.0,Phase 2
GDHM_SURVEY_CATEGORY_AVG,2023,566,GDHM_CAT7_SERV_APP,,2.0,Phase 2
GDHM_SURVEY_COUNTRYRESPONSE_SCORE,2023,578,GDHM_CAT1_LEAD_GOV,GDHM_Q01,0.0,Not Available
GDHM_SURVEY_COUNTRYRESPONSE_SCORE,2023,578,GDHM_CAT1_LEAD_GOV,GDHM_Q02,0.0,Not Available
GDHM_SURVEY_COUNTRYRESPONSE_SCORE,2023,578,GDHM_CAT1_LEAD_GOV,GDHM_Q02a,0.0,Not Available
GDHM_SURVEY_COUNTRYRESPONSE_SCORE,2023,578,GDHM_CAT1_LEAD_GOV,GDHM_Q03,0.0,Not Available
GDHM_SURVEY_COUNTRYRESPONSE_SCORE,2023,578,GDHM_CAT1_LEAD_GOV,GDHM_Q04,5.0,Phase 5
GDHM_SURVEY_COUNTRYRESPONSE_SCORE,2023,578,GDHM_CAT1_LEAD_GOV,GDHM_Q04a,0.0,Not Available
GDHM_SURVEY_CATEGORY_AVG,2023,578,GDHM_CAT1_LEAD_GOV,,5.0,Phase 5
GDHM_SURVEY_COUNTRYRESPONSE_SCORE,2023,578,GDHM_CAT2_STRAT_INV,GDHM_Q05,0.0,Not Available
GDHM_SURVEY_COUNTRYRESPONSE_SCORE,2023,578,GDHM_CAT2_STRAT_INV,GDHM_Q05a,0.0,Not Available
GDHM_SURVEY_COUNTRYRESPONSE_SCORE,2023,578,GDHM_CAT2_STRAT_INV,GDHM_Q06,0.0,Not Available
GDHM_SURVEY_COUNTRYRESPONSE_SCORE,2023,578,GDHM_CAT2_STRAT_INV,GDHM_Q06a,4.0,Phase 4
GDHM_SURVEY_CATEGORY_AVG,2023,578,GDHM_CAT2_STRAT_INV,,1.0,Not Available
GDHM_SURVEY_COUNTRYRESPONSE_SCORE,2023,578,GDHM_CAT3_LEG,GDHM_Q07,5.0,Phase 5
GDHM_SURVEY_COUNTRYRESPONSE_SCORE,2023,578,GDHM_CAT3_LEG,GDHM_Q08,5.0,Phase 5
GDHM_SURVEY_COUNTRYRESPONSE_SCORE,2023,578,GDHM_CAT3_LEG,GDHM_Q09,0.0,Not Available
GDHM_SURVEY_COUNTRYRESPONSE_SCORE,2023,578,GDHM_CAT3_LEG,GDHM_Q09a,0.0,Not Available
GDHM_SURVEY_COUNTRYRESPONSE_SCORE,2023,578,GDHM_CAT3_LEG,GDHM_Q10,0.0,Not Available
GDHM_SURVEY_CATEGORY_AVG,2023,578,GDHM_CAT3_LEG,,5.0,Phase 5
GDHM_SURVEY_COUNTRYRESPONSE_SCORE,2023,578,GDHM_CAT4_WORKFORCE,GDHM_Q11,0.0,Not Available
GDHM_SURVEY_COUNTRYRESPONSE_SCORE,2023,578,GDHM_CAT4_WORKFORCE,GDHM_Q12,0.0,Not Available
GDHM_SURVEY_COUNTRYRESPONSE_SCORE,2023,578,GDHM_CAT4_WORKFORCE,GDHM_Q13,0.0,Not Available
GDHM_SURVEY_COUNTRYRESPONSE_SCORE,2023,578,GDHM_CAT4_WORKFORCE,GDHM_Q14,0.0,Not Available
GDHM_SURVEY_CATEGORY_AVG,2023,578,GDHM_CAT4_WORKFORCE,,1.0,Not Available
GDHM_SURVEY_COUNTRYRESPONSE_SCORE,2023,578,GDHM_CAT5_STANDARDS,GDHM_Q15,0.0,Not Available
GDHM_SURVEY_COUNTRYRESPONSE_SCORE,2023,578,GDHM_CAT5_STANDARDS,GDHM_Q16,0.0,Not Available
GDHM_SURVEY_CATEGORY_AVG,2023,578,GDHM_CAT5_STANDARDS,,1.0,Not Available
GDHM_SURVEY_COUNTRYRESPONSE_SCORE,2023,578,GDHM_CAT6_INFRASTRUCTURE,GDHM_Q17,4.0,Phase 4
GDHM_SURVEY_COUNTRYRESPONSE_SCORE,2023,578,GDHM_CAT6_INFRASTRUCTURE,GDHM_Q18,5.0,Phase 5
GDHM_SURVEY_CATEGORY_AVG,2023,578,GDHM_CAT6_INFRASTRUCTURE,,5.0,Phase 5
GDHM_SURVEY_COUNTRYRESPONSE_SCORE,2023,578,GDHM_CAT7_SERV_APP,GDHM_Q19,0.0,Not Available
GDHM_SURVEY_COUNTRYRESPONSE_SCORE,2023,578,GDHM_CAT7_SERV_APP,GDHM_Q20,0.0,Not Available
GDHM_SURVEY_COUNTRYRESPONSE_SCORE,2023,578,GDHM_CAT7_SERV_APP,GDHM_Q21,0.0,Not Available
GDHM_SURVEY_COUNTRYRESPONSE_SCORE,2023,578,GDHM_CAT7_SERV_APP,GDHM_Q21a,0.0,Not Available
GDHM_SURVEY_COUNTRYRESPONSE_SCORE,2023,578,GDHM_CAT7_SERV_APP,GDHM_Q21b,0.0,Not Available
GDHM_SURVEY_COUNTRYRESPONSE_SCORE,2023,578,GDHM_CAT7_SERV_APP,GDHM_Q21c,0.0,Not Available
GDHM_SURVEY_COUNTRYRESPONSE_SCORE,2023,578,GDHM_CAT7_SERV_APP,GDHM_Q22,0.0,Not Available
GDHM_SURVEY_COUNTRYRESPONSE_SCORE,2023,578,GDHM_CAT7_SERV_APP,GDHM_Q23,0.0,Not Available
GDHM_SURVEY_CATEGORY_AVG,2023,578,GDHM_CAT7_SERV_APP,,1.0,Not Available
GDHM_SURVEY_COUNTRYRESPONSE_SCORE,2023,512,GDHM_CAT1_LEAD_GOV,GDHM_Q01,0.0,Not Available
GDHM_SURVEY_COUNTRYRESPONSE_SCORE,2023,512,GDHM_CAT1_LEAD_GOV,GDHM_Q02,0.0,Not Available
GDHM_SURVEY_COUNTRYRESPONSE_SCORE,2023,512,GDHM_CAT1_LEAD_GOV,GDHM_Q02a,0.0,Not Available
GDHM_SURVEY_COUNTRYRESPONSE_SCORE,2023,512,GDHM_CAT1_LEAD_GOV,GDHM_Q03,0.0,Not Available
GDHM_SURVEY_COUNTRYRESPONSE_SCORE,2023,512,GDHM_CAT1_LEAD_GOV,GDHM_Q04,4.0,Phase 4
GDHM_SURVEY_COUNTRYRESPONSE_SCORE,2023,512,GDHM_CAT1_LEAD_GOV,GDHM_Q04a,0.0,Not Available
GDHM_SURVEY_CATEGORY_AVG,2023,512,GDHM_CAT1_LEAD_GOV,,4.0,Phase 4
GDHM_SURVEY_COUNTRYRESPONSE_SCORE,2023,512,GDHM_CAT2_STRAT_INV,GDHM_Q05,0.0,Not Available
GDHM_SURVEY_COUNTRYRESPONSE_SCORE,2023,512,GDHM_CAT2_STRAT_INV,GDHM_Q05a,0.0,Not Available
GDHM_SURVEY_COUNTRYRESPONSE_SCORE,2023,512,GDHM_CAT2_STRAT_INV,GDHM_Q06,0.0,Not Available
GDHM_SURVEY_COUNTRYRESPONSE_SCORE,2023,512,GDHM_CAT2_STRAT_INV,GDHM_Q06a,2.0,Phase 2
GDHM_SURVEY_CATEGORY_AVG,2023,512,GDHM_CAT2_STRAT_INV,,1.0,Not Available
GDHM_SURVEY_COUNTRYRESPONSE_SCORE,2023,512,GDHM_CAT3_LEG,GDHM_Q07,5.0,Phase 5
GDHM_SURVEY_COUNTRYRESPONSE_SCORE,2023,512,GDHM_CAT3_LEG,GDHM_Q08,2.0,Phase 2
GDHM_SURVEY_COUNTRYRESPONSE_SCORE,2023,512,GDHM_CAT3_LEG,GDHM_Q09,3.0,Phase 3
GDHM_SURVEY_COUNTRYRESPONSE_SCORE,2023,512,GDHM_CAT3_LEG,GDHM_Q09a,0.0,Not Available
GDHM_SURVEY_COUNTRYRESPONSE_SCORE,2023,512,GDHM_CAT3_LEG,GDHM_Q10,0.0,Not Available
GDHM_SURVEY_CATEGORY_AVG,2023,512,GDHM_CAT3_LEG,,4.0,Phase 4
GDHM_SURVEY_COUNTRYRESPONSE_SCORE,2023,512,GDHM_CAT4_WORKFORCE,GDHM_Q11,0.0,Not Available
GDHM_SURVEY_COUNTRYRESPONSE_SCORE,2023,512,GDHM_CAT4_WORKFORCE,GDHM_Q12,0.0,Not Available
GDHM_SURVEY_COUNTRYRESPONSE_SCORE,2023,512,GDHM_CAT4_WORKFORCE,GDHM_Q13,0.0,Not Available
GDHM_SURVEY_COUNTRYRESPONSE_SCORE,2023,512,GDHM_CAT4_WORKFORCE,GDHM_Q14,0.0,Not Available
GDHM_SURVEY_CATEGORY_AVG,2023,512,GDHM_CAT4_WORKFORCE,,1.0,Not Available
GDHM_SURVEY_COUNTRYRESPONSE_SCORE,2023,512,GDHM_CAT5_STANDARDS,GDHM_Q15,0.0,Not Available
GDHM_SURVEY_COUNTRYRESPONSE_SCORE,2023,512,GDHM_CAT5_STANDARDS,GDHM_Q16,0.0,Not Available
GDHM_SURVEY_CATEGORY_AVG,2023,512,GDHM_CAT5_STANDARDS,,1.0,Not Available
GDHM_SURVEY_COUNTRYRESPONSE_SCORE,2023,512,GDHM_CAT6_INFRASTRUCTURE,GDHM_Q17,3.0,Phase 3
GDHM_SURVEY_COUNTRYRESPONSE_SCORE,2023,512,GDHM_CAT6_INFRASTRUCTURE,GDHM_Q18,4.0,Phase 4
GDHM_SURVEY_CATEGORY_AVG,2023,512,GDHM_CAT6_INFRASTRUCTURE,,4.0,Phase 4
GDHM_SURVEY_COUNTRYRESPONSE_SCORE,2023,512,GDHM_CAT7_SERV_APP,GDHM_Q19,0.0,Not Available
GDHM_SURVEY_COUNTRYRESPONSE_SCORE,2023,512,GDHM_CAT7_SERV_APP,GDHM_Q20,0.0,Not Available
GDHM_SURVEY_COUNTRYRESPONSE_SCORE,2023,512,GDHM_CAT7_SERV_APP,GDHM_Q21,0.0,Not Available
GDHM_SURVEY_COUNTRYRESPONSE_SCORE,2023,512,GDHM_CAT7_SERV_APP,GDHM_Q21a,0.0,Not Available
GDHM_SURVEY_COUNTRYRESPONSE_SCORE,2023,512,GDHM_CAT7_SERV_APP,GDHM_Q21b,0.0,Not Available
GDHM_SURVEY_COUNTRYRESPONSE_SCORE,2023,512,GDHM_CAT7_SERV_APP,GDHM_Q21c,0.0,Not Available
GDHM_SURVEY_COUNTRYRESPONSE_SCORE,2023,512,GDHM_CAT7_SERV_APP,GDHM_Q22,0.0,Not Available
GDHM_SURVEY_COUNTRYRESPONSE_SCORE,2023,512,GDHM_CAT7_SERV_APP,GDHM_Q23,0.0,Not Available
GDHM_SURVEY_CATEGORY_AVG,2023,512,GDHM_CAT7_SERV_APP,,1.0,Not Available
GDHM_SURVEY_COUNTRYRESPONSE_SCORE,2023,586,GDHM_CAT1_LEAD_GOV,GDHM_Q01,1.0,Phase 1
GDHM_SURVEY_COUNTRYRESPONSE_SCORE,2023,586,GDHM_CAT1_LEAD_GOV,GDHM_Q02,3.0,Phase 3
GDHM_SURVEY_COUNTRYRESPONSE_SCORE,2023,586,GDHM_CAT1_LEAD_GOV,GDHM_Q02a,2.0,Phase 2
GDHM_SURVEY_COUNTRYRESPONSE_SCORE,2023,586,GDHM_CAT1_LEAD_GOV,GDHM_Q03,1.0,Phase 1
GDHM_SURVEY_COUNTRYRESPONSE_SCORE,2023,586,GDHM_CAT1_LEAD_GOV,GDHM_Q04,1.0,Phase 1
GDHM_SURVEY_COUNTRYRESPONSE_SCORE,2023,586,GDHM_CAT1_LEAD_GOV,GDHM_Q04a,1.0,Phase 1
GDHM_SURVEY_CATEGORY_AVG,2023,586,GDHM_CAT1_LEAD_GOV,,2.0,Phase 2
GDHM_SURVEY_COUNTRYRESPONSE_SCORE,2023,586,GDHM_CAT2_STRAT_INV,GDHM_Q05,1.0,Phase 1
GDHM_SURVEY_COUNTRYRESPONSE_SCORE,2023,586,GDHM_CAT2_STRAT_INV,GDHM_Q05a,1.0,Phase 1
GDHM_SURVEY_COUNTRYRESPONSE_SCORE,2023,586,GDHM_CAT2_STRAT_INV,GDHM_Q06,2.0,Phase 2
GDHM_SURVEY_COUNTRYRESPONSE_SCORE,2023,586,GDHM_CAT2_STRAT_INV,GDHM_Q06a,1.0,Phase 1
GDHM_SURVEY_CATEGORY_AVG,2023,586,GDHM_CAT2_STRAT_INV,,2.0,Phase 2
GDHM_SURVEY_COUNTRYRESPONSE_SCORE,2023,586,GDHM_CAT3_LEG,GDHM_Q07,2.0,Phase 2
GDHM_SURVEY_COUNTRYRESPONSE_SCORE,2023,586,GDHM_CAT3_LEG,GDHM_Q08,1.0,Phase 1
GDHM_SURVEY_COUNTRYRESPONSE_SCORE,2023,586,GDHM_CAT3_LEG,GDHM_Q09,1.0,Phase 1
GDHM_SURVEY_COUNTRYRESPONSE_SCORE,2023,586,GDHM_CAT3_LEG,GDHM_Q09a,1.0,Phase 1
GDHM_SURVEY_COUNTRYRESPONSE_SCORE,2023,586,GDHM_CAT3_LEG,GDHM_Q10,2.0,Phase 2
GDHM_SURVEY_CATEGORY_AVG,2023,586,GDHM_CAT3_LEG,,2.0,Phase 2
GDHM_SURVEY_COUNTRYRESPONSE_SCORE,2023,586,GDHM_CAT4_WORKFORCE,GDHM_Q11,2.0,Phase 2
GDHM_SURVEY_COUNTRYRESPONSE_SCORE,2023,586,GDHM_CAT4_WORKFORCE,GDHM_Q12,2.0,Phase 2
GDHM_SURVEY_COUNTRYRESPONSE_SCORE,2023,586,GDHM_CAT4_WORKFORCE,GDHM_Q13,3.0,Phase 3
GDHM_SURVEY_COUNTRYRESPONSE_SCORE,2023,586,GDHM_CAT4_WORKFORCE,GDHM_Q14,1.0,Phase 1
GDHM_SURVEY_CATEGORY_AVG,2023,586,GDHM_CAT4_WORKFORCE,,2.0,Phase 2
GDHM_SURVEY_COUNTRYRESPONSE_SCORE,2023,586,GDHM_CAT5_STANDARDS,GDHM_Q15,1.0,Phase 1
GDHM_SURVEY_COUNTRYRESPONSE_SCORE,2023,586,GDHM_CAT5_STANDARDS,GDHM_Q16,2.0,Phase 2
GDHM_SURVEY_CATEGORY_AVG,2023,586,GDHM_CAT5_STANDARDS,,2.0,Phase 2
GDHM_SURVEY_COUNTRYRESPONSE_SCORE,2023,586,GDHM_CAT6_INFRASTRUCTURE,GDHM_Q17,0.0,Not Available
GDHM_SURVEY_COUNTRYRESPONSE_SCORE,2023,586,GDHM_CAT6_INFRASTRUCTURE,GDHM_Q18,2.0,Phase 2
GDHM_SURVEY_CATEGORY_AVG,2023,586,GDHM_CAT6_INFRASTRUCTURE,,2.0,Phase 2
GDHM_SURVEY_COUNTRYRESPONSE_SCORE,2023,586,GDHM_CAT7_SERV_APP,GDHM_Q19,2.0,Phase 2
GDHM_SURVEY_COUNTRYRESPONSE_SCORE,2023,586,GDHM_CAT7_SERV_APP,GDHM_Q20,2.0,Phase 2
GDHM_SURVEY_COUNTRYRESPONSE_SCORE,2023,586,GDHM_CAT7_SERV_APP,GDHM_Q21,1.0,Phase 1
GDHM_SURVEY_COUNTRYRESPONSE_SCORE,2023,586,GDHM_CAT7_SERV_APP,GDHM_Q21a,2.0,Phase 2
GDHM_SURVEY_COUNTRYRESPONSE_SCORE,2023,586,GDHM_CAT7_SERV_APP,GDHM_Q21b,2.0,Phase 2
GDHM_SURVEY_COUNTRYRESPONSE_SCORE,2023,586,GDHM_CAT7_SERV_APP,GDHM_Q21c,2.0,Phase 2
GDHM_SURVEY_COUNTRYRESPONSE_SCORE,2023,586,GDHM_CAT7_SERV_APP,GDHM_Q22,2.0,Phase 2
GDHM_SURVEY_COUNTRYRESPONSE_SCORE,2023,586,GDHM_CAT7_SERV_APP,GDHM_Q23,2.0,Phase 2
GDHM_SURVEY_CATEGORY_AVG,2023,586,GDHM_CAT7_SERV_APP,,2.0,Phase 2
GDHM_SURVEY_COUNTRYRESPONSE_SCORE,2023,591,GDHM_CAT1_LEAD_GOV,GDHM_Q01,0.0,Not Available
GDHM_SURVEY_COUNTRYRESPONSE_SCORE,2023,591,GDHM_CAT1_LEAD_GOV,GDHM_Q02,0.0,Not Available
GDHM_SURVEY_COUNTRYRESPONSE_SCORE,2023,591,GDHM_CAT1_LEAD_GOV,GDHM_Q02a,0.0,Not Available
GDHM_SURVEY_COUNTRYRESPONSE_SCORE,2023,591,GDHM_CAT1_LEAD_GOV,GDHM_Q03,0.0,Not Available
GDHM_SURVEY_CATEGORY_AVG,2023,705,GDHM_CAT1_LEAD_GOV,,4.0,Phase 4
GDHM_SURVEY_COUNTRYRESPONSE_SCORE,2023,705,GDHM_CAT2_STRAT_INV,GDHM_Q05,0.0,Not Available
GDHM_SURVEY_COUNTRYRESPONSE_SCORE,2023,705,GDHM_CAT2_STRAT_INV,GDHM_Q05a,0.0,Not Available
GDHM_SURVEY_COUNTRYRESPONSE_SCORE,2023,705,GDHM_CAT2_STRAT_INV,GDHM_Q06,0.0,Not Available
GDHM_SURVEY_COUNTRYRESPONSE_SCORE,2023,705,GDHM_CAT2_STRAT_INV,GDHM_Q06a,4.0,Phase 4
GDHM_SURVEY_CATEGORY_AVG,2023,705,GDHM_CAT2_STRAT_INV,,1.0,Not Available
GDHM_SURVEY_COUNTRYRESPONSE_SCORE,2023,705,GDHM_CAT3_LEG,GDHM_Q07,4.0,Phase 4
GDHM_SURVEY_COUNTRYRESPONSE_SCORE,2023,705,GDHM_CAT3_LEG,GDHM_Q08,5.0,Phase 5
GDHM_SURVEY_COUNTRYRESPONSE_SCORE,2023,705,GDHM_CAT3_LEG,GDHM_Q09,4.0,Phase 4
GDHM_SURVEY_COUNTRYRESPONSE_SCORE,2023,705,GDHM_CAT3_LEG,GDHM_Q09a,0.0,Not Available
GDHM_SURVEY_COUNTRYRESPONSE_SCORE,2023,705,GDHM_CAT3_LEG,GDHM_Q10,0.0,Not Available
GDHM_SURVEY_CATEGORY_AVG,2023,705,GDHM_CAT3_LEG,,5.0,Phase 5
GDHM_SURVEY_COUNTRYRESPONSE_SCORE,2023,705,GDHM_CAT4_WORKFORCE,GDHM_Q11,0.0,Not Available
GDHM_SURVEY_COUNTRYRESPONSE_SCORE,2023,705,GDHM_CAT4_WORKFORCE,GDHM_Q12,0.0,Not Available
GDHM_SURVEY_COUNTRYRESPONSE_SCORE,2023,705,GDHM_CAT4_WORKFORCE,GDHM_Q13,0.0,Not Available
GDHM_SURVEY_COUNTRYRESPONSE_SCORE,2023,705,GDHM_CAT4_WORKFORCE,GDHM_Q14,0.0,Not Available
GDHM_SURVEY_CATEGORY_AVG,2023,705,GDHM_CAT4_WORKFORCE,,1.0,Not Available
GDHM_SURVEY_COUNTRYRESPONSE_SCORE,2023,705,GDHM_CAT5_STANDARDS,GDHM_Q15,0.0,Not Available
GDHM_SURVEY_COUNTRYRESPONSE_SCORE,2023,705,GDHM_CAT5_STANDARDS,GDHM_Q16,0.0,Not Available
GDHM_SURVEY_CATEGORY_AVG,2023,705,GDHM_CAT5_STANDARDS,,1.0,Not Available
GDHM_SURVEY_COUNTRYRESPONSE_SCORE,2023,705,GDHM_CAT6_INFRASTRUCTURE,GDHM_Q17,3.0,Phase 3
GDHM_SURVEY_COUNTRYRESPONSE_SCORE,2023,705,GDHM_CAT6_INFRASTRUCTURE,GDHM_Q18,5.0,Phase 5
GDHM_SURVEY_CATEGORY_AVG,2023,705,GDHM_CAT6_INFRASTRUCTURE,,4.0,Phase 4
GDHM_SURVEY_COUNTRYRESPONSE_SCORE,2023,705,GDHM_CAT7_SERV_APP,GDHM_Q19,0.0,Not Available
GDHM_SURVEY_COUNTRYRESPONSE_SCORE,2023,705,GDHM_CAT7_SERV_APP,GDHM_Q20,0.0,Not Available
GDHM_SURVEY_COUNTRYRESPONSE_SCORE,2023,705,GDHM_CAT7_SERV_APP,GDHM_Q21,0.0,Not Available
GDHM_SURVEY_COUNTRYRESPONSE_SCORE,2023,705,GDHM_CAT7_SERV_APP,GDHM_Q21a,0.0,Not Available
GDHM_SURVEY_COUNTRYRESPONSE_SCORE,2023,705,GDHM_CAT7_SERV_APP,GDHM_Q21b,0.0,Not Available
GDHM_SURVEY_COUNTRYRESPONSE_SCORE,2023,705,GDHM_CAT7_SERV_APP,GDHM_Q21c,0.0,Not Available
GDHM_SURVEY_COUNTRYRESPONSE_SCORE,2023,705,GDHM_CAT7_SERV_APP,GDHM_Q22,0.0,Not Available
GDHM_SURVEY_COUNTRYRESPONSE_SCORE,2023,705,GDHM_CAT7_SERV_APP,GDHM_Q23,0.0,Not Available
GDHM_SURVEY_CATEGORY_AVG,2023,705,GDHM_CAT7_SERV_APP,,1.0,Not Available
GDHM_SURVEY_COUNTRYRESPONSE_SCORE,2023,090,GDHM_CAT1_LEAD_GOV,GDHM_Q01,0.0,Not Available
GDHM_SURVEY_COUNTRYRESPONSE_SCORE,2023,090,GDHM_CAT1_LEAD_GOV,GDHM_Q02,0.0,Not Available
GDHM_SURVEY_COUNTRYRESPONSE_SCORE,2023,090,GDHM_CAT1_LEAD_GOV,GDHM_Q02a,0.0,Not Available
GDHM_SURVEY_COUNTRYRESPONSE_SCORE,2023,090,GDHM_CAT1_LEAD_GOV,GDHM_Q03,0.0,Not Available
GDHM_SURVEY_COUNTRYRESPONSE_SCORE,2023,090,GDHM_CAT1_LEAD_GOV,GDHM_Q04,0.0,Not Available
GDHM_SURVEY_COUNTRYRESPONSE_SCORE,2023,090,GDHM_CAT1_LEAD_GOV,GDHM_Q04a,0.0,Not Available
GDHM_SURVEY_CATEGORY_AVG,2023,090,GDHM_CAT1_LEAD_GOV,,1.0,Not Available
GDHM_SURVEY_COUNTRYRESPONSE_SCORE,2023,090,GDHM_CAT2_STRAT_INV,GDHM_Q05,0.0,Not Available
GDHM_SURVEY_COUNTRYRESPONSE_SCORE,2023,090,GDHM_CAT2_STRAT_INV,GDHM_Q05a,0.0,Not Available
GDHM_SURVEY_COUNTRYRESPONSE_SCORE,2023,090,GDHM_CAT2_STRAT_INV,GDHM_Q06,0.0,Not Available
GDHM_SURVEY_COUNTRYRESPONSE_SCORE,2023,090,GDHM_CAT2_STRAT_INV,GDHM_Q06a,0.0,Not Available
GDHM_SURVEY_CATEGORY_AVG,2023,090,GDHM_CAT2_STRAT_INV,,1.0,Not Available
GDHM_SURVEY_COUNTRYRESPONSE_SCORE,2023,090,GDHM_CAT3_LEG,GDHM_Q07,1.0,Phase 1
GDHM_SURVEY_COUNTRYRESPONSE_SCORE,2023,090,GDHM_CAT3_LEG,GDHM_Q08,0.0,Not Available
GDHM_SURVEY_COUNTRYRESPONSE_SCORE,2023,090,GDHM_CAT3_LEG,GDHM_Q09,0.0,Not Available
GDHM_SURVEY_COUNTRYRESPONSE_SCORE,2023,090,GDHM_CAT3_LEG,GDHM_Q09a,0.0,Not Available
GDHM_SURVEY_COUNTRYRESPONSE_SCORE,2023,090,GDHM_CAT3_LEG,GDHM_Q10,0.0,Not Available
GDHM_SURVEY_CATEGORY_AVG,2023,090,GDHM_CAT3_LEG,,1.0,Phase 1
GDHM_SURVEY_COUNTRYRESPONSE_SCORE,2023,090,GDHM_CAT4_WORKFORCE,GDHM_Q11,0.0,Not Available
GDHM_SURVEY_COUNTRYRESPONSE_SCORE,2023,090,GDHM_CAT4_WORKFORCE,GDHM_Q12,0.0,Not Available
GDHM_SURVEY_COUNTRYRESPONSE_SCORE,2023,090,GDHM_CAT4_WORKFORCE,GDHM_Q13,0.0,Not Available
GDHM_SURVEY_COUNTRYRESPONSE_SCORE,2023,090,GDHM_CAT4_WORKFORCE,GDHM_Q14,0.0,Not Available
GDHM_SURVEY_CATEGORY_AVG,2023,090,GDHM_CAT4_WORKFORCE,,1.0,Not Available
GDHM_SURVEY_COUNTRYRESPONSE_SCORE,2023,090,GDHM_CAT5_STANDARDS,GDHM_Q15,0.0,Not Available
GDHM_SURVEY_COUNTRYRESPONSE_SCORE,2023,090,GDHM_CAT5_STANDARDS,GDHM_Q16,0.0,Not Available
GDHM_SURVEY_CATEGORY_AVG,2023,090,GDHM_CAT5_STANDARDS,,1.0,Not Available
GDHM_SURVEY_COUNTRYRESPONSE_SCORE,2023,090,GDHM_CAT6_INFRASTRUCTURE,GDHM_Q17,0.0,Not Available
GDHM_SURVEY_COUNTRYRESPONSE_SCORE,2023,090,GDHM_CAT6_INFRASTRUCTURE,GDHM_Q18,3.0,Phase 3
GDHM_SURVEY_CATEGORY_AVG,2023,090,GDHM_CAT6_INFRASTRUCTURE,,3.0,Phase 3
GDHM_SURVEY_COUNTRYRESPONSE_SCORE,2023,090,GDHM_CAT7_SERV_APP,GDHM_Q19,0.0,Not Available
GDHM_SURVEY_COUNTRYRESPONSE_SCORE,2023,090,GDHM_CAT7_SERV_APP,GDHM_Q20,0.0,Not Available
GDHM_SURVEY_COUNTRYRESPONSE_SCORE,2023,090,GDHM_CAT7_SERV_APP,GDHM_Q21,0.0,Not Available
GDHM_SURVEY_COUNTRYRESPONSE_SCORE,2023,090,GDHM_CAT7_SERV_APP,GDHM_Q21a,0.0,Not Available
GDHM_SURVEY_COUNTRYRESPONSE_SCORE,2023,090,GDHM_CAT7_SERV_APP,GDHM_Q21b,0.0,Not Available
GDHM_SURVEY_COUNTRYRESPONSE_SCORE,2023,090,GDHM_CAT7_SERV_APP,GDHM_Q21c,0.0,Not Available
GDHM_SURVEY_COUNTRYRESPONSE_SCORE,2023,090,GDHM_CAT7_SERV_APP,GDHM_Q22,0.0,Not Available
GDHM_SURVEY_COUNTRYRESPONSE_SCORE,2023,090,GDHM_CAT7_SERV_APP,GDHM_Q23,0.0,Not Available
GDHM_SURVEY_CATEGORY_AVG,2023,090,GDHM_CAT7_SERV_APP,,1.0,Not Available
GDHM_SURVEY_COUNTRYRESPONSE_SCORE,2023,710,GDHM_CAT1_LEAD_GOV,GDHM_Q01,2.0,Phase 2
GDHM_SURVEY_COUNTRYRESPONSE_SCORE,2023,710,GDHM_CAT1_LEAD_GOV,GDHM_Q02,4.0,Phase 4
GDHM_SURVEY_COUNTRYRESPONSE_SCORE,2023,710,GDHM_CAT1_LEAD_GOV,GDHM_Q02a,5.0,Phase 5
GDHM_SURVEY_COUNTRYRESPONSE_SCORE,2023,710,GDHM_CAT1_LEAD_GOV,GDHM_Q03,3.0,Phase 3
GDHM_SURVEY_COUNTRYRESPONSE_SCORE,2023,710,GDHM_CAT1_LEAD_GOV,GDHM_Q04,4.0,Phase 4
GDHM_SURVEY_COUNTRYRESPONSE_SCORE,2023,710,GDHM_CAT1_LEAD_GOV,GDHM_Q04a,3.0,Phase 3
GDHM_SURVEY_CATEGORY_AVG,2023,710,GDHM_CAT1_LEAD_GOV,,4.0,Phase 4
GDHM_SURVEY_COUNTRYRESPONSE_SCORE,2023,710,GDHM_CAT2_STRAT_INV,GDHM_Q05,1.0,Phase 1
GDHM_SURVEY_COUNTRYRESPONSE_SCORE,2023,710,GDHM_CAT2_STRAT_INV,GDHM_Q05a,3.0,Phase 3
GDHM_SURVEY_COUNTRYRESPONSE_SCORE,2023,710,GDHM_CAT2_STRAT_INV,GDHM_Q06,2.0,Phase 2
GDHM_SURVEY_COUNTRYRESPONSE_SCORE,2023,710,GDHM_CAT2_STRAT_INV,GDHM_Q06a,4.0,Phase 4
GDHM_SURVEY_CATEGORY_AVG,2023,710,GDHM_CAT2_STRAT_INV,,2.0,Phase 2
GDHM_SURVEY_COUNTRYRESPONSE_SCORE,2023,710,GDHM_CAT3_LEG,GDHM_Q07,4.0,Phase 4
GDHM_SURVEY_COUNTRYRESPONSE_SCORE,2023,710,GDHM_CAT3_LEG,GDHM_Q08,4.0,Phase 4
GDHM_SURVEY_COUNTRYRESPONSE_SCORE,2023,710,GDHM_CAT3_LEG,GDHM_Q09,1.0,Phase 1
GDHM_SURVEY_COUNTRYRESPONSE_SCORE,2023,710,GDHM_CAT3_LEG,GDHM_Q09a,1.0,Phase 1
GDHM_SURVEY_COUNTRYRESPONSE_SCORE,2023,710,GDHM_CAT3_LEG,GDHM_Q10,2.0,Phase 2
GDHM_SURVEY_CATEGORY_AVG,2023,710,GDHM_CAT3_LEG,,3.0,Phase 3
GDHM_SURVEY_COUNTRYRESPONSE_SCORE,2023,710,GDHM_CAT4_WORKFORCE,GDHM_Q11,1.0,Phase 1
GDHM_SURVEY_COUNTRYRESPONSE_SCORE,2023,710,GDHM_CAT4_WORKFORCE,GDHM_Q12,1.0,Phase 1
GDHM_SURVEY_COUNTRYRESPONSE_SCORE,2023,710,GDHM_CAT4_WORKFORCE,GDHM_Q13,4.0,Phase 4
GDHM_SURVEY_COUNTRYRESPONSE_SCORE,2023,710,GDHM_CAT4_WORKFORCE,GDHM_Q14,1.0,Phase 1
GDHM_SURVEY_CATEGORY_AVG,2023,710,GDHM_CAT4_WORKFORCE,,2.0,Phase 2
GDHM_SURVEY_COUNTRYRESPONSE_SCORE,2023,710,GDHM_CAT5_STANDARDS,GDHM_Q15,2.0,Phase 2
GDHM_SURVEY_COUNTRYRESPONSE_SCORE,2023,710,GDHM_CAT5_STANDARDS,GDHM_Q16,4.0,Phase 4
GDHM_SURVEY_CATEGORY_AVG,2023,710,GDHM_CAT5_STANDARDS,,3.0,Phase 3
GDHM_SURVEY_COUNTRYRESPONSE_SCORE,2023,710,GDHM_CAT6_INFRASTRUCTURE,GDHM_Q17,4.0,Phase 4
GDHM_SURVEY_COUNTRYRESPONSE_SCORE,2023,710,GDHM_CAT6_INFRASTRUCTURE,GDHM_Q18,4.0,Phase 4
GDHM_SURVEY_CATEGORY_AVG,2023,710,GDHM_CAT6_INFRASTRUCTURE,,4.0,Phase 4
GDHM_SURVEY_COUNTRYRESPONSE_SCORE,2023,710,GDHM_CAT7_SERV_APP,GDHM_Q19,4.0,Phase 4
GDHM_SURVEY_COUNTRYRESPONSE_SCORE,2023,710,GDHM_CAT7_SERV_APP,GDHM_Q20,3.0,Phase 3
GDHM_SURVEY_COUNTRYRESPONSE_SCORE,2023,710,GDHM_CAT7_SERV_APP,GDHM_Q21,2.0,Phase 2
GDHM_SURVEY_COUNTRYRESPONSE_SCORE,2023,710,GDHM_CAT7_SERV_APP,GDHM_Q21a,2.0,Phase 2
GDHM_SURVEY_COUNTRYRESPONSE_SCORE,2023,710,GDHM_CAT7_SERV_APP,GDHM_Q21b,5.0,Phase 5
GDHM_SURVEY_COUNTRYRESPONSE_SCORE,2023,710,GDHM_CAT7_SERV_APP,GDHM_Q21c,5.0,Phase 5
GDHM_SURVEY_COUNTRYRESPONSE_SCORE,2023,710,GDHM_CAT7_SERV_APP,GDHM_Q22,1.0,Phase 1
GDHM_SURVEY_COUNTRYRESPONSE_SCORE,2023,710,GDHM_CAT7_SERV_APP,GDHM_Q23,1.0,Phase 1
GDHM_SURVEY_CATEGORY_AVG,2023,710,GDHM_CAT7_SERV_APP,,3.0,Phase 3
GDHM_SURVEY_COUNTRYRESPONSE_SCORE,2023,728,GDHM_CAT1_LEAD_GOV,GDHM_Q01,0.0,Not Available
GDHM_SURVEY_COUNTRYRESPONSE_SCORE,2023,728,GDHM_CAT1_LEAD_GOV,GDHM_Q02,0.0,Not Available
GDHM_SURVEY_COUNTRYRESPONSE_SCORE,2023,728,GDHM_CAT1_LEAD_GOV,GDHM_Q02a,0.0,Not Available
GDHM_SURVEY_COUNTRYRESPONSE_SCORE,2023,728,GDHM_CAT1_LEAD_GOV,GDHM_Q03,0.0,Not Available
GDHM_SURVEY_COUNTRYRESPONSE_SCORE,2023,728,GDHM_CAT1_LEAD_GOV,GDHM_Q04,0.0,Not Available
GDHM_SURVEY_COUNTRYRESPONSE_SCORE,2023,728,GDHM_CAT1_LEAD_GOV,GDHM_Q04a,0.0,Not Available
GDHM_SURVEY_CATEGORY_AVG,2023,728,GDHM_CAT1_LEAD_GOV,,1.0,Not Available
GDHM_SURVEY_COUNTRYRESPONSE_SCORE,2023,728,GDHM_CAT2_STRAT_INV,GDHM_Q05,0.0,Not Available
GDHM_SURVEY_COUNTRYRESPONSE_SCORE,2023,728,GDHM_CAT2_STRAT_INV,GDHM_Q05a,0.0,Not Available
GDHM_SURVEY_COUNTRYRESPONSE_SCORE,2023,728,GDHM_CAT2_STRAT_INV,GDHM_Q06,0.0,Not Available
GDHM_SURVEY_COUNTRYRESPONSE_SCORE,2023,728,GDHM_CAT2_STRAT_INV,GDHM_Q06a,0.0,Not Available
GDHM_SURVEY_CATEGORY_AVG,2023,728,GDHM_CAT2_STRAT_INV,,1.0,Not Available
GDHM_SURVEY_COUNTRYRESPONSE_SCORE,2023,728,GDHM_CAT3_LEG,GDHM_Q07,1.0,Phase 1
GDHM_SURVEY_COUNTRYRESPONSE_SCORE,2023,728,GDHM_CAT3_LEG,GDHM_Q08,0.0,Not Available
GDHM_SURVEY_COUNTRYRESPONSE_SCORE,2023,728,GDHM_CAT3_LEG,GDHM_Q09,0.0,Not Available
GDHM_SURVEY_COUNTRYRESPONSE_SCORE,2023,728,GDHM_CAT3_LEG,GDHM_Q09a,0.0,Not Available
GDHM_SURVEY_COUNTRYRESPONSE_SCORE,2023,728,GDHM_CAT3_LEG,GDHM_Q10,0.0,Not Available
GDHM_SURVEY_CATEGORY_AVG,2023,728,GDHM_CAT3_LEG,,1.0,Phase 1
GDHM_SURVEY_COUNTRYRESPONSE_SCORE,2023,728,GDHM_CAT4_WORKFORCE,GDHM_Q11,0.0,Not Available
GDHM_SURVEY_COUNTRYRESPONSE_SCORE,2023,728,GDHM_CAT4_WORKFORCE,GDHM_Q12,0.0,Not Available
GDHM_SURVEY_COUNTRYRESPONSE_SCORE,2023,728,GDHM_CAT4_WORKFORCE,GDHM_Q13,0.0,Not Available
GDHM_SURVEY_COUNTRYRESPONSE_SCORE,2023,728,GDHM_CAT4_WORKFORCE,GDHM_Q14,0.0,Not Available
GDHM_SURVEY_CATEGORY_AVG,2023,728,GDHM_CAT4_WORKFORCE,,1.0,Not Available
GDHM_SURVEY_COUNTRYRESPONSE_SCORE,2023,728,GDHM_CAT5_STANDARDS,GDHM_Q15,0.0,Not Available
GDHM_SURVEY_COUNTRYRESPONSE_SCORE,2023,728,GDHM_CAT5_STANDARDS,GDHM_Q16,0.0,Not Available
GDHM_SURVEY_CATEGORY_AVG,2023,728,GDHM_CAT5_STANDARDS,,1.0,Not Available
GDHM_SURVEY_COUNTRYRESPONSE_SCORE,2023,728,GDHM_CAT6_INFRASTRUCTURE,GDHM_Q17,0.0,Not Available
GDHM_SURVEY_COUNTRYRESPONSE_SCORE,2023,728,GDHM_CAT6_INFRASTRUCTURE,GDHM_Q18,2.0,Phase 2
GDHM_SURVEY_CATEGORY_AVG,2023,728,GDHM_CAT6_INFRASTRUCTURE,,2.0,Phase 2
GDHM_SURVEY_COUNTRYRESPONSE_SCORE,2023,728,GDHM_CAT7_SERV_APP,GDHM_Q19,0.0,Not Available
GDHM_SURVEY_COUNTRYRESPONSE_SCORE,2023,728,GDHM_CAT7_SERV_APP,GDHM_Q20,0.0,Not Available
GDHM_SURVEY_COUNTRYRESPONSE_SCORE,2023,728,GDHM_CAT7_SERV_APP,GDHM_Q21,0.0,Not Available
GDHM_SURVEY_COUNTRYRESPONSE_SCORE,2023,728,GDHM_CAT7_SERV_APP,GDHM_Q21a,0.0,Not Available
GDHM_SURVEY_COUNTRYRESPONSE_SCORE,2023,728,GDHM_CAT7_SERV_APP,GDHM_Q21b,0.0,Not Available
GDHM_SURVEY_COUNTRYRESPONSE_SCORE,2023,728,GDHM_CAT7_SERV_APP,GDHM_Q21c,0.0,Not Available
GDHM_SURVEY_COUNTRYRESPONSE_SCORE,2023,728,GDHM_CAT7_SERV_APP,GDHM_Q22,0.0,Not Available
GDHM_SURVEY_COUNTRYRESPONSE_SCORE,2023,728,GDHM_CAT7_SERV_APP,GDHM_Q23,0.0,Not Available
GDHM_SURVEY_CATEGORY_AVG,2023,728,GDHM_CAT7_SERV_APP,,1.0,Not Available
GDHM_SURVEY_COUNTRYRESPONSE_SCORE,2023,724,GDHM_CAT1_LEAD_GOV,GDHM_Q01,0.0,Not Available
GDHM_SURVEY_COUNTRYRESPONSE_SCORE,2023,724,GDHM_CAT1_LEAD_GOV,GDHM_Q02,0.0,Not Available
GDHM_SURVEY_COUNTRYRESPONSE_SCORE,2023,724,GDHM_CAT1_LEAD_GOV,GDHM_Q02a,0.0,Not Available
GDHM_SURVEY_COUNTRYRESPONSE_SCORE,2023,724,GDHM_CAT1_LEAD_GOV,GDHM_Q03,0.0,Not Available
GDHM_SURVEY_COUNTRYRESPONSE_SCORE,2023,724,GDHM_CAT1_LEAD_GOV,GDHM_Q04,5.0,Phase 5
GDHM_SURVEY_COUNTRYRESPONSE_SCORE,2023,724,GDHM_CAT1_LEAD_GOV,GDHM_Q04a,0.0,Not Available
GDHM_SURVEY_CATEGORY_AVG,2023,724,GDHM_CAT1_LEAD_GOV,,5.0,Phase 5
GDHM_SURVEY_COUNTRYRESPONSE_SCORE,2023,724,GDHM_CAT2_STRAT_INV,GDHM_Q05,0.0,Not Available
GDHM_SURVEY_COUNTRYRESPONSE_SCORE,2023,724,GDHM_CAT2_STRAT_INV,GDHM_Q05a,0.0,Not Available
GDHM_SURVEY_COUNTRYRESPONSE_SCORE,2023,724,GDHM_CAT2_STRAT_INV,GDHM_Q06,0.0,Not Available
GDHM_SURVEY_COUNTRYRESPONSE_SCORE,2023,724,GDHM_CAT2_STRAT_INV,GDHM_Q06a,4.0,Phase 4
GDHM_SURVEY_CATEGORY_AVG,2023,724,GDHM_CAT2_STRAT_INV,,1.0,Not Available
GDHM_SURVEY_COUNTRYRESPONSE_SCORE,2023,724,GDHM_CAT3_LEG,GDHM_Q07,5.0,Phase 5
GDHM_SURVEY_COUNTRYRESPONSE_SCORE,2023,724,GDHM_CAT3_LEG,GDHM_Q08,5.0,Phase 5
GDHM_SURVEY_COUNTRYRESPONSE_SCORE,2023,804,GDHM_CAT6_INFRASTRUCTURE,GDHM_Q17,3.0,Phase 3
GDHM_SURVEY_COUNTRYRESPONSE_SCORE,2023,804,GDHM_CAT6_INFRASTRUCTURE,GDHM_Q18,4.0,Phase 4
GDHM_SURVEY_CATEGORY_AVG,2023,804,GDHM_CAT6_INFRASTRUCTURE,,4.0,Phase 4
GDHM_SURVEY_COUNTRYRESPONSE_SCORE,2023,804,GDHM_CAT7_SERV_APP,GDHM_Q19,0.0,Not Available
GDHM_SURVEY_COUNTRYRESPONSE_SCORE,2023,804,GDHM_CAT7_SERV_APP,GDHM_Q20,0.0,Not Available
GDHM_SURVEY_COUNTRYRESPONSE_SCORE,2023,804,GDHM_CAT7_SERV_APP,GDHM_Q21,0.0,Not Available
GDHM_SURVEY_COUNTRYRESPONSE_SCORE,2023,804,GDHM_CAT7_SERV_APP,GDHM_Q21a,0.0,Not Available
GDHM_SURVEY_COUNTRYRESPONSE_SCORE,2023,804,GDHM_CAT7_SERV_APP,GDHM_Q21b,0.0,Not Available
GDHM_SURVEY_COUNTRYRESPONSE_SCORE,2023,804,GDHM_CAT7_SERV_APP,GDHM_Q21c,0.0,Not Available
GDHM_SURVEY_COUNTRYRESPONSE_SCORE,2023,804,GDHM_CAT7_SERV_APP,GDHM_Q22,0.0,Not Available
GDHM_SURVEY_COUNTRYRESPONSE_SCORE,2023,804,GDHM_CAT7_SERV_APP,GDHM_Q23,0.0,Not Available
GDHM_SURVEY_CATEGORY_AVG,2023,804,GDHM_CAT7_SERV_APP,,1.0,Not Available
GDHM_SURVEY_COUNTRYRESPONSE_SCORE,2023,784,GDHM_CAT1_LEAD_GOV,GDHM_Q01,5.0,Phase 5
GDHM_SURVEY_COUNTRYRESPONSE_SCORE,2023,784,GDHM_CAT1_LEAD_GOV,GDHM_Q02,5.0,Phase 5
GDHM_SURVEY_COUNTRYRESPONSE_SCORE,2023,784,GDHM_CAT1_LEAD_GOV,GDHM_Q02a,4.0,Phase 4
GDHM_SURVEY_COUNTRYRESPONSE_SCORE,2023,784,GDHM_CAT1_LEAD_GOV,GDHM_Q03,4.0,Phase 4
GDHM_SURVEY_COUNTRYRESPONSE_SCORE,2023,784,GDHM_CAT1_LEAD_GOV,GDHM_Q04,4.0,Phase 4
GDHM_SURVEY_COUNTRYRESPONSE_SCORE,2023,784,GDHM_CAT1_LEAD_GOV,GDHM_Q04a,4.0,Phase 4
GDHM_SURVEY_CATEGORY_AVG,2023,784,GDHM_CAT1_LEAD_GOV,,5.0,Phase 5
GDHM_SURVEY_COUNTRYRESPONSE_SCORE,2023,784,GDHM_CAT2_STRAT_INV,GDHM_Q05,5.0,Phase 5
GDHM_SURVEY_COUNTRYRESPONSE_SCORE,2024,372,GDHM_CAT4_WORKFORCE,GDHM_Q11,1.0,Phase 1
GDHM_SURVEY_COUNTRYRESPONSE_SCORE,2024,372,GDHM_CAT4_WORKFORCE,GDHM_Q12,1.0,Phase 1
GDHM_SURVEY_COUNTRYRESPONSE_SCORE,2024,372,GDHM_CAT4_WORKFORCE,GDHM_Q13,4.0,Phase 4
GDHM_SURVEY_COUNTRYRESPONSE_SCORE,2024,372,GDHM_CAT4_WORKFORCE,GDHM_Q14,1.0,Phase 1
GDHM_SURVEY_CATEGORY_AVG,2024,372,GDHM_CAT4_WORKFORCE,,2.0,Phase 2
GDHM_SURVEY_COUNTRYRESPONSE_SCORE,2024,372,GDHM_CAT5_STANDARDS,GDHM_Q15,1.0,Phase 1
GDHM_SURVEY_COUNTRYRESPONSE_SCORE,2024,372,GDHM_CAT5_STANDARDS,GDHM_Q16,2.0,Phase 2
GDHM_SURVEY_CATEGORY_AVG,2024,372,GDHM_CAT5_STANDARDS,,2.0,Phase 2
GDHM_SURVEY_COUNTRYRESPONSE_SCORE,2024,372,GDHM_CAT6_INFRASTRUCTURE,GDHM_Q17,4.0,Phase 4
GDHM_SURVEY_COUNTRYRESPONSE_SCORE,2024,372,GDHM_CAT6_INFRASTRUCTURE,GDHM_Q18,2.0,Phase 2
GDHM_SURVEY_CATEGORY_AVG,2024,372,GDHM_CAT6_INFRASTRUCTURE,,3.0,Phase 3
GDHM_SURVEY_COUNTRYRESPONSE_SCORE,2024,372,GDHM_CAT7_SERV_APP,GDHM_Q19,2.0,Phase 2
GDHM_SURVEY_COUNTRYRESPONSE_SCORE,2024,372,GDHM_CAT7_SERV_APP,GDHM_Q20,2.0,Phase 2
GDHM_SURVEY_COUNTRYRESPONSE_SCORE,2024,372,GDHM_CAT7_SERV_APP,GDHM_Q21,2.0,Phase 2
GDHM_SURVEY_COUNTRYRESPONSE_SCORE,2024,372,GDHM_CAT7_SERV_APP,GDHM_Q21a,2.0,Phase 2
GDHM_SURVEY_COUNTRYRESPONSE_SCORE,2024,372,GDHM_CAT7_SERV_APP,GDHM_Q21b,5.0,Phase 5
GDHM_SURVEY_COUNTRYRESPONSE_SCORE,2024,372,GDHM_CAT7_SERV_APP,GDHM_Q21c,5.0,Phase 5
GDHM_SURVEY_COUNTRYRESPONSE_SCORE,2024,372,GDHM_CAT7_SERV_APP,GDHM_Q22,3.0,Phase 3
GDHM_SURVEY_COUNTRYRESPONSE_SCORE,2024,372,GDHM_CAT7_SERV_APP,GDHM_Q23,2.0,Phase 2
GDHM_SURVEY_CATEGORY_AVG,2024,372,GDHM_CAT7_SERV_APP,,3.0,Phase 3
GDHM_SURVEY_COUNTRYRESPONSE_SCORE,2024,388,GDHM_CAT1_LEAD_GOV,GDHM_Q01,3.0,Phase 3
GDHM_SURVEY_COUNTRYRESPONSE_SCORE,2024,388,GDHM_CAT1_LEAD_GOV,GDHM_Q02,4.0,Phase 4
GDHM_SURVEY_COUNTRYRESPONSE_SCORE,2024,388,GDHM_CAT1_LEAD_GOV,GDHM_Q02a,3.0,Phase 3
GDHM_SURVEY_COUNTRYRESPONSE_SCORE,2024,388,GDHM_CAT1_LEAD_GOV,GDHM_Q03,1.0,Phase 1
GDHM_SURVEY_COUNTRYRESPONSE_SCORE,2024,388,GDHM_CAT1_LEAD_GOV,GDHM_Q04,3.0,Phase 3
GDHM_SURVEY_COUNTRYRESPONSE_SCORE,2024,388,GDHM_CAT1_LEAD_GOV,GDHM_Q04a,1.0,Phase 1
GDHM_SURVEY_CATEGORY_AVG,2024,388,GDHM_CAT1_LEAD_GOV,,3.0,Phase 3
GDHM_SURVEY_COUNTRYRESPONSE_SCORE,2024,388,GDHM_CAT2_STRAT_INV,GDHM_Q05,2.0,Phase 2
GDHM_SURVEY_COUNTRYRESPONSE_SCORE,2024,388,GDHM_CAT2_STRAT_INV,GDHM_Q05a,3.0,Phase 3
GDHM_SURVEY_COUNTRYRESPONSE_SCORE,2024,388,GDHM_CAT2_STRAT_INV,GDHM_Q06,3.0,Phase 3
GDHM_SURVEY_COUNTRYRESPONSE_SCORE,2024,388,GDHM_CAT2_STRAT_INV,GDHM_Q06a,2.0,Phase 2
GDHM_SURVEY_CATEGORY_AVG,2024,388,GDHM_CAT2_STRAT_INV,,3.0,Phase 3
GDHM_SURVEY_COUNTRYRESPONSE_SCORE,2024,388,GDHM_CAT3_LEG,GDHM_Q07,5.0,Phase 5
GDHM_SURVEY_COUNTRYRESPONSE_SCORE,2024,388,GDHM_CAT3_LEG,GDHM_Q08,4.0,Phase 4
GDHM_SURVEY_COUNTRYRESPONSE_SCORE,2024,388,GDHM_CAT3_LEG,GDHM_Q09,2.0,Phase 2
GDHM_SURVEY_COUNTRYRESPONSE_SCORE,2024,388,GDHM_CAT3_LEG,GDHM_Q09a,1.0,Phase 1
GDHM_SURVEY_COUNTRYRESPONSE_SCORE,2024,388,GDHM_CAT3_LEG,GDHM_Q10,1.0,Phase 1
GDHM_SURVEY_CATEGORY_AVG,2024,388,GDHM_CAT3_LEG,,3.0,Phase 3
GDHM_SURVEY_COUNTRYRESPONSE_SCORE,2024,388,GDHM_CAT4_WORKFORCE,GDHM_Q11,1.0,Phase 1
GDHM_SURVEY_COUNTRYRESPONSE_SCORE,2024,388,GDHM_CAT4_WORKFORCE,GDHM_Q12,1.0,Phase 1
GDHM_SURVEY_COUNTRYRESPONSE_SCORE,2024,388,GDHM_CAT4_WORKFORCE,GDHM_Q13,1.0,Phase 1
GDHM_SURVEY_COUNTRYRESPONSE_SCORE,2024,388,GDHM_CAT4_WORKFORCE,GDHM_Q14,1.0,Phase 1
GDHM_SURVEY_CATEGORY_AVG,2024,388,GDHM_CAT4_WORKFORCE,,1.0,Phase 1
GDHM_SURVEY_COUNTRYRESPONSE_SCORE,2024,388,GDHM_CAT5_STANDARDS,GDHM_Q15,2.0,Phase 2
GDHM_SURVEY_COUNTRYRESPONSE_SCORE,2024,388,GDHM_CAT5_STANDARDS,GDHM_Q16,2.0,Phase 2
GDHM_SURVEY_CATEGORY_AVG,2024,388,GDHM_CAT5_STANDARDS,,2.0,Phase 2
GDHM_SURVEY_COUNTRYRESPONSE_SCORE,2024,388,GDHM_CAT6_INFRASTRUCTURE,GDHM_Q17,3.0,Phase 3
GDHM_SURVEY_COUNTRYRESPONSE_SCORE,2024,388,GDHM_CAT6_INFRASTRUCTURE,GDHM_Q18,1.0,Phase 1
GDHM_SURVEY_CATEGORY_AVG,2024,388,GDHM_CAT6_INFRASTRUCTURE,,2.0,Phase 2
GDHM_SURVEY_COUNTRYRESPONSE_SCORE,2024,388,GDHM_CAT7_SERV_APP,GDHM_Q19,2.0,Phase 2
GDHM_SURVEY_COUNTRYRESPONSE_SCORE,2024,388,GDHM_CAT7_SERV_APP,GDHM_Q20,2.0,Phase 2
GDHM_SURVEY_COUNTRYRESPONSE_SCORE,2024,388,GDHM_CAT7_SERV_APP,GDHM_Q21,3.0,Phase 3
GDHM_SURVEY_COUNTRYRESPONSE_SCORE,2024,388,GDHM_CAT7_SERV_APP,GDHM_Q21a,2.0,Phase 2
GDHM_SURVEY_COUNTRYRESPONSE_SCORE,2024,388,GDHM_CAT7_SERV_APP,GDHM_Q21b,4.0,Phase 4
GDHM_SURVEY_COUNTRYRESPONSE_SCORE,2024,388,GDHM_CAT7_SERV_APP,GDHM_Q21c,0.0,Not Available
GDHM_SURVEY_COUNTRYRESPONSE_SCORE,2024,388,GDHM_CAT7_SERV_APP,GDHM_Q22,4.0,Phase 4
GDHM_SURVEY_COUNTRYRESPONSE_SCORE,2024,388,GDHM_CAT7_SERV_APP,GDHM_Q23,4.0,Phase 4
GDHM_SURVEY_CATEGORY_AVG,2024,388,GDHM_CAT7_SERV_APP,,3.0,Phase 3
GDHM_SURVEY_COUNTRYRESPONSE_SCORE,2024,404,GDHM_CAT1_LEAD_GOV,GDHM_Q01,4.0,Phase 4
GDHM_SURVEY_COUNTRYRESPONSE_SCORE,2024,404,GDHM_CAT1_LEAD_GOV,GDHM_Q02,4.0,Phase 4
GDHM_SURVEY_COUNTRYRESPONSE_SCORE,2024,404,GDHM_CAT1_LEAD_GOV,GDHM_Q02a,5.0,Phase 5
GDHM_SURVEY_COUNTRYRESPONSE_SCORE,2024,404,GDHM_CAT1_LEAD_GOV,GDHM_Q03,2.0,Phase 2
GDHM_SURVEY_COUNTRYRESPONSE_SCORE,2024,404,GDHM_CAT1_LEAD_GOV,GDHM_Q04,3.0,Phase 3
GDHM_SURVEY_COUNTRYRESPONSE_SCORE,2024,404,GDHM_CAT1_LEAD_GOV,GDHM_Q04a,3.0,Phase 3
GDHM_SURVEY_CATEGORY_AVG,2024,404,GDHM_CAT1_LEAD_GOV,,4.0,Phase 4
GDHM_SURVEY_COUNTRYRESPONSE_SCORE,2024,404,GDHM_CAT2_STRAT_INV,GDHM_Q05,2.0,Phase 2
GDHM_SURVEY_COUNTRYRESPONSE_SCORE,2024,404,GDHM_CAT2_STRAT_INV,GDHM_Q05a,4.0,Phase 4
GDHM_SURVEY_COUNTRYRESPONSE_SCORE,2024,404,GDHM_CAT2_STRAT_INV,GDHM_Q06,4.0,Phase 4
GDHM_SURVEY_COUNTRYRESPONSE_SCORE,2024,404,GDHM_CAT2_STRAT_INV,GDHM_Q06a,4.0,Phase 4
GDHM_SURVEY_CATEGORY_AVG,2024,404,GDHM_CAT2_STRAT_INV,,3.0,Phase 3
GDHM_SURVEY_COUNTRYRESPONSE_SCORE,2024,404,GDHM_CAT3_LEG,GDHM_Q07,5.0,Phase 5
GDHM_SURVEY_COUNTRYRESPONSE_SCORE,2024,404,GDHM_CAT3_LEG,GDHM_Q08,5.0,Phase 5
GDHM_SURVEY_COUNTRYRESPONSE_SCORE,2024,404,GDHM_CAT3_LEG,GDHM_Q09,3.0,Phase 3
GDHM_SURVEY_COUNTRYRESPONSE_SCORE,2024,404,GDHM_CAT3_LEG,GDHM_Q09a,2.0,Phase 2
GDHM_SURVEY_COUNTRYRESPONSE_SCORE,2024,404,GDHM_CAT3_LEG,GDHM_Q10,2.0,Phase 2
GDHM_SURVEY_CATEGORY_AVG,2024,404,GDHM_CAT3_LEG,,4.0,Phase 4
GDHM_SURVEY_COUNTRYRESPONSE_SCORE,2024,404,GDHM_CAT4_WORKFORCE,GDHM_Q11,2.0,Phase 2
GDHM_SURVEY_COUNTRYRESPONSE_SCORE,2024,404,GDHM_CAT4_WORKFORCE,GDHM_Q12,2.0,Phase 2
GDHM_SURVEY_COUNTRYRESPONSE_SCORE,2024,404,GDHM_CAT4_WORKFORCE,GDHM_Q13,2.0,Phase 2
GDHM_SURVEY_COUNTRYRESPONSE_SCORE,2024,404,GDHM_CAT4_WORKFORCE,GDHM_Q14,2.0,Phase 2
GDHM_SURVEY_CATEGORY_AVG,2024,404,GDHM_CAT4_WORKFORCE,,2.0,Phase 2
GDHM_SURVEY_COUNTRYRESPONSE_SCORE,2024,404,GDHM_CAT5_STANDARDS,GDHM_Q15,5.0,Phase 5
GDHM_SURVEY_COUNTRYRESPONSE_SCORE,2024,404,GDHM_CAT5_STANDARDS,GDHM_Q16,4.0,Phase 4
GDHM_SURVEY_CATEGORY_AVG,2024,404,GDHM_CAT5_STANDARDS,,5.0,Phase 5
GDHM_SURVEY_COUNTRYRESPONSE_SCORE,2024,404,GDHM_CAT6_INFRASTRUCTURE,GDHM_Q17,3.0,Phase 3
GDHM_SURVEY_COUNTRYRESPONSE_SCORE,2024,404,GDHM_CAT6_INFRASTRUCTURE,GDHM_Q18,4.0,Phase 4
GDHM_SURVEY_CATEGORY_AVG,2024,404,GDHM_CAT6_INFRASTRUCTURE,,4.0,Phase 4
GDHM_SURVEY_COUNTRYRESPONSE_SCORE,2024,404,GDHM_CAT7_SERV_APP,GDHM_Q19,4.0,Phase 4
GDHM_SURVEY_COUNTRYRESPONSE_SCORE,2024,404,GDHM_CAT7_SERV_APP,GDHM_Q20,4.0,Phase 4
GDHM_SURVEY_COUNTRYRESPONSE_SCORE,2024,404,GDHM_CAT7_SERV_APP,GDHM_Q21,5.0,Phase 5
GDHM_SURVEY_COUNTRYRESPONSE_SCORE,2024,404,GDHM_CAT7_SERV_APP,GDHM_Q21a,5.0,Phase 5
GDHM_SURVEY_COUNTRYRESPONSE_SCORE,2024,404,GDHM_CAT7_SERV_APP,GDHM_Q21b,4.0,Phase 4
GDHM_SURVEY_COUNTRYRESPONSE_SCORE,2024,404,GDHM_CAT7_SERV_APP,GDHM_Q21c,5.0,Phase 5
GDHM_SURVEY_COUNTRYRESPONSE_SCORE,2024,404,GDHM_CAT7_SERV_APP,GDHM_Q22,2.0,Phase 2
GDHM_SURVEY_COUNTRYRESPONSE_SCORE,2024,404,GDHM_CAT7_SERV_APP,GDHM_Q23,5.0,Phase 5
GDHM_SURVEY_CATEGORY_AVG,2024,404,GDHM_CAT7_SERV_APP,,4.0,Phase 4
GDHM_SURVEY_COUNTRYRESPONSE_SCORE,2024,430,GDHM_CAT1_LEAD_GOV,GDHM_Q01,2.0,Phase 2
GDHM_SURVEY_COUNTRYRESPONSE_SCORE,2024,430,GDHM_CAT1_LEAD_GOV,GDHM_Q02,1.0,Phase 1
GDHM_SURVEY_COUNTRYRESPONSE_SCORE,2024,430,GDHM_CAT1_LEAD_GOV,GDHM_Q02a,1.0,Phase 1
GDHM_SURVEY_COUNTRYRESPONSE_SCORE,2024,430,GDHM_CAT1_LEAD_GOV,GDHM_Q03,3.0,Phase 3
GDHM_SURVEY_COUNTRYRESPONSE_SCORE,2024,430,GDHM_CAT1_LEAD_GOV,GDHM_Q04,2.0,Phase 2
GDHM_SURVEY_COUNTRYRESPONSE_SCORE,2024,430,GDHM_CAT1_LEAD_GOV,GDHM_Q04a,4.0,Phase 4
GDHM_SURVEY_CATEGORY_AVG,2024,430,GDHM_CAT1_LEAD_GOV,,2.0,Phase 2
GDHM_SURVEY_COUNTRYRESPONSE_SCORE,2024,430,GDHM_CAT2_STRAT_INV,GDHM_Q05,3.0,Phase 3
GDHM_SURVEY_COUNTRYRESPONSE_SCORE,2024,430,GDHM_CAT2_STRAT_INV,GDHM_Q05a,4.0,Phase 4
GDHM_SURVEY_COUNTRYRESPONSE_SCORE,2024,430,GDHM_CAT2_STRAT_INV,GDHM_Q06,1.0,Phase 1
GDHM_SURVEY_COUNTRYRESPONSE_SCORE,2024,430,GDHM_CAT2_STRAT_INV,GDHM_Q06a,2.0,Phase 2
GDHM_SURVEY_CATEGORY_AVG,2024,430,GDHM_CAT2_STRAT_INV,,2.0,Phase 2
GDHM_SURVEY_COUNTRYRESPONSE_SCORE,2024,430,GDHM_CAT3_LEG,GDHM_Q07,5.0,Phase 5
GDHM_SURVEY_COUNTRYRESPONSE_SCORE,2024,430,GDHM_CAT3_LEG,GDHM_Q08,4.0,Phase 4
GDHM_SURVEY_COUNTRYRESPONSE_SCORE,2024,430,GDHM_CAT3_LEG,GDHM_Q09,1.0,Phase 1
GDHM_SURVEY_COUNTRYRESPONSE_SCORE,2024,430,GDHM_CAT3_LEG,GDHM_Q09a,0.0,Not Available
GDHM_SURVEY_COUNTRYRESPONSE_SCORE,2024,430,GDHM_CAT3_LEG,GDHM_Q10,0.0,Not Available
GDHM_SURVEY_CATEGORY_AVG,2024,430,GDHM_CAT3_LEG,,4.0,Phase 4
GDHM_SURVEY_COUNTRYRESPONSE_SCORE,2024,430,GDHM_CAT4_WORKFORCE,GDHM_Q11,2.0,Phase 2
GDHM_SURVEY_COUNTRYRESPONSE_SCORE,2024,430,GDHM_CAT4_WORKFORCE,GDHM_Q12,2.0,Phase 2
GDHM_SURVEY_COUNTRYRESPONSE_SCORE,2024,430,GDHM_CAT4_WORKFORCE,GDHM_Q13,4.0,Phase 4
GDHM_SURVEY_COUNTRYRESPONSE_SCORE,2024,430,GDHM_CAT4_WORKFORCE,GDHM_Q14,1.0,Phase 1
GDHM_SURVEY_CATEGORY_AVG,2024,430,GDHM_CAT4_WORKFORCE,,3.0,Phase 3
GDHM_SURVEY_COUNTRYRESPONSE_SCORE,2024,430,GDHM_CAT5_STANDARDS,GDHM_Q15,3.0,Phase 3
GDHM_SURVEY_COUNTRYRESPONSE_SCORE,2024,430,GDHM_CAT5_STANDARDS,GDHM_Q16,2.0,Phase 2
GDHM_SURVEY_CATEGORY_AVG,2024,430,GDHM_CAT5_STANDARDS,,3.0,Phase 3
GDHM_SURVEY_COUNTRYRESPONSE_SCORE,2024,430,GDHM_CAT6_INFRASTRUCTURE,GDHM_Q17,2.0,Phase 2
GDHM_SURVEY_COUNTRYRESPONSE_SCORE,2024,430,GDHM_CAT6_INFRASTRUCTURE,GDHM_Q18,4.0,Phase 4
GDHM_SURVEY_CATEGORY_AVG,2024,430,GDHM_CAT6_INFRASTRUCTURE,,3.0,Phase 3
GDHM_SURVEY_COUNTRYRESPONSE_SCORE,2024,430,GDHM_CAT7_SERV_APP,GDHM_Q19,3.0,Phase 3
GDHM_SURVEY_COUNTRYRESPONSE_SCORE,2024,430,GDHM_CAT7_SERV_APP,GDHM_Q20,5.0,Phase 5
GDHM_SURVEY_COUNTRYRESPONSE_SCORE,2024,430,GDHM_CAT7_SERV_APP,GDHM_Q21,2.0,Phase 2
GDHM_SURVEY_COUNTRYRESPONSE_SCORE,2024,430,GDHM_CAT7_SERV_APP,GDHM_Q21a,0.0,Not Available
GDHM_SURVEY_COUNTRYRESPONSE_SCORE,2024,430,GDHM_CAT7_SERV_APP,GDHM_Q21b,5.0,Phase 5
GDHM_SURVEY_COUNTRYRESPONSE_SCORE,2024,430,GDHM_CAT7_SERV_APP,GDHM_Q21c,5.0,Phase 5
GDHM_SURVEY_COUNTRYRESPONSE_SCORE,2024,430,GDHM_CAT7_SERV_APP,GDHM_Q22,1.0,Phase 1
GDHM_SURVEY_COUNTRYRESPONSE_SCORE,2024,430,GDHM_CAT7_SERV_APP,GDHM_Q23,5.0,Phase 5
GDHM_SURVEY_CATEGORY_AVG,2024,430,GDHM_CAT7_SERV_APP,,4.0,Phase 4
GDHM_SURVEY_COUNTRYRESPONSE_SCORE,2024,450,GDHM_CAT1_LEAD_GOV,GDHM_Q01,4.0,Phase 4
GDHM_SURVEY_COUNTRYRESPONSE_SCORE,2024,450,GDHM_CAT1_LEAD_GOV,GDHM_Q02,4.0,Phase 4
GDHM_SURVEY_COUNTRYRESPONSE_SCORE,2024,450,GDHM_CAT1_LEAD_GOV,GDHM_Q02a,4.0,Phase 4
GDHM_SURVEY_COUNTRYRESPONSE_SCORE,2024,450,GDHM_CAT1_LEAD_GOV,GDHM_Q03,3.0,Phase 3
GDHM_SURVEY_COUNTRYRESPONSE_SCORE,2024,450,GDHM_CAT1_LEAD_GOV,GDHM_Q04,4.0,Phase 4
GDHM_SURVEY_COUNTRYRESPONSE_SCORE,2024,450,GDHM_CAT1_LEAD_GOV,GDHM_Q04a,2.0,Phase 2
GDHM_SURVEY_CATEGORY_AVG,2024,450,GDHM_CAT1_LEAD_GOV,,4.0,Phase 4
GDHM_SURVEY_COUNTRYRESPONSE_SCORE,2024,450,GDHM_CAT2_STRAT_INV,GDHM_Q05,4.0,Phase 4
GDHM_SURVEY_COUNTRYRESPONSE_SCORE,2024,450,GDHM_CAT2_STRAT_INV,GDHM_Q05a,3.0,Phase 3
GDHM_SURVEY_COUNTRYRESPONSE_SCORE,2024,450,GDHM_CAT2_STRAT_INV,GDHM_Q06,2.0,Phase 2
GDHM_SURVEY_COUNTRYRESPONSE_SCORE,2024,450,GDHM_CAT2_STRAT_INV,GDHM_Q06a,2.0,Phase 2
GDHM_SURVEY_CATEGORY_AVG,2024,450,GDHM_CAT2_STRAT_INV,,3.0,Phase 3
GDHM_SURVEY_COUNTRYRESPONSE_SCORE,2024,450,GDHM_CAT3_LEG,GDHM_Q07,4.0,Phase 4
GDHM_SURVEY_COUNTRYRESPONSE_SCORE,2024,450,GDHM_CAT3_LEG,GDHM_Q08,5.0,Phase 5
GDHM_SURVEY_COUNTRYRESPONSE_SCORE,2024,450,GDHM_CAT3_LEG,GDHM_Q09,1.0,Phase 1
GDHM_SURVEY_COUNTRYRESPONSE_SCORE,2024,450,GDHM_CAT3_LEG,GDHM_Q09a,1.0,Phase 1
GDHM_SURVEY_COUNTRYRESPONSE_SCORE,2024,450,GDHM_CAT3_LEG,GDHM_Q10,1.0,Phase 1
GDHM_SURVEY_CATEGORY_AVG,2024,450,GDHM_CAT3_LEG,,3.0,Phase 3
GDHM_SURVEY_COUNTRYRESPONSE_SCORE,2024,450,GDHM_CAT4_WORKFORCE,GDHM_Q11,1.0,Phase 1
GDHM_SURVEY_COUNTRYRESPONSE_SCORE,2024,450,GDHM_CAT4_WORKFORCE,GDHM_Q12,1.0,Phase 1
GDHM_SURVEY_COUNTRYRESPONSE_SCORE,2024,450,GDHM_CAT4_WORKFORCE,GDHM_Q13,3.0,Phase 3
GDHM_SURVEY_COUNTRYRESPONSE_SCORE,2024,450,GDHM_CAT4_WORKFORCE,GDHM_Q14,1.0,Phase 1
GDHM_SURVEY_CATEGORY_AVG,2024,450,GDHM_CAT4_WORKFORCE,,2.0,Phase 2
GDHM_SURVEY_COUNTRYRESPONSE_SCORE,2024,450,GDHM_CAT5_STANDARDS,GDHM_Q15,3.0,Phase 3
GDHM_SURVEY_COUNTRYRESPONSE_SCORE,2024,450,GDHM_CAT5_STANDARDS,GDHM_Q16,3.0,Phase 3
GDHM_SURVEY_CATEGORY_AVG,2024,450,GDHM_CAT5_STANDARDS,,3.0,Phase 3
GDHM_SURVEY_OVERALL_AVG,2023,826,,,5.0,Phase 5
GDHM_SURVEY_OVERALL_AVG,2023,840,,,5.0,Phase 5
GDHM_SURVEY_OVERALL_AVG,2023,858,,,4.0,Phase 4
GDHM_SURVEY_OVERALL_AVG,2023,860,,,4.0,Phase 4
GDHM_SURVEY_OVERALL_AVG,2023,548,,,2.0,Phase 2
GDHM_SURVEY_OVERALL_AVG,2023,862,,,3.0,Phase 3
GDHM_SURVEY_OVERALL_AVG,2023,704,,,4.0,Phase 4
GDHM_SURVEY_OVERALL_AVG,2023,887,,,2.0,Phase 2
GDHM_SURVEY_OVERALL_AVG,2023,894,,,3.0,Phase 3
GDHM_SURVEY_OVERALL_AVG,2023,716,,,3.0,Phase 3
GDHM_SURVEY_OVERALL_AVG,2024,004,,,2.0,Phase 2
GDHM_SURVEY_OVERALL_AVG,2024,050,,,4.0,Phase 4
GDHM_SURVEY_OVERALL_AVG,2024,204,,,3.0,Phase 3
GDHM_SURVEY_OVERALL_AVG,2024,108,,,3.0,Phase 3
GDHM_SURVEY_OVERALL_AVG,2024,120,,,2.0,Phase 2
GDHM_SURVEY_OVERALL_AVG,2024,132,,,3.0,Phase 3
GDHM_SURVEY_OVERALL_AVG,2024,148,,,3.0,Phase 3
GDHM_SURVEY_OVERALL_AVG,2024,174,,,2.0,Phase 2
GDHM_SURVEY_OVERALL_AVG,2024,188,,,3.0,Phase 3
GDHM_SURVEY_OVERALL_AVG,2024,191,,,4.0,Phase 4
GDHM_SURVEY_OVERALL_AVG,2024,384,,,3.0,Phase 3
GDHM_SURVEY_OVERALL_AVG,2024,266,,,2.0,Phase 2
GDHM_SURVEY_OVERALL_AVG,2024,324,,,4.0,Phase 4
GDHM_SURVEY_OVERALL_AVG,2024,356,,,4.0,Phase 4
GDHM_SURVEY_OVERALL_AVG,2024,372,,,2.0,Phase 2
GDHM_SURVEY_OVERALL_AVG,2024,388,,,3.0,Phase 3
GDHM_SURVEY_OVERALL_AVG,2024,404,,,4.0,Phase 4
GDHM_SURVEY_OVERALL_AVG,2024,430,,,3.0,Phase 3
GDHM_SURVEY_OVERALL_AVG,2024,450,,,3.0,Phase 3
GDHM_SURVEY_OVERALL_AVG,2024,454,,,4.0,Phase 4
GDHM_SURVEY_OVERALL_AVG,2024,462,,,2.0,Phase 2
GDHM_SURVEY_OVERALL_AVG,2024,466,,,3.0,Phase 3
GDHM_SURVEY_OVERALL_AVG,2024,504,,,2.0,Phase 2
GDHM_SURVEY_OVERALL_AVG,2024,554,,,3.0,Phase 3
GDHM_SURVEY_OVERALL_AVG,2024,562,,,3.0,Phase 3
GDHM_SURVEY_OVERALL_AVG,2024,620,,,5.0,Phase 5
GDHM_SURVEY_OVERALL_AVG,2024,682,,,5.0,Phase 5
GDHM_SURVEY_OVERALL_AVG,2024,686,,,3.0,Phase 3
GDHM_SURVEY_OVERALL_AVG,2024,694,,,3.0,Phase 3
GDHM_SURVEY_OVERALL_AVG,2024,706,,,2.0,Phase 2
GDHM_SURVEY_OVERALL_AVG,2024,748,,,3.0,Phase 3
GDHM_SURVEY_OVERALL_AVG,2024,768,,,2.0,Phase 2
GDHM_SURVEY_OVERALL_AVG,2024,800,,,3.0,Phase 3
GDHM_SURVEY_OVERALL_AVG,2024,894,,,3.0,Phase 3
GDHM_SURVEY_OVERALL_AVG,2024,716,,,3.0,Phase 3
GDHM_SURVEY_COUNTRYRESPONSE_SCORE,2023,780,GDHM_CAT4_WORKFORCE,GDHM_Q11,0.0,Not Available
GDHM_SURVEY_COUNTRYRESPONSE_SCORE,2023,780,GDHM_CAT4_WORKFORCE,GDHM_Q12,0.0,Not Available
GDHM_SURVEY_COUNTRYRESPONSE_SCORE,2023,780,GDHM_CAT4_WORKFORCE,GDHM_Q13,0.0,Not Available
GDHM_SURVEY_COUNTRYRESPONSE_SCORE,2023,780,GDHM_CAT4_WORKFORCE,GDHM_Q14,0.0,Not Available
GDHM_SURVEY_CATEGORY_AVG,2023,780,GDHM_CAT4_WORKFORCE,,1.0,Not Available
GDHM_SURVEY_COUNTRYRESPONSE_SCORE,2023,780,GDHM_CAT5_STANDARDS,GDHM_Q15,0.0,Not Available
GDHM_SURVEY_COUNTRYRESPONSE_SCORE,2023,780,GDHM_CAT5_STANDARDS,GDHM_Q16,0.0,Not Available
GDHM_SURVEY_CATEGORY_AVG,2023,780,GDHM_CAT5_STANDARDS,,1.0,Not Available
GDHM_SURVEY_COUNTRYRESPONSE_SCORE,2023,780,GDHM_CAT6_INFRASTRUCTURE,GDHM_Q17,2.0,Phase 2
GDHM_SURVEY_COUNTRYRESPONSE_SCORE,2023,780,GDHM_CAT6_INFRASTRUCTURE,GDHM_Q18,4.0,Phase 4
GDHM_SURVEY_CATEGORY_AVG,2023,780,GDHM_CAT6_INFRASTRUCTURE,,3.0,Phase 3
GDHM_SURVEY_COUNTRYRESPONSE_SCORE,2023,780,GDHM_CAT7_SERV_APP,GDHM_Q19,0.0,Not Available
GDHM_SURVEY_COUNTRYRESPONSE_SCORE,2023,780,GDHM_CAT7_SERV_APP,GDHM_Q20,0.0,Not Available
GDHM_SURVEY_COUNTRYRESPONSE_SCORE,2023,780,GDHM_CAT7_SERV_APP,GDHM_Q21,0.0,Not Available
GDHM_SURVEY_COUNTRYRESPONSE_SCORE,2023,780,GDHM_CAT7_SERV_APP,GDHM_Q21a,0.0,Not Available
GDHM_SURVEY_COUNTRYRESPONSE_SCORE,2023,780,GDHM_CAT7_SERV_APP,GDHM_Q21b,0.0,Not Available
GDHM_SURVEY_COUNTRYRESPONSE_SCORE,2023,780,GDHM_CAT7_SERV_APP,GDHM_Q21c,0.0,Not Available
GDHM_SURVEY_COUNTRYRESPONSE_SCORE,2023,780,GDHM_CAT7_SERV_APP,GDHM_Q22,0.0,Not Available
GDHM_SURVEY_COUNTRYRESPONSE_SCORE,2023,780,GDHM_CAT7_SERV_APP,GDHM_Q23,0.0,Not Available
GDHM_SURVEY_CATEGORY_AVG,2023,780,GDHM_CAT7_SERV_APP,,1.0,Not Available
GDHM_SURVEY_COUNTRYRESPONSE_SCORE,2024,384,GDHM_CAT2_STRAT_INV,GDHM_Q06a,2.0,Phase 2
GDHM_SURVEY_CATEGORY_AVG,2024,384,GDHM_CAT2_STRAT_INV,,3.0,Phase 3
GDHM_SURVEY_COUNTRYRESPONSE_SCORE,2024,384,GDHM_CAT3_LEG,GDHM_Q07,4.0,Phase 4
GDHM_SURVEY_COUNTRYRESPONSE_SCORE,2024,384,GDHM_CAT3_LEG,GDHM_Q08,4.0,Phase 4
GDHM_SURVEY_COUNTRYRESPONSE_SCORE,2024,384,GDHM_CAT3_LEG,GDHM_Q09,1.0,Phase 1
GDHM_SURVEY_COUNTRYRESPONSE_SCORE,2024,384,GDHM_CAT3_LEG,GDHM_Q09a,1.0,Phase 1
GDHM_SURVEY_COUNTRYRESPONSE_SCORE,2024,384,GDHM_CAT3_LEG,GDHM_Q10,4.0,Phase 4
GDHM_SURVEY_CATEGORY_AVG,2024,384,GDHM_CAT3_LEG,,4.0,Phase 4
GDHM_SURVEY_COUNTRYRESPONSE_SCORE,2024,384,GDHM_CAT4_WORKFORCE,GDHM_Q11,1.0,Phase 1
GDHM_SURVEY_COUNTRYRESPONSE_SCORE,2024,384,GDHM_CAT4_WORKFORCE,GDHM_Q12,2.0,Phase 2
GDHM_SURVEY_COUNTRYRESPONSE_SCORE,2024,384,GDHM_CAT4_WORKFORCE,GDHM_Q13,3.0,Phase 3
GDHM_SURVEY_COUNTRYRESPONSE_SCORE,2024,384,GDHM_CAT4_WORKFORCE,GDHM_Q14,1.0,Phase 1
GDHM_SURVEY_CATEGORY_AVG,2024,384,GDHM_CAT4_WORKFORCE,,2.0,Phase 2
GDHM_SURVEY_COUNTRYRESPONSE_SCORE,2024,384,GDHM_CAT5_STANDARDS,GDHM_Q15,1.0,Phase 1
GDHM_SURVEY_COUNTRYRESPONSE_SCORE,2024,384,GDHM_CAT5_STANDARDS,GDHM_Q16,1.0,Phase 1
GDHM_SURVEY_CATEGORY_AVG,2024,384,GDHM_CAT5_STANDARDS,,1.0,Phase 1
GDHM_SURVEY_COUNTRYRESPONSE_SCORE,2024,384,GDHM_CAT6_INFRASTRUCTURE,GDHM_Q17,3.0,Phase 3
GDHM_SURVEY_COUNTRYRESPONSE_SCORE,2024,384,GDHM_CAT6_INFRASTRUCTURE,GDHM_Q18,3.0,Phase 3
GDHM_SURVEY_CATEGORY_AVG,2024,384,GDHM_CAT6_INFRASTRUCTURE,,3.0,Phase 3
GDHM_SURVEY_COUNTRYRESPONSE_SCORE,2024,384,GDHM_CAT7_SERV_APP,GDHM_Q19,2.0,Phase 2
GDHM_SURVEY_COUNTRYRESPONSE_SCORE,2024,384,GDHM_CAT7_SERV_APP,GDHM_Q20,2.0,Phase 2
GDHM_SURVEY_COUNTRYRESPONSE_SCORE,2024,384,GDHM_CAT7_SERV_APP,GDHM_Q21,1.0,Phase 1
GDHM_SURVEY_COUNTRYRESPONSE_SCORE,2024,384,GDHM_CAT7_SERV_APP,GDHM_Q21a,1.0,Phase 1
GDHM_SURVEY_COUNTRYRESPONSE_SCORE,2024,384,GDHM_CAT7_SERV_APP,GDHM_Q21b,2.0,Phase 2
GDHM_SURVEY_COUNTRYRESPONSE_SCORE,2024,384,GDHM_CAT7_SERV_APP,GDHM_Q21c,2.0,Phase 2
GDHM_SURVEY_COUNTRYRESPONSE_SCORE,2024,384,GDHM_CAT7_SERV_APP,GDHM_Q22,1.0,Phase 1
GDHM_SURVEY_COUNTRYRESPONSE_SCORE,2024,384,GDHM_CAT7_SERV_APP,GDHM_Q23,2.0,Phase 2
GDHM_SURVEY_CATEGORY_AVG,2024,384,GDHM_CAT7_SERV_APP,,2.0,Phase 2
GDHM_SURVEY_COUNTRYRESPONSE_SCORE,2024,266,GDHM_CAT1_LEAD_GOV,GDHM_Q01,4.0,Phase 4
GDHM_SURVEY_COUNTRYRESPONSE_SCORE,2024,266,GDHM_CAT1_LEAD_GOV,GDHM_Q02,2.0,Phase 2
GDHM_SURVEY_COUNTRYRESPONSE_SCORE,2024,266,GDHM_CAT1_LEAD_GOV,GDHM_Q02a,1.0,Phase 1
GDHM_SURVEY_COUNTRYRESPONSE_SCORE,2024,266,GDHM_CAT1_LEAD_GOV,GDHM_Q03,4.0,Phase 4
GDHM_SURVEY_COUNTRYRESPONSE_SCORE,2024,266,GDHM_CAT1_LEAD_GOV,GDHM_Q04,1.0,Phase 1
GDHM_SURVEY_COUNTRYRESPONSE_SCORE,2024,266,GDHM_CAT1_LEAD_GOV,GDHM_Q04a,0.0,Not Available
GDHM_SURVEY_CATEGORY_AVG,2024,266,GDHM_CAT1_LEAD_GOV,,3.0,Phase 3
GDHM_SURVEY_COUNTRYRESPONSE_SCORE,2024,266,GDHM_CAT2_STRAT_INV,GDHM_Q05,2.0,Phase 2
GDHM_SURVEY_COUNTRYRESPONSE_SCORE,2024,266,GDHM_CAT2_STRAT_INV,GDHM_Q05a,4.0,Phase 4
GDHM_SURVEY_COUNTRYRESPONSE_SCORE,2024,266,GDHM_CAT2_STRAT_INV,GDHM_Q06,2.0,Phase 2
GDHM_SURVEY_COUNTRYRESPONSE_SCORE,2024,266,GDHM_CAT2_STRAT_INV,GDHM_Q06a,1.0,Phase 1
GDHM_SURVEY_CATEGORY_AVG,2024,266,GDHM_CAT2_STRAT_INV,,2.0,Phase 2
GDHM_SURVEY_COUNTRYRESPONSE_SCORE,2024,266,GDHM_CAT3_LEG,GDHM_Q07,4.0,Phase 4
GDHM_SURVEY_COUNTRYRESPONSE_SCORE,2024,266,GDHM_CAT3_LEG,GDHM_Q08,4.0,Phase 4
GDHM_SURVEY_COUNTRYRESPONSE_SCORE,2024,266,GDHM_CAT3_LEG,GDHM_Q09,1.0,Phase 1
GDHM_SURVEY_COUNTRYRESPONSE_SCORE,2024,266,GDHM_CAT3_LEG,GDHM_Q09a,1.0,Phase 1
GDHM_SURVEY_COUNTRYRESPONSE_SCORE,2024,266,GDHM_CAT3_LEG,GDHM_Q10,1.0,Phase 1
GDHM_SURVEY_CATEGORY_AVG,2024,266,GDHM_CAT3_LEG,,3.0,Phase 3
GDHM_SURVEY_COUNTRYRESPONSE_SCORE,2024,266,GDHM_CAT4_WORKFORCE,GDHM_Q11,1.0,Phase 1
GDHM_SURVEY_COUNTRYRESPONSE_SCORE,2024,266,GDHM_CAT4_WORKFORCE,GDHM_Q12,1.0,Phase 1
GDHM_SURVEY_COUNTRYRESPONSE_SCORE,2024,266,GDHM_CAT4_WORKFORCE,GDHM_Q13,1.0,Phase 1
GDHM_SURVEY_COUNTRYRESPONSE_SCORE,2024,266,GDHM_CAT4_WORKFORCE,GDHM_Q14,1.0,Phase 1
GDHM_SURVEY_CATEGORY_AVG,2024,266,GDHM_CAT4_WORKFORCE,,1.0,Phase 1
GDHM_SURVEY_COUNTRYRESPONSE_SCORE,2024,266,GDHM_CAT5_STANDARDS,GDHM_Q15,1.0,Phase 1
GDHM_SURVEY_COUNTRYRESPONSE_SCORE,2024,266,GDHM_CAT5_STANDARDS,GDHM_Q16,0.0,Not Available
GDHM_SURVEY_CATEGORY_AVG,2024,266,GDHM_CAT5_STANDARDS,,1.0,Phase 1
GDHM_SURVEY_COUNTRYRESPONSE_SCORE,2024,266,GDHM_CAT6_INFRASTRUCTURE,GDHM_Q17,3.0,Phase 3
GDHM_SURVEY_COUNTRYRESPONSE_SCORE,2024,266,GDHM_CAT6_INFRASTRUCTURE,GDHM_Q18,1.0,Phase 1
GDHM_SURVEY_CATEGORY_AVG,2024,266,GDHM_CAT6_INFRASTRUCTURE,,2.0,Phase 2
GDHM_SURVEY_COUNTRYRESPONSE_SCORE,2024,266,GDHM_CAT7_SERV_APP,GDHM_Q19,1.0,Phase 1
GDHM_SURVEY_COUNTRYRESPONSE_SCORE,2024,266,GDHM_CAT7_SERV_APP,GDHM_Q20,1.0,Phase 1
GDHM_SURVEY_COUNTRYRESPONSE_SCORE,2024,266,GDHM_CAT7_SERV_APP,GDHM_Q21,1.0,Phase 1
GDHM_SURVEY_COUNTRYRESPONSE_SCORE,2024,266,GDHM_CAT7_SERV_APP,GDHM_Q21a,1.0,Phase 1
GDHM_SURVEY_COUNTRYRESPONSE_SCORE,2024,266,GDHM_CAT7_SERV_APP,GDHM_Q21b,1.0,Phase 1
GDHM_SURVEY_COUNTRYRESPONSE_SCORE,2024,266,GDHM_CAT7_SERV_APP,GDHM_Q21c,1.0,Phase 1
GDHM_SURVEY_COUNTRYRESPONSE_SCORE,2024,266,GDHM_CAT7_SERV_APP,GDHM_Q22,1.0,Phase 1
GDHM_SURVEY_COUNTRYRESPONSE_SCORE,2024,266,GDHM_CAT7_SERV_APP,GDHM_Q23,0.0,Not Available
GDHM_SURVEY_CATEGORY_AVG,2024,266,GDHM_CAT7_SERV_APP,,1.0,Phase 1
GDHM_SURVEY_COUNTRYRESPONSE_SCORE,2024,324,GDHM_CAT1_LEAD_GOV,GDHM_Q01,5.0,Phase 5
GDHM_SURVEY_COUNTRYRESPONSE_SCORE,2024,324,GDHM_CAT1_LEAD_GOV,GDHM_Q02,3.0,Phase 3
GDHM_SURVEY_COUNTRYRESPONSE_SCORE,2024,324,GDHM_CAT1_LEAD_GOV,GDHM_Q02a,4.0,Phase 4
GDHM_SURVEY_COUNTRYRESPONSE_SCORE,2024,324,GDHM_CAT1_LEAD_GOV,GDHM_Q03,4.0,Phase 4
GDHM_SURVEY_COUNTRYRESPONSE_SCORE,2024,324,GDHM_CAT1_LEAD_GOV,GDHM_Q04,4.0,Phase 4
GDHM_SURVEY_COUNTRYRESPONSE_SCORE,2024,324,GDHM_CAT1_LEAD_GOV,GDHM_Q04a,3.0,Phase 3
GDHM_SURVEY_CATEGORY_AVG,2024,324,GDHM_CAT1_LEAD_GOV,,4.0,Phase 4
GDHM_SURVEY_COUNTRYRESPONSE_SCORE,2024,324,GDHM_CAT2_STRAT_INV,GDHM_Q05,2.0,Phase 2
GDHM_SURVEY_COUNTRYRESPONSE_SCORE,2024,324,GDHM_CAT2_STRAT_INV,GDHM_Q05a,2.0,Phase 2
GDHM_SURVEY_COUNTRYRESPONSE_SCORE,2024,324,GDHM_CAT2_STRAT_INV,GDHM_Q06,1.0,Phase 1
GDHM_SURVEY_COUNTRYRESPONSE_SCORE,2024,324,GDHM_CAT2_STRAT_INV,GDHM_Q06a,3.0,Phase 3
GDHM_SURVEY_CATEGORY_AVG,2024,324,GDHM_CAT2_STRAT_INV,,2.0,Phase 2
GDHM_SURVEY_COUNTRYRESPONSE_SCORE,2024,324,GDHM_CAT3_LEG,GDHM_Q07,3.0,Phase 3
GDHM_SURVEY_COUNTRYRESPONSE_SCORE,2024,324,GDHM_CAT3_LEG,GDHM_Q08,3.0,Phase 3
GDHM_SURVEY_COUNTRYRESPONSE_SCORE,2024,324,GDHM_CAT3_LEG,GDHM_Q09,3.0,Phase 3
GDHM_SURVEY_COUNTRYRESPONSE_SCORE,2024,324,GDHM_CAT3_LEG,GDHM_Q09a,4.0,Phase 4
GDHM_SURVEY_COUNTRYRESPONSE_SCORE,2024,324,GDHM_CAT3_LEG,GDHM_Q10,4.0,Phase 4
GDHM_SURVEY_CATEGORY_AVG,2024,324,GDHM_CAT3_LEG,,4.0,Phase 4
GDHM_SURVEY_COUNTRYRESPONSE_SCORE,2024,324,GDHM_CAT4_WORKFORCE,GDHM_Q11,4.0,Phase 4
GDHM_SURVEY_COUNTRYRESPONSE_SCORE,2024,324,GDHM_CAT4_WORKFORCE,GDHM_Q12,3.0,Phase 3
GDHM_SURVEY_COUNTRYRESPONSE_SCORE,2024,324,GDHM_CAT4_WORKFORCE,GDHM_Q13,3.0,Phase 3
GDHM_SURVEY_COUNTRYRESPONSE_SCORE,2024,324,GDHM_CAT4_WORKFORCE,GDHM_Q14,4.0,Phase 4
GDHM_SURVEY_CATEGORY_AVG,2024,324,GDHM_CAT4_WORKFORCE,,4.0,Phase 4
GDHM_SURVEY_COUNTRYRESPONSE_SCORE,2024,324,GDHM_CAT5_STANDARDS,GDHM_Q15,4.0,Phase 4
GDHM_SURVEY_COUNTRYRESPONSE_SCORE,2024,324,GDHM_CAT5_STANDARDS,GDHM_Q16,4.0,Phase 4
GDHM_SURVEY_CATEGORY_AVG,2024,324,GDHM_CAT5_STANDARDS,,4.0,Phase 4
GDHM_SURVEY_COUNTRYRESPONSE_SCORE,2024,324,GDHM_CAT6_INFRASTRUCTURE,GDHM_Q17,4.0,Phase 4
GDHM_SURVEY_COUNTRYRESPONSE_SCORE,2024,324,GDHM_CAT6_INFRASTRUCTURE,GDHM_Q18,4.0,Phase 4
GDHM_SURVEY_CATEGORY_AVG,2024,324,GDHM_CAT6_INFRASTRUCTURE,,4.0,Phase 4
GDHM_SURVEY_COUNTRYRESPONSE_SCORE,2024,324,GDHM_CAT7_SERV_APP,GDHM_Q19,3.0,Phase 3
GDHM_SURVEY_COUNTRYRESPONSE_SCORE,2024,324,GDHM_CAT7_SERV_APP,GDHM_Q20,4.0,Phase 4
GDHM_SURVEY_COUNTRYRESPONSE_SCORE,2024,324,GDHM_CAT7_SERV_APP,GDHM_Q21,4.0,Phase 4
GDHM_SURVEY_COUNTRYRESPONSE_SCORE,2024,324,GDHM_CAT7_SERV_APP,GDHM_Q21a,4.0,Phase 4
GDHM_SURVEY_COUNTRYRESPONSE_SCORE,2024,324,GDHM_CAT7_SERV_APP,GDHM_Q21b,5.0,Phase 5
GDHM_SURVEY_COUNTRYRESPONSE_SCORE,2024,324,GDHM_CAT7_SERV_APP,GDHM_Q21c,5.0,Phase 5
GDHM_SURVEY_COUNTRYRESPONSE_SCORE,2024,324,GDHM_CAT7_SERV_APP,GDHM_Q22,5.0,Phase 5
GDHM_SURVEY_COUNTRYRESPONSE_SCORE,2024,324,GDHM_CAT7_SERV_APP,GDHM_Q23,0.0,Not Available
GDHM_SURVEY_CATEGORY_AVG,2024,324,GDHM_CAT7_SERV_APP,,4.0,Phase 4
GDHM_SURVEY_COUNTRYRESPONSE_SCORE,2024,356,GDHM_CAT1_LEAD_GOV,GDHM_Q01,5.0,Phase 5
GDHM_SURVEY_COUNTRYRESPONSE_SCORE,2024,356,GDHM_CAT1_LEAD_GOV,GDHM_Q02,4.0,Phase 4
GDHM_SURVEY_COUNTRYRESPONSE_SCORE,2024,356,GDHM_CAT1_LEAD_GOV,GDHM_Q02a,0.0,Not Available
GDHM_SURVEY_COUNTRYRESPONSE_SCORE,2024,356,GDHM_CAT1_LEAD_GOV,GDHM_Q03,3.0,Phase 3
GDHM_SURVEY_COUNTRYRESPONSE_SCORE,2024,356,GDHM_CAT1_LEAD_GOV,GDHM_Q04,3.0,Phase 3
GDHM_SURVEY_COUNTRYRESPONSE_SCORE,2024,356,GDHM_CAT1_LEAD_GOV,GDHM_Q04a,0.0,Not Available
GDHM_SURVEY_CATEGORY_AVG,2024,356,GDHM_CAT1_LEAD_GOV,,4.0,Phase 4
GDHM_SURVEY_COUNTRYRESPONSE_SCORE,2024,356,GDHM_CAT2_STRAT_INV,GDHM_Q05,5.0,Phase 5
GDHM_SURVEY_COUNTRYRESPONSE_SCORE,2024,356,GDHM_CAT2_STRAT_INV,GDHM_Q05a,4.0,Phase 4
GDHM_SURVEY_COUNTRYRESPONSE_SCORE,2024,356,GDHM_CAT2_STRAT_INV,GDHM_Q06,4.0,Phase 4
GDHM_SURVEY_COUNTRYRESPONSE_SCORE,2024,356,GDHM_CAT2_STRAT_INV,GDHM_Q06a,3.0,Phase 3
GDHM_SURVEY_CATEGORY_AVG,2024,356,GDHM_CAT2_STRAT_INV,,5.0,Phase 5
GDHM_SURVEY_COUNTRYRESPONSE_SCORE,2024,356,GDHM_CAT3_LEG,GDHM_Q07,5.0,Phase 5
GDHM_SURVEY_COUNTRYRESPONSE_SCORE,2024,356,GDHM_CAT3_LEG,GDHM_Q08,5.0,Phase 5
GDHM_SURVEY_COUNTRYRESPONSE_SCORE,2024,356,GDHM_CAT3_LEG,GDHM_Q09,4.0,Phase 4
GDHM_SURVEY_COUNTRYRESPONSE_SCORE,2024,356,GDHM_CAT3_LEG,GDHM_Q09a,4.0,Phase 4
GDHM_SURVEY_COUNTRYRESPONSE_SCORE,2024,356,GDHM_CAT3_LEG,GDHM_Q10,0.0,Not Available
GDHM_SURVEY_CATEGORY_AVG,2024,356,GDHM_CAT3_LEG,,5.0,Phase 5
GDHM_SURVEY_COUNTRYRESPONSE_SCORE,2024,356,GDHM_CAT4_WORKFORCE,GDHM_Q11,0.0,Not Available
GDHM_SURVEY_COUNTRYRESPONSE_SCORE,2024,356,GDHM_CAT4_WORKFORCE,GDHM_Q12,0.0,Not Available
GDHM_SURVEY_COUNTRYRESPONSE_SCORE,2024,356,GDHM_CAT4_WORKFORCE,GDHM_Q13,0.0,Not Available
GDHM_SURVEY_COUNTRYRESPONSE_SCORE,2024,356,GDHM_CAT4_WORKFORCE,GDHM_Q14,0.0,Not Available
GDHM_SURVEY_CATEGORY_AVG,2024,356,GDHM_CAT4_WORKFORCE,,1.0,Not Available
GDHM_SURVEY_COUNTRYRESPONSE_SCORE,2024,356,GDHM_CAT5_STANDARDS,GDHM_Q15,5.0,Phase 5
GDHM_SURVEY_COUNTRYRESPONSE_SCORE,2024,356,GDHM_CAT5_STANDARDS,GDHM_Q16,3.0,Phase 3
GDHM_SURVEY_CATEGORY_AVG,2024,356,GDHM_CAT5_STANDARDS,,4.0,Phase 4
GDHM_SURVEY_COUNTRYRESPONSE_SCORE,2024,356,GDHM_CAT6_INFRASTRUCTURE,GDHM_Q17,3.0,Phase 3
GDHM_SURVEY_COUNTRYRESPONSE_SCORE,2024,356,GDHM_CAT6_INFRASTRUCTURE,GDHM_Q18,3.0,Phase 3
GDHM_SURVEY_CATEGORY_AVG,2024,356,GDHM_CAT6_INFRASTRUCTURE,,3.0,Phase 3
GDHM_SURVEY_COUNTRYRESPONSE_SCORE,2024,356,GDHM_CAT7_SERV_APP,GDHM_Q19,0.0,Not Available
GDHM_SURVEY_COUNTRYRESPONSE_SCORE,2024,356,GDHM_CAT7_SERV_APP,GDHM_Q20,0.0,Not Available
GDHM_SURVEY_COUNTRYRESPONSE_SCORE,2024,356,GDHM_CAT7_SERV_APP,GDHM_Q21,0.0,Not Available
GDHM_SURVEY_COUNTRYRESPONSE_SCORE,2024,356,GDHM_CAT7_SERV_APP,GDHM_Q21a,0.0,Not Available
GDHM_SURVEY_COUNTRYRESPONSE_SCORE,2024,356,GDHM_CAT7_SERV_APP,GDHM_Q21b,0.0,Not Available
GDHM_SURVEY_COUNTRYRESPONSE_SCORE,2024,356,GDHM_CAT7_SERV_APP,GDHM_Q21c,0.0,Not Available
GDHM_SURVEY_COUNTRYRESPONSE_SCORE,2024,356,GDHM_CAT7_SERV_APP,GDHM_Q22,0.0,Not Available
GDHM_SURVEY_COUNTRYRESPONSE_SCORE,2024,356,GDHM_CAT7_SERV_APP,GDHM_Q23,0.0,Not Available
GDHM_SURVEY_CATEGORY_AVG,2024,356,GDHM_CAT7_SERV_APP,,1.0,Not Available
GDHM_SURVEY_COUNTRYRESPONSE_SCORE,2024,372,GDHM_CAT1_LEAD_GOV,GDHM_Q01,1.0,Phase 1
GDHM_SURVEY_COUNTRYRESPONSE_SCORE,2024,372,GDHM_CAT1_LEAD_GOV,GDHM_Q02,2.0,Phase 2
GDHM_SURVEY_COUNTRYRESPONSE_SCORE,2024,372,GDHM_CAT1_LEAD_GOV,GDHM_Q02a,2.0,Phase 2
GDHM_SURVEY_COUNTRYRESPONSE_SCORE,2024,372,GDHM_CAT1_LEAD_GOV,GDHM_Q03,1.0,Phase 1
GDHM_SURVEY_COUNTRYRESPONSE_SCORE,2024,372,GDHM_CAT1_LEAD_GOV,GDHM_Q04,1.0,Phase 1
GDHM_SURVEY_COUNTRYRESPONSE_SCORE,2024,372,GDHM_CAT1_LEAD_GOV,GDHM_Q04a,2.0,Phase 2
GDHM_SURVEY_CATEGORY_AVG,2024,372,GDHM_CAT1_LEAD_GOV,,2.0,Phase 2
GDHM_SURVEY_COUNTRYRESPONSE_SCORE,2024,372,GDHM_CAT2_STRAT_INV,GDHM_Q05,2.0,Phase 2
GDHM_SURVEY_COUNTRYRESPONSE_SCORE,2024,372,GDHM_CAT2_STRAT_INV,GDHM_Q05a,1.0,Phase 1
GDHM_SURVEY_COUNTRYRESPONSE_SCORE,2024,372,GDHM_CAT2_STRAT_INV,GDHM_Q06,2.0,Phase 2
GDHM_SURVEY_COUNTRYRESPONSE_SCORE,2024,372,GDHM_CAT2_STRAT_INV,GDHM_Q06a,3.0,Phase 3
GDHM_SURVEY_CATEGORY_AVG,2024,372,GDHM_CAT2_STRAT_INV,,2.0,Phase 2
GDHM_SURVEY_COUNTRYRESPONSE_SCORE,2024,372,GDHM_CAT3_LEG,GDHM_Q07,2.0,Phase 2
GDHM_SURVEY_COUNTRYRESPONSE_SCORE,2024,372,GDHM_CAT3_LEG,GDHM_Q08,1.0,Phase 1
GDHM_SURVEY_COUNTRYRESPONSE_SCORE,2024,372,GDHM_CAT3_LEG,GDHM_Q09,2.0,Phase 2
GDHM_SURVEY_COUNTRYRESPONSE_SCORE,2024,372,GDHM_CAT3_LEG,GDHM_Q09a,1.0,Phase 1
GDHM_SURVEY_COUNTRYRESPONSE_SCORE,2024,372,GDHM_CAT3_LEG,GDHM_Q10,3.0,Phase 3
GDHM_SURVEY_CATEGORY_AVG,2024,372,GDHM_CAT3_LEG,,2.0,Phase 2
GDHM_SURVEY_OVERALL_AVG,2024,955,,,3.0,Phase 3
GDHM_SURVEY_OVERALL_AVG,2024,954,,,3.0,Phase 3
GDHM_SURVEY_OVERALL_AVG,2024,957,,,3.0,Phase 3
GDHM_SURVEY_OVERALL_AVG,2024,956,,,4.0,Phase 4
GDHM_SURVEY_OVERALL_AVG,2024,958,,,3.0,Phase 3
GDHM_SURVEY_OVERALL_AVG,2019,001,,,3.0,Phase 3
GDHM_SURVEY_OVERALL_AVG,2023,001,,,3.0,Phase 3
GDHM_SURVEY_OVERALL_AVG,2024,001,,,3.0,Phase 3
GDHM_SURVEY_OVERALL_AVG,2019,004,,,2.0,Phase 2
GDHM_SURVEY_OVERALL_AVG,2019,050,,,4.0,Phase 4
GDHM_SURVEY_OVERALL_AVG,2019,108,,,3.0,Phase 3
GDHM_SURVEY_OVERALL_AVG,2019,120,,,2.0,Phase 2
GDHM_SURVEY_OVERALL_AVG,2019,148,,,3.0,Phase 3
GDHM_SURVEY_OVERALL_AVG,2019,204,,,3.0,Phase 3
GDHM_SURVEY_OVERALL_AVG,2019,174,,,2.0,Phase 2
GDHM_SURVEY_OVERALL_AVG,2019,188,,,3.0,Phase 3
GDHM_SURVEY_OVERALL_AVG,2019,132,,,3.0,Phase 3
GDHM_SURVEY_OVERALL_AVG,2019,191,,,4.0,Phase 4
GDHM_SURVEY_OVERALL_AVG,2019,384,,,3.0,Phase 3
GDHM_SURVEY_OVERALL_AVG,2019,266,,,2.0,Phase 2
GDHM_SURVEY_OVERALL_AVG,2019,324,,,4.0,Phase 4
GDHM_SURVEY_OVERALL_AVG,2019,356,,,4.0,Phase 4
GDHM_SURVEY_OVERALL_AVG,2019,372,,,2.0,Phase 2
GDHM_SURVEY_OVERALL_AVG,2019,388,,,3.0,Phase 3
GDHM_SURVEY_OVERALL_AVG,2019,404,,,4.0,Phase 4
GDHM_SURVEY_OVERALL_AVG,2019,430,,,3.0,Phase 3
GDHM_SURVEY_OVERALL_AVG,2019,450,,,3.0,Phase 3
GDHM_SURVEY_OVERALL_AVG,2019,454,,,4.0,Phase 4
GDHM_SURVEY_OVERALL_AVG,2019,462,,,2.0,Phase 2
GDHM_SURVEY_OVERALL_AVG,2019,466,,,3.0,Phase 3
GDHM_SURVEY_OVERALL_AVG,2019,504,,,2.0,Phase 2
GDHM_SURVEY_OVERALL_AVG,2019,554,,,3.0,Phase 3
GDHM_SURVEY_OVERALL_AVG,2019,562,,,3.0,Phase 3
GDHM_SURVEY_OVERALL_AVG,2019,620,,,5.0,Phase 5
GDHM_SURVEY_OVERALL_AVG,2019,682,,,5.0,Phase 5
GDHM_SURVEY_OVERALL_AVG,2019,686,,,3.0,Phase 3
GDHM_SURVEY_OVERALL_AVG,2019,694,,,3.0,Phase 3
GDHM_SURVEY_OVERALL_AVG,2019,706,,,2.0,Phase 2
GDHM_SURVEY_OVERALL_AVG,2019,748,,,3.0,Phase 3
GDHM_SURVEY_OVERALL_AVG,2019,768,,,2.0,Phase 2
GDHM_SURVEY_OVERALL_AVG,2019,800,,,3.0,Phase 3
GDHM_SURVEY_OVERALL_AVG,2019,894,,,3.0,Phase 3
GDHM_SURVEY_OVERALL_AVG,2019,716,,,3.0,Phase 3
GDHM_SURVEY_OVERALL_AVG,2023,004,,,2.0,Phase 2
GDHM_SURVEY_OVERALL_AVG,2023,008,,,4.0,Phase 4
GDHM_SURVEY_OVERALL_AVG,2023,012,,,3.0,Phase 3
GDHM_SURVEY_OVERALL_AVG,2023,024,,,3.0,Phase 3
GDHM_SURVEY_OVERALL_AVG,2023,028,,,0.0,Not Available
GDHM_SURVEY_OVERALL_AVG,2023,032,,,4.0,Phase 4
GDHM_SURVEY_OVERALL_AVG,2023,051,,,4.0,Phase 4
GDHM_SURVEY_OVERALL_AVG,2023,036,,,5.0,Phase 5
GDHM_SURVEY_OVERALL_AVG,2023,040,,,4.0,Phase 4
GDHM_SURVEY_OVERALL_AVG,2023,031,,,4.0,Phase 4
GDHM_SURVEY_OVERALL_AVG,2023,044,,,3.0,Phase 3
GDHM_SURVEY_OVERALL_AVG,2023,048,,,4.0,Phase 4
GDHM_SURVEY_OVERALL_AVG,2023,050,,,4.0,Phase 4
GDHM_SURVEY_OVERALL_AVG,2023,052,,,3.0,Phase 3
GDHM_SURVEY_OVERALL_AVG,2023,112,,,4.0,Phase 4
GDHM_SURVEY_OVERALL_AVG,2023,056,,,5.0,Phase 5
GDHM_SURVEY_OVERALL_AVG,2023,084,,,3.0,Phase 3
GDHM_SURVEY_OVERALL_AVG,2023,204,,,3.0,Phase 3
GDHM_SURVEY_OVERALL_AVG,2023,064,,,3.0,Phase 3
GDHM_SURVEY_OVERALL_AVG,2023,068,,,3.0,Phase 3
GDHM_SURVEY_OVERALL_AVG,2023,070,,,4.0,Phase 4
GDHM_SURVEY_OVERALL_AVG,2023,072,,,3.0,Phase 3
GDHM_SURVEY_OVERALL_AVG,2023,076,,,4.0,Phase 4
GDHM_SURVEY_OVERALL_AVG,2023,096,,,4.0,Phase 4
GDHM_SURVEY_OVERALL_AVG,2023,100,,,4.0,Phase 4
GDHM_SURVEY_OVERALL_AVG,2023,854,,,3.0,Phase 3
GDHM_SURVEY_OVERALL_AVG,2023,108,,,3.0,Phase 3
GDHM_SURVEY_OVERALL_AVG,2023,116,,,2.0,Phase 2
GDHM_SURVEY_OVERALL_AVG,2023,120,,,3.0,Phase 3
GDHM_SURVEY_OVERALL_AVG,2023,124,,,5.0,Phase 5
GDHM_SURVEY_OVERALL_AVG,2023,132,,,3.0,Phase 3
GDHM_SURVEY_OVERALL_AVG,2023,140,,,2.0,Phase 2
GDHM_SURVEY_OVERALL_AVG,2023,148,,,2.0,Phase 2
GDHM_SURVEY_OVERALL_AVG,2023,152,,,4.0,Phase 4
GDHM_SURVEY_OVERALL_AVG,2023,156,,,5.0,Phase 5
GDHM_SURVEY_OVERALL_AVG,2023,170,,,4.0,Phase 4
GDHM_SURVEY_OVERALL_AVG,2023,174,,,2.0,Phase 2
GDHM_SURVEY_OVERALL_AVG,2023,178,,,2.0,Phase 2
GDHM_SURVEY_OVERALL_AVG,2023,188,,,3.0,Phase 3
GDHM_SURVEY_OVERALL_AVG,2023,191,,,4.0,Phase 4
GDHM_SURVEY_OVERALL_AVG,2023,196,,,4.0,Phase 4
GDHM_SURVEY_OVERALL_AVG,2023,384,,,3.0,Phase 3
GDHM_SURVEY_OVERALL_AVG,2023,408,,,0.0,Not Available
GDHM_SURVEY_OVERALL_AVG,2023,180,,,3.0,Phase 3
GDHM_SURVEY_OVERALL_AVG,2023,208,,,5.0,Phase 5
GDHM_SURVEY_OVERALL_AVG,2023,214,,,2.0,Phase 2
GDHM_SURVEY_OVERALL_AVG,2023,218,,,3.0,Phase 3
GDHM_SURVEY_OVERALL_AVG,2023,818,,,3.0,Phase 3
GDHM_SURVEY_OVERALL_AVG,2023,222,,,3.0,Phase 3
GDHM_SURVEY_OVERALL_AVG,2023,233,,,5.0,Phase 5
GDHM_SURVEY_OVERALL_AVG,2023,231,,,4.0,Phase 4
GDHM_SURVEY_OVERALL_AVG,2023,242,,,3.0,Phase 3
GDHM_SURVEY_OVERALL_AVG,2023,246,,,5.0,Phase 5
GDHM_SURVEY_OVERALL_AVG,2023,250,,,5.0,Phase 5
GDHM_SURVEY_OVERALL_AVG,2023,266,,,2.0,Phase 2
GDHM_SURVEY_OVERALL_AVG,2023,270,,,3.0,Phase 3
GDHM_SURVEY_OVERALL_AVG,2023,268,,,4.0,Phase 4
GDHM_SURVEY_OVERALL_AVG,2023,276,,,5.0,Phase 5
GDHM_SURVEY_OVERALL_AVG,2023,288,,,3.0,Phase 3
GDHM_SURVEY_OVERALL_AVG,2023,320,,,3.0,Phase 3
GDHM_SURVEY_OVERALL_AVG,2023,324,,,4.0,Phase 4
GDHM_SURVEY_OVERALL_AVG,2023,624,,,2.0,Phase 2
GDHM_SURVEY_OVERALL_AVG,2023,328,,,3.0,Phase 3
GDHM_SURVEY_OVERALL_AVG,2023,332,,,2.0,Phase 2
GDHM_SURVEY_OVERALL_AVG,2023,340,,,3.0,Phase 3
GDHM_SURVEY_OVERALL_AVG,2023,348,,,4.0,Phase 4
GDHM_SURVEY_OVERALL_AVG,2023,352,,,5.0,Phase 5
GDHM_SURVEY_OVERALL_AVG,2023,356,,,4.0,Phase 4
GDHM_SURVEY_OVERALL_AVG,2023,360,,,4.0,Phase 4
GDHM_SURVEY_OVERALL_AVG,2023,364,,,4.0,Phase 4
GDHM_SURVEY_OVERALL_AVG,2023,368,,,2.0,Phase 2
GDHM_SURVEY_OVERALL_AVG,2023,372,,,2.0,Phase 2
GDHM_SURVEY_OVERALL_AVG,2023,376,,,5.0,Phase 5
GDHM_SURVEY_OVERALL_AVG,2023,380,,,5.0,Phase 5
GDHM_SURVEY_OVERALL_AVG,2023,388,,,2.0,Phase 2
GDHM_SURVEY_OVERALL_AVG,2023,392,,,3.0,Phase 3
GDHM_SURVEY_OVERALL_AVG,2023,400,,,3.0,Phase 3
GDHM_SURVEY_OVERALL_AVG,2023,398,,,4.0,Phase 4
GDHM_SURVEY_OVERALL_AVG,2023,404,,,2.0,Phase 2
GDHM_SURVEY_OVERALL_AVG,2023,414,,,4.0,Phase 4
GDHM_SURVEY_OVERALL_AVG,2023,417,,,4.0,Phase 4
GDHM_SURVEY_OVERALL_AVG,2023,418,,,3.0,Phase 3
GDHM_SURVEY_OVERALL_AVG,2023,428,,,5.0,Phase 5
GDHM_SURVEY_OVERALL_AVG,2023,422,,,3.0,Phase 3
GDHM_SURVEY_OVERALL_AVG,2023,426,,,3.0,Phase 3
GDHM_SURVEY_OVERALL_AVG,2023,430,,,3.0,Phase 3
GDHM_SURVEY_OVERALL_AVG,2023,434,,,3.0,Phase 3
GDHM_SURVEY_OVERALL_AVG,2023,440,,,5.0,Phase 5
GDHM_SURVEY_OVERALL_AVG,2023,442,,,5.0,Phase 5
GDHM_SURVEY_OVERALL_AVG,2023,450,,,3.0,Phase 3
GDHM_SURVEY_OVERALL_AVG,2023,454,,,4.0,Phase 4
GDHM_SURVEY_OVERALL_AVG,2023,458,,,4.0,Phase 4
GDHM_SURVEY_OVERALL_AVG,2023,462,,,2.0,Phase 2
GDHM_SURVEY_OVERALL_AVG,2023,466,,,3.0,Phase 3
GDHM_SURVEY_OVERALL_AVG,2023,470,,,4.0,Phase 4
GDHM_SURVEY_OVERALL_AVG,2023,478,,,2.0,Phase 2
GDHM_SURVEY_OVERALL_AVG,2023,480,,,4.0,Phase 4
GDHM_SURVEY_OVERALL_AVG,2023,484,,,4.0,Phase 4
GDHM_SURVEY_OVERALL_AVG,2023,498,,,4.0,Phase 4
GDHM_SURVEY_OVERALL_AVG,2023,496,,,4.0,Phase 4
GDHM_SURVEY_OVERALL_AVG,2023,499,,,4.0,Phase 4
GDHM_SURVEY_OVERALL_AVG,2023,504,,,2.0,Phase 2
GDHM_SURVEY_OVERALL_AVG,2023,508,,,3.0,Phase 3
GDHM_SURVEY_OVERALL_AVG,2023,104,,,2.0,Phase 2
GDHM_SURVEY_OVERALL_AVG,2023,516,,,3.0,Phase 3
GDHM_SURVEY_OVERALL_AVG,2023,524,,,3.0,Phase 3
GDHM_SURVEY_OVERALL_AVG,2023,528,,,5.0,Phase 5
GDHM_SURVEY_OVERALL_AVG,2023,554,,,3.0,Phase 3
GDHM_SURVEY_OVERALL_AVG,2023,558,,,2.0,Phase 2
GDHM_SURVEY_OVERALL_AVG,2023,562,,,3.0,Phase 3
GDHM_SURVEY_OVERALL_AVG,2023,566,,,2.0,Phase 2
GDHM_SURVEY_OVERALL_AVG,2023,578,,,5.0,Phase 5
GDHM_SURVEY_OVERALL_AVG,2023,512,,,4.0,Phase 4
GDHM_SURVEY_OVERALL_AVG,2023,586,,,2.0,Phase 2
GDHM_SURVEY_OVERALL_AVG,2023,591,,,4.0,Phase 4
GDHM_SURVEY_OVERALL_AVG,2023,598,,,2.0,Phase 2
GDHM_SURVEY_OVERALL_AVG,2023,600,,,4.0,Phase 4
GDHM_SURVEY_OVERALL_AVG,2023,604,,,3.0,Phase 3
GDHM_SURVEY_OVERALL_AVG,2023,608,,,4.0,Phase 4
GDHM_SURVEY_OVERALL_AVG,2023,616,,,5.0,Phase 5
GDHM_SURVEY_OVERALL_AVG,2023,620,,,5.0,Phase 5
GDHM_SURVEY_OVERALL_AVG,2023,634,,,4.0,Phase 4
GDHM_SURVEY_OVERALL_AVG,2023,642,,,4.0,Phase 4
GDHM_SURVEY_OVERALL_AVG,2023,643,,,4.0,Phase 4
GDHM_SURVEY_OVERALL_AVG,2023,646,,,3.0,Phase 3
GDHM_SURVEY_OVERALL_AVG,2023,662,,,2.0,Phase 2
GDHM_SURVEY_OVERALL_AVG,2023,670,,,3.0,Phase 3
GDHM_SURVEY_OVERALL_AVG,2023,882,,,3.0,Phase 3
GDHM_SURVEY_OVERALL_AVG,2023,678,,,2.0,Phase 2
GDHM_SURVEY_OVERALL_AVG,2023,682,,,5.0,Phase 5
GDHM_SURVEY_OVERALL_AVG,2023,686,,,3.0,Phase 3
GDHM_SURVEY_OVERALL_AVG,2023,688,,,4.0,Phase 4
GDHM_SURVEY_OVERALL_AVG,2023,694,,,2.0,Phase 2
GDHM_SURVEY_OVERALL_AVG,2023,702,,,5.0,Phase 5
GDHM_SURVEY_OVERALL_AVG,2023,703,,,5.0,Phase 5
GDHM_SURVEY_OVERALL_AVG,2023,705,,,5.0,Phase 5
GDHM_SURVEY_OVERALL_AVG,2023,090,,,2.0,Phase 2
GDHM_SURVEY_OVERALL_AVG,2023,710,,,3.0,Phase 3
GDHM_SURVEY_OVERALL_AVG,2023,728,,,2.0,Phase 2
GDHM_SURVEY_OVERALL_AVG,2023,724,,,5.0,Phase 5
GDHM_SURVEY_OVERALL_AVG,2023,144,,,3.0,Phase 3
GDHM_SURVEY_OVERALL_AVG,2023,729,,,3.0,Phase 3
GDHM_SURVEY_OVERALL_AVG,2023,740,,,3.0,Phase 3
GDHM_SURVEY_OVERALL_AVG,2023,752,,,5.0,Phase 5
GDHM_SURVEY_OVERALL_AVG,2023,756,,,5.0,Phase 5
GDHM_SURVEY_OVERALL_AVG,2023,762,,,3.0,Phase 3
GDHM_SURVEY_OVERALL_AVG,2023,834,,,4.0,Phase 4
GDHM_SURVEY_OVERALL_AVG,2023,764,,,4.0,Phase 4
GDHM_SURVEY_OVERALL_AVG,2023,626,,,2.0,Phase 2
GDHM_SURVEY_OVERALL_AVG,2023,768,,,2.0,Phase 2
GDHM_SURVEY_OVERALL_AVG,2023,776,,,3.0,Phase 3
GDHM_SURVEY_OVERALL_AVG,2023,780,,,4.0,Phase 4
GDHM_SURVEY_OVERALL_AVG,2023,788,,,4.0,Phase 4
GDHM_SURVEY_OVERALL_AVG,2023,792,,,4.0,Phase 4
GDHM_SURVEY_OVERALL_AVG,2023,800,,,3.0,Phase 3
GDHM_SURVEY_OVERALL_AVG,2023,804,,,4.0,Phase 4
GDHM_SURVEY_OVERALL_AVG,2023,784,,,5.0,Phase 5
GDHM_SURVEY_COUNTRYRESPONSE_SCORE,2024,148,GDHM_CAT1_LEAD_GOV,GDHM_Q02a,4.0,Phase 4
GDHM_SURVEY_COUNTRYRESPONSE_SCORE,2024,148,GDHM_CAT1_LEAD_GOV,GDHM_Q03,1.0,Phase 1
GDHM_SURVEY_COUNTRYRESPONSE_SCORE,2024,148,GDHM_CAT1_LEAD_GOV,GDHM_Q04,4.0,Phase 4
GDHM_SURVEY_COUNTRYRESPONSE_SCORE,2024,148,GDHM_CAT1_LEAD_GOV,GDHM_Q04a,3.0,Phase 3
GDHM_SURVEY_CATEGORY_AVG,2024,148,GDHM_CAT1_LEAD_GOV,,3.0,Phase 3
GDHM_SURVEY_COUNTRYRESPONSE_SCORE,2024,148,GDHM_CAT2_STRAT_INV,GDHM_Q05,3.0,Phase 3
GDHM_SURVEY_COUNTRYRESPONSE_SCORE,2024,148,GDHM_CAT2_STRAT_INV,GDHM_Q05a,5.0,Phase 5
GDHM_SURVEY_COUNTRYRESPONSE_SCORE,2024,148,GDHM_CAT2_STRAT_INV,GDHM_Q06,3.0,Phase 3
GDHM_SURVEY_COUNTRYRESPONSE_SCORE,2024,148,GDHM_CAT2_STRAT_INV,GDHM_Q06a,2.0,Phase 2
GDHM_SURVEY_CATEGORY_AVG,2024,148,GDHM_CAT2_STRAT_INV,,3.0,Phase 3
GDHM_SURVEY_COUNTRYRESPONSE_SCORE,2024,148,GDHM_CAT3_LEG,GDHM_Q07,2.0,Phase 2
GDHM_SURVEY_COUNTRYRESPONSE_SCORE,2024,148,GDHM_CAT3_LEG,GDHM_Q08,2.0,Phase 2
GDHM_SURVEY_COUNTRYRESPONSE_SCORE,2024,148,GDHM_CAT3_LEG,GDHM_Q09,2.0,Phase 2
GDHM_SURVEY_COUNTRYRESPONSE_SCORE,2024,148,GDHM_CAT3_LEG,GDHM_Q09a,2.0,Phase 2
GDHM_SURVEY_COUNTRYRESPONSE_SCORE,2024,148,GDHM_CAT3_LEG,GDHM_Q10,2.0,Phase 2
GDHM_SURVEY_CATEGORY_AVG,2024,148,GDHM_CAT3_LEG,,2.0,Phase 2
GDHM_SURVEY_COUNTRYRESPONSE_SCORE,2024,148,GDHM_CAT4_WORKFORCE,GDHM_Q11,2.0,Phase 2
GDHM_SURVEY_COUNTRYRESPONSE_SCORE,2024,148,GDHM_CAT4_WORKFORCE,GDHM_Q12,2.0,Phase 2
GDHM_SURVEY_COUNTRYRESPONSE_SCORE,2024,148,GDHM_CAT4_WORKFORCE,GDHM_Q13,2.0,Phase 2
GDHM_SURVEY_COUNTRYRESPONSE_SCORE,2024,148,GDHM_CAT4_WORKFORCE,GDHM_Q14,2.0,Phase 2
GDHM_SURVEY_CATEGORY_AVG,2024,148,GDHM_CAT4_WORKFORCE,,2.0,Phase 2
GDHM_SURVEY_COUNTRYRESPONSE_SCORE,2024,148,GDHM_CAT5_STANDARDS,GDHM_Q15,2.0,Phase 2
GDHM_SURVEY_COUNTRYRESPONSE_SCORE,2024,148,GDHM_CAT5_STANDARDS,GDHM_Q16,2.0,Phase 2
GDHM_SURVEY_CATEGORY_AVG,2024,148,GDHM_CAT5_STANDARDS,,2.0,Phase 2
GDHM_SURVEY_COUNTRYRESPONSE_SCORE,2024,148,GDHM_CAT6_INFRASTRUCTURE,GDHM_Q17,2.0,Phase 2
GDHM_SURVEY_COUNTRYRESPONSE_SCORE,2024,148,GDHM_CAT6_INFRASTRUCTURE,GDHM_Q18,2.0,Phase 2
GDHM_SURVEY_CATEGORY_AVG,2024,148,GDHM_CAT6_INFRASTRUCTURE,,2.0,Phase 2
GDHM_SURVEY_COUNTRYRESPONSE_SCORE,2024,148,GDHM_CAT7_SERV_APP,GDHM_Q19,3.0,Phase 3
GDHM_SURVEY_COUNTRYRESPONSE_SCORE,2024,148,GDHM_CAT7_SERV_APP,GDHM_Q20,1.0,Phase 1
GDHM_SURVEY_COUNTRYRESPONSE_SCORE,2024,148,GDHM_CAT7_SERV_APP,GDHM_Q21,1.0,Phase 1
GDHM_SURVEY_COUNTRYRESPONSE_SCORE,2024,148,GDHM_CAT7_SERV_APP,GDHM_Q21a,1.0,Phase 1
GDHM_SURVEY_COUNTRYRESPONSE_SCORE,2024,148,GDHM_CAT7_SERV_APP,GDHM_Q21b,1.0,Phase 1
GDHM_SURVEY_COUNTRYRESPONSE_SCORE,2024,148,GDHM_CAT7_SERV_APP,GDHM_Q21c,1.0,Phase 1
GDHM_SURVEY_COUNTRYRESPONSE_SCORE,2024,148,GDHM_CAT7_SERV_APP,GDHM_Q22,1.0,Phase 1
GDHM_SURVEY_COUNTRYRESPONSE_SCORE,2024,148,GDHM_CAT7_SERV_APP,GDHM_Q23,3.0,Phase 3
GDHM_SURVEY_CATEGORY_AVG,2024,148,GDHM_CAT7_SERV_APP,,2.0,Phase 2
GDHM_SURVEY_COUNTRYRESPONSE_SCORE,2024,174,GDHM_CAT1_LEAD_GOV,GDHM_Q01,1.0,Phase 1
GDHM_SURVEY_COUNTRYRESPONSE_SCORE,2024,174,GDHM_CAT1_LEAD_GOV,GDHM_Q02,2.0,Phase 2
GDHM_SURVEY_COUNTRYRESPONSE_SCORE,2024,174,GDHM_CAT1_LEAD_GOV,GDHM_Q02a,4.0,Phase 4
GDHM_SURVEY_COUNTRYRESPONSE_SCORE,2024,174,GDHM_CAT1_LEAD_GOV,GDHM_Q03,1.0,Phase 1
GDHM_SURVEY_COUNTRYRESPONSE_SCORE,2024,174,GDHM_CAT1_LEAD_GOV,GDHM_Q04,1.0,Phase 1
GDHM_SURVEY_COUNTRYRESPONSE_SCORE,2024,174,GDHM_CAT1_LEAD_GOV,GDHM_Q04a,1.0,Phase 1
GDHM_SURVEY_CATEGORY_AVG,2024,174,GDHM_CAT1_LEAD_GOV,,2.0,Phase 2
GDHM_SURVEY_COUNTRYRESPONSE_SCORE,2024,174,GDHM_CAT2_STRAT_INV,GDHM_Q05,4.0,Phase 4
GDHM_SURVEY_COUNTRYRESPONSE_SCORE,2024,174,GDHM_CAT2_STRAT_INV,GDHM_Q05a,4.0,Phase 4
GDHM_SURVEY_COUNTRYRESPONSE_SCORE,2024,174,GDHM_CAT2_STRAT_INV,GDHM_Q06,2.0,Phase 2
GDHM_SURVEY_COUNTRYRESPONSE_SCORE,2024,174,GDHM_CAT2_STRAT_INV,GDHM_Q06a,1.0,Phase 1
GDHM_SURVEY_CATEGORY_AVG,2024,174,GDHM_CAT2_STRAT_INV,,3.0,Phase 3
GDHM_SURVEY_COUNTRYRESPONSE_SCORE,2024,174,GDHM_CAT3_LEG,GDHM_Q07,1.0,Phase 1
GDHM_SURVEY_COUNTRYRESPONSE_SCORE,2024,174,GDHM_CAT3_LEG,GDHM_Q08,1.0,Phase 1
GDHM_SURVEY_COUNTRYRESPONSE_SCORE,2024,174,GDHM_CAT3_LEG,GDHM_Q09,1.0,Phase 1
GDHM_SURVEY_COUNTRYRESPONSE_SCORE,2024,174,GDHM_CAT3_LEG,GDHM_Q09a,1.0,Phase 1
GDHM_SURVEY_COUNTRYRESPONSE_SCORE,2024,174,GDHM_CAT3_LEG,GDHM_Q10,1.0,Phase 1
GDHM_SURVEY_CATEGORY_AVG,2024,174,GDHM_CAT3_LEG,,1.0,Phase 1
GDHM_SURVEY_COUNTRYRESPONSE_SCORE,2024,174,GDHM_CAT4_WORKFORCE,GDHM_Q11,1.0,Phase 1
GDHM_SURVEY_COUNTRYRESPONSE_SCORE,2024,174,GDHM_CAT4_WORKFORCE,GDHM_Q12,1.0,Phase 1
GDHM_SURVEY_COUNTRYRESPONSE_SCORE,2024,174,GDHM_CAT4_WORKFORCE,GDHM_Q13,1.0,Phase 1
GDHM_SURVEY_COUNTRYRESPONSE_SCORE,2024,174,GDHM_CAT4_WORKFORCE,GDHM_Q14,1.0,Phase 1
GDHM_SURVEY_CATEGORY_AVG,2024,174,GDHM_CAT4_WORKFORCE,,1.0,Phase 1
GDHM_SURVEY_COUNTRYRESPONSE_SCORE,2024,174,GDHM_CAT5_STANDARDS,GDHM_Q15,1.0,Phase 1
GDHM_SURVEY_COUNTRYRESPONSE_SCORE,2024,174,GDHM_CAT5_STANDARDS,GDHM_Q16,1.0,Phase 1
GDHM_SURVEY_CATEGORY_AVG,2024,174,GDHM_CAT5_STANDARDS,,1.0,Phase 1
GDHM_SURVEY_COUNTRYRESPONSE_SCORE,2024,174,GDHM_CAT6_INFRASTRUCTURE,GDHM_Q17,0.0,Not Available
GDHM_SURVEY_COUNTRYRESPONSE_SCORE,2024,174,GDHM_CAT6_INFRASTRUCTURE,GDHM_Q18,1.0,Phase 1
GDHM_SURVEY_CATEGORY_AVG,2024,174,GDHM_CAT6_INFRASTRUCTURE,,1.0,Phase 1
GDHM_SURVEY_COUNTRYRESPONSE_SCORE,2024,174,GDHM_CAT7_SERV_APP,GDHM_Q19,2.0,Phase 2
GDHM_SURVEY_COUNTRYRESPONSE_SCORE,2024,174,GDHM_CAT7_SERV_APP,GDHM_Q20,3.0,Phase 3
GDHM_SURVEY_COUNTRYRESPONSE_SCORE,2024,174,GDHM_CAT7_SERV_APP,GDHM_Q21,1.0,Phase 1
GDHM_SURVEY_COUNTRYRESPONSE_SCORE,2024,174,GDHM_CAT7_SERV_APP,GDHM_Q21a,1.0,Phase 1
GDHM_SURVEY_COUNTRYRESPONSE_SCORE,2024,174,GDHM_CAT7_SERV_APP,GDHM_Q21b,5.0,Phase 5
GDHM_SURVEY_COUNTRYRESPONSE_SCORE,2024,174,GDHM_CAT7_SERV_APP,GDHM_Q21c,1.0,Phase 1
GDHM_SURVEY_COUNTRYRESPONSE_SCORE,2024,174,GDHM_CAT7_SERV_APP,GDHM_Q22,1.0,Phase 1
GDHM_SURVEY_COUNTRYRESPONSE_SCORE,2024,174,GDHM_CAT7_SERV_APP,GDHM_Q23,2.0,Phase 2
GDHM_SURVEY_CATEGORY_AVG,2024,174,GDHM_CAT7_SERV_APP,,2.0,Phase 2
GDHM_SURVEY_COUNTRYRESPONSE_SCORE,2024,188,GDHM_CAT1_LEAD_GOV,GDHM_Q01,4.0,Phase 4
GDHM_SURVEY_COUNTRYRESPONSE_SCORE,2024,188,GDHM_CAT1_LEAD_GOV,GDHM_Q02,4.0,Phase 4
GDHM_SURVEY_COUNTRYRESPONSE_SCORE,2024,188,GDHM_CAT1_LEAD_GOV,GDHM_Q02a,4.0,Phase 4
GDHM_SURVEY_COUNTRYRESPONSE_SCORE,2024,188,GDHM_CAT1_LEAD_GOV,GDHM_Q03,2.0,Phase 2
GDHM_SURVEY_COUNTRYRESPONSE_SCORE,2024,188,GDHM_CAT1_LEAD_GOV,GDHM_Q04,4.0,Phase 4
GDHM_SURVEY_COUNTRYRESPONSE_SCORE,2024,188,GDHM_CAT1_LEAD_GOV,GDHM_Q04a,4.0,Phase 4
GDHM_SURVEY_CATEGORY_AVG,2024,188,GDHM_CAT1_LEAD_GOV,,4.0,Phase 4
GDHM_SURVEY_COUNTRYRESPONSE_SCORE,2024,188,GDHM_CAT2_STRAT_INV,GDHM_Q05,2.0,Phase 2
GDHM_SURVEY_COUNTRYRESPONSE_SCORE,2024,188,GDHM_CAT2_STRAT_INV,GDHM_Q05a,4.0,Phase 4
GDHM_SURVEY_COUNTRYRESPONSE_SCORE,2024,188,GDHM_CAT2_STRAT_INV,GDHM_Q06,3.0,Phase 3
GDHM_SURVEY_COUNTRYRESPONSE_SCORE,2024,188,GDHM_CAT2_STRAT_INV,GDHM_Q06a,4.0,Phase 4
GDHM_SURVEY_CATEGORY_AVG,2024,188,GDHM_CAT2_STRAT_INV,,3.0,Phase 3
GDHM_SURVEY_COUNTRYRESPONSE_SCORE,2024,188,GDHM_CAT3_LEG,GDHM_Q07,5.0,Phase 5
GDHM_SURVEY_COUNTRYRESPONSE_SCORE,2024,188,GDHM_CAT3_LEG,GDHM_Q08,5.0,Phase 5
GDHM_SURVEY_COUNTRYRESPONSE_SCORE,2024,188,GDHM_CAT3_LEG,GDHM_Q09,2.0,Phase 2
GDHM_SURVEY_COUNTRYRESPONSE_SCORE,2024,188,GDHM_CAT3_LEG,GDHM_Q09a,2.0,Phase 2
GDHM_SURVEY_COUNTRYRESPONSE_SCORE,2024,188,GDHM_CAT3_LEG,GDHM_Q10,2.0,Phase 2
GDHM_SURVEY_CATEGORY_AVG,2024,188,GDHM_CAT3_LEG,,4.0,Phase 4
GDHM_SURVEY_COUNTRYRESPONSE_SCORE,2024,188,GDHM_CAT4_WORKFORCE,GDHM_Q11,2.0,Phase 2
GDHM_SURVEY_COUNTRYRESPONSE_SCORE,2024,188,GDHM_CAT4_WORKFORCE,GDHM_Q12,2.0,Phase 2
GDHM_SURVEY_COUNTRYRESPONSE_SCORE,2024,188,GDHM_CAT4_WORKFORCE,GDHM_Q13,3.0,Phase 3
GDHM_SURVEY_COUNTRYRESPONSE_SCORE,2024,188,GDHM_CAT4_WORKFORCE,GDHM_Q14,1.0,Phase 1
GDHM_SURVEY_CATEGORY_AVG,2024,188,GDHM_CAT4_WORKFORCE,,2.0,Phase 2
GDHM_SURVEY_COUNTRYRESPONSE_SCORE,2024,188,GDHM_CAT5_STANDARDS,GDHM_Q15,2.0,Phase 2
GDHM_SURVEY_COUNTRYRESPONSE_SCORE,2024,188,GDHM_CAT5_STANDARDS,GDHM_Q16,3.0,Phase 3
GDHM_SURVEY_CATEGORY_AVG,2024,188,GDHM_CAT5_STANDARDS,,3.0,Phase 3
GDHM_SURVEY_COUNTRYRESPONSE_SCORE,2024,188,GDHM_CAT6_INFRASTRUCTURE,GDHM_Q17,4.0,Phase 4
GDHM_SURVEY_COUNTRYRESPONSE_SCORE,2024,188,GDHM_CAT6_INFRASTRUCTURE,GDHM_Q18,4.0,Phase 4
GDHM_SURVEY_CATEGORY_AVG,2024,188,GDHM_CAT6_INFRASTRUCTURE,,4.0,Phase 4
GDHM_SURVEY_COUNTRYRESPONSE_SCORE,2024,188,GDHM_CAT7_SERV_APP,GDHM_Q19,4.0,Phase 4
GDHM_SURVEY_COUNTRYRESPONSE_SCORE,2024,188,GDHM_CAT7_SERV_APP,GDHM_Q20,3.0,Phase 3
GDHM_SURVEY_COUNTRYRESPONSE_SCORE,2024,188,GDHM_CAT7_SERV_APP,GDHM_Q21,5.0,Phase 5
GDHM_SURVEY_COUNTRYRESPONSE_SCORE,2024,188,GDHM_CAT7_SERV_APP,GDHM_Q21a,1.0,Phase 1
GDHM_SURVEY_COUNTRYRESPONSE_SCORE,2024,188,GDHM_CAT7_SERV_APP,GDHM_Q21b,1.0,Phase 1
GDHM_SURVEY_COUNTRYRESPONSE_SCORE,2024,188,GDHM_CAT7_SERV_APP,GDHM_Q21c,2.0,Phase 2
GDHM_SURVEY_COUNTRYRESPONSE_SCORE,2024,188,GDHM_CAT7_SERV_APP,GDHM_Q22,1.0,Phase 1
GDHM_SURVEY_COUNTRYRESPONSE_SCORE,2024,188,GDHM_CAT7_SERV_APP,GDHM_Q23,3.0,Phase 3
GDHM_SURVEY_CATEGORY_AVG,2024,188,GDHM_CAT7_SERV_APP,,4.0,Phase 4
GDHM_SURVEY_COUNTRYRESPONSE_SCORE,2024,191,GDHM_CAT1_LEAD_GOV,GDHM_Q01,4.0,Phase 4
GDHM_SURVEY_COUNTRYRESPONSE_SCORE,2024,191,GDHM_CAT1_LEAD_GOV,GDHM_Q02,4.0,Phase 4
GDHM_SURVEY_COUNTRYRESPONSE_SCORE,2024,191,GDHM_CAT1_LEAD_GOV,GDHM_Q02a,4.0,Phase 4
GDHM_SURVEY_COUNTRYRESPONSE_SCORE,2024,191,GDHM_CAT1_LEAD_GOV,GDHM_Q03,1.0,Phase 1
GDHM_SURVEY_COUNTRYRESPONSE_SCORE,2024,191,GDHM_CAT1_LEAD_GOV,GDHM_Q04,4.0,Phase 4
GDHM_SURVEY_COUNTRYRESPONSE_SCORE,2024,191,GDHM_CAT1_LEAD_GOV,GDHM_Q04a,0.0,Not Available
GDHM_SURVEY_CATEGORY_AVG,2024,191,GDHM_CAT1_LEAD_GOV,,4.0,Phase 4
GDHM_SURVEY_COUNTRYRESPONSE_SCORE,2024,191,GDHM_CAT2_STRAT_INV,GDHM_Q05,4.0,Phase 4
GDHM_SURVEY_COUNTRYRESPONSE_SCORE,2024,191,GDHM_CAT2_STRAT_INV,GDHM_Q05a,0.0,Not Available
GDHM_SURVEY_COUNTRYRESPONSE_SCORE,2024,191,GDHM_CAT2_STRAT_INV,GDHM_Q06,2.0,Phase 2
GDHM_SURVEY_COUNTRYRESPONSE_SCORE,2024,191,GDHM_CAT2_STRAT_INV,GDHM_Q06a,2.0,Phase 2
GDHM_SURVEY_CATEGORY_AVG,2024,191,GDHM_CAT2_STRAT_INV,,3.0,Phase 3
GDHM_SURVEY_COUNTRYRESPONSE_SCORE,2024,191,GDHM_CAT3_LEG,GDHM_Q07,5.0,Phase 5
GDHM_SURVEY_COUNTRYRESPONSE_SCORE,2024,191,GDHM_CAT3_LEG,GDHM_Q08,4.0,Phase 4
GDHM_SURVEY_COUNTRYRESPONSE_SCORE,2024,191,GDHM_CAT3_LEG,GDHM_Q09,0.0,Not Available
GDHM_SURVEY_COUNTRYRESPONSE_SCORE,2024,191,GDHM_CAT3_LEG,GDHM_Q09a,0.0,Not Available
GDHM_SURVEY_COUNTRYRESPONSE_SCORE,2024,191,GDHM_CAT3_LEG,GDHM_Q10,1.0,Phase 1
GDHM_SURVEY_CATEGORY_AVG,2024,191,GDHM_CAT3_LEG,,4.0,Phase 4
GDHM_SURVEY_COUNTRYRESPONSE_SCORE,2024,191,GDHM_CAT4_WORKFORCE,GDHM_Q11,2.0,Phase 2
GDHM_SURVEY_COUNTRYRESPONSE_SCORE,2024,191,GDHM_CAT4_WORKFORCE,GDHM_Q12,2.0,Phase 2
GDHM_SURVEY_COUNTRYRESPONSE_SCORE,2024,191,GDHM_CAT4_WORKFORCE,GDHM_Q13,2.0,Phase 2
GDHM_SURVEY_COUNTRYRESPONSE_SCORE,2024,191,GDHM_CAT4_WORKFORCE,GDHM_Q14,0.0,Not Available
GDHM_SURVEY_CATEGORY_AVG,2024,191,GDHM_CAT4_WORKFORCE,,2.0,Phase 2
GDHM_SURVEY_COUNTRYRESPONSE_SCORE,2024,191,GDHM_CAT5_STANDARDS,GDHM_Q15,5.0,Phase 5
GDHM_SURVEY_COUNTRYRESPONSE_SCORE,2024,191,GDHM_CAT5_STANDARDS,GDHM_Q16,3.0,Phase 3
GDHM_SURVEY_CATEGORY_AVG,2024,191,GDHM_CAT5_STANDARDS,,4.0,Phase 4
GDHM_SURVEY_COUNTRYRESPONSE_SCORE,2024,191,GDHM_CAT6_INFRASTRUCTURE,GDHM_Q17,4.0,Phase 4
GDHM_SURVEY_COUNTRYRESPONSE_SCORE,2024,191,GDHM_CAT6_INFRASTRUCTURE,GDHM_Q18,5.0,Phase 5
GDHM_SURVEY_CATEGORY_AVG,2024,191,GDHM_CAT6_INFRASTRUCTURE,,5.0,Phase 5
GDHM_SURVEY_COUNTRYRESPONSE_SCORE,2024,191,GDHM_CAT7_SERV_APP,GDHM_Q19,4.0,Phase 4
GDHM_SURVEY_COUNTRYRESPONSE_SCORE,2024,191,GDHM_CAT7_SERV_APP,GDHM_Q20,0.0,Not Available
GDHM_SURVEY_COUNTRYRESPONSE_SCORE,2024,191,GDHM_CAT7_SERV_APP,GDHM_Q21,0.0,Not Available
GDHM_SURVEY_COUNTRYRESPONSE_SCORE,2024,191,GDHM_CAT7_SERV_APP,GDHM_Q21a,0.0,Not Available
GDHM_SURVEY_COUNTRYRESPONSE_SCORE,2024,191,GDHM_CAT7_SERV_APP,GDHM_Q21b,0.0,Not Available
GDHM_SURVEY_COUNTRYRESPONSE_SCORE,2024,191,GDHM_CAT7_SERV_APP,GDHM_Q21c,0.0,Not Available
GDHM_SURVEY_COUNTRYRESPONSE_SCORE,2024,191,GDHM_CAT7_SERV_APP,GDHM_Q22,0.0,Not Available
GDHM_SURVEY_COUNTRYRESPONSE_SCORE,2024,191,GDHM_CAT7_SERV_APP,GDHM_Q23,0.0,Not Available
GDHM_SURVEY_CATEGORY_AVG,2024,191,GDHM_CAT7_SERV_APP,,4.0,Phase 4
GDHM_SURVEY_COUNTRYRESPONSE_SCORE,2024,384,GDHM_CAT1_LEAD_GOV,GDHM_Q01,4.0,Phase 4
GDHM_SURVEY_COUNTRYRESPONSE_SCORE,2024,384,GDHM_CAT1_LEAD_GOV,GDHM_Q02,4.0,Phase 4
GDHM_SURVEY_COUNTRYRESPONSE_SCORE,2024,384,GDHM_CAT1_LEAD_GOV,GDHM_Q02a,4.0,Phase 4
GDHM_SURVEY_COUNTRYRESPONSE_SCORE,2024,384,GDHM_CAT1_LEAD_GOV,GDHM_Q03,1.0,Phase 1
GDHM_SURVEY_COUNTRYRESPONSE_SCORE,2024,384,GDHM_CAT1_LEAD_GOV,GDHM_Q04,2.0,Phase 2
GDHM_SURVEY_COUNTRYRESPONSE_SCORE,2024,384,GDHM_CAT1_LEAD_GOV,GDHM_Q04a,2.0,Phase 2
GDHM_SURVEY_CATEGORY_AVG,2024,384,GDHM_CAT1_LEAD_GOV,,3.0,Phase 3
GDHM_SURVEY_COUNTRYRESPONSE_SCORE,2024,384,GDHM_CAT2_STRAT_INV,GDHM_Q05,4.0,Phase 4
GDHM_SURVEY_COUNTRYRESPONSE_SCORE,2024,384,GDHM_CAT2_STRAT_INV,GDHM_Q05a,4.0,Phase 4
GDHM_SURVEY_COUNTRYRESPONSE_SCORE,2024,384,GDHM_CAT2_STRAT_INV,GDHM_Q06,2.0,Phase 2
GDHM_SURVEY_COUNTRYRESPONSE_SCORE,2024,768,GDHM_CAT3_LEG,GDHM_Q07,4.0,Phase 4
GDHM_SURVEY_COUNTRYRESPONSE_SCORE,2024,768,GDHM_CAT3_LEG,GDHM_Q08,4.0,Phase 4
GDHM_SURVEY_COUNTRYRESPONSE_SCORE,2024,768,GDHM_CAT3_LEG,GDHM_Q09,1.0,Phase 1
GDHM_SURVEY_COUNTRYRESPONSE_SCORE,2024,768,GDHM_CAT3_LEG,GDHM_Q09a,1.0,Phase 1
GDHM_SURVEY_COUNTRYRESPONSE_SCORE,2024,768,GDHM_CAT3_LEG,GDHM_Q10,1.0,Phase 1
GDHM_SURVEY_CATEGORY_AVG,2024,768,GDHM_CAT3_LEG,,3.0,Phase 3
GDHM_SURVEY_COUNTRYRESPONSE_SCORE,2024,768,GDHM_CAT4_WORKFORCE,GDHM_Q11,1.0,Phase 1
GDHM_SURVEY_COUNTRYRESPONSE_SCORE,2024,768,GDHM_CAT4_WORKFORCE,GDHM_Q12,1.0,Phase 1
GDHM_SURVEY_COUNTRYRESPONSE_SCORE,2024,768,GDHM_CAT4_WORKFORCE,GDHM_Q13,1.0,Phase 1
GDHM_SURVEY_COUNTRYRESPONSE_SCORE,2024,768,GDHM_CAT4_WORKFORCE,GDHM_Q14,1.0,Phase 1
GDHM_SURVEY_CATEGORY_AVG,2024,768,GDHM_CAT4_WORKFORCE,,1.0,Phase 1
GDHM_SURVEY_COUNTRYRESPONSE_SCORE,2024,768,GDHM_CAT5_STANDARDS,GDHM_Q15,1.0,Phase 1
GDHM_SURVEY_COUNTRYRESPONSE_SCORE,2024,768,GDHM_CAT5_STANDARDS,GDHM_Q16,1.0,Phase 1
GDHM_SURVEY_CATEGORY_AVG,2024,768,GDHM_CAT5_STANDARDS,,1.0,Phase 1
GDHM_SURVEY_COUNTRYRESPONSE_SCORE,2024,768,GDHM_CAT6_INFRASTRUCTURE,GDHM_Q17,0.0,Not Available
GDHM_SURVEY_COUNTRYRESPONSE_SCORE,2024,768,GDHM_CAT6_INFRASTRUCTURE,GDHM_Q18,1.0,Phase 1
GDHM_SURVEY_CATEGORY_AVG,2024,768,GDHM_CAT6_INFRASTRUCTURE,,1.0,Phase 1
GDHM_SURVEY_COUNTRYRESPONSE_SCORE,2024,768,GDHM_CAT7_SERV_APP,GDHM_Q19,2.0,Phase 2
GDHM_SURVEY_COUNTRYRESPONSE_SCORE,2024,768,GDHM_CAT7_SERV_APP,GDHM_Q20,1.0,Phase 1
GDHM_SURVEY_COUNTRYRESPONSE_SCORE,2024,768,GDHM_CAT7_SERV_APP,GDHM_Q21,1.0,Phase 1
GDHM_SURVEY_COUNTRYRESPONSE_SCORE,2024,768,GDHM_CAT7_SERV_APP,GDHM_Q21a,1.0,Phase 1
GDHM_SURVEY_COUNTRYRESPONSE_SCORE,2024,768,GDHM_CAT7_SERV_APP,GDHM_Q21b,1.0,Phase 1
GDHM_SURVEY_COUNTRYRESPONSE_SCORE,2024,768,GDHM_CAT7_SERV_APP,GDHM_Q21c,1.0,Phase 1
GDHM_SURVEY_COUNTRYRESPONSE_SCORE,2024,768,GDHM_CAT7_SERV_APP,GDHM_Q22,1.0,Phase 1
GDHM_SURVEY_COUNTRYRESPONSE_SCORE,2024,768,GDHM_CAT7_SERV_APP,GDHM_Q23,2.0,Phase 2
GDHM_SURVEY_CATEGORY_AVG,2024,768,GDHM_CAT7_SERV_APP,,2.0,Phase 2
GDHM_SURVEY_COUNTRYRESPONSE_SCORE,2024,800,GDHM_CAT1_LEAD_GOV,GDHM_Q01,1.0,Phase 1
GDHM_SURVEY_COUNTRYRESPONSE_SCORE,2024,800,GDHM_CAT1_LEAD_GOV,GDHM_Q02,3.0,Phase 3
GDHM_SURVEY_COUNTRYRESPONSE_SCORE,2024,800,GDHM_CAT1_LEAD_GOV,GDHM_Q02a,3.0,Phase 3
GDHM_SURVEY_COUNTRYRESPONSE_SCORE,2024,800,GDHM_CAT1_LEAD_GOV,GDHM_Q03,3.0,Phase 3
GDHM_SURVEY_COUNTRYRESPONSE_SCORE,2024,800,GDHM_CAT1_LEAD_GOV,GDHM_Q04,5.0,Phase 5
GDHM_SURVEY_COUNTRYRESPONSE_SCORE,2024,800,GDHM_CAT1_LEAD_GOV,GDHM_Q04a,3.0,Phase 3
GDHM_SURVEY_CATEGORY_AVG,2024,800,GDHM_CAT1_LEAD_GOV,,3.0,Phase 3
GDHM_SURVEY_COUNTRYRESPONSE_SCORE,2024,800,GDHM_CAT2_STRAT_INV,GDHM_Q05,2.0,Phase 2
GDHM_SURVEY_COUNTRYRESPONSE_SCORE,2024,800,GDHM_CAT2_STRAT_INV,GDHM_Q05a,3.0,Phase 3
GDHM_SURVEY_COUNTRYRESPONSE_SCORE,2024,800,GDHM_CAT2_STRAT_INV,GDHM_Q06,3.0,Phase 3
GDHM_SURVEY_COUNTRYRESPONSE_SCORE,2024,800,GDHM_CAT2_STRAT_INV,GDHM_Q06a,5.0,Phase 5
GDHM_SURVEY_CATEGORY_AVG,2024,800,GDHM_CAT2_STRAT_INV,,3.0,Phase 3
GDHM_SURVEY_COUNTRYRESPONSE_SCORE,2024,800,GDHM_CAT3_LEG,GDHM_Q07,2.0,Phase 2
GDHM_SURVEY_COUNTRYRESPONSE_SCORE,2024,800,GDHM_CAT3_LEG,GDHM_Q08,2.0,Phase 2
GDHM_SURVEY_COUNTRYRESPONSE_SCORE,2024,800,GDHM_CAT3_LEG,GDHM_Q09,2.0,Phase 2
GDHM_SURVEY_COUNTRYRESPONSE_SCORE,2024,800,GDHM_CAT3_LEG,GDHM_Q09a,2.0,Phase 2
GDHM_SURVEY_COUNTRYRESPONSE_SCORE,2024,800,GDHM_CAT3_LEG,GDHM_Q10,4.0,Phase 4
GDHM_SURVEY_CATEGORY_AVG,2024,800,GDHM_CAT3_LEG,,3.0,Phase 3
GDHM_SURVEY_COUNTRYRESPONSE_SCORE,2024,800,GDHM_CAT4_WORKFORCE,GDHM_Q11,2.0,Phase 2
GDHM_SURVEY_COUNTRYRESPONSE_SCORE,2024,800,GDHM_CAT4_WORKFORCE,GDHM_Q12,2.0,Phase 2
GDHM_SURVEY_COUNTRYRESPONSE_SCORE,2024,800,GDHM_CAT4_WORKFORCE,GDHM_Q13,4.0,Phase 4
GDHM_SURVEY_COUNTRYRESPONSE_SCORE,2024,800,GDHM_CAT4_WORKFORCE,GDHM_Q14,2.0,Phase 2
GDHM_SURVEY_CATEGORY_AVG,2024,800,GDHM_CAT4_WORKFORCE,,3.0,Phase 3
GDHM_SURVEY_COUNTRYRESPONSE_SCORE,2024,800,GDHM_CAT5_STANDARDS,GDHM_Q15,3.0,Phase 3
GDHM_SURVEY_COUNTRYRESPONSE_SCORE,2024,800,GDHM_CAT5_STANDARDS,GDHM_Q16,3.0,Phase 3
GDHM_SURVEY_CATEGORY_AVG,2024,800,GDHM_CAT5_STANDARDS,,3.0,Phase 3
GDHM_SURVEY_COUNTRYRESPONSE_SCORE,2024,800,GDHM_CAT6_INFRASTRUCTURE,GDHM_Q17,4.0,Phase 4
GDHM_SURVEY_COUNTRYRESPONSE_SCORE,2024,800,GDHM_CAT6_INFRASTRUCTURE,GDHM_Q18,2.0,Phase 2
GDHM_SURVEY_CATEGORY_AVG,2024,800,GDHM_CAT6_INFRASTRUCTURE,,3.0,Phase 3
GDHM_SURVEY_COUNTRYRESPONSE_SCORE,2024,800,GDHM_CAT7_SERV_APP,GDHM_Q19,2.0,Phase 2
GDHM_SURVEY_COUNTRYRESPONSE_SCORE,2024,800,GDHM_CAT7_SERV_APP,GDHM_Q20,3.0,Phase 3
GDHM_SURVEY_COUNTRYRESPONSE_SCORE,2024,800,GDHM_CAT7_SERV_APP,GDHM_Q21,3.0,Phase 3
GDHM_SURVEY_COUNTRYRESPONSE_SCORE,2024,800,GDHM_CAT7_SERV_APP,GDHM_Q21a,3.0,Phase 3
GDHM_SURVEY_COUNTRYRESPONSE_SCORE,2024,800,GDHM_CAT7_SERV_APP,GDHM_Q21b,2.0,Phase 2
GDHM_SURVEY_COUNTRYRESPONSE_SCORE,2024,800,GDHM_CAT7_SERV_APP,GDHM_Q21c,1.0,Phase 1
GDHM_SURVEY_COUNTRYRESPONSE_SCORE,2024,800,GDHM_CAT7_SERV_APP,GDHM_Q22,2.0,Phase 2
GDHM_SURVEY_COUNTRYRESPONSE_SCORE,2024,800,GDHM_CAT7_SERV_APP,GDHM_Q23,2.0,Phase 2
GDHM_SURVEY_CATEGORY_AVG,2024,800,GDHM_CAT7_SERV_APP,,3.0,Phase 3
GDHM_SURVEY_COUNTRYRESPONSE_SCORE,2024,894,GDHM_CAT1_LEAD_GOV,GDHM_Q01,4.0,Phase 4
GDHM_SURVEY_COUNTRYRESPONSE_SCORE,2024,894,GDHM_CAT1_LEAD_GOV,GDHM_Q02,4.0,Phase 4
GDHM_SURVEY_COUNTRYRESPONSE_SCORE,2024,894,GDHM_CAT1_LEAD_GOV,GDHM_Q02a,3.0,Phase 3
GDHM_SURVEY_COUNTRYRESPONSE_SCORE,2024,894,GDHM_CAT1_LEAD_GOV,GDHM_Q03,1.0,Phase 1
GDHM_SURVEY_COUNTRYRESPONSE_SCORE,2024,894,GDHM_CAT1_LEAD_GOV,GDHM_Q04,3.0,Phase 3
GDHM_SURVEY_COUNTRYRESPONSE_SCORE,2024,894,GDHM_CAT1_LEAD_GOV,GDHM_Q04a,2.0,Phase 2
GDHM_SURVEY_CATEGORY_AVG,2024,894,GDHM_CAT1_LEAD_GOV,,3.0,Phase 3
GDHM_SURVEY_COUNTRYRESPONSE_SCORE,2024,894,GDHM_CAT2_STRAT_INV,GDHM_Q05,3.0,Phase 3
GDHM_SURVEY_COUNTRYRESPONSE_SCORE,2024,894,GDHM_CAT2_STRAT_INV,GDHM_Q05a,3.0,Phase 3
GDHM_SURVEY_COUNTRYRESPONSE_SCORE,2024,894,GDHM_CAT2_STRAT_INV,GDHM_Q06,4.0,Phase 4
GDHM_SURVEY_COUNTRYRESPONSE_SCORE,2024,894,GDHM_CAT2_STRAT_INV,GDHM_Q06a,2.0,Phase 2
GDHM_SURVEY_CATEGORY_AVG,2024,894,GDHM_CAT2_STRAT_INV,,4.0,Phase 4
GDHM_SURVEY_COUNTRYRESPONSE_SCORE,2024,894,GDHM_CAT3_LEG,GDHM_Q07,4.0,Phase 4
GDHM_SURVEY_COUNTRYRESPONSE_SCORE,2024,894,GDHM_CAT3_LEG,GDHM_Q08,4.0,Phase 4
GDHM_SURVEY_COUNTRYRESPONSE_SCORE,2024,894,GDHM_CAT3_LEG,GDHM_Q09,2.0,Phase 2
GDHM_SURVEY_COUNTRYRESPONSE_SCORE,2024,894,GDHM_CAT3_LEG,GDHM_Q09a,1.0,Phase 1
GDHM_SURVEY_COUNTRYRESPONSE_SCORE,2024,894,GDHM_CAT3_LEG,GDHM_Q10,1.0,Phase 1
GDHM_SURVEY_CATEGORY_AVG,2024,894,GDHM_CAT3_LEG,,3.0,Phase 3
GDHM_SURVEY_COUNTRYRESPONSE_SCORE,2024,894,GDHM_CAT4_WORKFORCE,GDHM_Q11,2.0,Phase 2
GDHM_SURVEY_COUNTRYRESPONSE_SCORE,2024,894,GDHM_CAT4_WORKFORCE,GDHM_Q12,2.0,Phase 2
GDHM_SURVEY_COUNTRYRESPONSE_SCORE,2024,894,GDHM_CAT4_WORKFORCE,GDHM_Q13,2.0,Phase 2
GDHM_SURVEY_COUNTRYRESPONSE_SCORE,2024,894,GDHM_CAT4_WORKFORCE,GDHM_Q14,2.0,Phase 2
GDHM_SURVEY_CATEGORY_AVG,2024,894,GDHM_CAT4_WORKFORCE,,2.0,Phase 2
GDHM_SURVEY_COUNTRYRESPONSE_SCORE,2024,894,GDHM_CAT5_STANDARDS,GDHM_Q15,3.0,Phase 3
GDHM_SURVEY_COUNTRYRESPONSE_SCORE,2024,894,GDHM_CAT5_STANDARDS,GDHM_Q16,3.0,Phase 3
GDHM_SURVEY_CATEGORY_AVG,2024,894,GDHM_CAT5_STANDARDS,,3.0,Phase 3
GDHM_SURVEY_COUNTRYRESPONSE_SCORE,2024,894,GDHM_CAT6_INFRASTRUCTURE,GDHM_Q17,2.0,Phase 2
GDHM_SURVEY_COUNTRYRESPONSE_SCORE,2024,894,GDHM_CAT6_INFRASTRUCTURE,GDHM_Q18,3.0,Phase 3
GDHM_SURVEY_CATEGORY_AVG,2024,894,GDHM_CAT6_INFRASTRUCTURE,,3.0,Phase 3
GDHM_SURVEY_COUNTRYRESPONSE_SCORE,2024,894,GDHM_CAT7_SERV_APP,GDHM_Q19,3.0,Phase 3
GDHM_SURVEY_COUNTRYRESPONSE_SCORE,2024,894,GDHM_CAT7_SERV_APP,GDHM_Q20,3.0,Phase 3
GDHM_SURVEY_COUNTRYRESPONSE_SCORE,2024,894,GDHM_CAT7_SERV_APP,GDHM_Q21,1.0,Phase 1
GDHM_SURVEY_COUNTRYRESPONSE_SCORE,2024,894,GDHM_CAT7_SERV_APP,GDHM_Q21a,1.0,Phase 1
GDHM_SURVEY_COUNTRYRESPONSE_SCORE,2024,894,GDHM_CAT7_SERV_APP,GDHM_Q21b,2.0,Phase 2
GDHM_SURVEY_COUNTRYRESPONSE_SCORE,2024,894,GDHM_CAT7_SERV_APP,GDHM_Q21c,2.0,Phase 2
GDHM_SURVEY_COUNTRYRESPONSE_SCORE,2024,894,GDHM_CAT7_SERV_APP,GDHM_Q22,2.0,Phase 2
GDHM_SURVEY_COUNTRYRESPONSE_SCORE,2024,894,GDHM_CAT7_SERV_APP,GDHM_Q23,3.0,Phase 3
GDHM_SURVEY_CATEGORY_AVG,2024,894,GDHM_CAT7_SERV_APP,,3.0,Phase 3
GDHM_SURVEY_COUNTRYRESPONSE_SCORE,2024,716,GDHM_CAT1_LEAD_GOV,GDHM_Q01,4.0,Phase 4
GDHM_SURVEY_COUNTRYRESPONSE_SCORE,2024,716,GDHM_CAT1_LEAD_GOV,GDHM_Q02,4.0,Phase 4
GDHM_SURVEY_COUNTRYRESPONSE_SCORE,2024,716,GDHM_CAT1_LEAD_GOV,GDHM_Q02a,4.0,Phase 4
GDHM_SURVEY_COUNTRYRESPONSE_SCORE,2024,716,GDHM_CAT1_LEAD_GOV,GDHM_Q03,3.0,Phase 3
GDHM_SURVEY_COUNTRYRESPONSE_SCORE,2024,716,GDHM_CAT1_LEAD_GOV,GDHM_Q04,4.0,Phase 4
GDHM_SURVEY_COUNTRYRESPONSE_SCORE,2024,716,GDHM_CAT1_LEAD_GOV,GDHM_Q04a,3.0,Phase 3
GDHM_SURVEY_CATEGORY_AVG,2024,716,GDHM_CAT1_LEAD_GOV,,4.0,Phase 4
GDHM_SURVEY_COUNTRYRESPONSE_SCORE,2024,716,GDHM_CAT2_STRAT_INV,GDHM_Q05,4.0,Phase 4
GDHM_SURVEY_COUNTRYRESPONSE_SCORE,2024,716,GDHM_CAT2_STRAT_INV,GDHM_Q05a,4.0,Phase 4
GDHM_SURVEY_COUNTRYRESPONSE_SCORE,2024,716,GDHM_CAT2_STRAT_INV,GDHM_Q06,2.0,Phase 2
GDHM_SURVEY_COUNTRYRESPONSE_SCORE,2024,716,GDHM_CAT2_STRAT_INV,GDHM_Q06a,2.0,Phase 2
GDHM_SURVEY_CATEGORY_AVG,2024,716,GDHM_CAT2_STRAT_INV,,3.0,Phase 3
GDHM_SURVEY_COUNTRYRESPONSE_SCORE,2024,716,GDHM_CAT3_LEG,GDHM_Q07,3.0,Phase 3
GDHM_SURVEY_COUNTRYRESPONSE_SCORE,2024,716,GDHM_CAT3_LEG,GDHM_Q08,3.0,Phase 3
GDHM_SURVEY_COUNTRYRESPONSE_SCORE,2024,716,GDHM_CAT3_LEG,GDHM_Q09,1.0,Phase 1
GDHM_SURVEY_COUNTRYRESPONSE_SCORE,2024,716,GDHM_CAT3_LEG,GDHM_Q09a,1.0,Phase 1
GDHM_SURVEY_COUNTRYRESPONSE_SCORE,2024,716,GDHM_CAT3_LEG,GDHM_Q10,1.0,Phase 1
GDHM_SURVEY_CATEGORY_AVG,2024,716,GDHM_CAT3_LEG,,2.0,Phase 2
GDHM_SURVEY_COUNTRYRESPONSE_SCORE,2024,716,GDHM_CAT4_WORKFORCE,GDHM_Q11,3.0,Phase 3
GDHM_SURVEY_COUNTRYRESPONSE_SCORE,2024,716,GDHM_CAT4_WORKFORCE,GDHM_Q12,4.0,Phase 4
GDHM_SURVEY_COUNTRYRESPONSE_SCORE,2024,716,GDHM_CAT4_WORKFORCE,GDHM_Q13,4.0,Phase 4
GDHM_SURVEY_COUNTRYRESPONSE_SCORE,2024,716,GDHM_CAT4_WORKFORCE,GDHM_Q14,1.0,Phase 1
GDHM_SURVEY_CATEGORY_AVG,2024,716,GDHM_CAT4_WORKFORCE,,3.0,Phase 3
GDHM_SURVEY_COUNTRYRESPONSE_SCORE,2024,716,GDHM_CAT5_STANDARDS,GDHM_Q15,2.0,Phase 2
GDHM_SURVEY_COUNTRYRESPONSE_SCORE,2024,716,GDHM_CAT5_STANDARDS,GDHM_Q16,2.0,Phase 2
GDHM_SURVEY_CATEGORY_AVG,2024,716,GDHM_CAT5_STANDARDS,,2.0,Phase 2
GDHM_SURVEY_COUNTRYRESPONSE_SCORE,2024,716,GDHM_CAT6_INFRASTRUCTURE,GDHM_Q17,3.0,Phase 3
GDHM_SURVEY_COUNTRYRESPONSE_SCORE,2024,716,GDHM_CAT6_INFRASTRUCTURE,GDHM_Q18,3.0,Phase 3
GDHM_SURVEY_CATEGORY_AVG,2024,716,GDHM_CAT6_INFRASTRUCTURE,,3.0,Phase 3
GDHM_SURVEY_COUNTRYRESPONSE_SCORE,2024,716,GDHM_CAT7_SERV_APP,GDHM_Q19,3.0,Phase 3
GDHM_SURVEY_COUNTRYRESPONSE_SCORE,2024,716,GDHM_CAT7_SERV_APP,GDHM_Q20,1.0,Phase 1
GDHM_SURVEY_COUNTRYRESPONSE_SCORE,2024,716,GDHM_CAT7_SERV_APP,GDHM_Q21,1.0,Phase 1
GDHM_SURVEY_COUNTRYRESPONSE_SCORE,2024,716,GDHM_CAT7_SERV_APP,GDHM_Q21a,1.0,Phase 1
GDHM_SURVEY_COUNTRYRESPONSE_SCORE,2024,716,GDHM_CAT7_SERV_APP,GDHM_Q21b,1.0,Phase 1
GDHM_SURVEY_COUNTRYRESPONSE_SCORE,2024,716,GDHM_CAT7_SERV_APP,GDHM_Q21c,1.0,Phase 1
GDHM_SURVEY_COUNTRYRESPONSE_SCORE,2024,716,GDHM_CAT7_SERV_APP,GDHM_Q22,1.0,Phase 1
GDHM_SURVEY_COUNTRYRESPONSE_SCORE,2024,716,GDHM_CAT7_SERV_APP,GDHM_Q23,4.0,Phase 4
GDHM_SURVEY_CATEGORY_AVG,2024,716,GDHM_CAT7_SERV_APP,,2.0,Phase 2
GDHM_SURVEY_OVERALL_AVG,2019,911,,,3.0,Phase 3
GDHM_SURVEY_OVERALL_AVG,2019,912,,,3.0,Phase 3
GDHM_SURVEY_OVERALL_AVG,2019,914,,,2.0,Phase 2
GDHM_SURVEY_OVERALL_AVG,2019,910,,,4.0,Phase 4
GDHM_SURVEY_OVERALL_AVG,2023,911,,,3.0,Phase 3
GDHM_SURVEY_OVERALL_AVG,2023,912,,,3.0,Phase 3
GDHM_SURVEY_OVERALL_AVG,2023,914,,,3.0,Phase 3
GDHM_SURVEY_OVERALL_AVG,2023,910,,,4.0,Phase 4
GDHM_SURVEY_OVERALL_AVG,2024,911,,,3.0,Phase 3
GDHM_SURVEY_OVERALL_AVG,2024,912,,,3.0,Phase 3
GDHM_SURVEY_OVERALL_AVG,2024,914,,,2.0,Phase 2
GDHM_SURVEY_OVERALL_AVG,2024,910,,,4.0,Phase 4
GDHM_SURVEY_OVERALL_AVG,2019,957,,,3.0,Phase 3
GDHM_SURVEY_OVERALL_AVG,2019,956,,,4.0,Phase 4
GDHM_SURVEY_OVERALL_AVG,2019,955,,,3.0,Phase 3
GDHM_SURVEY_OVERALL_AVG,2019,954,,,3.0,Phase 3
GDHM_SURVEY_OVERALL_AVG,2019,958,,,3.0,Phase 3
GDHM_SURVEY_OVERALL_AVG,2019,953,,,3.0,Phase 3
GDHM_SURVEY_OVERALL_AVG,2023,958,,,3.0,Phase 3
GDHM_SURVEY_OVERALL_AVG,2023,954,,,3.0,Phase 3
GDHM_SURVEY_OVERALL_AVG,2023,953,,,3.0,Phase 3
GDHM_SURVEY_OVERALL_AVG,2023,955,,,3.0,Phase 3
GDHM_SURVEY_OVERALL_AVG,2023,957,,,3.0,Phase 3
GDHM_SURVEY_OVERALL_AVG,2023,956,,,4.0,Phase 4
GDHM_SURVEY_OVERALL_AVG,2024,953,,,3.0,Phase 3
GDHM_SURVEY_COUNTRYRESPONSE_SCORE,2024,050,GDHM_CAT7_SERV_APP,GDHM_Q21a,1.0,Phase 1
GDHM_SURVEY_COUNTRYRESPONSE_SCORE,2024,050,GDHM_CAT7_SERV_APP,GDHM_Q21b,5.0,Phase 5
GDHM_SURVEY_COUNTRYRESPONSE_SCORE,2024,050,GDHM_CAT7_SERV_APP,GDHM_Q21c,5.0,Phase 5
GDHM_SURVEY_COUNTRYRESPONSE_SCORE,2024,050,GDHM_CAT7_SERV_APP,GDHM_Q22,5.0,Phase 5
GDHM_SURVEY_COUNTRYRESPONSE_SCORE,2024,050,GDHM_CAT7_SERV_APP,GDHM_Q23,5.0,Phase 5
GDHM_SURVEY_CATEGORY_AVG,2024,050,GDHM_CAT7_SERV_APP,,5.0,Phase 5
GDHM_SURVEY_COUNTRYRESPONSE_SCORE,2024,204,GDHM_CAT1_LEAD_GOV,GDHM_Q01,2.0,Phase 2
GDHM_SURVEY_COUNTRYRESPONSE_SCORE,2024,204,GDHM_CAT1_LEAD_GOV,GDHM_Q02,4.0,Phase 4
GDHM_SURVEY_COUNTRYRESPONSE_SCORE,2024,204,GDHM_CAT1_LEAD_GOV,GDHM_Q02a,2.0,Phase 2
GDHM_SURVEY_COUNTRYRESPONSE_SCORE,2024,204,GDHM_CAT1_LEAD_GOV,GDHM_Q03,3.0,Phase 3
GDHM_SURVEY_COUNTRYRESPONSE_SCORE,2024,204,GDHM_CAT1_LEAD_GOV,GDHM_Q04,3.0,Phase 3
GDHM_SURVEY_COUNTRYRESPONSE_SCORE,2024,204,GDHM_CAT1_LEAD_GOV,GDHM_Q04a,2.0,Phase 2
GDHM_SURVEY_CATEGORY_AVG,2024,204,GDHM_CAT1_LEAD_GOV,,3.0,Phase 3
GDHM_SURVEY_COUNTRYRESPONSE_SCORE,2024,204,GDHM_CAT2_STRAT_INV,GDHM_Q05,4.0,Phase 4
GDHM_SURVEY_COUNTRYRESPONSE_SCORE,2024,204,GDHM_CAT2_STRAT_INV,GDHM_Q05a,5.0,Phase 5
GDHM_SURVEY_COUNTRYRESPONSE_SCORE,2024,204,GDHM_CAT2_STRAT_INV,GDHM_Q06,3.0,Phase 3
GDHM_SURVEY_COUNTRYRESPONSE_SCORE,2024,204,GDHM_CAT2_STRAT_INV,GDHM_Q06a,1.0,Phase 1
GDHM_SURVEY_CATEGORY_AVG,2024,204,GDHM_CAT2_STRAT_INV,,4.0,Phase 4
GDHM_SURVEY_COUNTRYRESPONSE_SCORE,2024,204,GDHM_CAT3_LEG,GDHM_Q07,5.0,Phase 5
GDHM_SURVEY_COUNTRYRESPONSE_SCORE,2024,204,GDHM_CAT3_LEG,GDHM_Q08,5.0,Phase 5
GDHM_SURVEY_COUNTRYRESPONSE_SCORE,2024,204,GDHM_CAT3_LEG,GDHM_Q09,1.0,Phase 1
GDHM_SURVEY_COUNTRYRESPONSE_SCORE,2024,204,GDHM_CAT3_LEG,GDHM_Q09a,1.0,Phase 1
GDHM_SURVEY_COUNTRYRESPONSE_SCORE,2024,204,GDHM_CAT3_LEG,GDHM_Q10,5.0,Phase 5
GDHM_SURVEY_CATEGORY_AVG,2024,204,GDHM_CAT3_LEG,,4.0,Phase 4
GDHM_SURVEY_COUNTRYRESPONSE_SCORE,2024,204,GDHM_CAT4_WORKFORCE,GDHM_Q11,1.0,Phase 1
GDHM_SURVEY_COUNTRYRESPONSE_SCORE,2024,204,GDHM_CAT4_WORKFORCE,GDHM_Q12,3.0,Phase 3
GDHM_SURVEY_COUNTRYRESPONSE_SCORE,2024,204,GDHM_CAT4_WORKFORCE,GDHM_Q13,1.0,Phase 1
GDHM_SURVEY_COUNTRYRESPONSE_SCORE,2024,204,GDHM_CAT4_WORKFORCE,GDHM_Q14,1.0,Phase 1
GDHM_SURVEY_CATEGORY_AVG,2024,204,GDHM_CAT4_WORKFORCE,,2.0,Phase 2
GDHM_SURVEY_COUNTRYRESPONSE_SCORE,2024,204,GDHM_CAT5_STANDARDS,GDHM_Q15,2.0,Phase 2
GDHM_SURVEY_COUNTRYRESPONSE_SCORE,2024,204,GDHM_CAT5_STANDARDS,GDHM_Q16,5.0,Phase 5
GDHM_SURVEY_CATEGORY_AVG,2024,204,GDHM_CAT5_STANDARDS,,4.0,Phase 4
GDHM_SURVEY_COUNTRYRESPONSE_SCORE,2024,204,GDHM_CAT6_INFRASTRUCTURE,GDHM_Q17,3.0,Phase 3
GDHM_SURVEY_COUNTRYRESPONSE_SCORE,2024,204,GDHM_CAT6_INFRASTRUCTURE,GDHM_Q18,2.0,Phase 2
GDHM_SURVEY_CATEGORY_AVG,2024,204,GDHM_CAT6_INFRASTRUCTURE,,3.0,Phase 3
GDHM_SURVEY_COUNTRYRESPONSE_SCORE,2024,204,GDHM_CAT7_SERV_APP,GDHM_Q19,2.0,Phase 2
GDHM_SURVEY_COUNTRYRESPONSE_SCORE,2024,204,GDHM_CAT7_SERV_APP,GDHM_Q20,3.0,Phase 3
GDHM_SURVEY_COUNTRYRESPONSE_SCORE,2024,204,GDHM_CAT7_SERV_APP,GDHM_Q21,1.0,Phase 1
GDHM_SURVEY_COUNTRYRESPONSE_SCORE,2024,204,GDHM_CAT7_SERV_APP,GDHM_Q21a,1.0,Phase 1
GDHM_SURVEY_COUNTRYRESPONSE_SCORE,2024,204,GDHM_CAT7_SERV_APP,GDHM_Q21b,5.0,Phase 5
GDHM_SURVEY_COUNTRYRESPONSE_SCORE,2024,204,GDHM_CAT7_SERV_APP,GDHM_Q21c,5.0,Phase 5
GDHM_SURVEY_COUNTRYRESPONSE_SCORE,2024,204,GDHM_CAT7_SERV_APP,GDHM_Q22,3.0,Phase 3
GDHM_SURVEY_COUNTRYRESPONSE_SCORE,2024,204,GDHM_CAT7_SERV_APP,GDHM_Q23,4.0,Phase 4
GDHM_SURVEY_CATEGORY_AVG,2024,204,GDHM_CAT7_SERV_APP,,3.0,Phase 3
GDHM_SURVEY_COUNTRYRESPONSE_SCORE,2024,108,GDHM_CAT1_LEAD_GOV,GDHM_Q01,4.0,Phase 4
GDHM_SURVEY_COUNTRYRESPONSE_SCORE,2024,108,GDHM_CAT1_LEAD_GOV,GDHM_Q02,5.0,Phase 5
GDHM_SURVEY_COUNTRYRESPONSE_SCORE,2024,108,GDHM_CAT1_LEAD_GOV,GDHM_Q02a,5.0,Phase 5
GDHM_SURVEY_COUNTRYRESPONSE_SCORE,2024,108,GDHM_CAT1_LEAD_GOV,GDHM_Q03,1.0,Phase 1
GDHM_SURVEY_COUNTRYRESPONSE_SCORE,2024,108,GDHM_CAT1_LEAD_GOV,GDHM_Q04,0.0,Not Available
GDHM_SURVEY_COUNTRYRESPONSE_SCORE,2024,108,GDHM_CAT1_LEAD_GOV,GDHM_Q04a,4.0,Phase 4
GDHM_SURVEY_CATEGORY_AVG,2024,108,GDHM_CAT1_LEAD_GOV,,4.0,Phase 4
GDHM_SURVEY_COUNTRYRESPONSE_SCORE,2024,108,GDHM_CAT2_STRAT_INV,GDHM_Q05,5.0,Phase 5
GDHM_SURVEY_COUNTRYRESPONSE_SCORE,2024,108,GDHM_CAT2_STRAT_INV,GDHM_Q05a,5.0,Phase 5
GDHM_SURVEY_COUNTRYRESPONSE_SCORE,2024,108,GDHM_CAT2_STRAT_INV,GDHM_Q06,3.0,Phase 3
GDHM_SURVEY_COUNTRYRESPONSE_SCORE,2024,108,GDHM_CAT2_STRAT_INV,GDHM_Q06a,2.0,Phase 2
GDHM_SURVEY_CATEGORY_AVG,2024,108,GDHM_CAT2_STRAT_INV,,4.0,Phase 4
GDHM_SURVEY_COUNTRYRESPONSE_SCORE,2024,108,GDHM_CAT3_LEG,GDHM_Q07,3.0,Phase 3
GDHM_SURVEY_COUNTRYRESPONSE_SCORE,2024,108,GDHM_CAT3_LEG,GDHM_Q08,1.0,Phase 1
GDHM_SURVEY_COUNTRYRESPONSE_SCORE,2024,108,GDHM_CAT3_LEG,GDHM_Q09,1.0,Phase 1
GDHM_SURVEY_COUNTRYRESPONSE_SCORE,2024,108,GDHM_CAT3_LEG,GDHM_Q09a,1.0,Phase 1
GDHM_SURVEY_COUNTRYRESPONSE_SCORE,2024,108,GDHM_CAT3_LEG,GDHM_Q10,1.0,Phase 1
GDHM_SURVEY_CATEGORY_AVG,2024,108,GDHM_CAT3_LEG,,2.0,Phase 2
GDHM_SURVEY_COUNTRYRESPONSE_SCORE,2024,108,GDHM_CAT4_WORKFORCE,GDHM_Q11,2.0,Phase 2
GDHM_SURVEY_COUNTRYRESPONSE_SCORE,2024,108,GDHM_CAT4_WORKFORCE,GDHM_Q12,2.0,Phase 2
GDHM_SURVEY_COUNTRYRESPONSE_SCORE,2024,108,GDHM_CAT4_WORKFORCE,GDHM_Q13,4.0,Phase 4
GDHM_SURVEY_COUNTRYRESPONSE_SCORE,2024,108,GDHM_CAT4_WORKFORCE,GDHM_Q14,1.0,Phase 1
GDHM_SURVEY_CATEGORY_AVG,2024,108,GDHM_CAT4_WORKFORCE,,3.0,Phase 3
GDHM_SURVEY_COUNTRYRESPONSE_SCORE,2024,108,GDHM_CAT5_STANDARDS,GDHM_Q15,2.0,Phase 2
GDHM_SURVEY_COUNTRYRESPONSE_SCORE,2024,108,GDHM_CAT5_STANDARDS,GDHM_Q16,1.0,Phase 1
GDHM_SURVEY_CATEGORY_AVG,2024,108,GDHM_CAT5_STANDARDS,,2.0,Phase 2
GDHM_SURVEY_COUNTRYRESPONSE_SCORE,2024,108,GDHM_CAT6_INFRASTRUCTURE,GDHM_Q17,0.0,Not Available
GDHM_SURVEY_COUNTRYRESPONSE_SCORE,2024,108,GDHM_CAT6_INFRASTRUCTURE,GDHM_Q18,1.0,Phase 1
GDHM_SURVEY_CATEGORY_AVG,2024,108,GDHM_CAT6_INFRASTRUCTURE,,1.0,Phase 1
GDHM_SURVEY_COUNTRYRESPONSE_SCORE,2024,108,GDHM_CAT7_SERV_APP,GDHM_Q19,2.0,Phase 2
GDHM_SURVEY_COUNTRYRESPONSE_SCORE,2024,108,GDHM_CAT7_SERV_APP,GDHM_Q20,2.0,Phase 2
GDHM_SURVEY_COUNTRYRESPONSE_SCORE,2024,108,GDHM_CAT7_SERV_APP,GDHM_Q21,2.0,Phase 2
GDHM_SURVEY_COUNTRYRESPONSE_SCORE,2024,108,GDHM_CAT7_SERV_APP,GDHM_Q21a,1.0,Phase 1
GDHM_SURVEY_COUNTRYRESPONSE_SCORE,2024,108,GDHM_CAT7_SERV_APP,GDHM_Q21b,1.0,Phase 1
GDHM_SURVEY_COUNTRYRESPONSE_SCORE,2024,108,GDHM_CAT7_SERV_APP,GDHM_Q21c,1.0,Phase 1
GDHM_SURVEY_COUNTRYRESPONSE_SCORE,2024,108,GDHM_CAT7_SERV_APP,GDHM_Q22,1.0,Phase 1
GDHM_SURVEY_COUNTRYRESPONSE_SCORE,2024,108,GDHM_CAT7_SERV_APP,GDHM_Q23,5.0,Phase 5
GDHM_SURVEY_CATEGORY_AVG,2024,108,GDHM_CAT7_SERV_APP,,3.0,Phase 3
GDHM_SURVEY_COUNTRYRESPONSE_SCORE,2024,120,GDHM_CAT1_LEAD_GOV,GDHM_Q01,4.0,Phase 4
GDHM_SURVEY_COUNTRYRESPONSE_SCORE,2024,120,GDHM_CAT1_LEAD_GOV,GDHM_Q02,5.0,Phase 5
GDHM_SURVEY_COUNTRYRESPONSE_SCORE,2024,120,GDHM_CAT1_LEAD_GOV,GDHM_Q02a,5.0,Phase 5
GDHM_SURVEY_COUNTRYRESPONSE_SCORE,2024,120,GDHM_CAT1_LEAD_GOV,GDHM_Q03,1.0,Phase 1
GDHM_SURVEY_COUNTRYRESPONSE_SCORE,2024,120,GDHM_CAT1_LEAD_GOV,GDHM_Q04,0.0,Not Available
GDHM_SURVEY_COUNTRYRESPONSE_SCORE,2024,120,GDHM_CAT1_LEAD_GOV,GDHM_Q04a,1.0,Phase 1
GDHM_SURVEY_CATEGORY_AVG,2024,120,GDHM_CAT1_LEAD_GOV,,4.0,Phase 4
GDHM_SURVEY_COUNTRYRESPONSE_SCORE,2024,120,GDHM_CAT2_STRAT_INV,GDHM_Q05,3.0,Phase 3
GDHM_SURVEY_COUNTRYRESPONSE_SCORE,2024,120,GDHM_CAT2_STRAT_INV,GDHM_Q05a,3.0,Phase 3
GDHM_SURVEY_COUNTRYRESPONSE_SCORE,2024,120,GDHM_CAT2_STRAT_INV,GDHM_Q06,2.0,Phase 2
GDHM_SURVEY_COUNTRYRESPONSE_SCORE,2024,120,GDHM_CAT2_STRAT_INV,GDHM_Q06a,2.0,Phase 2
GDHM_SURVEY_CATEGORY_AVG,2024,120,GDHM_CAT2_STRAT_INV,,3.0,Phase 3
GDHM_SURVEY_COUNTRYRESPONSE_SCORE,2024,120,GDHM_CAT3_LEG,GDHM_Q07,1.0,Phase 1
GDHM_SURVEY_COUNTRYRESPONSE_SCORE,2024,120,GDHM_CAT3_LEG,GDHM_Q08,1.0,Phase 1
GDHM_SURVEY_COUNTRYRESPONSE_SCORE,2024,120,GDHM_CAT3_LEG,GDHM_Q09,1.0,Phase 1
GDHM_SURVEY_COUNTRYRESPONSE_SCORE,2024,120,GDHM_CAT3_LEG,GDHM_Q09a,1.0,Phase 1
GDHM_SURVEY_COUNTRYRESPONSE_SCORE,2024,120,GDHM_CAT3_LEG,GDHM_Q10,1.0,Phase 1
GDHM_SURVEY_CATEGORY_AVG,2024,120,GDHM_CAT3_LEG,,1.0,Phase 1
GDHM_SURVEY_COUNTRYRESPONSE_SCORE,2024,120,GDHM_CAT4_WORKFORCE,GDHM_Q11,2.0,Phase 2
GDHM_SURVEY_COUNTRYRESPONSE_SCORE,2024,120,GDHM_CAT4_WORKFORCE,GDHM_Q12,2.0,Phase 2
GDHM_SURVEY_COUNTRYRESPONSE_SCORE,2024,120,GDHM_CAT4_WORKFORCE,GDHM_Q13,2.0,Phase 2
GDHM_SURVEY_COUNTRYRESPONSE_SCORE,2024,120,GDHM_CAT4_WORKFORCE,GDHM_Q14,0.0,Not Available
GDHM_SURVEY_CATEGORY_AVG,2024,120,GDHM_CAT4_WORKFORCE,,2.0,Phase 2
GDHM_SURVEY_COUNTRYRESPONSE_SCORE,2024,120,GDHM_CAT5_STANDARDS,GDHM_Q15,2.0,Phase 2
GDHM_SURVEY_COUNTRYRESPONSE_SCORE,2024,120,GDHM_CAT5_STANDARDS,GDHM_Q16,2.0,Phase 2
GDHM_SURVEY_CATEGORY_AVG,2024,120,GDHM_CAT5_STANDARDS,,2.0,Phase 2
GDHM_SURVEY_COUNTRYRESPONSE_SCORE,2024,120,GDHM_CAT6_INFRASTRUCTURE,GDHM_Q17,0.0,Not Available
GDHM_SURVEY_COUNTRYRESPONSE_SCORE,2024,120,GDHM_CAT6_INFRASTRUCTURE,GDHM_Q18,1.0,Phase 1
GDHM_SURVEY_CATEGORY_AVG,2024,120,GDHM_CAT6_INFRASTRUCTURE,,1.0,Phase 1
GDHM_SURVEY_COUNTRYRESPONSE_SCORE,2024,120,GDHM_CAT7_SERV_APP,GDHM_Q19,2.0,Phase 2
GDHM_SURVEY_COUNTRYRESPONSE_SCORE,2024,120,GDHM_CAT7_SERV_APP,GDHM_Q20,3.0,Phase 3
GDHM_SURVEY_COUNTRYRESPONSE_SCORE,2024,120,GDHM_CAT7_SERV_APP,GDHM_Q21,2.0,Phase 2
GDHM_SURVEY_COUNTRYRESPONSE_SCORE,2024,120,GDHM_CAT7_SERV_APP,GDHM_Q21a,1.0,Phase 1
GDHM_SURVEY_COUNTRYRESPONSE_SCORE,2024,120,GDHM_CAT7_SERV_APP,GDHM_Q21b,3.0,Phase 3
GDHM_SURVEY_COUNTRYRESPONSE_SCORE,2024,120,GDHM_CAT7_SERV_APP,GDHM_Q21c,1.0,Phase 1
GDHM_SURVEY_COUNTRYRESPONSE_SCORE,2024,120,GDHM_CAT7_SERV_APP,GDHM_Q22,1.0,Phase 1
GDHM_SURVEY_COUNTRYRESPONSE_SCORE,2024,120,GDHM_CAT7_SERV_APP,GDHM_Q23,3.0,Phase 3
GDHM_SURVEY_CATEGORY_AVG,2024,120,GDHM_CAT7_SERV_APP,,3.0,Phase 3
GDHM_SURVEY_COUNTRYRESPONSE_SCORE,2024,132,GDHM_CAT1_LEAD_GOV,GDHM_Q01,2.0,Phase 2
GDHM_SURVEY_COUNTRYRESPONSE_SCORE,2024,132,GDHM_CAT1_LEAD_GOV,GDHM_Q02,3.0,Phase 3
GDHM_SURVEY_COUNTRYRESPONSE_SCORE,2024,132,GDHM_CAT1_LEAD_GOV,GDHM_Q02a,1.0,Phase 1
GDHM_SURVEY_COUNTRYRESPONSE_SCORE,2024,132,GDHM_CAT1_LEAD_GOV,GDHM_Q03,1.0,Phase 1
GDHM_SURVEY_COUNTRYRESPONSE_SCORE,2024,132,GDHM_CAT1_LEAD_GOV,GDHM_Q04,2.0,Phase 2
GDHM_SURVEY_COUNTRYRESPONSE_SCORE,2024,132,GDHM_CAT1_LEAD_GOV,GDHM_Q04a,1.0,Phase 1
GDHM_SURVEY_CATEGORY_AVG,2024,132,GDHM_CAT1_LEAD_GOV,,2.0,Phase 2
GDHM_SURVEY_COUNTRYRESPONSE_SCORE,2024,132,GDHM_CAT2_STRAT_INV,GDHM_Q05,2.0,Phase 2
GDHM_SURVEY_COUNTRYRESPONSE_SCORE,2024,132,GDHM_CAT2_STRAT_INV,GDHM_Q05a,3.0,Phase 3
GDHM_SURVEY_COUNTRYRESPONSE_SCORE,2024,132,GDHM_CAT2_STRAT_INV,GDHM_Q06,3.0,Phase 3
GDHM_SURVEY_COUNTRYRESPONSE_SCORE,2024,132,GDHM_CAT2_STRAT_INV,GDHM_Q06a,2.0,Phase 2
GDHM_SURVEY_CATEGORY_AVG,2024,132,GDHM_CAT2_STRAT_INV,,3.0,Phase 3
GDHM_SURVEY_COUNTRYRESPONSE_SCORE,2024,132,GDHM_CAT3_LEG,GDHM_Q07,4.0,Phase 4
GDHM_SURVEY_COUNTRYRESPONSE_SCORE,2024,132,GDHM_CAT3_LEG,GDHM_Q08,4.0,Phase 4
GDHM_SURVEY_COUNTRYRESPONSE_SCORE,2024,132,GDHM_CAT3_LEG,GDHM_Q09,2.0,Phase 2
GDHM_SURVEY_COUNTRYRESPONSE_SCORE,2024,132,GDHM_CAT3_LEG,GDHM_Q09a,2.0,Phase 2
GDHM_SURVEY_COUNTRYRESPONSE_SCORE,2024,132,GDHM_CAT3_LEG,GDHM_Q10,2.0,Phase 2
GDHM_SURVEY_CATEGORY_AVG,2024,132,GDHM_CAT3_LEG,,3.0,Phase 3
GDHM_SURVEY_COUNTRYRESPONSE_SCORE,2024,132,GDHM_CAT4_WORKFORCE,GDHM_Q11,1.0,Phase 1
GDHM_SURVEY_COUNTRYRESPONSE_SCORE,2024,132,GDHM_CAT4_WORKFORCE,GDHM_Q12,1.0,Phase 1
GDHM_SURVEY_COUNTRYRESPONSE_SCORE,2024,132,GDHM_CAT4_WORKFORCE,GDHM_Q13,2.0,Phase 2
GDHM_SURVEY_COUNTRYRESPONSE_SCORE,2024,132,GDHM_CAT4_WORKFORCE,GDHM_Q14,1.0,Phase 1
GDHM_SURVEY_CATEGORY_AVG,2024,132,GDHM_CAT4_WORKFORCE,,2.0,Phase 2
GDHM_SURVEY_COUNTRYRESPONSE_SCORE,2024,132,GDHM_CAT5_STANDARDS,GDHM_Q15,2.0,Phase 2
GDHM_SURVEY_COUNTRYRESPONSE_SCORE,2024,132,GDHM_CAT5_STANDARDS,GDHM_Q16,2.0,Phase 2
GDHM_SURVEY_CATEGORY_AVG,2024,132,GDHM_CAT5_STANDARDS,,2.0,Phase 2
GDHM_SURVEY_COUNTRYRESPONSE_SCORE,2024,132,GDHM_CAT6_INFRASTRUCTURE,GDHM_Q17,0.0,Not Available
GDHM_SURVEY_COUNTRYRESPONSE_SCORE,2024,132,GDHM_CAT6_INFRASTRUCTURE,GDHM_Q18,2.0,Phase 2
GDHM_SURVEY_CATEGORY_AVG,2024,132,GDHM_CAT6_INFRASTRUCTURE,,2.0,Phase 2
GDHM_SURVEY_COUNTRYRESPONSE_SCORE,2024,132,GDHM_CAT7_SERV_APP,GDHM_Q19,2.0,Phase 2
GDHM_SURVEY_COUNTRYRESPONSE_SCORE,2024,132,GDHM_CAT7_SERV_APP,GDHM_Q20,1.0,Phase 1
GDHM_SURVEY_COUNTRYRESPONSE_SCORE,2024,132,GDHM_CAT7_SERV_APP,GDHM_Q21,2.0,Phase 2
GDHM_SURVEY_COUNTRYRESPONSE_SCORE,2024,132,GDHM_CAT7_SERV_APP,GDHM_Q21a,2.0,Phase 2
GDHM_SURVEY_COUNTRYRESPONSE_SCORE,2024,132,GDHM_CAT7_SERV_APP,GDHM_Q21b,5.0,Phase 5
GDHM_SURVEY_COUNTRYRESPONSE_SCORE,2024,132,GDHM_CAT7_SERV_APP,GDHM_Q21c,2.0,Phase 2
GDHM_SURVEY_COUNTRYRESPONSE_SCORE,2024,132,GDHM_CAT7_SERV_APP,GDHM_Q22,2.0,Phase 2
GDHM_SURVEY_COUNTRYRESPONSE_SCORE,2024,132,GDHM_CAT7_SERV_APP,GDHM_Q23,2.0,Phase 2
GDHM_SURVEY_CATEGORY_AVG,2024,132,GDHM_CAT7_SERV_APP,,2.0,Phase 2
GDHM_SURVEY_COUNTRYRESPONSE_SCORE,2024,148,GDHM_CAT1_LEAD_GOV,GDHM_Q01,4.0,Phase 4
GDHM_SURVEY_COUNTRYRESPONSE_SCORE,2024,148,GDHM_CAT1_LEAD_GOV,GDHM_Q02,3.0,Phase 3
GDHM_SURVEY_COUNTRYRESPONSE_SCORE,2024,686,GDHM_CAT1_LEAD_GOV,GDHM_Q04,3.0,Phase 3
GDHM_SURVEY_COUNTRYRESPONSE_SCORE,2024,686,GDHM_CAT1_LEAD_GOV,GDHM_Q04a,1.0,Phase 1
GDHM_SURVEY_CATEGORY_AVG,2024,686,GDHM_CAT1_LEAD_GOV,,4.0,Phase 4
GDHM_SURVEY_COUNTRYRESPONSE_SCORE,2024,686,GDHM_CAT2_STRAT_INV,GDHM_Q05,2.0,Phase 2
GDHM_SURVEY_COUNTRYRESPONSE_SCORE,2024,686,GDHM_CAT2_STRAT_INV,GDHM_Q05a,2.0,Phase 2
GDHM_SURVEY_COUNTRYRESPONSE_SCORE,2024,686,GDHM_CAT2_STRAT_INV,GDHM_Q06,3.0,Phase 3
GDHM_SURVEY_COUNTRYRESPONSE_SCORE,2024,686,GDHM_CAT2_STRAT_INV,GDHM_Q06a,2.0,Phase 2
GDHM_SURVEY_CATEGORY_AVG,2024,686,GDHM_CAT2_STRAT_INV,,3.0,Phase 3
GDHM_SURVEY_COUNTRYRESPONSE_SCORE,2024,686,GDHM_CAT3_LEG,GDHM_Q07,3.0,Phase 3
GDHM_SURVEY_COUNTRYRESPONSE_SCORE,2024,686,GDHM_CAT3_LEG,GDHM_Q08,4.0,Phase 4
GDHM_SURVEY_COUNTRYRESPONSE_SCORE,2024,686,GDHM_CAT3_LEG,GDHM_Q09,0.0,Not Available
GDHM_SURVEY_COUNTRYRESPONSE_SCORE,2024,686,GDHM_CAT3_LEG,GDHM_Q09a,1.0,Phase 1
GDHM_SURVEY_COUNTRYRESPONSE_SCORE,2024,686,GDHM_CAT3_LEG,GDHM_Q10,1.0,Phase 1
GDHM_SURVEY_CATEGORY_AVG,2024,686,GDHM_CAT3_LEG,,3.0,Phase 3
GDHM_SURVEY_COUNTRYRESPONSE_SCORE,2024,686,GDHM_CAT4_WORKFORCE,GDHM_Q11,1.0,Phase 1
GDHM_SURVEY_COUNTRYRESPONSE_SCORE,2024,686,GDHM_CAT4_WORKFORCE,GDHM_Q12,1.0,Phase 1
GDHM_SURVEY_COUNTRYRESPONSE_SCORE,2024,686,GDHM_CAT4_WORKFORCE,GDHM_Q13,2.0,Phase 2
GDHM_SURVEY_COUNTRYRESPONSE_SCORE,2024,686,GDHM_CAT4_WORKFORCE,GDHM_Q14,1.0,Phase 1
GDHM_SURVEY_CATEGORY_AVG,2024,686,GDHM_CAT4_WORKFORCE,,2.0,Phase 2
GDHM_SURVEY_COUNTRYRESPONSE_SCORE,2024,686,GDHM_CAT5_STANDARDS,GDHM_Q15,1.0,Phase 1
GDHM_SURVEY_COUNTRYRESPONSE_SCORE,2024,686,GDHM_CAT5_STANDARDS,GDHM_Q16,1.0,Phase 1
GDHM_SURVEY_CATEGORY_AVG,2024,686,GDHM_CAT5_STANDARDS,,1.0,Phase 1
GDHM_SURVEY_COUNTRYRESPONSE_SCORE,2024,686,GDHM_CAT6_INFRASTRUCTURE,GDHM_Q17,3.0,Phase 3
GDHM_SURVEY_COUNTRYRESPONSE_SCORE,2024,686,GDHM_CAT6_INFRASTRUCTURE,GDHM_Q18,2.0,Phase 2
GDHM_SURVEY_CATEGORY_AVG,2024,686,GDHM_CAT6_INFRASTRUCTURE,,3.0,Phase 3
GDHM_SURVEY_COUNTRYRESPONSE_SCORE,2024,686,GDHM_CAT7_SERV_APP,GDHM_Q19,2.0,Phase 2
GDHM_SURVEY_COUNTRYRESPONSE_SCORE,2024,686,GDHM_CAT7_SERV_APP,GDHM_Q20,2.0,Phase 2
GDHM_SURVEY_COUNTRYRESPONSE_SCORE,2024,686,GDHM_CAT7_SERV_APP,GDHM_Q21,1.0,Phase 1
GDHM_SURVEY_COUNTRYRESPONSE_SCORE,2024,686,GDHM_CAT7_SERV_APP,GDHM_Q21a,1.0,Phase 1
GDHM_SURVEY_COUNTRYRESPONSE_SCORE,2024,686,GDHM_CAT7_SERV_APP,GDHM_Q21b,1.0,Phase 1
GDHM_SURVEY_COUNTRYRESPONSE_SCORE,2024,686,GDHM_CAT7_SERV_APP,GDHM_Q21c,1.0,Phase 1
GDHM_SURVEY_COUNTRYRESPONSE_SCORE,2024,686,GDHM_CAT7_SERV_APP,GDHM_Q22,2.0,Phase 2
GDHM_SURVEY_COUNTRYRESPONSE_SCORE,2024,686,GDHM_CAT7_SERV_APP,GDHM_Q23,4.0,Phase 4
GDHM_SURVEY_CATEGORY_AVG,2024,686,GDHM_CAT7_SERV_APP,,3.0,Phase 3
GDHM_SURVEY_COUNTRYRESPONSE_SCORE,2024,694,GDHM_CAT1_LEAD_GOV,GDHM_Q01,4.0,Phase 4
GDHM_SURVEY_COUNTRYRESPONSE_SCORE,2024,694,GDHM_CAT1_LEAD_GOV,GDHM_Q02,4.0,Phase 4
GDHM_SURVEY_COUNTRYRESPONSE_SCORE,2024,694,GDHM_CAT1_LEAD_GOV,GDHM_Q02a,1.0,Phase 1
GDHM_SURVEY_COUNTRYRESPONSE_SCORE,2024,694,GDHM_CAT1_LEAD_GOV,GDHM_Q03,2.0,Phase 2
GDHM_SURVEY_COUNTRYRESPONSE_SCORE,2024,694,GDHM_CAT1_LEAD_GOV,GDHM_Q04,4.0,Phase 4
GDHM_SURVEY_COUNTRYRESPONSE_SCORE,2024,694,GDHM_CAT1_LEAD_GOV,GDHM_Q04a,3.0,Phase 3
GDHM_SURVEY_CATEGORY_AVG,2024,694,GDHM_CAT1_LEAD_GOV,,4.0,Phase 4
GDHM_SURVEY_COUNTRYRESPONSE_SCORE,2024,694,GDHM_CAT2_STRAT_INV,GDHM_Q05,5.0,Phase 5
GDHM_SURVEY_COUNTRYRESPONSE_SCORE,2024,694,GDHM_CAT2_STRAT_INV,GDHM_Q05a,4.0,Phase 4
GDHM_SURVEY_COUNTRYRESPONSE_SCORE,2024,694,GDHM_CAT2_STRAT_INV,GDHM_Q06,1.0,Phase 1
GDHM_SURVEY_COUNTRYRESPONSE_SCORE,2024,694,GDHM_CAT2_STRAT_INV,GDHM_Q06a,2.0,Phase 2
GDHM_SURVEY_CATEGORY_AVG,2024,694,GDHM_CAT2_STRAT_INV,,3.0,Phase 3
GDHM_SURVEY_COUNTRYRESPONSE_SCORE,2024,694,GDHM_CAT3_LEG,GDHM_Q07,3.0,Phase 3
GDHM_SURVEY_COUNTRYRESPONSE_SCORE,2024,694,GDHM_CAT3_LEG,GDHM_Q08,2.0,Phase 2
GDHM_SURVEY_COUNTRYRESPONSE_SCORE,2024,694,GDHM_CAT3_LEG,GDHM_Q09,3.0,Phase 3
GDHM_SURVEY_COUNTRYRESPONSE_SCORE,2024,694,GDHM_CAT3_LEG,GDHM_Q09a,1.0,Phase 1
GDHM_SURVEY_COUNTRYRESPONSE_SCORE,2024,694,GDHM_CAT3_LEG,GDHM_Q10,4.0,Phase 4
GDHM_SURVEY_CATEGORY_AVG,2024,694,GDHM_CAT3_LEG,,3.0,Phase 3
GDHM_SURVEY_COUNTRYRESPONSE_SCORE,2024,694,GDHM_CAT4_WORKFORCE,GDHM_Q11,2.0,Phase 2
GDHM_SURVEY_COUNTRYRESPONSE_SCORE,2024,694,GDHM_CAT4_WORKFORCE,GDHM_Q12,3.0,Phase 3
GDHM_SURVEY_COUNTRYRESPONSE_SCORE,2024,694,GDHM_CAT4_WORKFORCE,GDHM_Q13,2.0,Phase 2
GDHM_SURVEY_COUNTRYRESPONSE_SCORE,2024,694,GDHM_CAT4_WORKFORCE,GDHM_Q14,1.0,Phase 1
GDHM_SURVEY_CATEGORY_AVG,2024,694,GDHM_CAT4_WORKFORCE,,2.0,Phase 2
GDHM_SURVEY_COUNTRYRESPONSE_SCORE,2024,694,GDHM_CAT5_STANDARDS,GDHM_Q15,2.0,Phase 2
GDHM_SURVEY_COUNTRYRESPONSE_SCORE,2024,694,GDHM_CAT5_STANDARDS,GDHM_Q16,2.0,Phase 2
GDHM_SURVEY_CATEGORY_AVG,2024,694,GDHM_CAT5_STANDARDS,,2.0,Phase 2
GDHM_SURVEY_COUNTRYRESPONSE_SCORE,2024,694,GDHM_CAT6_INFRASTRUCTURE,GDHM_Q17,0.0,Not Available
GDHM_SURVEY_COUNTRYRESPONSE_SCORE,2024,694,GDHM_CAT6_INFRASTRUCTURE,GDHM_Q18,2.0,Phase 2
GDHM_SURVEY_CATEGORY_AVG,2024,694,GDHM_CAT6_INFRASTRUCTURE,,2.0,Phase 2
GDHM_SURVEY_COUNTRYRESPONSE_SCORE,2024,694,GDHM_CAT7_SERV_APP,GDHM_Q19,3.0,Phase 3
GDHM_SURVEY_COUNTRYRESPONSE_SCORE,2024,694,GDHM_CAT7_SERV_APP,GDHM_Q20,3.0,Phase 3
GDHM_SURVEY_COUNTRYRESPONSE_SCORE,2024,694,GDHM_CAT7_SERV_APP,GDHM_Q21,2.0,Phase 2
GDHM_SURVEY_COUNTRYRESPONSE_SCORE,2024,694,GDHM_CAT7_SERV_APP,GDHM_Q21a,1.0,Phase 1
GDHM_SURVEY_COUNTRYRESPONSE_SCORE,2024,694,GDHM_CAT7_SERV_APP,GDHM_Q21b,1.0,Phase 1
GDHM_SURVEY_COUNTRYRESPONSE_SCORE,2024,694,GDHM_CAT7_SERV_APP,GDHM_Q21c,1.0,Phase 1
GDHM_SURVEY_COUNTRYRESPONSE_SCORE,2024,694,GDHM_CAT7_SERV_APP,GDHM_Q22,1.0,Phase 1
GDHM_SURVEY_COUNTRYRESPONSE_SCORE,2024,694,GDHM_CAT7_SERV_APP,GDHM_Q23,4.0,Phase 4
GDHM_SURVEY_CATEGORY_AVG,2024,694,GDHM_CAT7_SERV_APP,,3.0,Phase 3
GDHM_SURVEY_COUNTRYRESPONSE_SCORE,2024,706,GDHM_CAT1_LEAD_GOV,GDHM_Q01,2.0,Phase 2
GDHM_SURVEY_COUNTRYRESPONSE_SCORE,2024,706,GDHM_CAT1_LEAD_GOV,GDHM_Q02,1.0,Phase 1
GDHM_SURVEY_COUNTRYRESPONSE_SCORE,2024,706,GDHM_CAT1_LEAD_GOV,GDHM_Q02a,0.0,Not Available
GDHM_SURVEY_COUNTRYRESPONSE_SCORE,2024,706,GDHM_CAT1_LEAD_GOV,GDHM_Q03,1.0,Phase 1
GDHM_SURVEY_COUNTRYRESPONSE_SCORE,2024,706,GDHM_CAT1_LEAD_GOV,GDHM_Q04,5.0,Phase 5
GDHM_SURVEY_COUNTRYRESPONSE_SCORE,2024,706,GDHM_CAT1_LEAD_GOV,GDHM_Q04a,0.0,Not Available
GDHM_SURVEY_CATEGORY_AVG,2024,706,GDHM_CAT1_LEAD_GOV,,3.0,Phase 3
GDHM_SURVEY_COUNTRYRESPONSE_SCORE,2024,706,GDHM_CAT2_STRAT_INV,GDHM_Q05,1.0,Phase 1
GDHM_SURVEY_COUNTRYRESPONSE_SCORE,2024,706,GDHM_CAT2_STRAT_INV,GDHM_Q05a,1.0,Phase 1
GDHM_SURVEY_COUNTRYRESPONSE_SCORE,2024,706,GDHM_CAT2_STRAT_INV,GDHM_Q06,1.0,Phase 1
GDHM_SURVEY_COUNTRYRESPONSE_SCORE,2024,706,GDHM_CAT2_STRAT_INV,GDHM_Q06a,5.0,Phase 5
GDHM_SURVEY_CATEGORY_AVG,2024,706,GDHM_CAT2_STRAT_INV,,1.0,Phase 1
GDHM_SURVEY_COUNTRYRESPONSE_SCORE,2024,706,GDHM_CAT3_LEG,GDHM_Q07,1.0,Phase 1
GDHM_SURVEY_COUNTRYRESPONSE_SCORE,2024,706,GDHM_CAT3_LEG,GDHM_Q08,1.0,Phase 1
GDHM_SURVEY_COUNTRYRESPONSE_SCORE,2024,706,GDHM_CAT3_LEG,GDHM_Q09,1.0,Phase 1
GDHM_SURVEY_COUNTRYRESPONSE_SCORE,2024,706,GDHM_CAT3_LEG,GDHM_Q09a,1.0,Phase 1
GDHM_SURVEY_COUNTRYRESPONSE_SCORE,2024,706,GDHM_CAT3_LEG,GDHM_Q10,1.0,Phase 1
GDHM_SURVEY_CATEGORY_AVG,2024,706,GDHM_CAT3_LEG,,1.0,Phase 1
GDHM_SURVEY_COUNTRYRESPONSE_SCORE,2024,706,GDHM_CAT4_WORKFORCE,GDHM_Q11,1.0,Phase 1
GDHM_SURVEY_COUNTRYRESPONSE_SCORE,2024,706,GDHM_CAT4_WORKFORCE,GDHM_Q12,1.0,Phase 1
GDHM_SURVEY_COUNTRYRESPONSE_SCORE,2024,706,GDHM_CAT4_WORKFORCE,GDHM_Q13,2.0,Phase 2
GDHM_SURVEY_COUNTRYRESPONSE_SCORE,2024,706,GDHM_CAT4_WORKFORCE,GDHM_Q14,1.0,Phase 1
GDHM_SURVEY_CATEGORY_AVG,2024,706,GDHM_CAT4_WORKFORCE,,2.0,Phase 2
GDHM_SURVEY_COUNTRYRESPONSE_SCORE,2024,706,GDHM_CAT5_STANDARDS,GDHM_Q15,1.0,Phase 1
GDHM_SURVEY_COUNTRYRESPONSE_SCORE,2024,706,GDHM_CAT5_STANDARDS,GDHM_Q16,1.0,Phase 1
GDHM_SURVEY_CATEGORY_AVG,2024,706,GDHM_CAT5_STANDARDS,,1.0,Phase 1
GDHM_SURVEY_COUNTRYRESPONSE_SCORE,2024,706,GDHM_CAT6_INFRASTRUCTURE,GDHM_Q17,1.0,Phase 1
GDHM_SURVEY_COUNTRYRESPONSE_SCORE,2024,706,GDHM_CAT6_INFRASTRUCTURE,GDHM_Q18,1.0,Phase 1
GDHM_SURVEY_CATEGORY_AVG,2024,706,GDHM_CAT6_INFRASTRUCTURE,,1.0,Phase 1
GDHM_SURVEY_COUNTRYRESPONSE_SCORE,2024,706,GDHM_CAT7_SERV_APP,GDHM_Q19,1.0,Phase 1
GDHM_SURVEY_COUNTRYRESPONSE_SCORE,2024,706,GDHM_CAT7_SERV_APP,GDHM_Q20,3.0,Phase 3
GDHM_SURVEY_COUNTRYRESPONSE_SCORE,2024,706,GDHM_CAT7_SERV_APP,GDHM_Q21,2.0,Phase 2
GDHM_SURVEY_COUNTRYRESPONSE_SCORE,2024,706,GDHM_CAT7_SERV_APP,GDHM_Q21a,2.0,Phase 2
GDHM_SURVEY_COUNTRYRESPONSE_SCORE,2024,706,GDHM_CAT7_SERV_APP,GDHM_Q21b,2.0,Phase 2
GDHM_SURVEY_COUNTRYRESPONSE_SCORE,2024,706,GDHM_CAT7_SERV_APP,GDHM_Q21c,2.0,Phase 2
GDHM_SURVEY_COUNTRYRESPONSE_SCORE,2024,706,GDHM_CAT7_SERV_APP,GDHM_Q22,1.0,Phase 1
GDHM_SURVEY_COUNTRYRESPONSE_SCORE,2024,706,GDHM_CAT7_SERV_APP,GDHM_Q23,5.0,Phase 5
GDHM_SURVEY_CATEGORY_AVG,2024,706,GDHM_CAT7_SERV_APP,,3.0,Phase 3
GDHM_SURVEY_COUNTRYRESPONSE_SCORE,2024,748,GDHM_CAT1_LEAD_GOV,GDHM_Q01,2.0,Phase 2
GDHM_SURVEY_COUNTRYRESPONSE_SCORE,2024,748,GDHM_CAT1_LEAD_GOV,GDHM_Q02,1.0,Phase 1
GDHM_SURVEY_COUNTRYRESPONSE_SCORE,2024,748,GDHM_CAT1_LEAD_GOV,GDHM_Q02a,3.0,Phase 3
GDHM_SURVEY_COUNTRYRESPONSE_SCORE,2024,748,GDHM_CAT1_LEAD_GOV,GDHM_Q03,1.0,Phase 1
GDHM_SURVEY_COUNTRYRESPONSE_SCORE,2024,748,GDHM_CAT1_LEAD_GOV,GDHM_Q04,4.0,Phase 4
GDHM_SURVEY_COUNTRYRESPONSE_SCORE,2024,748,GDHM_CAT1_LEAD_GOV,GDHM_Q04a,4.0,Phase 4
GDHM_SURVEY_CATEGORY_AVG,2024,748,GDHM_CAT1_LEAD_GOV,,2.0,Phase 2
GDHM_SURVEY_COUNTRYRESPONSE_SCORE,2024,748,GDHM_CAT2_STRAT_INV,GDHM_Q05,1.0,Phase 1
GDHM_SURVEY_COUNTRYRESPONSE_SCORE,2024,748,GDHM_CAT2_STRAT_INV,GDHM_Q05a,1.0,Phase 1
GDHM_SURVEY_COUNTRYRESPONSE_SCORE,2024,748,GDHM_CAT2_STRAT_INV,GDHM_Q06,2.0,Phase 2
GDHM_SURVEY_COUNTRYRESPONSE_SCORE,2024,748,GDHM_CAT2_STRAT_INV,GDHM_Q06a,2.0,Phase 2
GDHM_SURVEY_CATEGORY_AVG,2024,748,GDHM_CAT2_STRAT_INV,,2.0,Phase 2
GDHM_SURVEY_COUNTRYRESPONSE_SCORE,2024,748,GDHM_CAT3_LEG,GDHM_Q07,3.0,Phase 3
GDHM_SURVEY_COUNTRYRESPONSE_SCORE,2024,748,GDHM_CAT3_LEG,GDHM_Q08,4.0,Phase 4
GDHM_SURVEY_COUNTRYRESPONSE_SCORE,2024,748,GDHM_CAT3_LEG,GDHM_Q09,2.0,Phase 2
GDHM_SURVEY_COUNTRYRESPONSE_SCORE,2024,748,GDHM_CAT3_LEG,GDHM_Q09a,1.0,Phase 1
GDHM_SURVEY_COUNTRYRESPONSE_SCORE,2024,748,GDHM_CAT3_LEG,GDHM_Q10,1.0,Phase 1
GDHM_SURVEY_CATEGORY_AVG,2024,748,GDHM_CAT3_LEG,,3.0,Phase 3
GDHM_SURVEY_COUNTRYRESPONSE_SCORE,2024,748,GDHM_CAT4_WORKFORCE,GDHM_Q11,2.0,Phase 2
GDHM_SURVEY_COUNTRYRESPONSE_SCORE,2024,748,GDHM_CAT4_WORKFORCE,GDHM_Q12,2.0,Phase 2
GDHM_SURVEY_COUNTRYRESPONSE_SCORE,2024,748,GDHM_CAT4_WORKFORCE,GDHM_Q13,2.0,Phase 2
GDHM_SURVEY_COUNTRYRESPONSE_SCORE,2024,748,GDHM_CAT4_WORKFORCE,GDHM_Q14,1.0,Phase 1
GDHM_SURVEY_CATEGORY_AVG,2024,748,GDHM_CAT4_WORKFORCE,,2.0,Phase 2
GDHM_SURVEY_COUNTRYRESPONSE_SCORE,2024,748,GDHM_CAT5_STANDARDS,GDHM_Q15,3.0,Phase 3
GDHM_SURVEY_COUNTRYRESPONSE_SCORE,2024,748,GDHM_CAT5_STANDARDS,GDHM_Q16,2.0,Phase 2
GDHM_SURVEY_CATEGORY_AVG,2024,748,GDHM_CAT5_STANDARDS,,3.0,Phase 3
GDHM_SURVEY_COUNTRYRESPONSE_SCORE,2024,748,GDHM_CAT6_INFRASTRUCTURE,GDHM_Q17,3.0,Phase 3
GDHM_SURVEY_COUNTRYRESPONSE_SCORE,2024,748,GDHM_CAT6_INFRASTRUCTURE,GDHM_Q18,3.0,Phase 3
GDHM_SURVEY_CATEGORY_AVG,2024,748,GDHM_CAT6_INFRASTRUCTURE,,3.0,Phase 3
GDHM_SURVEY_COUNTRYRESPONSE_SCORE,2024,748,GDHM_CAT7_SERV_APP,GDHM_Q19,2.0,Phase 2
GDHM_SURVEY_COUNTRYRESPONSE_SCORE,2024,748,GDHM_CAT7_SERV_APP,GDHM_Q20,3.0,Phase 3
GDHM_SURVEY_COUNTRYRESPONSE_SCORE,2024,748,GDHM_CAT7_SERV_APP,GDHM_Q21,4.0,Phase 4
GDHM_SURVEY_COUNTRYRESPONSE_SCORE,2024,748,GDHM_CAT7_SERV_APP,GDHM_Q21a,4.0,Phase 4
GDHM_SURVEY_COUNTRYRESPONSE_SCORE,2024,748,GDHM_CAT7_SERV_APP,GDHM_Q21b,4.0,Phase 4
GDHM_SURVEY_COUNTRYRESPONSE_SCORE,2024,748,GDHM_CAT7_SERV_APP,GDHM_Q21c,4.0,Phase 4
GDHM_SURVEY_COUNTRYRESPONSE_SCORE,2024,748,GDHM_CAT7_SERV_APP,GDHM_Q22,3.0,Phase 3
GDHM_SURVEY_COUNTRYRESPONSE_SCORE,2024,748,GDHM_CAT7_SERV_APP,GDHM_Q23,4.0,Phase 4
GDHM_SURVEY_CATEGORY_AVG,2024,748,GDHM_CAT7_SERV_APP,,4.0,Phase 4
GDHM_SURVEY_COUNTRYRESPONSE_SCORE,2024,768,GDHM_CAT1_LEAD_GOV,GDHM_Q01,2.0,Phase 2
GDHM_SURVEY_COUNTRYRESPONSE_SCORE,2024,768,GDHM_CAT1_LEAD_GOV,GDHM_Q02,1.0,Phase 1
GDHM_SURVEY_COUNTRYRESPONSE_SCORE,2024,768,GDHM_CAT1_LEAD_GOV,GDHM_Q02a,1.0,Phase 1
GDHM_SURVEY_COUNTRYRESPONSE_SCORE,2024,768,GDHM_CAT1_LEAD_GOV,GDHM_Q03,1.0,Phase 1
GDHM_SURVEY_COUNTRYRESPONSE_SCORE,2024,768,GDHM_CAT1_LEAD_GOV,GDHM_Q04,4.0,Phase 4
GDHM_SURVEY_COUNTRYRESPONSE_SCORE,2024,768,GDHM_CAT1_LEAD_GOV,GDHM_Q04a,4.0,Phase 4
GDHM_SURVEY_CATEGORY_AVG,2024,768,GDHM_CAT1_LEAD_GOV,,2.0,Phase 2
GDHM_SURVEY_COUNTRYRESPONSE_SCORE,2024,768,GDHM_CAT2_STRAT_INV,GDHM_Q05,0.0,Not Available
GDHM_SURVEY_COUNTRYRESPONSE_SCORE,2024,768,GDHM_CAT2_STRAT_INV,GDHM_Q05a,0.0,Not Available
GDHM_SURVEY_COUNTRYRESPONSE_SCORE,2024,768,GDHM_CAT2_STRAT_INV,GDHM_Q06,0.0,Not Available
GDHM_SURVEY_COUNTRYRESPONSE_SCORE,2024,768,GDHM_CAT2_STRAT_INV,GDHM_Q06a,1.0,Phase 1
GDHM_SURVEY_CATEGORY_AVG,2024,768,GDHM_CAT2_STRAT_INV,,1.0,Not Available
GDHM_SURVEY_COUNTRYRESPONSE_SCORE,2023,887,GDHM_CAT5_STANDARDS,GDHM_Q16,0.0,Not Available
GDHM_SURVEY_CATEGORY_AVG,2023,887,GDHM_CAT5_STANDARDS,,1.0,Not Available
GDHM_SURVEY_COUNTRYRESPONSE_SCORE,2023,887,GDHM_CAT6_INFRASTRUCTURE,GDHM_Q17,0.0,Not Available
GDHM_SURVEY_COUNTRYRESPONSE_SCORE,2023,887,GDHM_CAT6_INFRASTRUCTURE,GDHM_Q18,2.0,Phase 2
GDHM_SURVEY_CATEGORY_AVG,2023,887,GDHM_CAT6_INFRASTRUCTURE,,2.0,Phase 2
GDHM_SURVEY_COUNTRYRESPONSE_SCORE,2023,887,GDHM_CAT7_SERV_APP,GDHM_Q19,0.0,Not Available
GDHM_SURVEY_COUNTRYRESPONSE_SCORE,2023,887,GDHM_CAT7_SERV_APP,GDHM_Q20,0.0,Not Available
GDHM_SURVEY_COUNTRYRESPONSE_SCORE,2023,887,GDHM_CAT7_SERV_APP,GDHM_Q21,0.0,Not Available
GDHM_SURVEY_COUNTRYRESPONSE_SCORE,2023,887,GDHM_CAT7_SERV_APP,GDHM_Q21a,0.0,Not Available
GDHM_SURVEY_COUNTRYRESPONSE_SCORE,2023,887,GDHM_CAT7_SERV_APP,GDHM_Q21b,0.0,Not Available
GDHM_SURVEY_COUNTRYRESPONSE_SCORE,2023,887,GDHM_CAT7_SERV_APP,GDHM_Q21c,0.0,Not Available
GDHM_SURVEY_COUNTRYRESPONSE_SCORE,2023,887,GDHM_CAT7_SERV_APP,GDHM_Q22,0.0,Not Available
GDHM_SURVEY_COUNTRYRESPONSE_SCORE,2023,887,GDHM_CAT7_SERV_APP,GDHM_Q23,0.0,Not Available
GDHM_SURVEY_CATEGORY_AVG,2023,887,GDHM_CAT7_SERV_APP,,1.0,Not Available
GDHM_SURVEY_COUNTRYRESPONSE_SCORE,2023,894,GDHM_CAT1_LEAD_GOV,GDHM_Q01,4.0,Phase 4
GDHM_SURVEY_COUNTRYRESPONSE_SCORE,2023,894,GDHM_CAT1_LEAD_GOV,GDHM_Q02,4.0,Phase 4
GDHM_SURVEY_COUNTRYRESPONSE_SCORE,2023,894,GDHM_CAT1_LEAD_GOV,GDHM_Q02a,3.0,Phase 3
GDHM_SURVEY_COUNTRYRESPONSE_SCORE,2023,894,GDHM_CAT1_LEAD_GOV,GDHM_Q03,1.0,Phase 1
GDHM_SURVEY_COUNTRYRESPONSE_SCORE,2023,894,GDHM_CAT1_LEAD_GOV,GDHM_Q04,3.0,Phase 3
GDHM_SURVEY_COUNTRYRESPONSE_SCORE,2023,894,GDHM_CAT1_LEAD_GOV,GDHM_Q04a,2.0,Phase 2
GDHM_SURVEY_CATEGORY_AVG,2023,894,GDHM_CAT1_LEAD_GOV,,3.0,Phase 3
GDHM_SURVEY_COUNTRYRESPONSE_SCORE,2023,894,GDHM_CAT2_STRAT_INV,GDHM_Q05,3.0,Phase 3
GDHM_SURVEY_COUNTRYRESPONSE_SCORE,2023,894,GDHM_CAT2_STRAT_INV,GDHM_Q05a,3.0,Phase 3
GDHM_SURVEY_COUNTRYRESPONSE_SCORE,2023,894,GDHM_CAT2_STRAT_INV,GDHM_Q06,3.0,Phase 3
GDHM_SURVEY_COUNTRYRESPONSE_SCORE,2023,894,GDHM_CAT2_STRAT_INV,GDHM_Q06a,2.0,Phase 2
GDHM_SURVEY_CATEGORY_AVG,2023,894,GDHM_CAT2_STRAT_INV,,3.0,Phase 3
GDHM_SURVEY_COUNTRYRESPONSE_SCORE,2023,894,GDHM_CAT3_LEG,GDHM_Q07,3.0,Phase 3
GDHM_SURVEY_COUNTRYRESPONSE_SCORE,2023,894,GDHM_CAT3_LEG,GDHM_Q08,3.0,Phase 3
GDHM_SURVEY_COUNTRYRESPONSE_SCORE,2023,894,GDHM_CAT3_LEG,GDHM_Q09,1.0,Phase 1
GDHM_SURVEY_COUNTRYRESPONSE_SCORE,2023,894,GDHM_CAT3_LEG,GDHM_Q09a,1.0,Phase 1
GDHM_SURVEY_COUNTRYRESPONSE_SCORE,2023,894,GDHM_CAT3_LEG,GDHM_Q10,1.0,Phase 1
GDHM_SURVEY_CATEGORY_AVG,2023,894,GDHM_CAT3_LEG,,2.0,Phase 2
GDHM_SURVEY_COUNTRYRESPONSE_SCORE,2023,894,GDHM_CAT4_WORKFORCE,GDHM_Q11,2.0,Phase 2
GDHM_SURVEY_COUNTRYRESPONSE_SCORE,2023,894,GDHM_CAT4_WORKFORCE,GDHM_Q12,2.0,Phase 2
GDHM_SURVEY_COUNTRYRESPONSE_SCORE,2023,894,GDHM_CAT4_WORKFORCE,GDHM_Q13,1.0,Phase 1
GDHM_SURVEY_COUNTRYRESPONSE_SCORE,2023,894,GDHM_CAT4_WORKFORCE,GDHM_Q14,1.0,Phase 1
GDHM_SURVEY_CATEGORY_AVG,2023,894,GDHM_CAT4_WORKFORCE,,2.0,Phase 2
GDHM_SURVEY_COUNTRYRESPONSE_SCORE,2023,894,GDHM_CAT5_STANDARDS,GDHM_Q15,2.0,Phase 2
GDHM_SURVEY_COUNTRYRESPONSE_SCORE,2023,894,GDHM_CAT5_STANDARDS,GDHM_Q16,2.0,Phase 2
GDHM_SURVEY_CATEGORY_AVG,2023,894,GDHM_CAT5_STANDARDS,,2.0,Phase 2
GDHM_SURVEY_COUNTRYRESPONSE_SCORE,2023,894,GDHM_CAT6_INFRASTRUCTURE,GDHM_Q17,3.0,Phase 3
GDHM_SURVEY_COUNTRYRESPONSE_SCORE,2023,894,GDHM_CAT6_INFRASTRUCTURE,GDHM_Q18,2.0,Phase 2
GDHM_SURVEY_CATEGORY_AVG,2023,894,GDHM_CAT6_INFRASTRUCTURE,,3.0,Phase 3
GDHM_SURVEY_COUNTRYRESPONSE_SCORE,2023,894,GDHM_CAT7_SERV_APP,GDHM_Q19,3.0,Phase 3
GDHM_SURVEY_COUNTRYRESPONSE_SCORE,2023,894,GDHM_CAT7_SERV_APP,GDHM_Q20,3.0,Phase 3
GDHM_SURVEY_COUNTRYRESPONSE_SCORE,2023,894,GDHM_CAT7_SERV_APP,GDHM_Q21,1.0,Phase 1
GDHM_SURVEY_COUNTRYRESPONSE_SCORE,2023,894,GDHM_CAT7_SERV_APP,GDHM_Q21a,1.0,Phase 1
GDHM_SURVEY_COUNTRYRESPONSE_SCORE,2023,894,GDHM_CAT7_SERV_APP,GDHM_Q21b,2.0,Phase 2
GDHM_SURVEY_COUNTRYRESPONSE_SCORE,2023,894,GDHM_CAT7_SERV_APP,GDHM_Q21c,2.0,Phase 2
GDHM_SURVEY_COUNTRYRESPONSE_SCORE,2023,894,GDHM_CAT7_SERV_APP,GDHM_Q22,1.0,Phase 1
GDHM_SURVEY_COUNTRYRESPONSE_SCORE,2023,894,GDHM_CAT7_SERV_APP,GDHM_Q23,3.0,Phase 3
GDHM_SURVEY_CATEGORY_AVG,2023,894,GDHM_CAT7_SERV_APP,,3.0,Phase 3
GDHM_SURVEY_COUNTRYRESPONSE_SCORE,2023,716,GDHM_CAT1_LEAD_GOV,GDHM_Q01,4.0,Phase 4
GDHM_SURVEY_COUNTRYRESPONSE_SCORE,2023,716,GDHM_CAT1_LEAD_GOV,GDHM_Q02,4.0,Phase 4
GDHM_SURVEY_COUNTRYRESPONSE_SCORE,2023,716,GDHM_CAT1_LEAD_GOV,GDHM_Q02a,4.0,Phase 4
GDHM_SURVEY_COUNTRYRESPONSE_SCORE,2023,716,GDHM_CAT1_LEAD_GOV,GDHM_Q03,1.0,Phase 1
GDHM_SURVEY_COUNTRYRESPONSE_SCORE,2023,716,GDHM_CAT1_LEAD_GOV,GDHM_Q04,2.0,Phase 2
GDHM_SURVEY_COUNTRYRESPONSE_SCORE,2023,716,GDHM_CAT1_LEAD_GOV,GDHM_Q04a,3.0,Phase 3
GDHM_SURVEY_CATEGORY_AVG,2023,716,GDHM_CAT1_LEAD_GOV,,3.0,Phase 3
GDHM_SURVEY_COUNTRYRESPONSE_SCORE,2023,716,GDHM_CAT2_STRAT_INV,GDHM_Q05,4.0,Phase 4
GDHM_SURVEY_COUNTRYRESPONSE_SCORE,2023,716,GDHM_CAT2_STRAT_INV,GDHM_Q05a,4.0,Phase 4
GDHM_SURVEY_COUNTRYRESPONSE_SCORE,2023,716,GDHM_CAT2_STRAT_INV,GDHM_Q06,2.0,Phase 2
GDHM_SURVEY_COUNTRYRESPONSE_SCORE,2023,716,GDHM_CAT2_STRAT_INV,GDHM_Q06a,2.0,Phase 2
GDHM_SURVEY_CATEGORY_AVG,2023,716,GDHM_CAT2_STRAT_INV,,3.0,Phase 3
GDHM_SURVEY_COUNTRYRESPONSE_SCORE,2023,716,GDHM_CAT3_LEG,GDHM_Q07,3.0,Phase 3
GDHM_SURVEY_COUNTRYRESPONSE_SCORE,2023,716,GDHM_CAT3_LEG,GDHM_Q08,3.0,Phase 3
GDHM_SURVEY_COUNTRYRESPONSE_SCORE,2023,716,GDHM_CAT3_LEG,GDHM_Q09,1.0,Phase 1
GDHM_SURVEY_COUNTRYRESPONSE_SCORE,2023,716,GDHM_CAT3_LEG,GDHM_Q09a,1.0,Phase 1
GDHM_SURVEY_COUNTRYRESPONSE_SCORE,2023,716,GDHM_CAT3_LEG,GDHM_Q10,1.0,Phase 1
GDHM_SURVEY_CATEGORY_AVG,2023,716,GDHM_CAT3_LEG,,2.0,Phase 2
GDHM_SURVEY_COUNTRYRESPONSE_SCORE,2023,716,GDHM_CAT4_WORKFORCE,GDHM_Q11,2.0,Phase 2
GDHM_SURVEY_COUNTRYRESPONSE_SCORE,2023,716,GDHM_CAT4_WORKFORCE,GDHM_Q12,2.0,Phase 2
GDHM_SURVEY_COUNTRYRESPONSE_SCORE,2023,716,GDHM_CAT4_WORKFORCE,GDHM_Q13,3.0,Phase 3
GDHM_SURVEY_COUNTRYRESPONSE_SCORE,2023,716,GDHM_CAT4_WORKFORCE,GDHM_Q14,1.0,Phase 1
GDHM_SURVEY_CATEGORY_AVG,2023,716,GDHM_CAT4_WORKFORCE,,2.0,Phase 2
GDHM_SURVEY_COUNTRYRESPONSE_SCORE,2023,716,GDHM_CAT5_STANDARDS,GDHM_Q15,2.0,Phase 2
GDHM_SURVEY_COUNTRYRESPONSE_SCORE,2023,716,GDHM_CAT5_STANDARDS,GDHM_Q16,2.0,Phase 2
GDHM_SURVEY_CATEGORY_AVG,2023,716,GDHM_CAT5_STANDARDS,,2.0,Phase 2
GDHM_SURVEY_COUNTRYRESPONSE_SCORE,2023,716,GDHM_CAT6_INFRASTRUCTURE,GDHM_Q17,3.0,Phase 3
GDHM_SURVEY_COUNTRYRESPONSE_SCORE,2023,716,GDHM_CAT6_INFRASTRUCTURE,GDHM_Q18,3.0,Phase 3
GDHM_SURVEY_CATEGORY_AVG,2023,716,GDHM_CAT6_INFRASTRUCTURE,,3.0,Phase 3
GDHM_SURVEY_COUNTRYRESPONSE_SCORE,2023,716,GDHM_CAT7_SERV_APP,GDHM_Q19,3.0,Phase 3
GDHM_SURVEY_COUNTRYRESPONSE_SCORE,2023,716,GDHM_CAT7_SERV_APP,GDHM_Q20,1.0,Phase 1
GDHM_SURVEY_COUNTRYRESPONSE_SCORE,2023,716,GDHM_CAT7_SERV_APP,GDHM_Q21,1.0,Phase 1
GDHM_SURVEY_COUNTRYRESPONSE_SCORE,2023,716,GDHM_CAT7_SERV_APP,GDHM_Q21a,1.0,Phase 1
GDHM_SURVEY_COUNTRYRESPONSE_SCORE,2023,716,GDHM_CAT7_SERV_APP,GDHM_Q21b,1.0,Phase 1
GDHM_SURVEY_COUNTRYRESPONSE_SCORE,2023,716,GDHM_CAT7_SERV_APP,GDHM_Q21c,1.0,Phase 1
GDHM_SURVEY_COUNTRYRESPONSE_SCORE,2023,716,GDHM_CAT7_SERV_APP,GDHM_Q22,1.0,Phase 1
GDHM_SURVEY_COUNTRYRESPONSE_SCORE,2023,716,GDHM_CAT7_SERV_APP,GDHM_Q23,4.0,Phase 4
GDHM_SURVEY_CATEGORY_AVG,2023,716,GDHM_CAT7_SERV_APP,,2.0,Phase 2
GDHM_SURVEY_COUNTRYRESPONSE_SCORE,2024,004,GDHM_CAT1_LEAD_GOV,GDHM_Q01,0.0,Not Available
GDHM_SURVEY_COUNTRYRESPONSE_SCORE,2024,004,GDHM_CAT1_LEAD_GOV,GDHM_Q02,4.0,Phase 4
GDHM_SURVEY_COUNTRYRESPONSE_SCORE,2024,004,GDHM_CAT1_LEAD_GOV,GDHM_Q02a,2.0,Phase 2
GDHM_SURVEY_COUNTRYRESPONSE_SCORE,2024,004,GDHM_CAT1_LEAD_GOV,GDHM_Q03,0.0,Not Available
GDHM_SURVEY_COUNTRYRESPONSE_SCORE,2024,004,GDHM_CAT1_LEAD_GOV,GDHM_Q04,0.0,Not Available
GDHM_SURVEY_COUNTRYRESPONSE_SCORE,2024,004,GDHM_CAT1_LEAD_GOV,GDHM_Q04a,0.0,Not Available
GDHM_SURVEY_CATEGORY_AVG,2024,004,GDHM_CAT1_LEAD_GOV,,4.0,Phase 4
GDHM_SURVEY_COUNTRYRESPONSE_SCORE,2024,004,GDHM_CAT2_STRAT_INV,GDHM_Q05,1.0,Phase 1
GDHM_SURVEY_COUNTRYRESPONSE_SCORE,2024,004,GDHM_CAT2_STRAT_INV,GDHM_Q05a,0.0,Not Available
GDHM_SURVEY_COUNTRYRESPONSE_SCORE,2024,004,GDHM_CAT2_STRAT_INV,GDHM_Q06,0.0,Not Available
GDHM_SURVEY_COUNTRYRESPONSE_SCORE,2024,004,GDHM_CAT2_STRAT_INV,GDHM_Q06a,0.0,Not Available
GDHM_SURVEY_CATEGORY_AVG,2024,004,GDHM_CAT2_STRAT_INV,,1.0,Phase 1
GDHM_SURVEY_COUNTRYRESPONSE_SCORE,2024,004,GDHM_CAT3_LEG,GDHM_Q07,0.0,Not Available
GDHM_SURVEY_COUNTRYRESPONSE_SCORE,2024,004,GDHM_CAT3_LEG,GDHM_Q08,0.0,Not Available
GDHM_SURVEY_COUNTRYRESPONSE_SCORE,2024,004,GDHM_CAT3_LEG,GDHM_Q09,1.0,Phase 1
GDHM_SURVEY_COUNTRYRESPONSE_SCORE,2024,004,GDHM_CAT3_LEG,GDHM_Q09a,1.0,Phase 1
GDHM_SURVEY_COUNTRYRESPONSE_SCORE,2024,004,GDHM_CAT3_LEG,GDHM_Q10,1.0,Phase 1
GDHM_SURVEY_CATEGORY_AVG,2024,004,GDHM_CAT3_LEG,,1.0,Phase 1
GDHM_SURVEY_COUNTRYRESPONSE_SCORE,2024,004,GDHM_CAT4_WORKFORCE,GDHM_Q11,1.0,Phase 1
GDHM_SURVEY_COUNTRYRESPONSE_SCORE,2024,004,GDHM_CAT4_WORKFORCE,GDHM_Q12,1.0,Phase 1
GDHM_SURVEY_COUNTRYRESPONSE_SCORE,2024,004,GDHM_CAT4_WORKFORCE,GDHM_Q13,1.0,Phase 1
GDHM_SURVEY_COUNTRYRESPONSE_SCORE,2024,004,GDHM_CAT4_WORKFORCE,GDHM_Q14,1.0,Phase 1
GDHM_SURVEY_CATEGORY_AVG,2024,004,GDHM_CAT4_WORKFORCE,,1.0,Phase 1
GDHM_SURVEY_COUNTRYRESPONSE_SCORE,2024,004,GDHM_CAT5_STANDARDS,GDHM_Q15,1.0,Phase 1
GDHM_SURVEY_COUNTRYRESPONSE_SCORE,2024,004,GDHM_CAT5_STANDARDS,GDHM_Q16,2.0,Phase 2
GDHM_SURVEY_CATEGORY_AVG,2024,004,GDHM_CAT5_STANDARDS,,2.0,Phase 2
GDHM_SURVEY_COUNTRYRESPONSE_SCORE,2024,004,GDHM_CAT6_INFRASTRUCTURE,GDHM_Q17,0.0,Not Available
GDHM_SURVEY_COUNTRYRESPONSE_SCORE,2024,004,GDHM_CAT6_INFRASTRUCTURE,GDHM_Q18,2.0,Phase 2
GDHM_SURVEY_CATEGORY_AVG,2024,004,GDHM_CAT6_INFRASTRUCTURE,,2.0,Phase 2
GDHM_SURVEY_COUNTRYRESPONSE_SCORE,2024,004,GDHM_CAT7_SERV_APP,GDHM_Q19,2.0,Phase 2
GDHM_SURVEY_COUNTRYRESPONSE_SCORE,2024,004,GDHM_CAT7_SERV_APP,GDHM_Q20,4.0,Phase 4
GDHM_SURVEY_COUNTRYRESPONSE_SCORE,2024,004,GDHM_CAT7_SERV_APP,GDHM_Q21,2.0,Phase 2
GDHM_SURVEY_COUNTRYRESPONSE_SCORE,2024,004,GDHM_CAT7_SERV_APP,GDHM_Q21a,3.0,Phase 3
GDHM_SURVEY_COUNTRYRESPONSE_SCORE,2024,004,GDHM_CAT7_SERV_APP,GDHM_Q21b,2.0,Phase 2
GDHM_SURVEY_COUNTRYRESPONSE_SCORE,2024,004,GDHM_CAT7_SERV_APP,GDHM_Q21c,2.0,Phase 2
GDHM_SURVEY_COUNTRYRESPONSE_SCORE,2024,004,GDHM_CAT7_SERV_APP,GDHM_Q22,0.0,Not Available
GDHM_SURVEY_COUNTRYRESPONSE_SCORE,2024,004,GDHM_CAT7_SERV_APP,GDHM_Q23,2.0,Phase 2
GDHM_SURVEY_CATEGORY_AVG,2024,004,GDHM_CAT7_SERV_APP,,3.0,Phase 3
GDHM_SURVEY_COUNTRYRESPONSE_SCORE,2024,050,GDHM_CAT1_LEAD_GOV,GDHM_Q01,5.0,Phase 5
GDHM_SURVEY_COUNTRYRESPONSE_SCORE,2024,050,GDHM_CAT1_LEAD_GOV,GDHM_Q02,5.0,Phase 5
GDHM_SURVEY_COUNTRYRESPONSE_SCORE,2024,050,GDHM_CAT1_LEAD_GOV,GDHM_Q02a,4.0,Phase 4
GDHM_SURVEY_COUNTRYRESPONSE_SCORE,2024,050,GDHM_CAT1_LEAD_GOV,GDHM_Q03,5.0,Phase 5
GDHM_SURVEY_COUNTRYRESPONSE_SCORE,2024,050,GDHM_CAT1_LEAD_GOV,GDHM_Q04,5.0,Phase 5
GDHM_SURVEY_COUNTRYRESPONSE_SCORE,2024,050,GDHM_CAT1_LEAD_GOV,GDHM_Q04a,5.0,Phase 5
GDHM_SURVEY_CATEGORY_AVG,2024,050,GDHM_CAT1_LEAD_GOV,,5.0,Phase 5
GDHM_SURVEY_COUNTRYRESPONSE_SCORE,2024,050,GDHM_CAT2_STRAT_INV,GDHM_Q05,2.0,Phase 2
GDHM_SURVEY_COUNTRYRESPONSE_SCORE,2024,050,GDHM_CAT2_STRAT_INV,GDHM_Q05a,5.0,Phase 5
GDHM_SURVEY_COUNTRYRESPONSE_SCORE,2024,050,GDHM_CAT2_STRAT_INV,GDHM_Q06,5.0,Phase 5
GDHM_SURVEY_COUNTRYRESPONSE_SCORE,2024,050,GDHM_CAT2_STRAT_INV,GDHM_Q06a,3.0,Phase 3
GDHM_SURVEY_CATEGORY_AVG,2024,050,GDHM_CAT2_STRAT_INV,,4.0,Phase 4
GDHM_SURVEY_COUNTRYRESPONSE_SCORE,2024,050,GDHM_CAT3_LEG,GDHM_Q07,1.0,Phase 1
GDHM_SURVEY_COUNTRYRESPONSE_SCORE,2024,050,GDHM_CAT3_LEG,GDHM_Q08,1.0,Phase 1
GDHM_SURVEY_COUNTRYRESPONSE_SCORE,2024,050,GDHM_CAT3_LEG,GDHM_Q09,3.0,Phase 3
GDHM_SURVEY_COUNTRYRESPONSE_SCORE,2024,050,GDHM_CAT3_LEG,GDHM_Q09a,1.0,Phase 1
GDHM_SURVEY_COUNTRYRESPONSE_SCORE,2024,050,GDHM_CAT3_LEG,GDHM_Q10,2.0,Phase 2
GDHM_SURVEY_CATEGORY_AVG,2024,050,GDHM_CAT3_LEG,,2.0,Phase 2
GDHM_SURVEY_COUNTRYRESPONSE_SCORE,2024,050,GDHM_CAT4_WORKFORCE,GDHM_Q11,1.0,Phase 1
GDHM_SURVEY_COUNTRYRESPONSE_SCORE,2024,050,GDHM_CAT4_WORKFORCE,GDHM_Q12,4.0,Phase 4
GDHM_SURVEY_COUNTRYRESPONSE_SCORE,2024,050,GDHM_CAT4_WORKFORCE,GDHM_Q13,4.0,Phase 4
GDHM_SURVEY_COUNTRYRESPONSE_SCORE,2024,050,GDHM_CAT4_WORKFORCE,GDHM_Q14,2.0,Phase 2
GDHM_SURVEY_CATEGORY_AVG,2024,050,GDHM_CAT4_WORKFORCE,,3.0,Phase 3
GDHM_SURVEY_COUNTRYRESPONSE_SCORE,2024,050,GDHM_CAT5_STANDARDS,GDHM_Q15,1.0,Phase 1
GDHM_SURVEY_COUNTRYRESPONSE_SCORE,2024,050,GDHM_CAT5_STANDARDS,GDHM_Q16,2.0,Phase 2
GDHM_SURVEY_CATEGORY_AVG,2024,050,GDHM_CAT5_STANDARDS,,2.0,Phase 2
GDHM_SURVEY_COUNTRYRESPONSE_SCORE,2024,050,GDHM_CAT6_INFRASTRUCTURE,GDHM_Q17,3.0,Phase 3
GDHM_SURVEY_COUNTRYRESPONSE_SCORE,2024,050,GDHM_CAT6_INFRASTRUCTURE,GDHM_Q18,5.0,Phase 5
GDHM_SURVEY_CATEGORY_AVG,2024,050,GDHM_CAT6_INFRASTRUCTURE,,4.0,Phase 4
GDHM_SURVEY_COUNTRYRESPONSE_SCORE,2024,050,GDHM_CAT7_SERV_APP,GDHM_Q19,5.0,Phase 5
GDHM_SURVEY_COUNTRYRESPONSE_SCORE,2024,050,GDHM_CAT7_SERV_APP,GDHM_Q20,4.0,Phase 4
GDHM_SURVEY_COUNTRYRESPONSE_SCORE,2024,050,GDHM_CAT7_SERV_APP,GDHM_Q21,2.0,Phase 2
GDHM_SURVEY_COUNTRYRESPONSE_SCORE,2024,504,GDHM_CAT7_SERV_APP,GDHM_Q21c,5.0,Phase 5
GDHM_SURVEY_COUNTRYRESPONSE_SCORE,2024,504,GDHM_CAT7_SERV_APP,GDHM_Q22,1.0,Phase 1
GDHM_SURVEY_COUNTRYRESPONSE_SCORE,2024,504,GDHM_CAT7_SERV_APP,GDHM_Q23,1.0,Phase 1
GDHM_SURVEY_CATEGORY_AVG,2024,504,GDHM_CAT7_SERV_APP,,2.0,Phase 2
GDHM_SURVEY_COUNTRYRESPONSE_SCORE,2024,554,GDHM_CAT1_LEAD_GOV,GDHM_Q01,3.0,Phase 3
GDHM_SURVEY_COUNTRYRESPONSE_SCORE,2024,554,GDHM_CAT1_LEAD_GOV,GDHM_Q02,4.0,Phase 4
GDHM_SURVEY_COUNTRYRESPONSE_SCORE,2024,554,GDHM_CAT1_LEAD_GOV,GDHM_Q02a,4.0,Phase 4
GDHM_SURVEY_COUNTRYRESPONSE_SCORE,2024,554,GDHM_CAT1_LEAD_GOV,GDHM_Q03,3.0,Phase 3
GDHM_SURVEY_COUNTRYRESPONSE_SCORE,2024,554,GDHM_CAT1_LEAD_GOV,GDHM_Q04,4.0,Phase 4
GDHM_SURVEY_COUNTRYRESPONSE_SCORE,2024,554,GDHM_CAT1_LEAD_GOV,GDHM_Q04a,2.0,Phase 2
GDHM_SURVEY_CATEGORY_AVG,2024,554,GDHM_CAT1_LEAD_GOV,,4.0,Phase 4
GDHM_SURVEY_COUNTRYRESPONSE_SCORE,2024,554,GDHM_CAT2_STRAT_INV,GDHM_Q05,2.0,Phase 2
GDHM_SURVEY_COUNTRYRESPONSE_SCORE,2024,554,GDHM_CAT2_STRAT_INV,GDHM_Q05a,3.0,Phase 3
GDHM_SURVEY_COUNTRYRESPONSE_SCORE,2024,554,GDHM_CAT2_STRAT_INV,GDHM_Q06,3.0,Phase 3
GDHM_SURVEY_COUNTRYRESPONSE_SCORE,2024,554,GDHM_CAT2_STRAT_INV,GDHM_Q06a,2.0,Phase 2
GDHM_SURVEY_CATEGORY_AVG,2024,554,GDHM_CAT2_STRAT_INV,,3.0,Phase 3
GDHM_SURVEY_COUNTRYRESPONSE_SCORE,2024,554,GDHM_CAT3_LEG,GDHM_Q07,4.0,Phase 4
GDHM_SURVEY_COUNTRYRESPONSE_SCORE,2024,554,GDHM_CAT3_LEG,GDHM_Q08,4.0,Phase 4
GDHM_SURVEY_COUNTRYRESPONSE_SCORE,2024,554,GDHM_CAT3_LEG,GDHM_Q09,1.0,Phase 1
GDHM_SURVEY_COUNTRYRESPONSE_SCORE,2024,554,GDHM_CAT3_LEG,GDHM_Q09a,1.0,Phase 1
GDHM_SURVEY_COUNTRYRESPONSE_SCORE,2024,554,GDHM_CAT3_LEG,GDHM_Q10,3.0,Phase 3
GDHM_SURVEY_CATEGORY_AVG,2024,554,GDHM_CAT3_LEG,,3.0,Phase 3
GDHM_SURVEY_COUNTRYRESPONSE_SCORE,2024,554,GDHM_CAT4_WORKFORCE,GDHM_Q11,3.0,Phase 3
GDHM_SURVEY_COUNTRYRESPONSE_SCORE,2024,554,GDHM_CAT4_WORKFORCE,GDHM_Q12,2.0,Phase 2
GDHM_SURVEY_COUNTRYRESPONSE_SCORE,2024,554,GDHM_CAT4_WORKFORCE,GDHM_Q13,3.0,Phase 3
GDHM_SURVEY_COUNTRYRESPONSE_SCORE,2024,554,GDHM_CAT4_WORKFORCE,GDHM_Q14,1.0,Phase 1
GDHM_SURVEY_CATEGORY_AVG,2024,554,GDHM_CAT4_WORKFORCE,,3.0,Phase 3
GDHM_SURVEY_COUNTRYRESPONSE_SCORE,2024,554,GDHM_CAT5_STANDARDS,GDHM_Q15,1.0,Phase 1
GDHM_SURVEY_COUNTRYRESPONSE_SCORE,2024,554,GDHM_CAT5_STANDARDS,GDHM_Q16,3.0,Phase 3
GDHM_SURVEY_CATEGORY_AVG,2024,554,GDHM_CAT5_STANDARDS,,2.0,Phase 2
GDHM_SURVEY_COUNTRYRESPONSE_SCORE,2024,554,GDHM_CAT6_INFRASTRUCTURE,GDHM_Q17,4.0,Phase 4
GDHM_SURVEY_COUNTRYRESPONSE_SCORE,2024,554,GDHM_CAT6_INFRASTRUCTURE,GDHM_Q18,4.0,Phase 4
GDHM_SURVEY_CATEGORY_AVG,2024,554,GDHM_CAT6_INFRASTRUCTURE,,4.0,Phase 4
GDHM_SURVEY_COUNTRYRESPONSE_SCORE,2024,554,GDHM_CAT7_SERV_APP,GDHM_Q19,3.0,Phase 3
GDHM_SURVEY_COUNTRYRESPONSE_SCORE,2024,554,GDHM_CAT7_SERV_APP,GDHM_Q20,3.0,Phase 3
GDHM_SURVEY_COUNTRYRESPONSE_SCORE,2024,554,GDHM_CAT7_SERV_APP,GDHM_Q21,5.0,Phase 5
GDHM_SURVEY_COUNTRYRESPONSE_SCORE,2024,554,GDHM_CAT7_SERV_APP,GDHM_Q21a,5.0,Phase 5
GDHM_SURVEY_COUNTRYRESPONSE_SCORE,2024,554,GDHM_CAT7_SERV_APP,GDHM_Q21b,5.0,Phase 5
GDHM_SURVEY_COUNTRYRESPONSE_SCORE,2024,554,GDHM_CAT7_SERV_APP,GDHM_Q21c,5.0,Phase 5
GDHM_SURVEY_COUNTRYRESPONSE_SCORE,2024,554,GDHM_CAT7_SERV_APP,GDHM_Q22,1.0,Phase 1
GDHM_SURVEY_COUNTRYRESPONSE_SCORE,2024,554,GDHM_CAT7_SERV_APP,GDHM_Q23,3.0,Phase 3
GDHM_SURVEY_CATEGORY_AVG,2024,554,GDHM_CAT7_SERV_APP,,3.0,Phase 3
GDHM_SURVEY_COUNTRYRESPONSE_SCORE,2024,562,GDHM_CAT1_LEAD_GOV,GDHM_Q01,3.0,Phase 3
GDHM_SURVEY_COUNTRYRESPONSE_SCORE,2024,562,GDHM_CAT1_LEAD_GOV,GDHM_Q02,5.0,Phase 5
GDHM_SURVEY_COUNTRYRESPONSE_SCORE,2024,562,GDHM_CAT1_LEAD_GOV,GDHM_Q02a,2.0,Phase 2
GDHM_SURVEY_COUNTRYRESPONSE_SCORE,2024,562,GDHM_CAT1_LEAD_GOV,GDHM_Q03,1.0,Phase 1
GDHM_SURVEY_COUNTRYRESPONSE_SCORE,2024,562,GDHM_CAT1_LEAD_GOV,GDHM_Q04,4.0,Phase 4
GDHM_SURVEY_COUNTRYRESPONSE_SCORE,2024,562,GDHM_CAT1_LEAD_GOV,GDHM_Q04a,3.0,Phase 3
GDHM_SURVEY_CATEGORY_AVG,2024,562,GDHM_CAT1_LEAD_GOV,,4.0,Phase 4
GDHM_SURVEY_COUNTRYRESPONSE_SCORE,2024,562,GDHM_CAT2_STRAT_INV,GDHM_Q05,4.0,Phase 4
GDHM_SURVEY_COUNTRYRESPONSE_SCORE,2024,562,GDHM_CAT2_STRAT_INV,GDHM_Q05a,4.0,Phase 4
GDHM_SURVEY_COUNTRYRESPONSE_SCORE,2024,562,GDHM_CAT2_STRAT_INV,GDHM_Q06,3.0,Phase 3
GDHM_SURVEY_COUNTRYRESPONSE_SCORE,2024,562,GDHM_CAT2_STRAT_INV,GDHM_Q06a,2.0,Phase 2
GDHM_SURVEY_CATEGORY_AVG,2024,562,GDHM_CAT2_STRAT_INV,,4.0,Phase 4
GDHM_SURVEY_COUNTRYRESPONSE_SCORE,2024,562,GDHM_CAT3_LEG,GDHM_Q07,4.0,Phase 4
GDHM_SURVEY_COUNTRYRESPONSE_SCORE,2024,562,GDHM_CAT3_LEG,GDHM_Q08,5.0,Phase 5
GDHM_SURVEY_COUNTRYRESPONSE_SCORE,2024,562,GDHM_CAT3_LEG,GDHM_Q09,1.0,Phase 1
GDHM_SURVEY_COUNTRYRESPONSE_SCORE,2024,562,GDHM_CAT3_LEG,GDHM_Q09a,1.0,Phase 1
GDHM_SURVEY_COUNTRYRESPONSE_SCORE,2024,562,GDHM_CAT3_LEG,GDHM_Q10,3.0,Phase 3
GDHM_SURVEY_CATEGORY_AVG,2024,562,GDHM_CAT3_LEG,,4.0,Phase 4
GDHM_SURVEY_COUNTRYRESPONSE_SCORE,2024,562,GDHM_CAT4_WORKFORCE,GDHM_Q11,1.0,Phase 1
GDHM_SURVEY_COUNTRYRESPONSE_SCORE,2024,562,GDHM_CAT4_WORKFORCE,GDHM_Q12,1.0,Phase 1
GDHM_SURVEY_COUNTRYRESPONSE_SCORE,2024,562,GDHM_CAT4_WORKFORCE,GDHM_Q13,1.0,Phase 1
GDHM_SURVEY_COUNTRYRESPONSE_SCORE,2024,562,GDHM_CAT4_WORKFORCE,GDHM_Q14,1.0,Phase 1
GDHM_SURVEY_CATEGORY_AVG,2024,562,GDHM_CAT4_WORKFORCE,,1.0,Phase 1
GDHM_SURVEY_COUNTRYRESPONSE_SCORE,2024,562,GDHM_CAT5_STANDARDS,GDHM_Q15,2.0,Phase 2
GDHM_SURVEY_COUNTRYRESPONSE_SCORE,2024,562,GDHM_CAT5_STANDARDS,GDHM_Q16,3.0,Phase 3
GDHM_SURVEY_CATEGORY_AVG,2024,562,GDHM_CAT5_STANDARDS,,3.0,Phase 3
GDHM_SURVEY_COUNTRYRESPONSE_SCORE,2024,562,GDHM_CAT6_INFRASTRUCTURE,GDHM_Q17,0.0,Not Available
GDHM_SURVEY_COUNTRYRESPONSE_SCORE,2024,562,GDHM_CAT6_INFRASTRUCTURE,GDHM_Q18,2.0,Phase 2
GDHM_SURVEY_CATEGORY_AVG,2024,562,GDHM_CAT6_INFRASTRUCTURE,,2.0,Phase 2
GDHM_SURVEY_COUNTRYRESPONSE_SCORE,2024,562,GDHM_CAT7_SERV_APP,GDHM_Q19,2.0,Phase 2
GDHM_SURVEY_COUNTRYRESPONSE_SCORE,2024,562,GDHM_CAT7_SERV_APP,GDHM_Q20,4.0,Phase 4
GDHM_SURVEY_COUNTRYRESPONSE_SCORE,2024,562,GDHM_CAT7_SERV_APP,GDHM_Q21,1.0,Phase 1
GDHM_SURVEY_COUNTRYRESPONSE_SCORE,2024,562,GDHM_CAT7_SERV_APP,GDHM_Q21a,1.0,Phase 1
GDHM_SURVEY_COUNTRYRESPONSE_SCORE,2024,562,GDHM_CAT7_SERV_APP,GDHM_Q21b,1.0,Phase 1
GDHM_SURVEY_COUNTRYRESPONSE_SCORE,2024,562,GDHM_CAT7_SERV_APP,GDHM_Q21c,0.0,Not Available
GDHM_SURVEY_COUNTRYRESPONSE_SCORE,2024,562,GDHM_CAT7_SERV_APP,GDHM_Q22,2.0,Phase 2
GDHM_SURVEY_COUNTRYRESPONSE_SCORE,2024,562,GDHM_CAT7_SERV_APP,GDHM_Q23,4.0,Phase 4
GDHM_SURVEY_CATEGORY_AVG,2024,562,GDHM_CAT7_SERV_APP,,3.0,Phase 3
GDHM_SURVEY_COUNTRYRESPONSE_SCORE,2024,620,GDHM_CAT1_LEAD_GOV,GDHM_Q01,5.0,Phase 5
GDHM_SURVEY_COUNTRYRESPONSE_SCORE,2024,620,GDHM_CAT1_LEAD_GOV,GDHM_Q02,5.0,Phase 5
GDHM_SURVEY_COUNTRYRESPONSE_SCORE,2024,620,GDHM_CAT1_LEAD_GOV,GDHM_Q02a,5.0,Phase 5
GDHM_SURVEY_COUNTRYRESPONSE_SCORE,2024,620,GDHM_CAT1_LEAD_GOV,GDHM_Q03,5.0,Phase 5
GDHM_SURVEY_COUNTRYRESPONSE_SCORE,2024,620,GDHM_CAT1_LEAD_GOV,GDHM_Q04,5.0,Phase 5
GDHM_SURVEY_COUNTRYRESPONSE_SCORE,2024,620,GDHM_CAT1_LEAD_GOV,GDHM_Q04a,2.0,Phase 2
GDHM_SURVEY_CATEGORY_AVG,2024,620,GDHM_CAT1_LEAD_GOV,,5.0,Phase 5
GDHM_SURVEY_COUNTRYRESPONSE_SCORE,2024,620,GDHM_CAT2_STRAT_INV,GDHM_Q05,5.0,Phase 5
GDHM_SURVEY_COUNTRYRESPONSE_SCORE,2024,620,GDHM_CAT2_STRAT_INV,GDHM_Q05a,4.0,Phase 4
GDHM_SURVEY_COUNTRYRESPONSE_SCORE,2024,620,GDHM_CAT2_STRAT_INV,GDHM_Q06,5.0,Phase 5
GDHM_SURVEY_COUNTRYRESPONSE_SCORE,2024,620,GDHM_CAT2_STRAT_INV,GDHM_Q06a,0.0,Not Available
GDHM_SURVEY_CATEGORY_AVG,2024,620,GDHM_CAT2_STRAT_INV,,5.0,Phase 5
GDHM_SURVEY_COUNTRYRESPONSE_SCORE,2024,620,GDHM_CAT3_LEG,GDHM_Q07,5.0,Phase 5
GDHM_SURVEY_COUNTRYRESPONSE_SCORE,2024,620,GDHM_CAT3_LEG,GDHM_Q08,5.0,Phase 5
GDHM_SURVEY_COUNTRYRESPONSE_SCORE,2024,620,GDHM_CAT3_LEG,GDHM_Q09,3.0,Phase 3
GDHM_SURVEY_COUNTRYRESPONSE_SCORE,2024,620,GDHM_CAT3_LEG,GDHM_Q09a,1.0,Phase 1
GDHM_SURVEY_COUNTRYRESPONSE_SCORE,2024,620,GDHM_CAT3_LEG,GDHM_Q10,5.0,Phase 5
GDHM_SURVEY_CATEGORY_AVG,2024,620,GDHM_CAT3_LEG,,5.0,Phase 5
GDHM_SURVEY_COUNTRYRESPONSE_SCORE,2024,620,GDHM_CAT4_WORKFORCE,GDHM_Q11,3.0,Phase 3
GDHM_SURVEY_COUNTRYRESPONSE_SCORE,2024,620,GDHM_CAT4_WORKFORCE,GDHM_Q12,3.0,Phase 3
GDHM_SURVEY_COUNTRYRESPONSE_SCORE,2024,620,GDHM_CAT4_WORKFORCE,GDHM_Q13,4.0,Phase 4
GDHM_SURVEY_COUNTRYRESPONSE_SCORE,2024,620,GDHM_CAT4_WORKFORCE,GDHM_Q14,0.0,Not Available
GDHM_SURVEY_CATEGORY_AVG,2024,620,GDHM_CAT4_WORKFORCE,,4.0,Phase 4
GDHM_SURVEY_COUNTRYRESPONSE_SCORE,2024,620,GDHM_CAT5_STANDARDS,GDHM_Q15,5.0,Phase 5
GDHM_SURVEY_COUNTRYRESPONSE_SCORE,2024,620,GDHM_CAT5_STANDARDS,GDHM_Q16,5.0,Phase 5
GDHM_SURVEY_CATEGORY_AVG,2024,620,GDHM_CAT5_STANDARDS,,5.0,Phase 5
GDHM_SURVEY_COUNTRYRESPONSE_SCORE,2024,620,GDHM_CAT6_INFRASTRUCTURE,GDHM_Q17,4.0,Phase 4
GDHM_SURVEY_COUNTRYRESPONSE_SCORE,2024,620,GDHM_CAT6_INFRASTRUCTURE,GDHM_Q18,5.0,Phase 5
GDHM_SURVEY_CATEGORY_AVG,2024,620,GDHM_CAT6_INFRASTRUCTURE,,5.0,Phase 5
GDHM_SURVEY_COUNTRYRESPONSE_SCORE,2024,620,GDHM_CAT7_SERV_APP,GDHM_Q19,5.0,Phase 5
GDHM_SURVEY_COUNTRYRESPONSE_SCORE,2024,620,GDHM_CAT7_SERV_APP,GDHM_Q20,0.0,Not Available
GDHM_SURVEY_COUNTRYRESPONSE_SCORE,2024,620,GDHM_CAT7_SERV_APP,GDHM_Q21,5.0,Phase 5
GDHM_SURVEY_COUNTRYRESPONSE_SCORE,2024,620,GDHM_CAT7_SERV_APP,GDHM_Q21a,5.0,Phase 5
GDHM_SURVEY_COUNTRYRESPONSE_SCORE,2024,620,GDHM_CAT7_SERV_APP,GDHM_Q21b,5.0,Phase 5
GDHM_SURVEY_COUNTRYRESPONSE_SCORE,2024,620,GDHM_CAT7_SERV_APP,GDHM_Q21c,5.0,Phase 5
GDHM_SURVEY_COUNTRYRESPONSE_SCORE,2024,620,GDHM_CAT7_SERV_APP,GDHM_Q22,5.0,Phase 5
GDHM_SURVEY_COUNTRYRESPONSE_SCORE,2024,620,GDHM_CAT7_SERV_APP,GDHM_Q23,5.0,Phase 5
GDHM_SURVEY_CATEGORY_AVG,2024,620,GDHM_CAT7_SERV_APP,,5.0,Phase 5
GDHM_SURVEY_COUNTRYRESPONSE_SCORE,2024,682,GDHM_CAT1_LEAD_GOV,GDHM_Q01,5.0,Phase 5
GDHM_SURVEY_COUNTRYRESPONSE_SCORE,2024,682,GDHM_CAT1_LEAD_GOV,GDHM_Q02,5.0,Phase 5
GDHM_SURVEY_COUNTRYRESPONSE_SCORE,2024,682,GDHM_CAT1_LEAD_GOV,GDHM_Q02a,5.0,Phase 5
GDHM_SURVEY_COUNTRYRESPONSE_SCORE,2024,682,GDHM_CAT1_LEAD_GOV,GDHM_Q03,5.0,Phase 5
GDHM_SURVEY_COUNTRYRESPONSE_SCORE,2024,682,GDHM_CAT1_LEAD_GOV,GDHM_Q04,5.0,Phase 5
GDHM_SURVEY_COUNTRYRESPONSE_SCORE,2024,682,GDHM_CAT1_LEAD_GOV,GDHM_Q04a,5.0,Phase 5
GDHM_SURVEY_CATEGORY_AVG,2024,682,GDHM_CAT1_LEAD_GOV,,5.0,Phase 5
GDHM_SURVEY_COUNTRYRESPONSE_SCORE,2024,682,GDHM_CAT2_STRAT_INV,GDHM_Q05,5.0,Phase 5
GDHM_SURVEY_COUNTRYRESPONSE_SCORE,2024,682,GDHM_CAT2_STRAT_INV,GDHM_Q05a,5.0,Phase 5
GDHM_SURVEY_COUNTRYRESPONSE_SCORE,2024,682,GDHM_CAT2_STRAT_INV,GDHM_Q06,5.0,Phase 5
GDHM_SURVEY_COUNTRYRESPONSE_SCORE,2024,682,GDHM_CAT2_STRAT_INV,GDHM_Q06a,5.0,Phase 5
GDHM_SURVEY_CATEGORY_AVG,2024,682,GDHM_CAT2_STRAT_INV,,5.0,Phase 5
GDHM_SURVEY_COUNTRYRESPONSE_SCORE,2024,682,GDHM_CAT3_LEG,GDHM_Q07,5.0,Phase 5
GDHM_SURVEY_COUNTRYRESPONSE_SCORE,2024,682,GDHM_CAT3_LEG,GDHM_Q08,5.0,Phase 5
GDHM_SURVEY_COUNTRYRESPONSE_SCORE,2024,682,GDHM_CAT3_LEG,GDHM_Q09,5.0,Phase 5
GDHM_SURVEY_COUNTRYRESPONSE_SCORE,2024,682,GDHM_CAT3_LEG,GDHM_Q09a,5.0,Phase 5
GDHM_SURVEY_COUNTRYRESPONSE_SCORE,2024,682,GDHM_CAT3_LEG,GDHM_Q10,5.0,Phase 5
GDHM_SURVEY_CATEGORY_AVG,2024,682,GDHM_CAT3_LEG,,5.0,Phase 5
GDHM_SURVEY_COUNTRYRESPONSE_SCORE,2024,682,GDHM_CAT4_WORKFORCE,GDHM_Q11,5.0,Phase 5
GDHM_SURVEY_COUNTRYRESPONSE_SCORE,2024,682,GDHM_CAT4_WORKFORCE,GDHM_Q12,5.0,Phase 5
GDHM_SURVEY_COUNTRYRESPONSE_SCORE,2024,682,GDHM_CAT4_WORKFORCE,GDHM_Q13,5.0,Phase 5
GDHM_SURVEY_COUNTRYRESPONSE_SCORE,2024,682,GDHM_CAT4_WORKFORCE,GDHM_Q14,5.0,Phase 5
GDHM_SURVEY_CATEGORY_AVG,2024,682,GDHM_CAT4_WORKFORCE,,5.0,Phase 5
GDHM_SURVEY_COUNTRYRESPONSE_SCORE,2024,682,GDHM_CAT5_STANDARDS,GDHM_Q15,5.0,Phase 5
GDHM_SURVEY_COUNTRYRESPONSE_SCORE,2024,682,GDHM_CAT5_STANDARDS,GDHM_Q16,5.0,Phase 5
GDHM_SURVEY_CATEGORY_AVG,2024,682,GDHM_CAT5_STANDARDS,,5.0,Phase 5
GDHM_SURVEY_COUNTRYRESPONSE_SCORE,2024,682,GDHM_CAT6_INFRASTRUCTURE,GDHM_Q17,4.0,Phase 4
GDHM_SURVEY_COUNTRYRESPONSE_SCORE,2024,682,GDHM_CAT6_INFRASTRUCTURE,GDHM_Q18,5.0,Phase 5
GDHM_SURVEY_CATEGORY_AVG,2024,682,GDHM_CAT6_INFRASTRUCTURE,,5.0,Phase 5
GDHM_SURVEY_COUNTRYRESPONSE_SCORE,2024,682,GDHM_CAT7_SERV_APP,GDHM_Q19,5.0,Phase 5
GDHM_SURVEY_COUNTRYRESPONSE_SCORE,2024,682,GDHM_CAT7_SERV_APP,GDHM_Q20,4.0,Phase 4
GDHM_SURVEY_COUNTRYRESPONSE_SCORE,2024,682,GDHM_CAT7_SERV_APP,GDHM_Q21,5.0,Phase 5
GDHM_SURVEY_COUNTRYRESPONSE_SCORE,2024,682,GDHM_CAT7_SERV_APP,GDHM_Q21a,5.0,Phase 5
GDHM_SURVEY_COUNTRYRESPONSE_SCORE,2024,682,GDHM_CAT7_SERV_APP,GDHM_Q21b,5.0,Phase 5
GDHM_SURVEY_COUNTRYRESPONSE_SCORE,2024,682,GDHM_CAT7_SERV_APP,GDHM_Q21c,5.0,Phase 5
GDHM_SURVEY_COUNTRYRESPONSE_SCORE,2024,682,GDHM_CAT7_SERV_APP,GDHM_Q22,5.0,Phase 5
GDHM_SURVEY_COUNTRYRESPONSE_SCORE,2024,682,GDHM_CAT7_SERV_APP,GDHM_Q23,5.0,Phase 5
GDHM_SURVEY_CATEGORY_AVG,2024,682,GDHM_CAT7_SERV_APP,,5.0,Phase 5
GDHM_SURVEY_COUNTRYRESPONSE_SCORE,2024,686,GDHM_CAT1_LEAD_GOV,GDHM_Q01,3.0,Phase 3
GDHM_SURVEY_COUNTRYRESPONSE_SCORE,2024,686,GDHM_CAT1_LEAD_GOV,GDHM_Q02,4.0,Phase 4
GDHM_SURVEY_COUNTRYRESPONSE_SCORE,2024,686,GDHM_CAT1_LEAD_GOV,GDHM_Q02a,4.0,Phase 4
GDHM_SURVEY_COUNTRYRESPONSE_SCORE,2024,686,GDHM_CAT1_LEAD_GOV,GDHM_Q03,3.0,Phase 3
