iso3,confidence,section,category,url,publisher_class
ALB,medium,source,access,https://idp.al/wp-content/uploads/2025/07/ligj-2024-12-19-124.pdf,official
ALB,medium,source,access,https://www.ishp.gov.al/wp-content/uploads/2015/ligjet/Per-kujdesin-shendetesor-ne-Republiken-e-Shqiperise.pdf,official
ALB,medium,source,access,https://rtsh.al/kartela-dhe-rezervimi-per-berjen-e-vaksinave-per-femijet-0-7-vjec-online-tek-e-albania/,news
ALB,medium,source,access,https://rtsh.al/gjendja-e-sistemit-spitalor-pd-kerkon-interpelance-urgjente-me-ministren-sala/,news
ALB,medium,source,control,https://idp.al/wp-content/uploads/2025/07/ligj-2024-12-19-124.pdf,official
ALB,medium,source,control,https://www.ishp.gov.al/wp-content/uploads/2015/ligjet/Per-kujdesin-shendetesor-ne-Republiken-e-Shqiperise.pdf,official
ALB,medium,source,privacy,https://idp.al/wp-content/uploads/2025/07/ligj-2024-12-19-124.pdf,official
ALB,medium,source,privacy,https://enlargement.ec.europa.eu/document/download/fe9138b7-90fe-4277-a12c-3a03f6d1957f_en?filename=albania-report-2025.pdf,official
ALB,medium,source,privacy,https://rtsh.al/900-ankesa-per-cenim-te-te-dhenave-personale-ligji-i-ri-ka-shtrenguar-masat/,news
ALB,medium,source,commercial,https://idp.al/wp-content/uploads/2025/07/ligj-2024-12-19-124.pdf,official
ALB,medium,source,journey,https://enlargement.ec.europa.eu/document/download/fe9138b7-90fe-4277-a12c-3a03f6d1957f_en?filename=albania-report-2025.pdf,official
ALB,medium,source,journey,https://fsdksh.gov.al/nenshkrimi-elektronik-nje-tjeter-element-dhe-standard-i-rendesishem-i-shendetesise-elektronike/,official
ALB,medium,source,journey,https://rtsh.al/sala-nis-konsultimi-publik-per-krijimin-e-institutit-onkologjik-kombetar-nga-1-gushti-spitalet-publike-funksionojne-elektronikisht/,news
ALB,medium,source,journey,https://rtsh.al/gjendja-e-sistemit-spitalor-pd-kerkon-interpelance-urgjente-me-ministren-sala/,news
ALB,medium,source,clinical,https://www.ishp.gov.al/wp-content/uploads/2015/ligjet/Per-kujdesin-shendetesor-ne-Republiken-e-Shqiperise.pdf,official
ALB,medium,source,clinical,https://rtsh.al/gjendja-e-sistemit-spitalor-pd-kerkon-interpelance-urgjente-me-ministren-sala/,news
ALB,medium,source,clinical,https://rtsh.al/sala-nis-konsultimi-publik-per-krijimin-e-institutit-onkologjik-kombetar-nga-1-gushti-spitalet-publike-funksionojne-elektronikisht/,news
ALB,medium,source,research,https://idp.al/wp-content/uploads/2025/07/ligj-2024-12-19-124.pdf,official
ALB,medium,source,ai,https://enlargement.ec.europa.eu/document/download/fe9138b7-90fe-4277-a12c-3a03f6d1957f_en?filename=albania-report-2025.pdf,official
ALB,medium,source,ai,https://rtsh.al/projektligji-i-ri-percakton-rregulla-te-rrepta-per-pajisjet-mjekesore-diagnostikuese-in-vitro/,news
ALB,medium,source,ai,https://rtsh.al/rama-1-mld-euro-per-shendetesine-15-mln-euro-ekstra-per-pacientet-e-onkologjikut-2026-viti-i-ai-ne-mjekesi/,news
ALB,medium,law,laws,https://idp.al/wp-content/uploads/2025/07/ligj-2024-12-19-124.pdf,official
ALB,medium,law,laws,https://www.ishp.gov.al/wp-content/uploads/2015/ligjet/Per-kujdesin-shendetesor-ne-Republiken-e-Shqiperise.pdf,official
ALB,medium,law,laws,https://idp.al/wp-content/uploads/2024/01/ligji_9288_koventa-1.pdf,official
ALB,medium,law,laws,https://idp.al/wp-content/uploads/2024/01/ligji-49-2022.pdf,official
ARE,high,source,access,https://staticcdn.malaffi.ae/wpblobe9e5523f25/2021/02/2020-09-15-DOH-Standard-on-Patient-Healthcare-Data-Privacy-for-publication-2.pdf,news
ARE,high,source,access,https://dha.gov.ae/uploads/082022/Health%20Data%20Protection%20and%20Confidentiality%20Policy_EN2022810559.pdf,official
ARE,high,source,access,https://sahatna-app.doh.gov.ae/en/faqs/,official
ARE,high,source,access,https://web.archive.org/web/20260122171056/https://mohap.gov.ae/en/w/smart-patient-portal,official
ARE,high,source,control,https://web.archive.org/web/20250415110215/https://mohap.gov.ae/documents/20117/590019/Riayati_Confidentiality_and_data_privacy_policy_V1.2.pdf/114cf9a6-69d8-32a1-53e7-6ef447d1a7f8,official
ARE,high,source,control,https://dha.gov.ae/uploads/012025/Standards%20for%20Consnet%20and%20Access%20Control2025129762.pdf,official
ARE,high,source,control,https://www.doh.gov.ae/-/media/A78104416DF2440E89AC90FB75F11055.ashx,official
ARE,high,source,control,https://staticcdn.malaffi.ae/wpblobe9e5523f25/2021/02/2020-09-15-DOH-Standard-on-Patient-Healthcare-Data-Privacy-for-publication-2.pdf,news
ARE,high,source,privacy,https://web.archive.org/web/20251126033721/https://uaelegislation.gov.ae/en/legislations/1209/download,official
ARE,high,source,privacy,https://web.archive.org/web/20260907034008/https://www.uaelegislation.gov.ae/en/legislations/1972/download,official
ARE,high,source,privacy,https://www.morganlewis.com/pubs/2026/06/uae-establishes-federal-authority-for-artificial-intelligence-and-data,law_firm
ARE,high,source,privacy,https://www.semafor.com/article/06/11/2025/millions-of-dubai-patient-records-hacked,news
ARE,high,source,commercial,https://web.archive.org/web/20251126033721/https://uaelegislation.gov.ae/en/legislations/1209/download,official
ARE,high,source,commercial,https://www.doh.gov.ae/-/media/A78104416DF2440E89AC90FB75F11055.ashx,official
ARE,high,source,commercial,https://u.ae/en/about-the-uae/digital-uae/data/data-protection-laws,news
ARE,high,source,commercial,https://www.malaffi.ae/malaffi-reaches-3-5-billion-clinical-records-setting-a-new-standard-for-healthcare-innovation-in-abu-dhabi/,official
ARE,high,source,journey,https://www.malaffi.ae/malaffi-progress-report/,official
ARE,high,source,journey,https://economymiddleeast.com/news/dubai-health-authority-enabling-a-future-ready-health-sector-interview/,news
ARE,high,source,journey,https://www.malaffi.ae/dohs-malaffi-and-mohap-announce-the-completion-of-the-latest-phase-of-riayati-integration/,official
ARE,high,source,journey,https://www.malaffi.ae/faq-end-users/general/,official
ARE,high,source,clinical,https://www.malaffi.ae/faq-end-users/general/,official
ARE,high,source,clinical,https://www.malaffi.ae/media-center/,official
ARE,high,source,clinical,https://dha.gov.ae/uploads/012025/Standards%20for%20Consnet%20and%20Access%20Control2025129762.pdf,official
ARE,high,source,clinical,https://web.archive.org/web/20250415110215/https://mohap.gov.ae/documents/20117/590019/Riayati_Confidentiality_and_data_privacy_policy_V1.2.pdf/114cf9a6-69d8-32a1-53e7-6ef447d1a7f8,official
ARE,high,source,research,https://web.archive.org/web/20251126033721/https://uaelegislation.gov.ae/en/legislations/1209/download,official
ARE,high,source,research,https://web.archive.org/web/20250415110215/https://mohap.gov.ae/documents/20117/590019/Riayati_Confidentiality_and_data_privacy_policy_V1.2.pdf/114cf9a6-69d8-32a1-53e7-6ef447d1a7f8,official
ARE,high,source,research,https://www.doh.gov.ae/-/media/C07A10ADB6504312A601E3A514D43084.ashx,official
ARE,high,source,research,https://www.simmons-simmons.com/en/publications/ckcbolcc9l9s90a791x94jrz0/new-regulation-on-the-use-of-ict-in-healthcare-in-the-uae,news
ARE,high,source,ai,https://web.archive.org/web/20260107203406/https://uaelegislation.gov.ae/en/legislations/2751/download,official
ARE,high,source,ai,https://www.doh.gov.ae/-/media/Feature/Resources/Standards/2025/Responsible-AI-Standard-V1.ashx,official
ARE,high,source,ai,https://www.ibanet.org/ai-healthcare-regulation-uae,law_firm
ARE,high,law,laws,https://web.archive.org/web/20251126033721/https://uaelegislation.gov.ae/en/legislations/1209/download,official
ARE,high,law,laws,https://web.archive.org/web/20260907034008/https://www.uaelegislation.gov.ae/en/legislations/1972/download,official
ARE,high,law,laws,https://web.archive.org/web/20260107203406/https://uaelegislation.gov.ae/en/legislations/2751/download,official
ARE,high,law,laws,https://staticcdn.malaffi.ae/wpblobe9e5523f25/2021/02/2020-09-15-DOH-Standard-on-Patient-Healthcare-Data-Privacy-for-publication-2.pdf,news
ARE,high,law,laws,https://www.doh.gov.ae/-/media/A78104416DF2440E89AC90FB75F11055.ashx,official
ARE,high,law,laws,https://dha.gov.ae/uploads/012025/Standards%20for%20Consnet%20and%20Access%20Control2025129762.pdf,official
ARE,high,law,laws,https://www.doh.gov.ae/-/media/Feature/Resources/Standards/2025/Responsible-AI-Standard-V1.ashx,official
ARG,medium,source,access,https://servicios.infoleg.gob.ar/infolegInternet/anexos/160000-164999/160432/texact.htm,legal_text
ARG,medium,source,access,https://servicios.infoleg.gob.ar/infolegInternet/anexos/195000-199999/199296/norma.htm,legal_text
ARG,medium,source,access,https://www.argentina.gob.ar/salud/frecuentes,official
ARG,medium,source,access,https://www.argentina.gob.ar/noticias/la-receta-electronica-se-incorpora-la-app-mi-argentina,official
ARG,medium,source,control,https://www.argentina.gob.ar/miargentina/configuracion-de-privacidad,official
ARG,medium,source,control,https://www.argentina.gob.ar/salud/frecuentes,official
ARG,medium,source,control,https://www.argentina.gob.ar/salud/digital/red,official
ARG,medium,source,control,https://servicios.infoleg.gob.ar/infolegInternet/anexos/60000-64999/64790/texact.htm,legal_text
ARG,medium,source,privacy,https://servicios.infoleg.gob.ar/infolegInternet/anexos/60000-64999/64790/texact.htm,legal_text
ARG,medium,source,privacy,https://servicios.infoleg.gob.ar/infolegInternet/anexos/395000-399999/399750/norma.htm,legal_text
ARG,medium,source,privacy,https://www.argentina.gob.ar/noticias/la-aaip-inicio-una-investigacion-de-oficio-ante-presunta-filtracion-masiva-de-datos,official
ARG,medium,source,privacy,https://commission.europa.eu/law/law-topic/data-protection/international-dimension-data-protection/adequacy-decisions_en,official
ARG,medium,source,commercial,https://servicios.infoleg.gob.ar/infolegInternet/anexos/60000-64999/64790/texact.htm,legal_text
ARG,medium,source,commercial,https://www.argentina.gob.ar/salud/digital/condiciones-de-uso,official
ARG,medium,source,commercial,https://servicios.infoleg.gob.ar/infolegInternet/anexos/395000-399999/399750/norma.htm,legal_text
ARG,medium,source,journey,https://www.argentina.gob.ar/noticias/salud-impulsa-la-interoperabilidad-para-consolidar-un-sistema-de-salud-digital-integrado,official
ARG,medium,source,journey,https://www.argentina.gob.ar/noticias/el-ministerio-de-salud-completa-la-implementacion-de-la-receta-electronica-ahora-tambien,official
ARG,medium,source,journey,https://msptucuman.gov.ar/integracion-sanitaria-digital-en-tucuman-impulsa-la-atencion-federal-de-pacientes/,official
ARG,medium,source,journey,https://www.convergencia.com/a-diario-convergencia/la-plataforma-historia-de-salud-integrada-ya-alcanza-a-ocho-provincias-y-mas-de-1-600-establecimientos-5786/,news
ARG,medium,source,clinical,https://www.argentina.gob.ar/salud/digital/red,official
ARG,medium,source,clinical,https://www.argentina.gob.ar/salud/frecuentes,official
ARG,medium,source,clinical,https://servicios.infoleg.gob.ar/infolegInternet/anexos/380000-384999/380710/norma.htm,legal_text
ARG,medium,source,clinical,https://msptucuman.gov.ar/integracion-sanitaria-digital-en-tucuman-impulsa-la-atencion-federal-de-pacientes/,official
ARG,medium,source,research,https://www.argentina.gob.ar/normativa/nacional/norma-187206/actualizacion,official
ARG,medium,source,research,https://servicios.infoleg.gob.ar/infolegInternet/anexos/60000-64999/64790/texact.htm,legal_text
ARG,medium,source,research,https://www.argentina.gob.ar/noticias/nueva-normativa-sobre-buenas-practicas-clinicas-para-estudios-de-farmacologia-clinica,official
ARG,medium,source,ai,https://www.argentina.gob.ar/noticias/anmat-actualiza-los-criterios-regulatorios-para-software-como-dispositivo-medico-samd,official
ARG,medium,source,ai,https://servicios.infoleg.gob.ar/infolegInternet/anexos/405000-409999/408309/norma.htm,legal_text
ARG,medium,source,ai,https://abogados.com.ar/inteligencia-artificial-y-software-medico-en-argentina-desafios-regulatorios-para-el-regimen-de-productos-medicos/40131,news
ARG,medium,law,laws,https://servicios.infoleg.gob.ar/infolegInternet/anexos/160000-164999/160432/texact.htm,legal_text
ARG,medium,law,laws,https://servicios.infoleg.gob.ar/infolegInternet/anexos/60000-64999/64790/texact.htm,legal_text
ARG,medium,law,laws,https://servicios.infoleg.gob.ar/infolegInternet/anexos/380000-384999/380710/norma.htm,legal_text
ARG,medium,law,laws,https://servicios.infoleg.gob.ar/infolegInternet/anexos/340000-344999/340919/norma.htm,legal_text
ARG,medium,law,laws,https://www.argentina.gob.ar/normativa/nacional/norma-187206/actualizacion,official
ARG,medium,law,laws,https://servicios.infoleg.gob.ar/infolegInternet/anexos/405000-409999/408309/norma.htm,legal_text
ARG,medium,law,laws,https://normas.gba.gob.ar/documentos/xAm1DYco.html,official
AUS,high,source,access,https://www.digitalhealth.gov.au/sites/default/files/documents/my-health-record-statistics-july-2026-landscape.pdf,official
AUS,high,source,access,https://www.digitalhealth.gov.au/newsroom/media/australians-already-seeing-the-benefits-of-sharing-health-information-by-default,official
AUS,high,source,access,https://www.oaic.gov.au/privacy/your-privacy-rights/health-information/access-your-health-information,official
AUS,high,source,access,https://www.healthdirect.gov.au/my-health-record,official
AUS,high,source,control,https://www.oaic.gov.au/privacy/privacy-guidance-for-organisations-and-government-agencies/health-service-providers/my-health-record/my-health-record-access-controls,official
AUS,high,source,control,https://www.oaic.gov.au/privacy/your-privacy-rights/health-information/my-health-record/manage-your-my-health-record,official
AUS,high,source,control,https://www.legislation.gov.au/C2012A00063/latest/text,official
AUS,high,source,control,https://www.digitalhealth.gov.au/sites/default/files/documents/my-health-record-statistics-july-2026-landscape.pdf,official
AUS,high,source,privacy,https://www.oaic.gov.au/news/media-centre/australian-clinical-labs-ordered-to-pay-penalties-in-relation-to-medlab-pathology-data-breach-in-first-for-privacy-act,official
AUS,high,source,privacy,"https://www.oaic.gov.au/news/media-centre/data-breach-notifications-increase-to-all-time-high-in-2025,-new-ndb-stats-show",official
AUS,high,source,privacy,https://www.oaic.gov.au/about-the-OAIC/our-corporate-information/digital-health-annual-reports/annual-report-of-the-australian-information-commissioners-activities-in-relation-to-digital-health-202425,official
AUS,high,source,privacy,https://iapp.org/news/a/australia-publishes-initial-proposals-for-second-wave-of-privacy-act-reforms,news
AUS,high,source,commercial,https://www.legislation.gov.au/C2012A00063/latest/text,official
AUS,high,source,commercial,https://www.oaic.gov.au/news/media-centre/privacy-commissioner-finds-privacy-breaches-in-third-party-tracking-pixel-investigation,official
AUS,high,source,commercial,https://www.digitalhealth.gov.au/initiatives-and-programs/my-health-record/manage-your-record/privacy-and-access/secondary-use-of-data,official
AUS,high,source,journey,https://www.digitalhealth.gov.au/sites/default/files/documents/my-health-record-statistics-july-2026-landscape.pdf,official
AUS,high,source,journey,https://www.digitalhealth.gov.au/health-connect-australia,official
AUS,high,source,journey,https://www.digitalhealth.gov.au/newsroom/blogs/understanding-the-exploration-of-electronic-prescriptions-in-australia,official
AUS,high,source,journey,https://www.legislation.gov.au/F2025L01569/asmade/text,official
AUS,high,source,clinical,https://www.oaic.gov.au/privacy/privacy-guidance-for-organisations-and-government-agencies/health-service-providers/my-health-record/my-health-record-access-controls,official
AUS,high,source,clinical,https://www.legislation.gov.au/C2012A00063/latest/text,official
AUS,high,source,clinical,https://www.digitalhealth.gov.au/sites/default/files/documents/my-health-record-statistics-july-2026-landscape.pdf,official
AUS,high,source,research,https://www.digitalhealth.gov.au/initiatives-and-programs/my-health-record/manage-your-record/privacy-and-access/secondary-use-of-data,official
AUS,high,source,research,https://www.nhmrc.gov.au/about-us/publications/guidelines-approved-under-section-95a-privacy-act-1988,official
AUS,high,source,research,https://www.datacommissioner.gov.au/data-scheme/data-scheme-safeguards,official
AUS,high,source,research,https://www.legislation.gov.au/C2012A00063/latest/text,official
AUS,high,source,ai,https://consultations.tga.gov.au/tga/clarifying-and-strengthening-the-regulation-of-ai/supporting_documents/tga-report-clarifying-and-strengthening-the-regulation-of-medical-device-software-including-artificial-intelligence-aipdf,official
AUS,high,source,ai,https://www.tga.gov.au/news/news-articles/tga-ai-review-outcomes-report-published,official
AUS,high,source,ai,https://www.medicalrepublic.com.au/tga-flags-compliance-action-on-ai-scribes-as-review-finds-safety-concerns/127888,news
AUS,high,source,ai,https://www.abc.net.au/news/2025-12-02/national-artificial-intelligence-plan-growth-existing-laws/106086474,news
AUS,high,law,laws,https://www.legislation.gov.au/C2012A00063/latest/text,official
AUS,high,law,laws,https://www.legislation.gov.au/C2025A00008/asmade/text,official
AUS,high,law,laws,https://www.legislation.gov.au/C2004A03712/latest/text,official
AUS,high,law,laws,https://www.legislation.gov.au/C2024A00128/asmade/text,official
AUS,high,law,laws,https://www.legislation.gov.au/C2022A00011/latest/text,official
AUS,high,law,laws,https://www.legislation.gov.au/C2004A03952/latest/text,official
AUS,high,law,laws,https://legislation.nsw.gov.au/view/html/inforce/current/act-2002-071,official
AUT,high,source,access,https://www.ris.bka.gv.at/NormDokument.wxe?Abfrage=Bundesnormen&Gesetzesnummer=10011138&Paragraf=51,official
AUT,high,source,access,https://www.elga.gv.at/faq/elga-portal/,official
AUT,high,source,access,https://www.diepresse.com/20620100/mit-einer-app-die-eigenen-befunde-und-roentgenbilder-sehen,news
AUT,high,source,access,https://www.krone.at/3791556,news
AUT,high,source,control,https://www.ris.bka.gv.at/GeltendeFassung.wxe?Abfrage=Bundesnormen&Gesetzesnummer=20008120,official
AUT,high,source,control,https://www.elga.gv.at/faq/elga-portal/,official
AUT,high,source,control,https://www.gesundheit.gv.at/gesundheitsleistungen/elga/elga-login-teilnahme.html,official
AUT,high,source,control,https://www.rechnungshof.gv.at/rh/home/home/2024_32_ELGA.pdf,official
AUT,high,source,privacy,https://www.ris.bka.gv.at/GeltendeFassung.wxe?Abfrage=Bundesnormen&Gesetzesnummer=20008120,official
AUT,high,source,privacy,https://www.ris.bka.gv.at/GeltendeFassung.wxe?Abfrage=Bundesnormen&Gesetzesnummer=10001597,official
AUT,high,source,privacy,https://dsb.gv.at/sites/site0344/media/downloads/nl0126bf.pdf,official
AUT,high,source,privacy,https://ris.bka.gv.at/Dokumente/Dsk/DSBT_20260225_2025_0_745_017_00/DSBT_20260225_2025_0_745_017_00.pdf,official
AUT,high,source,commercial,https://www.ris.bka.gv.at/NormDokument.wxe?Abfrage=Bundesnormen&Gesetzesnummer=10010826&Paragraf=67,official
AUT,high,source,commercial,https://www.ris.bka.gv.at/NormDokument.wxe?Abfrage=Bundesnormen&Gesetzesnummer=10001979&Artikel=&Paragraf=11a&Anlage=&Uebergangsrecht=,official
AUT,high,source,commercial,https://www.ris.bka.gv.at/GeltendeFassung.wxe?Abfrage=Bundesnormen&Gesetzesnummer=20008120,official
AUT,high,source,commercial,https://www.haslinger-nagele.com/der-ehds-neue-regeln-fuer-gesundheitsdaten-ueberblick-und-ausblick/,news
AUT,high,source,journey,https://www.sozialministerium.gv.at/Services/Aktuelles/Archiv-2025/ELGA-befunde.html,official
AUT,high,source,journey,https://www.ris.bka.gv.at/NormDokument.wxe?Abfrage=Bundesnormen&Gesetzesnummer=10011138&Paragraf=49,official
AUT,high,source,journey,https://www.elga.gv.at/news/,official
AUT,high,source,journey,https://medianet.at/news/health-economy/patient-summary-soll-versorgung-erleichtern-76589.html,news
AUT,high,source,clinical,https://www.oesterreich.gv.at/de/themen/gesundheit/elektronisches-gesundheitssystem/elga_elektronische_gesundheitsakte/Seite.3110001,official
AUT,high,source,clinical,https://www.ris.bka.gv.at/GeltendeFassung.wxe?Abfrage=Bundesnormen&Gesetzesnummer=20008120,official
AUT,high,source,clinical,https://www.elga.gv.at/news/,official
AUT,high,source,clinical,https://medianet.at/news/health-economy/patient-summary-soll-versorgung-erleichtern-76589.html,news
AUT,high,source,research,https://www.parlament.gv.at/dokument/XXVIII/AB/4833/imfname_1758088.pdf,official
AUT,high,source,research,https://www.statistik.at/services/tools/datenzugang/center-wissenschaft/austrian-micro-data-center-amdc,news
AUT,high,source,research,https://www.bmfwf.gv.at/forschung/forschung-oesterreich/strategische-ausrichtung-beratende-gremien/leitthemen/registerforschung.html,official
AUT,high,source,research,https://health.ec.europa.eu/ehealth-digital-health-and-care/european-health-data-space-regulation-ehds_en,official
AUT,high,source,ai,https://digital-strategy.ec.europa.eu/en/policies/regulatory-framework-ai,official
AUT,high,source,ai,https://www.digitalaustria.gv.at/themen/kuenstliche-intelligenz/ai-act.html,official
AUT,high,source,ai,https://dsb.gv.at/sites/site0344/media/downloads/nl0126bf.pdf,official
AUT,high,law,laws,https://www.ris.bka.gv.at/GeltendeFassung.wxe?Abfrage=Bundesnormen&Gesetzesnummer=20008120,official
AUT,high,law,laws,https://www.ris.bka.gv.at/GeltendeFassung.wxe?Abfrage=Bundesnormen&Gesetzesnummer=10001597,official
AUT,high,law,laws,https://www.ris.bka.gv.at/NormDokument.wxe?Abfrage=Bundesnormen&Gesetzesnummer=10011138&Paragraf=51,official
AUT,high,law,laws,https://www.ris.bka.gv.at/NormDokument.wxe?Abfrage=Bundesnormen&Gesetzesnummer=10010285&Paragraf=10,official
AUT,high,law,laws,https://www.ris.bka.gv.at/NormDokument.wxe?Abfrage=LrW&Gesetzesnummer=20000282&Paragraf=17a,official
AUT,high,law,laws,https://www.ris.bka.gv.at/NormDokument.wxe?Abfrage=Bundesnormen&Gesetzesnummer=10010826&Paragraf=67,official
AUT,high,law,laws,https://health.ec.europa.eu/ehealth-digital-health-and-care/european-health-data-space-regulation-ehds_en,official
BEL,medium,source,access,https://www.ejustice.just.fgov.be/eli/loi/2002/08/22/2002022737/justel,news
BEL,medium,source,access,https://www.inami.fgov.be/fr/themes/esante/masante-consultez-et-gerez-vos-donnees-de-sante-en-ligne-et-via-notre-application-mobile,news
BEL,medium,source,access,https://ec.europa.eu/newsroom/dae/redirection/document/128636,official
BEL,medium,source,access,https://www.lespecialiste.be/fr/actualites/e-health/abrumet-soupconne-une-volonte-federale-de-centraliser-les-reseaux-de-sante.html,news
BEL,medium,source,control,https://www.ejustice.just.fgov.be/eli/loi/2019/04/22/2019041141/justel,news
BEL,medium,source,control,https://www.ehealth.fgov.be/ehealthplatform/nl/wet-van-21-augustus-2008-houdende-oprichting-en-organisatie-van-het-ehealth-platform,news
BEL,medium,source,control,https://www.ehealth.fgov.be/ehealthplatform/nl/privacy-notice,news
BEL,medium,source,control,https://www.absym-bvas.be/fr/actualite/retrait-de-lar-sur-lacces-aux-donnees-de-sante-confirmation-de-preoccupations-legitimes,news
BEL,medium,source,privacy,https://etaamb.openjustice.be/fr/loi-du-30-juillet-2018_n2018040581.html,news
BEL,medium,source,privacy,https://www.autoriteprotectiondonnees.be/index.php/publications/rapport-annuel-2025.pdf,news
BEL,medium,source,privacy,https://autoriteprotectiondonnees.be/publications/decision-quant-au-fond-n0-209-2025.pdf,news
BEL,medium,source,privacy,https://www.vrt.be/vrtnws/nl/2026/01/14/ziekenhuizen-cyberaanval-impact/,news
BEL,medium,source,commercial,https://etaamb.openjustice.be/fr/loi-du-04-avril-2014_n2014011239.html,news
BEL,medium,source,commercial,https://etaamb.openjustice.be/nl/wet-van-14-maart-2023_n2023041135.html,news
BEL,medium,source,commercial,https://etaamb.openjustice.be/fr/loi-du-30-juillet-2018_n2018040581.html,news
BEL,medium,source,journey,https://www.ehealth.fgov.be/ehealthplatform/nl/service-verwijzingsrepertorium-metahub,news
BEL,medium,source,journey,https://www.riziv.fgov.be/nl/thema-s/verzorging-kosten-en-terugbetaling/wat-het-ziekenfonds-terugbetaalt/geneesmiddelen/geneesmiddel-voorschrijven/geneesmiddelen-verplicht-elektronisch-voorschrijven,news
BEL,medium,source,journey,https://www.inami.fgov.be/fr/themes/esante/bihr-belgian-integrated-health-record-un-systeme-d-information-integre-pour-des-soins-de-qualite,news
BEL,medium,source,journey,https://www.medi-sfeer.be/nl/nieuws/e-health/e-gezondheid-het-plan-wordt-al-uitgevoerd-zonder-te-wachten-op-de-formele-goedkeuring.html,news
BEL,medium,source,clinical,https://www.ejustice.just.fgov.be/eli/loi/2019/04/22/2019041141/justel,news
BEL,medium,source,clinical,https://www.ehealth.fgov.be/ehealthplatform/nl/service-verwijzingsrepertorium-metahub,news
BEL,medium,source,clinical,https://www.frankrobben.be/fr/lechange-dinformations-electroniques-dans-les-soins-de-sante-en-belgique/,news
BEL,medium,source,clinical,https://autoriteprotectiondonnees.be/publications/decision-quant-au-fond-n0-209-2025.pdf,news
BEL,medium,source,research,https://www.ksz-bcss.fgov.be/nl/page/ivc-in-het-kort,news
BEL,medium,source,research,https://www.ehealth.fgov.be/ehealthplatform/nl/sectoraal-comite/documenten,news
BEL,medium,source,research,https://etaamb.openjustice.be/nl/wet-van-14-maart-2023_n2023041135.html,news
BEL,medium,source,research,https://www.ejustice.just.fgov.be/eli/loi/2004/05/07/2004022376/justel,news
BEL,medium,source,ai,https://digital-strategy.ec.europa.eu/en/news/ai-omnibus-enters-force,official
BEL,medium,source,ai,https://ec.europa.eu/newsroom/dae/redirection/document/128636,official
BEL,medium,law,laws,https://www.ejustice.just.fgov.be/eli/loi/2002/08/22/2002022737/justel,news
BEL,medium,law,laws,https://www.ejustice.just.fgov.be/eli/loi/2019/04/22/2019041141/justel,news
BEL,medium,law,laws,https://etaamb.openjustice.be/fr/loi-du-30-juillet-2018_n2018040581.html,news
BEL,medium,law,laws,https://etaamb.openjustice.be/fr/loi-du-04-avril-2014_n2014011239.html,news
BEL,medium,law,laws,https://etaamb.openjustice.be/nl/wet-van-14-maart-2023_n2023041135.html,news
BEL,medium,law,laws,https://codex.vlaanderen.be/PrintDocument.ashx?id=1037408&datum=&geannoteerd=true&print=false,news
BEL,medium,law,laws,https://health.ec.europa.eu/ehealth-digital-health-and-care/european-health-data-space-regulation-ehds_en,official
BGR,medium,source,access,https://asp.government.bg/uploaded/files/7032-zakon-za-zdraveto-28032025.pdf,official
BGR,medium,source,access,https://dv.parliament.bg/DVWeb/showMaterialDV.jsp?idMat=182160,official
BGR,medium,source,access,https://www.mh.government.bg/bg/novini/aktualno/4340,official
BGR,medium,source,access,https://www.bta.bg/bg/news/bulgaria/1065556-blizo-500-000-grazhdani-imat-dostap-do-zdravnite-si-dosieta-chrez-mobilnoto-pril,news
BGR,medium,source,control,https://dv.parliament.bg/DVWeb/showMaterialDV.jsp?idMat=182160,official
BGR,medium,source,control,https://his.bg/bg/news/89,official
BGR,medium,source,control,https://asp.government.bg/uploaded/files/7032-zakon-za-zdraveto-28032025.pdf,official
BGR,medium,source,privacy,https://cpdp.bg/wp-content/uploads/2026/04/corrected-Annual-report_2025_CPDP-12.03.2026-%D1%84%D0%B8%D0%BD%D0%B0%D0%BB.pdf,official
BGR,medium,source,privacy,https://utroruse.com/article/987626/,news
BGR,medium,source,privacy,https://commission.europa.eu/law/law-topic/data-protection/data-protection-eu_en,official
BGR,medium,source,commercial,https://asp.government.bg/uploaded/files/7032-zakon-za-zdraveto-28032025.pdf,official
BGR,medium,source,commercial,https://dv.parliament.bg/DVWeb/showMaterialDV.jsp?idMat=182160,official
BGR,medium,source,journey,https://asp.government.bg/uploaded/files/7032-zakon-za-zdraveto-28032025.pdf,official
BGR,medium,source,journey,"https://www.zdrave.net/%D0%9D%D0%BE%D0%B2%D0%B8%D0%BD%D0%B8/%D0%91%D0%BB%D0%B8%D0%B7%D0%BE-29-%D0%BC%D0%BB%D0%BD.-%D0%B5-%D0%BF%D1%80%D0%B5%D0%B3%D0%BB%D0%B5%D0%B4%D0%B0-%D1%80%D0%B5%D0%B3%D0%B8%D1%81%D1%82%D1%80%D0%B8%D1%80%D0%B0%D0%BD%D0%B8-%D0%B2-%D0%9D%D0%97%D0%98%D0%A1-%D0%BE%D1%82-%D0%BD%D0%B0%D1%87%D0%B0%D0%BB%D0%BE%D1%82%D0%BE-%D0%BD%D0%B0-2025-%D0%B3.,-%D0%BD%D0%B0%D0%B4-%D0%BF%D0%BE%D0%BB%D0%BE%D0%B2%D0%B8%D0%BD%D0%B0%D1%82%D0%B0-%D1%81%D0%B0-%D0%BF%D1%80%D0%B8-%D0%B4%D0%B6%D0%B8%D0%BF%D0%B8%D1%82%D0%B0/n34757",news
BGR,medium,source,journey,https://his.bg/bg/info/roadmap,official
BGR,medium,source,journey,https://zdrave.to/saveti-ot-spetsialisti/speshnoto-pacientsko-dosie-vliza-v-e-zdrave,news
BGR,medium,source,clinical,https://www.mh.government.bg/bg/novini/aktualno/4340,official
BGR,medium,source,clinical,https://dv.parliament.bg/DVWeb/showMaterialDV.jsp?idMat=182160,official
BGR,medium,source,clinical,https://zdrave.to/saveti-ot-spetsialisti/speshnoto-pacientsko-dosie-vliza-v-e-zdrave,news
BGR,medium,source,research,https://asp.government.bg/uploaded/files/7032-zakon-za-zdraveto-28032025.pdf,official
BGR,medium,source,research,https://dv.parliament.bg/DVWeb/showMaterialDV.jsp?idMat=182160,official
BGR,medium,source,research,https://health.ec.europa.eu/ehealth-digital-health-and-care/european-health-data-space-regulation-ehds_en,official
BGR,medium,source,ai,https://digital-strategy.ec.europa.eu/en/policies/regulatory-framework-ai,official
BGR,medium,source,ai,https://debati.bg/zakonodatelen-akt-za-izkustveniya-intelekt-balgariya-vse-osthe-nyama-nadzor-nad-visokoriskovite-sistemi/,news
BGR,medium,source,ai,https://novini247.com/novini/nov-zakon-za-izpolzvaneto-i-razvitieto-na-izkustveniya-intelekt-e_11238882.html,news
BGR,medium,law,laws,https://commission.europa.eu/law/law-topic/data-protection/data-protection-eu_en,official
BGR,medium,law,laws,https://asp.government.bg/uploaded/files/7032-zakon-za-zdraveto-28032025.pdf,official
BGR,medium,law,laws,https://dv.parliament.bg/DVWeb/showMaterialDV.jsp?idMat=182160,official
BGR,medium,law,laws,https://health.ec.europa.eu/ehealth-digital-health-and-care/european-health-data-space-regulation-ehds_en,official
BGR,medium,law,laws,https://digital-strategy.ec.europa.eu/en/policies/regulatory-framework-ai,official
BRA,high,source,access,https://www.gov.br/saude/pt-br/composicao/seidigi/meususdigital/perguntas-e-respostas/cidadao,official
BRA,high,source,access,https://www.planalto.gov.br/ccivil_03/_ato2015-2018/2018/lei/l13709compilado.htm,official
BRA,high,source,access,https://portal.cfm.org.br/images/PDF/cem2019.pdf,news
BRA,high,source,access,https://www.gov.br/saude/pt-br/assuntos/noticias-ms/2026/agosto/ministerio-da-saude-inicia-jornada-para-a-nuvem-soberana-do-sus,official
BRA,high,source,control,https://www.planalto.gov.br/ccivil_03/_ato2023-2026/2025/decreto/D12560.htm,official
BRA,high,source,control,https://bdm.unb.br/bitstream/10483/39153/1/2023_LucasLopesXavier_tcc.pdf,news
BRA,high,source,control,https://dfj.emnuvens.com.br/dfj/article/download/1203/1096/5184,news
BRA,high,source,control,https://www.gov.br/saude/pt-br/composicao/seidigi/rnds,official
BRA,high,source,privacy,https://www.gov.br/anpd/pt-br/assuntos/noticias/anpd-instaura-processo-de-sancao-contra-organizacao-social-por-falha-na-protecao-de-dados-de-500-mil-pacientes-de-unidades-publicas-de-saude,official
BRA,high,source,privacy,https://www.gov.br/anpd/pt-br/assuntos/deliberacoes-do-conselho-diretor/circuitos-deliberativos-ano-2025/cd-37-2025-votos.pdf/@@display-file/file,official
BRA,high,source,privacy,https://www.planalto.gov.br/ccivil_03/_ato2015-2018/2018/lei/l13709compilado.htm,official
BRA,high,source,privacy,https://commission.europa.eu/law/law-topic/data-protection/international-dimension-data-protection/adequacy-decisions_en,official
BRA,high,source,commercial,https://www.planalto.gov.br/ccivil_03/_ato2015-2018/2018/lei/l13709compilado.htm,official
BRA,high,source,commercial,https://www.planalto.gov.br/ccivil_03/_ato2023-2026/2025/decreto/D12560.htm,official
BRA,high,source,commercial,https://www.gov.br/saude/pt-br/acesso-a-informacao/lgpd/compartilhamento-de-dados-pessoais,official
BRA,high,source,commercial,https://conjur.com.br/2026-jun-02/farmacias-nao-podem-exigir-dados-pessoais-de-clientes-na-oferta-de-descontos/,news
BRA,high,source,journey,https://www.planalto.gov.br/ccivil_03/_ato2023-2026/2025/decreto/D12560.htm,official
BRA,high,source,journey,https://www.gov.br/saude/pt-br/acesso-a-informacao/gestao-do-sus/articulacao-interfederativa/cit/pautas-de-reunioes-e-resumos/2026/janeiro/resumo-executivo-1a-reuniao-ordinaria-cit.pdf,official
BRA,high,source,journey,https://www.gov.br/saude/pt-br/assuntos/noticias-ms/2026/agosto/ministerio-da-saude-inicia-jornada-para-a-nuvem-soberana-do-sus,official
BRA,high,source,journey,https://futurodasaude.com.br/saude-digital-no-sus-telessaude-rnds/,news
BRA,high,source,clinical,https://www.planalto.gov.br/ccivil_03/_ato2023-2026/2025/decreto/D12560.htm,official
BRA,high,source,clinical,https://agenciabrasil.ebc.com.br/saude/noticia/2024-07/profissionais-do-sus-terao-acesso-a-prontuario-unificado-de-pacientes,news
BRA,high,source,clinical,https://www.gov.br/saude/pt-br/acesso-a-informacao/gestao-do-sus/articulacao-interfederativa/cit/pautas-de-reunioes-e-resumos/2026/janeiro/resumo-executivo-1a-reuniao-ordinaria-cit.pdf,official
BRA,high,source,clinical,https://www.mobiletime.com.br/noticias/28/01/2026/saude-sus-dados-enviados/,news
BRA,high,source,research,https://www.planalto.gov.br/ccivil_03/_ato2015-2018/2018/lei/l13709compilado.htm,official
BRA,high,source,research,https://www.planalto.gov.br/ccivil_03/_ato2023-2026/2024/lei/L14874.htm,official
BRA,high,source,research,https://www.planalto.gov.br/ccivil_03/_ato2023-2026/2025/decreto/D12651.htm,official
BRA,high,source,research,https://www.gov.br/saude/pt-br/acesso-a-informacao/lgpd/compartilhamento-de-dados-pessoais,official
BRA,high,source,ai,https://www.gov.br/anvisa/pt-br/centraisdeconteudo/publicacoes/produtos-para-a-saude/manuais/software-como-dispositivo-medico-perguntas-e-respostas/@@download/file,official
BRA,high,source,ai,https://sistemas.cfm.org.br/normas/arquivos/resolucoes/BR/2026/2454_2026.pdf,news
BRA,high,source,ai,https://futurodasaude.com.br/resolucao-cfm-inteligencia-artificial/,news
BRA,high,source,ai,https://desinformante.com.br/ue-avanca-regulacao-ia-projeto-brasileiro-parado/,news
BRA,high,law,laws,https://www.planalto.gov.br/ccivil_03/_ato2015-2018/2018/lei/l13709compilado.htm,official
BRA,high,law,laws,https://www.planalto.gov.br/ccivil_03/_ato2023-2026/2025/decreto/D12560.htm,official
BRA,high,law,laws,http://www.planalto.gov.br/ccivil_03/_ato2015-2018/2018/lei/L13787.htm,official
BRA,high,law,laws,https://www.planalto.gov.br/ccivil_03/_ato2023-2026/2024/lei/L14874.htm,official
BRA,high,law,laws,https://www.gov.br/anvisa/pt-br/centraisdeconteudo/publicacoes/produtos-para-a-saude/manuais/software-como-dispositivo-medico-perguntas-e-respostas/@@download/file,official
BRA,high,law,laws,https://sistemas.cfm.org.br/normas/arquivos/resolucoes/BR/2026/2454_2026.pdf,news
CAN,high,source,access,https://www.ontario.ca/laws/statute/04p03,news
CAN,high,source,access,https://www.cihi.ca/fr/information-numerique-sur-la-sante-au-canada-mesure-de-lacces-et-de-lutilisation/le-point-de-vue-des-canadiens,news
CAN,high,source,access,https://www2.gov.bc.ca/gov/content/health/managing-your-health/health-gateway,official
CAN,high,source,access,https://www.lapresse.ca/actualites/2026-03-02/quebec-poursuivi-pour-son-carnet-sante.php,news
CAN,high,source,control,https://www.quebec.ca/sante/vos-informations-de-sante/loi-renseignements-sante-services-sociaux,news
CAN,high,source,control,https://www.quebec.ca/sante/vos-informations-de-sante/carnet-sante-quebec,news
CAN,high,source,control,https://www.ontariohealth.ca/news/memo-changes-consent-management-electronic-health-record.html,news
CAN,high,source,control,https://ontariohealth.ca/about/privacy/resources/ehr-request-access-phi.html,news
CAN,high,source,privacy,https://www.ipc.on.ca/en/2025-annual-report/statistics,official
CAN,high,source,privacy,https://www.ipc.on.ca/en/decisions/ipc-issues-third-administrative-monetary-penalty-under-ontarios-health-privacy-law,official
CAN,high,source,privacy,https://www.blakes.com/insights/third-time-s-the-charm-canada-s-latest-approach-to-reform-the-federal-private-sector-privacy-framew/,news
CAN,high,source,privacy,https://commission.europa.eu/law/law-topic/data-protection/international-dimension-data-protection/adequacy-decisions_en,official
CAN,high,source,commercial,https://www.ontario.ca/laws/statute/04p03,news
CAN,high,source,commercial,https://www.cbc.ca/news/health/health-data-records-pharmaceutical-private-clinics-1.7529955,news
CAN,high,source,commercial,https://healthydebate.ca/2026/01/topic/the-quiet-commercialization-of-primary-care-records/,news
CAN,high,source,commercial,https://www.priv.gc.ca/fr/nouvelles-du-commissariat/nouvelles-et-annonces/2025/info_23andme_250617/,official
CAN,high,source,journey,https://www150.statcan.gc.ca/n1/daily-quotidien/260330/dq260330b-fra.htm,official
CAN,high,source,journey,https://ontariohealth.ca/digital/programs-services/patient-access-digital-health.html,news
CAN,high,source,journey,https://www.cihi.ca/fr/information-numerique-sur-la-sante-au-canada-mesure-de-lacces-et-de-lutilisation/le-point-de-vue-des-dispensateurs-de-soins-de-sante,news
CAN,high,source,journey,https://www.parl.ca/legisinfo/en/bill/45-1/s-5,official
CAN,high,source,clinical,https://ehealthontario.on.ca/en/patients-and-families/ehrs-explained,news
CAN,high,source,clinical,https://www150.statcan.gc.ca/n1/daily-quotidien/260330/dq260330b-fra.htm,official
CAN,high,source,clinical,https://www.cihi.ca/fr/information-numerique-sur-la-sante-au-canada-mesure-de-lacces-et-de-lutilisation/le-point-de-vue-des-dispensateurs-de-soins-de-sante,news
CAN,high,source,clinical,https://www.lapresse.ca/actualites/sante/2026-05-11/dossier-sante-numerique/un-depart-chaotique-lundi-matin.php,news
CAN,high,source,research,https://www.ontario.ca/laws/statute/04p03,news
CAN,high,source,research,https://ethics.gc.ca/fra/tcps2-eptc2_2022_chapter5-chapitre5.html,official
CAN,high,source,research,https://www.quebec.ca/sante/professionnels/encadrement-recherche-participants-humains/acces-renseignements-sante-services-sociaux-chercheurs-recherche,news
CAN,high,source,research,https://www.quebec.ca/sante/vos-informations-de-sante/loi-renseignements-sante-services-sociaux,news
CAN,high,source,ai,https://www.canada.ca/en/health-canada/services/drugs-health-products/medical-devices/application-information/guidance-documents/pre-market-guidance-machine-learning-enabled-medical-devices.html,official
CAN,high,source,ai,https://www.fasken.com/en/knowledge/2026/06/bill-c-36,law_firm
CAN,high,source,ai,http://www.ontario.ca/page/enhancing-digital-security-and-trust-act,news
CAN,high,source,ai,https://www.ipc.on.ca/en/media-centre/news-releases/ipc-releases-new-guidance-ai-scribes-help-protect-patient-privacy,official
CAN,high,law,laws,https://www.priv.gc.ca/en/privacy-topics/privacy-laws-in-canada/the-personal-information-protection-and-electronic-documents-act-pipeda/pipeda_brief/,official
CAN,high,law,laws,https://www.ontario.ca/laws/statute/04p03,news
CAN,high,law,laws,https://www.legisquebec.gouv.qc.ca/fr/document/lc/R-22.1,news
CAN,high,law,laws,https://www.parl.ca/legisinfo/en/bill/45-1/s-5,official
CAN,high,law,laws,https://www.parl.ca/documentviewer/fr/45-1/projet-loi/C-36/premiere-lecture,official
CAN,high,law,laws,https://www.canada.ca/en/health-canada/services/drugs-health-products/medical-devices/application-information/guidance-documents/pre-market-guidance-machine-learning-enabled-medical-devices.html,official
CAN,high,law,laws,http://www.ontario.ca/page/enhancing-digital-security-and-trust-act,news
CHE,medium,source,access,https://fedlex.data.admin.ch/filestore/fedlex.data.admin.ch/eli/cc/2022/491/20250707/de/html/fedlex-data-admin-ch-eli-cc-2022-491-20250707-de-html-1.html,official
CHE,medium,source,access,https://www.bag.admin.ch/de/recht-auf-einsicht-in-das-patientendossier,official
CHE,medium,source,access,https://www.e-health-suisse.ch/koordination/elektronisches-patientendossier/aktueller-stand,official
CHE,medium,source,access,https://www.edoeb.admin.ch/de/einsicht-aufbewahrung-und-loeschung-von-patientendaten,official
CHE,medium,source,control,https://fedlex.data.admin.ch/filestore/fedlex.data.admin.ch/eli/cc/2017/203/20241001/de/html/fedlex-data-admin-ch-eli-cc-2017-203-20241001-de-html-2.html,official
CHE,medium,source,control,https://fedlex.data.admin.ch/filestore/fedlex.data.admin.ch/eli/cc/2017/204/20241001/de/html/fedlex-data-admin-ch-eli-cc-2017-204-20241001-de-html-2.html,official
CHE,medium,source,control,https://fedlex.data.admin.ch/filestore/fedlex.data.admin.ch/eli/cc/54/757_781_799/20261001/de/html/fedlex-data-admin-ch-eli-cc-54-757_781_799-20261001-de-html.html,official
CHE,medium,source,control,https://www.e-health-suisse.ch/koordination/elektronisches-patientendossier/aktueller-stand,official
CHE,medium,source,privacy,https://fedlex.data.admin.ch/filestore/fedlex.data.admin.ch/eli/cc/2022/491/20250707/de/html/fedlex-data-admin-ch-eli-cc-2022-491-20250707-de-html-1.html,official
CHE,medium,source,privacy,https://www.edoeb.admin.ch/dam/de/sd-web/ZgZZm5CLxIFF/33_T%C3%A4tigkeitsbericht%202025-2026%20DE_Web.pdf,official
CHE,medium,source,privacy,https://www.swisscybersecurity.net/news/2026-05-07/cyberangriff-legt-westschweizer-radiologie-netzwerk-erneut-lahm,news
CHE,medium,source,commercial,https://fedlex.data.admin.ch/filestore/fedlex.data.admin.ch/eli/cc/2022/491/20250707/de/html/fedlex-data-admin-ch-eli-cc-2022-491-20250707-de-html-1.html,official
CHE,medium,source,commercial,https://fedlex.data.admin.ch/filestore/fedlex.data.admin.ch/eli/cc/54/757_781_799/20261001/de/html/fedlex-data-admin-ch-eli-cc-54-757_781_799-20261001-de-html.html,official
CHE,medium,source,commercial,https://www.ictjournal.ch/news/2026-04-21/le-pfpdt-alerte-sur-les-risques-des-objets-connectes,news
CHE,medium,source,commercial,https://health.ec.europa.eu/ehealth-digital-health-and-care/european-health-data-space-regulation-ehds_en,official
CHE,medium,source,journey,https://www.bag.admin.ch/dam/de/sd-web/KMR8cp6wryyN/Faktenblatt%20EPD%20in%20Zahlen%20(Stand%20Oktober%202025).pdf,official
CHE,medium,source,journey,https://www.netzwoche.ch/news/2026-06-25/ende-2026-ist-schluss-mit-der-epd-plattform-der-post,news
CHE,medium,source,journey,https://www.edi.admin.ch/de/bundesrat-beschliesst-neuausrichtung-elektronisches-gesundheitsdossier-e-gd-loest-epd-ab,official
CHE,medium,source,journey,https://www.parlament.ch/de/services/news/Seiten/2026/20260312115534601194158159026_bsd085.aspx,news
CHE,medium,source,clinical,https://fedlex.data.admin.ch/filestore/fedlex.data.admin.ch/eli/cc/2017/204/20241001/de/html/fedlex-data-admin-ch-eli-cc-2017-204-20241001-de-html-2.html,official
CHE,medium,source,clinical,https://fedlex.data.admin.ch/filestore/fedlex.data.admin.ch/eli/cc/2017/203/20241001/de/html/fedlex-data-admin-ch-eli-cc-2017-203-20241001-de-html-2.html,official
CHE,medium,source,clinical,https://www.bag.admin.ch/dam/de/sd-web/KMR8cp6wryyN/Faktenblatt%20EPD%20in%20Zahlen%20(Stand%20Oktober%202025).pdf,official
CHE,medium,source,clinical,https://www.e-health-suisse.ch/koordination/elektronisches-patientendossier/aktueller-stand,official
CHE,medium,source,research,https://fedlex.data.admin.ch/filestore/fedlex.data.admin.ch/eli/cc/2013/617/20230901/de/html/fedlex-data-admin-ch-eli-cc-2013-617-20230901-de-html-10.html,official
CHE,medium,source,research,https://fedlex.data.admin.ch/filestore/fedlex.data.admin.ch/eli/cc/2018/289/20230901/de/html/fedlex-data-admin-ch-eli-cc-2018-289-20230901-de-html-9.html,official
CHE,medium,source,research,https://swissethics.ch/documents/generalkonsent,official
CHE,medium,source,research,https://www.bag.admin.ch/de/humanforschung-revision-hfg-stfg,official
CHE,medium,source,ai,https://fedlex.data.admin.ch/filestore/fedlex.data.admin.ch/eli/cc/2020/552/20260701/de/html/fedlex-data-admin-ch-eli-cc-2020-552-20260701-de-html-2.html,official
CHE,medium,source,ai,https://www.swissmedic.ch/swissmedic/de/home/humanarzneimittel/authorisations/artificiel-intelligence.html,official
CHE,medium,source,ai,https://www.admin.ch/gov/de/start/dokumentation/medienmitteilungen.msg-id-104110.html,official
CHE,medium,law,laws,https://fedlex.data.admin.ch/filestore/fedlex.data.admin.ch/eli/cc/2022/491/20250707/de/html/fedlex-data-admin-ch-eli-cc-2022-491-20250707-de-html-1.html,official
CHE,medium,law,laws,https://fedlex.data.admin.ch/filestore/fedlex.data.admin.ch/eli/cc/2017/203/20241001/de/html/fedlex-data-admin-ch-eli-cc-2017-203-20241001-de-html-2.html,official
CHE,medium,law,laws,https://www.edi.admin.ch/de/bundesrat-beschliesst-neuausrichtung-elektronisches-gesundheitsdossier-e-gd-loest-epd-ab,official
CHE,medium,law,laws,https://fedlex.data.admin.ch/filestore/fedlex.data.admin.ch/eli/cc/54/757_781_799/20261001/de/html/fedlex-data-admin-ch-eli-cc-54-757_781_799-20261001-de-html.html,official
CHE,medium,law,laws,https://fedlex.data.admin.ch/filestore/fedlex.data.admin.ch/eli/cc/2013/617/20230901/de/html/fedlex-data-admin-ch-eli-cc-2013-617-20230901-de-html-10.html,official
CHE,medium,law,laws,https://fedlex.data.admin.ch/filestore/fedlex.data.admin.ch/eli/cc/2018/289/20230901/de/html/fedlex-data-admin-ch-eli-cc-2018-289-20230901-de-html-9.html,official
CHE,medium,law,laws,https://fedlex.data.admin.ch/filestore/fedlex.data.admin.ch/eli/cc/2020/552/20260701/de/html/fedlex-data-admin-ch-eli-cc-2020-552-20260701-de-html-2.html,official
CHL,medium,source,access,https://www.bcn.cl/leychile/navegar?idNorma=1039348,news
CHL,medium,source,access,https://www.bcn.cl/leychile/navegar?idNorma=1046753,news
CHL,medium,source,access,https://portalpaciente.minsal.cl/,news
CHL,medium,source,access,https://ehealthreporter.com/avances-y-desafios-de-la-receta-electronica-del-minsal/,news
CHL,medium,source,control,https://www.bcn.cl/leychile/navegar?idNorma=1039348,news
CHL,medium,source,control,https://www.bcn.cl/leychile/navegar?idNorma=1203827,news
CHL,medium,source,control,https://www.bcn.cl/leychile/navegar?idNorma=1046753,news
CHL,medium,source,control,https://www.bcn.cl/leychile/navegar?idNorma=141599,news
CHL,medium,source,privacy,https://www.bcn.cl/leychile/navegar?idNorma=141599,news
CHL,medium,source,privacy,https://www.bcn.cl/leychile/navegar?idNorma=141599&idVersion=2026-12-01,news
CHL,medium,source,privacy,https://www.publimetro.cl/tecnologia/2026/09/15/prorroga-de-la-ley-de-datos-abre-un-ano-clave-para-que-empresas-preparen-su-cumplimiento/,news
CHL,medium,source,privacy,https://www.sernac.cl/portal/604/w3-article-87923.html,official
CHL,medium,source,commercial,https://www.bcn.cl/leychile/navegar?idNorma=141599,news
CHL,medium,source,commercial,https://www.bcn.cl/leychile/navegar?idNorma=1039348,news
CHL,medium,source,commercial,https://www.bcn.cl/leychile/navegar?idNorma=1209272,news
CHL,medium,source,commercial,https://www.sernac.cl/portal/604/w3-article-87923.html,official
CHL,medium,source,journey,https://www.bcn.cl/leychile/navegar?idNorma=1203827,news
CHL,medium,source,journey,https://www.theclinic.cl/2026/09/02/un-portal-ciudadano-e-historia-clinica-compartida-los-siete-proyectos-con-los-que-la-ministra-chomali-busca-modernizar-el-sistema-de-salud-publico/,news
CHL,medium,source,journey,https://ehealthreporter.com/avances-y-desafios-de-la-receta-electronica-del-minsal/,news
CHL,medium,source,journey,https://www.meganoticias.cl/nacional/532436-filas-consultorio-5-de-la-manana-cambios-digitales-minsal-atencion-primaria.html,news
CHL,medium,source,clinical,https://www.bcn.cl/leychile/navegar?idNorma=1039348,news
CHL,medium,source,clinical,https://www.bcn.cl/leychile/navegar?idNorma=1203827,news
CHL,medium,source,clinical,https://www.elperiodista.cl/2026/07/minsal-fija-hoja-de-ruta-2026-2030-con-foco-en-acceso-digitalizacion-y-fortalecimiento-de-red-publica/,news
CHL,medium,source,clinical,https://www.meganoticias.cl/nacional/532436-filas-consultorio-5-de-la-manana-cambios-digitales-minsal-atencion-primaria.html,news
CHL,medium,source,research,https://www.bcn.cl/leychile/navegar?idNorma=253478,news
CHL,medium,source,research,https://www.bcn.cl/leychile/navegar?idNorma=1032919,news
CHL,medium,source,research,https://www.bcn.cl/leychile/navegar?idNorma=1039348,news
CHL,medium,source,research,https://www.bcn.cl/leychile/navegar?idNorma=1209272,news
CHL,medium,source,ai,https://www.ispch.gob.cl/noticia/isp-informa-sobre-nueva-normativa-que-regula-39-dispositivos-medicos-incluidos-dispositivos-medicos-de-diagnostico-in-vitro/,official
CHL,medium,source,ai,https://www.carey.cl/minsal-incorpora-nuevos-dispositivos-medicos-al-regimen-de-control-sanitario,news
CHL,medium,source,ai,https://www.senado.cl/comunicaciones/noticias/inteligencia-artificial-especialistas-de-la-industria-la-academia-y-sector,news
CHL,medium,source,ai,https://www.bcn.cl/leychile/navegar?idNorma=1209272,news
CHL,medium,law,laws,https://www.bcn.cl/leychile/navegar?idNorma=1039348,news
CHL,medium,law,laws,https://www.bcn.cl/leychile/navegar?idNorma=1203827,news
CHL,medium,law,laws,https://www.bcn.cl/leychile/navegar?idNorma=141599,news
CHL,medium,law,laws,https://www.bcn.cl/leychile/navegar?idNorma=1209272,news
CHL,medium,law,laws,https://www.bcn.cl/leychile/navegar?idNorma=1046753,news
CHL,medium,law,laws,https://www.bcn.cl/leychile/navegar?idNorma=253478,news
CHN,high,source,access,http://www.mod.gov.cn/gfbw/qwfb/yw_214049/4866121.html,official
CHN,high,source,access,https://med.tongji.edu.cn/info/1607/11324.htm,news
CHN,high,source,access,https://wjw.sz.gov.cn/xxgk/zcfggfxwj/mybh_5/content/post_12991931.html,official
CHN,high,source,access,https://www.cac.gov.cn/2021-08/20/c_1631050028355286.htm,official
CHN,high,source,control,https://www.cac.gov.cn/2021-08/20/c_1631050028355286.htm,official
CHN,high,source,control,https://wjw.sz.gov.cn/xxgk/zcfggfxwj/mybh_5/content/post_11009298.html,official
CHN,high,source,control,https://www.wfcms.org/show/22/8567.html,news
CHN,high,source,control,https://www.digitalelite.cn/h-nd-10024.html,news
CHN,high,source,privacy,https://www.digitalelite.cn/h-nd-10024.html,news
CHN,high,source,privacy,https://www.cac.gov.cn/2026-04/02/c_1776867645836849.htm,official
CHN,high,source,privacy,https://www.news.cn/legal/20260508/6d75070dddf44834adfbe5734b20af3e/c.html,news
CHN,high,source,privacy,https://www.yicai.com/news/103232118.html,news
CHN,high,source,commercial,https://www.cac.gov.cn/2021-08/20/c_1631050028355286.htm,official
CHN,high,source,commercial,https://news.qq.com/rain/a/20260920A0C4MZ00,news
CHN,high,source,commercial,https://www.yicai.com/news/103232118.html,news
CHN,high,source,commercial,https://policy.mofcom.gov.cn/claw/clawContent.shtml?id=104035,official
CHN,high,source,journey,https://ybj.wuhan.gov.cn/zwgk_52/zcfgyjd/qtzdgkwj/202502/t20250225_2539139.shtml,official
CHN,high,source,journey,https://www.wfcms.org/show/22/8567.html,news
CHN,high,source,journey,http://www.news.cn/2022-05/16/c_1128655718.htm,news
CHN,high,source,journey,https://news.qq.com/rain/a/20260914A08U5D00,news
CHN,high,source,clinical,https://policy.mofcom.gov.cn/claw/clawContent.shtml?id=104035,official
CHN,high,source,clinical,https://wjw.sz.gov.cn/xxgk/zcfggfxwj/mybh_5/content/post_11009298.html,official
CHN,high,source,clinical,https://www.wfcms.org/show/22/8567.html,news
CHN,high,source,research,https://research.bjmu.edu.cn/llwyh/llwyh_fgwj/98685712020c4ae1a670bfe0adbfa905.htm,news
CHN,high,source,research,https://news.qq.com/rain/a/20260920A0C4MZ00,news
CHN,high,source,research,https://www.yicai.com/news/103232118.html,news
CHN,high,source,research,https://www.news.cn/legal/20260508/6d75070dddf44834adfbe5734b20af3e/c.html,news
CHN,high,source,ai,https://www.ydcmdei.org.cn/article/975,news
CHN,high,source,ai,https://wjw.ankang.gov.cn/Content-2416375.html,official
CHN,high,source,ai,https://policy.mofcom.gov.cn/claw/clawContent.shtml?id=104035,official
CHN,high,source,ai,https://bk.cnpharm.com/zgyyb/2026/04/30/app_324606.html,news
CHN,high,law,laws,https://www.cac.gov.cn/2021-08/20/c_1631050028355286.htm,official
CHN,high,law,laws,http://www.mod.gov.cn/gfbw/qwfb/yw_214049/4866121.html,official
CHN,high,law,laws,https://med.tongji.edu.cn/info/1607/11324.htm,news
CHN,high,law,laws,https://www.digitalelite.cn/h-nd-10024.html,news
CHN,high,law,laws,https://research.bjmu.edu.cn/llwyh/llwyh_fgwj/98685712020c4ae1a670bfe0adbfa905.htm,news
CHN,high,law,laws,https://wjw.ankang.gov.cn/Content-2416375.html,official
CHN,high,law,laws,https://wjw.sz.gov.cn/xxgk/zcfggfxwj/mybh_5/content/post_11009298.html,official
COL,medium,source,access,http://www.secretariasenado.gov.co/senado/basedoc/ley_1751_2015.html,official
COL,medium,source,access,https://www.funcionpublica.gov.co/eva/gestornormativo/norma.php?i=105472,official
COL,medium,source,access,https://www.minsalud.gov.co/Normatividad_Nuevo/RESOLUCI%C3%93N%201995%20DE%201999.pdf,official
COL,medium,source,access,https://www.minsalud.gov.co/ihce/Paginas/resumen-digitales-de-atencion.aspx,official
COL,medium,source,control,https://www.funcionpublica.gov.co/eva/gestornormativo/norma.php?i=105472,official
COL,medium,source,control,https://www.minsalud.gov.co/Normatividad_Nuevo/Resolucion%20No%201888%20de%202025.pdf,official
COL,medium,source,control,https://www.minsalud.gov.co/sites/rid/Lists/BibliotecaDigital/RIDE/DE/OT/informe-especial-ihce.pdf,official
COL,medium,source,privacy,http://www.secretariasenado.gov.co/senado/basedoc/ley_1581_2012.html,official
COL,medium,source,privacy,https://www.sic.gov.co/sanciones-proteccion-datos-personales-2025,official
COL,medium,source,privacy,https://consultorsalud.com/sic-sanciona-eps-sos-historia-clinica-vih/,blog_vendor
COL,medium,source,privacy,https://www.eltiempo.com/datos/supersalud-confirma-filtracion-masiva-de-datos-sensibles-de-su-archivo-documental-en-ciberataque-3544641,news
COL,medium,source,commercial,http://www.secretariasenado.gov.co/senado/basedoc/ley_1581_2012.html,official
COL,medium,source,commercial,https://www.funcionpublica.gov.co/eva/gestornormativo/norma.php?i=105472,official
COL,medium,source,commercial,https://www.sic.gov.co/sanciones-proteccion-datos-personales-2025,official
COL,medium,source,journey,https://www.minsalud.gov.co/sites/rid/Lists/BibliotecaDigital/RIDE/DE/OT/informe-especial-ihce.pdf,official
COL,medium,source,journey,https://www.minsalud.gov.co/Normatividad_Nuevo/Resolucion%20No%201888%20de%202025.pdf,official
COL,medium,source,journey,https://www.minsalud.gov.co/sites/rid/Lists/BibliotecaDigital/RIDE/DE/DIJ/resolucion-1799-de-2026.pdf,official
COL,medium,source,journey,https://www.funcionpublica.gov.co/eva/gestornormativo/norma.php?i=105472,official
COL,medium,source,clinical,https://www.minsalud.gov.co/Normatividad_Nuevo/Resolucion%20No%201888%20de%202025.pdf,official
COL,medium,source,clinical,https://www.minsalud.gov.co/sites/rid/Lists/BibliotecaDigital/RIDE/DE/OT/informe-especial-ihce.pdf,official
COL,medium,source,research,https://www.minsalud.gov.co/sites/rid/Lists/BibliotecaDigital/RIDE/DE/DIJ/RESOLUCION-8430-DE-1993.PDF,official
COL,medium,source,research,http://www.secretariasenado.gov.co/senado/basedoc/ley_1581_2012.html,official
COL,medium,source,ai,https://normograma.invima.gov.co/compilacion/docs/decreto_4725_2005.htm,official
COL,medium,source,ai,https://www.dnp.gov.co/publicaciones/Planeacion/Paginas/conpes-4144-hoja-de-ruta-colombia-inteligencia-artificial-retos-actuales-transformacion-futura.aspx,official
COL,medium,source,ai,https://www.minsalud.gov.co/sites/rid/Lists/BibliotecaDigital/RIDE/DE/OT/informe-especial-ihce.pdf,official
COL,medium,source,ai,https://www.camara.gov.co/wp-content/uploads/2026/07/proyectos-ley/documentos/proyecto-36127/P.L.025-2026SC-INTELIGENCIA-ARTIFICIAL.pdf,official
COL,medium,law,laws,http://www.secretariasenado.gov.co/senado/basedoc/ley_1751_2015.html,official
COL,medium,law,laws,https://www.funcionpublica.gov.co/eva/gestornormativo/norma.php?i=105472,official
COL,medium,law,laws,http://www.secretariasenado.gov.co/senado/basedoc/ley_1581_2012.html,official
COL,medium,law,laws,https://www.minsalud.gov.co/Normatividad_Nuevo/Resolucion%20No%201888%20de%202025.pdf,official
COL,medium,law,laws,https://www.minsalud.gov.co/sites/rid/Lists/BibliotecaDigital/RIDE/DE/DIJ/resolucion-1799-de-2026.pdf,official
COL,medium,law,laws,https://www.minsalud.gov.co/sites/rid/Lists/BibliotecaDigital/RIDE/DE/DIJ/RESOLUCION-8430-DE-1993.PDF,official
COL,medium,law,laws,https://normograma.invima.gov.co/compilacion/docs/decreto_4725_2005.htm,official
CRI,medium,source,access,https://iafa.go.cr/wp-content/uploads/2025/01/Derechos-y-deberes-de-las-personas-usuarias-de-los-servicios-de-salud-publicos-y-privados.pdf,official
CRI,medium,source,access,https://sinalevi.go.cr/ResultadosNormativa/Informacion?param1=85915&param2=111286&param3=1&param4=,official
CRI,medium,source,access,https://apps.apple.com/cr/app/edus/id1042094805,blog_vendor
CRI,medium,source,access,https://archivos.juridicas.unam.mx/www/bjv/libros/13/6338/1.pdf,academic
CRI,medium,source,control,https://sinalevi.go.cr/ResultadosNormativa/Informacion?param1=85915&param2=111286&param3=1&param4=,official
CRI,medium,source,control,https://crhoy.com/nacionales/como-saber-si-alguien-reviso-su-expediente-en-edus-asi-puede-solicitar-el-registro-de-accesos/,news
CRI,medium,source,control,https://www.monumental.co.cr/2025/08/07/nueva-funcion-en-aplicacion-edus-permite-compartir-expediente-medico-con-personal-de-salud-privado/,news
CRI,medium,source,privacy,https://sinalevi.go.cr/ResultadosNormativa/Informacion?param1=75700&param2=93998&param3=1&param4=,official
CRI,medium,source,privacy,https://micitt.go.cr/sites/default/files/marco_juridico_legal/08.%20Ley%20n.%C2%B0%208968%20Ley%20de%20Protecci%C3%B3n%20de%20la%20Persona%20frente%20al%20tratamiento%20de%20sus%20datos%20personales..pdf,official
CRI,medium,source,privacy,https://ameliarueda.com/nota/pensionados-personas-fuera-planilla-tienen-acceso-edus-noticias-costa-rica,news
CRI,medium,source,privacy,https://www.lateja.cr/nacional/hackeo-a-la-ccss-obliga-a-pacientes-a-volver-a/OBKTUUCXTRHX5KOIAAFXHCUWFY/story/,news
CRI,medium,source,commercial,https://micitt.go.cr/sites/default/files/marco_juridico_legal/08.%20Ley%20n.%C2%B0%208968%20Ley%20de%20Protecci%C3%B3n%20de%20la%20Persona%20frente%20al%20tratamiento%20de%20sus%20datos%20personales..pdf,official
CRI,medium,source,commercial,https://sinalevi.go.cr/ResultadosNormativa/Informacion?param1=85915&param2=111286&param3=1&param4=,official
CRI,medium,source,journey,https://archivos.juridicas.unam.mx/www/bjv/libros/13/6338/1.pdf,academic
CRI,medium,source,journey,https://www.ministeriodesalud.go.cr/index.php/prensa/67-noticias-2026/2406-iafa-avanza-en-implementacion-del-edus-para-mejorar-la-atencion-en-salud-a-nivel-nacional,official
CRI,medium,source,journey,https://www.nacion.com/opinion/editorial/editorial-el-edus-necesita-atencion-urgente-de-la/IPGZZZCK4BEV5ERMQCBXCB2UJA/story/,news
CRI,medium,source,journey,https://www.infobae.com/costa-rica/2026/09/15/costa-rica-lleva-el-expediente-digital-unico-en-salud-a-dos-carceles-y-prepara-su-expansion-a-21-centros-mas/,news
CRI,medium,source,clinical,https://sinalevi.go.cr/ResultadosNormativa/Informacion?param1=85915&param2=111286&param3=1&param4=,official
CRI,medium,source,clinical,https://www.ministeriodesalud.go.cr/index.php/prensa/67-noticias-2026/2406-iafa-avanza-en-implementacion-del-edus-para-mejorar-la-atencion-en-salud-a-nivel-nacional,official
CRI,medium,source,clinical,https://www.nacion.com/el-pais/edus-ya-le-permite-compartir-su-expediente-con-su/LOHIOEVWN5DYPGT4YT6KKDWLBM/story/,news
CRI,medium,source,research,https://clsanagustin.com/wp-content/uploads/2017/09/Ley-Investigacion-Biomedica-No9234.pdf,blog_vendor
CRI,medium,source,research,https://iafa.go.cr/wp-content/uploads/2025/01/Derechos-y-deberes-de-las-personas-usuarias-de-los-servicios-de-salud-publicos-y-privados.pdf,official
CRI,medium,source,ai,https://www.imprentanacional.go.cr/pub/2008/04/25/ALCA19_25_04_2008.html,official
CRI,medium,source,ai,https://www.observatorioia.org/es/legislacion/,blog_vendor
CRI,medium,source,ai,https://www.infobae.com/costa-rica/2026/05/08/caja-costarricense-de-seguro-social-incorpora-inteligencia-artificial-para-depuracion-de-listas-de-espera/,news
CRI,medium,law,laws,https://iafa.go.cr/wp-content/uploads/2025/01/Derechos-y-deberes-de-las-personas-usuarias-de-los-servicios-de-salud-publicos-y-privados.pdf,official
CRI,medium,law,laws,https://micitt.go.cr/sites/default/files/marco_juridico_legal/08.%20Ley%20n.%C2%B0%208968%20Ley%20de%20Protecci%C3%B3n%20de%20la%20Persona%20frente%20al%20tratamiento%20de%20sus%20datos%20personales..pdf,official
CRI,medium,law,laws,https://sinalevi.go.cr/ResultadosNormativa/Informacion?param1=75700&param2=93998&param3=1&param4=,official
CRI,medium,law,laws,https://sinalevi.go.cr/ResultadosNormativa/Informacion?param1=85915&param2=111286&param3=1&param4=,official
CRI,medium,law,laws,https://clsanagustin.com/wp-content/uploads/2017/09/Ley-Investigacion-Biomedica-No9234.pdf,blog_vendor
CRI,medium,law,laws,https://www.imprentanacional.go.cr/pub/2008/04/25/ALCA19_25_04_2008.html,official
CYP,medium,source,access,http://www.cylaw.org/nomoi/enop/non-ind/2019_1_59/full.html,legal_text
CYP,medium,source,access,https://data.europa.eu/doi/10.2759/8383998,official
CYP,medium,source,access,https://digital-strategy.ec.europa.eu/en/factpages/cypruss-2026-digital-decade-country-report,official
CYP,medium,source,access,https://ink.com/articles/545626/gesy-stin-othoni-soy-ola-osa-prepei-na-xereis,news
CYP,medium,source,control,http://www.cylaw.org/nomoi/enop/non-ind/2019_1_59/full.html,legal_text
CYP,medium,source,control,https://pmc.ncbi.nlm.nih.gov/articles/PMC13133457/,academic
CYP,medium,source,control,https://ygeia-press.com/%CE%B3%CE%B5%CF%83%CF%85%CF%80%CF%89%CF%82-%CE%B5%CE%BD%CE%B7%CE%BC%CE%B5%CF%81%CF%89%CE%BD%CF%8C%CE%BC%CE%B1%CF%83%CF%84%CE%B5-%CE%B3%CE%B9%CE%B1-%CF%84%CE%B1-%CE%B9%CE%B1%CF%84%CF%81%CE%B9%CE%BA/,news
CYP,medium,source,privacy,http://www.cylaw.org/nomoi/enop/non-ind/2018_1_125/full.html,legal_text
CYP,medium,source,privacy,http://www.cylaw.org/nomoi/enop/non-ind/2019_1_59/full.html,legal_text
CYP,medium,source,privacy,https://dialogos.com.cy/ekthesi-epitropoy-parapona-gia-spam-kyklomata-parakoloythisis-kai-prostima-ston-okypy/,news
CYP,medium,source,commercial,http://www.cylaw.org/nomoi/enop/non-ind/2018_1_125/full.html,legal_text
CYP,medium,source,commercial,http://www.cylaw.org/nomoi/enop/non-ind/2019_1_59/full.html,legal_text
CYP,medium,source,journey,https://neha.org.cy/enarksi-ilektronikwn-diasinoriakwn/,official
CYP,medium,source,journey,https://www.gesy.org.cy/sites/Sites?d=Desktop&locale=el_GR&lookuphost=%2Fel-gr%2F&lookuppage=hioinformationtechnologysystemghs,official
CYP,medium,source,journey,https://pmc.ncbi.nlm.nih.gov/articles/PMC13133457/,academic
CYP,medium,source,journey,https://www.politis.com.cy/cyprus/igeia/1033942/telos-ston-fakelo-me-ta-khartia-olo-to-istoriko-ighias-se-mia-othoni-pote-erkhetai-o-psifiakos-fakelos-stin-kypro,news
CYP,medium,source,clinical,https://ygeia-press.com/%CE%B3%CE%B5%CF%83%CF%85%CF%80%CF%89%CF%82-%CE%B5%CE%BD%CE%B7%CE%BC%CE%B5%CF%81%CF%89%CE%BD%CF%8C%CE%BC%CE%B1%CF%83%CF%84%CE%B5-%CE%B3%CE%B9%CE%B1-%CF%84%CE%B1-%CE%B9%CE%B1%CF%84%CF%81%CE%B9%CE%BA/,news
CYP,medium,source,clinical,http://www.cylaw.org/nomoi/enop/non-ind/2019_1_59/full.html,legal_text
CYP,medium,source,clinical,https://neha.org.cy/enarksi-ilektronikwn-diasinoriakwn/,official
CYP,medium,source,clinical,https://data.europa.eu/doi/10.2759/8383998,official
CYP,medium,source,research,http://www.cylaw.org/nomoi/enop/non-ind/2019_1_59/full.html,legal_text
CYP,medium,source,research,http://www.cylaw.org/nomoi/enop/non-ind/2001_1_150/full.html,legal_text
CYP,medium,source,research,https://www.cbn.com.cy/article/128614/reliable-health-data-and-ai-the-basis-of-a-new-era-e-health-authority-head-says,news
CYP,medium,source,ai,https://ai-act-service-desk.ec.europa.eu/en/national-resources,official
CYP,medium,source,ai,https://www.cuatrecasas.com/en/global/intellectual-property/art/digital-omnibus-ai-has-been-published,law_firm
CYP,medium,source,ai,https://www.cbn.com.cy/article/128614/reliable-health-data-and-ai-the-basis-of-a-new-era-e-health-authority-head-says,news
CYP,medium,law,laws,http://www.cylaw.org/nomoi/enop/non-ind/2019_1_59/full.html,legal_text
CYP,medium,law,laws,http://www.cylaw.org/nomoi/enop/non-ind/2018_1_125/full.html,legal_text
CYP,medium,law,laws,http://www.cylaw.org/nomoi/enop/non-ind/2001_1_150/full.html,legal_text
CYP,medium,law,laws,https://health.ec.europa.eu/ehealth-digital-health-and-care/european-health-data-space-regulation-ehds_en,official
CYP,medium,law,laws,https://commission.europa.eu/law/law-topic/data-protection/legal-framework-eu-data-protection_en,official
CYP,medium,law,laws,https://www.cuatrecasas.com/en/global/intellectual-property/art/digital-omnibus-ai-has-been-published,law_firm
CZE,medium,source,access,https://mzd.gov.cz/wp-content/uploads/2024/11/Vykladove-stanovisko-k-ustanoveni-%C2%A7-66-odst.-3-zakona-o-zdravotnich-sluzbach-ve-zneni-zakona-c.-240-2024-Sb.pdf,official
CZE,medium,source,access,https://mzd.gov.cz/tiskove-centrum-mz/ministerstvo-zdravotnictvi-spousti-novou-generaci-ezkarty-pripomene-preventivni-vysetreni-a-zpristupni-dulezite-zdravotni-informace/,official
CZE,medium,source,access,https://www.digitalhealth.cz/nova-ezkarta-laboratorni-vysledky-prevence/,news
CZE,medium,source,access,https://www.nzip.cz/clanek/1074-zdravotnicka-dokumentace,official
CZE,medium,source,control,https://www.zakonyprolidi.cz/cs/2021-325,legal_text
CZE,medium,source,control,https://portal.gov.cz/sluzby-vs/vyjadreni-souhlasunesouhlasu-s-nahlizenim-na-lekovy-zaznam-S11085,official
CZE,medium,source,control,https://ncez.mzcr.cz/cs/node/5545,official
CZE,medium,source,control,https://epreskripce.gov.cz/zabezpeceni-lekoveho-zaznamu/,official
CZE,medium,source,privacy,https://www.ochranaudaju.cz/aktuality/vyrocni-zprava-uoou-za-rok-2025,blog_vendor
CZE,medium,source,privacy,https://www.zakonyprolidi.cz/cs/2019-110,legal_text
CZE,medium,source,privacy,https://www.zdravotnickydenik.cz/2026/08/kamery-v-nemocnicich-maji-sva-pravidla-uoou-vymezil-kde-konci-ochrana-a-zacina-smirovani/,news
CZE,medium,source,privacy,https://feedit.cz/2026/09/14/kyberneticke-incidenty-v-cr-v-srpnu-ransomware-uderil-na-zdravotnictvi-vyrobu-i-it-sluzby-unikla-citliva-data-pacientu/,news
CZE,medium,source,commercial,https://health.ec.europa.eu/ehealth-digital-health-and-care/european-health-data-space-regulation-ehds_en,official
CZE,medium,source,commercial,https://www.ochranaudaju.cz/aktuality/vyrocni-zprava-uoou-za-rok-2025,blog_vendor
CZE,medium,source,commercial,https://gdpr-info.eu/art-83-gdpr/,blog_vendor
CZE,medium,source,journey,https://epreskripce.gov.cz/o-ereceptu/,official
CZE,medium,source,journey,https://mzd.gov.cz/tiskove-centrum-mz/spusteni-nove-digitalni-sluzby-portal-lekare-a-pacienta/,official
CZE,medium,source,journey,https://www.zakonyprolidi.cz/cs/2025-236,legal_text
CZE,medium,source,journey,https://mzd.gov.cz/tiskove-centrum-mz/ministerstvo-zdravotnictvi-spousti-novou-generaci-ezkarty-pripomene-preventivni-vysetreni-a-zpristupni-dulezite-zdravotni-informace/,official
CZE,medium,source,clinical,https://www.zakonyprolidi.cz/cs/2021-325,legal_text
CZE,medium,source,clinical,https://ncez.mzcr.cz/cs/node/5545,official
CZE,medium,source,clinical,https://epreskripce.gov.cz/o-ereceptu/,official
CZE,medium,source,research,https://www.usoud.cz/aktualne/vyhlaseni-nalezu-ustavniho-soudu-sp-zn-pl-us-33-16-dne-18-listopadu-2020-rozhodnuti-zverejnene-s-tiskovou-zpravou,official
CZE,medium,source,research,https://www.uzis.cz/index.php?pg=kontakt--zadosti-vystupy-nzis,official
CZE,medium,source,research,https://health.ec.europa.eu/ehealth-digital-health-and-care/european-health-data-space-regulation-ehds_en,official
CZE,medium,source,ai,https://ctu.gov.cz/tiskova-zprava-2.-srpna-2026-jako-klicove-datum-pro-pravidla-transparentnosti-podle-aktu-o-umele,official
CZE,medium,source,ai,https://www.leitnerlaw.cz/novinky/ai-act-v-praxi-cesky-adaptacni-zakon-vymezuje-kompetence-postupy-a-sankce/,law_firm
CZE,medium,law,laws,https://eur-lex.europa.eu/eli/reg/2016/679/oj/eng,official
CZE,medium,law,laws,https://www.zakonyprolidi.cz/cs/2019-110,legal_text
CZE,medium,law,laws,https://mzd.gov.cz/wp-content/uploads/2024/11/Vykladove-stanovisko-k-ustanoveni-%C2%A7-66-odst.-3-zakona-o-zdravotnich-sluzbach-ve-zneni-zakona-c.-240-2024-Sb.pdf,official
CZE,medium,law,laws,https://www.zakonyprolidi.cz/cs/2021-325,legal_text
CZE,medium,law,laws,https://www.zakonyprolidi.cz/cs/2025-236,legal_text
CZE,medium,law,laws,https://health.ec.europa.eu/ehealth-digital-health-and-care/european-health-data-space-regulation-ehds_en,official
DEU,high,source,access,https://www.gesetze-im-internet.de/bgb/__630g.html,news
DEU,high,source,access,https://www.aekb.de/fileadmin/migration/pdf/25_Merkblatt_Einsichtsrechte_in_Patientenunterlagen.pdf,news
DEU,high,source,access,https://www.gematik.de/newsroom/news-detail/ein-jahr-epa-fuer-alle-mehr-als-100-millionen-hinterlegte-dokumente-verbessern-behandlung-und-versorgung-in-deutschland,official
DEU,high,source,access,https://www.bfdi.bund.de/SharedDocs/Pressemitteilungen/DE/2025/18_Datenbarometer-ePA.html,news
DEU,high,source,control,https://www.gesetze-im-internet.de/sgb_5/__353.html,news
DEU,high,source,control,https://www.gesetze-im-internet.de/sgb_5/__342.html,news
DEU,high,source,control,https://gesund.bund.de/wie-verwalte-ich-meine-epa,official
DEU,high,source,control,https://www.zm-online.de/news/detail/seit-dem-freiwilligen-epa-start-stagniert-die-zahl-der-widersprueche,news
DEU,high,source,privacy,https://www.bfdi.bund.de/SharedDocs/Pressemitteilungen/DE/2026/06_TB34.html,news
DEU,high,source,privacy,https://www.heise.de/news/Patientendaten-betroffen-Cyberangriff-auf-Abrechnungsdienstleister-von-Kliniken-11304982.html,news
DEU,high,source,privacy,https://www.heise.de/news/39C3-Ein-Jahr-elektronische-Patientenakte-hat-sich-die-Lage-verbessert-11126272.html,news
DEU,high,source,privacy,https://www.gesetze-im-internet.de/gdng/__9.html,news
DEU,high,source,commercial,https://www.gesetze-im-internet.de/sgb_5/__303e.html,news
DEU,high,source,commercial,https://www.gesetze-im-internet.de/gdng/__9.html,news
DEU,high,source,commercial,https://www.gesetze-im-internet.de/digav/__4.html,news
DEU,high,source,commercial,https://www.gesetze-im-internet.de/sgb_5/__25b.html,news
DEU,high,source,journey,https://www.gematik.de/newsroom/news-detail/ein-jahr-epa-fuer-alle-mehr-als-100-millionen-hinterlegte-dokumente-verbessern-behandlung-und-versorgung-in-deutschland,official
DEU,high,source,journey,https://www.gematik.de/newsroom/news-detail/eine-milliarde-eingeloeste-e-rezepte,official
DEU,high,source,journey,https://www.bundesgesundheitsministerium.de/themen/digitalisierung/elektronische-patientenakte/epa-fuer-alle,official
DEU,high,source,journey,https://www.rki.de/DE/Themen/Infektionskrankheiten/Meldewesen/DEMIS/demis-node.html,news
DEU,high,source,clinical,https://www.kbv.de/praxis/digitalisierung/anwendungen/elektronische-patientenakte,news
DEU,high,source,clinical,https://gesund.bund.de/wie-verwalte-ich-meine-epa,official
DEU,high,source,clinical,https://www.gematik.de/newsroom/news-detail/ein-jahr-epa-fuer-alle-mehr-als-100-millionen-hinterlegte-dokumente-verbessern-behandlung-und-versorgung-in-deutschland,official
DEU,high,source,clinical,https://www.sueddeutsche.de/bayern/nuernberg-kliniken-patientenakte-erler-epa-li.3391093,news
DEU,high,source,research,https://www.gesetze-im-internet.de/sgb_5/__363.html,news
DEU,high,source,research,https://www.forschungsdatenzentrum-gesundheit.de/infoportal/datensatz-des-fdz-gesundheit/daten-aus-der-epa,official
DEU,high,source,research,https://netzpolitik.org/2026/gesellschaft-fuer-freiheitsrechte-klage-gegen-zentrale-speicherung-von-gesundheitsdaten-geht-weiter/,news
DEU,high,source,research,https://health.ec.europa.eu/ehealth-digital-health-and-care/european-health-data-space-regulation-ehds_en,official
DEU,high,source,ai,https://www.gesetze-im-internet.de/ki-mig/BJNR0DF0B0026.html,news
DEU,high,source,ai,https://artificialintelligenceact.eu/ai-act-explorer/digital-omnibus/,news
DEU,high,source,ai,https://www.mayerbrown.com/en/insights/publications/2026/07/eu-ai-act-news-digital-omnibus-on-ai-new-guidance-on-risk-classification-gpai-and-transparency-obligations,news
DEU,high,law,laws,https://www.gesetze-im-internet.de/bgb/__630g.html,news
DEU,high,law,laws,https://www.gesetze-im-internet.de/sgb_5/__353.html,news
DEU,high,law,laws,https://www.gesetze-im-internet.de/gdng/,news
DEU,high,law,laws,https://www.gesetze-im-internet.de/digav/__4.html,news
DEU,high,law,laws,https://www.gesetze-im-internet.de/ki-mig/BJNR0DF0B0026.html,news
DEU,high,law,laws,https://health.ec.europa.eu/ehealth-digital-health-and-care/european-health-data-space-regulation-ehds_en,official
DEU,high,law,laws,https://artificialintelligenceact.eu/ai-act-explorer/digital-omnibus/,news
DNK,medium,source,access,https://www.ism.dk/sundhed/patientrettigheder/adgang-til-egen-sundhedsjournal,news
DNK,medium,source,access,https://www.retsinformation.dk/eli/lta/2025/275,official
DNK,medium,source,access,https://data.europa.eu/doi/10.2759/1486195,official
DNK,medium,source,access,https://via.ritzau.dk/pressemeddelelse/14744026/millioner-har-deres-sundhedsdata-i-lommen-danskerne-har-taget-minsundhed-appen-til-sig?publisherId=10524793&lang=da,news
DNK,medium,source,control,https://www.retsinformation.dk/eli/lta/2025/275,official
DNK,medium,source,control,https://www.stpk.dk/viden/praksissammenfatninger/opslag-i-patientjournalen/,official
DNK,medium,source,control,https://www.regionsjaelland.dk/sundhed/digitale-loesninger/din-journal,news
DNK,medium,source,privacy,https://www.datatilsynet.dk/afgoerelser/boedesager,news
DNK,medium,source,privacy,https://regionsyddanmark.dk/om-region-syddanmark/presse-og-nyheder/nyhedsarkiv/2026/marts-2026/region-syddanmark-frikendt-i-en-sag-og-idomt-bode-i-en-anden-sag-om-brud-pa-gdpr-reglerne,official
DNK,medium,source,privacy,https://via.ritzau.dk/pressemeddelelse/14290783/stort-antal-borgere-far-besked-om-databrud?publisherId=13561276&lang=da,news
DNK,medium,source,privacy,https://radar.dk/artikel/ai-har-haft-adgang-til-over-100000-beskeder-med-fortrolig-data-om-danske-patienter-de-overtraeder,news
DNK,medium,source,commercial,https://www.retsinformation.dk/eli/lta/2025/275,official
DNK,medium,source,commercial,https://www.retsinformation.dk/eli/lta/2025/717,official
DNK,medium,source,commercial,https://sundhedsdatastyrelsen.dk/data-og-registre/forskerservice/ansoeg-om-data/autorisation-til-forskermaskinen,official
DNK,medium,source,commercial,https://health.ec.europa.eu/ehealth-digital-health-and-care/european-health-data-space-regulation-ehds_en,official
DNK,medium,source,journey,https://sundhedsdatastyrelsen.dk/digitale-loesninger/faelles-medicinkort/baggrund-og-organisering/baggrund-for-fmk,official
DNK,medium,source,journey,https://medcom.dk/projekter/basisaktiviteter/sundhedsjournalen/opkobling-af-almen-praksis/,news
DNK,medium,source,journey,https://data.europa.eu/doi/10.2759/1486195,official
DNK,medium,source,journey,https://english.sundhedsdatastyrelsen.dk/health-data-and-registers/european-health-data-space/myhealth@eu,official
DNK,medium,source,clinical,https://www.retsinformation.dk/eli/lta/2025/275,official
DNK,medium,source,clinical,https://www.stpk.dk/viden/praksissammenfatninger/opslag-i-patientjournalen/,official
DNK,medium,source,clinical,https://sundhedsdatastyrelsen.dk/digitale-loesninger/faelles-medicinkort/baggrund-og-organisering/baggrund-for-fmk,official
DNK,medium,source,clinical,https://laeger.dk/foreninger/plo/plorientering/plorientering-22026,news
DNK,medium,source,research,https://www.retsinformation.dk/eli/lta/2025/275,official
DNK,medium,source,research,https://sundhedsdatastyrelsen.dk/borger/om-sundhedsdata/brug-til-forskning,official
DNK,medium,source,research,https://sundhedsdatastyrelsen.dk/data-og-registre/forskerservice/ansoeg-om-data/autorisation-til-forskermaskinen,official
DNK,medium,source,research,https://sundhedsdatastyrelsen.dk/borger/selvbetjening-og-services/brug-af-vaevsproever,official
DNK,medium,source,ai,https://digst.dk/tilsyn/ai-forordningen/ai-omnibus/,news
DNK,medium,source,ai,https://digst.dk/tilsyn/ai-forordningen/tilsyn-med-ai-forordningen/,news
DNK,medium,source,ai,https://stps.dk/sundhedsfaglig/ansvar-og-retningslinjer/sundhedsfaglig-vejledning/digital-sundhedsfaglig-behandling,news
DNK,medium,law,laws,https://www.retsinformation.dk/eli/lta/2025/275,official
DNK,medium,law,laws,https://www.retsinformation.dk/eli/lta/2025/717,official
DNK,medium,law,laws,https://www.folketingstidende.dk/samling/20251/lovforslag/L44/20251_L44_som_vedtaget.pdf,news
DNK,medium,law,laws,https://health.ec.europa.eu/ehealth-digital-health-and-care/european-health-data-space-regulation-ehds_en,official
DNK,medium,law,laws,https://digst.dk/tilsyn/ai-forordningen/ai-omnibus/,news
EGY,high,source,access,https://eg.andersen.com/wp-content/uploads/2025/06/Law-No.-151-OF-2020.pdf,law_firm
EGY,high,source,access,https://eipr.org/sites/default/files/reports/pdf/_-_hmy_lbynt-2.pdf,news
EGY,high,source,access,https://lms.ehc.gov.eg/lms/mod/book/view.php?id=457&chapterid=2491&lang=ar,official
EGY,high,source,access,https://www.youm7.com/story/2026/9/5/%D9%85%D8%AF%D8%A8%D9%88%D9%84%D9%89-%D9%8A%D8%B3%D8%AA%D8%B9%D8%B1%D8%B6-%D8%AA%D9%82%D8%B1%D9%8A%D8%B1%D9%8B%D8%A7-%D8%AD%D9%88%D9%84-%D8%A5%D9%86%D8%AC%D8%A7%D8%B2%D8%A7%D8%AA-%D8%A7%D9%84%D8%B1%D8%B9%D8%A7%D9%8A%D8%A9-%D8%A7%D9%84%D8%B5%D8%AD%D9%8A%D8%A9-%D8%A8%D8%A7%D9%84%D9%86%D8%B5%D9%81-%D8%A7%D9%84%D8%A3%D9%88%D9%84-%D9%85%D9%86/7536515,news
EGY,high,source,control,https://manshurat.org/node/63712,news
EGY,high,source,control,https://uhia.gov.eg/,official
EGY,high,source,control,https://eg.andersen.com/wp-content/uploads/2025/06/Law-No.-151-OF-2020.pdf,law_firm
EGY,high,source,control,https://lms.ehc.gov.eg/lms/mod/book/view.php?id=457&chapterid=2491&lang=ar,official
EGY,high,source,privacy,https://eg.andersen.com/wp-content/uploads/2025/06/Law-No.-151-OF-2020.pdf,law_firm
EGY,high,source,privacy,https://sis.gov.eg/ar/%D8%A7%D9%84%D8%B1%D8%A6%D8%A7%D8%B3%D8%A9/%D8%B4%D8%A6%D9%88%D9%86-%D8%AF%D8%A7%D8%AE%D9%84%D9%8A%D8%A9/%D8%A7%D9%84%D9%82%D8%B1%D8%A7%D8%B1%D8%A7%D8%AA-%D8%A7%D9%84%D8%B1%D8%A6%D8%A7%D8%B3%D9%8A%D8%A9/%D8%A7%D9%84%D8%B1%D8%A6%D9%8A%D8%B3-%D8%A7%D9%84%D8%B3%D9%8A%D8%B3%D9%89%D9%8A-%D9%8A-%D8%B5%D8%AF-%D9%82-%D8%B9%D9%84%D9%89-%D9%82%D8%A7%D9%86%D9%88%D9%86-%D8%AD%D9%85%D8%A7%D9%8A%D8%A9-%D8%A7%D9%84%D8%A8%D9%8A%D8%A7%D9%86%D8%A7%D8%AA-%D8%A7%D9%84%D8%B4%D8%AE%D8%B5%D9%8A%D8%A9/,official
EGY,high,source,privacy,https://eipr.org/sites/default/files/reports/pdf/_-_hmy_lbynt-2.pdf,news
EGY,high,source,privacy,https://moj.gov.eg:73/Doc/001/70640132025.pdf,news
EGY,high,source,commercial,https://eg.andersen.com/wp-content/uploads/2025/06/Law-No.-151-OF-2020.pdf,law_firm
EGY,high,source,commercial,https://www.shandpartners.com/insights/briefings/telecoms-media-technology/the-issuance-of-the-executive-regulations-of-the-data-protection-law-and-the-establishment-of-the-data-protection-centre/,news
EGY,high,source,commercial,https://nrc-mrec.online/?jet_download=c70bfcea951063cca1a77b849268a5dca8fe1356,news
EGY,high,source,commercial,https://moj.gov.eg:73/Doc/001/70640132025.pdf,news
EGY,high,source,journey,https://www.youm7.com/story/2026/7/6/%D9%88%D8%B2%D8%A7%D8%B1%D8%A9-%D8%A7%D9%84%D8%B5%D8%AD%D8%A9-%D8%A7%D9%84%D8%AA%D8%A3%D9%85%D9%8A%D9%86-%D8%A7%D9%84%D8%B5%D8%AD%D9%89-%D8%A7%D9%84%D8%B4%D8%A7%D9%85%D9%84-%D9%82%D8%AF%D9%85-%D8%A3%D9%83%D8%AB%D8%B1-%D9%85%D9%86-117-%D9%85%D9%84%D9%8A%D9%88%D9%86/7471635,news
EGY,high,source,journey,https://www.youm7.com/story/2026/9/5/%D9%85%D8%AF%D8%A8%D9%88%D9%84%D9%89-%D9%8A%D8%B3%D8%AA%D8%B9%D8%B1%D8%B6-%D8%AA%D9%82%D8%B1%D9%8A%D8%B1%D9%8B%D8%A7-%D8%AD%D9%88%D9%84-%D8%A5%D9%86%D8%AC%D8%A7%D8%B2%D8%A7%D8%AA-%D8%A7%D9%84%D8%B1%D8%B9%D8%A7%D9%8A%D8%A9-%D8%A7%D9%84%D8%B5%D8%AD%D9%8A%D8%A9-%D8%A8%D8%A7%D9%84%D9%86%D8%B5%D9%81-%D8%A7%D9%84%D8%A3%D9%88%D9%84-%D9%85%D9%86/7536515,news
EGY,high,source,journey,https://sis.gov.eg/ar/%D8%A7%D9%84%D9%85%D8%B1%D9%83%D8%B2-%D8%A7%D9%84%D8%A5%D8%B9%D9%84%D8%A7%D9%85%D9%8A/%D8%A7%D8%B3%D8%AA%D8%B1%D8%A7%D8%AA%D9%8A%D8%AC%D9%8A%D8%A7%D8%AA/%D8%A7%D9%84%D8%A7%D8%B3%D8%AA%D8%B1%D8%A7%D8%AA%D9%8A%D8%AC%D9%8A%D8%A9-%D8%A7%D9%84%D9%88%D8%B7%D9%86%D9%8A%D8%A9-%D9%84%D9%84%D8%B5%D8%AD%D8%A9-%D8%A7%D9%84%D8%B1%D9%82%D9%85%D9%8A%D8%A9-2025-2029/,official
EGY,high,source,journey,https://www.dailynewsegypt.com/2026/09/14/egypt-plans-unified-digital-platform-to-link-patient-records-across-health-facilities/,news
EGY,high,source,clinical,https://www.youm7.com/story/2026/9/5/%D9%85%D8%AF%D8%A8%D9%88%D9%84%D9%89-%D9%8A%D8%B3%D8%AA%D8%B9%D8%B1%D8%B6-%D8%AA%D9%82%D8%B1%D9%8A%D8%B1%D9%8B%D8%A7-%D8%AD%D9%88%D9%84-%D8%A5%D9%86%D8%AC%D8%A7%D8%B2%D8%A7%D8%AA-%D8%A7%D9%84%D8%B1%D8%B9%D8%A7%D9%8A%D8%A9-%D8%A7%D9%84%D8%B5%D8%AD%D9%8A%D8%A9-%D8%A8%D8%A7%D9%84%D9%86%D8%B5%D9%81-%D8%A7%D9%84%D8%A3%D9%88%D9%84-%D9%85%D9%86/7536515,news
EGY,high,source,clinical,https://lms.ehc.gov.eg/lms/mod/book/view.php?id=457&chapterid=2491&lang=ar,official
EGY,high,source,clinical,https://moj.gov.eg:73/Doc/001/70640132025.pdf,news
EGY,high,source,clinical,https://www.dailynewsegypt.com/2026/09/14/egypt-plans-unified-digital-platform-to-link-patient-records-across-health-facilities/,news
EGY,high,source,research,https://nrc-mrec.online/?jet_download=c70bfcea951063cca1a77b849268a5dca8fe1356,news
EGY,high,source,research,https://lms.ehc.gov.eg/lms/mod/book/view.php?id=457&chapterid=2491&lang=ar,official
EGY,high,source,research,https://sis.gov.eg/en/media-center/news/egypt-plans-to-establish-first-national-center-for-health-data-science/,official
EGY,high,source,ai,https://ai.gov.eg/SynchedFiles/en/Resources/Egyptian%20Charter%20for%20Responsible%20AI.pdf,official
EGY,high,source,ai,https://oecd.ai/en/dashboards/policy-initiatives/egypt-national-artificial-intelligence-strategy,intergov
EGY,high,source,ai,https://www.edaegypt.gov.eg/media/jf2cxmo4/3-regulatory-guideline-of-the-procedures-and-rules-organizing-the-changes-done-to-a-registration-license-data-of-a-medical-device_gd.pdf,official
EGY,high,source,ai,https://www.elwatannews.com/news/details/8341286,news
EGY,high,law,laws,https://eg.andersen.com/wp-content/uploads/2025/06/Law-No.-151-OF-2020.pdf,law_firm
EGY,high,law,laws,https://eipr.org/sites/default/files/reports/pdf/_-_hmy_lbynt-2.pdf,news
EGY,high,law,laws,https://moj.gov.eg:73/Doc/001/70640132025.pdf,news
EGY,high,law,laws,https://manshurat.org/node/63712,news
EGY,high,law,laws,https://nrc-mrec.online/?jet_download=c70bfcea951063cca1a77b849268a5dca8fe1356,news
EGY,high,law,laws,https://www.ehc.gov.eg/documents/20126/0/medicine.pdf/7dee94e8-e6ac-1495-ffdf-2f0c95d582c7?t=1693421634760&download=true,official
ESP,high,source,access,https://www.boe.es/buscar/act.php?id=BOE-A-2002-22188,official
ESP,high,source,access,https://www.sanidad.gob.es/profesionales/hcdsns/Preguntas_frecuentes.htm,official
ESP,high,source,access,https://digital.gob.es/content/dam/portal-mtdfp/comunicacion/comunicacion_sedia/2025/06/16-06-2025/20250616InformeEspanaDecadaDigitalSDD25.pdf,official
ESP,high,source,access,https://www.iberley.es/noticias/la-aepd-sanciona-cobrar-30-euros-acceder-historia-clinica-36403,news
ESP,high,source,control,https://www.sanidad.gob.es/profesionales/hcdsns/Preguntas_frecuentes.htm,official
ESP,high,source,control,https://www.comunidad.madrid/salud/historia-clinica-digital-sistema-nacional-salud,news
ESP,high,source,control,https://lamevasalut.gencat.cat/es/web/cps/ajuda/preguntes-frequents,news
ESP,high,source,control,https://www.cuatrecasas.com/es/spain/farmaceutico-sanitario/art/trazabilidad-accesos-datos-salud,law_firm
ESP,high,source,privacy,https://www.boe.es/buscar/act.php?id=BOE-A-2018-16673,official
ESP,high,source,privacy,https://www.infobae.com/espana/2026/02/12/un-hospital-del-grupo-quiron-recibe-una-multa-de-12-millones-de-euros-por-perder-el-cd-de-un-paciente-que-aporto-resonancias-hechas-en-otros-centros/,news
ESP,high,source,privacy,https://www.escudodigital.com/ciberseguridad/eholo-startup-filtracion-datos-pacientes.html,news
ESP,high,source,privacy,https://www.lavozdelsur.es/actualidad/salud/un-grupo-de-hackers-asegura-haber-robado-datos-medicos-y-financieros-de-pacientes-de-quiron-en-espana.html,news
ESP,high,source,commercial,https://www.boe.es/buscar/act.php?id=BOE-A-2002-22188,official
ESP,high,source,commercial,https://www.boe.es/buscar/act.php?id=BOE-A-2023-15135,official
ESP,high,source,commercial,https://www.boe.es/buscar/act.php?id=BOE-A-2018-16673,official
ESP,high,source,commercial,https://digital.gob.es/digitalizacion/la-economia-del-dato/actualidad/2026/01/presentado-el-espacio-nacional-de-datos-de-salud,official
ESP,high,source,journey,https://www.sanidad.gob.es/profesionales/hcdsns/Preguntas_frecuentes.htm,official
ESP,high,source,journey,https://www.sanidad.gob.es/areas/saludDigital/recetaElectronicaSNS/home.htm,official
ESP,high,source,journey,https://www.research.ed.ac.uk/en/publications/recommendations-for-a-national-electronic-health-record-in-spain-/,news
ESP,high,source,journey,https://digital.gob.es/digitalizacion/la-economia-del-dato/actualidad/2026/01/presentado-el-espacio-nacional-de-datos-de-salud,official
ESP,high,source,clinical,https://www.boe.es/buscar/act.php?id=BOE-A-2002-22188,official
ESP,high,source,clinical,https://govern.cat/gov/notes-premsa/275211/la-historia-clinica-compartida-present-a-tots-els-hospitals-i-els-cap-de-la-xarxa-sanitaria-publica,news
ESP,high,source,clinical,https://www.sanidad.gob.es/profesionales/hcdsns/Preguntas_frecuentes.htm,official
ESP,high,source,research,https://www.boe.es/buscar/act.php?id=BOE-A-2018-16673,official
ESP,high,source,research,https://www.boe.es/buscar/act.php?id=BOE-A-2015-14082,official
ESP,high,source,research,https://health.ec.europa.eu/ehealth-digital-health-and-care/european-health-data-space-regulation-ehds_en,official
ESP,high,source,research,https://www.sanidad.gob.es/normativa/docs/2025.09.22_CPP_CPP_APL_Salud_Digital1_.pdf,official
ESP,high,source,ai,https://aesia.digital.gob.es/es,official
ESP,high,source,ai,https://www.lamoncloa.gob.es/consejodeministros/resumenes/paginas/2026/260526-rueda-prensa-ministros.aspx,official
ESP,high,source,ai,https://www.sanidad.gob.es/normativa/docs/2025.09.22_CPP_CPP_APL_Salud_Digital1_.pdf,official
ESP,high,source,ai,https://www.cuatrecasas.com/en/global/intellectual-property/art/digital-omnibus-ai-has-been-published,law_firm
ESP,high,law,laws,https://www.boe.es/buscar/act.php?id=BOE-A-2002-22188,official
ESP,high,law,laws,https://www.boe.es/buscar/act.php?id=BOE-A-2018-16673,official
ESP,high,law,laws,https://www.boe.es/buscar/act.php?id=BOE-A-2023-15135,official
ESP,high,law,laws,https://www.boe.es/buscar/act.php?id=BOE-A-2015-14082,official
ESP,high,law,laws,https://health.ec.europa.eu/ehealth-digital-health-and-care/european-health-data-space-regulation-ehds_en,official
ESP,high,law,laws,https://www.boe.es/buscar/doc.php?id=DOUE-L-2016-80807,official
ESP,high,law,laws,https://www.cuatrecasas.com/en/global/intellectual-property/art/digital-omnibus-ai-has-been-published,law_firm
EST,medium,source,access,https://www.riigiteataja.ee/akt/130062026132,official
EST,medium,source,access,https://www.riigiteataja.ee/akt/128032026002,official
EST,medium,source,access,https://www.terviseportaal.ee/kontaktid-ja-kkk,official
EST,medium,source,access,https://ec.europa.eu/eurostat/databrowser/view/isoc_ci_ac_i/default/table,official
EST,medium,source,control,https://www.riigiteataja.ee/akt/130062026132,official
EST,medium,source,control,https://www.tehik.ee/terviseportaali-kkk,news
EST,medium,source,control,https://www.aki.ee/isikuandmed/kkk/tervishoid,news
EST,medium,source,control,https://news.err.ee/1610151619/social-minister-butts-heads-with-doctors-over-doctor-patient-confidentiality,news
EST,medium,source,privacy,https://www.aki.ee/uudised/allium-upi-le-maaratud-3-miljoni-euro-suurune-trahv-oli-kohtu-hinnangul-pohjendatud,news
EST,medium,source,privacy,https://news.err.ee/1610104594/estonian-police-and-iss-say-most-health-data-queries-are-lawful,news
EST,medium,source,privacy,https://news.err.ee/1610127079/patient-health-data-leaked-from-dentists-information-system,news
EST,medium,source,privacy,https://www.riigiteataja.ee/akt/128032026002,official
EST,medium,source,commercial,https://teabekeskus.tehik.ee/et/andmeparing,news
EST,medium,source,commercial,https://teabekeskus.tehik.ee/et/andmeparing/2025,news
EST,medium,source,commercial,https://www.riigiteataja.ee/akt/117032026001,official
EST,medium,source,commercial,https://www.riigiteataja.ee/akt/130062026132,official
EST,medium,source,journey,https://www.riigiteataja.ee/akt/130062026132,official
EST,medium,source,journey,https://www.riigikontroll.ee/auditiaruanded/terviseandmete-oigsuse-tapsuse-ja-ajakohasuse-tagamine,news
EST,medium,source,journey,https://www.tehik.ee/en/cross-border-data-exchange,news
EST,medium,source,journey,https://www.oecd.org/content/dam/oecd/en/publications/reports/2025/12/country-health-profile-2025-country-notes_7e72146d/estonia_8621837c/0eb3b75b-en.pdf,intergov
EST,medium,source,clinical,https://www.riigiteataja.ee/akt/130062026132,official
EST,medium,source,clinical,https://news.err.ee/1610059153/estonia-plans-7-million-upgrade-to-centralized-health-specialist-dashboard,news
EST,medium,source,clinical,https://www.tehik.ee/terviseportaali-kkk,news
EST,medium,source,clinical,https://www.riigikontroll.ee/auditiaruanded/terviseandmete-oigsuse-tapsuse-ja-ajakohasuse-tagamine,news
EST,medium,source,research,https://www.riigiteataja.ee/akt/130062026052,official
EST,medium,source,research,https://www.riigiteataja.ee/akt/130062026132,official
EST,medium,source,research,https://www.riigiteataja.ee/akt/117032026001,official
EST,medium,source,research,https://teabekeskus.tehik.ee/et/andmeparing/2025,news
EST,medium,source,ai,https://ttja.ee/ariklient/ohutus/tooted-teenused/tehisintellektisusteemid,news
EST,medium,source,ai,https://www.aki.ee/sites/default/files/documents/2026-06/Tahelepanu%20juhtimine.%20%C3%9Cldotstarbelise%20tehisintellekti%20kasutamine%20tervishoius_0.pdf,news
EST,medium,source,ai,https://www.aki.ee/kiirelt-katte/aki-otsused/seisukohad,news
EST,medium,law,laws,https://www.riigiteataja.ee/akt/130062026132,official
EST,medium,law,laws,https://www.riigiteataja.ee/akt/128032026002,official
EST,medium,law,laws,https://www.riigiteataja.ee/akt/130062026052,official
EST,medium,law,laws,https://www.riigiteataja.ee/akt/117032026001,official
EST,medium,law,laws,https://health.ec.europa.eu/ehealth-digital-health-and-care/european-health-data-space-regulation-ehds_en,official
EST,medium,law,laws,https://ttja.ee/ariklient/ohutus/tooted-teenused/tehisintellektisusteemid,news
FIN,high,source,access,https://www.kanta.fi/tiedot-kannassa,official
FIN,high,source,access,https://www.kanta.fi/tilastot,official
FIN,high,source,access,https://www.kanta.fi/nain-pyydat-tietojasi,official
FIN,high,source,access,https://www.kanta.fi/kantaan-liitetyt-hyvinvointisovellukset,official
FIN,high,source,control,https://www.finlex.fi/api/media/statute/691372/mainPdf/main.pdf?timestamp=2023-04-13T21%3A00%3A00.000Z,news
FIN,high,source,control,https://www.kanta.fi/potilastietojen-luvat-ja-kiellot,official
FIN,high,source,control,https://www.kanta.fi/nain-tarkistat-missa-tietojasi-on-kasitelty,official
FIN,high,source,control,https://www.kanta.fi/nain-pyydat-tietojasi,official
FIN,high,source,privacy,https://valtioneuvosto.fi/-/1410853/tietosuojarikkomuksista-maarattavat-seuraamusmaksut-koskemaan-myos-julkista-sektoria,news
FIN,high,source,privacy,https://tietosuoja.fi/-/apulaistietosuojavaltuutettu-hyvinvointialueella-puutteita-potilastietojen-kayton-valvonnassa,news
FIN,high,source,privacy,https://tietosuoja.fi/-/hallinto-oikeudelta-paatos-yliopiston-apteekille-maaratysta-seuraamusmaksusta-lakiuudistus-julkisen-sektorin-seuraamusmaksuista-lisaisi-yhdenmukaisuutta,news
FIN,high,source,privacy,https://yle.fi/a/74-20211792,news
FIN,high,source,commercial,https://findata.fi/palvelut-ja-ohjeet/lainsaadanto/,official
FIN,high,source,commercial,https://findata.fi/tietoa-findatasta/oikeudet-tietoihisi/,official
FIN,high,source,commercial,https://findata.fi/tietoa-findatasta/vuosikatsaus-2025/,official
FIN,high,source,commercial,https://tietosuoja.fi/-/hallinto-oikeudelta-paatos-yliopiston-apteekille-maaratysta-seuraamusmaksusta-lakiuudistus-julkisen-sektorin-seuraamusmaksuista-lisaisi-yhdenmukaisuutta,news
FIN,high,source,journey,https://www.kanta.fi/tilastot,official
FIN,high,source,journey,https://www.kanta.fi/ammattilaiset/tietojen-luovuttaminen-ja-valittaminen,official
FIN,high,source,journey,https://valtioneuvosto.fi/sv/-/1271139/informationsgangen-ar-karnan-i-reformen-av-apoteksverksamheten?languageId=fi_FI,news
FIN,high,source,journey,https://www.kanta.fi/en/ajankohtaista/kanta-services-in-2026-developing-kanta-data-to-better-aid-the-work-of-professionals,official
FIN,high,source,clinical,https://www.finlex.fi/api/media/statute/691372/mainPdf/main.pdf?timestamp=2023-04-13T21%3A00%3A00.000Z,news
FIN,high,source,clinical,https://www.kanta.fi/potilastietojen-luvat-ja-kiellot,official
FIN,high,source,clinical,https://www.kanta.fi/reseptitietojen-luvat-ja-kiellot,official
FIN,high,source,clinical,https://www.kanta.fi/ammattilaiset/tietojen-luovuttaminen-ja-valittaminen,official
FIN,high,source,research,https://findata.fi/palvelut-ja-ohjeet/lainsaadanto/,official
FIN,high,source,research,https://findata.fi/tietoa-findatasta/vuosikatsaus-2025/,official
FIN,high,source,research,https://www.kanta.fi/tietojen-kaytto-tutkimuksessa,official
FIN,high,source,research,https://findata.fi/en/news/findata-supports-many-of-the-solutions-proposed-for-the-national-implementation-of-the-ehds/,official
FIN,high,source,ai,https://fimea.fi/laakinnalliset_laitteet/tekoalyn-kaytto-laakinnallisissa-laitteissa,news
FIN,high,source,ai,https://traficom.fi/fi/uutiset/uudet-saannot-vahvistavat-luottamusta-tekoalyyn-euroopassa,news
FIN,high,source,ai,https://www.finlex.fi/fi/lainsaadanto/saadoskokoelma/2025/1377,news
FIN,high,source,ai,https://www.cuatrecasas.com/en/global/intellectual-property/art/digital-omnibus-ai-has-been-published,law_firm
FIN,high,law,laws,https://www.finlex.fi/api/media/statute/691372/mainPdf/main.pdf?timestamp=2023-04-13T21%3A00%3A00.000Z,news
FIN,high,law,laws,https://www.finlex.fi/fi/lainsaadanto/2019/552,news
FIN,high,law,laws,https://www.finlex.fi/fi/lainsaadanto/2018/1050,news
FIN,high,law,laws,https://www.finlex.fi/fi/lainsaadanto/saadoskokoelma/2025/1377,news
FIN,high,law,laws,https://findata.fi/faq/mika-on-toisiolaki/,official
FIN,high,law,laws,https://www.cuatrecasas.com/en/global/intellectual-property/art/digital-omnibus-ai-has-been-published,law_firm
FRA,high,source,access,https://www.service-public.gouv.fr/particuliers/vosdroits/F12210,official
FRA,high,source,access,https://www.service-public.gouv.fr/particuliers/vosdroits/F10872,official
FRA,high,source,access,https://www.nouvelle-aquitaine.ars.sante.fr/communique-de-presse-en-2026-mon-espace-sante-amorce-un-nouveau-virage-pour-devenir-loutil-central,news
FRA,high,source,control,https://www.service-public.gouv.fr/particuliers/vosdroits/F10872,official
FRA,high,source,control,https://www.centre-val-de-loire.ars.sante.fr/mon-espace-sante-le-service-public-numerique-pour-faciliter-les-echanges-entre-patient-et-3,news
FRA,high,source,privacy,https://www.cnil.fr/fr/sanction-hopital-prive-loire,official
FRA,high,source,privacy,https://www.caducee.net/actualite-medicale/16822/cegedim-l-etat-acte-l-ampleur-de-la-fuite-et-precise-le-risque-donnees-sensibles-pour-164-000-personnes.html,news
FRA,high,source,privacy,https://www.ethique-hdf.fr/fileadmin/user_upload/Article_L1111-8_CSP_-_Hebergement_des_donnees_de_sante_a_caractere_personnel.pdf,news
FRA,high,source,privacy,https://www.lemondeinformatique.fr/actualites/lire-scaleway-devient-l-hebergeur-du-health-data-hub-99998.html,news
FRA,high,source,commercial,https://www.ethique-hdf.fr/fileadmin/user_upload/Article_L1111-8_CSP_-_Hebergement_des_donnees_de_sante_a_caractere_personnel.pdf,news
FRA,high,source,commercial,https://www.cnil.fr/fr/snds-systeme-national-des-donnees-de-sante,official
FRA,high,source,commercial,https://www.cnil.fr/fr/donnees-sante-sanction-5-millions-iqvia,official
FRA,high,source,commercial,https://www.centre-val-de-loire.ars.sante.fr/mon-espace-sante-le-service-public-numerique-pour-faciliter-les-echanges-entre-patient-et-3,news
FRA,high,source,journey,https://www.cnil.fr/fr/snds-systeme-national-des-donnees-de-sante,official
FRA,high,source,journey,https://www.service-public.gouv.fr/particuliers/vosdroits/F10872,official
FRA,high,source,journey,https://www.nouvelle-aquitaine.ars.sante.fr/communique-de-presse-en-2026-mon-espace-sante-amorce-un-nouveau-virage-pour-devenir-loutil-central,news
FRA,high,source,clinical,https://www.service-public.gouv.fr/particuliers/vosdroits/F10872,official
FRA,high,source,clinical,https://www.nouvelle-aquitaine.ars.sante.fr/communique-de-presse-en-2026-mon-espace-sante-amorce-un-nouveau-virage-pour-devenir-loutil-central,news
FRA,high,source,clinical,https://www.centre-val-de-loire.ars.sante.fr/mon-espace-sante-le-service-public-numerique-pour-faciliter-les-echanges-entre-patient-et-3,news
FRA,high,source,research,https://www.cnil.fr/fr/snds-systeme-national-des-donnees-de-sante,official
FRA,high,source,research,https://www.snds.gouv.fr/SNDS/Protection-de-la-donnee,official
FRA,high,source,research,https://www.health-data-hub.fr/projets,news
FRA,high,source,research,https://www.health-data-hub.fr/actualites/publication-de-la-strategie-nationale-sur-lintelligence-artificielle-et-les-donnees-de,news
FRA,high,source,ai,https://www.cuatrecasas.com/en/global/intellectual-property/art/digital-omnibus-ai-has-been-published,law_firm
FRA,high,source,ai,https://www.has-sante.fr/jcms/p_3643724/fr/certification-des-etablissements-de-sante-lancement-officiel-du-6e-cycle-au-1er-septembre-2025,news
FRA,high,source,ai,https://www.conseil-national.medecin.fr/medecin/exercice/principaux-textes-reglementant-lintelligence-artificielle,news
FRA,high,source,ai,https://affairesjuridiques.aphp.fr/textes/guide-has-cnil-accompagner-le-bon-usage-des-systemes-dintelligence-artificielle-en-contexte-de-soins-fevrier-2026/,news
FRA,high,law,laws,https://www.service-public.gouv.fr/particuliers/vosdroits/F12210,official
FRA,high,law,laws,https://www.ethique-hdf.fr/fileadmin/user_upload/Article_L1111-8_CSP_-_Hebergement_des_donnees_de_sante_a_caractere_personnel.pdf,news
FRA,high,law,laws,https://www.cnil.fr/fr/snds-systeme-national-des-donnees-de-sante,official
FRA,high,law,laws,https://www.conseil-national.medecin.fr/medecin/exercice/principaux-textes-reglementant-lintelligence-artificielle,news
FRA,high,law,laws,https://www.cnil.fr/fr/reglement-europeen-protection-donnees,official
FRA,high,law,laws,https://health.ec.europa.eu/ehealth-digital-health-and-care/european-health-data-space-regulation-ehds_en,official
FRA,high,law,laws,https://www.cuatrecasas.com/en/global/intellectual-property/art/digital-omnibus-ai-has-been-published,law_firm
GBR,high,source,access,https://ico.org.uk/for-organisations/uk-gdpr-guidance-and-resources/individual-rights/right-of-access/health-information/,official
GBR,high,source,access,https://digital.nhs.uk/data-and-information/publications/statistical/nhs-app-statistics/august-2026,official
GBR,high,source,access,https://www.england.nhs.uk/long-read/online-access-to-new-gp-health-record-information/,official
GBR,high,source,access,https://www.gov.uk/government/publications/health-bill-single-patient-record-fact-sheet/health-bill-single-patient-record-fact-sheet,official
GBR,high,source,control,https://digital.nhs.uk/services/summary-care-records-scr/summary-care-records-scr-information-for-patients,official
GBR,high,source,control,https://digital.nhs.uk/data-and-information/information-governance/guidance/information-governance-framework-shared-care-records,official
GBR,high,source,control,https://www.nhs.uk/using-the-nhs/about-the-nhs/opt-out-of-sharing-your-health-records/,official
GBR,high,source,control,https://www.theregister.com/databases/2026/06/13/nhs-patients-cant-opt-out-of-palantirs-data-platform-but-their-hospital-can/5254766,news
GBR,high,source,privacy,https://ico.org.uk/action-weve-taken/enforcement/2025/03/advanced-computer-software-group-limited/,official
GBR,high,source,privacy,https://www.gov.uk/government/news/national-data-guardian-statement-on-nhs-federated-data-platform-data-access-in-response-to-the-not-with-my-nhs-data-campaign,official
GBR,high,source,privacy,https://www.bbc.co.uk/news/articles/cpvxgl3n138o,news
GBR,high,source,privacy,https://ico.org.uk/for-organisations/uk-gdpr-guidance-and-resources/international-transfers/receiving-personal-information-from-the-eea/,official
GBR,high,source,commercial,https://www.legislation.gov.uk/ukpga/2012/7/section/261,official
GBR,high,source,commercial,https://digital.nhs.uk/services/national-data-opt-out/understanding-the-national-data-opt-out,official
GBR,high,source,commercial,https://www.nhs.uk/using-the-nhs/about-the-nhs/opt-out-of-sharing-your-health-records/,official
GBR,high,source,commercial,https://www.bmj.com/content/393/bmj-2026-035692,news
GBR,high,source,journey,https://digital.nhs.uk/services/electronic-prescription-service,official
GBR,high,source,journey,https://digital.nhs.uk/services/summary-care-records-scr,official
GBR,high,source,journey,https://www.gov.uk/government/publications/health-bill-single-patient-record-fact-sheet/health-bill-single-patient-record-fact-sheet,official
GBR,high,source,journey,https://www.england.nhs.uk/digitaltechnology/nhs-federated-data-platform/solution-exchange/fdp-uptake-and-benefits/,official
GBR,high,source,clinical,https://digital.nhs.uk/services/summary-care-records-scr,official
GBR,high,source,clinical,https://digital.nhs.uk/services/summary-care-records-scr/summary-care-records-scr-information-for-patients,official
GBR,high,source,clinical,https://www.kingsfund.org.uk/insight-and-analysis/long-reads/the-single-patient-record-explained-what-could-it-mean-for-patients-and-the-health-and-care-system,news
GBR,high,source,clinical,https://www.gov.uk/government/publications/health-bill-single-patient-record-fact-sheet/health-bill-single-patient-record-fact-sheet,official
GBR,high,source,research,https://digital.nhs.uk/services/national-data-opt-out/understanding-the-national-data-opt-out,official
GBR,high,source,research,https://www.nhs.uk/using-the-nhs/about-the-nhs/opt-out-of-sharing-your-health-records/,official
GBR,high,source,research,https://lordslibrary.parliament.uk/using-patient-data-for-research-challenges-and-policy-developments/,official
GBR,high,source,research,https://www.gov.uk/government/news/launch-of-clinical-trial-reforms,official
GBR,high,source,ai,https://www.legislation.gov.uk/uksi/2024/1368/made,official
GBR,high,source,ai,https://www.gov.uk/government/publications/predetermined-change-control-plans-for-machine-learning-enabled-medical-devices-guiding-principles/predetermined-change-control-plans-for-machine-learning-enabled-medical-devices-guiding-principles,official
GBR,high,source,ai,https://www.gov.uk/government/publications/national-commission-into-the-regulation-of-ai-in-healthcare-recommendations-for-a-future-regulatory-framework/national-commission-into-the-regulation-of-ai-in-healthcare-recommendations-for-a-future-regulatory-framework,official
GBR,high,source,ai,https://medregs.blog.gov.uk/2026/06/09/advancing-ai-regulation-in-healthcare-insights-from-ai-airlock-phase-2/,official
GBR,high,law,laws,https://ico.org.uk/for-organisations/uk-gdpr-guidance-and-resources/individual-rights/right-of-access/health-information/,official
GBR,high,law,laws,https://www.legislation.gov.uk/ukpga/2025/18/contents,official
GBR,high,law,laws,https://www.legislation.gov.uk/ukpga/2012/7/section/261,official
GBR,high,law,laws,https://www.legislation.gov.uk/uksi/2002/1438/contents/made,official
GBR,high,law,laws,https://www.legislation.gov.uk/uksi/2024/1368/made,official
GBR,high,law,laws,https://www.gov.uk/government/publications/health-bill-single-patient-record-fact-sheet/health-bill-single-patient-record-fact-sheet,official
GHA,high,source,access,https://extranet.who.int/cpcd/sites/default/files/public_file_repository/GHA_Ghana_Data-Protection-Act_2012.pdf,news
GHA,high,source,access,https://play.google.com/store/apps/details?id=gh.gov.nhis.android.nma&hl=en,news
GHA,high,source,access,https://file.scirp.org/Html/1-2290290_61714.htm,news
GHA,high,source,control,https://extranet.who.int/cpcd/sites/default/files/public_file_repository/GHA_Ghana_Data-Protection-Act_2012.pdf,news
GHA,high,source,control,https://www.nandomdistrict.gov.gh/wp-content/uploads/2026/07/Ghana-Health-Service-Patients-Charter_Nandom-MHD.pdf,official
GHA,high,source,control,https://www.isd.gov.gh/ghims-gives-state-ownership-of-ghanaian-medical-records-health-minister/,official
GHA,high,source,privacy,https://extranet.who.int/cpcd/sites/default/files/public_file_repository/GHA_Ghana_Data-Protection-Act_2012.pdf,news
GHA,high,source,privacy,https://gna.org.gh/2026/01/2026-will-be-a-year-of-enforcement-data-protection-commission-warns/,news
GHA,high,source,privacy,https://www.graphic.com.gh/news/general-news/data-protection-commission-steps-up-enforcement-with-new-vehicles.html,news
GHA,high,source,privacy,https://commission.europa.eu/law/law-topic/data-protection/international-dimension-data-protection/adequacy-decisions_en,official
GHA,high,source,commercial,https://extranet.who.int/cpcd/sites/default/files/public_file_repository/GHA_Ghana_Data-Protection-Act_2012.pdf,news
GHA,high,source,commercial,https://gna.org.gh/2026/01/2026-will-be-a-year-of-enforcement-data-protection-commission-warns/,news
GHA,high,source,commercial,https://pcghana.org/newwebsite/wp-content/uploads/2024/08/EPHARMACY-POLICY.pdf,news
GHA,high,source,journey,https://www.isd.gov.gh/ghims-gives-state-ownership-of-ghanaian-medical-records-health-minister/,official
GHA,high,source,journey,https://www.tth.gov.gh/blog/ghims-rollout-begins-at-tamale-teaching-hospital,official
GHA,high,source,journey,https://www.nhis.gov.gh/News/nhia%E2%80%99s-electronic-claims-system-enhances-efficiency-in-healthcare-reimbursement-5656,official
GHA,high,source,journey,https://pmc.ncbi.nlm.nih.gov/articles/PMC12877703/,academic
GHA,high,source,clinical,https://www.isd.gov.gh/ghims-gives-state-ownership-of-ghanaian-medical-records-health-minister/,official
GHA,high,source,clinical,https://ghs.gov.gh/news-and-events/ghana-health-service-and-jica-launch-national-teleconsultation-center-project-to-drive-universal-health-coverage,official
GHA,high,source,clinical,https://www.myjoyonline.com/we-dont-own-patient-data-it-belongs-to-the-moh-lhims-project-manager/,news
GHA,high,source,clinical,https://pmc.ncbi.nlm.nih.gov/articles/PMC12877703/,academic
GHA,high,source,research,https://www.moh.gov.gh/wp-content/uploads/2016/02/Public-Health-Act-851.pdf,official
GHA,high,source,research,https://fdaghana.gov.gh/guideline-for-authorization-of-clinical-trials-of-medicines-food-supplements-vaccines-and-medical-devices-in-ghana/,official
GHA,high,source,research,https://extranet.who.int/cpcd/sites/default/files/public_file_repository/GHA_Ghana_Data-Protection-Act_2012.pdf,news
GHA,high,source,research,https://www.nandomdistrict.gov.gh/wp-content/uploads/2026/07/Ghana-Health-Service-Patients-Charter_Nandom-MHD.pdf,official
GHA,high,source,ai,https://fdaghana.gov.gh/guideline-for-registration-of-software-as-medical-device-3/,official
GHA,high,source,ai,https://www.afro.who.int/countries/ghana/news/ghana-launches-artificial-intelligence-driven-health-programme-strengthen-systems-and-safeguard,news
GHA,high,source,ai,https://www.myjoyonline.com/health-ministry-develops-ai-policy-to-guide-safe-use-of-artificial-intelligence-in-ghanas-healthcare-system/,news
GHA,high,source,ai,https://gna.org.gh/2026/03/govt-to-introduce-new-data-protection-bill-to-regulate-ai-cross-border-data-flows/,news
GHA,high,law,laws,https://extranet.who.int/cpcd/sites/default/files/public_file_repository/GHA_Ghana_Data-Protection-Act_2012.pdf,news
GHA,high,law,laws,https://www.moh.gov.gh/wp-content/uploads/2016/02/Public-Health-Act-851.pdf,official
GHA,high,law,laws,https://fdaghana.gov.gh/guideline-for-registration-of-software-as-medical-device-3/,official
GHA,high,law,laws,https://fdaghana.gov.gh/guideline-for-authorization-of-clinical-trials-of-medicines-food-supplements-vaccines-and-medical-devices-in-ghana/,official
GHA,high,law,laws,https://www.nandomdistrict.gov.gh/wp-content/uploads/2026/07/Ghana-Health-Service-Patients-Charter_Nandom-MHD.pdf,official
GHA,high,law,laws,https://pcghana.org/newwebsite/wp-content/uploads/2024/08/EPHARMACY-POLICY.pdf,news
GRC,medium,source,access,https://ehealthrecord.gov.gr/ehfy-overview-details,official
GRC,medium,source,access,https://www.ehealthrecord.gov.gr/en/press-releases/%CE%B7%CE%BC-%CE%B5%CE%B7%CF%86%CF%85-golive,official
GRC,medium,source,access,https://op.europa.eu/en/publication-detail/-/publication/bb5838fe-4742-11f0-85ba-01aa75ed71a1/language-en,official
GRC,medium,source,access,https://health.ec.europa.eu/document/download/b9b4092c-b357-4ae3-8d82-d9a252e7e159_en?filename=2025_chp_gr_english.pdf,official
GRC,medium,source,control,https://www.moh.gov.gr/articles/newspaper/nomothesia-kanonismoi/3246-nomothesia-hlektronikhs-ygeias?fdl=14732,official
GRC,medium,source,control,https://ehealthrecord.gov.gr/ehfy-overview-details,official
GRC,medium,source,privacy,https://www.topontiki.gr/2026/09/29/prostimo-25-000-evro-sto-nosokomio-g-gennimatas-sti-thessaloniki-gia-diarroi-prosopikon-stichion-2-820-asthenon/,news
GRC,medium,source,privacy,https://www.dpa.gr/el/enimerwtiko/thematikes_enotites/eidikeskatigories/dedomenaugeias/faq_dedomena_ugeias,official
GRC,medium,source,privacy,https://www.moh.gov.gr/articles/newspaper/nomothesia-kanonismoi/3246-nomothesia-hlektronikhs-ygeias?fdl=14732,official
GRC,medium,source,commercial,https://www.moh.gov.gr/articles/newspaper/nomothesia-kanonismoi/3246-nomothesia-hlektronikhs-ygeias?fdl=14732,official
GRC,medium,source,commercial,https://www.iatropedia.gr/eidiseis/i-nea-pragmatikotita-tis-psifiakis-ygeias-poios-tha-echei-prosvasi-sta-dedomena-ekatommyrion-asthenon-kai-me-poious-orous/227674/,news
GRC,medium,source,commercial,https://www.ethnos.gr/health/article/416159/egkrithhkeapotoypoyrgikosymboyliotonomosxediogiaeleytherhprosbashstadedomenaygeiastiallazei,news
GRC,medium,source,journey,https://www.lawspot.gr/nomothesia/n3892-2010/arthro-3-nomos-3892-2010/,news
GRC,medium,source,journey,https://www.moh.gov.gr/articles/newspaper/nomothesia-kanonismoi/3246-nomothesia-hlektronikhs-ygeias?fdl=14732,official
GRC,medium,source,journey,https://www.iatronet.gr/article/142194/apo-ton-septemvrio-oi-apeikonistikes-exetaseis-sto-myhealth-app-leitoyrgia-kai-prosvash,news
GRC,medium,source,journey,https://www.ethnos.gr/health/article/401035/adonisgeorgiadhsallazoynolastanosokomeiakaiginontaihlektronikamexritokalokairitoy2026,news
GRC,medium,source,clinical,https://www.ehealthrecord.gov.gr/en/press-releases/%CE%B7%CE%BC-%CE%B5%CE%B7%CF%86%CF%85-golive,official
GRC,medium,source,clinical,https://ehealthrecord.gov.gr/ehfy-overview-details,official
GRC,medium,source,clinical,https://www.iatronet.gr/article/142194/apo-ton-septemvrio-oi-apeikonistikes-exetaseis-sto-myhealth-app-leitoyrgia-kai-prosvash,news
GRC,medium,source,clinical,https://www.ethnos.gr/health/article/401035/adonisgeorgiadhsallazoynolastanosokomeiakaiginontaihlektronikamexritokalokairitoy2026,news
GRC,medium,source,research,https://www.dpa.gr/el/enimerwtiko/thematikes_enotites/eidikeskatigories/dedomenaugeias/faq_dedomena_ugeias,official
GRC,medium,source,research,https://www.moh.gov.gr/articles/ehealth/gr-hdab/14291-foreas-prosbashs-sta-dedomena-ygeias,official
GRC,medium,source,research,https://www.moh.gov.gr/articles/newspaper/nomothesia-kanonismoi/3246-nomothesia-hlektronikhs-ygeias?fdl=14732,official
GRC,medium,source,research,https://www.ethnos.gr/health/article/416159/egkrithhkeapotoypoyrgikosymboyliotonomosxediogiaeleytherhprosbashstadedomenaygeiastiallazei,news
GRC,medium,source,ai,https://www.lawspot.gr/nomothesia/nomos-4961-2022/,news
GRC,medium,source,ai,https://www.lawspot.gr/nomika-nea/myhealth-agent-diathesimos-o-prosopikos-boethos-ugeias-polite-meso-tou-myhealth-app/,news
GRC,medium,law,laws,https://www.moh.gov.gr/articles/newspaper/nomothesia-kanonismoi/3246-nomothesia-hlektronikhs-ygeias?fdl=14732,official
GRC,medium,law,laws,https://www.lawspot.gr/nomothesia/n3892-2010/arthro-3-nomos-3892-2010/,news
GRC,medium,law,laws,https://www.dpa.gr/el/enimerwtiko/thematikes_enotites/eidikeskatigories/dedomenaugeias/faq_dedomena_ugeias,official
GRC,medium,law,laws,https://www.dpa.gr/el/enimerwtiko/thematikes_enotites/eidikeskatigories/dedomenaugeias/faq_dedomena_ugeias,official
GRC,medium,law,laws,https://www.lawspot.gr/nomothesia/nomos-4961-2022/,news
GRC,medium,law,laws,https://health.ec.europa.eu/ehealth-digital-health-and-care/european-health-data-space-regulation-ehds_en,official
HRV,medium,source,access,https://narodne-novine.nn.hr/clanci/sluzbeni/full/2004_12_169_2953.html,official
HRV,medium,source,access,https://hzzo.hr/e-gradani/hzzo-za-e-gradane,official
HRV,medium,source,access,https://gov.hr/hr/portal-zdravlja-dostupan-i-na-mobilnim-uredjajima/2340,official
HRV,medium,source,access,https://narodne-novine.nn.hr/clanci/sluzbeni/2023_07_74_1210.html,official
HRV,medium,source,control,https://mobilne.portal.zdravlje.hr/ek/ekarton-pravila-privatnosti.html,official
HRV,medium,source,control,https://narodne-novine.nn.hr/clanci/sluzbeni/2023_07_74_1210.html,official
HRV,medium,source,control,https://narodne-novine.nn.hr/clanci/sluzbeni/full/2019_02_14_269.html,official
HRV,medium,source,control,https://hzzo.hr/e-gradani/hzzo-za-e-gradane,official
HRV,medium,source,privacy,https://narodne-novine.nn.hr/clanci/sluzbeni/2018_05_42_805.html,official
HRV,medium,source,privacy,https://azop.hr/izdane-nove-upravne-novcane-kazne-u-ukupnom-iznosu-od-270-700-eura/,official
HRV,medium,source,privacy,https://azop.hr/sedam-novih-upravnih-novcanih-kazni-u-iznosu-od-169-000-eura/,official
HRV,medium,source,privacy,https://faktograf.hr/2024/07/08/kbc-zagreb-je-kontaktirao-azop-ali-pacijente-i-dalje-nije-obavijestio-o-mogucoj-kradi-podataka/,news
HRV,medium,source,commercial,https://www.hlk.hr/EasyEdit/UserFiles/propisi/zakon-o-podacima-i-informacijama-u-zdravstvu-nn-14-2019.pdf,legal_text
HRV,medium,source,commercial,https://eur-lex.europa.eu/eli/reg/2016/679/oj/eng,official
HRV,medium,source,commercial,https://health.ec.europa.eu/ehealth-digital-health-and-care/european-health-data-space-regulation-ehds_en,official
HRV,medium,source,journey,https://www.hlk.hr/EasyEdit/UserFiles/propisi/zakon-o-podacima-i-informacijama-u-zdravstvu-nn-14-2019.pdf,legal_text
HRV,medium,source,journey,https://www.integratedcare4people.org/practices/327/developing-an-integrated-e-health-system-in-croatia-to-drive-care-improvements/,intergov
HRV,medium,source,journey,https://eurohealthobservatory.who.int/monitors/health-systems-monitor/updates/hspm/croatia-2022/introduction-of-electronic-health-records-in-hospitals,intergov
HRV,medium,source,journey,https://www.glas-slavonije.hr/novosti/hrvatska/2026/08/13/rok-za-prikljucivanje-produljen-nalazi-privatnih-lijecnika-tek-od-1-sijecnja-iduce-godine-u-cezih-u-779594/,news
HRV,medium,source,clinical,https://narodne-novine.nn.hr/clanci/sluzbeni/2023_07_74_1210.html,official
HRV,medium,source,clinical,https://mobilne.portal.zdravlje.hr/ek/ekarton-pravila-privatnosti.html,official
HRV,medium,source,clinical,https://www.glas-slavonije.hr/novosti/hrvatska/2026/08/13/rok-za-prikljucivanje-produljen-nalazi-privatnih-lijecnika-tek-od-1-sijecnja-iduce-godine-u-cezih-u-779594/,news
HRV,medium,source,research,https://www.hlk.hr/EasyEdit/UserFiles/propisi/zakon-o-podacima-i-informacijama-u-zdravstvu-nn-14-2019.pdf,legal_text
HRV,medium,source,research,https://www.hzjz.hr/en/projekti/hrvatski-centar-za-zdravstvene-podatke-eng-croatian-health-data-centre-chdc/,official
HRV,medium,source,research,https://narodne-novine.nn.hr/clanci/sluzbeni/full/2004_12_169_2953.html,official
HRV,medium,source,research,https://health.ec.europa.eu/ehealth-digital-health-and-care/european-health-data-space-regulation-ehds_en,official
HRV,medium,source,ai,https://mpudt.gov.hr/vijesti/objavljen-popis-nadleznih-tijela-sukladno-uredbi-o-umjetnoj-inteligenciji/29657?lang=hr,official
HRV,medium,source,ai,https://financije.hr/hrvatska-priprema-zakonski-okvir-za-nadzor-primjene-umjetne-inteligencije/,news
HRV,medium,source,ai,https://digital-strategy.ec.europa.eu/en/policies/regulatory-framework-ai,official
HRV,medium,law,laws,https://narodne-novine.nn.hr/clanci/sluzbeni/full/2019_02_14_269.html,official
HRV,medium,law,laws,https://narodne-novine.nn.hr/clanci/sluzbeni/full/2004_12_169_2953.html,official
HRV,medium,law,laws,https://narodne-novine.nn.hr/clanci/sluzbeni/2023_07_74_1210.html,official
HRV,medium,law,laws,https://narodne-novine.nn.hr/clanci/sluzbeni/2018_05_42_805.html,official
HRV,medium,law,laws,https://eur-lex.europa.eu/eli/reg/2016/679/oj/eng,official
HRV,medium,law,laws,https://eur-lex.europa.eu/eli/reg/2025/327/oj/eng,official
HRV,medium,law,laws,https://eur-lex.europa.eu/eli/reg/2024/1689/oj/eng,official
HUN,high,source,access,https://e-egeszsegugy.gov.hu/en/lakossagi-szolgaltatasok,official
HUN,high,source,access,https://net.jogtar.hu/jogszabaly?docid=99700154.tv,legal_text
HUN,high,source,access,https://ec.europa.eu/newsroom/dae/redirection/document/116912,official
HUN,high,source,access,https://www.vg.hu/vilaggazdasag-magyar-gazdasag/2025/11/e-egeszsegugy-magyarorszag-egeszsegablak-eeszt-rekord,news
HUN,high,source,control,https://e-egeszsegugy.gov.hu/en/onrendelkezes,official
HUN,high,source,control,https://e-egeszsegugy.gov.hu/en/onrendelkezes-gyik,official
HUN,high,source,control,https://www.tisztessegesadatkezeles.org/2025/08/az-onrendelkezesi-beallitasok-tipusai-az-eeszt-ben/,blog_vendor
HUN,high,source,privacy,https://www.naih.hu/hatarozatok-vegzesek?download=570%3Aegeszsegugyi-dokumentacio-masolatanak-kiadasa,official
HUN,high,source,privacy,https://net.jogtar.hu/jogszabaly?docid=99700047.tv,legal_text
HUN,high,source,privacy,https://e-egeszsegugy.gov.hu/en/onrendelkezes-gyik,official
HUN,high,source,privacy,https://dmp.hu/en/data-protection/analysis-of-the-naih-2024-cases-with-fines/,law_firm
HUN,high,source,commercial,https://net.jogtar.hu/jogszabaly?docid=a2300101.tv,legal_text
HUN,high,source,commercial,https://net.jogtar.hu/jogszabaly?docid=99700047.tv,legal_text
HUN,high,source,commercial,https://health.ec.europa.eu/ehealth-digital-health-and-care/european-health-data-space-regulation-ehds_en,official
HUN,high,source,journey,https://e-egeszsegugy.gov.hu/en/lakossagi-szolgaltatasok,official
HUN,high,source,journey,https://net.jogtar.hu/jogszabaly?docid=99700047.tv,legal_text
HUN,high,source,journey,https://jogkoveto.hu/tudastar/bovul-az-eeszt-ben-rogzitendo-adatok-kore,news
HUN,high,source,journey,https://www.vg.hu/vilaggazdasag-magyar-gazdasag/2025/11/e-egeszsegugy-magyarorszag-egeszsegablak-eeszt-rekord,news
HUN,high,source,clinical,https://e-egeszsegugy.gov.hu/en/onrendelkezes-gyik,official
HUN,high,source,clinical,https://e-egeszsegugy.gov.hu/en/onrendelkezes,official
HUN,high,source,clinical,https://net.jogtar.hu/jogszabaly?docid=99700047.tv,legal_text
HUN,high,source,research,https://net.jogtar.hu/jogszabaly?docid=99700047.tv,legal_text
HUN,high,source,research,https://health.ec.europa.eu/ehealth-digital-health-and-care/european-health-data-space-regulation-ehds_en,official
HUN,high,source,ai,https://net.jogtar.hu/jogszabaly?docid=a2500075.tv,legal_text
HUN,high,source,ai,https://gdpr.blog.hu/2025/11/05/az_eu_mesterseges_intelligencia_rendeletenek_vegrehajtasa_magyarorszagon,blog_vendor
HUN,high,source,ai,https://www.vg.hu/vilaggazdasag-magyar-gazdasag/2025/11/mesterseges-intelligencia-torveny-magyarorszag-kormany,news
HUN,high,law,laws,https://net.jogtar.hu/jogszabaly?docid=99700154.tv,legal_text
HUN,high,law,laws,https://net.jogtar.hu/jogszabaly?docid=99700047.tv,legal_text
HUN,high,law,laws,https://net.jogtar.hu/jogszabaly?docid=a1600039.emm,legal_text
HUN,high,law,laws,https://net.jogtar.hu/jogszabaly?docid=a2300101.tv,legal_text
HUN,high,law,laws,https://net.jogtar.hu/jogszabaly?docid=a2500075.tv,legal_text
HUN,high,law,laws,https://health.ec.europa.eu/ehealth-digital-health-and-care/european-health-data-space-regulation-ehds_en,official
IDN,medium,source,access,https://s.mkri.id/public/content/infoumum/undang/pdf/Anotasi_180_ANOTASI%20UU%2017%20TAHUN%202023.pdf,news
IDN,medium,source,access,https://peraturan.bpk.go.id/Download/224884/UU%20Nomor%2027%20Tahun%202022.pdf,official
IDN,medium,source,access,https://www.kemkes.go.id/id/kemenkes-luncurkan-satusehat-rme-rekam-medis-pasien-terintegrasi-secara-nasional,official
IDN,medium,source,access,https://www.beritasatu.com/lifestyle/3023896/kemenkes-pastikan-satusehat-rme-bisa-diakses-dalam-kondisi-darurat,news
IDN,medium,source,control,https://keslan.kemkes.go.id/unduhan/fileunduhan_1662611251_882318.pdf,official
IDN,medium,source,control,https://www.kemkes.go.id/id/kemenkes-luncurkan-satusehat-rme-rekam-medis-pasien-terintegrasi-secara-nasional,official
IDN,medium,source,control,https://peraturan.bpk.go.id/Download/224884/UU%20Nomor%2027%20Tahun%202022.pdf,official
IDN,medium,source,control,https://jdih.kemkes.go.id/storage/documents/pdfs/2024pp028.pdf,official
IDN,medium,source,privacy,https://peraturan.bpk.go.id/Download/224884/UU%20Nomor%2027%20Tahun%202022.pdf,official
IDN,medium,source,privacy,https://www.hukumonline.com/berita/a/dua-tahun-uu-pdp-tanpa-lembaga-pengawas--pemerintah-bantah-ada-kekosongan-hukum-lt6a69d92f6fce4/,news
IDN,medium,source,privacy,https://en.antaranews.com/news/195925/ministry-to-issue-decision-on-bpjs-data-leak-soon,news
IDN,medium,source,privacy,https://commission.europa.eu/law/law-topic/data-protection/international-dimension-data-protection/adequacy-decisions_en,official
IDN,medium,source,commercial,https://s.mkri.id/public/content/infoumum/undang/pdf/Anotasi_180_ANOTASI%20UU%2017%20TAHUN%202023.pdf,news
IDN,medium,source,commercial,https://peraturan.bpk.go.id/Download/224884/UU%20Nomor%2027%20Tahun%202022.pdf,official
IDN,medium,source,commercial,https://www.hukumonline.com/berita/a/dua-tahun-uu-pdp-tanpa-lembaga-pengawas--pemerintah-bantah-ada-kekosongan-hukum-lt6a69d92f6fce4/,news
IDN,medium,source,journey,https://kemkes.go.id/id/kemenkes-ri-raih-penghargaan-nasional-dan-global-sekaligus-untuk-satusehat,official
IDN,medium,source,journey,https://www.badankebijakan.kemkes.go.id/wajib-integrasi-satu-sehat-kemenkes-desak-percepatan-rme-di-fasyankes/,official
IDN,medium,source,journey,https://dukcapil.kemendagri.go.id/blog/read/dukcapil-perkuat-validasi-identitas-dukung-integrasi-rekam-medis-elektronik-dengan-satusehat,official
IDN,medium,source,journey,https://jdih.kemkes.go.id/storage/documents/pdfs/2024pp028.pdf,official
IDN,medium,source,clinical,https://www.kemkes.go.id/id/kemenkes-luncurkan-satusehat-rme-rekam-medis-pasien-terintegrasi-secara-nasional,official
IDN,medium,source,clinical,https://www.beritasatu.com/lifestyle/3023896/kemenkes-pastikan-satusehat-rme-bisa-diakses-dalam-kondisi-darurat,news
IDN,medium,source,clinical,https://keslan.kemkes.go.id/unduhan/fileunduhan_1662611251_882318.pdf,official
IDN,medium,source,research,https://keslan.kemkes.go.id/unduhan/fileunduhan_1662611251_882318.pdf,official
IDN,medium,source,research,https://s.mkri.id/public/content/infoumum/undang/pdf/Anotasi_180_ANOTASI%20UU%2017%20TAHUN%202023.pdf,news
IDN,medium,source,research,https://kepkn.kemkes.go.id/,official
IDN,medium,source,ai,https://jdih.kemkes.go.id/storage/documents/pdfs/2026kepmenkes951.pdf,official
IDN,medium,source,ai,https://keslan.kemkes.go.id/read/3798/kemenkes-dorong-pengembangan-ekosistem-ai-kesehatan-yang-aman-adil-dan-bertanggung-jawab,official
IDN,medium,source,ai,https://investortrust.id/national/109712/aftech-akui-masih-tunggu-dua-perpres-ai-untuk-perkuat-tata-kelola-digital,news
IDN,medium,law,laws,https://s.mkri.id/public/content/infoumum/undang/pdf/Anotasi_180_ANOTASI%20UU%2017%20TAHUN%202023.pdf,news
IDN,medium,law,laws,https://peraturan.bpk.go.id/Download/224884/UU%20Nomor%2027%20Tahun%202022.pdf,official
IDN,medium,law,laws,https://jdih.kemkes.go.id/storage/documents/pdfs/2024pp028.pdf,official
IDN,medium,law,laws,https://static.banyumaskab.go.id/website/file/peraturan_pemerintah_no._33_tahun_2026_100926115902.pdf,official
IDN,medium,law,laws,https://keslan.kemkes.go.id/unduhan/fileunduhan_1662611251_882318.pdf,official
IDN,medium,law,laws,https://jdih.kemkes.go.id/storage/documents/pdfs/2026kepmenkes951.pdf,official
IND,medium,source,access,https://nmc.org.in/page/rules-regulations-rules-regulations-of-erstwhile-mci-code-of-medical-ethics-regulations-2002,official
IND,medium,source,access,https://www.meity.gov.in/static/uploads/2024/06/2bf1f0e9f04e6fb4f8fef35e82c42aa5.pdf,official
IND,medium,source,access,https://www.meity.gov.in/static/uploads/2025/11/c56ceae6c383460ca69577428d36828b.pdf,official
IND,medium,source,access,https://www.pib.gov.in/FactsheetDetails.aspx?id=150834&ModuleId=16&reg=%203&lang=1,official
IND,medium,source,control,https://static.pib.gov.in/WriteReadData/specificdocs/documents/2026/jul/doc202676912801.pdf,official
IND,medium,source,control,https://web.archive.org/web/2025id_/https://abdm.gov.in/strapicms/uploads/health_management_policy_bac9429a79.pdf,official
IND,medium,source,control,https://timesofindia.indiatimes.com/city/jaipur/abha-id-now-mandatory-for-opd-emergency-registration/articleshow/127727998.cms,news
IND,medium,source,control,https://www.meity.gov.in/static/uploads/2025/11/c56ceae6c383460ca69577428d36828b.pdf,official
IND,medium,source,privacy,https://prsindia.org/files/bills_acts/bills_parliament/2011/IT_Rules_2011.pdf,news
IND,medium,source,privacy,https://www.meity.gov.in/static/uploads/2024/06/2bf1f0e9f04e6fb4f8fef35e82c42aa5.pdf,official
IND,medium,source,privacy,https://www.newindianexpress.com/states/kerala/2026/Jun/10/hackers-target-ernakulam-hospital-steal-800gb-data,news
IND,medium,source,privacy,https://commission.europa.eu/law/law-topic/data-protection/international-dimension-data-protection/adequacy-decisions_en,official
IND,medium,source,commercial,https://prsindia.org/files/bills_acts/bills_parliament/2011/IT_Rules_2011.pdf,news
IND,medium,source,commercial,https://www.meity.gov.in/static/uploads/2024/06/2bf1f0e9f04e6fb4f8fef35e82c42aa5.pdf,official
IND,medium,source,commercial,https://web.archive.org/web/2025id_/https://abdm.gov.in/strapicms/uploads/health_management_policy_bac9429a79.pdf,official
IND,medium,source,commercial,https://thesouthfirst.com/health/hyderabads-star-hospitals-alleges-confidential-patient-data-was-leaked-published-online-fir-registered/,news
IND,medium,source,journey,https://www.pib.gov.in/PressReleasePage.aspx?PRID=2264241&reg=3&lang=1,official
IND,medium,source,journey,https://static.pib.gov.in/WriteReadData/specificdocs/documents/2026/jul/doc202676912801.pdf,official
IND,medium,source,journey,https://www.pib.gov.in/FactsheetDetails.aspx?id=150834&ModuleId=16&reg=%203&lang=1,official
IND,medium,source,clinical,https://static.pib.gov.in/WriteReadData/specificdocs/documents/2026/jul/doc202676912801.pdf,official
IND,medium,source,clinical,https://web.archive.org/web/2025id_/https://abdm.gov.in/strapicms/uploads/health_management_policy_bac9429a79.pdf,official
IND,medium,source,clinical,https://www.pib.gov.in/FactsheetDetails.aspx?id=150834&ModuleId=16&reg=%203&lang=1,official
IND,medium,source,research,https://www.meity.gov.in/static/uploads/2024/06/2bf1f0e9f04e6fb4f8fef35e82c42aa5.pdf,official
IND,medium,source,research,https://ethics.ncdirindia.org/asset/pdf/ICMR_National_Ethical_Guidelines.pdf,news
IND,medium,source,research,"https://cdsco.gov.in/opencms/resources/UploadCDSCOWeb/2022/new_DC_rules/NEW%20DRUGS%20ANDctrS%20RULE,%202019.pdf",official
IND,medium,source,research,https://static.pib.gov.in/WriteReadData/specificdocs/documents/2026/jul/doc202676912801.pdf,official
IND,medium,source,ai,https://cdsco.gov.in/opencms/export/sites/CDSCO_WEB/Pdf-documents/Guidance-document-on-Medical-Device-Software-under-MDR-2017.pdf,official
IND,medium,source,ai,https://www.pharmabiz.com/NewsDetails.aspx?aid=187330&sid=1,news
IND,medium,source,ai,https://static.pib.gov.in/WriteReadData/specificdocs/documents/2026/jul/doc202676912801.pdf,official
IND,medium,law,laws,https://www.meity.gov.in/static/uploads/2024/06/2bf1f0e9f04e6fb4f8fef35e82c42aa5.pdf,official
IND,medium,law,laws,https://www.meity.gov.in/static/uploads/2025/11/53450e6e5dc0bfa85ebd78686cadad39.pdf,official
IND,medium,law,laws,https://prsindia.org/files/bills_acts/bills_parliament/2011/IT_Rules_2011.pdf,news
IND,medium,law,laws,https://nmc.org.in/page/rules-regulations-rules-regulations-of-erstwhile-mci-code-of-medical-ethics-regulations-2002,official
IND,medium,law,laws,"https://cdsco.gov.in/opencms/resources/UploadCDSCOWeb/2022/new_DC_rules/NEW%20DRUGS%20ANDctrS%20RULE,%202019.pdf",official
IND,medium,law,laws,https://cdsco.gov.in/opencms/export/sites/CDSCO_WEB/Pdf-documents/Guidance-document-on-Medical-Device-Software-under-MDR-2017.pdf,official
IRL,high,source,access,https://www.citizensinformation.ie/en/health/legal-matters-and-health/access-to-medical-records/,official
IRL,high,source,access,https://www.gov.ie/en/department-of-health/press-releases/minister-for-health-welcomes-increase-in-hse-health-app-usage-as-registrations-pass-125000/,official
IRL,high,source,access,https://enterprise.gov.ie/en/news-and-events/department-news/2026/august/ireland-confirmed-as-one-of-the-eus-strongest-digital-performers.html,official
IRL,high,source,access,https://data.europa.eu/doi/10.2759/8560168,official
IRL,high,source,control,https://about.hse.ie/publications/national-shared-care-record-dpia/,official
IRL,high,source,control,https://about.hse.ie/publications/hse-privacy-notice-service-users/,official
IRL,high,source,control,https://www.irishstatutebook.ie/eli/2026/act/10/enacted/en/index.html,official
IRL,high,source,control,https://www.irishstatutebook.ie/eli/isbc/2026_10.html,official
IRL,high,source,privacy,https://www.dataprotection.ie/en/news-media/latest-news/data-protection-commission-announces-final-decision-following-inquiry-health-service-executive-hse,news
IRL,high,source,privacy,https://www.dataprotection.ie/en/dpc-guidance/decisions/inquiry-midlands-regional-hospital-tullamore,news
IRL,high,source,privacy,https://www.dataprotection.ie/en/news-media/latest-news/data-protection-commission-publishes-final-decision-following-inquiry-childrens-health-ireland-chi,news
IRL,high,source,privacy,https://www.irishstatutebook.ie/eli/2018/act/7/section/141/enacted/en/html,official
IRL,high,source,commercial,https://www.irishstatutebook.ie/eli/2018/si/314/made/en/print,official
IRL,high,source,commercial,https://hrcdc.ie/who-we-are/,official
IRL,high,source,commercial,https://www.irishstatutebook.ie/eli/2026/act/10/enacted/en/index.html,official
IRL,high,source,commercial,https://www.irishstatutebook.ie/eli/isbc/2026_10.html,official
IRL,high,source,journey,https://about.hse.ie/our-work/technology/shared-care-record/,official
IRL,high,source,journey,https://about.hse.ie/news/national-shared-care-record-nscr-continues-to-grow-with-expanded-datasets-and-nationwide-rollout/,official
IRL,high,source,journey,https://www.gov.ie/en/department-of-health/press-releases/minister-announces-government-approval-to-commence-procurement-for-a-national-electronic-health-record/,official
IRL,high,source,journey,https://about.hse.ie/our-work/technology/national-laboratory-information-system-medlis/,official
IRL,high,source,clinical,https://about.hse.ie/our-work/technology/shared-care-record/,official
IRL,high,source,clinical,https://about.hse.ie/publications/national-shared-care-record-dpia/,official
IRL,high,source,clinical,https://www.rte.ie/news/2026/0513/1573052-hse-medical-records/,official
IRL,high,source,clinical,https://www.irishstatutebook.ie/eli/isbc/2026_10.html,official
IRL,high,source,research,https://www.irishstatutebook.ie/eli/2018/si/314/made/en/print,official
IRL,high,source,research,https://hrcdc.ie/who-we-are/,official
IRL,high,source,research,https://hrcdc.ie/decisions/,official
IRL,high,source,research,https://www.gov.ie/en/department-of-health/collections/healthdataie-national-project-implementing-ehds/,official
IRL,high,source,ai,https://www.gov.ie/en/department-of-enterprise-tourism-and-employment/press-releases/ai-office-of-ireland-established-under-the-ai-regulation-bill-2026-paul-byrne-appointed-as-ceo/,official
IRL,high,source,ai,https://www.hiqa.ie/hiqa-news-updates/hiqa-publishes-first-national-guidance-responsible-and-safe-use-ai-health-and,news
IRL,high,law,laws,https://www.irishstatutebook.ie/eli/2026/act/10/enacted/en/index.html,official
IRL,high,law,laws,https://www.irishstatutebook.ie/eli/2018/si/314/made/en/print,official
IRL,high,law,laws,https://www.irishstatutebook.ie/eli/2018/act/7/section/141/enacted/en/html,official
IRL,high,law,laws,https://www.citizensinformation.ie/en/health/legal-matters-and-health/access-to-medical-records/,official
IRL,high,law,laws,https://www.edpb.europa.eu/sme/be-compliant/respect-individuals-rights_en,official
IRL,high,law,laws,https://health.ec.europa.eu/ehealth-digital-health-and-care/european-health-data-space-regulation-ehds_en,official
IRL,high,law,laws,https://www.gov.ie/en/department-of-enterprise-tourism-and-employment/press-releases/ai-office-of-ireland-established-under-the-ai-regulation-bill-2026-paul-byrne-appointed-as-ceo/,official
ISL,medium,source,access,https://www.althingi.is/lagas/nuna/2009055.html,official
ISL,medium,source,access,https://www.stjornarradid.is/efst-a-baugi/frettir/stok-frett/2025/11/21/Breytingar-a-logum-um-sjukraskrar-samthykktar-a-Althingi/,official
ISL,medium,source,access,https://www.heilsuvera.is/personuverndarstefna/,official
ISL,medium,source,access,https://island.is/sjukraskra,official
ISL,medium,source,control,https://www.althingi.is/lagas/nuna/2009055.html,official
ISL,medium,source,control,https://island.is/en/access-to-health-records/faq-health-records,official
ISL,medium,source,control,https://www.heilsuvera.is/personuverndarstefna/,official
ISL,medium,source,privacy,https://island.is/s/personuvernd/urskurdir-akvardanir-og-alit/sekt-vegna-oryggisveikleika-i-heilsuveru,official
ISL,medium,source,privacy,https://island.is/s/personuvernd/urskurdir-akvardanir-og-alit/sekt-a-hendur-heilsugaeslu-hofudborgarsvaedisins-vegna-vinnslu-personuupplysinga-i-sameiginlegu-sjukraskrarkerfi,official
ISL,medium,source,privacy,https://www.althingi.is/lagas/nuna/2018090.html,official
ISL,medium,source,commercial,https://www.althingi.is/lagas/nuna/2009055.html,official
ISL,medium,source,commercial,https://island.is/s/personuvernd/urskurdir-akvardanir-og-alit/sekt-a-hendur-heilsugaeslu-hofudborgarsvaedisins-vegna-vinnslu-personuupplysinga-i-sameiginlegu-sjukraskrarkerfi,official
ISL,medium,source,journey,https://norden.diva-portal.org/smash/get/diva2:1340369/FULLTEXT01.pdf,intergov
ISL,medium,source,journey,https://www.stjornarradid.is/efst-a-baugi/frettir/stok-frett/2025/11/21/Breytingar-a-logum-um-sjukraskrar-samthykktar-a-Althingi/,official
ISL,medium,source,journey,https://island.is/heilbrigdisthjonusta-yfir-landamaeri,official
ISL,medium,source,clinical,https://www.althingi.is/lagas/nuna/2009055.html,official
ISL,medium,source,clinical,https://island.is/adgangur-ad-lyfjagagnagrunni,official
ISL,medium,source,research,https://www.althingi.is/lagas/nuna/2014044.html,official
ISL,medium,source,research,https://island.is/lifsyni,official
ISL,medium,source,research,https://www.althingi.is/altext/stjt/2025.034.html,official
ISL,medium,source,ai,https://www.althingi.is/lagas/nuna/2020132.html,official
ISL,medium,source,ai,https://www.visir.is/g/20262939826d/bodar-fyrstu-login-og-reglurnar-gagnvart-gervigreind,news
ISL,medium,law,laws,https://www.althingi.is/lagas/nuna/2009055.html,official
ISL,medium,law,laws,https://www.althingi.is/altext/stjt/2025.081.html,official
ISL,medium,law,laws,https://www.althingi.is/altext/stjt/2025.034.html,official
ISL,medium,law,laws,https://www.althingi.is/lagas/nuna/2018090.html,official
ISL,medium,law,laws,https://www.althingi.is/lagas/nuna/2014044.html,official
ISL,medium,law,laws,https://www.althingi.is/lagas/nuna/2020132.html,official
ISR,high,source,access,https://he.wikisource.org/wiki/%D7%97%D7%95%D7%A7_%D7%96%D7%9B%D7%95%D7%99%D7%95%D7%AA_%D7%94%D7%97%D7%95%D7%9C%D7%94,news
ISR,high,source,access,https://he.wikisource.org/wiki/%D7%AA%D7%A7%D7%A0%D7%95%D7%AA_%D7%96%D7%9B%D7%95%D7%99%D7%95%D7%AA_%D7%94%D7%97%D7%95%D7%9C%D7%94_(%D7%AA%D7%A9%D7%9C%D7%95%D7%9D_%D7%9E%D7%A8%D7%91%D7%99_%D7%91%D7%A2%D7%93_%D7%9E%D7%A1%D7%99%D7%A8%D7%AA_%D7%94%D7%A2%D7%AA%D7%A7_%D7%A8%D7%A9%D7%95%D7%9E%D7%94_%D7%A8%D7%A4%D7%95%D7%90%D7%99%D7%AA_%D7%90%D7%95_%D7%A2%D7%99%D7%95%D7%9F_%D7%91%D7%94),news
ISR,high,source,access,https://www.gov.il/BlobFolder/policy/mk08-2019/he/files_circulars_mk_mk08_2019.pdf,official
ISR,high,source,access,https://www.clalit.co.il/he/info/services/Pages/new_app.aspx,news
ISR,high,source,control,https://www.gov.il/he/pages/shared-medical-info,official
ISR,high,source,control,https://www.gov.il/BlobFolder/policy/mk08-2019/he/files_circulars_mk_mk08_2019.pdf,official
ISR,high,source,control,https://he.wikisource.org/wiki/%D7%97%D7%95%D7%A7_%D7%96%D7%9B%D7%95%D7%99%D7%95%D7%AA_%D7%94%D7%97%D7%95%D7%9C%D7%94,news
ISR,high,source,control,https://he.wikisource.org/wiki/%D7%97%D7%95%D7%A7_%D7%A0%D7%99%D7%95%D7%93_%D7%9E%D7%99%D7%93%D7%A2_%D7%A8%D7%A4%D7%95%D7%90%D7%99,news
ISR,high,source,privacy,https://he.wikisource.org/wiki/%D7%97%D7%95%D7%A7_%D7%94%D7%92%D7%A0%D7%AA_%D7%94%D7%A4%D7%A8%D7%98%D7%99%D7%95%D7%AA,news
ISR,high,source,privacy,https://www.pearlcohen.com/israel-significant-amendment-to-the-privacy-law-takes-effect/,law_firm
ISR,high,source,privacy,https://nws.report/health-and-environment/151313/,news
ISR,high,source,privacy,https://www.ynetnews.com/health_science/article/ry0gesnobl,news
ISR,high,source,commercial,https://www.gov.il/BlobFolder/policy/mk02-2018/he/files_circulars_mk_MK02_2018.pdf,official
ISR,high,source,commercial,https://www.gov.il/BlobFolder/policy/mk01-2018/he/files_circulars_mk_MK01_2018.pdf,official
ISR,high,source,commercial,https://he.wikisource.org/wiki/%D7%97%D7%95%D7%A7_%D7%9E%D7%99%D7%93%D7%A2_%D7%92%D7%A0%D7%98%D7%99,news
ISR,high,source,commercial,https://he.wikisource.org/wiki/%D7%97%D7%95%D7%A7_%D7%94%D7%92%D7%A0%D7%AA_%D7%94%D7%A4%D7%A8%D7%98%D7%99%D7%95%D7%AA,news
ISR,high,source,journey,https://www.gov.il/he/pages/shared-medical-info,official
ISR,high,source,journey,https://www.maccabi4u.co.il/31276/digital-services/medication/digital_prescriptions/,news
ISR,high,source,journey,https://he.wikisource.org/wiki/%D7%97%D7%95%D7%A7_%D7%A0%D7%99%D7%95%D7%93_%D7%9E%D7%99%D7%93%D7%A2_%D7%A8%D7%A4%D7%95%D7%90%D7%99,news
ISR,high,source,journey,https://www.gornitzky.com/publication-of-the-national-health-registries-draft-bill-2025-for-public-comment/,news
ISR,high,source,clinical,https://www.gov.il/he/pages/shared-medical-info,official
ISR,high,source,clinical,https://he.wikisource.org/wiki/%D7%97%D7%95%D7%A7_%D7%96%D7%9B%D7%95%D7%99%D7%95%D7%AA_%D7%94%D7%97%D7%95%D7%9C%D7%94,news
ISR,high,source,clinical,https://www.gov.il/BlobFolder/policy/mk08-2019/he/files_circulars_mk_mk08_2019.pdf,official
ISR,high,source,research,https://www.gov.il/BlobFolder/policy/mk01-2018/he/files_circulars_mk_MK01_2018.pdf,official
ISR,high,source,research,https://he.wikisource.org/wiki/%D7%97%D7%95%D7%A7_%D7%96%D7%9B%D7%95%D7%99%D7%95%D7%AA_%D7%94%D7%97%D7%95%D7%9C%D7%94,news
ISR,high,source,research,https://psifas.org.il/en/%D7%93%D7%A3-%D7%94%D7%91%D7%99%D7%AA-english/,official
ISR,high,source,research,https://www.calcalistech.com/ctechnews/article/kiutzefjf,news
ISR,high,source,ai,https://he.wikisource.org/wiki/%D7%97%D7%95%D7%A7_%D7%A6%D7%99%D7%95%D7%93_%D7%A8%D7%A4%D7%95%D7%90%D7%99,news
ISR,high,source,ai,https://www.gov.il/BlobFolder/rfp/key-principles-for-evaluating-ai-driven-interventional-trials/he/subjects_Digital_Medical_Technology_Key-Principles-for-Evaluating-AI-Driven-Interventional-Trials-en.pdf,official
ISR,high,source,ai,https://arnontl.com/news/israel-life-sciences-healthcare-regulatory-overview-2026/,news
ISR,high,source,ai,https://www.ynetnews.com/health_science/article/bkqtty2fze,news
ISR,high,law,laws,https://he.wikisource.org/wiki/%D7%97%D7%95%D7%A7_%D7%96%D7%9B%D7%95%D7%99%D7%95%D7%AA_%D7%94%D7%97%D7%95%D7%9C%D7%94,news
ISR,high,law,laws,https://he.wikisource.org/wiki/%D7%AA%D7%A7%D7%A0%D7%95%D7%AA_%D7%96%D7%9B%D7%95%D7%99%D7%95%D7%AA_%D7%94%D7%97%D7%95%D7%9C%D7%94_(%D7%AA%D7%A9%D7%9C%D7%95%D7%9D_%D7%9E%D7%A8%D7%91%D7%99_%D7%91%D7%A2%D7%93_%D7%9E%D7%A1%D7%99%D7%A8%D7%AA_%D7%94%D7%A2%D7%AA%D7%A7_%D7%A8%D7%A9%D7%95%D7%9E%D7%94_%D7%A8%D7%A4%D7%95%D7%90%D7%99%D7%AA_%D7%90%D7%95_%D7%A2%D7%99%D7%95%D7%9F_%D7%91%D7%94),news
ISR,high,law,laws,https://he.wikisource.org/wiki/%D7%97%D7%95%D7%A7_%D7%94%D7%92%D7%A0%D7%AA_%D7%94%D7%A4%D7%A8%D7%98%D7%99%D7%95%D7%AA,news
ISR,high,law,laws,https://he.wikisource.org/wiki/%D7%97%D7%95%D7%A7_%D7%A0%D7%99%D7%95%D7%93_%D7%9E%D7%99%D7%93%D7%A2_%D7%A8%D7%A4%D7%95%D7%90%D7%99,news
ISR,high,law,laws,https://he.wikisource.org/wiki/%D7%97%D7%95%D7%A7_%D7%9E%D7%99%D7%93%D7%A2_%D7%92%D7%A0%D7%98%D7%99,news
ISR,high,law,laws,https://he.wikisource.org/wiki/%D7%97%D7%95%D7%A7_%D7%A6%D7%99%D7%95%D7%93_%D7%A8%D7%A4%D7%95%D7%90%D7%99,news
ISR,high,law,laws,https://www.gov.il/BlobFolder/policy/mk02-2018/he/files_circulars_mk_MK02_2018.pdf,official
ITA,high,source,access,https://www.gazzettaufficiale.it/eli/id/2017/03/17/17G00041/sg,official
ITA,high,source,access,https://www.gazzettaufficiale.it/eli/id/2023/10/24/23A05829/sg,official
ITA,high,source,access,https://monitopen.fse.salute.gov.it/usage,official
ITA,high,source,access,https://data.consilium.europa.eu/doc/document/ST-10407-2025-ADD-16/en/pdf,official
ITA,high,source,control,https://www.gazzettaufficiale.it/eli/id/2023/10/24/23A05829/sg,official
ITA,high,source,control,https://www.garanteprivacy.it/temi/fse,official
ITA,high,source,control,https://monitopen.fse.salute.gov.it/usage,official
ITA,high,source,privacy,https://www.garanteprivacy.it/documents/10160/0/Codice+in+materia+di+protezione+dei+dati+personali+%28Testo+coordinato%29,official
ITA,high,source,privacy,https://www.garanteprivacy.it/home/docweb/-/docweb-display/docweb/10266612,official
ITA,high,source,privacy,https://www.garanteprivacy.it/home/docweb/-/docweb-display/docweb/10294220,official
ITA,high,source,privacy,https://www.rainews.it/articoli/2026/01/si-dimette-guido-scorza-componente-del-garante-della-privacy-3ce8bda7-3ced-4e6d-8b94-ce4fb7de8298.html,news
ITA,high,source,commercial,https://www.garanteprivacy.it/documents/10160/0/Codice+in+materia+di+protezione+dei+dati+personali+%28Testo+coordinato%29,official
ITA,high,source,commercial,https://www.gazzettaufficiale.it/eli/id/2023/12/18/23G00206/sg,official
ITA,high,source,commercial,https://www.gazzettaufficiale.it/eli/id/2025/09/25/25G00143/SG,official
ITA,high,source,journey,https://monitopen.fse.salute.gov.it/usage,official
ITA,high,source,journey,https://cmsras.regione.sardegna.it/api/assets/redazionaleras/9c56d81c-9a7b-47da-8a02-857485a05120/allegato-delibera-373-2026-pnrr-marcato.pdf?version=0,news
ITA,high,source,journey,https://sistemats1.sanita.finanze.it/portale/ricetta-elettronica-come-funziona,news
ITA,high,source,journey,https://www.garanteprivacy.it/temi/fse,official
ITA,high,source,clinical,https://www.gazzettaufficiale.it/eli/id/2023/10/24/23A05829/sg,official
ITA,high,source,clinical,https://monitopen.fse.salute.gov.it/usage,official
ITA,high,source,research,https://www.garanteprivacy.it/documents/10160/0/Codice+in+materia+di+protezione+dei+dati+personali+%28Testo+coordinato%29,official
ITA,high,source,research,https://www.gazzettaufficiale.it/eli/id/2025/09/25/25G00143/SG,official
ITA,high,source,research,https://www.garanteprivacy.it/temi/fse,official
ITA,high,source,research,https://health.ec.europa.eu/ehealth-digital-health-and-care/european-health-data-space-regulation-ehds_en,official
ITA,high,source,ai,https://www.gazzettaufficiale.it/eli/id/2025/09/25/25G00143/SG,official
ITA,high,source,ai,https://panoramadellasanita.it/site/assistenza-primaria-al-via-la-sperimentazione-nazionale-della-piattaforma-di-intelligenza-artificiale/,news
ITA,high,source,ai,https://www.cuatrecasas.com/en/global/intellectual-property/art/digital-omnibus-ai-has-been-published,law_firm
ITA,high,law,laws,https://www.gazzettaufficiale.it/eli/id/2017/03/17/17G00041/sg,official
ITA,high,law,laws,https://www.gazzettaufficiale.it/eli/id/2020/05/19/20G00052/sg,official
ITA,high,law,laws,https://www.gazzettaufficiale.it/eli/id/2023/10/24/23A05829/sg,official
ITA,high,law,laws,https://www.garanteprivacy.it/documents/10160/0/Codice+in+materia+di+protezione+dei+dati+personali+%28Testo+coordinato%29,official
ITA,high,law,laws,https://www.gazzettaufficiale.it/eli/id/2025/09/25/25G00143/SG,official
ITA,high,law,laws,https://www.gazzettaufficiale.it/eli/id/2023/12/18/23G00206/sg,official
ITA,high,law,laws,https://health.ec.europa.eu/ehealth-digital-health-and-care/european-health-data-space-regulation-ehds_en,official
JPN,high,source,access,https://laws.e-gov.go.jp/law/415AC0000000057,official
JPN,high,source,access,https://www.mhlw.go.jp/web/t_doc?dataId=00tc3511&dataType=1&pageNo=1,official
JPN,high,source,access,https://faq.myna.go.jp/faq/show/4902?category_id=107&site_domain=default,official
JPN,high,source,access,https://www.digital.go.jp/policies/report-2026,official
JPN,high,source,control,https://www.digital.go.jp/policies/mynumber/insurance-card,official
JPN,high,source,control,https://myna.go.jp/medical-info-sharing-histories,official
JPN,high,source,control,https://www.mhlw.go.jp/content/10200000/001243478.pdf,official
JPN,high,source,control,https://www8.cao.go.jp/iryou/studygloup/20260911/pdf/s-2.pdf,official
JPN,high,source,privacy,https://laws.e-gov.go.jp/law/415AC0000000057,official
JPN,high,source,privacy,https://www.ppc.go.jp/files/pdf/260311quarter-report_roueihoukoku.pdf,official
JPN,high,source,privacy,https://www.nms.ac.jp/kosugi-h/news/_28832.html,news
JPN,high,source,privacy,https://commission.europa.eu/law/law-topic/data-protection/international-dimension-data-protection/adequacy-decisions_en,official
JPN,high,source,commercial,https://laws.e-gov.go.jp/law/415AC0000000057,official
JPN,high,source,commercial,https://www8.cao.go.jp/iryou/studygloup/20250903/pdf/s-4.pdf,official
JPN,high,source,commercial,https://www.ppc.go.jp/files/pdf/260819_02_houdou.pdf,official
JPN,high,source,commercial,https://www.ppc.go.jp/files/pdf/260717_kaiseihounitsuite.pdf,official
JPN,high,source,journey,https://www.mhlw.go.jp/content/12401000/001712851.pdf,official
JPN,high,source,journey,https://www.mhlw.go.jp/content/12401000/001742903.pdf,official
JPN,high,source,journey,https://www.mhlw.go.jp/content/10800000/001457777.pdf,official
JPN,high,source,journey,https://www.mhlw.go.jp/content/10801000/001606327.pdf,official
JPN,high,source,clinical,https://www.mhlw.go.jp/content/10200000/000992343.pdf,official
JPN,high,source,clinical,https://www.mhlw.go.jp/content/10200000/001243478.pdf,official
JPN,high,source,clinical,https://www8.cao.go.jp/iryou/studygloup/20260911/pdf/s-2.pdf,official
JPN,high,source,research,https://www.mhlw.go.jp/stf/seisakunitsuite/bunya/kenkou_iryou/iryouhoken/reseputo/index.html,official
JPN,high,source,research,https://laws.e-gov.go.jp/law/429AC0000000028,official
JPN,high,source,research,https://laws.e-gov.go.jp/law/429AC0000000016,official
JPN,high,source,research,https://www.ppc.go.jp/files/pdf/260717_kaiseihounitsuite.pdf,official
JPN,high,source,ai,https://www.jstage.jst.go.jp/article/ghm/8/3/8_2026.01052/_article,academic
JPN,high,source,ai,https://www.pmda.go.jp/files/000265866.pdf,official
JPN,high,source,ai,https://www.pmda.go.jp/files/000227450.pdf,official
JPN,high,source,ai,https://www.gov-online.go.jp/hlj/ja/november_2025/november_2025-08.html,official
JPN,high,law,laws,https://laws.e-gov.go.jp/law/415AC0000000057,official
JPN,high,law,laws,https://www.ppc.go.jp/files/pdf/260717_kaiseihounitsuite.pdf,official
JPN,high,law,laws,https://laws.e-gov.go.jp/law/429AC0000000028,official
JPN,high,law,laws,https://www.mhlw.go.jp/content/10801000/001606327.pdf,official
JPN,high,law,laws,https://laws.e-gov.go.jp/law/429AC0000000016,official
JPN,high,law,laws,https://laws.e-gov.go.jp/law/507AC0000000053,official
KEN,medium,source,access,https://new.kenyalaw.org/akn/ke/act/ln/2021/263/eng@2022-01-14,news
KEN,medium,source,access,https://nhts.dha.go.ke/api/file-download/?filename=Digital%20Health%20Act%2015%20of%202023.pdf,official
KEN,medium,source,access,https://new.kenyalaw.org/akn/ke/act/ln/2025/76/eng@2025-04-11,news
KEN,medium,source,access,https://p360-preauth-lookup.dha.go.ke/,official
KEN,medium,source,control,https://new.kenyalaw.org/akn/ke/act/ln/2025/77/eng@2025-04-11,news
KEN,medium,source,control,https://new.kenyalaw.org/akn/ke/act/ln/2025/76/eng@2025-04-11,news
KEN,medium,source,control,https://play.google.com/store/apps/details?id=ke.go.dha.afyangu&hl=en,news
KEN,medium,source,control,https://citizen.digital/article/sha-patient-data-safety-questioned-after-nairobi-mans-records-show-treatment-in-garissa-n382392,news
KEN,medium,source,privacy,https://new.kenyalaw.org/akn/ke/act/2019/24/eng@2022-12-31,news
KEN,medium,source,privacy,https://www.odpc.go.ke/wp-content/uploads/2026/04/MERCELINE-VS-ST.-LUKE.pdf,official
KEN,medium,source,privacy,https://www.kenyans.co.ke/news/123350-govt-cleared-proceed-ksh322-billion-kenya-us-health-cooperation-framework,news
KEN,medium,source,privacy,https://commission.europa.eu/law/law-topic/data-protection/international-dimension-data-protection/adequacy-decisions_en,official
KEN,medium,source,commercial,https://new.kenyalaw.org/akn/ke/act/2019/24/eng@2022-12-31,news
KEN,medium,source,commercial,https://new.kenyalaw.org/akn/ke/act/ln/2021/263/eng@2022-01-14,news
KEN,medium,source,commercial,https://new.kenyalaw.org/akn/ke/act/ln/2025/76/eng@2025-04-11,news
KEN,medium,source,commercial,https://www.odpc.go.ke/wp-content/uploads/2024/02/ODPC-Guidance-Note-on-Processing-of-Health-Data.pdf,official
KEN,medium,source,journey,https://new.kenyalaw.org/akn/ke/act/ln/2025/77/eng@2025-04-11,news
KEN,medium,source,journey,https://p360-preauth-lookup.dha.go.ke/,official
KEN,medium,source,journey,https://www.kenyans.co.ke/news/124812-sha-makes-accredited-hmis-mandatory-all-healthcare-providers,news
KEN,medium,source,journey,https://www.the-star.co.ke/news/2026-07-01-sha-shifts-level-4-public-hospitals-to-taifa-care-hmis,news
KEN,medium,source,clinical,https://new.kenyalaw.org/akn/ke/act/ln/2025/77/eng@2025-04-11,news
KEN,medium,source,clinical,https://new.kenyalaw.org/akn/ke/act/ln/2025/76/eng@2025-04-11,news
KEN,medium,source,clinical,https://nhts.dha.go.ke/api/file-download/?filename=Digital%20Health%20Act%2015%20of%202023.pdf,official
KEN,medium,source,clinical,https://www.talkafrica.co.ke/digitising-care-how-kenyas-afya-yangu-platform-is-shaping-the-road-to-universal-health-coverage/,news
KEN,medium,source,research,https://new.kenyalaw.org/akn/ke/act/2019/24/eng@2022-12-31,news
KEN,medium,source,research,https://new.kenyalaw.org/akn/ke/act/ln/2025/76/eng@2025-04-11,news
KEN,medium,source,research,https://www.odpc.go.ke/wp-content/uploads/2025/11/ODPC-%E2%80%93-GUIDANCE-NOTES-Processing-for-Research-Purpose.pdf,official
KEN,medium,source,ai,https://web.pharmacyboardkenya.org/download/guideline-on-regulation-of-medical-device-software-in-kenya-mdsw/,news
KEN,medium,source,ai,https://healthbusiness.co.ke/10137/kenya-tightens-oversight-of-medical-device-software/,news
KEN,medium,source,ai,https://mzalendo.com/legislative-trends/bills/senate/560/,news
KEN,medium,source,ai,https://new.kenyalaw.org/akn/ke/act/2019/24/eng@2022-12-31,news
KEN,medium,law,laws,https://new.kenyalaw.org/akn/ke/act/2019/24/eng@2022-12-31,news
KEN,medium,law,laws,https://new.kenyalaw.org/akn/ke/act/ln/2021/263/eng@2022-01-14,news
KEN,medium,law,laws,https://nhts.dha.go.ke/api/file-download/?filename=Digital%20Health%20Act%2015%20of%202023.pdf,official
KEN,medium,law,laws,https://new.kenyalaw.org/akn/ke/act/ln/2025/76/eng@2025-04-11,news
KEN,medium,law,laws,https://new.kenyalaw.org/akn/ke/act/ln/2025/77/eng@2025-04-11,news
KEN,medium,law,laws,https://web.pharmacyboardkenya.org/download/guideline-on-regulation-of-medical-device-software-in-kenya-mdsw/,news
KOR,high,source,access,https://casenote.kr/%EB%B2%95%EB%A0%B9/%EC%9D%98%EB%A3%8C%EB%B2%95,news
KOR,high,source,access,https://www.hira.or.kr/cms/inform/01/__icsFiles/afieldfile/2017/09/19/1.pdf,news
KOR,high,source,access,https://www.korea.kr/news/policyNewsView.do?newsId=148948286,official
KOR,high,source,access,https://v.daum.net/v/20260511101017677,news
KOR,high,source,control,https://casenote.kr/%EB%B2%95%EB%A0%B9/%EC%9D%98%EB%A3%8C%EB%B2%95,news
KOR,high,source,control,https://www.myhealthway.go.kr/portal/index?page=Individual/Portal/MediMyData/MydataService,official
KOR,high,source,control,https://www.pipc.go.kr/np/cop/bbs/selectBoardArticle.do?bbsId=BS074&mCode=C020010000&nttId=11899,official
KOR,high,source,control,https://www.nursenews.co.kr/news/articleView.html?idxno=44048,news
KOR,high,source,privacy,https://www.pipc.go.kr/np/cop/bbs/selectBoardArticle.do?bbsId=BS074&mCode=C020010000&nttId=9056,official
KOR,high,source,privacy,https://casenote.kr/%EB%B2%95%EB%A0%B9/%EA%B0%9C%EC%9D%B8%EC%A0%95%EB%B3%B4_%EB%B3%B4%ED%98%B8%EB%B2%95,news
KOR,high,source,privacy,https://www.pipc.go.kr/np/cop/bbs/selectBoardArticle.do?bbsId=BS074&mCode=C020010000&nttId=12171,official
KOR,high,source,privacy,https://commission.europa.eu/law/law-topic/data-protection/international-dimension-data-protection/adequacy-decisions_en,official
KOR,high,source,commercial,https://casenote.kr/%EB%B2%95%EB%A0%B9/%EC%9D%98%EB%A3%8C%EB%B2%95,news
KOR,high,source,commercial,https://casenote.kr/%EB%B2%95%EB%A0%B9/%EA%B0%9C%EC%9D%B8%EC%A0%95%EB%B3%B4_%EB%B3%B4%ED%98%B8%EB%B2%95,news
KOR,high,source,commercial,https://www.pipc.go.kr/np/cop/bbs/selectBoardArticle.do?bbsId=BS074&mCode=C020010000&nttId=9056,official
KOR,high,source,commercial,https://www.myhealthway.go.kr/portal/index?page=Individual/Portal/MediMyData/MydataService,official
KOR,high,source,journey,https://www.korea.kr/news/policyNewsView.do?newsId=148948286,official
KOR,high,source,journey,https://www.mohw.go.kr/board.es?mid=a10503010100&bid=0027&act=view&list_no=1489085&tag=&nPage=4,official
KOR,high,source,journey,https://www.medigatenews.com/news/3461624456,news
KOR,high,source,journey,https://www.etnews.com/20251020000130,news
KOR,high,source,clinical,https://casenote.kr/%EB%B2%95%EB%A0%B9/%EC%9D%98%EB%A3%8C%EB%B2%95,news
KOR,high,source,clinical,https://www.mohw.go.kr/board.es?mid=a10503010100&bid=0027&act=view&list_no=1489085&tag=&nPage=4,official
KOR,high,source,clinical,https://www.medigatenews.com/news/3461624456,news
KOR,high,source,research,https://casenote.kr/%EB%B2%95%EB%A0%B9/%EA%B0%9C%EC%9D%B8%EC%A0%95%EB%B3%B4_%EB%B3%B4%ED%98%B8%EB%B2%95,news
KOR,high,source,research,https://www.kmpnews.co.kr/news/articleView.html?idxno=68913,news
KOR,high,source,research,https://k-cure.mohw.go.kr/portal/pfm/kif/use/viewPfmKifUse.do,official
KOR,high,source,research,https://www.myhealthway.go.kr/portal/index?page=Individual/Portal/MediMyData/MydataService,official
KOR,high,source,ai,https://casenote.kr/%EB%B2%95%EB%A0%B9/%EB%94%94%EC%A7%80%ED%84%B8%EC%9D%98%EB%A3%8C%EC%A0%9C%ED%92%88%EB%B2%95,news
KOR,high,source,ai,https://casenote.kr/%EB%B2%95%EB%A0%B9/%EC%9D%B8%EA%B3%B5%EC%A7%80%EB%8A%A5_%EB%B0%9C%EC%A0%84%EA%B3%BC_%EC%8B%A0%EB%A2%B0_%EA%B8%B0%EB%B0%98_%EC%A1%B0%EC%84%B1_%EB%93%B1%EC%97%90_%EA%B4%80%ED%95%9C_%EA%B8%B0%EB%B3%B8%EB%B2%95,news
KOR,high,source,ai,https://www.mfds.go.kr/brd/m_99/view.do?seq=48833,official
KOR,high,source,ai,https://www.mfds.go.kr/brd/m_99/view.do?seq=49815,official
KOR,high,law,laws,https://casenote.kr/%EB%B2%95%EB%A0%B9/%EC%9D%98%EB%A3%8C%EB%B2%95,news
KOR,high,law,laws,https://casenote.kr/%EB%B2%95%EB%A0%B9/%EA%B0%9C%EC%9D%B8%EC%A0%95%EB%B3%B4_%EB%B3%B4%ED%98%B8%EB%B2%95,news
KOR,high,law,laws,https://casenote.kr/%EB%B2%95%EB%A0%B9/%EB%94%94%EC%A7%80%ED%84%B8%EC%9D%98%EB%A3%8C%EC%A0%9C%ED%92%88%EB%B2%95,news
KOR,high,law,laws,https://casenote.kr/%EB%B2%95%EB%A0%B9/%EC%9D%B8%EA%B3%B5%EC%A7%80%EB%8A%A5_%EB%B0%9C%EC%A0%84%EA%B3%BC_%EC%8B%A0%EB%A2%B0_%EA%B8%B0%EB%B0%98_%EC%A1%B0%EC%84%B1_%EB%93%B1%EC%97%90_%EA%B4%80%ED%95%9C_%EA%B8%B0%EB%B3%B8%EB%B2%95,news
KOR,high,law,laws,https://commission.europa.eu/law/law-topic/data-protection/international-dimension-data-protection/adequacy-decisions_en,official
LIE,medium,source,access,https://www.gesetze.li/konso/pdf/2021213000?version=4,official
LIE,medium,source,access,https://www.regierung.li/medienportal-medium/16182/234283/0/medienmitteilung,official
LIE,medium,source,access,https://www.gesetze.li/konso/pdf/2003239000?version=14,official
LIE,medium,source,access,https://www.lie-zeit.li/2026/04/egd-akzeptanz-problem/,news
LIE,medium,source,control,https://www.gesetze.li/konso/pdf/2021213000?version=4,official
LIE,medium,source,control,https://www.gesetze.li/konso/pdf/2022365000?version=2,official
LIE,medium,source,control,https://www.landtag.li/printkleineanfrage/25139/?t=638267490026099788,official
LIE,medium,source,control,https://s3.eu-central-1.amazonaws.com/ext-linst-c5-web-liechtenstein-institut.li-2019/4717/0800/9706/LI_Aktuell_2024_1_Energie_eGD_final.pdf,news
LIE,medium,source,privacy,https://www.efta.int/eea-lex/32016r0679,intergov
LIE,medium,source,privacy,https://www.gesetze.li/konso/pdf/2021213000?version=4,official
LIE,medium,source,privacy,https://www.datenschutzstelle.li/aktuelles/taetigkeitsbericht-2025,official
LIE,medium,source,privacy,https://www.pentagrid.ch/en/blog/it-sicherheit-beim-elektronischen-gesundheitsdossier-im-fuerstentum-liechtenstein/,blog_vendor
LIE,medium,source,commercial,https://www.efta.int/eea-lex/32016r0679,intergov
LIE,medium,source,commercial,https://www.efta.int/eea-lex/32025r0327,intergov
LIE,medium,source,commercial,https://www.gesetze.li/konso/pdf/2021213000?version=4,official
LIE,medium,source,journey,https://www.gesetze.li/konso/pdf/2021213000?version=4,official
LIE,medium,source,journey,https://www.gesetze.li/konso/pdf/2022365000?version=2,official
LIE,medium,source,journey,https://www.regierung.li/medienportal-medium/16182/234283/0/medienmitteilung,official
LIE,medium,source,journey,https://www.h-och.ch/ueber-uns/news/anbindung-an-das-elektronische-gesundheitsdossier-e-gd-des-fuerstentums-liechtenstein-2026-04-14/,blog_vendor
LIE,medium,source,clinical,https://www.gesetze.li/konso/pdf/2022365000?version=2,official
LIE,medium,source,clinical,https://www.gesetze.li/konso/pdf/2021213000?version=4,official
LIE,medium,source,research,https://swissethics.ch/assets/swissethics/jahresberichte/bag_jahresbericht_2021_a4_en.pdf,official
LIE,medium,source,research,https://www.gesetze.li/konso/pdf/2021213000?version=4,official
LIE,medium,source,research,https://www.efta.int/eea-lex/32025r0327,intergov
LIE,medium,source,research,https://gesetze.li/konso/html/2024074000?search_loc=&search_text=&version=1,official
LIE,medium,source,ai,https://www.efta.int/eea-lex/32017r0745,intergov
LIE,medium,source,ai,https://www.efta.int/eea-lex/32024r1689,intergov
LIE,medium,source,ai,https://gesetze.li/konso/html/2024074000?search_loc=&search_text=&version=1,official
LIE,medium,source,ai,https://digital-liechtenstein.li/der-ai-act-ist-gestaffelt-anwendbar/,blog_vendor
LIE,medium,law,laws,https://www.gesetze.li/konso/pdf/2021213000?version=4,official
LIE,medium,law,laws,https://www.gesetze.li/konso/pdf/2022365000?version=2,official
LIE,medium,law,laws,https://www.gesetze.li/konso/pdf/2003239000?version=14,official
LIE,medium,law,laws,https://www.efta.int/eea-lex/32016r0679,intergov
LIE,medium,law,laws,https://www.efta.int/eea-lex/32017r0745,intergov
LIE,medium,law,laws,https://www.efta.int/eea-lex/32025r0327,intergov
LIE,medium,law,laws,https://www.efta.int/eea-lex/32024r1689,intergov
LTU,medium,source,access,https://e-seimas.lrs.lt/portal/legalAct/lt/TAD/TAIS.31932/asr,official
LTU,medium,source,access,https://www.esveikata.lt/e-sveikata,official
LTU,medium,source,access,http://espanadigital.gob.es/sites/espanadigital/files/2025-12/Estudio%20de%20Indicadores%20de%20eHealth%20de%20la%20D%C3%A9cada%20Digital%202025.pdf,official
LTU,medium,source,access,https://www.esveikata.lt/naujiena/259,official
LTU,medium,source,control,https://pacientas.esveikata.lt/help/pages/perzireti-esi-irasa.html,official
LTU,medium,source,control,https://ec.europa.eu/health/system/files/2016-11/laws_lithuania_en_0.pdf,official
LTU,medium,source,control,https://www.15min.lt/verslas/naujiena/bendroves/siurbiami-ne-tik-registru-centro-duomenys-jusu-sveikatos-duomenis-gali-perskaityti-ir-valytoja-663-2698800,news
LTU,medium,source,privacy,https://e-seimas.lrs.lt/portal/legalAct/lt/TAD/TAIS.31932/asr,official
LTU,medium,source,privacy,https://www.esveikata.lt/naujiena/318,official
LTU,medium,source,privacy,https://www.15min.lt/verslas/naujiena/bendroves/siurbiami-ne-tik-registru-centro-duomenys-jusu-sveikatos-duomenis-gali-perskaityti-ir-valytoja-663-2698800,news
LTU,medium,source,commercial,https://e-seimas.lrs.lt/portal/legalAct/lt/TAD/72c77a52626411ecb2fe9975f8a9e52e/asr,official
LTU,medium,source,journey,https://www.esveikata.lt/naujiena/259,official
LTU,medium,source,journey,https://www.esveikata.lt/naujiena/210,official
LTU,medium,source,journey,https://www.esveikata.lt/naujiena/274,official
LTU,medium,source,journey,https://academic.oup.com/ije/article/54/4/dyaf118/8186979,academic
LTU,medium,source,clinical,https://pacientas.esveikata.lt/help/pages/perzireti-esi-irasa.html,official
LTU,medium,source,clinical,https://www.esveikata.lt/naujiena/259,official
LTU,medium,source,clinical,https://www.esveikata.lt/naujiena/274,official
LTU,medium,source,clinical,https://www.tv3.lt/naujiena/lietuva/premjere-e-sveikata-vadina-anekdotu-tikisi-it-progreso-viesajame-sektoriuje-n1468966,news
LTU,medium,source,research,https://e-seimas.lrs.lt/portal/legalAct/lt/TAD/72c77a52626411ecb2fe9975f8a9e52e/asr,official
LTU,medium,source,research,https://e-seimas.lrs.lt/portal/legalAct/lt/TAD/b34677de288611ea8f0dfdc2b5879561/asr,official
LTU,medium,source,research,https://academic.oup.com/ije/article/54/4/dyaf118/8186979,academic
LTU,medium,source,research,https://health.ec.europa.eu/ehealth-digital-health-and-care/european-health-data-space-regulation-ehds_en,official
LTU,medium,source,ai,https://ai-act-service-desk.ec.europa.eu/en/national-resources,official
LTU,medium,source,ai,https://www.cyberlawwatch.com/2026/07/31/eu-digital-omnibus-on-ai-enters-into-force/,blog_vendor
LTU,medium,law,laws,https://e-seimas.lrs.lt/portal/legalAct/lt/TAD/TAIS.31932/asr,official
LTU,medium,law,laws,https://e-seimas.lrs.lt/portal/legalAct/lt/TAD/72c77a52626411ecb2fe9975f8a9e52e/asr,official
LTU,medium,law,laws,https://e-seimas.lrs.lt/portal/legalAct/lt/TAD/b34677de288611ea8f0dfdc2b5879561/asr,official
LTU,medium,law,laws,https://health.ec.europa.eu/ehealth-digital-health-and-care/european-health-data-space-regulation-ehds_en,official
LTU,medium,law,laws,https://www.cyberlawwatch.com/2026/07/31/eu-digital-omnibus-on-ai-enters-into-force/,blog_vendor
LUX,medium,source,access,https://data.legilux.public.lu/file/eli-etat-leg-loi-2014-07-24-n2-jo-fr-html.html,official
LUX,medium,source,access,https://guichet.public.lu/fr/citoyens/sante/droits-devoirs-patient/droits-devoirs-patient/dsp.html,official
LUX,medium,source,access,https://digital-strategy.ec.europa.eu/en/factpages/luxembourgs-2026-digital-decade-country-report,official
LUX,medium,source,access,https://lequotidien.lu/politique-societe/sante-numerique-lannee-de-lacceleration-pour-lagence-esante/,news
LUX,medium,source,control,https://data.legilux.public.lu/filestore/eli/etat/leg/rgd/2019/12/06/a909/jo/fr/html/eli-etat-leg-rgd-2019-12-06-a909-jo-fr-html.html,official
LUX,medium,source,control,https://www.secu.lu/assurance-maladie/livre-i/chapitre-v-relations-avec-les-prestataires-de-soins/art-60quater/,official
LUX,medium,source,control,https://guichet.public.lu/fr/citoyens/sante/droits-devoirs-patient/droits-devoirs-patient/dsp.html,official
LUX,medium,source,control,https://m3s.gouvernement.lu/fr/actualites.gouvernement2024%2Bfr%2Bactualites%2Btoutes_actualites%2Bcommuniques%2B2025%2B12-decembre%2B01-dsp-myguichet.html,official
LUX,medium,source,privacy,https://data.legilux.public.lu/file/eli-etat-leg-loi-2018-08-01-a686-jo-fr-html.html,official
LUX,medium,source,privacy,https://cnpd.public.lu/fr/decisions-sanctions.html,official
LUX,medium,source,privacy,https://www.lessentiel.lu/fr/story/au-luxembourg-80-cabinets-medicaux-auraient-ete-touches-par-une-cyberattaque-103629329,news
LUX,medium,source,privacy,https://www.reporter.lu/fr/exclusif-sante-digitale-une-cyberattaque-qui-fait-paniquer-les-medecins/,news
LUX,medium,source,commercial,https://data.legilux.public.lu/file/eli-etat-leg-loi-2018-08-01-a686-jo-fr-html.html,official
LUX,medium,source,commercial,https://www.secu.lu/assurance-maladie/livre-i/chapitre-v-relations-avec-les-prestataires-de-soins/art-60quater/,official
LUX,medium,source,journey,https://data.legilux.public.lu/filestore/eli/etat/leg/rgd/2019/12/06/a909/jo/fr/html/eli-etat-leg-rgd-2019-12-06-a909-jo-fr-html.html,official
LUX,medium,source,journey,https://health.ec.europa.eu/ehealth-digital-health-and-care/digital-health-and-care/electronic-cross-border-health-services/patient-information-notices-luxembourg_en,official
LUX,medium,source,journey,https://digital-strategy.ec.europa.eu/en/factpages/luxembourgs-2026-digital-decade-country-report,official
LUX,medium,source,journey,https://lequotidien.lu/politique-societe/sante-numerique-lannee-de-lacceleration-pour-lagence-esante/,news
LUX,medium,source,clinical,https://www.secu.lu/assurance-maladie/livre-i/chapitre-v-relations-avec-les-prestataires-de-soins/art-60quater/,official
LUX,medium,source,clinical,https://www.esante.lu/portal/en/e-sant-information/services-esante-pour-les-patients-406-574.html,official
LUX,medium,source,clinical,https://lequotidien.lu/politique-societe/sante-numerique-lannee-de-lacceleration-pour-lagence-esante/,news
LUX,medium,source,research,https://cner.gouvernement.lu/fr/statuts-legislation.html,official
LUX,medium,source,research,https://www.lnds.lu/hdab-lu/,official
LUX,medium,source,research,https://data.legilux.public.lu/file/eli-etat-leg-loi-2018-08-01-a686-jo-fr-html.html,official
LUX,medium,source,ai,https://www.chd.lu/fr/dossier/8476,official
LUX,medium,source,ai,https://cnpd.public.lu/fr/actualites/national/2026/01/ai-act-in-action-cp-jan2026.html,official
LUX,medium,law,laws,https://data.legilux.public.lu/file/eli-etat-leg-loi-2014-07-24-n2-jo-fr-html.html,official
LUX,medium,law,laws,https://www.secu.lu/assurance-maladie/livre-i/chapitre-v-relations-avec-les-prestataires-de-soins/art-60quater/,official
LUX,medium,law,laws,https://data.legilux.public.lu/filestore/eli/etat/leg/rgd/2019/12/06/a909/jo/fr/html/eli-etat-leg-rgd-2019-12-06-a909-jo-fr-html.html,official
LUX,medium,law,laws,https://data.legilux.public.lu/file/eli-etat-leg-loi-2018-08-01-a686-jo-fr-html.html,official
LUX,medium,law,laws,https://commission.europa.eu/law/law-topic/data-protection/legal-framework-eu-data-protection_en,official
LUX,medium,law,laws,https://health.ec.europa.eu/ehealth-digital-health-and-care/european-health-data-space-regulation-ehds_en,official
LUX,medium,law,laws,https://digital-strategy.ec.europa.eu/en/policies/regulatory-framework-ai,official
LVA,medium,source,access,https://likumi.lv/ta/id/203008-pacientu-tiesibu-likums,official
LVA,medium,source,access,https://lvportals.lv/skaidrojumi/388343-kadi-dati-pieejami-e-veselibas-sistema-un-kas-tiem-var-pieklut-2026,official
LVA,medium,source,access,https://ldvc.lv/latvijas-digitalas-veselibas-centrs-pirmaja-darbibas-gada-paveikts-butisks-darbs-digitalas-veselibas-attistiba/,official
LVA,medium,source,access,https://www.oecd.org/content/dam/oecd/en/publications/reports/2025/12/country-health-profile-2025-country-notes_7e72146d/latvia_49bcb16d/acdd6b03-en.pdf,intergov
LVA,medium,source,control,https://likumi.lv/ta/id/264943,official
LVA,medium,source,control,https://lvportals.lv/skaidrojumi/388343-kadi-dati-pieejami-e-veselibas-sistema-un-kas-tiem-var-pieklut-2026,official
LVA,medium,source,control,https://eng.lsm.lv/article/society/health/29.01.2024-doctor-raises-alarm-over-unauthorized-patient-data-access.a540705/,news
LVA,medium,source,privacy,https://likumi.lv/ta/id/203008-pacientu-tiesibu-likums,official
LVA,medium,source,privacy,https://likumi.lv/ta/id/300099-fizisko-personu-datu-apstrades-likums,official
LVA,medium,source,privacy,https://bnn.lv/e-veselibas-dati-skatiti-bez-iemesla-dvi-atklaj-parkapumus-latvija/,news
LVA,medium,source,privacy,https://eng.lsm.lv/article/society/health/30.06.2026-damaged-cable-leaves-patients-without-meds-in-latvia.a653205/,news
LVA,medium,source,commercial,https://likumi.lv/ta/id/203008-pacientu-tiesibu-likums,official
LVA,medium,source,commercial,https://likumi.lv/ta/id/275747-kartiba-kada-atlauj-izmantot-pacienta-datus-konkreta-petijuma,official
LVA,medium,source,journey,https://ldvc.lv/wp-content/uploads/2026/09/EVES_EVAK_2026_augusts.pdf,official
LVA,medium,source,journey,https://likumi.lv/ta/id/264943,official
LVA,medium,source,journey,https://eng.lsm.lv/article/society/health/05.05.2026-digital-referrals-now-mandatory-in-latvias-healthcare-system.a645708/,news
LVA,medium,source,journey,https://www.oecd.org/content/dam/oecd/en/publications/reports/2025/12/country-health-profile-2025-country-notes_7e72146d/latvia_49bcb16d/acdd6b03-en.pdf,intergov
LVA,medium,source,clinical,https://lvportals.lv/skaidrojumi/388343-kadi-dati-pieejami-e-veselibas-sistema-un-kas-tiem-var-pieklut-2026,official
LVA,medium,source,clinical,https://likumi.lv/ta/id/264943,official
LVA,medium,source,clinical,https://ldvc.lv/wp-content/uploads/2026/09/EVES_EVAK_2026_augusts.pdf,official
LVA,medium,source,clinical,https://eng.lsm.lv/article/society/health/04.06.2026-latvia-will-start-exchanging-laboratory-data-with-other-eu-states.a650077/,news
LVA,medium,source,research,https://likumi.lv/ta/id/203008-pacientu-tiesibu-likums,official
LVA,medium,source,research,https://likumi.lv/ta/id/275747-kartiba-kada-atlauj-izmantot-pacienta-datus-konkreta-petijuma,official
LVA,medium,source,research,https://health.ec.europa.eu/ehealth-digital-health-and-care/european-health-data-space-regulation-ehds_en,official
LVA,medium,source,ai,https://www.varam.gov.lv/lv/jaunums/latvija-sper-soli-preti-drosam-un-atbildigam-maksligajam-intelektam-valdiba-izskata-mi-akta-ieviesanas-planu,official
LVA,medium,source,ai,https://www.varam.gov.lv/lv/maksliga-intelekta-mi-akts,official
LVA,medium,law,laws,https://likumi.lv/ta/id/203008-pacientu-tiesibu-likums,official
LVA,medium,law,laws,https://likumi.lv/ta/id/264943,official
LVA,medium,law,laws,https://likumi.lv/ta/id/275747-kartiba-kada-atlauj-izmantot-pacienta-datus-konkreta-petijuma,official
LVA,medium,law,laws,https://likumi.lv/ta/id/300099-fizisko-personu-datu-apstrades-likums,official
LVA,medium,law,laws,https://health.ec.europa.eu/ehealth-digital-health-and-care/european-health-data-space-regulation-ehds_en,official
LVA,medium,law,laws,https://www.varam.gov.lv/lv/maksliga-intelekta-mi-akts,official
MEX,high,source,access,https://www.diputados.gob.mx/LeyesBiblio/pdf/LGPDPPSO.pdf,official
MEX,high,source,access,https://www.diputados.gob.mx/LeyesBiblio/pdf/LFPDPPP.pdf,official
MEX,high,source,access,https://dof.gob.mx/nota_detalle.php?codigo=5272787&fecha=15/10/2012,official
MEX,high,source,access,https://www.imss.gob.mx/sites/all/statics/i2f_news/IMSS.%20Boletin.%20542.pdf,official
MEX,high,source,control,https://sidof.segob.gob.mx/notas/5785257,official
MEX,high,source,control,https://www.diputados.gob.mx/LeyesBiblio/pdf/LGPDPPSO.pdf,official
MEX,high,source,control,https://www.diputados.gob.mx/LeyesBiblio/pdf/LFPDPPP.pdf,official
MEX,high,source,control,https://dof.gob.mx/nota_detalle.php?codigo=5280847&fecha=30/11/2012,official
MEX,high,source,privacy,https://www.diputados.gob.mx/LeyesBiblio/pdf/LGPDPPSO.pdf,official
MEX,high,source,privacy,https://www.diputados.gob.mx/LeyesBiblio/pdf/LFPDPPP.pdf,official
MEX,high,source,privacy,https://www.infobae.com/mexico/2025/10/08/filtracion-de-20-millones-de-datos-de-pensionados-del-imss-primer-gran-reto-de-la-nueva-unidad-de-proteccion-de-datos/,news
MEX,high,source,privacy,https://es-us.finanzas.yahoo.com/noticias/ciberataque-sat-imss-morena-expone-201520425.html,news
MEX,high,source,commercial,https://www.diputados.gob.mx/LeyesBiblio/pdf/LFPDPPP.pdf,official
MEX,high,source,commercial,https://www.ritch.com.mx/prensa/alerta-para-clientes-primeros-criterios-publicos-de-la-sabg-en-materia-de-proteccion-de-datos-personales-tras-la-resolucion-del-caso-fan-id,news
MEX,high,source,journey,https://sidof.segob.gob.mx/notas/5785257,official
MEX,high,source,journey,https://www.diputados.gob.mx/LeyesBiblio/pdf/LGS.pdf,official
MEX,high,source,journey,https://dof.gob.mx/nota_detalle.php?codigo=5280847&fecha=30/11/2012,official
MEX,high,source,journey,https://consultorsalud.com.mx/expediente-clinico-electronico-salud-imss/,blog_vendor
MEX,high,source,clinical,https://sidof.segob.gob.mx/notas/5785257,official
MEX,high,source,clinical,https://consultorsalud.com.mx/expediente-clinico-electronico-salud-imss/,blog_vendor
MEX,high,source,clinical,https://www.elimparcial.com/mexico/2026/06/04/el-imss-planea-aplicar-inteligencia-artificial-en-su-expediente-clinico-electronico-mientras-desarrolla-la-interoperabilidad-total-de-datos-de-salud-con-el-issste-e-imss-bienestar-para-inicios-de-2027/,news
MEX,high,source,clinical,https://www.diputados.gob.mx/LeyesBiblio/pdf/LGPDPPSO.pdf,official
MEX,high,source,research,https://www.diputados.gob.mx/LeyesBiblio/pdf/LGS.pdf,official
MEX,high,source,research,https://www.diputados.gob.mx/LeyesBiblio/regley/Reg_LGS_MIS.pdf,official
MEX,high,source,research,https://www.diputados.gob.mx/LeyesBiblio/pdf/LGPDPPSO.pdf,official
MEX,high,source,research,https://dof.gob.mx/nota_detalle.php?codigo=5272787&fecha=15/10/2012,official
MEX,high,source,ai,https://www.gob.mx/cofepris/documentos/guia-para-la-obtencion-del-registro-sanitario-de-dispositivos-medicos,news
MEX,high,source,ai,https://www.eleconomista.com.mx/tecnologia/mexico-regula-inteligencia-artificial-sectores-aplaza-ley-general-20260723-824716.html,news
MEX,high,source,ai,https://www.elimparcial.com/mexico/2026/06/04/el-imss-planea-aplicar-inteligencia-artificial-en-su-expediente-clinico-electronico-mientras-desarrolla-la-interoperabilidad-total-de-datos-de-salud-con-el-issste-e-imss-bienestar-para-inicios-de-2027/,news
MEX,high,law,laws,https://www.diputados.gob.mx/LeyesBiblio/pdf/LGPDPPSO.pdf,official
MEX,high,law,laws,https://www.diputados.gob.mx/LeyesBiblio/pdf/LFPDPPP.pdf,official
MEX,high,law,laws,https://www.diputados.gob.mx/LeyesBiblio/pdf/LGS.pdf,official
MEX,high,law,laws,https://sidof.segob.gob.mx/notas/5785257,official
MEX,high,law,laws,https://dof.gob.mx/nota_detalle.php?codigo=5272787&fecha=15/10/2012,official
MEX,high,law,laws,https://dof.gob.mx/nota_detalle.php?codigo=5280847&fecha=30/11/2012,official
MEX,high,law,laws,https://iecm.mx/www/marconormativo/docs/Ley_proteccion_DDPP_2026.pdf,news
MLT,medium,source,access,https://data.consilium.europa.eu/doc/document/ST-10407-2025-ADD-51/en/pdf,official
MLT,medium,source,access,https://web.archive.org/web/20260801073650/https://health.gov.mt/public-facing-services/myhealth/,official
MLT,medium,source,access,https://web.archive.org/web/20260727061320/https://health.gov.mt/wp-content/uploads/2025/11/Digital-Health-Health-Data-Strategy-Document.pdf,official
MLT,medium,source,control,https://web.archive.org/web/20250712071632/https://health.gov.mt/wp-content/uploads/2024/10/myHealth-User-Guide-for-Patients-v.2.2-19Aug19.pdf,official
MLT,medium,source,control,https://web.archive.org/web/20260801073639/https://myhealth.gov.mt/home/about,official
MLT,medium,source,control,https://web.archive.org/web/20260727061320/https://health.gov.mt/wp-content/uploads/2025/11/Digital-Health-Health-Data-Strategy-Document.pdf,official
MLT,medium,source,privacy,https://idpc.org.mt/news-latest/the-commissioner-imposed-an-administrative-fine-of-e20000-on-a-private-clinic/,official
MLT,medium,source,privacy,https://idpc.org.mt/decisions/,official
MLT,medium,source,privacy,https://legislation.mt/eli/cap/586/eng,official
MLT,medium,source,commercial,https://legislation.mt/eli/sl/528.10/eng,official
MLT,medium,source,commercial,https://web.archive.org/web/20260801073639/https://myhealth.gov.mt/home/about,official
MLT,medium,source,commercial,https://idpc.org.mt/decisions/,official
MLT,medium,source,journey,https://data.consilium.europa.eu/doc/document/ST-10407-2025-ADD-51/en/pdf,official
MLT,medium,source,journey,https://web.archive.org/web/20260727061320/https://health.gov.mt/wp-content/uploads/2025/11/Digital-Health-Health-Data-Strategy-Document.pdf,official
MLT,medium,source,clinical,https://web.archive.org/web/20260801073650/https://health.gov.mt/public-facing-services/myhealth/,official
MLT,medium,source,clinical,https://web.archive.org/web/20260727061320/https://health.gov.mt/wp-content/uploads/2025/11/Digital-Health-Health-Data-Strategy-Document.pdf,official
MLT,medium,source,clinical,https://web.archive.org/web/20250712071632/https://health.gov.mt/wp-content/uploads/2024/10/myHealth-User-Guide-for-Patients-v.2.2-19Aug19.pdf,official
MLT,medium,source,research,https://legislation.mt/eli/sl/528.10/eng,official
MLT,medium,source,research,https://web.archive.org/web/20260727061320/https://health.gov.mt/wp-content/uploads/2025/11/Digital-Health-Health-Data-Strategy-Document.pdf,official
MLT,medium,source,research,https://health.ec.europa.eu/ehealth-digital-health-and-care/european-health-data-space-regulation-ehds_en,official
MLT,medium,source,ai,https://legislation.mt/eli/ln/2025/226/eng,official
MLT,medium,source,ai,https://web.archive.org/web/20260727061320/https://health.gov.mt/wp-content/uploads/2025/11/Digital-Health-Health-Data-Strategy-Document.pdf,official
MLT,medium,source,ai,https://www.cuatrecasas.com/en/global/intellectual-property/art/digital-omnibus-ai-has-been-published,law_firm
MLT,medium,law,laws,https://legislation.mt/eli/cap/586/eng,official
MLT,medium,law,laws,https://legislation.mt/eli/sl/528.10/eng,official
MLT,medium,law,laws,https://legislation.mt/eli/ln/2025/226/eng,official
MLT,medium,law,laws,https://eur-lex.europa.eu/eli/reg/2025/327/oj/eng,official
MLT,medium,law,laws,https://eur-lex.europa.eu/eli/reg/2016/679/oj/eng,official
MLT,medium,law,laws,https://eur-lex.europa.eu/eli/reg/2024/1689/oj/eng,official
NGA,high,source,access,https://ndpc.gov.ng/wp-content/uploads/2024/03/Nigeria_Data_Protection_Act_2023.pdf,official
NGA,high,source,access,https://ndpc.gov.ng/wp-content/uploads/2025/07/NDP-ACT-GAID-2025-MARCH-20TH.pdf,official
NGA,high,source,access,https://faolex.fao.org/docs/pdf/nig162642.pdf,legal_text
NGA,high,source,access,https://infusionlawyers.com/wp-content/uploads/2018/08/Patients-Bill-of-Rights-PBoR-Long-version.pdf,news
NGA,high,source,control,https://faolex.fao.org/docs/pdf/nig162642.pdf,legal_text
NGA,high,source,control,https://ndpc.gov.ng/wp-content/uploads/2024/03/Nigeria_Data_Protection_Act_2023.pdf,official
NGA,high,source,control,https://ndpc.gov.ng/wp-content/uploads/2025/07/NDP-ACT-GAID-2025-MARCH-20TH.pdf,official
NGA,high,source,control,https://dailytrust.com/nigerian-govt-sued-over-deal-to-share-citizens-health-data-with-us/,news
NGA,high,source,privacy,https://ndpc.gov.ng/wp-content/uploads/2024/03/Nigeria_Data_Protection_Act_2023.pdf,official
NGA,high,source,privacy,https://faolex.fao.org/docs/pdf/nig162642.pdf,legal_text
NGA,high,source,privacy,https://www.premiumtimesng.com/news/headlines/873350-exclusive-inside-nigerias-deal-to-write-off-32-8-million-fine-against-meta.html,news
NGA,high,source,privacy,https://fij.ng/article/alert-airlines-hospitals-major-data-controllers-not-registered-under-ndpc/,news
NGA,high,source,commercial,https://ndpc.gov.ng/wp-content/uploads/2025/07/NDP-ACT-GAID-2025-MARCH-20TH.pdf,official
NGA,high,source,commercial,https://ndpc.gov.ng/wp-content/uploads/2024/03/Nigeria_Data_Protection_Act_2023.pdf,official
NGA,high,source,commercial,https://www.premiumtimesng.com/news/headlines/873350-exclusive-inside-nigerias-deal-to-write-off-32-8-million-fine-against-meta.html,news
NGA,high,source,commercial,https://www.techhiveadvisory.africa/insights/review-of-nigerias-digital-health-services-bill-2025,blog_vendor
NGA,high,source,journey,https://www.premiumtimesng.com/health/health-news/890930-nigeria-needs-%E2%82%A6500-billion-to-scale-digital-health-infrastructure-over-five-years-official.html,news
NGA,high,source,journey,https://www.digitalhealth.gov.ng/,official
NGA,high,source,journey,https://fmino.gov.ng/fg-records-major-gains-in-health-sector-renewal-approves-n32-8-billion-bhcpf-disbursement-to-states/,official
NGA,high,source,journey,https://leadership.ng/federal-govt-expands-electronic-medical-records-deployment-across-health-facilities/,news
NGA,high,source,clinical,https://faolex.fao.org/docs/pdf/nig162642.pdf,legal_text
NGA,high,source,clinical,https://www.vanguardngr.com/2026/07/senate-advances-bill-to-integrate-e-health-services-in-nigeria/,news
NGA,high,source,clinical,https://www.premiumtimesng.com/news/top-news/898831-nigerian-govt-unveils-blueprint-for-secure-interoperable-digital-health-system.html,news
NGA,high,source,research,https://faolex.fao.org/docs/pdf/nig162642.pdf,legal_text
NGA,high,source,research,https://healthresearchwebafrica.org.za/files/NCHRECurrentVersion.pdf,news
NGA,high,source,research,https://ndpc.gov.ng/wp-content/uploads/2024/03/Nigeria_Data_Protection_Act_2023.pdf,official
NGA,high,source,ai,https://nafdac.gov.ng/wp-content/uploads/Files/Resources/Guidelines/DR_And_R_Guidelines/Guidelines-for-Registration-of-Software-as-a-Medical-Device-SaMD-in-Nigeria.pdf,official
NGA,high,source,ai,https://ndpc.gov.ng/wp-content/uploads/2025/07/NDP-ACT-GAID-2025-MARCH-20TH.pdf,official
NGA,high,source,ai,https://naltf.gov.ng/senate-begins-consideration-of-landmark-bill-to-regulate-ai-diagnostics-ivf-and-emerging-health-technologies/,official
NGA,high,source,ai,https://www.premiumtimesng.com/news/top-news/898831-nigerian-govt-unveils-blueprint-for-secure-interoperable-digital-health-system.html,news
NGA,high,law,laws,https://ndpc.gov.ng/wp-content/uploads/2024/03/Nigeria_Data_Protection_Act_2023.pdf,official
NGA,high,law,laws,https://ndpc.gov.ng/wp-content/uploads/2025/07/NDP-ACT-GAID-2025-MARCH-20TH.pdf,official
NGA,high,law,laws,https://faolex.fao.org/docs/pdf/nig162642.pdf,legal_text
NGA,high,law,laws,https://p4h.world/app/uploads/2024/06/Nigeria-National-Health-Insurance-Act.x23411.pdf,news
NGA,high,law,laws,https://nafdac.gov.ng/wp-content/uploads/Files/Resources/Guidelines/DR_And_R_Guidelines/Guidelines-for-Registration-of-Software-as-a-Medical-Device-SaMD-in-Nigeria.pdf,official
NGA,high,law,laws,https://www.vanguardngr.com/2026/07/senate-advances-bill-to-integrate-e-health-services-in-nigeria/,news
NLD,high,source,access,https://wetten.overheid.nl/BWBR0005290/2026-01-01/0,news
NLD,high,source,access,https://wetten.overheid.nl/BWBR0023864/2025-07-05/0,news
NLD,high,source,access,https://ec.europa.eu/newsroom/dae/redirection/document/128656,official
NLD,high,source,access,https://medmij.nl/media/ruim-half-miljoen-nederlanders-haalden-in-2024-via-medmij-gegevens-op/,official
NLD,high,source,control,https://wetten.overheid.nl/BWBR0023864/2025-07-05/0,news
NLD,high,source,control,https://www.mitz-toestemming.nl/kennis-en-ondersteuning/vragen-antwoorden,official
NLD,high,source,control,https://www.volgjezorg.nl/,news
NLD,high,source,control,https://www.mijnmitz.nl,news
NLD,high,source,privacy,https://www.igj.nl/actueel/nieuws/2026/05/13/clinical-diagnostics-voldeed-niet-aan-wettelijke-norm-voor-informatiebeveiliging,news
NLD,high,source,privacy,https://www.autoriteitpersoonsgegevens.nl/actueel/ap-gaat-databeveiliging-in-de-zorg-controleren,news
NLD,high,source,privacy,https://www.autoriteitpersoonsgegevens.nl/documenten/boete-olvg,news
NLD,high,source,privacy,https://nos.nl/artikel/2580363-hackers-laboratorium-hadden-toegang-tot-gegevens-850-000-mensen,news
NLD,high,source,commercial,https://wetten.overheid.nl/BWBR0023864/2025-07-05/0,news
NLD,high,source,commercial,https://wetten.overheid.nl/BWBR0008819/2025-01-01/0,news
NLD,high,source,commercial,https://medmij.nl/zorggebruikers/vragen-van-zorggebruikers/,official
NLD,high,source,commercial,https://health.ec.europa.eu/ehealth-digital-health-and-care/european-health-data-space-regulation-ehds_en,official
NLD,high,source,journey,https://www.vzvz.nl/nieuws/jaarterugblik-aorta-lsp-2025,news
NLD,high,source,journey,https://www.datavoorgezondheid.nl/onderwerpen/w/wegiz/uitleg-over-de-wet,official
NLD,high,source,journey,https://ec.europa.eu/newsroom/dae/redirection/document/128656,official
NLD,high,source,journey,https://health.ec.europa.eu/ehealth-digital-health-and-care/european-health-data-space-regulation-ehds_en,official
NLD,high,source,clinical,https://wetten.overheid.nl/BWBR0005290/2026-01-01/0,news
NLD,high,source,clinical,https://www.mitz-toestemming.nl/kennis-en-ondersteuning/vragen-antwoorden,official
NLD,high,source,clinical,https://www.knmp.nl/dossiers/medicatieoverdracht/landelijk-schakelpunt-lsp,news
NLD,high,source,clinical,https://www.vzvz.nl/nieuws/mijlpaal-1-miljoen-bezoekers-op-mijnmitznl,news
NLD,high,source,research,https://wetten.overheid.nl/BWBR0005290/2026-01-01/0,news
NLD,high,source,research,https://www.nivel.nl/nl/panels-en-registraties/nivel-zorgregistraties-eerste-lijn/deelnemen-en-deelnemers/privacybescherming,news
NLD,high,source,research,https://www.datavoorgezondheid.nl/actueel/nieuws/2026/06/09/internetconsultatie-wet-op-het-gezondheidsinformatiestelsel-gestart,official
NLD,high,source,research,https://www.tweedekamer.nl/downloads/document?id=2026D02216,official
NLD,high,source,ai,https://www.datavoorgezondheid.nl/actueel/nieuws/2025/09/08/leidraad-kwaliteit-ai-in-de-zorg-nader-onderzocht,official
NLD,high,source,ai,https://artificialintelligenceact.eu/ai-act-explorer/digital-omnibus/,news
NLD,high,source,ai,https://ec.europa.eu/newsroom/dae/redirection/document/128656,official
NLD,high,law,laws,https://wetten.overheid.nl/BWBR0005290/2026-01-01/0,news
NLD,high,law,laws,https://wetten.overheid.nl/BWBR0023864/2025-07-05/0,news
NLD,high,law,laws,https://www.datavoorgezondheid.nl/onderwerpen/w/wegiz/uitleg-over-de-wet,official
NLD,high,law,laws,https://wetten.overheid.nl/BWBR0008819/2025-01-01/0,news
NLD,high,law,laws,https://www.datavoorgezondheid.nl/actueel/nieuws/2026/06/09/internetconsultatie-wet-op-het-gezondheidsinformatiestelsel-gestart,official
NLD,high,law,laws,https://health.ec.europa.eu/ehealth-digital-health-and-care/european-health-data-space-regulation-ehds_en,official
NLD,high,law,laws,https://artificialintelligenceact.eu/ai-act-explorer/digital-omnibus/,news
NOR,high,source,access,https://lovdata.no/dokument/NL/lov/1999-07-02-63/KAPITTEL_5,official
NOR,high,source,access,https://www.helsenorge.no/pasientjournal/om/,official
NOR,high,source,access,https://op.europa.eu/en/publication-detail/-/publication/53637948-66ce-11f1-9b18-01aa75ed71a1/language-en,official
NOR,high,source,access,https://www.helsedirektoratet.no/statistikk/nasjonal-digitaliseringsmonitor/antall-innlogginger-pa-helsenorge--selvbetjeningslosninger,official
NOR,high,source,control,https://www.nhn.no/tjenester/kjernejournal/sporsmal-og-svar,official
NOR,high,source,control,https://lovdata.no/dokument/NL/lov/2014-06-20-42,official
NOR,high,source,control,https://lovdata.no/dokument/NL/lov/1999-07-02-63/KAPITTEL_5,official
NOR,high,source,control,https://lovdata.no/dokument/LTI/lov/2026-01-23-1,official
NOR,high,source,privacy,https://www.datatilsynet.no/aktuelt/aktuelle-nyheter-2025/varsel-om-palegg-til-helseplattformen-as/,official
NOR,high,source,privacy,https://www.datatilsynet.no/regelverk-og-verktoy/lover-og-regler/avgjorelser-fra-datatilsynet/2025/ulovlig-deling-av-personopplysninger-gjennom-sporingspiksler-hos-seks-nettsteder/,official
NOR,high,source,privacy,https://lovdata.no/dokument/NL/lov/2014-06-20-43,official
NOR,high,source,privacy,https://www.dagensmedisin.no/arbeidsliv-helgelandssykehuset-pasientjournal/statsforvalteren-apner-tilsyn-etter-snoking-i-pasientjournal-ved-helgelandssykehuset/726961,news
NOR,high,source,commercial,https://lovdata.no/dokument/NL/lov/2014-06-20-43,official
NOR,high,source,commercial,https://lovdata.no/dokument/NL/lov/1999-07-02-64,official
NOR,high,source,commercial,https://lovdata.no/dokument/LTI/lov/2026-01-23-1,official
NOR,high,source,commercial,https://www.datatilsynet.no/regelverk-og-verktoy/lover-og-regler/avgjorelser-fra-datatilsynet/2025/ulovlig-deling-av-personopplysninger-gjennom-sporingspiksler-hos-seks-nettsteder/,official
NOR,high,source,journey,https://www.nhn.no/tjenester/kjernejournal/sporsmal-og-svar,official
NOR,high,source,journey,https://www.nhn.no/tjenester/e-resept/om-e-resept,official
NOR,high,source,journey,https://www.helsedirektoratet.no/digitalisering-og-e-helse/pasientens-legemiddelliste/plan-for-utproving,official
NOR,high,source,journey,https://www.stortinget.no/no/Hva-skjer-pa-Stortinget/EU-EOS-informasjon/EU-EOS-nytt/2026/eueos-nytt---16.-april-2026/det-europeiske-helsedataomradet--horing-av-gjennomforingsregelverk/,news
NOR,high,source,clinical,https://www.nhn.no/tjenester/kjernejournal/sporsmal-og-svar,official
NOR,high,source,clinical,https://lovdata.no/dokument/NL/lov/1999-07-02-64,official
NOR,high,source,clinical,https://www.helsedirektoratet.no/digitalisering-og-e-helse/pasientens-journaldokumenter-pjd/status-og-ambisjoner-for-innforing,official
NOR,high,source,clinical,https://www.nhn.no/tjenester/pasientens-provesvar,official
NOR,high,source,research,https://lovdata.no/dokument/NL/lov/2014-06-20-43,official
NOR,high,source,research,https://lovdata.no/dokument/NL/lov/2008-06-20-44,official
NOR,high,source,research,https://www.fhi.no/he/kpr/reservasjonsrett-i-kpr/,news
NOR,high,source,research,https://www.fhi.no/nyheter/2026/kortere-behandlingstid-og-okt-utlevering-av-data-i-2025/,news
NOR,high,source,ai,https://lovdata.no/dokument/NL/lov/2020-05-07-37,official
NOR,high,source,ai,https://nkom.no/ki/regulering/nye-krav-til-ki-merking-i-eu--hva-betyr-dette-for-norge,official
NOR,high,source,ai,https://www.helsedirektoratet.no/digitalisering-og-e-helse/kunstig-intelligens,official
NOR,high,law,laws,https://lovdata.no/dokument/NL/lov/1999-07-02-63/KAPITTEL_5,official
NOR,high,law,laws,https://lovdata.no/dokument/NL/lov/2014-06-20-42,official
NOR,high,law,laws,https://lovdata.no/dokument/NL/lov/2014-06-20-43,official
NOR,high,law,laws,https://lovdata.no/dokument/LTI/lov/2026-01-23-1,official
NOR,high,law,laws,https://lovdata.no/dokument/NL/lov/2008-06-20-44,official
NOR,high,law,laws,https://lovdata.no/dokument/NL/lov/2020-05-07-37,official
NOR,high,law,laws,https://lovdata.no/dokument/NL/lov/2018-06-15-38,official
NZL,high,source,access,https://www.privacy.org.nz/your-rights/ask-for-your-information/,official
NZL,high,source,access,https://www.privacy.org.nz/responsibilities/charging-for-access-to-personal-information/,official
NZL,high,source,access,https://www.healthnz.govt.nz/websites-and-apps/my-health-account/about-my-health-account,news
NZL,high,source,access,https://www.rnz.co.nz/news/crime-and-justice/584053/manage-my-health-data-breach-a-timeline-of-what-happened-and-everything-we-know-so-far,news
NZL,high,source,control,https://www.healthnz.govt.nz/privacy/wider-sharing-of-your-health-information/privacy-shared-digital-health-record,news
NZL,high,source,control,https://www.healthnz.govt.nz/health-professionals/guidance-standards/topic/immunisation/aotearoa-immunisation-register-air/restricted-access-to-records-air,news
NZL,high,source,control,https://sehr.org.nz/frequently-asked-questions/,news
NZL,high,source,control,https://www.healthnz.govt.nz/privacy/wider-sharing-of-your-health-information,news
NZL,high,source,privacy,https://www.privacy.org.nz/tuhono-connect/statements-media-releases/privacy-commissioner-finds-manage-my-health-and-health-nz-breached-privacy-act/,official
NZL,high,source,privacy,https://www.privacy.org.nz/tuhono-connect/statements-media-releases/privacy-commissioner-issues-compliance-notices-to-manage-my-health-and-health-nz/,official
NZL,high,source,privacy,https://www.privacy.org.nz/responsibilities/privacy-breaches/notify-us/evaluate,official
NZL,high,source,privacy,https://iapp.org/news/a/calls-to-strengthen-new-zealand-s-privacy-act-grow-amid-an-increasing-number-of-major-breaches,news
NZL,high,source,commercial,https://www.privacy.org.nz/assets/Codes-of-Practice-2020/Health-Information-Privacy-Code-2020-website-version.pdf,official
NZL,high,source,commercial,https://www.privacy.org.nz/tuhono-connect/statements-media-releases/privacy-commissioner-finds-manage-my-health-and-health-nz-breached-privacy-act/,official
NZL,high,source,commercial,https://iapp.org/news/a/calls-to-strengthen-new-zealand-s-privacy-act-grow-amid-an-increasing-number-of-major-breaches,news
NZL,high,source,journey,https://www.healthnz.govt.nz/news-and-updates/shared-digital-health-record-update-july-2026,news
NZL,high,source,journey,https://www.healthnz.govt.nz/privacy/wider-sharing-of-your-health-information/privacy-shared-digital-health-record,news
NZL,high,source,journey,https://www.healthnz.govt.nz/about-us/what-we-do/programmes-and-initiatives/e-medicines-programme,news
NZL,high,source,journey,https://www.healthnz.govt.nz/about-us/health-data/data-sets-and-collections/national-collections/pharmaceutical-collection,news
NZL,high,source,clinical,https://www.healthnz.govt.nz/privacy/wider-sharing-of-your-health-information,news
NZL,high,source,clinical,https://www.healthnz.govt.nz/privacy/wider-sharing-of-your-health-information/privacy-shared-digital-health-record,news
NZL,high,source,clinical,https://sehr.org.nz/frequently-asked-questions/,news
NZL,high,source,clinical,https://www.privacy.org.nz/assets/Codes-of-Practice-2020/Health-Information-Privacy-Code-2020-website-version.pdf,official
NZL,high,source,research,https://www.privacy.org.nz/assets/Codes-of-Practice-2020/Health-Information-Privacy-Code-2020-website-version.pdf,official
NZL,high,source,research,https://neac.health.govt.nz/national-ethical-standards/part-two/7-informed-consent/,news
NZL,high,source,research,https://www.stats.govt.nz/integrated-data/how-we-keep-integrated-data-safe/,news
NZL,high,source,research,https://www.healthnz.govt.nz/health-professionals/guidance-standards/topic/immunisation/aotearoa-immunisation-register-air/restricted-access-to-records-air,news
NZL,high,source,ai,https://www.medsafe.govt.nz/regulatory/devicesnew/3-2Explanation.asp,news
NZL,high,source,ai,https://www.healthnz.govt.nz/health-professionals/guidance-standards/topic/digital-technologies/using-generative-ai-and-large-language-models,news
NZL,high,source,ai,https://www.healthnz.govt.nz/about-us/who-we-are/expert-groups-and-networks/expert-groups/artificial-intelligence-and-algorithm-expert-advisory-group,news
NZL,high,source,ai,https://www.hinz.org.nz/news/727150/Medical-Products-Bill-to-introduce-risk-based-framework-for-software-and-AI-regulation-.htm,news
NZL,high,law,laws,https://www.privacy.org.nz/responsibilities/privacy-breaches/notify-us/evaluate,official
NZL,high,law,laws,https://www.privacy.org.nz/assets/Codes-of-Practice-2020/Health-Information-Privacy-Code-2020-website-version.pdf,official
NZL,high,law,laws,https://www.privacy.org.nz/assets/Codes-of-Practice-2020/Amendment-No-2-to-Health-Information-Privacy-Code-2020.pdf,official
NZL,high,law,laws,https://www.medsafe.govt.nz/regulatory/devicesnew/3-2Explanation.asp,news
NZL,high,law,laws,https://www.stats.govt.nz/integrated-data/how-we-keep-integrated-data-safe/,news
PHL,medium,source,access,https://lawphil.net/statutes/repacts/ra2012/ra_10173_2012.html,legal_text
PHL,medium,source,access,https://privacy.gov.ph/wp-content/uploads/2026/09/For-Publication-DPCJ-18Sep2026-Draft-Circular-Data-Subjects-Rights.pdf,official
PHL,medium,source,access,https://jrbgh.cagayandeoro.gov.ph/index.php/patients-visitors/patients-safety,official
PHL,medium,source,access,https://astmmc.doh.gov.ph/patients-rights/,official
PHL,medium,source,control,https://lawphil.net/statutes/repacts/ra2012/ra_10173_2012.html,legal_text
PHL,medium,source,control,https://law.upd.edu.ph/wp-content/uploads/2020/07/DOH-AO-No-2020-0030.pdf,news
PHL,medium,source,control,https://lawphil.net/statutes/repacts/ra2019/ra_11223_2019.html,legal_text
PHL,medium,source,privacy,https://lawphil.net/statutes/repacts/ra2012/ra_10173_2012.html,legal_text
PHL,medium,source,privacy,https://privacy.gov.ph/pips-and-pics/breach-reporting/,official
PHL,medium,source,privacy,https://www.gmanetwork.com/news/topstories/nation/912661/2023-philhealth-data-breach-affected-42m-individuals-official/story/,news
PHL,medium,source,privacy,https://mindanews.com/top-stories/2026/09/gensan-hospital-admits-data-breach-after-ransomware-groups-claims/,news
PHL,medium,source,commercial,https://lawphil.net/statutes/repacts/ra2012/ra_10173_2012.html,legal_text
PHL,medium,source,commercial,https://privacy.gov.ph/wp-content/uploads/2023/11/NPC-Circular-No.-2023-04_Guidelines-on-Consent_07Nov2023.pdf,official
PHL,medium,source,journey,https://lawphil.net/statutes/repacts/ra2019/ra_11223_2019.html,legal_text
PHL,medium,source,journey,https://www.philhealth.gov.ph/advisories/2026/PA2026-0040.pdf,official
PHL,medium,source,journey,https://www.philhealth.gov.ph/advisories/2026/PA2026-0038.pdf,official
PHL,medium,source,journey,https://www.upm.edu.ph/cpt_news/philippine-emr-systems-achieve-live-health-data-exchange-at-june-2026-fhir-connectathon-in-aklan/,news
PHL,medium,source,clinical,https://lawphil.net/statutes/repacts/ra2012/ra_10173_2012.html,legal_text
PHL,medium,source,clinical,https://law.upd.edu.ph/wp-content/uploads/2020/07/DOH-AO-No-2020-0030.pdf,news
PHL,medium,source,clinical,https://www.upm.edu.ph/cpt_news/philippine-emr-systems-achieve-live-health-data-exchange-at-june-2026-fhir-connectathon-in-aklan/,news
PHL,medium,source,research,https://lawphil.net/statutes/repacts/ra2012/ra_10173_2012.html,legal_text
PHL,medium,source,research,https://elibrary.judiciary.gov.ph/thebookshelf/showdocs/2/55630,official
PHL,medium,source,research,https://ethics-accreditation.healthresearch.ph/accredited-rec/0/0,news
PHL,medium,source,research,https://lawphil.net/statutes/repacts/ra2019/ra_11223_2019.html,legal_text
PHL,medium,source,ai,https://www.fda.gov.ph/draft-for-comments-guidelines-on-the-regulation-of-medical-device-software-mdsw-by-the-food-and-drug-administration-fda/,official
PHL,medium,source,ai,https://asiaactual.com/blog/philippines-medical-device-software-regulation/,news
PHL,medium,source,ai,https://privacy.gov.ph/wp-content/uploads/2025/02/Advisory-2024.12.19-Guidelines-on-Artificial-Intelligence-w-SGD.pdf,official
PHL,medium,law,laws,https://lawphil.net/statutes/repacts/ra2012/ra_10173_2012.html,legal_text
PHL,medium,law,laws,https://lawphil.net/statutes/repacts/ra2019/ra_11223_2019.html,legal_text
PHL,medium,law,laws,https://lawphil.net/statutes/repacts/ra2025/ra_12254_2025.html,legal_text
PHL,medium,law,laws,https://elibrary.judiciary.gov.ph/thebookshelf/showdocs/2/55630,official
PHL,medium,law,laws,https://law.upd.edu.ph/wp-content/uploads/2020/07/DOH-AO-No-2020-0030.pdf,news
PHL,medium,law,laws,https://privacy.gov.ph/wp-content/uploads/2023/11/NPC-Circular-No.-2023-04_Guidelines-on-Consent_07Nov2023.pdf,official
POL,high,source,access,https://api.sejm.gov.pl/eli/acts/DU/2024/581/text.pdf,official
POL,high,source,access,https://pacjent.gov.pl/internetowe-konto-pacjenta,official
POL,high,source,access,https://www.ezdrowie.gov.pl/portal/artykul/czy-twoi-pacjenci-korzystaja-z-ikp-ulatwia-to-prace-lekarzom,official
POL,high,source,access,https://op.europa.eu/en/publication-detail/-/publication/7de84d62-66d1-11f1-9b18-01aa75ed71a1/language-en,official
POL,high,source,control,https://api.sejm.gov.pl/eli/acts/DU/2026/208/text.pdf,official
POL,high,source,control,https://pacjent.gov.pl/aktualnosc/twoje-dane-medyczne-twoja-wlasnosc,official
POL,high,source,control,https://pacjent.gov.pl/internetowe-konto-pacjenta,official
POL,high,source,control,"https://www.gazetaprawna.pl/biznes/zdrowie/artykuly/11153064,kto-ogladal-nasze-dane-medyczne-nocne-wizyty-na-koncie-pacjenta.html",news
POL,high,source,privacy,https://uodo.gov.pl/pl/138/4585,official
POL,high,source,privacy,https://uodo.gov.pl/pl/138/4570,official
POL,high,source,privacy,https://uodo.gov.pl/pl/138/3933,official
POL,high,source,privacy,https://api.sejm.gov.pl/eli/acts/DU/2019/1781/text.pdf,official
POL,high,source,commercial,https://uodo.gov.pl/pl/file/8051,official
POL,high,source,commercial,https://uokik.gov.pl/mniej-konkurencji-za-to-wiecej-do-zaplaty-za-leki-w-aptece-ponad-900-milionow-zlotych-kar-dla-hurtowni-farmaceutycznych,official
POL,high,source,commercial,https://health.ec.europa.eu/ehealth-digital-health-and-care/european-health-data-space-regulation-ehds_en,official
POL,high,source,journey,https://api.sejm.gov.pl/eli/acts/DU/2026/208/text.pdf,official
POL,high,source,journey,https://www.ezdrowie.gov.pl/portal/artykul/czy-twoi-pacjenci-korzystaja-z-ikp-ulatwia-to-prace-lekarzom,official
POL,high,source,journey,https://op.europa.eu/en/publication-detail/-/publication/7de84d62-66d1-11f1-9b18-01aa75ed71a1/language-en,official
POL,high,source,journey,https://www.ezdrowie.gov.pl/portal/artykul/od-1-sierpnia-centralna-e-rejestracja-rozszerza-sie-o-kolejne-swiadczenia,official
POL,high,source,clinical,https://api.sejm.gov.pl/eli/acts/DU/2026/208/text.pdf,official
POL,high,source,clinical,https://pacjent.gov.pl/aktualnosc/twoje-dane-medyczne-twoja-wlasnosc,official
POL,high,source,clinical,https://pacjent.gov.pl/aktualnosc/twoja-dokumentacja-medyczna-w-mojeikp,official
POL,high,source,clinical,https://op.europa.eu/en/publication-detail/-/publication/7de84d62-66d1-11f1-9b18-01aa75ed71a1/language-en,official
POL,high,source,research,https://api.sejm.gov.pl/eli/acts/DU/2026/208/text.pdf,official
POL,high,source,research,https://uodo.gov.pl/pl/file/6426,official
POL,high,source,research,https://uodo.gov.pl/pl/file/7458,official
POL,high,source,research,https://api.sejm.gov.pl/eli/acts/DU/2023/605/text.pdf,official
POL,high,source,ai,https://api.sejm.gov.pl/eli/acts/DU/2026/1003/text.pdf,official
POL,high,source,ai,https://nil.org.pl/izba/krajowy-zjazd-lekarzy/nadzwyczajny-xvi-krajowy-zjazd-lekarzy/8487-nowelizacja-kodeksu-etyki-lekarskiej-kamien-milowy-dla-srodowiska-lekarskiego,news
POL,high,source,ai,https://api.sejm.gov.pl/eli/acts/DU/2021/1342/text.pdf,official
POL,high,law,laws,https://api.sejm.gov.pl/eli/acts/DU/2024/581/text.pdf,official
POL,high,law,laws,https://api.sejm.gov.pl/eli/acts/DU/2026/208/text.pdf,official
POL,high,law,laws,https://api.sejm.gov.pl/eli/acts/DU/2019/1781/text.pdf,official
POL,high,law,laws,https://api.sejm.gov.pl/eli/acts/DU/2023/605/text.pdf,official
POL,high,law,laws,https://api.sejm.gov.pl/eli/acts/DU/2026/1003/text.pdf,official
POL,high,law,laws,https://eur-lex.europa.eu/eli/reg/2016/679/oj/eng,official
POL,high,law,laws,https://eur-lex.europa.eu/eli/reg/2025/327/oj/eng,official
PRT,high,source,access,https://data.consilium.europa.eu/doc/document/ST-10407-2025-ADD-23/en/pdf,official
PRT,high,source,access,https://www.oecd.org/content/dam/oecd/en/publications/reports/2025/12/country-health-profile-2025-country-notes_7e72146d/portugal_6d4acb43/56041c8e-en.pdf,intergov
PRT,high,source,access,https://www.pgdlisboa.pt/leis/lei_mostra_articulado.php?nid=1660&tabela=leis&ficha=1&pagina=1,official
PRT,high,source,access,https://www.ers.pt/pt/utentes/perguntas-frequentes/faq/direito-de-acesso-a-informacao-de-saude-e-a-protecao-de-dados-pessoais/,official
PRT,high,source,control,https://files.diariodarepublica.pt/1s/2019/08/15100/0000300040.pdf,official
PRT,high,source,control,https://www.acss.min-saude.pt/wp-content/uploads/2016/12/Manual-de-Utilizador-RSE-PCPMACNO_VF.pdf,official
PRT,high,source,control,https://pplware.sapo.pt/internet/sns-24-saiba-quem-teve-acesso-as-suas-informacoes-e-como-gerir-autorizacoes/,news
PRT,high,source,control,https://healthnews.pt/2026/05/22/uls-do-alto-minho-admite-roubo-de-credenciais-medicas-para-aceder-a-dados-de-utentes/,news
PRT,high,source,privacy,https://files.diariodarepublica.pt/1s/2019/08/15100/0000300040.pdf,official
PRT,high,source,privacy,https://eco.sapo.pt/2026/05/26/comissao-nacional-de-protecao-de-dados-averigua-acesso-indevido-a-dados-de-saude/,news
PRT,high,source,privacy,https://healthnews.pt/2026/05/22/uls-do-alto-minho-admite-roubo-de-credenciais-medicas-para-aceder-a-dados-de-utentes/,news
PRT,high,source,privacy,https://www.jornaldenegocios.pt/economia/saude/detalhe/hospital-do-barreiro-multado-em-400-mil-euros-por-nao-proteger-dados-clinicos-dos-doentes,news
PRT,high,source,commercial,https://www.pgdlisboa.pt/leis/lei_mostra_articulado.php?nid=1660&tabela=leis&ficha=1&pagina=1,official
PRT,high,source,commercial,https://www.pgdlisboa.pt/leis/lei_mostra_articulado.php?nid=3478&tabela=leis,official
PRT,high,source,journey,https://www.oecd.org/content/dam/oecd/en/publications/reports/2025/12/country-health-profile-2025-country-notes_7e72146d/portugal_6d4acb43/56041c8e-en.pdf,intergov
PRT,high,source,journey,https://www.acss.min-saude.pt/wp-content/uploads/2016/12/Manual-de-Utilizador-RSE-PCPMACNO_VF.pdf,official
PRT,high,source,journey,https://www.pgdlisboa.pt/leis/lei_mostra_articulado.php?nid=3197&tabela=leis&ficha=1,official
PRT,high,source,clinical,https://www.acss.min-saude.pt/wp-content/uploads/2016/12/Manual-de-Utilizador-RSE-PCPMACNO_VF.pdf,official
PRT,high,source,clinical,https://www.pgdlisboa.pt/leis/lei_mostra_articulado.php?nid=1660&tabela=leis&ficha=1&pagina=1,official
PRT,high,source,clinical,https://www.oecd.org/content/dam/oecd/en/publications/reports/2025/12/country-health-profile-2025-country-notes_7e72146d/portugal_6d4acb43/56041c8e-en.pdf,intergov
PRT,high,source,research,https://www.pgdlisboa.pt/leis/lei_mostra_articulado.php?nid=1660&tabela=leis&ficha=1&pagina=1,official
PRT,high,source,research,https://files.diariodarepublica.pt/1s/2019/08/15100/0000300040.pdf,official
PRT,high,source,research,https://www.pgdlisboa.pt/leis/lei_mostra_articulado.php?nid=2089&tabela=leis,official
PRT,high,source,research,https://health.ec.europa.eu/ehealth-digital-health-and-care/european-health-data-space-regulation-ehds_en,official
PRT,high,source,ai,https://www.ers.pt/pt/atividade/regulamento-da-inteligencia-artificial/,official
PRT,high,source,ai,https://eco.sapo.pt/2025/09/19/anacom-escolhida-pelo-governo-para-regular-inteligencia-artificial-em-portugal/,news
PRT,high,source,ai,https://www.oecd.org/content/dam/oecd/en/publications/reports/2025/12/country-health-profile-2025-country-notes_7e72146d/portugal_6d4acb43/56041c8e-en.pdf,intergov
PRT,high,source,ai,https://www.cuatrecasas.com/en/global/intellectual-property/art/digital-omnibus-ai-has-been-published,law_firm
PRT,high,law,laws,https://www.pgdlisboa.pt/leis/lei_mostra_articulado.php?nid=1660&tabela=leis&ficha=1&pagina=1,official
PRT,high,law,laws,https://files.diariodarepublica.pt/1s/2019/08/15100/0000300040.pdf,official
PRT,high,law,laws,https://www.pgdlisboa.pt/leis/lei_mostra_articulado.php?nid=3197&tabela=leis&ficha=1,official
PRT,high,law,laws,https://www.pgdlisboa.pt/leis/lei_mostra_articulado.php?nid=3478&tabela=leis,official
PRT,high,law,laws,https://www.pgdlisboa.pt/leis/lei_mostra_articulado.php?nid=2089&tabela=leis,official
PRT,high,law,laws,https://health.ec.europa.eu/ehealth-digital-health-and-care/european-health-data-space-regulation-ehds_en,official
PRT,high,law,laws,https://eur-lex.europa.eu/eli/reg/2024/1689/oj,official
ROU,medium,source,access,https://www.juridice.ro/848816/a-fost-lansat-portalul-esanatateamea.html,news
ROU,medium,source,access,https://economedia.ro/cnas-finalizeaza-modernizarea-platformei-informatice-100-de-milioane-de-euro-pentru-un-sistem-care-gestioneaza-anual-sute-de-milioane-de-servicii-medicale.html,news
ROU,medium,source,access,https://spitalnegrestioas.ro/index.php/ro/pagina-pacientului/accesul-pacientului-la-datele-medicale,blog_vendor
ROU,medium,source,access,https://www.avocatnet.ro/articol_68806/Tu-ai-ob%C8%9Binut-acces-la-dosarul-electronic-de-s%C4%83n%C4%83tate-pan%C4%83-acum-Tot-ce-trebuie-s%C4%83-%C8%99tii-despre-acesta-in-2025.html,news
ROU,medium,source,control,https://lege5.ro/Gratuit/gmzdgmjygy2q/dupa-titlul-ix-cardul-european-si-cardul-national-de-asigurari-sociale-de-sanatate-se-introduce-un-nou-titlu-titlul-ix1-dosarul-electronic-de-sanatate-al-pacientului-continand-articolele-3461-34612-cu?dp=gi4dcmrxgaytgny,legal_text
ROU,medium,source,control,https://gazarul.ro/2026/07/16/din-toamna-pacientii-vor-avea-acces-online-la-dosarul-medical-si-isi-vor-putea-face-programari-prin-portalul-e-sanatatea-mea/,news
ROU,medium,source,control,https://www.avocatnet.ro/articol_68806/Tu-ai-ob%C8%9Binut-acces-la-dosarul-electronic-de-s%C4%83n%C4%83tate-pan%C4%83-acum-Tot-ce-trebuie-s%C4%83-%C8%99tii-despre-acesta-in-2025.html,news
ROU,medium,source,privacy,https://www.spitalleordeni.ro/doc/date%20personale/Legea%20nr.%20190%20din%202018.pdf,blog_vendor
ROU,medium,source,privacy,https://www.securityweek.com/ransomware-attack-knocks-100-romanian-hospitals-offline/,news
ROU,medium,source,privacy,https://www.juridice.ro/772254/anspdcp-sanctioneaza-un-centru-medical-2.html,news
ROU,medium,source,commercial,https://www.spitalleordeni.ro/doc/date%20personale/Legea%20nr.%20190%20din%202018.pdf,blog_vendor
ROU,medium,source,commercial,https://www.dataprotection.ro/index.jsp?lang=ro&page=ANSPDCP_a_amendat_Hilmi_Medical_Center,official
ROU,medium,source,journey,https://economedia.ro/cnas-finalizeaza-modernizarea-platformei-informatice-100-de-milioane-de-euro-pentru-un-sistem-care-gestioneaza-anual-sute-de-milioane-de-servicii-medicale.html,news
ROU,medium,source,journey,https://digital-strategy.ec.europa.eu/en/factpages/romania-2025-digital-decade-country-report,official
ROU,medium,source,journey,https://health.ec.europa.eu/ehealth-digital-health-and-care/digital-health-and-care/electronic-cross-border-health-services_en,official
ROU,medium,source,clinical,https://lege5.ro/Gratuit/gmzdgmjygy2q/dupa-titlul-ix-cardul-european-si-cardul-national-de-asigurari-sociale-de-sanatate-se-introduce-un-nou-titlu-titlul-ix1-dosarul-electronic-de-sanatate-al-pacientului-continand-articolele-3461-34612-cu?dp=gi4dcmrxgaytgny,legal_text
ROU,medium,source,clinical,https://www.avocatnet.ro/articol_68806/Tu-ai-ob%C8%9Binut-acces-la-dosarul-electronic-de-s%C4%83n%C4%83tate-pan%C4%83-acum-Tot-ce-trebuie-s%C4%83-%C8%99tii-despre-acesta-in-2025.html,news
ROU,medium,source,clinical,https://agerpres.ro/sanatate/2026/03/31/seful-cnas-dosarul-electronic-de-sanatate-va-fi-disponibil-pentru-fiecare-pacient-incepand-cu-vara-a--1542731,news
ROU,medium,source,clinical,https://gazarul.ro/2026/07/16/din-toamna-pacientii-vor-avea-acces-online-la-dosarul-medical-si-isi-vor-putea-face-programari-prin-portalul-e-sanatatea-mea/,news
ROU,medium,source,research,https://lege5.ro/Gratuit/gmzdgmjygy2q/dupa-titlul-ix-cardul-european-si-cardul-national-de-asigurari-sociale-de-sanatate-se-introduce-un-nou-titlu-titlul-ix1-dosarul-electronic-de-sanatate-al-pacientului-continand-articolele-3461-34612-cu?dp=gi4dcmrxgaytgny,legal_text
ROU,medium,source,research,https://www.anm.ro/regulament-studii-clinice-sistem-informatic-pentru-studii-clinice/,official
ROU,medium,source,research,https://evz.ro/ce-se-intampla-cu-datele-tale-medicale-dupa-digitalizare-frica-legitima-si-ce-spun-documentele-oficiale.html,news
ROU,medium,source,ai,https://www.ancom.ro/en/about-us/media-en/press-releases/artificial-intelligence-act-in-romania-current-state-of-the-implementation-framework/,official
ROU,medium,law,laws,https://eur-lex.europa.eu/eli/reg/2016/679/oj/eng,official
ROU,medium,law,laws,https://www.spitalleordeni.ro/doc/date%20personale/Legea%20nr.%20190%20din%202018.pdf,blog_vendor
ROU,medium,law,laws,https://legislatie.just.ro/Public/DetaliiDocument/41483,official
ROU,medium,law,laws,https://lege5.ro/Gratuit/gmzdgmjygy2q/dupa-titlul-ix-cardul-european-si-cardul-national-de-asigurari-sociale-de-sanatate-se-introduce-un-nou-titlu-titlul-ix1-dosarul-electronic-de-sanatate-al-pacientului-continand-articolele-3461-34612-cu?dp=gi4dcmrxgaytgny,legal_text
ROU,medium,law,laws,https://eur-lex.europa.eu/eli/reg/2025/327/oj/eng,official
ROU,medium,law,laws,https://eur-lex.europa.eu/eli/reg/2024/1689/oj/eng,official
RUS,medium,source,access,https://www.consultant.ru/document/cons_doc_LAW_121895/d2872d82b3b26ca307971f590ce02dd37f71cafc/,legal_text
RUS,medium,source,access,https://kholmskcrb.gosuslugi.ru/novosti/vyvedeny-32-vida-elektronnyh-meditsinskih-dokumentov.html,blog_vendor
RUS,medium,source,access,https://www.consultant.ru/law/hotdocs/64775.html,legal_text
RUS,medium,source,access,https://medvestnik.ru/content/news/minzdrav-rf-podgotovil-proekt-novogo-poryadka-vedeniya-medicinskoi-dokumentacii.html,news
RUS,medium,source,control,https://sudact.ru/law/federalnyi-zakon-ot-21112011-n-323-fz-ob/glava-2/statia-13/,legal_text
RUS,medium,source,control,https://medrate.ru/posts/zakonno-li-brat-s-pacienta-otkaz-ot-peredachi-dannyh-v-egisz-otvet-roszdravnadzora.html,blog_vendor
RUS,medium,source,control,https://www.klerk.ru/buh/news/696717/,news
RUS,medium,source,privacy,https://www.klerk.ru/cdoc/view/3b8e926083fc0bd01959f782189eeea9/stata-10-specialnye-kategorii-personalnyh-dannyh/,news
RUS,medium,source,privacy,https://www.consultant.ru/legalnews/28492/,legal_text
RUS,medium,source,privacy,https://sudact.ru/law/federalnyi-zakon-ot-21112011-n-323-fz-ob/glava-2/statia-13/,legal_text
RUS,medium,source,privacy,https://safe.cnews.ru/news/line/2026-07-03_perspektivnyj_monitoring,news
RUS,medium,source,commercial,https://www.klerk.ru/cdoc/view/3b8e926083fc0bd01959f782189eeea9/stata-10-specialnye-kategorii-personalnyh-dannyh/,news
RUS,medium,source,commercial,https://www.anti-malware.ru/analytics/Technology_Analysis/Depersonalization-of-personal-data-in-Russia-2025,news
RUS,medium,source,commercial,https://gxpnews.net/2026/09/farmbiznes-predlozhil-ispolzovat-obezlichennye-meddannye-rossiyan-radi-novyh-lekarstv/,news
RUS,medium,source,commercial,https://safe.cnews.ru/news/line/2026-07-03_perspektivnyj_monitoring,news
RUS,medium,source,journey,https://rg.ru/documents/2022/02/15/pravitelstvo-post140-site-dok.html,official
RUS,medium,source,journey,https://medvestnik.ru/content/news/minzdrav-rf-podgotovil-proekt-novogo-poryadka-vedeniya-medicinskoi-dokumentacii.html,news
RUS,medium,source,journey,https://www.vademec.ru/news/2026/07/27/minzdrav-predlozhil-eksperiment-po-tsentralizovannomu-uchetu-elektronnykh-retseptov/,news
RUS,medium,source,clinical,https://sudact.ru/law/federalnyi-zakon-ot-21112011-n-323-fz-ob/glava-2/statia-13/,legal_text
RUS,medium,source,clinical,https://rg.ru/documents/2022/02/15/pravitelstvo-post140-site-dok.html,official
RUS,medium,source,research,https://www.consultant.ru/document/cons_doc_LAW_99350/9570de6d7195a78722b0b5efdcf4fa9a90c54557/,legal_text
RUS,medium,source,research,https://medvestnik.ru/content/news/Minzdrav-otkryl-razrabotchikam-iskusstvennogo-intellekta-dostup-k-datasetam-iz-elektronnyh-medkart.html,news
RUS,medium,source,ai,https://www.consultant.ru/law/hotdocs/95007.html,legal_text
RUS,medium,source,ai,https://www.comnews.ru/content/247569/2026-09-28/2026-w40/1007/razrabotchik-medizdeliy-iskusstvennym-intellektom-poprosil-ne-prichislyat-ikh-avtomaticheski-k-tretemu-klassu-riska,news
RUS,medium,source,ai,https://meditex.ru/news_all/UtverzhdenporyadokavtomaticheskoyperedachidannykhomedizdeliyakhsIIvinformatsionnuyusistemuRoszdravna/,blog_vendor
RUS,medium,source,ai,https://www.vedomosti.ru/technology/news/2026/08/18/1221917-rossii-zaregistrirovali,news
RUS,medium,law,laws,https://www.consultant.ru/document/cons_doc_LAW_121895/d2872d82b3b26ca307971f590ce02dd37f71cafc/,legal_text
RUS,medium,law,laws,https://www.klerk.ru/cdoc/view/3b8e926083fc0bd01959f782189eeea9/stata-10-specialnye-kategorii-personalnyh-dannyh/,news
RUS,medium,law,laws,https://rg.ru/documents/2022/02/15/pravitelstvo-post140-site-dok.html,official
RUS,medium,law,laws,https://www.consultant.ru/document/cons_doc_LAW_99350/9570de6d7195a78722b0b5efdcf4fa9a90c54557/,legal_text
RUS,medium,law,laws,https://www.consultant.ru/legalnews/28492/,legal_text
RUS,medium,law,laws,https://www.consultant.ru/law/hotdocs/95007.html,legal_text
RWA,medium,source,access,https://www.minijust.gov.rw/index.php?eID=dumpFile&f=144155&t=f&token=75e63fc504481c93e1ed017130c13b4c35f3935e,official
RWA,medium,source,access,https://rwandalii.org/akn/rw/act/law/2021/58/eng@2021-10-15,news
RWA,medium,source,access,https://www.moh.gov.rw/index.php?eID=dumpFile&t=f&f=117507&token=f2a527e089201f73bec29f8ce6d6c4dc55ed241e,official
RWA,medium,source,access,https://www.ktpress.rw/2026/09/five-years-on-rwanda-is-leading-the-edge-of-digital-health-in-africa/,news
RWA,medium,source,control,https://rwandalii.org/akn/rw/act/law/2021/58/eng@2021-10-15,news
RWA,medium,source,control,https://www.minijust.gov.rw/index.php?eID=dumpFile&f=144155&t=f&token=75e63fc504481c93e1ed017130c13b4c35f3935e,official
RWA,medium,source,control,https://ciichin.org/wp-content/uploads/2025/01/Rwanda-Health-Information-System-Ecosystem-RHIE-Achievement-over-last-Three-years-Full-Report.pdf,news
RWA,medium,source,privacy,https://rwandalii.org/akn/rw/act/law/2021/58/eng@2021-10-15,news
RWA,medium,source,privacy,https://www.minijust.gov.rw/index.php?eID=dumpFile&f=144155&t=f&token=75e63fc504481c93e1ed017130c13b4c35f3935e,official
RWA,medium,source,privacy,https://dpo.gov.rw/news-and-updates/news/article/what-to-do-after-you-register-with-ncsa,official
RWA,medium,source,privacy,https://commission.europa.eu/law/law-topic/data-protection/international-dimension-data-protection/adequacy-decisions_en,official
RWA,medium,source,commercial,https://rwandalii.org/akn/rw/act/law/2021/58/eng@2021-10-15,news
RWA,medium,source,commercial,https://www.minijust.gov.rw/index.php?eID=dumpFile&f=144155&t=f&token=75e63fc504481c93e1ed017130c13b4c35f3935e,official
RWA,medium,source,journey,https://www.moh.gov.rw/index.php?eID=dumpFile&t=f&f=117507&token=f2a527e089201f73bec29f8ce6d6c4dc55ed241e,official
RWA,medium,source,journey,https://voiceofafrica.rw/2025/05/08/ikoranabuhanga-rya-e-ubuzima-riratangira-gukoreshwa-hose-bitarenze-2025/,news
RWA,medium,source,journey,https://rssb.rw/schemes/cbhi-scheme,news
RWA,medium,source,journey,https://www.moh.gov.rw/news-detail/new-health-intelligence-center-to-drive-real-time-evidence-based-decisions,official
RWA,medium,source,clinical,https://ciichin.org/wp-content/uploads/2025/01/Rwanda-Health-Information-System-Ecosystem-RHIE-Achievement-over-last-Three-years-Full-Report.pdf,news
RWA,medium,source,clinical,https://allafrica.com/stories/202607210078.html,news
RWA,medium,source,clinical,https://www.moh.gov.rw/index.php?eID=dumpFile&t=f&f=117507&token=f2a527e089201f73bec29f8ce6d6c4dc55ed241e,official
RWA,medium,source,research,https://rwandalii.org/akn/rw/act/law/2022/15/eng@2022-08-12,news
RWA,medium,source,research,https://www.minijust.gov.rw/index.php?eID=dumpFile&f=144155&t=f&token=75e63fc504481c93e1ed017130c13b4c35f3935e,official
RWA,medium,source,research,https://rwandalii.org/akn/rw/act/law/2021/58/eng@2021-10-15,news
RWA,medium,source,research,https://www.moh.gov.rw/news-detail/new-health-intelligence-center-to-drive-real-time-evidence-based-decisions,official
RWA,medium,source,ai,https://web.archive.org/web/20260107064605/https://rwandafda.gov.rw/monitoring-tool/documents-management/uploads/1/Guidelines/1767694227_Guidelines%20for%20Review%20and%20Approval%20of%20Software%20as%20Medical%20Devices%20(SaMD)_December%202025.pdf,official
RWA,medium,source,ai,https://monitoring.rwandafda.gov.rw/stakeholders/,official
RWA,medium,source,ai,https://www.minict.gov.rw/fileadmin/user_upload/minict_user_upload/Documents/Policies/Artificial_Intelligence_Policy.pdf,official
RWA,medium,source,ai,https://allafrica.com/stories/202607210078.html,news
RWA,medium,law,laws,https://rwandalii.org/akn/rw/act/law/2021/58/eng@2021-10-15,news
RWA,medium,law,laws,https://www.minijust.gov.rw/index.php?eID=dumpFile&f=144155&t=f&token=75e63fc504481c93e1ed017130c13b4c35f3935e,official
RWA,medium,law,laws,https://rwandalii.org/akn/rw/act/law/2022/15/eng@2022-08-12,news
RWA,medium,law,laws,https://monitoring.rwandafda.gov.rw/stakeholders/,official
RWA,medium,law,laws,https://www.minict.gov.rw/fileadmin/user_upload/minict_user_upload/Documents/Policies/Artificial_Intelligence_Policy.pdf,official
SAU,medium,source,access,https://dgp.sdaia.gov.sa/wps/portal/pdp/knowledgecenter/details/PDPL,official
SAU,medium,source,access,https://www.uqn.gov.sa/details?p=23595,official
SAU,medium,source,access,https://sehhaty.sa/pages/privacy-policy-en.html,news
SAU,medium,source,access,https://www.moh.gov.sa/ministry/mediacenter/news/pages/news-2026-06-20-001.aspx,official
SAU,medium,source,control,https://www.moh.gov.sa/en/Ministry/ehealthstd/Documents/eHealth%20Standards%20Files/Policies/IS0303%20Saudi%20Health%20Information%20Exchange%20Policies%20v1.0.pdf,official
SAU,medium,source,control,https://sehhaty.sa/pages/privacy-policy-en.html,news
SAU,medium,source,control,https://www.uqn.gov.sa/details?p=23595,official
SAU,medium,source,privacy,https://dgp.sdaia.gov.sa/wps/portal/pdp/knowledgecenter/details/PDPL,official
SAU,medium,source,privacy,https://www.okaz.com.sa/local/na/2254837,news
SAU,medium,source,privacy,https://sdaia.gov.sa/ar/SDAIA/about/Pages/About.aspx,official
SAU,medium,source,privacy,https://commission.europa.eu/law/law-topic/data-protection/international-dimension-data-protection/adequacy-decisions_en,official
SAU,medium,source,commercial,https://dgp.sdaia.gov.sa/wps/portal/pdp/knowledgecenter/details/PDPL,official
SAU,medium,source,commercial,https://www.moh.gov.sa/en/Ministry/ehealthstd/Documents/eHealth%20Standards%20Files/Policies/IS0303%20Saudi%20Health%20Information%20Exchange%20Policies%20v1.0.pdf,official
SAU,medium,source,commercial,https://www.okaz.com.sa/local/na/2254837,news
SAU,medium,source,commercial,https://sehhaty.sa/pages/privacy-policy-en.html,news
SAU,medium,source,journey,https://www.moh.gov.sa/ministry/mediacenter/news/pages/news-2025-01-26-001.aspx,official
SAU,medium,source,journey,https://web.archive.org/web/20250710005755/https://nphies.sa/,news
SAU,medium,source,journey,https://www.alwatan.com.sa/article/1183044,news
SAU,medium,source,journey,https://www.moh.gov.sa/ministry/mediacenter/news/pages/news-2026-06-20-001.aspx,official
SAU,medium,source,clinical,https://www.moh.gov.sa/en/Ministry/ehealthstd/Documents/eHealth%20Standards%20Files/Policies/IS0303%20Saudi%20Health%20Information%20Exchange%20Policies%20v1.0.pdf,official
SAU,medium,source,clinical,https://sehhaty.sa/pages/privacy-policy-en.html,news
SAU,medium,source,clinical,https://web.archive.org/web/20250710005755/https://nphies.sa/,news
SAU,medium,source,research,https://dgp.sdaia.gov.sa/wps/portal/pdp/knowledgecenter/details/PDPL,official
SAU,medium,source,research,https://www.moh.gov.sa/en/Ministry/ehealthstd/Documents/eHealth%20Standards%20Files/Policies/IS0303%20Saudi%20Health%20Information%20Exchange%20Policies%20v1.0.pdf,official
SAU,medium,source,research,https://www.psau.edu.sa/drgs//sitesuploads/drgs/2025-10/%D8%A7%D9%84%D9%84%D8%A7%D8%A6%D8%AD%D8%A9%20%D8%A7%D9%84%D8%AA%D9%86%D9%81%D9%8A%D8%B0%D9%8A%D8%A9%20%D9%84%D9%86%D8%B8%D8%A7%D9%85%20%D8%A3%D8%AE%D9%84%D8%A7%D9%82%D9%8A%D8%A7%D8%AA%20%D8%A7%D9%84%D8%A8%D8%AD%D9%88%D8%AB%20%D8%B9%D9%84%D9%89%20%D8%A7%D9%84%D9%85%D8%AE%D9%84%D9%88%D9%82%D8%A7%D8%AA%20%D8%A7%D9%84%D8%AD%D9%8A%D8%A9.pdf,news
SAU,medium,source,research,https://sehhaty.sa/pages/privacy-policy-en.html,news
SAU,medium,source,ai,https://www.sfda.gov.sa/sites/default/files/2023-01/MDS-G010ML.pdf,official
SAU,medium,source,ai,https://sfda.gov.sa/sites/default/files/2026-08/MDS-G027_0.pdf,official
SAU,medium,source,ai,https://www.arabnews.com/node/2648143/saudi-arabia,news
SAU,medium,source,ai,https://sdaia.gov.sa/en/SDAIA/about/Documents/ai-principles.pdf,official
SAU,medium,law,laws,https://dgp.sdaia.gov.sa/wps/portal/pdp/knowledgecenter/details/PDPL,official
SAU,medium,law,laws,https://www.uqn.gov.sa/details?p=23595,official
SAU,medium,law,laws,https://www.moh.gov.sa/en/Ministry/ehealthstd/Documents/eHealth%20Standards%20Files/Policies/IS0303%20Saudi%20Health%20Information%20Exchange%20Policies%20v1.0.pdf,official
SAU,medium,law,laws,https://www.psau.edu.sa/drgs//sitesuploads/drgs/2025-10/%D8%A7%D9%84%D9%84%D8%A7%D8%A6%D8%AD%D8%A9%20%D8%A7%D9%84%D8%AA%D9%86%D9%81%D9%8A%D8%B0%D9%8A%D8%A9%20%D9%84%D9%86%D8%B8%D8%A7%D9%85%20%D8%A3%D8%AE%D9%84%D8%A7%D9%82%D9%8A%D8%A7%D8%AA%20%D8%A7%D9%84%D8%A8%D8%AD%D9%88%D8%AB%20%D8%B9%D9%84%D9%89%20%D8%A7%D9%84%D9%85%D8%AE%D9%84%D9%88%D9%82%D8%A7%D8%AA%20%D8%A7%D9%84%D8%AD%D9%8A%D8%A9.pdf,news
SAU,medium,law,laws,https://www.sfda.gov.sa/sites/default/files/2023-01/MDS-G010ML.pdf,official
SAU,medium,law,laws,https://sfda.gov.sa/sites/default/files/2026-08/MDS-G027_0.pdf,official
SGP,high,source,access,https://www.synapxe.sg/healthtech/national-programmes/national-electronic-health-record-nehr/faq,official
SGP,high,source,access,https://www.healthinfo.gov.sg/hia/,official
SGP,high,source,access,https://www.pdpc.gov.sg/-/media/files/pdpc/pdf-files/advisory-guidelines/advisory-guidelines-for-the-healthcare-sector-sep-2023.pdf,official
SGP,high,source,access,https://sso.agc.gov.sg/Act/PDPA2012,official
SGP,high,source,control,https://sso.agc.gov.sg/Act/HIA2026/Uncommenced/20260624040946?DocDate=20260212,official
SGP,high,source,control,https://www.healthinfo.gov.sg/hia/,official
SGP,high,source,control,https://www.synapxe.sg/healthtech/national-programmes/national-electronic-health-record-nehr/faq,official
SGP,high,source,control,https://www.moh.gov.sg/newsroom/health-information-bill-to-support-coordinated-care-across-singapore-s-healthcare-ecosystem/,official
SGP,high,source,privacy,https://www.pdpc.gov.sg/-/media/Files/PDPC/PDF-Files/Commissions-Decisions/Grounds-of-Decision---SingHealth-IHiS---150119.pdf,official
SGP,high,source,privacy,https://sso.agc.gov.sg/Act/PDPA2012,official
SGP,high,source,privacy,https://sso.agc.gov.sg/Act/HIA2026/Uncommenced/20260624040946?DocDate=20260212,official
SGP,high,source,privacy,https://www.straitstimes.com/singapore/health/added-safeguards-for-medical-records-that-are-more-sensitive-such-as-mental-health-conditions-moh,news
SGP,high,source,commercial,https://www.moh.gov.sg/newsroom/health-information-bill-to-support-coordinated-care-across-singapore-s-healthcare-ecosystem/,official
SGP,high,source,commercial,https://www.straitstimes.com/singapore/health/patients-need-to-be-notified-and-consent-sought-for-sharing-of-relevant-information-with-insurers,news
SGP,high,source,commercial,https://www.moh.gov.sg/others/resources-and-statistics/moratorium-on-genetic-testing-and-insurance/,official
SGP,high,source,commercial,https://www.pdpc.gov.sg/-/media/files/pdpc/pdf-files/advisory-guidelines/advisory-guidelines-for-the-healthcare-sector-sep-2023.pdf,official
SGP,high,source,journey,https://www.moh.gov.sg/newsroom/health-information-bill-to-support-coordinated-care-across-singapore-s-healthcare-ecosystem/,official
SGP,high,source,journey,https://www.straitstimes.com/singapore/politics/all-healthcare-service-providers-must-contribute-and-share-patients-key-health-information,news
SGP,high,source,journey,https://www.healthinfo.gov.sg/hia/,official
SGP,high,source,clinical,https://www.moh.gov.sg/newsroom/health-information-bill-to-support-coordinated-care-across-singapore-s-healthcare-ecosystem/,official
SGP,high,source,clinical,https://sso.agc.gov.sg/Act/HIA2026/Uncommenced/20260624040946?DocDate=20260212,official
SGP,high,source,clinical,https://www.straitstimes.com/singapore/health/added-safeguards-for-medical-records-that-are-more-sensitive-such-as-mental-health-conditions-moh,news
SGP,high,source,research,https://sso.agc.gov.sg/Act/HIA2026/Uncommenced/20260624040946?DocDate=20260212,official
SGP,high,source,research,https://www.synapxe.sg/healthtech/national-programmes/national-electronic-health-record-nehr/faq,official
SGP,high,source,research,https://www.moh.gov.sg/others/health-regulation/regulation-of-human-biomedical-research/,official
SGP,high,source,research,https://www.trustplatform.sg/about-us/how-trust-ensures-data-is-safe/,news
SGP,high,source,ai,https://isomer-user-content.by.gov.sg/409/26808a93-6a7a-4551-8c66-13046c6124c5/gl-04-r4-regulatory-guidelines-for-software-medical-devices---a-life-cycle-approach-(2025-dec)-pub.pdf,official
SGP,high,source,ai,https://isomer-user-content.by.gov.sg/3/23fb5b36-56b4-4abb-9370-75c9ddcaf3ed/AIHGle%202.0.pdf,official
SGP,high,source,ai,https://www.bakermckenzie.com/en/insight/publications/2026/03/singapore-moh-and-hsa-launch-refreshed-ai-in-healthcare-guidelines,law_firm
SGP,high,law,laws,https://sso.agc.gov.sg/Act/HIA2026/Uncommenced/20260624040946?DocDate=20260212,official
SGP,high,law,laws,https://sso.agc.gov.sg/Act/PDPA2012,official
SGP,high,law,laws,https://sso.agc.gov.sg/Act/HBRA2015,official
SGP,high,law,laws,https://isomer-user-content.by.gov.sg/409/26808a93-6a7a-4551-8c66-13046c6124c5/gl-04-r4-regulatory-guidelines-for-software-medical-devices---a-life-cycle-approach-(2025-dec)-pub.pdf,official
SGP,high,law,laws,https://isomer-user-content.by.gov.sg/3/23fb5b36-56b4-4abb-9370-75c9ddcaf3ed/AIHGle%202.0.pdf,official
SGP,high,law,laws,https://www.moh.gov.sg/others/resources-and-statistics/moratorium-on-genetic-testing-and-insurance/,official
SVK,medium,source,access,https://www.slov-lex.sk/ezbierky/pravne-predpisy/SK/ZZ/2004/576/,official
SVK,medium,source,access,https://www.slov-lex.sk/ezbierky/pravne-predpisy/SK/ZZ/2013/153/,official
SVK,medium,source,access,https://www.ezdravotnictvo.sk/en/-/pristup-do-elektronickej-zdravotnej-knizky,official
SVK,medium,source,control,https://www.slov-lex.sk/ezbierky/pravne-predpisy/SK/ZZ/2013/153/,official
SVK,medium,source,control,https://www.slov-lex.sk/ezbierky/pravne-predpisy/SK/ZZ/2004/576/,official
SVK,medium,source,control,https://www.ezdravotnictvo.sk/en/-/pristup-do-elektronickej-zdravotnej-knizky,official
SVK,medium,source,control,https://www.nahradaskody.sk/clanky/zdravotna-dokumentacia/mozem-ako-pacient-zakazat-pristup-do-svojej-zdravotnej-dokumentacie/,law_firm
SVK,medium,source,privacy,https://dataprotection.gov.sk/files/annual-reports/uoou_sprava-stave-ochrany-osobnych-udajov_2025.pdf,official
SVK,medium,source,privacy,https://dataprotection.gov.sk/sk/aktuality/cef-2026-spolocna-dozorova-akcia-edpb-zamerana-transparentnost-informovania-do-ktorej-urad-ochranu-osobnych-udajov-sl.html,official
SVK,medium,source,privacy,https://www.slov-lex.sk/ezbierky/pravne-predpisy/SK/ZZ/2013/153/,official
SVK,medium,source,privacy,https://www.slov-lex.sk/ezbierky/pravne-predpisy/SK/ZZ/2004/576/,official
SVK,medium,source,commercial,https://eur-lex.europa.eu/eli/reg/2016/679/oj/eng,official
SVK,medium,source,commercial,https://www.slov-lex.sk/ezbierky/pravne-predpisy/SK/ZZ/2013/153/,official
SVK,medium,source,commercial,https://health.ec.europa.eu/ehealth-digital-health-and-care/european-health-data-space-regulation-ehds_en,official
SVK,medium,source,journey,https://www.nczisk.sk/Documents/download/vyrocna_sprava_NCZI_2025.pdf,official
SVK,medium,source,journey,https://www.nczisk.sk/AKTUALITY/Pages/Zmena-pravidiel-vo-vykazovani-zdravotnej-starostlivosti-od-1-jula-2026.aspx,official
SVK,medium,source,journey,https://www.ezdravotnictvo.sk/en/functions,official
SVK,medium,source,clinical,https://www.slov-lex.sk/ezbierky/pravne-predpisy/SK/ZZ/2013/153/,official
SVK,medium,source,clinical,https://www.nczisk.sk/Documents/download/vyrocna_sprava_NCZI_2025.pdf,official
SVK,medium,source,research,https://www.slov-lex.sk/ezbierky/pravne-predpisy/SK/ZZ/2013/153/,official
SVK,medium,source,research,https://www.nczisk.sk/Documents/download/vyrocna_sprava_NCZI_2025.pdf,official
SVK,medium,source,research,https://health.ec.europa.eu/ehealth-digital-health-and-care/european-health-data-space-regulation-ehds_en,official
SVK,medium,source,ai,https://digital-strategy.ec.europa.eu/en/policies/regulatory-framework-ai,official
SVK,medium,source,ai,https://openiazoch.zoznam.sk/technologie/dohlad-nad-umelou-inteligenciou-preberie-mirri-poslanci-posunuli-zakon-dalej/,news
SVK,medium,law,laws,https://www.slov-lex.sk/ezbierky/pravne-predpisy/SK/ZZ/2013/153/,official
SVK,medium,law,laws,https://www.slov-lex.sk/ezbierky/pravne-predpisy/SK/ZZ/2004/576/,official
SVK,medium,law,laws,https://www.slov-lex.sk/ezbierky/pravne-predpisy/SK/ZZ/2018/18/,official
SVK,medium,law,laws,https://eur-lex.europa.eu/eli/reg/2016/679/oj/eng,official
SVK,medium,law,laws,https://eur-lex.europa.eu/eli/reg/2025/327/oj/eng,official
SVN,medium,source,access,https://zakonodaja.com/zakon/zpacp/41-clen-nacin-seznanitve-z-zdravstveno-dokumentacijo,legal_text
SVN,medium,source,access,https://nijz.si/informatika-v-zdravstvu/ezdravje/portal-in-mobilna-aplikacija-zvem-vase-zdravje-na-dosegu-roke/,official
SVN,medium,source,access,https://podpora.ezdrav.si/faq/kateri-izvajalci-zdravstvene-dejavnosti-posredujejo-podatke-v-crpp/,official
SVN,medium,source,control,https://www.uradni-list.si/glasilo-uradni-list-rs/vsebina/2015-01-1933?sop=2015-01-1933,official
SVN,medium,source,control,https://podpora.ezdrav.si/faq/na-kaksen-nacin-lahko-prepovem-vpogled-v-svoj-povzetek-podatkov-o-pacientu/,official
SVN,medium,source,control,https://podpora.ezdrav.si/faq/na-koga-naj-se-obrnem-za-natancnejse-podatke-o-vpogledih-v-svojo-zdravstveno-dokumentacijo-ali-lahko-pridobim-poimenske-podatke-oseb-zdravstvenih-delavcev-ki-dostopajo-do-mojih-podatkov/,official
SVN,medium,source,control,https://podpora.ezdrav.si/faq/kateri-zdravstveni-delavci-imajo-vpogled-v-crpp-in-pod-kaksnimi-pogoji/,official
SVN,medium,source,privacy,https://www.uradni-list.si/glasilo-uradni-list-rs/vsebina/2022-01-4187?sop=2022-01-4187,official
SVN,medium,source,privacy,https://www.24ur.com/novice/slovenija/malomarno-ravnanje-obcutljivi-podatki-bolnikov-v-smeteh.html,news
SVN,medium,source,privacy,https://zakonodaja.com/zakon/zpacp/41-clen-nacin-seznanitve-z-zdravstveno-dokumentacijo,legal_text
SVN,medium,source,commercial,https://health.ec.europa.eu/ehealth-digital-health-and-care/european-health-data-space-regulation-ehds_en,official
SVN,medium,source,commercial,https://commission.europa.eu/law/law-topic/data-protection_en,official
SVN,medium,source,commercial,https://www.uradni-list.si/glasilo-uradni-list-rs/vsebina/2022-01-4187?sop=2022-01-4187,official
SVN,medium,source,journey,https://ezdrav.si/en/ehealth/,official
SVN,medium,source,journey,https://podpora.ezdrav.si/faq/kateri-izvajalci-zdravstvene-dejavnosti-posredujejo-podatke-v-crpp/,official
SVN,medium,source,journey,https://n1info.si/novice/slovenija/elektronska-komunikacija-z-zdravnikom-po-novem-kaj-moram-storiti/,news
SVN,medium,source,journey,https://health.ec.europa.eu/ehealth-digital-health-and-care/digital-health-and-care/electronic-cross-border-health-services/patient-information-notices-slovenia_en,official
SVN,medium,source,clinical,https://podpora.ezdrav.si/faq/kateri-zdravstveni-delavci-imajo-vpogled-v-crpp-in-pod-kaksnimi-pogoji/,official
SVN,medium,source,clinical,https://podpora.ezdrav.si/faq/na-kaksen-nacin-lahko-zdravnik-pridobi-dostop-do-dokumentacije-v-izrednih-primerih/,official
SVN,medium,source,clinical,https://www.uradni-list.si/glasilo-uradni-list-rs/vsebina/2015-01-1933?sop=2015-01-1933,official
SVN,medium,source,research,https://www.uradni-list.si/glasilo-uradni-list-rs/vsebina/2022-01-4187?sop=2022-01-4187,official
SVN,medium,source,research,https://nijz.si/projekti/podpora-institucijam-za-dostop-do-zdravstvenih-podatkov-v-sloveniji/,official
SVN,medium,source,research,https://health.ec.europa.eu/ehealth-digital-health-and-care/european-health-data-space-regulation-ehds_en,official
SVN,medium,source,ai,https://www.uradni-list.si/glasilo-uradni-list-rs/vsebina/2025-01-3035/zakon-o-izvajanju-uredbe-eu-o-dolocitvi-harmoniziranih-pravil-o-umetni-inteligenci-ziudhpui,official
SVN,medium,source,ai,https://www.jadek-pensa.si/kaj-prinasa-zakon-o-izvajanju-akta-o-umetni-inteligenci/,law_firm
SVN,medium,source,ai,https://digital-strategy.ec.europa.eu/en/policies/regulatory-framework-ai,official
SVN,medium,law,laws,https://zakonodaja.com/zakon/zpacp/41-clen-nacin-seznanitve-z-zdravstveno-dokumentacijo,legal_text
SVN,medium,law,laws,https://www.uradni-list.si/glasilo-uradni-list-rs/vsebina/2015-01-1933?sop=2015-01-1933,official
SVN,medium,law,laws,https://www.uradni-list.si/glasilo-uradni-list-rs/vsebina/2022-01-4187?sop=2022-01-4187,official
SVN,medium,law,laws,https://www.uradni-list.si/glasilo-uradni-list-rs/vsebina/2025-01-3035/zakon-o-izvajanju-uredbe-eu-o-dolocitvi-harmoniziranih-pravil-o-umetni-inteligenci-ziudhpui,official
SVN,medium,law,laws,https://commission.europa.eu/law/law-topic/data-protection_en,official
SVN,medium,law,laws,https://health.ec.europa.eu/ehealth-digital-health-and-care/european-health-data-space-regulation-ehds_en,official
SVN,medium,law,laws,https://digital-strategy.ec.europa.eu/en/policies/regulatory-framework-ai,official
SWE,high,source,access,https://www.riksdagen.se/sv/dokument-och-lagar/dokument/svensk-forfattningssamling/patientdatalag-2008355_sfs-2008-355/,news
SWE,high,source,access,https://www.inera.se/tjanster/journalen/,official
SWE,high,source,access,https://op.europa.eu/en/publication-detail/-/publication/53637948-66ce-11f1-9b18-01aa75ed71a1/language-en,official
SWE,high,source,access,https://inera.atlassian.net/wiki/spaces/OIJ/pages/442106604,news
SWE,high,source,control,https://www.riksdagen.se/sv/dokument-och-lagar/dokument/svensk-forfattningssamling/lag-2022913-om-sammanhallen-vard-och_sfs-2022-913/,news
SWE,high,source,control,https://www.riksdagen.se/sv/dokument-och-lagar/dokument/svensk-forfattningssamling/patientdatalag-2008355_sfs-2008-355/,news
SWE,high,source,control,https://www.1177.se/sa-fungerar-varden/sa-skyddas-och-hanteras-dina-uppgifter/din-journal/,official
SWE,high,source,control,https://www.regeringen.se/rattsliga-dokument/departementsserien-och-promemorior/2026/06/ett-forsta-steg-i-genomforandet-av-en-nationell-digital-infrastruktur-pa-halsodataomradet/,official
SWE,high,source,privacy,https://www.riksdagen.se/sv/dokument-och-lagar/dokument/svensk-forfattningssamling/lag-2018218-med-kompletterande-bestammelser_sfs-2018-218/,news
SWE,high,source,privacy,https://lakartidningen.se/nyheter/regioner-och-sjukhus-slipper-att-betala-miljoner-i-sanktionsavgifter/,news
SWE,high,source,privacy,https://www.imy.se/nyheter/sanktionsavgifter-mot-apoteket-och-apohem-for-overforing-av-personuppgifter-till-meta/,official
SWE,high,source,privacy,https://www.dagenssamhalle.se/styrning-och-beslut/juridik/dom-sjukhus-tvingas-lamna-ut-uppgifter-om-papperslos/,news
SWE,high,source,commercial,https://www.riksdagen.se/sv/dokument-och-lagar/dokument/svensk-forfattningssamling/patientdatalag-2008355_sfs-2008-355/,news
SWE,high,source,commercial,https://www.riksdagen.se/sv/dokument-och-lagar/dokument/svensk-forfattningssamling/lag-1998543-om-halsodataregister_sfs-1998-543/,news
SWE,high,source,commercial,https://bestalladata.socialstyrelsen.se/data-for-forskning/sekretessprovning/,news
SWE,high,source,commercial,https://www.imy.se/nyheter/sanktionsavgifter-mot-apoteket-och-apohem-for-overforing-av-personuppgifter-till-meta/,official
SWE,high,source,journey,https://www.inera.se/tjanster/nationell-patientoversikt-npo/,official
SWE,high,source,journey,https://www.ehalsomyndigheten.se/verksamhet/nationella-lakemedelslistan/folj-anslutningen-till-nationella-lakemedelslistan/,official
SWE,high,source,journey,https://op.europa.eu/en/publication-detail/-/publication/53637948-66ce-11f1-9b18-01aa75ed71a1/language-en,official
SWE,high,source,journey,https://www.regeringen.se/rattsliga-dokument/departementsserien-och-promemorior/2026/06/ett-forsta-steg-i-genomforandet-av-en-nationell-digital-infrastruktur-pa-halsodataomradet/,official
SWE,high,source,clinical,https://www.riksdagen.se/sv/dokument-och-lagar/dokument/svensk-forfattningssamling/lag-2022913-om-sammanhallen-vard-och_sfs-2022-913/,news
SWE,high,source,clinical,https://www.inera.se/tjanster/nationell-patientoversikt-npo/,official
SWE,high,source,clinical,https://www.ehalsomyndigheten.se/verksamhet/nationella-lakemedelslistan/samtycken-och-sparrar/,official
SWE,high,source,clinical,https://www.regeringen.se/rattsliga-dokument/departementsserien-och-promemorior/2026/06/ett-forsta-steg-i-genomforandet-av-en-nationell-digital-infrastruktur-pa-halsodataomradet/,official
SWE,high,source,research,https://www.riksdagen.se/sv/dokument-och-lagar/dokument/svensk-forfattningssamling/lag-1998543-om-halsodataregister_sfs-1998-543/,news
SWE,high,source,research,https://bestalladata.socialstyrelsen.se/data-for-forskning/sekretessprovning/,news
SWE,high,source,research,https://www.riksdagen.se/sv/dokument-och-lagar/dokument/svensk-forfattningssamling/lag-2003460-om-etikprovning-av-forskning-som_sfs-2003-460/,news
SWE,high,source,research,https://www.riksdagen.se/sv/dokument-och-lagar/dokument/svensk-forfattningssamling/patientdatalag-2008355_sfs-2008-355/,news
SWE,high,source,ai,https://www.cuatrecasas.com/en/global/intellectual-property/art/digital-omnibus-ai-has-been-published,law_firm
SWE,high,source,ai,https://pts.se/ai/ai-forordningen/,news
SWE,high,source,ai,https://via.tt.se/pressmeddelande/4319887/ny-version-av-lakemedelsverkets-ai-vagledning-till-sjukvarden?publisherId=3235477&lang=sv,news
SWE,high,source,ai,https://www.imy.se/nyheter/granskning-av-region-gavleborgs-anvandning-av-ai-transkribering-i-primarvarden/,official
SWE,high,law,laws,https://www.riksdagen.se/sv/dokument-och-lagar/dokument/svensk-forfattningssamling/patientdatalag-2008355_sfs-2008-355/,news
SWE,high,law,laws,https://www.riksdagen.se/sv/dokument-och-lagar/dokument/svensk-forfattningssamling/lag-2022913-om-sammanhallen-vard-och_sfs-2022-913/,news
SWE,high,law,laws,https://www.riksdagen.se/sv/dokument-och-lagar/dokument/svensk-forfattningssamling/lag-2018218-med-kompletterande-bestammelser_sfs-2018-218/,news
SWE,high,law,laws,https://www.riksdagen.se/sv/dokument-och-lagar/dokument/svensk-forfattningssamling/lag-1998543-om-halsodataregister_sfs-1998-543/,news
SWE,high,law,laws,https://www.riksdagen.se/sv/dokument-och-lagar/dokument/svensk-forfattningssamling/lag-2003460-om-etikprovning-av-forskning-som_sfs-2003-460/,news
SWE,high,law,laws,https://health.ec.europa.eu/ehealth-digital-health-and-care/european-health-data-space-regulation-ehds_en,official
SWE,high,law,laws,https://www.cuatrecasas.com/en/global/intellectual-property/art/digital-omnibus-ai-has-been-published,law_firm
THA,high,source,access,https://www.mdes.go.th/law/detail/3577-Personal-Data-Protection-Act-B-E--2562--2019-,official
THA,high,source,access,https://www.thansettakij.com/health-wellness/657666,news
THA,high,source,access,https://www.thansettakij.com/health-wellness/665340,news
THA,high,source,access,https://www.rama.mahidol.ac.th/medicalrecord/th/prepare_doc_for_copy,news
THA,high,source,control,https://itcenter.prd.go.th/th/content/article/detail/id/8/iid/335512,official
THA,high,source,control,https://www.prd.go.th/th/content/category/detail/id/31/iid/505311,official
THA,high,source,control,https://www.mdes.go.th/law/detail/3577-Personal-Data-Protection-Act-B-E--2562--2019-,official
THA,high,source,control,https://policywatch.thaipbs.or.th/article/life-243,news
THA,high,source,privacy,https://www.mdes.go.th/law/detail/3577-Personal-Data-Protection-Act-B-E--2562--2019-,official
THA,high,source,privacy,https://www.thaipbs.or.th/news/content/354970,news
THA,high,source,privacy,https://www.tilleke.com/insights/key-takeaways-from-thailands-data-privacy-day-2026/,law_firm
THA,high,source,privacy,https://commission.europa.eu/law/law-topic/data-protection/international-dimension-data-protection/adequacy-decisions_en,official
THA,high,source,commercial,https://www.mdes.go.th/law/detail/3577-Personal-Data-Protection-Act-B-E--2562--2019-,official
THA,high,source,commercial,https://www.tilleke.com/insights/key-takeaways-from-thailands-data-privacy-day-2026/,law_firm
THA,high,source,commercial,https://www.bangkokbiznews.com/health/public-health/1247304,news
THA,high,source,journey,https://itcenter.prd.go.th/th/content/article/detail/id/8/iid/335512,official
THA,high,source,journey,https://mgronline.com/cyberbiz/detail/9690000039578,news
THA,high,source,journey,https://policywatch.thaipbs.or.th/article/life-243,news
THA,high,source,journey,https://www.nationalhealth.or.th/public/index.php/NHCO/367,news
THA,high,source,clinical,https://itcenter.prd.go.th/th/content/article/detail/id/8/iid/335512,official
THA,high,source,clinical,https://www.prd.go.th/th/content/category/detail/id/31/iid/505311,official
THA,high,source,clinical,https://www.thansettakij.com/health-wellness/657666,news
THA,high,source,clinical,https://www.bangkokbiznews.com/health/public-health/1247304,news
THA,high,source,research,https://www.mdes.go.th/law/detail/3577-Personal-Data-Protection-Act-B-E--2562--2019-,official
THA,high,source,research,https://www.dms.go.th/backend/Content/Content_File/Information_Center/Attach/25621124013609AM_17.pdf,official
THA,high,source,research,https://pdpa.sidata.plus/reference-article-26-5,news
THA,high,source,research,https://privacy.cmu.ac.th/%E0%B8%9E%E0%B8%A3%E0%B8%B0%E0%B8%A3%E0%B8%B2%E0%B8%8A%E0%B8%9A%E0%B8%B1%E0%B8%8D%E0%B8%8D%E0%B8%B1%E0%B8%95%E0%B8%B4%E0%B9%81%E0%B8%A5%E0%B8%B0%E0%B8%81%E0%B8%8E%E0%B8%AB%E0%B8%A1%E0%B8%B2%E0%B8%A2/,news
THA,high,source,ai,https://medical.fda.moph.go.th/media.php?id=616254428592349184&name=Non-IVD_G_SMD_01_Guidance_SaMD.pdf,official
THA,high,source,ai,https://medical.fda.moph.go.th/samd-head,official
THA,high,source,ai,https://www.thairath.co.th/money/economics/thai_economics/2958310,news
THA,high,law,laws,https://www.mdes.go.th/law/detail/3577-Personal-Data-Protection-Act-B-E--2562--2019-,official
THA,high,law,laws,https://www.dms.go.th/backend/Content/Content_File/Information_Center/Attach/25621124013609AM_17.pdf,official
THA,high,law,laws,https://www.pharmacycouncil.org/index.php?option=content_detail&view=detail&itemid=648&catid=1,news
THA,high,law,laws,https://pdpa.sidata.plus/reference-article-26-5,news
THA,high,law,laws,https://medical.fda.moph.go.th/media.php?id=616254428592349184&name=Non-IVD_G_SMD_01_Guidance_SaMD.pdf,official
THA,high,law,laws,https://techsauce.co/healthtech/thai-digital-health-integration-healthlink,news
THA,high,law,laws,https://www.thairath.co.th/money/economics/thai_economics/2958310,news
TUR,medium,source,access,https://www.mevzuat.gov.tr/File/GeneratePdf?mevzuatNo=4847&mevzuatTur=KurumVeKurulusYonetmeligi&mevzuatTertip=5,official
TUR,medium,source,access,https://enabiz.gov.tr/Yardim/Index,official
TUR,medium,source,access,https://www.hurriyet.com.tr/gundem/bakan-memisoglundan-saglikta-dijital-donusum-calismalarina-iliskin-paylasim-43070060,news
TUR,medium,source,access,https://www.ekonomim.com/gundem/milyonlarca-kisiyi-ilgilendiren-guncelleme-e-nabiz-yenilendi-haberi-825172,news
TUR,medium,source,control,https://enabiz.gov.tr/Yardim/Index,official
TUR,medium,source,control,https://enabiz.gov.tr/,official
TUR,medium,source,control,https://www.resmigazete.gov.tr/eskiler/2019/06/20190621-3.htm,official
TUR,medium,source,control,https://www.resmigazete.gov.tr/eskiler/2025/12/20251203-2.htm,official
TUR,medium,source,privacy,https://www.mevzuat.gov.tr/mevzuatmetin/1.5.6698.pdf,official
TUR,medium,source,privacy,https://www.kvkk.gov.tr/Icerik/7754/2023-695,official
TUR,medium,source,privacy,https://enlargement.ec.europa.eu/document/download/4bb4ddd1-4f20-4ee0-92db-926996ec8dd1_en?filename=t%C3%BCrkiye-report-2025.pdf,official
TUR,medium,source,privacy,https://bm.itu.edu.tr/docs/librariesprovider92/default-document-library/svg-rapor.pdf?sfvrsn=1cb04587_2,academic
TUR,medium,source,commercial,https://www.kvkk.gov.tr/Icerik/7692/2023-787,official
TUR,medium,source,commercial,https://www.mevzuat.gov.tr/mevzuatmetin/1.5.6698.pdf,official
TUR,medium,source,commercial,https://www.resmigazete.gov.tr/eskiler/2019/06/20190621-3.htm,official
TUR,medium,source,journey,"https://e-saglik.gov.tr/TR,53387/e-nabiz-sgk-medula-veri-dogrulamasi-hk.html",official
TUR,medium,source,journey,https://bm.itu.edu.tr/docs/librariesprovider92/default-document-library/svg-rapor.pdf?sfvrsn=1cb04587_2,academic
TUR,medium,source,journey,https://www.ekonomim.com/gundem/milyonlarca-kisiyi-ilgilendiren-guncelleme-e-nabiz-yenilendi-haberi-825172,news
TUR,medium,source,clinical,https://www.resmigazete.gov.tr/eskiler/2019/06/20190621-3.htm,official
TUR,medium,source,clinical,https://www.resmigazete.gov.tr/eskiler/2025/12/20251203-2.htm,official
TUR,medium,source,clinical,https://acarergonen.av.tr/tr/yayinlar/duyurular/kisisel-saglik-verileri-hakkinda-yonetmelik-te-yapilan-son-degisiklikler,law_firm
TUR,medium,source,clinical,https://www.kvkk.gov.tr/Icerik/7074/-Ilgili-kisinin-talebi-ya-da-rizasi-olmaksizin-ozel-bir-hastane-calisani-hekim-tarafindan-e-nabiz-sistemine-erisim-saglanmasi-hakkinda-Kisisel-Verileri-Koruma-Kurulunun-21-09-2021-tarihli-ve-2021-962-sayili-Karari,official
TUR,medium,source,research,https://www.resmigazete.gov.tr/eskiler/2019/06/20190621-3.htm,official
TUR,medium,source,research,https://www.resmigazete.gov.tr/eskiler/2023/05/20230527-5.htm,official
TUR,medium,source,research,https://enlargement.ec.europa.eu/document/download/4bb4ddd1-4f20-4ee0-92db-926996ec8dd1_en?filename=t%C3%BCrkiye-report-2025.pdf,official
TUR,medium,source,ai,https://www.titck.gov.tr/faaliyetalanlari/tibbicihaz/tibbi-cihaz-mevzuati,official
TUR,medium,source,ai,https://enlargement.ec.europa.eu/document/download/4bb4ddd1-4f20-4ee0-92db-926996ec8dd1_en?filename=t%C3%BCrkiye-report-2025.pdf,official
TUR,medium,source,ai,https://www.memurlar.net/haber/1175670/turkiye-yapay-zeka-eylem-plani-genelgesi-resmi-gazete-de.html,news
TUR,medium,source,ai,https://www.bmo.org.tr/2026/04/01/tbmmnin-yapay-zeka-komisyonu-raporuna-iliskin-tmmob-gorusu/,blog_vendor
TUR,medium,law,laws,https://www.mevzuat.gov.tr/mevzuatmetin/1.5.6698.pdf,official
TUR,medium,law,laws,https://www.resmigazete.gov.tr/eskiler/2019/06/20190621-3.htm,official
TUR,medium,law,laws,https://www.resmigazete.gov.tr/eskiler/2025/12/20251203-2.htm,official
TUR,medium,law,laws,https://www.mevzuat.gov.tr/File/GeneratePdf?mevzuatNo=4847&mevzuatTur=KurumVeKurulusYonetmeligi&mevzuatTertip=5,official
TUR,medium,law,laws,https://www.titck.gov.tr/faaliyetalanlari/tibbicihaz/tibbi-cihaz-mevzuati,official
TUR,medium,law,laws,https://www.resmigazete.gov.tr/eskiler/2023/05/20230527-5.htm,official
TWN,high,source,access,https://law.moj.gov.tw/LawClass/LawAll.aspx?pcode=L0020021,official
TWN,high,source,access,https://www.mohw.gov.tw/cp-3797-43159-1.html,official
TWN,high,source,access,https://www.nhi.gov.tw/ch/cp-19750-2913e-3255-1.html,official
TWN,high,source,access,https://health.ltn.com.tw/article/breakingnews/5385491,news
TWN,high,source,control,https://med.nhi.gov.tw/ihqe0000/pepM1825_1.html,official
TWN,high,source,control,https://www.nhi.gov.tw/ch/cp-7638-9581a-2727-1.html,official
TWN,high,source,control,https://www.nhi.gov.tw/ch/np-4049-1.html,official
TWN,high,source,control,https://law.moj.gov.tw/LawClass/LawAll.aspx?pcode=L0060042,official
TWN,high,source,privacy,https://law.moj.gov.tw/LawClass/LawOldVer.aspx?pcode=I0050021,official
TWN,high,source,privacy,https://www.pdpc.gov.tw/News_Content/20/1010/,official
TWN,high,source,privacy,https://watchout.tw/reports/DMubi9rCnYi0TRNXD2ZA,news
TWN,high,source,privacy,https://www.mirrormedia.mg/story/20260615edi016,news
TWN,high,source,commercial,https://law.moj.gov.tw/LawClass/LawAll.aspx?pcode=L0060042,official
TWN,high,source,commercial,https://law.moj.gov.tw/LawClass/LawOldVer.aspx?pcode=I0050021,official
TWN,high,source,commercial,https://commission.europa.eu/law/law-topic/data-protection/international-dimension-data-protection/adequacy-decisions_en,official
TWN,high,source,journey,https://www.nhi.gov.tw/en/np-47-2.html,official
TWN,high,source,journey,https://www.nhi.gov.tw/ch/np-2722-1.html,official
TWN,high,source,journey,https://www.storm.mg/article/11120658,news
TWN,high,source,journey,https://aicenter.mohw.gov.tw/AC/cp-7200-85622-208.html,official
TWN,high,source,clinical,https://www.nhi.gov.tw/ch/cp-7631-ccbac-2727-1.html,official
TWN,high,source,clinical,https://www.nhi.gov.tw/ch/cp-7626-18210-2727-1.html,official
TWN,high,source,clinical,https://www.nhi.gov.tw/ch/np-2722-1.html,official
TWN,high,source,clinical,https://news.pts.org.tw/article/803567,news
TWN,high,source,research,https://law.moj.gov.tw/LawClass/LawAll.aspx?pcode=L0060042,official
TWN,high,source,research,https://www.nhi.gov.tw/ch/np-4049-1.html,official
TWN,high,source,research,https://www.cna.com.tw/news/ahel/202609160155.aspx,news
TWN,high,source,research,https://law.moj.gov.tw/LawClass/LawAll.aspx?pcode=L0020176,official
TWN,high,source,ai,https://law.moj.gov.tw/LawClass/LawAll.aspx?pcode=L0030106,official
TWN,high,source,ai,https://www.fda.gov.tw/TC/siteListContent.aspx?sid=11652&id=47477,official
TWN,high,source,ai,https://www.fda.gov.tw/TC/siteListContent.aspx?id=50868&sid=310,official
TWN,high,source,ai,https://www.mohw.gov.tw/dl-100614-c7d35394-0a6b-448e-9d90-295294596d98.html,official
TWN,high,law,laws,https://law.moj.gov.tw/LawClass/LawAll.aspx?pcode=L0060042,official
TWN,high,law,laws,https://law.moj.gov.tw/LawClass/LawOldVer.aspx?pcode=I0050021,official
TWN,high,law,laws,https://law.moj.gov.tw/LawClass/LawAll.aspx?pcode=L0020021,official
TWN,high,law,laws,https://law.moj.gov.tw/LawClass/LawAll.aspx?pcode=L0020176,official
TWN,high,law,laws,https://law.moj.gov.tw/LawClass/LawAll.aspx?pcode=L0030106,official
TWN,high,law,laws,https://www.president.gov.tw/File/Doc/d961e5b2-f8c4-424b-8993-4a52702ae8c7,official
UKR,medium,source,access,https://zakon.rada.gov.ua/laws/show/2801-12,official
UKR,medium,source,access,https://pis.esoz.gov.ua/faq/de-ya-mozhu-perehlyanuty-svoyi-medychni-dani-e-napravlennya-e-retsepty-toshcho-yaki-zberihayutsya-v-esoz/,official
UKR,medium,source,access,https://ehealth.gov.ua/2026/02/11/kabinet-patsiyenta-dlya-ukrayintsiv-teper-dostupna-mozhlyvist-podannya-deklaratsiyi-likaryu-onlajn/,official
UKR,medium,source,access,https://zakon.rada.gov.ua/laws/show/2297-17,official
UKR,medium,source,control,https://zakon.rada.gov.ua/laws/show/2801-12,official
UKR,medium,source,control,https://ehealth.gov.ua/2024/02/29/hto-maye-dostup-do-danyh-patsiyenta-v-esoz/,official
UKR,medium,source,control,https://www.rbc.ua/rus/news/medichni-dani-ukrayintsiv-hto-mozhe-divitisya-1764940793.html,news
UKR,medium,source,privacy,https://zakon.rada.gov.ua/laws/show/2297-17,official
UKR,medium,source,privacy,https://itd.rada.gov.ua/billinfo/Bills/Card/40707,official
UKR,medium,source,privacy,https://lb.ua/health/2026/04/23/734385_oprilyudnili_perelik_medichnih.html,news
UKR,medium,source,privacy,https://www.rbc.ua/rus/news/medichni-dani-ukrayintsiv-hto-mozhe-divitisya-1764940793.html,news
UKR,medium,source,commercial,https://zakon.rada.gov.ua/laws/show/2297-17,official
UKR,medium,source,commercial,https://forbes.ua/innovations/peretvoriti-patsientiv-na-pidpisnikiv-medichniy-servis-helsi-robit-platnoyu-shi-rozshifrovku-analiziv-u-rozrobku-yakoi-vklala-400-000-yak-kompaniya-monetizue-29-mln-koristuvachiv-04072025-31016,news
UKR,medium,source,journey,https://ehealth.gov.ua/2026/03/13/reyestr-patsiyentiv-esoz-nalichuye-ponad-34-5-miljony-aktyvnyh-zapysiv-yaki-mozhlyvosti-dostupni-dlya-patsiyenta/,official
UKR,medium,source,journey,https://ehealth.gov.ua/2026/05/14/v-esoz-stvoreno-ponad-111-miljoniv-e-retseptiv/,official
UKR,medium,source,journey,https://ehealth.gov.ua/2024/02/29/hto-maye-dostup-do-danyh-patsiyenta-v-esoz/,official
UKR,medium,source,journey,https://lb.ua/health/2026/04/23/734385_oprilyudnili_perelik_medichnih.html,news
UKR,medium,source,clinical,https://ehealth.gov.ua/2024/02/29/hto-maye-dostup-do-danyh-patsiyenta-v-esoz/,official
UKR,medium,source,clinical,https://zakon.rada.gov.ua/laws/show/2801-12,official
UKR,medium,source,research,https://zakon.rada.gov.ua/laws/show/2801-12,official
UKR,medium,source,research,https://ehealth.gov.ua/2024/02/29/hto-maye-dostup-do-danyh-patsiyenta-v-esoz/,official
UKR,medium,source,research,https://health.ec.europa.eu/ehealth-digital-health-and-care/european-health-data-space-regulation-ehds_en,official
UKR,medium,source,ai,https://zakon.rada.gov.ua/laws/show/759-2026-%D0%BF,official
UKR,medium,source,ai,https://www.dls.gov.ua/for_subject/%D0%B7%D0%B0%D1%82%D0%B2%D0%B5%D1%80%D0%B4%D0%B6%D0%B5%D0%BD%D0%BD%D1%8F-%D0%BD%D0%BE%D0%B2%D0%B8%D1%85-%D1%82%D0%B5%D1%85%D0%BD%D1%96%D1%87%D0%BD%D0%B8%D1%85-%D1%80%D0%B5%D0%B3%D0%BB%D0%B0%D0%BC/,official
UKR,medium,source,ai,https://7eminar.ua/news/23759-moz-805-opitanix-medikiv-uze-vikoristovuyut-si-u-roboti,news
UKR,medium,law,laws,https://zakon.rada.gov.ua/laws/show/2801-12,official
UKR,medium,law,laws,https://zakon.rada.gov.ua/laws/show/2297-17,official
UKR,medium,law,laws,https://zakon.rada.gov.ua/laws/show/4497-20,official
UKR,medium,law,laws,https://zakon.rada.gov.ua/laws/show/759-2026-%D0%BF,official
USA,high,source,access,https://www.ecfr.gov/current/title-45/subtitle-A/subchapter-C/part-164/subpart-E/section-164.524,legal_text
USA,high,source,access,https://www.hhs.gov/press-room/hhs-ocr-settles-hipaa-investigation-with-azul-vision.html,official
USA,high,source,access,https://healthit.gov/data/data-briefs/individuals-access-and-use-patient-portals-and-smartphone-health-apps-2024/,official
USA,high,source,access,https://www.jdsupra.com/legalnews/ocr-director-says-carry-on-usually-6479185/,news
USA,high,source,control,https://www.ecfr.gov/current/title-45/subtitle-A/subchapter-C/part-164/subpart-E/section-164.506,legal_text
USA,high,source,control,https://www.ecfr.gov/current/title-45/subtitle-A/subchapter-C/part-164/subpart-E/section-164.522,legal_text
USA,high,source,control,https://www.ecfr.gov/current/title-45/subtitle-A/subchapter-C/part-164/subpart-E/section-164.528,legal_text
USA,high,source,control,https://www.federalregister.gov/documents/2024/02/16/2024-02544/confidentiality-of-substance-use-disorder-ud-patient-records,legal_text
USA,high,source,privacy,https://www.hipaajournal.com/h1-2026-healthcare-data-breach-report/,news
USA,high,source,privacy,https://www.reginfo.gov/public/do/eAgendaViewRule?pubId=202510&RIN=0945-AA22,official
USA,high,source,privacy,https://www.hhs.gov/hipaa/for-professionals/special-topics/reproductive-health/index.html,official
USA,high,source,privacy,https://capitol.texas.gov/tlodocs/89R/billtext/html/SB01188F.htm,official
USA,high,source,commercial,https://www.ecfr.gov/current/title-45/subtitle-A/subchapter-C/part-164/subpart-E/section-164.508,legal_text
USA,high,source,commercial,https://www.ecfr.gov/current/title-45/subtitle-A/subchapter-C/part-164/subpart-E/section-164.514,legal_text
USA,high,source,commercial,https://www.ftc.gov/news-events/news/press-releases/2024/04/ftc-finalizes-changes-health-breach-notification-rule,official
USA,high,source,commercial,https://app.leg.wa.gov/RCW/default.aspx?cite=19.373.070,official
USA,high,source,journey,https://www.hhs.gov/press-room/onc-strengthens-tefca-one-billion-health-records-exchanged.html,official
USA,high,source,journey,https://healthit.gov/data/quickstats/electronic-health-information-exchange-hospitals/,official
USA,high,source,journey,https://healthit.gov/data/data-briefs/electronic-public-health-reporting-among-non-federal-acute-care-hospitals-2024/,official
USA,high,source,journey,https://www.cms.gov/newsroom/fact-sheets/cms-interoperability-prior-authorization-final-rule-cms-0057-f,official
USA,high,source,clinical,https://healthit.gov/data/data-briefs/interoperable-exchange-patient-health-information-among-us-hospitals-2023/,official
USA,high,source,clinical,https://healthit.gov/blog/health-data/a-decade-of-data-examined-the-evolution-of-electronic-prescribing/,official
USA,high,source,clinical,https://www.hhs.gov/press-room/hhs-crackdown-health-data-blocking.html,official
USA,high,source,clinical,https://www.hklaw.com/en/insights/publications/2026/02/the-wait-is-over-information-blocking-enforcement-is-officially-here,law_firm
USA,high,source,research,https://www.ecfr.gov/current/title-45/subtitle-A/subchapter-C/part-164/subpart-E/section-164.512,legal_text
USA,high,source,research,https://www.ecfr.gov/current/title-45/subtitle-A/subchapter-C/part-164/subpart-E/section-164.514,legal_text
USA,high,source,research,https://www.ecfr.gov/current/title-45/subtitle-A/subchapter-A/part-46/subpart-A/section-46.116,legal_text
USA,high,source,research,https://grants.nih.gov/policy-and-compliance/policy-topics/human-subjects/coc,official
USA,high,source,ai,https://www.fda.gov/medical-devices/software-medical-device-samd/artificial-intelligence-enabled-medical-devices,official
USA,high,source,ai,https://www.fda.gov/regulatory-information/search-fda-guidance-documents/marketing-submission-recommendations-predetermined-change-control-plan-artificial-intelligence,official
USA,high,source,ai,https://www.federalregister.gov/documents/2025/12/29/2025-23896/health-data-technology-and-interoperability-astponc-deregulatory-actions-to-unleash-prosperity,legal_text
USA,high,source,ai,https://leginfo.legislature.ca.gov/faces/billTextClient.xhtml?bill_id=202320240AB3030,official
USA,high,law,laws,https://www.ecfr.gov/current/title-45/subtitle-A/subchapter-C/part-164/subpart-E/section-164.524,legal_text
USA,high,law,laws,https://www.federalregister.gov/documents/2024/02/16/2024-02544/confidentiality-of-substance-use-disorder-ud-patient-records,legal_text
USA,high,law,laws,https://www.ftc.gov/news-events/news/press-releases/2024/04/ftc-finalizes-changes-health-breach-notification-rule,official
USA,high,law,laws,https://www.cms.gov/newsroom/fact-sheets/cms-interoperability-prior-authorization-final-rule-cms-0057-f,official
USA,high,law,laws,https://app.leg.wa.gov/RCW/default.aspx?cite=19.373.070,official
USA,high,law,laws,https://capitol.texas.gov/tlodocs/89R/billtext/html/SB01188F.htm,official
USA,high,law,laws,https://leginfo.legislature.ca.gov/faces/billTextClient.xhtml?bill_id=202320240AB3030,official
VNM,high,source,access,https://xaydungchinhsach.chinhphu.vn/toan-van-luat-15-2023-qh15-kham-benh-chua-benh-119231127164453959.htm,news
VNM,high,source,access,https://luatvietnam.vn/dan-su/nghi-dinh-356-2025-nd-cp-quy-dinh-chi-tiet-luat-bao-ve-du-lieu-ca-nhan-422896-d1.html,news
VNM,high,source,access,https://baochinhphu.vn/so-suc-khoe-dien-tu-tren-vneid-co-the-thay-so-giay-102260108162952758.htm,news
VNM,high,source,access,https://vov.gov.vn/hon-34-trieu-nguoi-da-co-so-suc-khoe-dien-tu-tren-vneid-mobiledtnew-1165910,official
VNM,high,source,control,https://english.luatvietnam.vn/y-te/decree-102-2025-nd-cp-health-data-management-400071-d1.html,legal_text
VNM,high,source,control,https://luatvietnam.vn/dan-su/luat-bao-ve-du-lieu-ca-nhan-2025-so-91-2025-qh15-405135-d1.html,news
VNM,high,source,control,https://luatvietnam.vn/dan-su/nghi-dinh-356-2025-nd-cp-quy-dinh-chi-tiet-luat-bao-ve-du-lieu-ca-nhan-422896-d1.html,news
VNM,high,source,privacy,https://luatvietnam.vn/dan-su/luat-bao-ve-du-lieu-ca-nhan-2025-so-91-2025-qh15-405135-d1.html,news
VNM,high,source,privacy,https://luatvietnam.vn/dan-su/nghi-dinh-356-2025-nd-cp-quy-dinh-chi-tiet-luat-bao-ve-du-lieu-ca-nhan-422896-d1.html,news
VNM,high,source,privacy,https://baochinhphu.vn/muc-xu-phat-vi-pham-hanh-chinh-doi-voi-hanh-vi-vi-pham-ve-bao-ve-du-lieu-ca-nhan-102260822154959691.htm,news
VNM,high,source,privacy,https://thanhnien.vn/canh-bao-ro-ri-du-lieu-y-te-do-hacker-185260524204547959.htm,news
VNM,high,source,commercial,https://luatvietnam.vn/dan-su/luat-bao-ve-du-lieu-ca-nhan-2025-so-91-2025-qh15-405135-d1.html,news
VNM,high,source,commercial,https://xaydungchinhsach.chinhphu.vn/nhung-quy-dinh-dang-chu-y-trong-luat-bao-ve-du-lieu-ca-nhan-2025-119251225084154179.htm,news
VNM,high,source,commercial,https://vietnamnet.vn/cong-an-tp-ha-noi-khoi-to-3-nguoi-dieu-hanh-san-mua-ban-du-lieu-ca-nhan-2534474.html,news
VNM,high,source,journey,https://suckhoedoisong.vn/so-co-so-y-te-tham-gia-benh-an-dien-tu-tiep-tuc-tang-169260919154315649.htm,news
VNM,high,source,journey,https://benhandientu.moh.gov.vn/,official
VNM,high,source,journey,https://baodautu.vn/hon-75-benh-vien-trien-khai-benh-an-dien-tu-tien-toi-bo-benh-an-giay-tu-nam-2027-d701953.html,news
VNM,high,source,journey,https://luatvietnam.vn/tin-van-ban-moi/co-so-ban-buon-ban-le-thuoc-phai-lien-thong-du-lieu-tu-01-01-2026-len-he-thong-co-so-du-lieu-ve-duoc-186-111475-article.html,news
VNM,high,source,clinical,https://xaydungchinhsach.chinhphu.vn/toan-van-luat-15-2023-qh15-kham-benh-chua-benh-119231127164453959.htm,news
VNM,high,source,clinical,https://baodautu.vn/giam-xet-nghiem-trung-lap-dua-dich-vu-den-gan-nguoi-dan-d710899.html,news
VNM,high,source,clinical,https://baohiemxahoi.gov.vn/tintuc/Pages/cai-cach-thu-tuc-hanh-chinh.aspx?CateID=0&ItemID=27035,official
VNM,high,source,clinical,https://baochinhphu.vn/so-suc-khoe-dien-tu-tren-vneid-co-the-thay-so-giay-102260108162952758.htm,news
VNM,high,source,research,https://xaydungchinhsach.chinhphu.vn/toan-van-luat-15-2023-qh15-kham-benh-chua-benh-119231127164453959.htm,news
VNM,high,source,research,https://luatvietnam.vn/y-te/thong-tu-50-2025-tt-byt-quy-dinh-thu-thuoc-tren-lam-sang-hieu-luc-tu-27-02-2026-422988-d1.html,news
VNM,high,source,research,https://english.luatvietnam.vn/y-te/decree-102-2025-nd-cp-health-data-management-400071-d1.html,legal_text
VNM,high,source,ai,https://luatvietnam.vn/khoa-hoc/luat-tri-tue-nhan-tao-2025-so-134-2025-qh15-422299-d1.html,news
VNM,high,source,ai,https://www.aplawjapan.com/en/newsletter/20260528-2,news
VNM,high,source,ai,https://luatvietnam.vn/tin-van-ban-moi/danh-muc-he-thong-tri-tue-nhan-tao-co-rui-ro-cao-tu-15-8-2026-186-110045-article.html,news
VNM,high,source,ai,https://tuoitre.vn/nld/bo-y-te-chuan-bi-ban-hanh-quy-dinh-ve-ai-trong-y-te-196251211145240185.htm,news
VNM,high,law,laws,https://xaydungchinhsach.chinhphu.vn/toan-van-luat-15-2023-qh15-kham-benh-chua-benh-119231127164453959.htm,news
VNM,high,law,laws,https://luatvietnam.vn/dan-su/luat-bao-ve-du-lieu-ca-nhan-2025-so-91-2025-qh15-405135-d1.html,news
VNM,high,law,laws,https://luatvietnam.vn/dan-su/nghi-dinh-356-2025-nd-cp-quy-dinh-chi-tiet-luat-bao-ve-du-lieu-ca-nhan-422896-d1.html,news
VNM,high,law,laws,https://english.luatvietnam.vn/y-te/decree-102-2025-nd-cp-health-data-management-400071-d1.html,legal_text
VNM,high,law,laws,https://vanban.chinhphu.vn/?pageid=27160&docid=219266&classid=1&typegroupid=4,news
VNM,high,law,laws,https://luatvietnam.vn/khoa-hoc/luat-tri-tue-nhan-tao-2025-so-134-2025-qh15-422299-d1.html,news
VNM,high,law,laws,https://luatvietnam.vn/y-te/thong-tu-50-2025-tt-byt-quy-dinh-thu-thuoc-tren-lam-sang-hieu-luc-tu-27-02-2026-422988-d1.html,news
ZAF,high,source,access,https://www.gov.za/sites/default/files/gcis_document/201409/3706726-11act4of2013protectionofpersonalinforcorrect.pdf,official
ZAF,high,source,access,https://www.justice.gov.za/legislation/acts/2000-002.pdf,official
ZAF,high,source,access,https://www.hpcsa-blogs.co.za/wp-content/uploads/2022/08/Booklet-9-Guidelines-on-Patient-Records.pdf,news
ZAF,high,source,access,https://www.health.gov.za/nhi-cd-hs/,official
ZAF,high,source,control,https://www.gov.za/sites/default/files/gcis_document/201409/a61-03.pdf,official
ZAF,high,source,control,https://www.gov.za/sites/default/files/gcis_document/201409/3706726-11act4of2013protectionofpersonalinforcorrect.pdf,official
ZAF,high,source,control,https://discoveryhealthmedicalscheme.co.za/wcm/discoverycoza/assets/medical-aid/application-forms/2024/permission-to-make-certain-information-available-to-a-third-party.pdf,news
ZAF,high,source,privacy,https://www.gov.za/sites/default/files/gcis_document/201409/3706726-11act4of2013protectionofpersonalinforcorrect.pdf,official
ZAF,high,source,privacy,https://www.gov.za/sites/default/files/gcis_document/202603/54268gon7198.pdf,official
ZAF,high,source,privacy,https://inforegulator.org.za/wp-content/uploads/2020/07/FINAL-MEDIA-STATEMENT-ENFORCEMENT-NOTICE-ISSUED-TO-DISCHEM-PHARMACIES-LTD.pdf,news
ZAF,high,source,privacy,https://inforegulator.org.za/wp-content/uploads/2020/07/Media-Statement_Information-Regulator-Refers-NDOH-to-the-Enforcement-Committee.pdf,news
ZAF,high,source,commercial,https://www.gov.za/sites/default/files/gcis_document/201409/3706726-11act4of2013protectionofpersonalinforcorrect.pdf,official
ZAF,high,source,commercial,https://www.gov.za/sites/default/files/gcis_document/201409/a61-03.pdf,official
ZAF,high,source,commercial,https://www.frontiersin.org/journals/pharmacology/articles/10.3389/fphar.2025.1498600/full,academic
ZAF,high,source,commercial,https://commission.europa.eu/law/law-topic/data-protection/international-dimension-data-protection/adequacy-decisions_en,official
ZAF,high,source,journey,https://www.health.gov.za/wp-content/uploads/2025/11/NDoH-2024-25-Annual-Report-_-19-September-2025.pdf,official
ZAF,high,source,journey,https://pmg.org.za/committee-question/37900/,news
ZAF,high,source,journey,https://pmg.org.za/committee-question/31734/,news
ZAF,high,source,journey,https://www.medicalschemes.co.za/the-2024-cms-industry-report-is-now-available/,news
ZAF,high,source,clinical,https://www.gov.za/sites/default/files/gcis_document/201409/a61-03.pdf,official
ZAF,high,source,clinical,https://www.nhls.ac.za/about-us/,news
ZAF,high,source,clinical,https://trakcarelabwebview.nhls.ac.za/trakcarelab/RDdefault.htm,news
ZAF,high,source,clinical,https://discoveryhealthmedicalscheme.co.za/wcm/discoverycoza/assets/medical-aid/application-forms/2024/permission-to-make-certain-information-available-to-a-third-party.pdf,news
ZAF,high,source,research,https://www.gov.za/sites/default/files/gcis_document/201409/a61-03.pdf,official
ZAF,high,source,research,https://www.gov.za/sites/default/files/gcis_document/201409/3706726-11act4of2013protectionofpersonalinforcorrect.pdf,official
ZAF,high,source,research,https://knowledgehub.health.gov.za/system/files/elibdownloads/2026-08/NDoH-2024-v3.2-master-signed.pdf,official
ZAF,high,source,research,https://www.univen.ac.za/wp-content/uploads/2026/09/2025_ASSAf_POPIACompliance-Framework.pdf,news
ZAF,high,source,ai,https://www.sahpra.org.za/wp-content/uploads/2025/09/MD08-20252026_-SAHPRA-Communication-to-Industry-AI-Medical-devices_Acknowledgements.pdf,news
ZAF,high,source,ai,https://www.sanews.gov.za/south-africa/cabinet-approves-withdrawal-ai-policy,official
ZAF,high,source,ai,https://pmg.org.za/committee-question/39322/,news
ZAF,high,law,laws,https://www.gov.za/sites/default/files/gcis_document/201409/3706726-11act4of2013protectionofpersonalinforcorrect.pdf,official
ZAF,high,law,laws,https://www.justice.gov.za/legislation/acts/2000-002.pdf,official
ZAF,high,law,laws,https://www.gov.za/sites/default/files/gcis_document/201409/a61-03.pdf,official
ZAF,high,law,laws,https://www.gov.za/sites/default/files/gcis_document/202405/50664nathealthinsuranceact202023.pdf,official
ZAF,high,law,laws,https://www.gov.za/sites/default/files/gcis_document/202603/54268gon7198.pdf,official
ZAF,high,law,laws,https://www.gov.za/documents/notices/national-health-act-national-2021-normative-standards-framework-interoperability,official
