iso3,section,field,url,outcome,head_status,get_status,final_url,error,times_url_used_in_index,checked_utc,recheck_outcome,recheck_status,recheck_error,recheck_utc,final_outcome
ARE,source,categories.access.sources[0],https://www.doh.gov.ae/en/news/doh-launches-sahatna-the-revolutionary-all-in-one-healthcare-mobile-app,ok,200,,https://www.doh.gov.ae/en/news/doh-launches-sahatna-the-revolutionary-all-in-one-healthcare-mobile-app,,1,2026-10-01T15:29Z,,,,,ok
ARE,source,categories.access.sources[1],https://mohap.gov.ae/documents/20117/590019/Riayati_Confidentiality_and_data_privacy_policy_V1.2.pdf/114cf9a6-69d8-32a1-53e7-6ef447d1a7f8,error,,,https://mohap.gov.ae/documents/20117/590019/Riayati_Confidentiality_and_data_privacy_policy_V1.2.pdf/114cf9a6-69d8-32a1-53e7-6ef447d1a7f8,ConnectError,3,2026-10-01T15:29Z,error,,ConnectError,2026-10-01T15:46Z,error
ARE,source,categories.access.sources[2],https://docs.modulos.ai/frameworks/uae-pdpl,ok,200,,https://docs.modulos.ai/frameworks/uae-pdpl,,2,2026-10-01T15:29Z,,,,,ok
ARE,source,categories.access.sources[3],https://airtabat.com/index.php/2025/05/12/patient-data-privacy-safeguarding-nabidh-malaffi-data/,error,,,https://airtabat.com/index.php/2025/05/12/patient-data-privacy-safeguarding-nabidh-malaffi-data/,ConnectTimeout,1,2026-10-01T15:29Z,error,,ConnectTimeout,2026-10-01T15:46Z,error
ARE,source,categories.control.sources[0],https://mohap.gov.ae/documents/20117/590019/Riayati_Confidentiality_and_data_privacy_policy_V1.2.pdf/114cf9a6-69d8-32a1-53e7-6ef447d1a7f8,error,,,https://mohap.gov.ae/documents/20117/590019/Riayati_Confidentiality_and_data_privacy_policy_V1.2.pdf/114cf9a6-69d8-32a1-53e7-6ef447d1a7f8,ConnectError,3,2026-10-01T15:29Z,error,,ConnectError,2026-10-01T15:46Z,error
ARE,source,categories.control.sources[1],https://www.zavis.ai/guides/nabidh-ehr-integration-dubai-clinics,ok,200,,https://www.zavis.ai/guides/nabidh-ehr-integration-dubai-clinics,,2,2026-10-01T15:29Z,,,,,ok
ARE,source,categories.control.sources[2],https://felixhappich.com/dubai/healthcare/nabidh/,ok,200,,https://felixhappich.com/dubai/healthcare/nabidh/,,3,2026-10-01T15:29Z,,,,,ok
ARE,source,categories.privacy.sources[0],https://uaelegislation.gov.ae/en/legislations/1209/download,blocked_unverified,403,403,https://uaelegislation.gov.ae/en/legislations/1209/download,,3,2026-10-01T15:29Z,blocked_unverified,403,,2026-10-01T15:46Z,blocked_unverified
ARE,source,categories.privacy.sources[1],https://healthcareworld.com/uae-health-data-localisation-in-2022/,ok,200,,https://healthcareworld.com/uae-health-data-localisation-in-2022/,,4,2026-10-01T15:29Z,,,,,ok
ARE,source,categories.privacy.sources[2],https://www.lexology.com/library/detail.aspx?g=e908b0b7-e655-477b-bdc6-3cffad88157f,blocked_unverified,403,403,https://www.lexology.com/library/detail.aspx?g=e908b0b7-e655-477b-bdc6-3cffad88157f,,3,2026-10-01T15:29Z,blocked_unverified,403,,2026-10-01T15:46Z,blocked_unverified
ARE,source,categories.privacy.sources[3],https://www.uaeexperthub.com/uae-data-protection-law-pdpl/,ok,200,,https://www.uaeexperthub.com/uae-data-protection-law-pdpl/,,1,2026-10-01T15:29Z,,,,,ok
ARE,source,categories.commercial.sources[0],https://uaelegislation.gov.ae/en/legislations/1209/download,blocked_unverified,403,403,https://uaelegislation.gov.ae/en/legislations/1209/download,,3,2026-10-01T15:29Z,blocked_unverified,403,,2026-10-01T15:46Z,blocked_unverified
ARE,source,categories.commercial.sources[1],https://www.lexology.com/library/detail.aspx?g=e908b0b7-e655-477b-bdc6-3cffad88157f,blocked_unverified,403,403,https://www.lexology.com/library/detail.aspx?g=e908b0b7-e655-477b-bdc6-3cffad88157f,,3,2026-10-01T15:29Z,blocked_unverified,403,,2026-10-01T15:46Z,blocked_unverified
ARE,source,categories.commercial.sources[2],https://healthcareworld.com/uae-health-data-localisation-in-2022/,ok,200,,https://healthcareworld.com/uae-health-data-localisation-in-2022/,,4,2026-10-01T15:29Z,,,,,ok
ARE,source,categories.journey.sources[0],https://www.intelligentcio.com/me/2025/08/19/malaffi-reaches-3-5-billion-clinical-records-setting-a-new-standard-for-healthcare-innovation-in-abu-dhabi/,ok,200,,https://www.intelligentcio.com/me/2025/08/19/malaffi-reaches-3-5-billion-clinical-records-setting-a-new-standard-for-healthcare-innovation-in-abu-dhabi/,,2,2026-10-01T15:29Z,,,,,ok
ARE,source,categories.journey.sources[1],https://economymiddleeast.com/news/dubai-health-authority-enabling-a-future-ready-health-sector-interview/,ok,200,,https://economymiddleeast.com/news/dubai-health-authority-enabling-a-future-ready-health-sector-interview/,,2,2026-10-01T15:29Z,,,,,ok
ARE,source,categories.journey.sources[2],https://www.zavis.ai/guides/nabidh-ehr-integration-dubai-clinics,ok,200,,https://www.zavis.ai/guides/nabidh-ehr-integration-dubai-clinics,,2,2026-10-01T15:29Z,,,,,ok
ARE,source,categories.journey.sources[3],https://www.malaffi.ae/media-center/,ok,200,,https://www.malaffi.ae/media-center/,,1,2026-10-01T15:29Z,,,,,ok
ARE,source,categories.clinical.sources[0],https://www.onearabia.me/local/malaffi-reaches-3-5-billion-clinical-records-doh-011-119251.html,ok,200,,https://www.onearabia.me/local/malaffi-reaches-3-5-billion-clinical-records-doh-011-119251.html,,1,2026-10-01T15:29Z,,,,,ok
ARE,source,categories.clinical.sources[1],https://felixhappich.com/dubai/healthcare/nabidh/,ok,200,,https://felixhappich.com/dubai/healthcare/nabidh/,,3,2026-10-01T15:29Z,,,,,ok
ARE,source,categories.clinical.sources[2],https://mohap.gov.ae/documents/20117/590019/Riayati_Confidentiality_and_data_privacy_policy_V1.2.pdf/114cf9a6-69d8-32a1-53e7-6ef447d1a7f8,error,,,https://mohap.gov.ae/documents/20117/590019/Riayati_Confidentiality_and_data_privacy_policy_V1.2.pdf/114cf9a6-69d8-32a1-53e7-6ef447d1a7f8,ConnectError,3,2026-10-01T15:29Z,error,,ConnectError,2026-10-01T15:46Z,error
ARE,source,categories.research.sources[0],https://www.lexology.com/library/detail.aspx?g=e908b0b7-e655-477b-bdc6-3cffad88157f,blocked_unverified,403,403,https://www.lexology.com/library/detail.aspx?g=e908b0b7-e655-477b-bdc6-3cffad88157f,,3,2026-10-01T15:29Z,blocked_unverified,403,,2026-10-01T15:46Z,blocked_unverified
ARE,source,categories.research.sources[1],https://healthcareworld.com/uae-health-data-localisation-in-2022/,ok,200,,https://healthcareworld.com/uae-health-data-localisation-in-2022/,,4,2026-10-01T15:29Z,,,,,ok
ARE,source,categories.research.sources[2],https://www.intelligentcio.com/me/2025/08/19/malaffi-reaches-3-5-billion-clinical-records-setting-a-new-standard-for-healthcare-innovation-in-abu-dhabi/,ok,200,,https://www.intelligentcio.com/me/2025/08/19/malaffi-reaches-3-5-billion-clinical-records-setting-a-new-standard-for-healthcare-innovation-in-abu-dhabi/,,2,2026-10-01T15:29Z,,,,,ok
ARE,source,categories.ai.sources[0],https://www.doh.gov.ae/-/media/Feature/Resources/Standards/2025/Responsible-AI-Standard-V1.ashx,ok,200,,https://www.doh.gov.ae/-/media/Feature/Resources/Standards/2025/Responsible-AI-Standard-V1.ashx,,3,2026-10-01T15:29Z,,,,,ok
ARE,source,categories.ai.sources[1],https://www.ibanet.org/ai-healthcare-regulation-uae,ok,200,,https://www.ibanet.org/ai-healthcare-regulation-uae,,2,2026-10-01T15:29Z,,,,,ok
ARE,law,laws[0],https://uaelegislation.gov.ae/en/legislations/1209/download,blocked_unverified,403,403,https://uaelegislation.gov.ae/en/legislations/1209/download,,3,2026-10-01T15:29Z,blocked_unverified,403,,2026-10-01T15:46Z,blocked_unverified
ARE,law,laws[1],https://healthcareworld.com/uae-health-data-localisation-in-2022/,ok,200,,https://healthcareworld.com/uae-health-data-localisation-in-2022/,,4,2026-10-01T15:29Z,,,,,ok
ARE,law,laws[2],https://docs.modulos.ai/frameworks/uae-pdpl,ok,200,,https://docs.modulos.ai/frameworks/uae-pdpl,,2,2026-10-01T15:29Z,,,,,ok
ARE,law,laws[3],https://felixhappich.com/dubai/healthcare/nabidh/,ok,200,,https://felixhappich.com/dubai/healthcare/nabidh/,,3,2026-10-01T15:29Z,,,,,ok
ARE,law,laws[4],https://www.doh.gov.ae/-/media/Feature/Resources/Standards/2025/Responsible-AI-Standard-V1.ashx,ok,200,,https://www.doh.gov.ae/-/media/Feature/Resources/Standards/2025/Responsible-AI-Standard-V1.ashx,,3,2026-10-01T15:29Z,,,,,ok
ARE,law,laws[5],https://www.ibanet.org/ai-healthcare-regulation-uae,ok,200,,https://www.ibanet.org/ai-healthcare-regulation-uae,,2,2026-10-01T15:29Z,,,,,ok
ARE,news,news[0],https://www.doh.gov.ae/-/media/Feature/Resources/Standards/2025/Responsible-AI-Standard-V1.ashx,ok,200,,https://www.doh.gov.ae/-/media/Feature/Resources/Standards/2025/Responsible-AI-Standard-V1.ashx,,3,2026-10-01T15:29Z,,,,,ok
ARE,news,news[1],https://www.middleeastainews.com/p/worlds-first-ai-population-health,ok,200,,https://www.middleeastainews.com/p/worlds-first-ai-population-health,,1,2026-10-01T15:29Z,,,,,ok
ARE,news,news[2],https://economymiddleeast.com/news/dubai-health-authority-enabling-a-future-ready-health-sector-interview/,ok,200,,https://economymiddleeast.com/news/dubai-health-authority-enabling-a-future-ready-health-sector-interview/,,2,2026-10-01T15:29Z,,,,,ok
ARE,news,news[3],https://www.zawya.com/en/business/healthcare/emirates-health-services-boston-health-ai-launch-uaes-first-ai-physician-assistant-yngyxtvz,ok,200,,https://www.zawya.com/en/business/emirates-health-services-boston-health-ai-launch-uaes-first-ai-physician-assistant-361138,,1,2026-10-01T15:29Z,,,,,ok
ARG,source,categories.access.sources[0],https://servicios.infoleg.gob.ar/infolegInternet/anexos/160000-164999/160432/norma.htm,ok,200,,https://servicios.infoleg.gob.ar/infolegInternet/anexos/160000-164999/160432/norma.htm,,3,2026-10-01T15:29Z,,,,,ok
ARG,source,categories.access.sources[1],https://servicios.infoleg.gob.ar/infolegInternet/anexos/380000-384999/380710/norma.htm,ok,200,,https://servicios.infoleg.gob.ar/infolegInternet/anexos/380000-384999/380710/norma.htm,,3,2026-10-01T15:29Z,,,,,ok
ARG,source,categories.access.sources[2],https://servicios.infoleg.gob.ar/infolegInternet/anexos/60000-64999/64790/texact.htm,ok,200,,https://servicios.infoleg.gob.ar/infolegInternet/anexos/60000-64999/64790/texact.htm,,6,2026-10-01T15:29Z,,,,,ok
ARG,source,categories.control.sources[0],https://www.argentina.gob.ar/salud/digital/red,ok,200,,https://www.argentina.gob.ar/salud/digital/red,,2,2026-10-01T15:29Z,,,,,ok
ARG,source,categories.control.sources[1],https://servicios.infoleg.gob.ar/infolegInternet/anexos/60000-64999/64790/texact.htm,ok,200,,https://servicios.infoleg.gob.ar/infolegInternet/anexos/60000-64999/64790/texact.htm,,6,2026-10-01T15:29Z,,,,,ok
ARG,source,categories.privacy.sources[0],https://servicios.infoleg.gob.ar/infolegInternet/anexos/60000-64999/64790/texact.htm,ok,200,,https://servicios.infoleg.gob.ar/infolegInternet/anexos/60000-64999/64790/texact.htm,,6,2026-10-01T15:29Z,,,,,ok
ARG,source,categories.privacy.sources[1],https://www.argentina.gob.ar/aaip/datospersonales/proyecto-ley-datos-personales,ok,200,,https://www.argentina.gob.ar/aaip/datospersonales/proyecto-ley-datos-personales,,1,2026-10-01T15:29Z,,,,,ok
ARG,source,categories.commercial.sources[0],https://servicios.infoleg.gob.ar/infolegInternet/anexos/60000-64999/64790/texact.htm,ok,200,,https://servicios.infoleg.gob.ar/infolegInternet/anexos/60000-64999/64790/texact.htm,,6,2026-10-01T15:29Z,,,,,ok
ARG,source,categories.journey.sources[0],https://servicios.infoleg.gob.ar/infolegInternet/anexos/380000-384999/380710/norma.htm,ok,200,,https://servicios.infoleg.gob.ar/infolegInternet/anexos/380000-384999/380710/norma.htm,,3,2026-10-01T15:29Z,,,,,ok
ARG,source,categories.journey.sources[1],https://servicios.infoleg.gob.ar/infolegInternet/verVinculos.do?modo=2&id=380710,ok,200,,https://servicios.infoleg.gob.ar/infolegInternet/verVinculos.do?modo=2&id=380710,,2,2026-10-01T15:29Z,,,,,ok
ARG,source,categories.journey.sources[2],https://www.argentina.gob.ar/salud/digital/renapdis/receta-electronica,ok,200,,https://www.argentina.gob.ar/salud/digital/renapdis/receta-electronica,,2,2026-10-01T15:29Z,,,,,ok
ARG,source,categories.journey.sources[3],https://www.argentina.gob.ar/salud/digital/hsi,ok,200,,https://www.argentina.gob.ar/salud/digital/hsi,,1,2026-10-01T15:29Z,,,,,ok
ARG,source,categories.clinical.sources[0],https://www.argentina.gob.ar/salud/digital/red,ok,200,,https://www.argentina.gob.ar/salud/digital/red,,2,2026-10-01T15:29Z,,,,,ok
ARG,source,categories.clinical.sources[1],https://servicios.infoleg.gob.ar/infolegInternet/anexos/160000-164999/160432/norma.htm,ok,200,,https://servicios.infoleg.gob.ar/infolegInternet/anexos/160000-164999/160432/norma.htm,,3,2026-10-01T15:29Z,,,,,ok
ARG,source,categories.research.sources[0],https://servicios.infoleg.gob.ar/infolegInternet/anexos/60000-64999/64790/texact.htm,ok,200,,https://servicios.infoleg.gob.ar/infolegInternet/anexos/60000-64999/64790/texact.htm,,6,2026-10-01T15:29Z,,,,,ok
ARG,source,categories.ai.sources[0],https://www.argentina.gob.ar/aaip/noticias,ok,200,,https://www.argentina.gob.ar/aaip/noticias,,1,2026-10-01T15:29Z,,,,,ok
ARG,law,laws[0],https://servicios.infoleg.gob.ar/infolegInternet/anexos/160000-164999/160432/norma.htm,ok,200,,https://servicios.infoleg.gob.ar/infolegInternet/anexos/160000-164999/160432/norma.htm,,3,2026-10-01T15:29Z,,,,,ok
ARG,law,laws[1],https://servicios.infoleg.gob.ar/infolegInternet/anexos/60000-64999/64790/texact.htm,ok,200,,https://servicios.infoleg.gob.ar/infolegInternet/anexos/60000-64999/64790/texact.htm,,6,2026-10-01T15:29Z,,,,,ok
ARG,law,laws[2],https://servicios.infoleg.gob.ar/infolegInternet/anexos/380000-384999/380710/norma.htm,ok,200,,https://servicios.infoleg.gob.ar/infolegInternet/anexos/380000-384999/380710/norma.htm,,3,2026-10-01T15:29Z,,,,,ok
ARG,law,laws[3],https://servicios.infoleg.gob.ar/infolegInternet/verVinculos.do?modo=2&id=380710,ok,200,,https://servicios.infoleg.gob.ar/infolegInternet/verVinculos.do?modo=2&id=380710,,2,2026-10-01T15:29Z,,,,,ok
ARG,law,laws[4],https://www.argentina.gob.ar/salud/digital/renapdis/receta-electronica,ok,200,,https://www.argentina.gob.ar/salud/digital/renapdis/receta-electronica,,2,2026-10-01T15:29Z,,,,,ok
AUS,source,categories.access.sources[0],https://www.legislation.gov.au/F2025L01569/asmade/text,ok,200,,https://www.legislation.gov.au/F2025L01569/asmade/text,,5,2026-10-01T15:29Z,,,,,ok
AUS,source,categories.access.sources[1],https://www.legislation.gov.au/C2012A00063/latest/text,ok,200,,https://www.legislation.gov.au/C2012A00063/latest/text,,6,2026-10-01T15:29Z,,,,,ok
AUS,source,categories.control.sources[0],https://www.legislation.gov.au/C2012A00063/latest/text,ok,200,,https://www.legislation.gov.au/C2012A00063/latest/text,,6,2026-10-01T15:29Z,,,,,ok
AUS,source,categories.control.sources[1],https://www.legislation.gov.au/C2025A00008/asmade/text,ok,200,,https://www.legislation.gov.au/C2025A00008/asmade/text,,2,2026-10-01T15:29Z,,,,,ok
AUS,source,categories.privacy.sources[0],https://www.oaic.gov.au/news/media-centre/data-breach-notifications-increase-to-all-time-high-in-2025%2C-new-ndb-stats-show,ok,200,,https://www.oaic.gov.au/news/media-centre/data-breach-notifications-increase-to-all-time-high-in-2025%2C-new-ndb-stats-show,,2,2026-10-01T15:29Z,,,,,ok
AUS,source,categories.privacy.sources[1],https://www.legislation.gov.au/C2024A00128/latest/text,ok,200,,https://www.legislation.gov.au/C2024A00128/latest/text,,2,2026-10-01T15:29Z,,,,,ok
AUS,source,categories.privacy.sources[2],https://www.oaic.gov.au/privacy/notifiable-data-breaches/notifiable-data-breaches-publications/notifiable-data-breaches-report-july-to-december-2024,ok,200,,https://www.oaic.gov.au/privacy/notifiable-data-breaches/notifiable-data-breaches-publications/notifiable-data-breaches-report-july-to-december-2024,,1,2026-10-01T15:29Z,,,,,ok
AUS,source,categories.commercial.sources[0],https://www.oaic.gov.au/news/media-centre/privacy-commissioner-finds-privacy-breaches-in-third-party-tracking-pixel-investigation,ok,200,,https://www.oaic.gov.au/news/media-centre/privacy-commissioner-finds-privacy-breaches-in-third-party-tracking-pixel-investigation,,2,2026-10-01T15:29Z,,,,,ok
AUS,source,categories.commercial.sources[1],https://www.legislation.gov.au/C2012A00063/latest/text,ok,200,,https://www.legislation.gov.au/C2012A00063/latest/text,,6,2026-10-01T15:29Z,,,,,ok
AUS,source,categories.journey.sources[0],https://www.legislation.gov.au/F2025L01568/asmade/text,ok,200,,https://www.legislation.gov.au/F2025L01568/asmade/text,,1,2026-10-01T15:29Z,,,,,ok
AUS,source,categories.journey.sources[1],https://www.legislation.gov.au/F2025L01569/asmade/text,ok,200,,https://www.legislation.gov.au/F2025L01569/asmade/text,,5,2026-10-01T15:29Z,,,,,ok
AUS,source,categories.journey.sources[2],https://www.legislation.gov.au/F2026L00804/asmade/text,ok,200,,https://www.legislation.gov.au/F2026L00804/asmade/text,,2,2026-10-01T15:29Z,,,,,ok
AUS,source,categories.clinical.sources[0],https://www.legislation.gov.au/C2012A00063/latest/text,ok,200,,https://www.legislation.gov.au/C2012A00063/latest/text,,6,2026-10-01T15:29Z,,,,,ok
AUS,source,categories.clinical.sources[1],https://www.legislation.gov.au/F2025L01569/asmade/text,ok,200,,https://www.legislation.gov.au/F2025L01569/asmade/text,,5,2026-10-01T15:29Z,,,,,ok
AUS,source,categories.research.sources[0],https://www.legislation.gov.au/C2012A00063/latest/text,ok,200,,https://www.legislation.gov.au/C2012A00063/latest/text,,6,2026-10-01T15:29Z,,,,,ok
AUS,source,categories.ai.sources[0],https://www.legislation.gov.au/F2020L01598/asmade/text,ok,200,,https://www.legislation.gov.au/F2020L01598/asmade/text,,1,2026-10-01T15:29Z,,,,,ok
AUS,source,categories.ai.sources[1],https://www.legislation.gov.au/F2026L01167/asmade/text,ok,200,,https://www.legislation.gov.au/F2026L01167/asmade/text,,1,2026-10-01T15:29Z,,,,,ok
AUS,source,categories.ai.sources[2],https://www.oaic.gov.au/news/media-centre,ok,200,,https://www.oaic.gov.au/news/media-centre,,2,2026-10-01T15:29Z,,,,,ok
AUS,law,laws[0],https://www.legislation.gov.au/C2012A00063/latest/text,ok,200,,https://www.legislation.gov.au/C2012A00063/latest/text,,6,2026-10-01T15:29Z,,,,,ok
AUS,law,laws[1],https://www.legislation.gov.au/C2025A00008/asmade/text,ok,200,,https://www.legislation.gov.au/C2025A00008/asmade/text,,2,2026-10-01T15:29Z,,,,,ok
AUS,law,laws[2],https://www.legislation.gov.au/F2025L01569/asmade/text,ok,200,,https://www.legislation.gov.au/F2025L01569/asmade/text,,5,2026-10-01T15:29Z,,,,,ok
AUS,law,laws[3],https://www.legislation.gov.au/C2024A00128/latest/text,ok,200,,https://www.legislation.gov.au/C2024A00128/latest/text,,2,2026-10-01T15:29Z,,,,,ok
AUS,law,laws[4],https://www.legislation.gov.au/C2004A03712/latest/text,ok,200,,https://www.legislation.gov.au/C2004A03712/latest/text,,1,2026-10-01T15:29Z,,,,,ok
AUS,news,news[0],https://www.legislation.gov.au/F2025L01569/asmade/text,ok,200,,https://www.legislation.gov.au/F2025L01569/asmade/text,,5,2026-10-01T15:29Z,,,,,ok
AUS,news,news[1],https://www.oaic.gov.au/news/media-centre/data-breach-notifications-increase-to-all-time-high-in-2025%2C-new-ndb-stats-show,ok,200,,https://www.oaic.gov.au/news/media-centre/data-breach-notifications-increase-to-all-time-high-in-2025%2C-new-ndb-stats-show,,2,2026-10-01T15:29Z,,,,,ok
AUS,news,news[2],https://www.oaic.gov.au/news/media-centre/privacy-commissioner-finds-privacy-breaches-in-third-party-tracking-pixel-investigation,ok,200,,https://www.oaic.gov.au/news/media-centre/privacy-commissioner-finds-privacy-breaches-in-third-party-tracking-pixel-investigation,,2,2026-10-01T15:29Z,,,,,ok
AUS,news,news[3],https://www.legislation.gov.au/F2026L00804/asmade/text,ok,200,,https://www.legislation.gov.au/F2026L00804/asmade/text,,2,2026-10-01T15:29Z,,,,,ok
AUS,news,news[4],https://www.oaic.gov.au/news/media-centre,ok,200,,https://www.oaic.gov.au/news/media-centre,,2,2026-10-01T15:29Z,,,,,ok
AUT,source,categories.access.sources[0],https://www.oesterreich.gv.at/de/themen/gesundheit/elektronisches-gesundheitssystem/elga_elektronische_gesundheitsakte/Seite.3110001,ok,200,,https://www.oesterreich.gv.at/de/themen/gesundheit/elektronisches-gesundheitssystem/elga_elektronische_gesundheitsakte/Seite.3110001,,5,2026-10-01T15:29Z,,,,,ok
AUT,source,categories.access.sources[1],https://www.gesundheit.gv.at/gesundheitsleistungen/elga/e-befund.html,ok,200,,https://www.gesundheit.gv.at/gesundheitsleistungen/elga/e-befund.html,,3,2026-10-01T15:29Z,,,,,ok
AUT,source,categories.access.sources[2],https://orf.at/stories/3394591/,ok,200,,https://orf.at/stories/3394591/,,1,2026-10-01T15:29Z,,,,,ok
AUT,source,categories.access.sources[3],https://www.rechnungshof.gv.at/rh/home/news/Meldungen_2024/Potenzial_von_elektronischer_Gesundheitsakte_ELGA.html,ok,200,,https://www.rechnungshof.gv.at/rh/home/news/Meldungen_2024/Potenzial_von_elektronischer_Gesundheitsakte_ELGA.html,,1,2026-10-01T15:29Z,,,,,ok
AUT,source,categories.control.sources[0],https://www.elga.gv.at/faq/teilnahme-an-elga/,ok,200,,https://www.elga.gv.at/faq/teilnahme-an-elga/,,1,2026-10-01T15:29Z,,,,,ok
AUT,source,categories.control.sources[1],https://www.oesterreich.gv.at/de/themen/gesundheit/elektronisches-gesundheitssystem/elga_elektronische_gesundheitsakte/Seite.3110001,ok,200,,https://www.oesterreich.gv.at/de/themen/gesundheit/elektronisches-gesundheitssystem/elga_elektronische_gesundheitsakte/Seite.3110001,,5,2026-10-01T15:29Z,,,,,ok
AUT,source,categories.control.sources[2],https://www.gesundheit.gv.at/gesundheitsleistungen/elga/e-befund.html,ok,200,,https://www.gesundheit.gv.at/gesundheitsleistungen/elga/e-befund.html,,3,2026-10-01T15:29Z,,,,,ok
AUT,source,categories.control.sources[3],https://www.medmedia.at/relatus-med/elga-opt-out-sorgt-fuer-streit/,ok,200,,https://www.medmedia.at/relatus-med/elga-opt-out-sorgt-fuer-streit/,,1,2026-10-01T15:29Z,,,,,ok
AUT,source,categories.privacy.sources[0],https://eur-lex.europa.eu/eli/reg/2016/679/oj/eng,ok,202,,https://eur-lex.europa.eu/eli/reg/2016/679/oj/eng,,19,2026-10-01T15:29Z,,,,,ok
AUT,source,categories.privacy.sources[1],https://www.oesterreich.gv.at/de/themen/gesundheit/elektronisches-gesundheitssystem/elga_elektronische_gesundheitsakte/Seite.3110001,ok,200,,https://www.oesterreich.gv.at/de/themen/gesundheit/elektronisches-gesundheitssystem/elga_elektronische_gesundheitsakte/Seite.3110001,,5,2026-10-01T15:29Z,,,,,ok
AUT,source,categories.commercial.sources[0],https://eur-lex.europa.eu/eli/reg/2016/679/oj/eng,ok,202,,https://eur-lex.europa.eu/eli/reg/2016/679/oj/eng,,19,2026-10-01T15:29Z,,,,,ok
AUT,source,categories.commercial.sources[1],https://health.ec.europa.eu/ehealth-digital-health-and-care/european-health-data-space-regulation-ehds_en,ok,200,,https://health.ec.europa.eu/ehealth-digital-health-and-care/european-health-data-space-regulation-ehds_en,,31,2026-10-01T15:29Z,,,,,ok
AUT,source,categories.commercial.sources[2],https://www.gesundheitswirtschaft.at/publikation/67-jg-2026-2/ehds-daten-fuer-die-forschung/,ok,200,,https://www.gesundheitswirtschaft.at/publikation/67-jg-2026-2/ehds-daten-fuer-die-forschung/,,1,2026-10-01T15:29Z,,,,,ok
AUT,source,categories.journey.sources[0],https://www.gesundheit.gv.at/gesundheitsleistungen/elga/e-befund.html,ok,200,,https://www.gesundheit.gv.at/gesundheitsleistungen/elga/e-befund.html,,3,2026-10-01T15:29Z,,,,,ok
AUT,source,categories.journey.sources[1],https://hashtagpraxis.com/2025/12/pflicht-zur-elga-anbindung-fuer-wahlaerztinnen-ab-2026-diese-aenderungen-kommen-auf-ordinationen-zu/,ok,200,,https://hashtagpraxis.com/2025/12/pflicht-zur-elga-anbindung-fuer-wahlaerztinnen-ab-2026-diese-aenderungen-kommen-auf-ordinationen-zu/,,3,2026-10-01T15:29Z,,,,,ok
AUT,source,categories.journey.sources[2],https://www.elga.gv.at/news/,ok,200,,https://www.elga.gv.at/news/elga-news/,,4,2026-10-01T15:29Z,,,,,ok
AUT,source,categories.journey.sources[3],https://www.meinbezirk.at/c-gesundheit/diagnosecodierung-bei-hausaerzten-startet-mit-testphase_a7868852,ok,200,,https://www.meinbezirk.at/c-gesundheit/diagnosecodierung-bei-hausaerzten-startet-mit-testphase_a7868852,,2,2026-10-01T15:29Z,,,,,ok
AUT,source,categories.clinical.sources[0],https://www.oesterreich.gv.at/de/themen/gesundheit/elektronisches-gesundheitssystem/elga_elektronische_gesundheitsakte/Seite.3110001,ok,200,,https://www.oesterreich.gv.at/de/themen/gesundheit/elektronisches-gesundheitssystem/elga_elektronische_gesundheitsakte/Seite.3110001,,5,2026-10-01T15:29Z,,,,,ok
AUT,source,categories.clinical.sources[1],https://www.elga.gv.at/news/,ok,200,,https://www.elga.gv.at/news/elga-news/,,4,2026-10-01T15:29Z,,,,,ok
AUT,source,categories.research.sources[0],https://digioneer.pro/registerdaten-amdc-frist-forschung/,ok,200,,https://digioneer.pro/registerdaten-amdc-frist-forschung/,,2,2026-10-01T15:29Z,,,,,ok
AUT,source,categories.research.sources[1],https://health.ec.europa.eu/ehealth-digital-health-and-care/european-health-data-space-regulation-ehds_en,ok,200,,https://health.ec.europa.eu/ehealth-digital-health-and-care/european-health-data-space-regulation-ehds_en,,31,2026-10-01T15:29Z,,,,,ok
AUT,source,categories.ai.sources[0],https://digital-strategy.ec.europa.eu/en/policies/regulatory-framework-ai,ok,200,,https://digital-strategy.ec.europa.eu/en/policies/regulatory-framework-ai,,10,2026-10-01T15:29Z,,,,,ok
AUT,law,laws[0],https://eur-lex.europa.eu/eli/reg/2016/679/oj/eng,ok,202,,https://eur-lex.europa.eu/eli/reg/2016/679/oj/eng,,19,2026-10-01T15:29Z,,,,,ok
AUT,law,laws[1],https://www.oesterreich.gv.at/de/themen/gesundheit/elektronisches-gesundheitssystem/elga_elektronische_gesundheitsakte/Seite.3110001,ok,200,,https://www.oesterreich.gv.at/de/themen/gesundheit/elektronisches-gesundheitssystem/elga_elektronische_gesundheitsakte/Seite.3110001,,5,2026-10-01T15:29Z,,,,,ok
AUT,law,laws[2],https://hashtagpraxis.com/2025/12/pflicht-zur-elga-anbindung-fuer-wahlaerztinnen-ab-2026-diese-aenderungen-kommen-auf-ordinationen-zu/,ok,200,,https://hashtagpraxis.com/2025/12/pflicht-zur-elga-anbindung-fuer-wahlaerztinnen-ab-2026-diese-aenderungen-kommen-auf-ordinationen-zu/,,3,2026-10-01T15:29Z,,,,,ok
AUT,law,laws[3],https://eur-lex.europa.eu/eli/reg/2025/327/oj/eng,ok,202,,https://eur-lex.europa.eu/eli/reg/2025/327/oj/eng,,17,2026-10-01T15:29Z,,,,,ok
AUT,law,laws[4],https://digital-strategy.ec.europa.eu/en/policies/regulatory-framework-ai,ok,200,,https://digital-strategy.ec.europa.eu/en/policies/regulatory-framework-ai,,10,2026-10-01T15:29Z,,,,,ok
AUT,news,news[0],https://www.meinbezirk.at/c-gesundheit/diagnosecodierung-bei-hausaerzten-startet-mit-testphase_a7868852,ok,200,,https://www.meinbezirk.at/c-gesundheit/diagnosecodierung-bei-hausaerzten-startet-mit-testphase_a7868852,,2,2026-10-01T15:29Z,,,,,ok
AUT,news,news[1],https://hashtagpraxis.com/2025/12/pflicht-zur-elga-anbindung-fuer-wahlaerztinnen-ab-2026-diese-aenderungen-kommen-auf-ordinationen-zu/,ok,200,,https://hashtagpraxis.com/2025/12/pflicht-zur-elga-anbindung-fuer-wahlaerztinnen-ab-2026-diese-aenderungen-kommen-auf-ordinationen-zu/,,3,2026-10-01T15:29Z,,,,,ok
AUT,news,news[2],https://www.elga.gv.at/news/,ok,200,,https://www.elga.gv.at/news/elga-news/,,4,2026-10-01T15:29Z,,,,,ok
AUT,news,news[3],https://www.elga.gv.at/news/,ok,200,,https://www.elga.gv.at/news/elga-news/,,4,2026-10-01T15:29Z,,,,,ok
AUT,news,news[4],https://digioneer.pro/registerdaten-amdc-frist-forschung/,ok,200,,https://digioneer.pro/registerdaten-amdc-frist-forschung/,,2,2026-10-01T15:29Z,,,,,ok
BEL,source,categories.access.sources[0],https://www.icthealth.org/news/belgium-achieves-maximum-score-in-eu-ehealth-indicator-study,ok,200,,https://www.icthealth.org/news/belgium-achieves-maximum-score-in-eu-ehealth-indicator-study,,1,2026-10-01T15:29Z,,,,,ok
BEL,source,categories.access.sources[1],https://ca.news.yahoo.com/digital-health-across-europe-country-060207201.html,ok,200,,https://ca.news.yahoo.com/digital-health-across-europe-country-060207201.html,,8,2026-10-01T15:29Z,,,,,ok
BEL,source,categories.access.sources[2],https://www.lespecialiste.be/fr/actualites/socio-professionnel/e-sante-pourquoi-le-paradigm-shift-de-2026-va-tout-changer.html,ok,200,,https://www.lespecialiste.be/fr/actualites/socio-professionnel/e-sante-pourquoi-le-paradigm-shift-de-2026-va-tout-changer.html,,4,2026-10-01T15:29Z,,,,,ok
BEL,source,categories.access.sources[3],https://www.health.belgium.be/fr/professionnels/professionnels-sante/sante-humaine/qualite-securite-soins-sante/droits-patients/droits-patient,ok,200,,https://www.health.belgium.be/fr/professionnels/professionnels-sante/sante-humaine/qualite-securite-soins-sante/droits-patients/droits-patient,,2,2026-10-01T15:29Z,,,,,ok
BEL,source,categories.control.sources[0],https://brusselshealthnetwork.be/en/patients/im-inquiring/my-shared-health-record/who-has-access-to-my-health-record/,ok,200,,https://brusselshealthnetwork.be/en/patients/im-inquiring/my-shared-health-record/who-has-access-to-my-health-record/,,3,2026-10-01T15:29Z,,,,,ok
BEL,source,categories.control.sources[1],https://www.cm.be/en/careproviders/doctors/patient-data,blocked_unverified,403,403,https://www.cm.be/en/careproviders/doctors/patient-data,,3,2026-10-01T15:29Z,blocked_unverified,403,,2026-10-01T15:46Z,blocked_unverified
BEL,source,categories.control.sources[2],https://www.lespecialiste.be/fr/actualites/socio-professionnel/e-sante-pourquoi-le-paradigm-shift-de-2026-va-tout-changer.html,ok,200,,https://www.lespecialiste.be/fr/actualites/socio-professionnel/e-sante-pourquoi-le-paradigm-shift-de-2026-va-tout-changer.html,,4,2026-10-01T15:29Z,,,,,ok
BEL,source,categories.privacy.sources[0],https://www.medi-sphere.be/fr/actualites/e-health/dmi-comment-le-passage-au-bihr-impactera-la-pratique-medicale.html,ok,200,,https://www.medi-sphere.be/fr/actualites/e-health/dmi-comment-le-passage-au-bihr-impactera-la-pratique-medicale.html,,5,2026-10-01T15:29Z,,,,,ok
BEL,source,categories.privacy.sources[1],https://brusselshealthnetwork.be/en/patients/im-inquiring/my-shared-health-record/who-has-access-to-my-health-record/,ok,200,,https://brusselshealthnetwork.be/en/patients/im-inquiring/my-shared-health-record/who-has-access-to-my-health-record/,,3,2026-10-01T15:29Z,,,,,ok
BEL,source,categories.commercial.sources[0],https://www.hlc.com/en/publications/creation-of-a-health-data-agency-in-belgium-a-key-agency-for-the-future-european-health-data-space,ok,200,,https://www.hlc.com/en/publications/creation-of-a-health-data-agency-in-belgium-a-key-agency-for-the-future-european-health-data-space,,3,2026-10-01T15:29Z,,,,,ok
BEL,source,categories.journey.sources[0],https://www.cm.be/en/careproviders/doctors/patient-data,blocked_unverified,403,403,https://www.cm.be/en/careproviders/doctors/patient-data,,3,2026-10-01T15:29Z,blocked_unverified,403,,2026-10-01T15:46Z,blocked_unverified
BEL,source,categories.journey.sources[1],https://www.lespecialiste.be/fr/actualites/socio-professionnel/e-sante-pourquoi-le-paradigm-shift-de-2026-va-tout-changer.html,ok,200,,https://www.lespecialiste.be/fr/actualites/socio-professionnel/e-sante-pourquoi-le-paradigm-shift-de-2026-va-tout-changer.html,,4,2026-10-01T15:29Z,,,,,ok
BEL,source,categories.journey.sources[2],https://www.medi-sphere.be/fr/actualites/e-health/dmi-comment-le-passage-au-bihr-impactera-la-pratique-medicale.html,ok,200,,https://www.medi-sphere.be/fr/actualites/e-health/dmi-comment-le-passage-au-bihr-impactera-la-pratique-medicale.html,,5,2026-10-01T15:29Z,,,,,ok
BEL,source,categories.journey.sources[3],https://www.lespecialiste.be/fr/actualites/e-health/e-sante-le-plan-se-deploie-sans-attendre-son-adoption-formelle.html,ok,200,,https://www.lespecialiste.be/fr/actualites/e-health/e-sante-le-plan-se-deploie-sans-attendre-son-adoption-formelle.html,,2,2026-10-01T15:29Z,,,,,ok
BEL,source,categories.clinical.sources[0],https://www.cm.be/en/careproviders/doctors/patient-data,blocked_unverified,403,403,https://www.cm.be/en/careproviders/doctors/patient-data,,3,2026-10-01T15:29Z,blocked_unverified,403,,2026-10-01T15:46Z,blocked_unverified
BEL,source,categories.clinical.sources[1],https://brusselshealthnetwork.be/en/patients/im-inquiring/my-shared-health-record/who-has-access-to-my-health-record/,ok,200,,https://brusselshealthnetwork.be/en/patients/im-inquiring/my-shared-health-record/who-has-access-to-my-health-record/,,3,2026-10-01T15:29Z,,,,,ok
BEL,source,categories.clinical.sources[2],https://www.medi-sphere.be/fr/actualites/e-health/dmi-comment-le-passage-au-bihr-impactera-la-pratique-medicale.html,ok,200,,https://www.medi-sphere.be/fr/actualites/e-health/dmi-comment-le-passage-au-bihr-impactera-la-pratique-medicale.html,,5,2026-10-01T15:29Z,,,,,ok
BEL,source,categories.research.sources[0],https://www.hlc.com/en/publications/creation-of-a-health-data-agency-in-belgium-a-key-agency-for-the-future-european-health-data-space,ok,200,,https://www.hlc.com/en/publications/creation-of-a-health-data-agency-in-belgium-a-key-agency-for-the-future-european-health-data-space,,3,2026-10-01T15:29Z,,,,,ok
BEL,source,categories.research.sources[1],https://www.medi-sphere.be/fr/actualites/e-health/dmi-comment-le-passage-au-bihr-impactera-la-pratique-medicale.html,ok,200,,https://www.medi-sphere.be/fr/actualites/e-health/dmi-comment-le-passage-au-bihr-impactera-la-pratique-medicale.html,,5,2026-10-01T15:29Z,,,,,ok
BEL,source,categories.ai.sources[0],https://www.cuatrecasas.com/en/global/intellectual-property/art/digital-omnibus-ai-has-been-published,ok,200,,https://www.cuatrecasas.com/en/global/intellectual-property/art/digital-omnibus-ai-has-been-published,,23,2026-10-01T15:29Z,,,,,ok
BEL,law,laws[0],https://www.health.belgium.be/fr/professionnels/professionnels-sante/sante-humaine/qualite-securite-soins-sante/droits-patients/droits-patient,ok,200,,https://www.health.belgium.be/fr/professionnels/professionnels-sante/sante-humaine/qualite-securite-soins-sante/droits-patients/droits-patient,,2,2026-10-01T15:29Z,,,,,ok
BEL,law,laws[1],https://www.hlc.com/en/publications/creation-of-a-health-data-agency-in-belgium-a-key-agency-for-the-future-european-health-data-space,ok,200,,https://www.hlc.com/en/publications/creation-of-a-health-data-agency-in-belgium-a-key-agency-for-the-future-european-health-data-space,,3,2026-10-01T15:29Z,,,,,ok
BEL,law,laws[2],https://eur-lex.europa.eu/eli/reg/2025/327/oj/eng,ok,202,,https://eur-lex.europa.eu/eli/reg/2025/327/oj/eng,,17,2026-10-01T15:29Z,,,,,ok
BEL,law,laws[3],https://eur-lex.europa.eu/eli/reg/2016/679/oj/eng,ok,202,,https://eur-lex.europa.eu/eli/reg/2016/679/oj/eng,,19,2026-10-01T15:29Z,,,,,ok
BEL,law,laws[4],https://www.cuatrecasas.com/en/global/intellectual-property/art/digital-omnibus-ai-has-been-published,ok,200,,https://www.cuatrecasas.com/en/global/intellectual-property/art/digital-omnibus-ai-has-been-published,,23,2026-10-01T15:29Z,,,,,ok
BEL,news,news[0],https://www.medi-sphere.be/fr/actualites/e-health/dmi-comment-le-passage-au-bihr-impactera-la-pratique-medicale.html,ok,200,,https://www.medi-sphere.be/fr/actualites/e-health/dmi-comment-le-passage-au-bihr-impactera-la-pratique-medicale.html,,5,2026-10-01T15:29Z,,,,,ok
BEL,news,news[1],https://www.lespecialiste.be/fr/actualites/socio-professionnel/e-sante-pourquoi-le-paradigm-shift-de-2026-va-tout-changer.html,ok,200,,https://www.lespecialiste.be/fr/actualites/socio-professionnel/e-sante-pourquoi-le-paradigm-shift-de-2026-va-tout-changer.html,,4,2026-10-01T15:29Z,,,,,ok
BEL,news,news[2],https://ca.news.yahoo.com/digital-health-across-europe-country-060207201.html,ok,200,,https://ca.news.yahoo.com/digital-health-across-europe-country-060207201.html,,8,2026-10-01T15:29Z,,,,,ok
BEL,news,news[3],https://www.lespecialiste.be/fr/actualites/e-health/e-sante-le-plan-se-deploie-sans-attendre-son-adoption-formelle.html,ok,200,,https://www.lespecialiste.be/fr/actualites/e-health/e-sante-le-plan-se-deploie-sans-attendre-son-adoption-formelle.html,,2,2026-10-01T15:29Z,,,,,ok
BEL,news,news[4],https://www.cuatrecasas.com/en/global/intellectual-property/art/digital-omnibus-ai-has-been-published,ok,200,,https://www.cuatrecasas.com/en/global/intellectual-property/art/digital-omnibus-ai-has-been-published,,23,2026-10-01T15:29Z,,,,,ok
BGR,source,categories.access.sources[0],https://asp.government.bg/uploaded/files/7032-zakon-za-zdraveto-28032025.pdf,ok,200,,https://asp.government.bg/uploaded/files/7032-zakon-za-zdraveto-28032025.pdf,,6,2026-10-01T15:29Z,,,,,ok
BGR,source,categories.access.sources[1],https://dv.parliament.bg/DVWeb/showMaterialDV.jsp?idMat=182160,ok,200,,https://dv.parliament.bg/DVWeb/showMaterialDV.jsp?idMat=182160,,6,2026-10-01T15:29Z,,,,,ok
BGR,source,categories.access.sources[2],https://www.mh.government.bg/bg/novini/aktualno/4340,ok,200,,https://www.mh.government.bg/bg/novini/aktualno/4340,,2,2026-10-01T15:29Z,,,,,ok
BGR,source,categories.access.sources[3],https://www.bta.bg/bg/news/bulgaria/1065556-blizo-500-000-grazhdani-imat-dostap-do-zdravnite-si-dosieta-chrez-mobilnoto-pril,ok,200,,https://www.bta.bg/bg/news/bulgaria/1065556-blizo-500-000-grazhdani-imat-dostap-do-zdravnite-si-dosieta-chrez-mobilnoto-pril,,2,2026-10-01T15:29Z,,,,,ok
BGR,source,categories.control.sources[0],https://dv.parliament.bg/DVWeb/showMaterialDV.jsp?idMat=182160,ok,200,,https://dv.parliament.bg/DVWeb/showMaterialDV.jsp?idMat=182160,,6,2026-10-01T15:29Z,,,,,ok
BGR,source,categories.control.sources[1],https://his.bg/bg/news/89,ok,200,,https://his.bg/bg/news/89,,1,2026-10-01T15:29Z,,,,,ok
BGR,source,categories.control.sources[2],https://asp.government.bg/uploaded/files/7032-zakon-za-zdraveto-28032025.pdf,ok,200,,https://asp.government.bg/uploaded/files/7032-zakon-za-zdraveto-28032025.pdf,,6,2026-10-01T15:29Z,,,,,ok
BGR,source,categories.privacy.sources[0],https://cpdp.bg/wp-content/uploads/2026/04/corrected-Annual-report_2025_CPDP-12.03.2026-%D1%84%D0%B8%D0%BD%D0%B0%D0%BB.pdf,error,,,https://cpdp.bg/wp-content/uploads/2026/04/corrected-Annual-report_2025_CPDP-12.03.2026-%D1%84%D0%B8%D0%BD%D0%B0%D0%BB.pdf,ConnectError,1,2026-10-01T15:29Z,ok,200,,2026-10-01T15:46Z,ok
BGR,source,categories.privacy.sources[1],https://utroruse.com/article/987626/,ok,200,,https://utroruse.com/article/987626/,,1,2026-10-01T15:29Z,,,,,ok
BGR,source,categories.privacy.sources[2],https://commission.europa.eu/law/law-topic/data-protection/data-protection-eu_en,ok,200,,https://commission.europa.eu/law/law-topic/data-protection/legal-framework-eu-data-protection_en,,2,2026-10-01T15:29Z,,,,,ok
BGR,source,categories.commercial.sources[0],https://asp.government.bg/uploaded/files/7032-zakon-za-zdraveto-28032025.pdf,ok,200,,https://asp.government.bg/uploaded/files/7032-zakon-za-zdraveto-28032025.pdf,,6,2026-10-01T15:29Z,,,,,ok
BGR,source,categories.commercial.sources[1],https://dv.parliament.bg/DVWeb/showMaterialDV.jsp?idMat=182160,ok,200,,https://dv.parliament.bg/DVWeb/showMaterialDV.jsp?idMat=182160,,6,2026-10-01T15:29Z,,,,,ok
BGR,source,categories.journey.sources[0],https://asp.government.bg/uploaded/files/7032-zakon-za-zdraveto-28032025.pdf,ok,200,,https://asp.government.bg/uploaded/files/7032-zakon-za-zdraveto-28032025.pdf,,6,2026-10-01T15:29Z,,,,,ok
BGR,source,categories.journey.sources[1],"https://www.zdrave.net/%D0%9D%D0%BE%D0%B2%D0%B8%D0%BD%D0%B8/%D0%91%D0%BB%D0%B8%D0%B7%D0%BE-29-%D0%BC%D0%BB%D0%BD.-%D0%B5-%D0%BF%D1%80%D0%B5%D0%B3%D0%BB%D0%B5%D0%B4%D0%B0-%D1%80%D0%B5%D0%B3%D0%B8%D1%81%D1%82%D1%80%D0%B8%D1%80%D0%B0%D0%BD%D0%B8-%D0%B2-%D0%9D%D0%97%D0%98%D0%A1-%D0%BE%D1%82-%D0%BD%D0%B0%D1%87%D0%B0%D0%BB%D0%BE%D1%82%D0%BE-%D0%BD%D0%B0-2025-%D0%B3.,-%D0%BD%D0%B0%D0%B4-%D0%BF%D0%BE%D0%BB%D0%BE%D0%B2%D0%B8%D0%BD%D0%B0%D1%82%D0%B0-%D1%81%D0%B0-%D0%BF%D1%80%D0%B8-%D0%B4%D0%B6%D0%B8%D0%BF%D0%B8%D1%82%D0%B0/n34757",ok,200,,"https://www.zdrave.net/%D0%9D%D0%BE%D0%B2%D0%B8%D0%BD%D0%B8/%D0%91%D0%BB%D0%B8%D0%B7%D0%BE-29-%D0%BC%D0%BB%D0%BD.-%D0%B5-%D0%BF%D1%80%D0%B5%D0%B3%D0%BB%D0%B5%D0%B4%D0%B0-%D1%80%D0%B5%D0%B3%D0%B8%D1%81%D1%82%D1%80%D0%B8%D1%80%D0%B0%D0%BD%D0%B8-%D0%B2-%D0%9D%D0%97%D0%98%D0%A1-%D0%BE%D1%82-%D0%BD%D0%B0%D1%87%D0%B0%D0%BB%D0%BE%D1%82%D0%BE-%D0%BD%D0%B0-2025-%D0%B3.,-%D0%BD%D0%B0%D0%B4-%D0%BF%D0%BE%D0%BB%D0%BE%D0%B2%D0%B8%D0%BD%D0%B0%D1%82%D0%B0-%D1%81%D0%B0-%D0%BF%D1%80%D0%B8-%D0%B4%D0%B6%D0%B8%D0%BF%D0%B8%D1%82%D0%B0/n34757",,1,2026-10-01T15:29Z,,,,,ok
BGR,source,categories.journey.sources[2],https://his.bg/bg/info/roadmap,ok,200,,https://his.bg/bg/info/roadmap,,1,2026-10-01T15:29Z,,,,,ok
BGR,source,categories.journey.sources[3],https://zdrave.to/saveti-ot-spetsialisti/speshnoto-pacientsko-dosie-vliza-v-e-zdrave,ok,200,,https://zdrave.to/saveti-ot-spetsialisti/speshnoto-pacientsko-dosie-vliza-v-e-zdrave,,3,2026-10-01T15:29Z,,,,,ok
BGR,source,categories.clinical.sources[0],https://www.mh.government.bg/bg/novini/aktualno/4340,ok,200,,https://www.mh.government.bg/bg/novini/aktualno/4340,,2,2026-10-01T15:29Z,,,,,ok
BGR,source,categories.clinical.sources[1],https://dv.parliament.bg/DVWeb/showMaterialDV.jsp?idMat=182160,ok,200,,https://dv.parliament.bg/DVWeb/showMaterialDV.jsp?idMat=182160,,6,2026-10-01T15:29Z,,,,,ok
BGR,source,categories.clinical.sources[2],https://zdrave.to/saveti-ot-spetsialisti/speshnoto-pacientsko-dosie-vliza-v-e-zdrave,ok,200,,https://zdrave.to/saveti-ot-spetsialisti/speshnoto-pacientsko-dosie-vliza-v-e-zdrave,,3,2026-10-01T15:29Z,,,,,ok
BGR,source,categories.research.sources[0],https://asp.government.bg/uploaded/files/7032-zakon-za-zdraveto-28032025.pdf,ok,200,,https://asp.government.bg/uploaded/files/7032-zakon-za-zdraveto-28032025.pdf,,6,2026-10-01T15:29Z,,,,,ok
BGR,source,categories.research.sources[1],https://dv.parliament.bg/DVWeb/showMaterialDV.jsp?idMat=182160,ok,200,,https://dv.parliament.bg/DVWeb/showMaterialDV.jsp?idMat=182160,,6,2026-10-01T15:29Z,,,,,ok
BGR,source,categories.research.sources[2],https://health.ec.europa.eu/ehealth-digital-health-and-care/european-health-data-space-regulation-ehds_en,ok,200,,https://health.ec.europa.eu/ehealth-digital-health-and-care/european-health-data-space-regulation-ehds_en,,31,2026-10-01T15:29Z,,,,,ok
BGR,source,categories.ai.sources[0],https://digital-strategy.ec.europa.eu/en/policies/regulatory-framework-ai,ok,200,,https://digital-strategy.ec.europa.eu/en/policies/regulatory-framework-ai,,10,2026-10-01T15:29Z,,,,,ok
BGR,source,categories.ai.sources[1],https://debati.bg/zakonodatelen-akt-za-izkustveniya-intelekt-balgariya-vse-osthe-nyama-nadzor-nad-visokoriskovite-sistemi/,ok,200,,https://debati.bg/zakonodatelen-akt-za-izkustveniya-intelekt-balgariya-vse-osthe-nyama-nadzor-nad-visokoriskovite-sistemi/,,2,2026-10-01T15:29Z,,,,,ok
BGR,source,categories.ai.sources[2],https://novini247.com/novini/nov-zakon-za-izpolzvaneto-i-razvitieto-na-izkustveniya-intelekt-e_11238882.html,ok,200,,https://novini247.com/novini/nov-zakon-za-izpolzvaneto-i-razvitieto-na-izkustveniya-intelekt-e_11238882.html,,1,2026-10-01T15:29Z,,,,,ok
BGR,law,laws[0],https://commission.europa.eu/law/law-topic/data-protection/data-protection-eu_en,ok,200,,https://commission.europa.eu/law/law-topic/data-protection/legal-framework-eu-data-protection_en,,2,2026-10-01T15:29Z,,,,,ok
BGR,law,laws[1],https://asp.government.bg/uploaded/files/7032-zakon-za-zdraveto-28032025.pdf,ok,200,,https://asp.government.bg/uploaded/files/7032-zakon-za-zdraveto-28032025.pdf,,6,2026-10-01T15:29Z,,,,,ok
BGR,law,laws[2],https://dv.parliament.bg/DVWeb/showMaterialDV.jsp?idMat=182160,ok,200,,https://dv.parliament.bg/DVWeb/showMaterialDV.jsp?idMat=182160,,6,2026-10-01T15:29Z,,,,,ok
BGR,law,laws[3],https://health.ec.europa.eu/ehealth-digital-health-and-care/european-health-data-space-regulation-ehds_en,ok,200,,https://health.ec.europa.eu/ehealth-digital-health-and-care/european-health-data-space-regulation-ehds_en,,31,2026-10-01T15:29Z,,,,,ok
BGR,law,laws[4],https://digital-strategy.ec.europa.eu/en/policies/regulatory-framework-ai,ok,200,,https://digital-strategy.ec.europa.eu/en/policies/regulatory-framework-ai,,10,2026-10-01T15:29Z,,,,,ok
BGR,news,news[0],https://debati.bg/zakonodatelen-akt-za-izkustveniya-intelekt-balgariya-vse-osthe-nyama-nadzor-nad-visokoriskovite-sistemi/,ok,200,,https://debati.bg/zakonodatelen-akt-za-izkustveniya-intelekt-balgariya-vse-osthe-nyama-nadzor-nad-visokoriskovite-sistemi/,,2,2026-10-01T15:29Z,,,,,ok
BGR,news,news[1],https://www.bta.bg/bg/news/bulgaria/1065556-blizo-500-000-grazhdani-imat-dostap-do-zdravnite-si-dosieta-chrez-mobilnoto-pril,ok,200,,https://www.bta.bg/bg/news/bulgaria/1065556-blizo-500-000-grazhdani-imat-dostap-do-zdravnite-si-dosieta-chrez-mobilnoto-pril,,2,2026-10-01T15:29Z,,,,,ok
BGR,news,news[2],https://www.pbnovini.com/balgariya/2026/zdraveopazvaneto-vliza-v-digitalna-era-kak-shte-raboti-telemeditsinata-u-nas/,ok,200,,https://www.pbnovini.com/balgariya/2026/zdraveopazvaneto-vliza-v-digitalna-era-kak-shte-raboti-telemeditsinata-u-nas/,,1,2026-10-01T15:29Z,,,,,ok
BGR,news,news[3],https://zdrave.to/saveti-ot-spetsialisti/speshnoto-pacientsko-dosie-vliza-v-e-zdrave,ok,200,,https://zdrave.to/saveti-ot-spetsialisti/speshnoto-pacientsko-dosie-vliza-v-e-zdrave,,3,2026-10-01T15:29Z,,,,,ok
BGR,news,news[4],https://novini247.com/novini/kakvi-meditsinski-deynosti-sa-otcheteni-na-nashe-ime-imame-li_11246953.html,ok,200,,https://novini247.com/novini/kakvi-meditsinski-deynosti-sa-otcheteni-na-nashe-ime-imame-li_11246953.html,,1,2026-10-01T15:29Z,,,,,ok
BRA,source,categories.access.sources[0],https://www.gov.br/saude/pt-br/composicao/seidigi/meususdigital/perguntas-e-respostas/cidadao,ok,403,200,https://www.gov.br/saude/pt-br/composicao/seidigi/meususdigital/perguntas-e-respostas/cidadao,,1,2026-10-01T15:29Z,,,,,ok
BRA,source,categories.access.sources[1],https://www.planalto.gov.br/ccivil_03/_ato2015-2018/2018/lei/l13709.htm,ok,200,,https://www.planalto.gov.br/ccivil_03/_ato2015-2018/2018/lei/l13709.htm,,5,2026-10-01T15:29Z,,,,,ok
BRA,source,categories.access.sources[2],https://www.band.com.br/saude/profissionais-do-sus-terao-acesso-a-prontuario-eletronico-unificado-de-pacientes,ok,200,,https://www.band.com.br/saude/profissionais-do-sus-terao-acesso-a-prontuario-eletronico-unificado-de-pacientes,,2,2026-10-01T15:29Z,,,,,ok
BRA,source,categories.control.sources[0],https://www2.camara.leg.br/legin/fed/decret/2025/decreto-12560-23-julho-2025-797777-publicacaooriginal-175983-pe.html,ok,200,,https://www2.camara.leg.br/legin/fed/decret/2025/decreto-12560-23-julho-2025-797777-publicacaooriginal-175983-pe.html,,2,2026-10-01T15:29Z,,,,,ok
BRA,source,categories.control.sources[1],https://telesintese.com.br/decreto-regulamenta-rede-nacional-de-dados-em-saude-e-sus-digital/,ok,200,,https://telesintese.com.br/decreto-regulamenta-rede-nacional-de-dados-em-saude-e-sus-digital/,,2,2026-10-01T15:29Z,,,,,ok
BRA,source,categories.control.sources[2],https://www.saudebusiness.com/eventos-3/feira-hospitalar-o-maior-evento-de-inovacao-e-gestao-na-area-da-saude/sus-amplia-estrategia-digital-com-foco-em-integracao-de-dados/,ok,200,,https://www.saudebusiness.com/eventos-3/feira-hospitalar-o-maior-evento-de-inovacao-e-gestao-na-area-da-saude/sus-amplia-estrategia-digital-com-foco-em-integracao-de-dados/,,2,2026-10-01T15:29Z,,,,,ok
BRA,source,categories.privacy.sources[0],https://www.gov.br/anpd/pt-br/assuntos/noticias/anpd-instaura-processo-de-sancao-contra-organizacao-social-por-falha-na-protecao-de-dados-de-500-mil-pacientes-de-unidades-publicas-de-saude,ok,200,,https://www.gov.br/anpd/pt-br/assuntos/noticias/anpd-instaura-processo-de-sancao-contra-organizacao-social-por-falha-na-protecao-de-dados-de-500-mil-pacientes-de-unidades-publicas-de-saude,,2,2026-10-01T15:29Z,,,,,ok
BRA,source,categories.privacy.sources[1],https://www.planalto.gov.br/ccivil_03/_ato2015-2018/2018/lei/l13709.htm,ok,200,,https://www.planalto.gov.br/ccivil_03/_ato2015-2018/2018/lei/l13709.htm,,5,2026-10-01T15:29Z,,,,,ok
BRA,source,categories.privacy.sources[2],https://ensaiosclinicos.gov.br/news/593,dead,404,,https://ensaiosclinicos.gov.br/news/593,,2,2026-10-01T15:29Z,ok,200,,2026-10-01T15:46Z,ok
BRA,source,categories.commercial.sources[0],https://www.planalto.gov.br/ccivil_03/_ato2015-2018/2018/lei/l13709.htm,ok,200,,https://www.planalto.gov.br/ccivil_03/_ato2015-2018/2018/lei/l13709.htm,,5,2026-10-01T15:29Z,,,,,ok
BRA,source,categories.commercial.sources[1],https://telesintese.com.br/decreto-regulamenta-rede-nacional-de-dados-em-saude-e-sus-digital/,ok,200,,https://telesintese.com.br/decreto-regulamenta-rede-nacional-de-dados-em-saude-e-sus-digital/,,2,2026-10-01T15:29Z,,,,,ok
BRA,source,categories.journey.sources[0],https://pauseperin.adv.br/noticia/ministerio-da-saude-institui-novos-modelos-de-registro-para-teleconsul,ok,200,,https://pauseperin.adv.br/noticia/ministerio-da-saude-institui-novos-modelos-de-registro-para-teleconsul,,4,2026-10-01T15:29Z,,,,,ok
BRA,source,categories.journey.sources[1],https://www.saudebusiness.com/eventos-3/feira-hospitalar-o-maior-evento-de-inovacao-e-gestao-na-area-da-saude/sus-amplia-estrategia-digital-com-foco-em-integracao-de-dados/,ok,200,,https://www.saudebusiness.com/eventos-3/feira-hospitalar-o-maior-evento-de-inovacao-e-gestao-na-area-da-saude/sus-amplia-estrategia-digital-com-foco-em-integracao-de-dados/,,2,2026-10-01T15:29Z,,,,,ok
BRA,source,categories.journey.sources[2],https://www.cofen.gov.br/meu-sus-digital-amplia-servicos-e-informacoes-de-saude-para-a-populacao/,ok,200,,https://www.cofen.gov.br/meu-sus-digital-amplia-servicos-e-informacoes-de-saude-para-a-populacao/,,1,2026-10-01T15:29Z,,,,,ok
BRA,source,categories.clinical.sources[0],https://www.band.com.br/saude/profissionais-do-sus-terao-acesso-a-prontuario-eletronico-unificado-de-pacientes,ok,200,,https://www.band.com.br/saude/profissionais-do-sus-terao-acesso-a-prontuario-eletronico-unificado-de-pacientes,,2,2026-10-01T15:29Z,,,,,ok
BRA,source,categories.clinical.sources[1],https://pauseperin.adv.br/noticia/ministerio-da-saude-institui-novos-modelos-de-registro-para-teleconsul,ok,200,,https://pauseperin.adv.br/noticia/ministerio-da-saude-institui-novos-modelos-de-registro-para-teleconsul,,4,2026-10-01T15:29Z,,,,,ok
BRA,source,categories.research.sources[0],https://www.daniel.com.br/pt/client-alert/decreto-no-12-651-2025-regulamenta-a-lei-n-o-14-874-2024-sobre-pesquisa-com-seres-humanos/,ok,200,,https://www.daniel.com.br/pt/client-alert/decreto-no-12-651-2025-regulamenta-a-lei-n-o-14-874-2024-sobre-pesquisa-com-seres-humanos/,,3,2026-10-01T15:29Z,,,,,ok
BRA,source,categories.research.sources[1],https://www.planalto.gov.br/ccivil_03/_ato2015-2018/2018/lei/l13709.htm,ok,200,,https://www.planalto.gov.br/ccivil_03/_ato2015-2018/2018/lei/l13709.htm,,5,2026-10-01T15:29Z,,,,,ok
BRA,source,categories.ai.sources[0],https://www.leffertech.com/blog/anvisa-regulacao-ia-medica-rdc-657,ok,200,,https://www.leffertech.com/blog/anvisa-regulacao-ia-medica-rdc-657,,1,2026-10-01T15:29Z,,,,,ok
BRA,source,categories.ai.sources[1],https://www.camara.leg.br/proposicoesWeb/fichadetramitacao?idProposicao=2487262,ok,200,,https://www.camara.leg.br/proposicoesWeb/fichadetramitacao?idProposicao=2487262,,1,2026-10-01T15:29Z,,,,,ok
BRA,source,categories.ai.sources[2],https://casrai.org/guides/brazil-ai-bill-pl-2338-status,ok,200,,https://casrai.org/guides/brazil-ai-bill-pl-2338-status,,2,2026-10-01T15:29Z,,,,,ok
BRA,law,laws[0],https://www.planalto.gov.br/ccivil_03/_ato2015-2018/2018/lei/l13709.htm,ok,200,,https://www.planalto.gov.br/ccivil_03/_ato2015-2018/2018/lei/l13709.htm,,5,2026-10-01T15:29Z,,,,,ok
BRA,law,laws[1],https://www2.camara.leg.br/legin/fed/decret/2025/decreto-12560-23-julho-2025-797777-publicacaooriginal-175983-pe.html,ok,200,,https://www2.camara.leg.br/legin/fed/decret/2025/decreto-12560-23-julho-2025-797777-publicacaooriginal-175983-pe.html,,2,2026-10-01T15:29Z,,,,,ok
BRA,law,laws[2],https://www.daniel.com.br/pt/client-alert/decreto-no-12-651-2025-regulamenta-a-lei-n-o-14-874-2024-sobre-pesquisa-com-seres-humanos/,ok,200,,https://www.daniel.com.br/pt/client-alert/decreto-no-12-651-2025-regulamenta-a-lei-n-o-14-874-2024-sobre-pesquisa-com-seres-humanos/,,3,2026-10-01T15:29Z,,,,,ok
BRA,law,laws[3],https://www.gov.br/anvisa/pt-br/assuntos/noticias-anvisa/2022/software-como-dispositivo-medico-perguntas-e-respostas/perguntas-respostas-rdc-657-de-2022-v1-01-09-2022.pdf,ok,200,,https://www.gov.br/anvisa/pt-br/assuntos/noticias-anvisa/2022/software-como-dispositivo-medico-perguntas-e-respostas/perguntas-respostas-rdc-657-de-2022-v1-01-09-2022.pdf,,1,2026-10-01T15:29Z,,,,,ok
BRA,law,laws[4],https://pauseperin.adv.br/noticia/ministerio-da-saude-institui-novos-modelos-de-registro-para-teleconsul,ok,200,,https://pauseperin.adv.br/noticia/ministerio-da-saude-institui-novos-modelos-de-registro-para-teleconsul,,4,2026-10-01T15:29Z,,,,,ok
BRA,news,news[0],https://www.gov.br/anpd/pt-br/assuntos/noticias/anpd-instaura-processo-de-sancao-contra-organizacao-social-por-falha-na-protecao-de-dados-de-500-mil-pacientes-de-unidades-publicas-de-saude,ok,200,,https://www.gov.br/anpd/pt-br/assuntos/noticias/anpd-instaura-processo-de-sancao-contra-organizacao-social-por-falha-na-protecao-de-dados-de-500-mil-pacientes-de-unidades-publicas-de-saude,,2,2026-10-01T15:29Z,,,,,ok
BRA,news,news[1],https://pauseperin.adv.br/noticia/ministerio-da-saude-institui-novos-modelos-de-registro-para-teleconsul,ok,200,,https://pauseperin.adv.br/noticia/ministerio-da-saude-institui-novos-modelos-de-registro-para-teleconsul,,4,2026-10-01T15:29Z,,,,,ok
BRA,news,news[2],https://ensaiosclinicos.gov.br/news/593,dead,404,,https://ensaiosclinicos.gov.br/news/593,,2,2026-10-01T15:29Z,ok,200,,2026-10-01T15:46Z,ok
BRA,news,news[3],https://www.daniel.com.br/pt/client-alert/decreto-no-12-651-2025-regulamenta-a-lei-n-o-14-874-2024-sobre-pesquisa-com-seres-humanos/,ok,200,,https://www.daniel.com.br/pt/client-alert/decreto-no-12-651-2025-regulamenta-a-lei-n-o-14-874-2024-sobre-pesquisa-com-seres-humanos/,,3,2026-10-01T15:29Z,,,,,ok
BRA,news,news[4],https://casrai.org/guides/brazil-ai-bill-pl-2338-status,ok,200,,https://casrai.org/guides/brazil-ai-bill-pl-2338-status,,2,2026-10-01T15:29Z,,,,,ok
CAN,source,categories.access.sources[0],https://www.ipc.on.ca/en/health-individuals/accessing-or-correcting-your-personal-health-information,ok,200,,https://www.ipc.on.ca/en/health-individuals/accessing-or-correcting-your-personal-health-information,,2,2026-10-01T15:29Z,,,,,ok
CAN,source,categories.access.sources[1],https://www.alberta.ca/health-information-act,ok,200,,https://www.alberta.ca/health-information-act,,3,2026-10-01T15:29Z,,,,,ok
CAN,source,categories.access.sources[2],https://www2.gov.bc.ca/gov/content/health/managing-your-health/health-gateway,ok,200,,https://www2.gov.bc.ca/gov/content/health/managing-your-health/health-gateway,,2,2026-10-01T15:29Z,,,,,ok
CAN,source,categories.access.sources[3],https://www.canada.ca/en/health-canada/news/2024/06/the-government-of-canada-introduces-the-connected-care-for-canadians-act-improving-patients-safety-and-access-to-their-health-information.html,error,,,https://www.canada.ca/en/health-canada/news/2024/06/the-government-of-canada-introduces-the-connected-care-for-canadians-act-improving-patients-safety-and-access-to-their-health-information.html,ReadTimeout,3,2026-10-01T15:29Z,ok,200 (browser),,2026-10-01 opened in Chrome on Macly; canada.ca resets automated clients on this page,ok
CAN,source,categories.control.sources[0],https://www.ipc.on.ca/sites/default/files/legacy/Resources/fact-08-e.pdf,ok,200,,https://www.ipc.on.ca/sites/default/files/legacy/Resources/fact-08-e.pdf,,4,2026-10-01T15:29Z,,,,,ok
CAN,source,categories.control.sources[1],https://www.alberta.ca/health-information-act,ok,200,,https://www.alberta.ca/health-information-act,,3,2026-10-01T15:29Z,,,,,ok
CAN,source,categories.control.sources[2],https://www.ipc.on.ca/en/health-individuals/accessing-or-correcting-your-personal-health-information,ok,200,,https://www.ipc.on.ca/en/health-individuals/accessing-or-correcting-your-personal-health-information,,2,2026-10-01T15:29Z,,,,,ok
CAN,source,categories.privacy.sources[0],https://www.priv.gc.ca/en/privacy-topics/privacy-laws-in-canada/the-personal-information-protection-and-electronic-documents-act-pipeda/pipeda_brief/,ok,200,,https://www.priv.gc.ca/en/privacy-topics/privacy-laws-in-canada/the-personal-information-protection-and-electronic-documents-act-pipeda/pipeda_brief/,,3,2026-10-01T15:29Z,,,,,ok
CAN,source,categories.privacy.sources[1],https://www.dlapiper.com/en-us/insights/publications/2026/06/canada-tables-bill-c36-the-protecting-privacy-and-consumer-data-act,ok,200,,https://www.dlapiper.com/en-us/insights/publications/2026/06/canada-tables-bill-c36-the-protecting-privacy-and-consumer-data-act,,4,2026-10-01T15:29Z,,,,,ok
CAN,source,categories.privacy.sources[2],https://www.ipc.on.ca/en/media-centre/news-releases/ipc-2024-annual-report-commissioner-urges-government-close-regulatory-gaps-and-secure-public-trust,ok,200,,https://www.ipc.on.ca/en/media-centre/news-releases/ipc-2024-annual-report-commissioner-urges-government-close-regulatory-gaps-and-secure-public-trust,,1,2026-10-01T15:29Z,,,,,ok
CAN,source,categories.privacy.sources[3],https://www.ipc.on.ca/sites/default/files/legacy/Resources/fact-08-e.pdf,ok,200,,https://www.ipc.on.ca/sites/default/files/legacy/Resources/fact-08-e.pdf,,4,2026-10-01T15:29Z,,,,,ok
CAN,source,categories.commercial.sources[0],https://www.priv.gc.ca/en/privacy-topics/privacy-laws-in-canada/the-personal-information-protection-and-electronic-documents-act-pipeda/pipeda_brief/,ok,200,,https://www.priv.gc.ca/en/privacy-topics/privacy-laws-in-canada/the-personal-information-protection-and-electronic-documents-act-pipeda/pipeda_brief/,,3,2026-10-01T15:29Z,,,,,ok
CAN,source,categories.commercial.sources[1],https://www.ipc.on.ca/en/media-centre/news-releases/ipcs-updated-de-identification-guidelines-receive-global-recognition,ok,200,,https://www.ipc.on.ca/en/media-centre/news-releases/ipcs-updated-de-identification-guidelines-receive-global-recognition,,3,2026-10-01T15:29Z,,,,,ok
CAN,source,categories.commercial.sources[2],https://www.dlapiper.com/en-us/insights/publications/2026/06/canada-tables-bill-c36-the-protecting-privacy-and-consumer-data-act,ok,200,,https://www.dlapiper.com/en-us/insights/publications/2026/06/canada-tables-bill-c36-the-protecting-privacy-and-consumer-data-act,,4,2026-10-01T15:29Z,,,,,ok
CAN,source,categories.journey.sources[0],https://www.canada.ca/en/health-canada/news/2024/06/the-government-of-canada-introduces-the-connected-care-for-canadians-act-improving-patients-safety-and-access-to-their-health-information.html,error,,,https://www.canada.ca/en/health-canada/news/2024/06/the-government-of-canada-introduces-the-connected-care-for-canadians-act-improving-patients-safety-and-access-to-their-health-information.html,ReadTimeout,3,2026-10-01T15:29Z,ok,200 (browser),,2026-10-01 opened in Chrome on Macly; canada.ca resets automated clients on this page,ok
CAN,source,categories.journey.sources[1],https://www.cmaj.ca/content/196/42/E1385,ok,403,200,https://www.cmaj.ca/content/196/42/E1385,,2,2026-10-01T15:29Z,,,,,ok
CAN,source,categories.journey.sources[2],https://www.parl.ca/legisinfo/en/bill/45-1/s-5,ok,,200,https://www.parl.ca/legisinfo/en/bill/45-1/s-5,,3,2026-10-01T15:29Z,,,,,ok
CAN,source,categories.journey.sources[3],https://www2.gov.bc.ca/gov/content/health/managing-your-health/health-gateway,ok,200,,https://www2.gov.bc.ca/gov/content/health/managing-your-health/health-gateway,,2,2026-10-01T15:29Z,,,,,ok
CAN,source,categories.clinical.sources[0],https://www.cmaj.ca/content/196/42/E1385,ok,403,200,https://www.cmaj.ca/content/196/42/E1385,,2,2026-10-01T15:29Z,,,,,ok
CAN,source,categories.clinical.sources[1],https://www.ipc.on.ca/sites/default/files/legacy/Resources/fact-08-e.pdf,ok,200,,https://www.ipc.on.ca/sites/default/files/legacy/Resources/fact-08-e.pdf,,4,2026-10-01T15:29Z,,,,,ok
CAN,source,categories.clinical.sources[2],https://www.canada.ca/en/health-canada/news/2024/06/the-government-of-canada-introduces-the-connected-care-for-canadians-act-improving-patients-safety-and-access-to-their-health-information.html,error,,,https://www.canada.ca/en/health-canada/news/2024/06/the-government-of-canada-introduces-the-connected-care-for-canadians-act-improving-patients-safety-and-access-to-their-health-information.html,ReadTimeout,3,2026-10-01T15:29Z,ok,200 (browser),,2026-10-01 opened in Chrome on Macly; canada.ca resets automated clients on this page,ok
CAN,source,categories.research.sources[0],https://ethics.gc.ca/eng/tcps2-eptc2_2022_chapter5-chapitre5.html,error,,,https://ethics.gc.ca/eng/tcps2-eptc2_2022_chapter5-chapitre5.html,ConnectError,1,2026-10-01T15:29Z,ok,200,,2026-10-01T15:46Z,ok
CAN,source,categories.research.sources[1],https://www.ipc.on.ca/en/media-centre/news-releases/ipcs-updated-de-identification-guidelines-receive-global-recognition,ok,200,,https://www.ipc.on.ca/en/media-centre/news-releases/ipcs-updated-de-identification-guidelines-receive-global-recognition,,3,2026-10-01T15:29Z,,,,,ok
CAN,source,categories.ai.sources[0],https://www.fasken.com/en/knowledge/2025/03/pre-market-considerations-for-machine-learning-enabled-medical-devices,blocked_unverified,403,403,https://www.fasken.com/en/knowledge/2025/03/pre-market-considerations-for-machine-learning-enabled-medical-devices,,2,2026-10-01T15:29Z,blocked_unverified,403,,2026-10-01T15:46Z,blocked_unverified
CAN,source,categories.ai.sources[1],https://www.blg.com/en/insights/2025/02/health-canadas-evolving-regulatory-framework-for-machine-learning-enabled-medical-devices,ok,200,,https://www.blg.com/en/insights/2025/02/health-canadas-evolving-regulatory-framework-for-machine-learning-enabled-medical-devices,,1,2026-10-01T15:29Z,,,,,ok
CAN,source,categories.ai.sources[2],https://billc27.ca/,ok,200,,https://billc27.ca/,,1,2026-10-01T15:29Z,,,,,ok
CAN,source,categories.ai.sources[3],https://www.ipc.on.ca/en/media-centre/news-releases/ipc-releases-new-guidance-ai-scribes-help-protect-patient-privacy,ok,200,,https://www.ipc.on.ca/en/media-centre/news-releases/ipc-releases-new-guidance-ai-scribes-help-protect-patient-privacy,,2,2026-10-01T15:29Z,,,,,ok
CAN,law,laws[0],https://www.priv.gc.ca/en/privacy-topics/privacy-laws-in-canada/the-personal-information-protection-and-electronic-documents-act-pipeda/pipeda_brief/,ok,200,,https://www.priv.gc.ca/en/privacy-topics/privacy-laws-in-canada/the-personal-information-protection-and-electronic-documents-act-pipeda/pipeda_brief/,,3,2026-10-01T15:29Z,,,,,ok
CAN,law,laws[1],https://www.ipc.on.ca/sites/default/files/legacy/Resources/fact-08-e.pdf,ok,200,,https://www.ipc.on.ca/sites/default/files/legacy/Resources/fact-08-e.pdf,,4,2026-10-01T15:29Z,,,,,ok
CAN,law,laws[2],https://www.alberta.ca/health-information-act,ok,200,,https://www.alberta.ca/health-information-act,,3,2026-10-01T15:29Z,,,,,ok
CAN,law,laws[3],https://www.parl.ca/legisinfo/en/bill/45-1/s-5,ok,,200,https://www.parl.ca/legisinfo/en/bill/45-1/s-5,,3,2026-10-01T15:29Z,,,,,ok
CAN,law,laws[4],https://www.dlapiper.com/en-us/insights/publications/2026/06/canada-tables-bill-c36-the-protecting-privacy-and-consumer-data-act,ok,200,,https://www.dlapiper.com/en-us/insights/publications/2026/06/canada-tables-bill-c36-the-protecting-privacy-and-consumer-data-act,,4,2026-10-01T15:29Z,,,,,ok
CAN,law,laws[5],https://www.fasken.com/en/knowledge/2025/03/pre-market-considerations-for-machine-learning-enabled-medical-devices,blocked_unverified,403,403,https://www.fasken.com/en/knowledge/2025/03/pre-market-considerations-for-machine-learning-enabled-medical-devices,,2,2026-10-01T15:29Z,blocked_unverified,403,,2026-10-01T15:46Z,blocked_unverified
CAN,news,news[0],https://www.dlapiper.com/en-us/insights/publications/2026/06/canada-tables-bill-c36-the-protecting-privacy-and-consumer-data-act,ok,200,,https://www.dlapiper.com/en-us/insights/publications/2026/06/canada-tables-bill-c36-the-protecting-privacy-and-consumer-data-act,,4,2026-10-01T15:29Z,,,,,ok
CAN,news,news[1],https://www.parl.ca/legisinfo/en/bill/45-1/s-5,ok,,200,https://www.parl.ca/legisinfo/en/bill/45-1/s-5,,3,2026-10-01T15:29Z,,,,,ok
CAN,news,news[2],https://www.ipc.on.ca/en/media-centre/news-releases/ipcs-updated-de-identification-guidelines-receive-global-recognition,ok,200,,https://www.ipc.on.ca/en/media-centre/news-releases/ipcs-updated-de-identification-guidelines-receive-global-recognition,,3,2026-10-01T15:29Z,,,,,ok
CAN,news,news[3],https://www.ipc.on.ca/en/media-centre/news-releases/ipc-releases-new-guidance-ai-scribes-help-protect-patient-privacy,ok,200,,https://www.ipc.on.ca/en/media-centre/news-releases/ipc-releases-new-guidance-ai-scribes-help-protect-patient-privacy,,2,2026-10-01T15:29Z,,,,,ok
CHE,source,categories.access.sources[0],https://www.kmu.admin.ch/kmu/en/home/facts-and-trends/digitization/data-protection/new-federal-act-on-data-protection-nfadp.html,dead,404,,https://www.kmu.admin.ch/kmu/en/home/facts-and-trends/digitization/data-protection/new-federal-act-on-data-protection-nfadp.html,,4,2026-10-01T15:29Z,dead,404,,2026-10-01T15:46Z,dead
CHE,source,categories.access.sources[1],https://www.e-health-suisse.ch/koordination/elektronisches-patientendossier/aktueller-stand,ok,200,,https://www.e-health-suisse.ch/koordination/elektronisches-patientendossier/aktueller-stand,,2,2026-10-01T15:29Z,,,,,ok
CHE,source,categories.access.sources[2],https://www.bag.admin.ch/dam/de/sd-web/KMR8cp6wryyN/Faktenblatt%20EPD%20in%20Zahlen%20(Stand%20Oktober%202025).pdf,ok,200,,https://www.bag.admin.ch/dam/de/sd-web/KMR8cp6wryyN/Faktenblatt%20EPD%20in%20Zahlen%20(Stand%20Oktober%202025).pdf,,3,2026-10-01T15:29Z,,,,,ok
CHE,source,categories.access.sources[3],https://www.watson.ch/schweiz/gesundheit/190681379-e-gesundheitsdossier-nationalrat-ist-dafuer,ok,200,,https://www.watson.ch/schweiz/gesundheit/190681379-e-gesundheitsdossier-nationalrat-ist-dafuer,,3,2026-10-01T15:29Z,,,,,ok
CHE,source,categories.control.sources[0],https://www.edi.admin.ch/de/bundesrat-beschliesst-neuausrichtung-elektronisches-gesundheitsdossier-e-gd-loest-epd-ab,ok,200,,https://www.edi.admin.ch/de/bundesrat-beschliesst-neuausrichtung-elektronisches-gesundheitsdossier-e-gd-loest-epd-ab,,5,2026-10-01T15:29Z,,,,,ok
CHE,source,categories.control.sources[1],https://www.watson.ch/schweiz/gesundheit/190681379-e-gesundheitsdossier-nationalrat-ist-dafuer,ok,200,,https://www.watson.ch/schweiz/gesundheit/190681379-e-gesundheitsdossier-nationalrat-ist-dafuer,,3,2026-10-01T15:29Z,,,,,ok
CHE,source,categories.control.sources[2],https://www.piratenpartei.ch/2026/09/14/elektronisches-gesundheitsdossier-e-gd-neuer-name-alte-probleme-piratenpartei-prueft-referendum/,ok,200,,https://www.piratenpartei.ch/2026/09/14/elektronisches-gesundheitsdossier-e-gd-neuer-name-alte-probleme-piratenpartei-prueft-referendum/,,2,2026-10-01T15:29Z,,,,,ok
CHE,source,categories.privacy.sources[0],https://www.edoeb.admin.ch/dam/en/sd-web/-xq8DcI9ovs7/Das%20neue%20Datenschutzgesetz%20aus%20Sicht%20des%20ED%C3%96B_20221009_EN.pdf,ok,200,,https://www.edoeb.admin.ch/dam/en/sd-web/-xq8DcI9ovs7/Das%20neue%20Datenschutzgesetz%20aus%20Sicht%20des%20ED%C3%96B_20221009_EN.pdf,,2,2026-10-01T15:29Z,,,,,ok
CHE,source,categories.privacy.sources[1],https://www.kmu.admin.ch/kmu/en/home/facts-and-trends/digitization/data-protection/new-federal-act-on-data-protection-nfadp.html,dead,404,,https://www.kmu.admin.ch/kmu/en/home/facts-and-trends/digitization/data-protection/new-federal-act-on-data-protection-nfadp.html,,4,2026-10-01T15:29Z,dead,404,,2026-10-01T15:46Z,dead
CHE,source,categories.commercial.sources[0],https://www.edoeb.admin.ch/dam/en/sd-web/-xq8DcI9ovs7/Das%20neue%20Datenschutzgesetz%20aus%20Sicht%20des%20ED%C3%96B_20221009_EN.pdf,ok,200,,https://www.edoeb.admin.ch/dam/en/sd-web/-xq8DcI9ovs7/Das%20neue%20Datenschutzgesetz%20aus%20Sicht%20des%20ED%C3%96B_20221009_EN.pdf,,2,2026-10-01T15:29Z,,,,,ok
CHE,source,categories.commercial.sources[1],https://www.kmu.admin.ch/kmu/en/home/facts-and-trends/digitization/data-protection/new-federal-act-on-data-protection-nfadp.html,dead,404,,https://www.kmu.admin.ch/kmu/en/home/facts-and-trends/digitization/data-protection/new-federal-act-on-data-protection-nfadp.html,,4,2026-10-01T15:29Z,dead,404,,2026-10-01T15:46Z,dead
CHE,source,categories.journey.sources[0],https://www.bag.admin.ch/dam/de/sd-web/KMR8cp6wryyN/Faktenblatt%20EPD%20in%20Zahlen%20(Stand%20Oktober%202025).pdf,ok,200,,https://www.bag.admin.ch/dam/de/sd-web/KMR8cp6wryyN/Faktenblatt%20EPD%20in%20Zahlen%20(Stand%20Oktober%202025).pdf,,3,2026-10-01T15:29Z,,,,,ok
CHE,source,categories.journey.sources[1],https://www.edi.admin.ch/de/bundesrat-beschliesst-neuausrichtung-elektronisches-gesundheitsdossier-e-gd-loest-epd-ab,ok,200,,https://www.edi.admin.ch/de/bundesrat-beschliesst-neuausrichtung-elektronisches-gesundheitsdossier-e-gd-loest-epd-ab,,5,2026-10-01T15:29Z,,,,,ok
CHE,source,categories.journey.sources[2],https://www.netzwoche.ch/news/2026-05-11/nationalratskommission-will-e-gd-zentral-organisieren,ok,200,,https://www.netzwoche.ch/news/2026-05-11/nationalratskommission-will-e-gd-zentral-organisieren,,2,2026-10-01T15:29Z,,,,,ok
CHE,source,categories.clinical.sources[0],https://www.bag.admin.ch/dam/de/sd-web/KMR8cp6wryyN/Faktenblatt%20EPD%20in%20Zahlen%20(Stand%20Oktober%202025).pdf,ok,200,,https://www.bag.admin.ch/dam/de/sd-web/KMR8cp6wryyN/Faktenblatt%20EPD%20in%20Zahlen%20(Stand%20Oktober%202025).pdf,,3,2026-10-01T15:29Z,,,,,ok
CHE,source,categories.clinical.sources[1],https://www.e-health-suisse.ch/koordination/elektronisches-patientendossier/aktueller-stand,ok,200,,https://www.e-health-suisse.ch/koordination/elektronisches-patientendossier/aktueller-stand,,2,2026-10-01T15:29Z,,,,,ok
CHE,source,categories.clinical.sources[2],https://www.edi.admin.ch/de/bundesrat-beschliesst-neuausrichtung-elektronisches-gesundheitsdossier-e-gd-loest-epd-ab,ok,200,,https://www.edi.admin.ch/de/bundesrat-beschliesst-neuausrichtung-elektronisches-gesundheitsdossier-e-gd-loest-epd-ab,,5,2026-10-01T15:29Z,,,,,ok
CHE,source,categories.research.sources[0],https://4years.scto.ch/en/framework/general-consent-20.html,ok,200,,https://4years.scto.ch/en/framework/general-consent-20.html,,2,2026-10-01T15:29Z,,,,,ok
CHE,source,categories.research.sources[1],https://www.edi.admin.ch/de/bundesrat-beschliesst-neuausrichtung-elektronisches-gesundheitsdossier-e-gd-loest-epd-ab,ok,200,,https://www.edi.admin.ch/de/bundesrat-beschliesst-neuausrichtung-elektronisches-gesundheitsdossier-e-gd-loest-epd-ab,,5,2026-10-01T15:29Z,,,,,ok
CHE,source,categories.ai.sources[0],https://www.swissmedic.ch/swissmedic/en/home/medical-devices/regulation-of-medical-devices/faq.html,ok,200,,https://www.swissmedic.ch/swissmedic/en/home/medical-devices/regulation-of-medical-devices/faq.html,,2,2026-10-01T15:29Z,,,,,ok
CHE,source,categories.ai.sources[1],https://www.admin.ch/gov/en/start/documentation/media-releases.msg-id-104110.html,blocked_unverified,403,403,https://www.admin.ch/gov/en/start/documentation/media-releases.msg-id-104110.html,,1,2026-10-01T15:29Z,blocked_unverified,403,,2026-10-01T15:46Z,blocked_unverified
CHE,law,laws[0],https://www.kmu.admin.ch/kmu/en/home/facts-and-trends/digitization/data-protection/new-federal-act-on-data-protection-nfadp.html,dead,404,,https://www.kmu.admin.ch/kmu/en/home/facts-and-trends/digitization/data-protection/new-federal-act-on-data-protection-nfadp.html,,4,2026-10-01T15:29Z,dead,404,,2026-10-01T15:46Z,dead
CHE,law,laws[1],https://www.bag.admin.ch/de/epdg-das-gesetz-hinter-dem-epd,ok,200,,https://www.bag.admin.ch/de/epdg-das-gesetz-hinter-dem-epd,,3,2026-10-01T15:29Z,,,,,ok
CHE,law,laws[2],https://www.bag.admin.ch/de/epdg-das-gesetz-hinter-dem-epd,ok,200,,https://www.bag.admin.ch/de/epdg-das-gesetz-hinter-dem-epd,,3,2026-10-01T15:29Z,,,,,ok
CHE,law,laws[3],https://www.bag.admin.ch/de/e-gd-meilensteine-und-aktuelles,ok,200,,https://www.bag.admin.ch/de/e-gd-meilensteine-und-aktuelles,,1,2026-10-01T15:29Z,,,,,ok
CHE,law,laws[4],https://4years.scto.ch/en/framework/general-consent-20.html,ok,200,,https://4years.scto.ch/en/framework/general-consent-20.html,,2,2026-10-01T15:29Z,,,,,ok
CHE,law,laws[5],https://www.swissmedic.ch/swissmedic/en/home/medical-devices/regulation-of-medical-devices/faq.html,ok,200,,https://www.swissmedic.ch/swissmedic/en/home/medical-devices/regulation-of-medical-devices/faq.html,,2,2026-10-01T15:29Z,,,,,ok
CHE,news,news[0],https://www.edi.admin.ch/de/bundesrat-beschliesst-neuausrichtung-elektronisches-gesundheitsdossier-e-gd-loest-epd-ab,ok,200,,https://www.edi.admin.ch/de/bundesrat-beschliesst-neuausrichtung-elektronisches-gesundheitsdossier-e-gd-loest-epd-ab,,5,2026-10-01T15:29Z,,,,,ok
CHE,news,news[1],https://www.netzwoche.ch/news/2026-05-11/nationalratskommission-will-e-gd-zentral-organisieren,ok,200,,https://www.netzwoche.ch/news/2026-05-11/nationalratskommission-will-e-gd-zentral-organisieren,,2,2026-10-01T15:29Z,,,,,ok
CHE,news,news[2],https://www.bag.admin.ch/de/epdg-das-gesetz-hinter-dem-epd,ok,200,,https://www.bag.admin.ch/de/epdg-das-gesetz-hinter-dem-epd,,3,2026-10-01T15:29Z,,,,,ok
CHE,news,news[3],https://www.watson.ch/schweiz/gesundheit/190681379-e-gesundheitsdossier-nationalrat-ist-dafuer,ok,200,,https://www.watson.ch/schweiz/gesundheit/190681379-e-gesundheitsdossier-nationalrat-ist-dafuer,,3,2026-10-01T15:29Z,,,,,ok
CHE,news,news[4],https://www.piratenpartei.ch/2026/09/14/elektronisches-gesundheitsdossier-e-gd-neuer-name-alte-probleme-piratenpartei-prueft-referendum/,ok,200,,https://www.piratenpartei.ch/2026/09/14/elektronisches-gesundheitsdossier-e-gd-neuer-name-alte-probleme-piratenpartei-prueft-referendum/,,2,2026-10-01T15:29Z,,,,,ok
CHL,source,categories.access.sources[0],https://iura.cl/20584/13,ok,200,,https://iura.cl/20584/13,,5,2026-10-01T15:29Z,,,,,ok
CHL,source,categories.access.sources[1],https://mariohealthbits.dev/blog/2026-04-16-ley-21668-interoperabilidad-salud-chile-oportunidad-examya/,ok,200,,https://mariohealthbits.dev/blog/2026-04-16-ley-21668-interoperabilidad-salud-chile-oportunidad-examya/,,4,2026-10-01T15:29Z,,,,,ok
CHL,source,categories.control.sources[0],https://iura.cl/20584/13,ok,200,,https://iura.cl/20584/13,,5,2026-10-01T15:29Z,,,,,ok
CHL,source,categories.control.sources[1],https://mariohealthbits.dev/blog/2026-04-16-ley-21668-interoperabilidad-salud-chile-oportunidad-examya/,ok,200,,https://mariohealthbits.dev/blog/2026-04-16-ley-21668-interoperabilidad-salud-chile-oportunidad-examya/,,4,2026-10-01T15:29Z,,,,,ok
CHL,source,categories.control.sources[2],https://nuvamed.cl/blog/salud-digital-normativas-chile-2026,ok,200,,https://nuvamed.cl/blog/salud-digital-normativas-chile-2026,,2,2026-10-01T15:29Z,,,,,ok
CHL,source,categories.privacy.sources[0],https://www.prieto.cl/en/se-publica-ley-de-proteccion-de-datos-personales-n-21-719-2/,ok,200,,https://www.prieto.cl/en/se-publica-ley-de-proteccion-de-datos-personales-n-21-719-2/,,4,2026-10-01T15:29Z,,,,,ok
CHL,source,categories.privacy.sources[1],https://www.sernac.cl/portal/604/w3-article-87923.html,ok,200,,https://www.sernac.cl/portal/604/w3-article-87923.html,,3,2026-10-01T15:29Z,,,,,ok
CHL,source,categories.privacy.sources[2],https://www.t13.cl/noticia/nacional/hospital-clinico-chile-querella-tras-ciberataque-filtracion-informacion-confidencial-30-9-2026,ok,200,,https://www.t13.cl/noticia/nacional/hospital-clinico-chile-querella-tras-ciberataque-filtracion-informacion-confidencial-30-9-2026,,2,2026-10-01T15:29Z,,,,,ok
CHL,source,categories.commercial.sources[0],https://www.prieto.cl/en/se-publica-ley-de-proteccion-de-datos-personales-n-21-719-2/,ok,200,,https://www.prieto.cl/en/se-publica-ley-de-proteccion-de-datos-personales-n-21-719-2/,,4,2026-10-01T15:29Z,,,,,ok
CHL,source,categories.commercial.sources[1],https://www.sernac.cl/portal/604/w3-article-87923.html,ok,200,,https://www.sernac.cl/portal/604/w3-article-87923.html,,3,2026-10-01T15:29Z,,,,,ok
CHL,source,categories.journey.sources[0],https://nuvamed.cl/blog/salud-digital-normativas-chile-2026,ok,200,,https://nuvamed.cl/blog/salud-digital-normativas-chile-2026,,2,2026-10-01T15:29Z,,,,,ok
CHL,source,categories.journey.sources[1],https://cens.cl/interoperabilidad-de-fichas-clinicas-lo-que-viene-con-la-futura-implementacion-de-la-normativa/,ok,200,,https://cens.cl/interoperabilidad-de-fichas-clinicas-lo-que-viene-con-la-futura-implementacion-de-la-normativa/,,2,2026-10-01T15:29Z,,,,,ok
CHL,source,categories.journey.sources[2],https://www.minsal.cl/wp-content/uploads/2026/07/Cuenta_Publica_2026_lista_publicacion.pdf,ok,200,,https://www.minsal.cl/wp-content/uploads/2026/07/Cuenta_Publica_2026_lista_publicacion.pdf,,2,2026-10-01T15:29Z,,,,,ok
CHL,source,categories.clinical.sources[0],https://iura.cl/20584/13,ok,200,,https://iura.cl/20584/13,,5,2026-10-01T15:29Z,,,,,ok
CHL,source,categories.clinical.sources[1],https://cens.cl/interoperabilidad-de-fichas-clinicas-lo-que-viene-con-la-futura-implementacion-de-la-normativa/,ok,200,,https://cens.cl/interoperabilidad-de-fichas-clinicas-lo-que-viene-con-la-futura-implementacion-de-la-normativa/,,2,2026-10-01T15:29Z,,,,,ok
CHL,source,categories.research.sources[0],https://iura.cl/20584/13,ok,200,,https://iura.cl/20584/13,,5,2026-10-01T15:29Z,,,,,ok
CHL,source,categories.research.sources[1],https://www.prieto.cl/en/se-publica-ley-de-proteccion-de-datos-personales-n-21-719-2/,ok,200,,https://www.prieto.cl/en/se-publica-ley-de-proteccion-de-datos-personales-n-21-719-2/,,4,2026-10-01T15:29Z,,,,,ok
CHL,source,categories.ai.sources[0],https://www.camara.cl/legislacion/proyectosdeley/tramitacion.aspx?prmID=17429&prmBOLETIN=16821-19,blocked_unverified,403,403,https://www.camara.cl/legislacion/proyectosdeley/tramitacion.aspx?prmID=17429&prmBOLETIN=16821-19,,3,2026-10-01T15:29Z,blocked_unverified,403,,2026-10-01T15:46Z,blocked_unverified
CHL,source,categories.ai.sources[1],https://www.minsal.cl/wp-content/uploads/2026/07/Cuenta_Publica_2026_lista_publicacion.pdf,ok,200,,https://www.minsal.cl/wp-content/uploads/2026/07/Cuenta_Publica_2026_lista_publicacion.pdf,,2,2026-10-01T15:29Z,,,,,ok
CHL,law,laws[0],https://iura.cl/20584/13,ok,200,,https://iura.cl/20584/13,,5,2026-10-01T15:29Z,,,,,ok
CHL,law,laws[1],https://mariohealthbits.dev/blog/2026-04-16-ley-21668-interoperabilidad-salud-chile-oportunidad-examya/,ok,200,,https://mariohealthbits.dev/blog/2026-04-16-ley-21668-interoperabilidad-salud-chile-oportunidad-examya/,,4,2026-10-01T15:29Z,,,,,ok
CHL,law,laws[2],https://www.prieto.cl/en/se-publica-ley-de-proteccion-de-datos-personales-n-21-719-2/,ok,200,,https://www.prieto.cl/en/se-publica-ley-de-proteccion-de-datos-personales-n-21-719-2/,,4,2026-10-01T15:29Z,,,,,ok
CHL,law,laws[3],https://www.camara.cl/legislacion/proyectosdeley/tramitacion.aspx?prmID=17429&prmBOLETIN=16821-19,blocked_unverified,403,403,https://www.camara.cl/legislacion/proyectosdeley/tramitacion.aspx?prmID=17429&prmBOLETIN=16821-19,,3,2026-10-01T15:29Z,blocked_unverified,403,,2026-10-01T15:46Z,blocked_unverified
CHL,news,news[0],https://www.t13.cl/noticia/nacional/hospital-clinico-chile-querella-tras-ciberataque-filtracion-informacion-confidencial-30-9-2026,ok,200,,https://www.t13.cl/noticia/nacional/hospital-clinico-chile-querella-tras-ciberataque-filtracion-informacion-confidencial-30-9-2026,,2,2026-10-01T15:29Z,,,,,ok
CHL,news,news[1],https://www.sernac.cl/portal/604/w3-article-87923.html,ok,200,,https://www.sernac.cl/portal/604/w3-article-87923.html,,3,2026-10-01T15:29Z,,,,,ok
CHL,news,news[2],https://ciberlatam.com/noticias/chile-guatemala-hospitales-ransomware,ok,200,,https://ciberlatam.com/noticias/chile-guatemala-hospitales-ransomware,,1,2026-10-01T15:29Z,,,,,ok
CHL,news,news[3],https://www.camara.cl/legislacion/proyectosdeley/tramitacion.aspx?prmID=17429&prmBOLETIN=16821-19,blocked_unverified,403,403,https://www.camara.cl/legislacion/proyectosdeley/tramitacion.aspx?prmID=17429&prmBOLETIN=16821-19,,3,2026-10-01T15:29Z,blocked_unverified,403,,2026-10-01T15:46Z,blocked_unverified
CHL,news,news[4],https://mariohealthbits.dev/blog/2026-04-16-ley-21668-interoperabilidad-salud-chile-oportunidad-examya/,ok,200,,https://mariohealthbits.dev/blog/2026-04-16-ley-21668-interoperabilidad-salud-chile-oportunidad-examya/,,4,2026-10-01T15:29Z,,,,,ok
CHN,source,categories.access.sources[0],https://www.langzhong.gov.cn/xwdt/ztzl/jczwgk/gkly/wsjk/ggwsfwsx/zyblfzcy/t_1842764.html,error,,,https://www.langzhong.gov.cn/xwdt/ztzl/jczwgk/gkly/wsjk/ggwsfwsx/zyblfzcy/t_1842764.html,ConnectTimeout,2,2026-10-01T15:29Z,error,,ConnectTimeout,2026-10-01T15:46Z,error
CHN,source,categories.access.sources[1],https://news.qq.com/rain/a/20260901A06M1500?id=20260901A06M1500&path=a&app=news&suid=&redirect_pc=1,ok,200,,https://news.qq.com/rain/a/20260901A06M1500?id=20260901A06M1500&path=a&app=news&suid=&redirect_pc=1,,3,2026-10-01T15:29Z,,,,,ok
CHN,source,categories.control.sources[0],https://digichina.stanford.edu/work/translation-personal-information-protection-law-of-the-peoples-republic-of-china-effective-nov-1-2021/,ok,200,,https://digichina.stanford.edu/work/translation-personal-information-protection-law-of-the-peoples-republic-of-china-effective-nov-1-2021/,,4,2026-10-01T15:29Z,,,,,ok
CHN,source,categories.control.sources[1],https://en.spp.gov.cn/2021-12/29/c_948419_2.htm,ok,200,,https://en.spp.gov.cn/2021-12/29/c_948419_2.htm,,1,2026-10-01T15:29Z,,,,,ok
CHN,source,categories.privacy.sources[0],https://digichina.stanford.edu/work/translation-personal-information-protection-law-of-the-peoples-republic-of-china-effective-nov-1-2021/,ok,200,,https://digichina.stanford.edu/work/translation-personal-information-protection-law-of-the-peoples-republic-of-china-effective-nov-1-2021/,,4,2026-10-01T15:29Z,,,,,ok
CHN,source,categories.commercial.sources[0],https://digichina.stanford.edu/work/translation-personal-information-protection-law-of-the-peoples-republic-of-china-effective-nov-1-2021/,ok,200,,https://digichina.stanford.edu/work/translation-personal-information-protection-law-of-the-peoples-republic-of-china-effective-nov-1-2021/,,4,2026-10-01T15:29Z,,,,,ok
CHN,source,categories.commercial.sources[1],https://policy.mofcom.gov.cn/claw/clawContent.shtml?id=104035,ok,200,,https://policy.mofcom.gov.cn/claw/clawContent.shtml?id=104035,,5,2026-10-01T15:29Z,,,,,ok
CHN,source,categories.commercial.sources[2],https://zhuanlan.zhihu.com/p/2057504131775042563,blocked_unverified,403,403,https://zhuanlan.zhihu.com/p/2057504131775042563,,2,2026-10-01T15:29Z,blocked_unverified,403,,2026-10-01T15:46Z,blocked_unverified
CHN,source,categories.journey.sources[0],https://news.qq.com/rain/a/20260914A08U5D00,ok,200,,https://news.qq.com/rain/a/20260914A08U5D00,,2,2026-10-01T15:29Z,,,,,ok
CHN,source,categories.journey.sources[1],https://news.qq.com/rain/a/20260901A06M1500?id=20260901A06M1500&path=a&app=news&suid=&redirect_pc=1,ok,200,,https://news.qq.com/rain/a/20260901A06M1500?id=20260901A06M1500&path=a&app=news&suid=&redirect_pc=1,,3,2026-10-01T15:29Z,,,,,ok
CHN,source,categories.clinical.sources[0],https://policy.mofcom.gov.cn/claw/clawContent.shtml?id=104035,ok,200,,https://policy.mofcom.gov.cn/claw/clawContent.shtml?id=104035,,5,2026-10-01T15:29Z,,,,,ok
CHN,source,categories.clinical.sources[1],https://wjw.ankang.gov.cn/Content-2416375.html,ok,200,,https://wjw.ankang.gov.cn/Content-2416375.html,,3,2026-10-01T15:29Z,,,,,ok
CHN,source,categories.research.sources[0],https://policy.mofcom.gov.cn/claw/clawContent.shtml?id=104035,ok,200,,https://policy.mofcom.gov.cn/claw/clawContent.shtml?id=104035,,5,2026-10-01T15:29Z,,,,,ok
CHN,source,categories.ai.sources[0],https://wjw.ankang.gov.cn/Content-2416375.html,ok,200,,https://wjw.ankang.gov.cn/Content-2416375.html,,3,2026-10-01T15:29Z,,,,,ok
CHN,source,categories.ai.sources[1],https://policy.mofcom.gov.cn/claw/clawContent.shtml?id=104035,ok,200,,https://policy.mofcom.gov.cn/claw/clawContent.shtml?id=104035,,5,2026-10-01T15:29Z,,,,,ok
CHN,source,categories.ai.sources[2],https://www.ncsti.gov.cn/kjdt/kjrd/yyjk_kjrd/202512/t20251202_230755.html,ok,403,200,https://www.ncsti.gov.cn/kjdt/kjrd/yyjk_kjrd/202512/t20251202_230755.html,,1,2026-10-01T15:29Z,,,,,ok
CHN,law,laws[0],https://digichina.stanford.edu/work/translation-personal-information-protection-law-of-the-peoples-republic-of-china-effective-nov-1-2021/,ok,200,,https://digichina.stanford.edu/work/translation-personal-information-protection-law-of-the-peoples-republic-of-china-effective-nov-1-2021/,,4,2026-10-01T15:29Z,,,,,ok
CHN,law,laws[1],https://www.langzhong.gov.cn/xwdt/ztzl/jczwgk/gkly/wsjk/ggwsfwsx/zyblfzcy/t_1842764.html,error,,,https://www.langzhong.gov.cn/xwdt/ztzl/jczwgk/gkly/wsjk/ggwsfwsx/zyblfzcy/t_1842764.html,ConnectTimeout,2,2026-10-01T15:29Z,error,,ConnectTimeout,2026-10-01T15:46Z,error
CHN,law,laws[2],https://wjw.ankang.gov.cn/Content-2416375.html,ok,200,,https://wjw.ankang.gov.cn/Content-2416375.html,,3,2026-10-01T15:29Z,,,,,ok
CHN,law,laws[3],https://policy.mofcom.gov.cn/claw/clawContent.shtml?id=104035,ok,200,,https://policy.mofcom.gov.cn/claw/clawContent.shtml?id=104035,,5,2026-10-01T15:29Z,,,,,ok
CHN,news,news[0],https://news.qq.com/rain/a/20260914A08U5D00,ok,200,,https://news.qq.com/rain/a/20260914A08U5D00,,2,2026-10-01T15:29Z,,,,,ok
CHN,news,news[1],https://news.qq.com/rain/a/20260901A06M1500?id=20260901A06M1500&path=a&app=news&suid=&redirect_pc=1,ok,200,,https://news.qq.com/rain/a/20260901A06M1500?id=20260901A06M1500&path=a&app=news&suid=&redirect_pc=1,,3,2026-10-01T15:29Z,,,,,ok
CHN,news,news[2],https://zhuanlan.zhihu.com/p/2057504131775042563,blocked_unverified,403,403,https://zhuanlan.zhihu.com/p/2057504131775042563,,2,2026-10-01T15:29Z,blocked_unverified,403,,2026-10-01T15:46Z,blocked_unverified
CHN,news,news[3],https://app.xinhuanet.com/news/article.html?articleId=3dc0b9bd13e04e44a4fb877d395f7bb4,ok,200,,https://app.xinhuanet.com/news/article.html?articleId=3dc0b9bd13e04e44a4fb877d395f7bb4,,1,2026-10-01T15:29Z,,,,,ok
COL,source,categories.access.sources[0],http://www.secretariasenado.gov.co/senado/basedoc/ley_1751_2015.html,ok,200,,http://www.secretariasenado.gov.co/senado/basedoc/ley_1751_2015.html,,2,2026-10-01T15:29Z,,,,,ok
COL,source,categories.access.sources[1],https://www.funcionpublica.gov.co/eva/gestornormativo/norma.php?i=105472,error,,,https://www.funcionpublica.gov.co/eva/gestornormativo/norma.php?i=105472,ConnectError,5,2026-10-01T15:29Z,ok,200,,2026-10-01T15:46Z,ok
COL,source,categories.access.sources[2],https://www.minsalud.gov.co/Normatividad_Nuevo/RESOLUCI%C3%93N%201995%20DE%201999.pdf,ok,200,,https://www.minsalud.gov.co/Normatividad_Nuevo/RESOLUCI%C3%93N%201995%20DE%201999.pdf,,1,2026-10-01T15:29Z,,,,,ok
COL,source,categories.access.sources[3],https://www.minsalud.gov.co/ihce/Paginas/resumen-digitales-de-atencion.aspx,ok,200,,https://www.minsalud.gov.co/ihce/Paginas/resumen-digitales-de-atencion.aspx,,1,2026-10-01T15:29Z,,,,,ok
COL,source,categories.control.sources[0],https://www.funcionpublica.gov.co/eva/gestornormativo/norma.php?i=105472,error,,,https://www.funcionpublica.gov.co/eva/gestornormativo/norma.php?i=105472,ConnectError,5,2026-10-01T15:29Z,ok,200,,2026-10-01T15:46Z,ok
COL,source,categories.control.sources[1],https://www.minsalud.gov.co/Normatividad_Nuevo/Resolucion%20No%201888%20de%202025.pdf,ok,200,,https://www.minsalud.gov.co/Normatividad_Nuevo/Resolucion%20No%201888%20de%202025.pdf,,4,2026-10-01T15:29Z,,,,,ok
COL,source,categories.control.sources[2],https://www.minsalud.gov.co/sites/rid/Lists/BibliotecaDigital/RIDE/DE/OT/informe-especial-ihce.pdf,ok,200,,https://www.minsalud.gov.co/sites/rid/Lists/BibliotecaDigital/RIDE/DE/OT/informe-especial-ihce.pdf,,4,2026-10-01T15:29Z,,,,,ok
COL,source,categories.privacy.sources[0],http://www.secretariasenado.gov.co/senado/basedoc/ley_1581_2012.html,ok,200,,http://www.secretariasenado.gov.co/senado/basedoc/ley_1581_2012.html,,4,2026-10-01T15:29Z,,,,,ok
COL,source,categories.privacy.sources[1],https://www.sic.gov.co/sanciones-proteccion-datos-personales-2025,error,,,https://www.sic.gov.co/sanciones-proteccion-datos-personales-2025,ConnectError,2,2026-10-01T15:29Z,ok,200,,2026-10-01T15:46Z,ok
COL,source,categories.privacy.sources[2],https://consultorsalud.com/sic-sanciona-eps-sos-historia-clinica-vih/,ok,200,,https://consultorsalud.com/sic-sanciona-eps-sos-historia-clinica-vih/,,1,2026-10-01T15:29Z,,,,,ok
COL,source,categories.privacy.sources[3],https://www.eltiempo.com/datos/supersalud-confirma-filtracion-masiva-de-datos-sensibles-de-su-archivo-documental-en-ciberataque-3544641,ok,200,,https://www.eltiempo.com/datos/supersalud-confirma-filtracion-masiva-de-datos-sensibles-de-su-archivo-documental-en-ciberataque-3544641,,2,2026-10-01T15:29Z,,,,,ok
COL,source,categories.commercial.sources[0],http://www.secretariasenado.gov.co/senado/basedoc/ley_1581_2012.html,ok,200,,http://www.secretariasenado.gov.co/senado/basedoc/ley_1581_2012.html,,4,2026-10-01T15:29Z,,,,,ok
COL,source,categories.commercial.sources[1],https://www.funcionpublica.gov.co/eva/gestornormativo/norma.php?i=105472,error,,,https://www.funcionpublica.gov.co/eva/gestornormativo/norma.php?i=105472,ConnectError,5,2026-10-01T15:29Z,ok,200,,2026-10-01T15:46Z,ok
COL,source,categories.commercial.sources[2],https://www.sic.gov.co/sanciones-proteccion-datos-personales-2025,error,,,https://www.sic.gov.co/sanciones-proteccion-datos-personales-2025,ConnectError,2,2026-10-01T15:29Z,ok,200,,2026-10-01T15:46Z,ok
COL,source,categories.journey.sources[0],https://www.minsalud.gov.co/sites/rid/Lists/BibliotecaDigital/RIDE/DE/OT/informe-especial-ihce.pdf,ok,200,,https://www.minsalud.gov.co/sites/rid/Lists/BibliotecaDigital/RIDE/DE/OT/informe-especial-ihce.pdf,,4,2026-10-01T15:29Z,,,,,ok
COL,source,categories.journey.sources[1],https://www.minsalud.gov.co/Normatividad_Nuevo/Resolucion%20No%201888%20de%202025.pdf,ok,200,,https://www.minsalud.gov.co/Normatividad_Nuevo/Resolucion%20No%201888%20de%202025.pdf,,4,2026-10-01T15:29Z,,,,,ok
COL,source,categories.journey.sources[2],https://www.minsalud.gov.co/sites/rid/Lists/BibliotecaDigital/RIDE/DE/DIJ/resolucion-1799-de-2026.pdf,ok,200,,https://www.minsalud.gov.co/sites/rid/Lists/BibliotecaDigital/RIDE/DE/DIJ/resolucion-1799-de-2026.pdf,,2,2026-10-01T15:29Z,,,,,ok
COL,source,categories.journey.sources[3],https://www.funcionpublica.gov.co/eva/gestornormativo/norma.php?i=105472,error,,,https://www.funcionpublica.gov.co/eva/gestornormativo/norma.php?i=105472,ConnectError,5,2026-10-01T15:29Z,ok,200,,2026-10-01T15:46Z,ok
COL,source,categories.clinical.sources[0],https://www.minsalud.gov.co/Normatividad_Nuevo/Resolucion%20No%201888%20de%202025.pdf,ok,200,,https://www.minsalud.gov.co/Normatividad_Nuevo/Resolucion%20No%201888%20de%202025.pdf,,4,2026-10-01T15:29Z,,,,,ok
COL,source,categories.clinical.sources[1],https://www.minsalud.gov.co/sites/rid/Lists/BibliotecaDigital/RIDE/DE/OT/informe-especial-ihce.pdf,ok,200,,https://www.minsalud.gov.co/sites/rid/Lists/BibliotecaDigital/RIDE/DE/OT/informe-especial-ihce.pdf,,4,2026-10-01T15:29Z,,,,,ok
COL,source,categories.research.sources[0],https://www.minsalud.gov.co/sites/rid/Lists/BibliotecaDigital/RIDE/DE/DIJ/RESOLUCION-8430-DE-1993.PDF,ok,200,,https://www.minsalud.gov.co/sites/rid/Lists/BibliotecaDigital/RIDE/DE/DIJ/RESOLUCION-8430-DE-1993.PDF,,2,2026-10-01T15:29Z,,,,,ok
COL,source,categories.research.sources[1],http://www.secretariasenado.gov.co/senado/basedoc/ley_1581_2012.html,ok,200,,http://www.secretariasenado.gov.co/senado/basedoc/ley_1581_2012.html,,4,2026-10-01T15:29Z,,,,,ok
COL,source,categories.ai.sources[0],https://normograma.invima.gov.co/compilacion/docs/decreto_4725_2005.htm,ok,200,,https://normograma.invima.gov.co/compilacion/docs/decreto_4725_2005.htm,,2,2026-10-01T15:29Z,,,,,ok
COL,source,categories.ai.sources[1],https://www.dnp.gov.co/publicaciones/Planeacion/Paginas/conpes-4144-hoja-de-ruta-colombia-inteligencia-artificial-retos-actuales-transformacion-futura.aspx,ok,200,,https://www.dnp.gov.co/publicaciones/Planeacion/Paginas/conpes-4144-hoja-de-ruta-colombia-inteligencia-artificial-retos-actuales-transformacion-futura.aspx,,1,2026-10-01T15:29Z,,,,,ok
COL,source,categories.ai.sources[2],https://www.minsalud.gov.co/sites/rid/Lists/BibliotecaDigital/RIDE/DE/OT/informe-especial-ihce.pdf,ok,200,,https://www.minsalud.gov.co/sites/rid/Lists/BibliotecaDigital/RIDE/DE/OT/informe-especial-ihce.pdf,,4,2026-10-01T15:29Z,,,,,ok
COL,source,categories.ai.sources[3],https://www.camara.gov.co/wp-content/uploads/2026/07/proyectos-ley/documentos/proyecto-36127/P.L.025-2026SC-INTELIGENCIA-ARTIFICIAL.pdf,ok,200,,https://www.camara.gov.co/wp-content/uploads/2026/07/proyectos-ley/documentos/proyecto-36127/P.L.025-2026SC-INTELIGENCIA-ARTIFICIAL.pdf,,2,2026-10-01T15:29Z,,,,,ok
COL,law,laws[0],http://www.secretariasenado.gov.co/senado/basedoc/ley_1751_2015.html,ok,200,,http://www.secretariasenado.gov.co/senado/basedoc/ley_1751_2015.html,,2,2026-10-01T15:29Z,,,,,ok
COL,law,laws[1],https://www.funcionpublica.gov.co/eva/gestornormativo/norma.php?i=105472,error,,,https://www.funcionpublica.gov.co/eva/gestornormativo/norma.php?i=105472,ConnectError,5,2026-10-01T15:29Z,ok,200,,2026-10-01T15:46Z,ok
COL,law,laws[2],http://www.secretariasenado.gov.co/senado/basedoc/ley_1581_2012.html,ok,200,,http://www.secretariasenado.gov.co/senado/basedoc/ley_1581_2012.html,,4,2026-10-01T15:29Z,,,,,ok
COL,law,laws[3],https://www.minsalud.gov.co/Normatividad_Nuevo/Resolucion%20No%201888%20de%202025.pdf,ok,200,,https://www.minsalud.gov.co/Normatividad_Nuevo/Resolucion%20No%201888%20de%202025.pdf,,4,2026-10-01T15:29Z,,,,,ok
COL,law,laws[4],https://www.minsalud.gov.co/sites/rid/Lists/BibliotecaDigital/RIDE/DE/DIJ/resolucion-1799-de-2026.pdf,ok,200,,https://www.minsalud.gov.co/sites/rid/Lists/BibliotecaDigital/RIDE/DE/DIJ/resolucion-1799-de-2026.pdf,,2,2026-10-01T15:29Z,,,,,ok
COL,law,laws[5],https://www.minsalud.gov.co/sites/rid/Lists/BibliotecaDigital/RIDE/DE/DIJ/RESOLUCION-8430-DE-1993.PDF,ok,200,,https://www.minsalud.gov.co/sites/rid/Lists/BibliotecaDigital/RIDE/DE/DIJ/RESOLUCION-8430-DE-1993.PDF,,2,2026-10-01T15:29Z,,,,,ok
COL,law,laws[6],https://normograma.invima.gov.co/compilacion/docs/decreto_4725_2005.htm,ok,200,,https://normograma.invima.gov.co/compilacion/docs/decreto_4725_2005.htm,,2,2026-10-01T15:29Z,,,,,ok
COL,news,news[0],https://www.elpais.com.co/colombia/minsalud-anuncia-modernizacion-en-el-sistema-historia-clinica-sera-compartida-entre-instituciones-desde-abril-de-2026-1450.html,ok,200,,https://www.elpais.com.co/colombia/minsalud-anuncia-modernizacion-en-el-sistema-historia-clinica-sera-compartida-entre-instituciones-desde-abril-de-2026-1450.html,,1,2026-10-01T15:29Z,,,,,ok
COL,news,news[1],https://www.eltiempo.com/datos/supersalud-confirma-filtracion-masiva-de-datos-sensibles-de-su-archivo-documental-en-ciberataque-3544641,ok,200,,https://www.eltiempo.com/datos/supersalud-confirma-filtracion-masiva-de-datos-sensibles-de-su-archivo-documental-en-ciberataque-3544641,,2,2026-10-01T15:29Z,,,,,ok
COL,news,news[2],https://consultorsalud.com/minsalud-rda-dispensacion-medicamentos/,ok,200,,https://consultorsalud.com/minsalud-rda-dispensacion-medicamentos/,,1,2026-10-01T15:29Z,,,,,ok
COL,news,news[3],https://www.camara.gov.co/wp-content/uploads/2026/07/proyectos-ley/documentos/proyecto-36127/P.L.025-2026SC-INTELIGENCIA-ARTIFICIAL.pdf,ok,200,,https://www.camara.gov.co/wp-content/uploads/2026/07/proyectos-ley/documentos/proyecto-36127/P.L.025-2026SC-INTELIGENCIA-ARTIFICIAL.pdf,,2,2026-10-01T15:29Z,,,,,ok
COL,news,news[4],https://www.hsbnoticias.com/6-de-cada-10-ciberataques-en-colombia-van-dirigidos-al-sector-salud-que-pasa-con-las-historias-clinicas/,ok,200,,https://www.hsbnoticias.com/6-de-cada-10-ciberataques-en-colombia-van-dirigidos-al-sector-salud-que-pasa-con-las-historias-clinicas/,,1,2026-10-01T15:29Z,,,,,ok
CRI,source,categories.access.sources[0],https://iafa.go.cr/wp-content/uploads/2025/01/Derechos-y-deberes-de-las-personas-usuarias-de-los-servicios-de-salud-publicos-y-privados.pdf,ok,200,,https://iafa.go.cr/wp-content/uploads/2025/01/Derechos-y-deberes-de-las-personas-usuarias-de-los-servicios-de-salud-publicos-y-privados.pdf,,3,2026-10-01T15:29Z,,,,,ok
CRI,source,categories.access.sources[1],https://sinalevi.go.cr/ResultadosNormativa/Informacion?param1=85915&param2=111286&param3=1&param4=,error,405,,https://sinalevi.go.cr/ResultadosNormativa/Informacion?param1=85915&param2=111286&param3=1&param4=,RemoteProtocolError,5,2026-10-01T15:29Z,ok,200,,2026-10-01T15:46Z,ok
CRI,source,categories.access.sources[2],https://apps.apple.com/cr/app/edus/id1042094805,ok,200,,https://apps.apple.com/cr/app/edus/id1042094805,,1,2026-10-01T15:29Z,,,,,ok
CRI,source,categories.access.sources[3],https://archivos.juridicas.unam.mx/www/bjv/libros/13/6338/1.pdf,ok,200,,https://archivos.juridicas.unam.mx/www/bjv/libros/13/6338/1.pdf,,2,2026-10-01T15:29Z,,,,,ok
CRI,source,categories.control.sources[0],https://sinalevi.go.cr/ResultadosNormativa/Informacion?param1=85915&param2=111286&param3=1&param4=,error,405,,https://sinalevi.go.cr/ResultadosNormativa/Informacion?param1=85915&param2=111286&param3=1&param4=,RemoteProtocolError,5,2026-10-01T15:29Z,ok,200,,2026-10-01T15:46Z,ok
CRI,source,categories.control.sources[1],https://crhoy.com/nacionales/como-saber-si-alguien-reviso-su-expediente-en-edus-asi-puede-solicitar-el-registro-de-accesos/,ok,200,,https://crhoy.com/nacionales/como-saber-si-alguien-reviso-su-expediente-en-edus-asi-puede-solicitar-el-registro-de-accesos/,,2,2026-10-01T15:29Z,,,,,ok
CRI,source,categories.control.sources[2],https://www.monumental.co.cr/2025/08/07/nueva-funcion-en-aplicacion-edus-permite-compartir-expediente-medico-con-personal-de-salud-privado/,ok,200,,https://www.monumental.co.cr/2025/08/07/nueva-funcion-en-aplicacion-edus-permite-compartir-expediente-medico-con-personal-de-salud-privado/,,1,2026-10-01T15:29Z,,,,,ok
CRI,source,categories.privacy.sources[0],https://sinalevi.go.cr/ResultadosNormativa/Informacion?param1=75700&param2=93998&param3=1&param4=,error,405,,https://sinalevi.go.cr/ResultadosNormativa/Informacion?param1=75700&param2=93998&param3=1&param4=,RemoteProtocolError,2,2026-10-01T15:29Z,ok,200,,2026-10-01T15:46Z,ok
CRI,source,categories.privacy.sources[1],https://micitt.go.cr/sites/default/files/marco_juridico_legal/08.%20Ley%20n.%C2%B0%208968%20Ley%20de%20Protecci%C3%B3n%20de%20la%20Persona%20frente%20al%20tratamiento%20de%20sus%20datos%20personales..pdf,ok,200,,https://micitt.go.cr/sites/default/files/marco_juridico_legal/08.%20Ley%20n.%C2%B0%208968%20Ley%20de%20Protecci%C3%B3n%20de%20la%20Persona%20frente%20al%20tratamiento%20de%20sus%20datos%20personales..pdf,,3,2026-10-01T15:29Z,,,,,ok
CRI,source,categories.privacy.sources[2],https://ameliarueda.com/nota/pensionados-personas-fuera-planilla-tienen-acceso-edus-noticias-costa-rica,ok,200,,https://ameliarueda.com/nota/pensionados-personas-fuera-planilla-tienen-acceso-edus-noticias-costa-rica,,1,2026-10-01T15:29Z,,,,,ok
CRI,source,categories.privacy.sources[3],https://www.lateja.cr/nacional/hackeo-a-la-ccss-obliga-a-pacientes-a-volver-a/OBKTUUCXTRHX5KOIAAFXHCUWFY/story/,ok,200,,https://www.lateja.cr/nacional/hackeo-a-la-ccss-obliga-a-pacientes-a-volver-a/OBKTUUCXTRHX5KOIAAFXHCUWFY/story/,,1,2026-10-01T15:29Z,,,,,ok
CRI,source,categories.commercial.sources[0],https://micitt.go.cr/sites/default/files/marco_juridico_legal/08.%20Ley%20n.%C2%B0%208968%20Ley%20de%20Protecci%C3%B3n%20de%20la%20Persona%20frente%20al%20tratamiento%20de%20sus%20datos%20personales..pdf,ok,200,,https://micitt.go.cr/sites/default/files/marco_juridico_legal/08.%20Ley%20n.%C2%B0%208968%20Ley%20de%20Protecci%C3%B3n%20de%20la%20Persona%20frente%20al%20tratamiento%20de%20sus%20datos%20personales..pdf,,3,2026-10-01T15:29Z,,,,,ok
CRI,source,categories.commercial.sources[1],https://sinalevi.go.cr/ResultadosNormativa/Informacion?param1=85915&param2=111286&param3=1&param4=,error,405,,https://sinalevi.go.cr/ResultadosNormativa/Informacion?param1=85915&param2=111286&param3=1&param4=,RemoteProtocolError,5,2026-10-01T15:29Z,ok,200,,2026-10-01T15:46Z,ok
CRI,source,categories.journey.sources[0],https://archivos.juridicas.unam.mx/www/bjv/libros/13/6338/1.pdf,ok,200,,https://archivos.juridicas.unam.mx/www/bjv/libros/13/6338/1.pdf,,2,2026-10-01T15:29Z,,,,,ok
CRI,source,categories.journey.sources[1],https://www.ministeriodesalud.go.cr/index.php/prensa/67-noticias-2026/2406-iafa-avanza-en-implementacion-del-edus-para-mejorar-la-atencion-en-salud-a-nivel-nacional,ok,200,,https://www.ministeriodesalud.go.cr/index.php/prensa/67-noticias-2026/2406-iafa-avanza-en-implementacion-del-edus-para-mejorar-la-atencion-en-salud-a-nivel-nacional,,3,2026-10-01T15:29Z,,,,,ok
CRI,source,categories.journey.sources[2],https://www.nacion.com/opinion/editorial/editorial-el-edus-necesita-atencion-urgente-de-la/IPGZZZCK4BEV5ERMQCBXCB2UJA/story/,ok,200,,https://www.nacion.com/opinion/editorial/editorial-el-edus-necesita-atencion-urgente-de-la/IPGZZZCK4BEV5ERMQCBXCB2UJA/story/,,1,2026-10-01T15:29Z,,,,,ok
CRI,source,categories.journey.sources[3],https://www.infobae.com/costa-rica/2026/09/15/costa-rica-lleva-el-expediente-digital-unico-en-salud-a-dos-carceles-y-prepara-su-expansion-a-21-centros-mas/,ok,200,,https://www.infobae.com/costa-rica/2026/09/15/costa-rica-lleva-el-expediente-digital-unico-en-salud-a-dos-carceles-y-prepara-su-expansion-a-21-centros-mas/,,2,2026-10-01T15:29Z,,,,,ok
CRI,source,categories.clinical.sources[0],https://sinalevi.go.cr/ResultadosNormativa/Informacion?param1=85915&param2=111286&param3=1&param4=,error,405,,https://sinalevi.go.cr/ResultadosNormativa/Informacion?param1=85915&param2=111286&param3=1&param4=,RemoteProtocolError,5,2026-10-01T15:29Z,ok,200,,2026-10-01T15:46Z,ok
CRI,source,categories.clinical.sources[1],https://www.ministeriodesalud.go.cr/index.php/prensa/67-noticias-2026/2406-iafa-avanza-en-implementacion-del-edus-para-mejorar-la-atencion-en-salud-a-nivel-nacional,ok,200,,https://www.ministeriodesalud.go.cr/index.php/prensa/67-noticias-2026/2406-iafa-avanza-en-implementacion-del-edus-para-mejorar-la-atencion-en-salud-a-nivel-nacional,,3,2026-10-01T15:29Z,,,,,ok
CRI,source,categories.clinical.sources[2],https://www.nacion.com/el-pais/edus-ya-le-permite-compartir-su-expediente-con-su/LOHIOEVWN5DYPGT4YT6KKDWLBM/story/,ok,200,,https://www.nacion.com/el-pais/edus-ya-le-permite-compartir-su-expediente-con-su/LOHIOEVWN5DYPGT4YT6KKDWLBM/story/,,1,2026-10-01T15:29Z,,,,,ok
CRI,source,categories.research.sources[0],https://clsanagustin.com/wp-content/uploads/2017/09/Ley-Investigacion-Biomedica-No9234.pdf,ok,200,,https://clsanagustin.com/wp-content/uploads/2017/09/Ley-Investigacion-Biomedica-No9234.pdf,,2,2026-10-01T15:29Z,,,,,ok
CRI,source,categories.research.sources[1],https://iafa.go.cr/wp-content/uploads/2025/01/Derechos-y-deberes-de-las-personas-usuarias-de-los-servicios-de-salud-publicos-y-privados.pdf,ok,200,,https://iafa.go.cr/wp-content/uploads/2025/01/Derechos-y-deberes-de-las-personas-usuarias-de-los-servicios-de-salud-publicos-y-privados.pdf,,3,2026-10-01T15:29Z,,,,,ok
CRI,source,categories.ai.sources[0],https://www.imprentanacional.go.cr/pub/2008/04/25/ALCA19_25_04_2008.html,ok,200,,https://www.imprentanacional.go.cr/pub/2008/04/25/ALCA19_25_04_2008.html,,2,2026-10-01T15:29Z,,,,,ok
CRI,source,categories.ai.sources[1],https://www.observatorioia.org/es/legislacion/,ok,200,,https://www.observatorioia.org/es/legislacion/,,1,2026-10-01T15:29Z,,,,,ok
CRI,source,categories.ai.sources[2],https://www.infobae.com/costa-rica/2026/05/08/caja-costarricense-de-seguro-social-incorpora-inteligencia-artificial-para-depuracion-de-listas-de-espera/,ok,200,,https://www.infobae.com/costa-rica/2026/05/08/caja-costarricense-de-seguro-social-incorpora-inteligencia-artificial-para-depuracion-de-listas-de-espera/,,2,2026-10-01T15:29Z,,,,,ok
CRI,law,laws[0],https://iafa.go.cr/wp-content/uploads/2025/01/Derechos-y-deberes-de-las-personas-usuarias-de-los-servicios-de-salud-publicos-y-privados.pdf,ok,200,,https://iafa.go.cr/wp-content/uploads/2025/01/Derechos-y-deberes-de-las-personas-usuarias-de-los-servicios-de-salud-publicos-y-privados.pdf,,3,2026-10-01T15:29Z,,,,,ok
CRI,law,laws[1],https://micitt.go.cr/sites/default/files/marco_juridico_legal/08.%20Ley%20n.%C2%B0%208968%20Ley%20de%20Protecci%C3%B3n%20de%20la%20Persona%20frente%20al%20tratamiento%20de%20sus%20datos%20personales..pdf,ok,200,,https://micitt.go.cr/sites/default/files/marco_juridico_legal/08.%20Ley%20n.%C2%B0%208968%20Ley%20de%20Protecci%C3%B3n%20de%20la%20Persona%20frente%20al%20tratamiento%20de%20sus%20datos%20personales..pdf,,3,2026-10-01T15:29Z,,,,,ok
CRI,law,laws[2],https://sinalevi.go.cr/ResultadosNormativa/Informacion?param1=75700&param2=93998&param3=1&param4=,error,405,,https://sinalevi.go.cr/ResultadosNormativa/Informacion?param1=75700&param2=93998&param3=1&param4=,RemoteProtocolError,2,2026-10-01T15:29Z,ok,200,,2026-10-01T15:46Z,ok
CRI,law,laws[3],https://sinalevi.go.cr/ResultadosNormativa/Informacion?param1=85915&param2=111286&param3=1&param4=,error,405,,https://sinalevi.go.cr/ResultadosNormativa/Informacion?param1=85915&param2=111286&param3=1&param4=,RemoteProtocolError,5,2026-10-01T15:29Z,ok,200,,2026-10-01T15:46Z,ok
CRI,law,laws[4],https://clsanagustin.com/wp-content/uploads/2017/09/Ley-Investigacion-Biomedica-No9234.pdf,ok,200,,https://clsanagustin.com/wp-content/uploads/2017/09/Ley-Investigacion-Biomedica-No9234.pdf,,2,2026-10-01T15:29Z,,,,,ok
CRI,law,laws[5],https://www.imprentanacional.go.cr/pub/2008/04/25/ALCA19_25_04_2008.html,ok,200,,https://www.imprentanacional.go.cr/pub/2008/04/25/ALCA19_25_04_2008.html,,2,2026-10-01T15:29Z,,,,,ok
CRI,news,news[0],https://www.infobae.com/costa-rica/2026/09/15/costa-rica-lleva-el-expediente-digital-unico-en-salud-a-dos-carceles-y-prepara-su-expansion-a-21-centros-mas/,ok,200,,https://www.infobae.com/costa-rica/2026/09/15/costa-rica-lleva-el-expediente-digital-unico-en-salud-a-dos-carceles-y-prepara-su-expansion-a-21-centros-mas/,,2,2026-10-01T15:29Z,,,,,ok
CRI,news,news[1],https://www.infobae.com/costa-rica/2026/05/08/caja-costarricense-de-seguro-social-incorpora-inteligencia-artificial-para-depuracion-de-listas-de-espera/,ok,200,,https://www.infobae.com/costa-rica/2026/05/08/caja-costarricense-de-seguro-social-incorpora-inteligencia-artificial-para-depuracion-de-listas-de-espera/,,2,2026-10-01T15:29Z,,,,,ok
CRI,news,news[2],https://www.ministeriodesalud.go.cr/index.php/prensa/67-noticias-2026/2406-iafa-avanza-en-implementacion-del-edus-para-mejorar-la-atencion-en-salud-a-nivel-nacional,ok,200,,https://www.ministeriodesalud.go.cr/index.php/prensa/67-noticias-2026/2406-iafa-avanza-en-implementacion-del-edus-para-mejorar-la-atencion-en-salud-a-nivel-nacional,,3,2026-10-01T15:29Z,,,,,ok
CRI,news,news[3],https://crhoy.com/nacionales/como-saber-si-alguien-reviso-su-expediente-en-edus-asi-puede-solicitar-el-registro-de-accesos/,ok,200,,https://crhoy.com/nacionales/como-saber-si-alguien-reviso-su-expediente-en-edus-asi-puede-solicitar-el-registro-de-accesos/,,2,2026-10-01T15:29Z,,,,,ok
CRI,news,news[4],https://crhoy.com/nacionales/usuaria-demanda-a-la-ccss-por-accesos-a-su-edus-alega-que-extrajeron-informacion-para-amenazarla/,ok,200,,https://crhoy.com/nacionales/usuaria-demanda-a-la-ccss-por-accesos-a-su-edus-alega-que-extrajeron-informacion-para-amenazarla/,,1,2026-10-01T15:29Z,,,,,ok
CYP,source,categories.access.sources[0],http://www.cylaw.org/nomoi/enop/non-ind/2019_1_59/full.html,ok,200,,http://www.cylaw.org/nomoi/enop/non-ind/2019_1_59/full.html,,7,2026-10-01T15:29Z,,,,,ok
CYP,source,categories.access.sources[1],https://data.europa.eu/doi/10.2759/8383998,blocked_unverified,403,403,https://op.europa.eu/publication/manifestation_identifier/PUB_KK0125040ENN,,2,2026-10-01T15:29Z,blocked_unverified,403,,2026-10-01T15:46Z,blocked_unverified
CYP,source,categories.access.sources[2],https://digital-strategy.ec.europa.eu/en/factpages/cypruss-2026-digital-decade-country-report,ok,200,,https://digital-strategy.ec.europa.eu/en/factpages/cypruss-2026-digital-decade-country-report,,2,2026-10-01T15:29Z,,,,,ok
CYP,source,categories.access.sources[3],https://ink.com/articles/545626/gesy-stin-othoni-soy-ola-osa-prepei-na-xereis,ok,200,,https://ink.com/articles/545626/gesy-stin-othoni-soy-ola-osa-prepei-na-xereis,,1,2026-10-01T15:29Z,,,,,ok
CYP,source,categories.control.sources[0],http://www.cylaw.org/nomoi/enop/non-ind/2019_1_59/full.html,ok,200,,http://www.cylaw.org/nomoi/enop/non-ind/2019_1_59/full.html,,7,2026-10-01T15:29Z,,,,,ok
CYP,source,categories.control.sources[1],https://pmc.ncbi.nlm.nih.gov/articles/PMC13133457/,ok,200,,https://pmc.ncbi.nlm.nih.gov/articles/PMC13133457/,,2,2026-10-01T15:29Z,,,,,ok
CYP,source,categories.control.sources[2],https://ygeia-press.com/%CE%B3%CE%B5%CF%83%CF%85%CF%80%CF%89%CF%82-%CE%B5%CE%BD%CE%B7%CE%BC%CE%B5%CF%81%CF%89%CE%BD%CF%8C%CE%BC%CE%B1%CF%83%CF%84%CE%B5-%CE%B3%CE%B9%CE%B1-%CF%84%CE%B1-%CE%B9%CE%B1%CF%84%CF%81%CE%B9%CE%BA/,ok,200,,https://ygeia-press.com/%CE%B3%CE%B5%CF%83%CF%85%CF%80%CF%89%CF%82-%CE%B5%CE%BD%CE%B7%CE%BC%CE%B5%CF%81%CF%89%CE%BD%CF%8C%CE%BC%CE%B1%CF%83%CF%84%CE%B5-%CE%B3%CE%B9%CE%B1-%CF%84%CE%B1-%CE%B9%CE%B1%CF%84%CF%81%CE%B9%CE%BA/,,2,2026-10-01T15:29Z,,,,,ok
CYP,source,categories.privacy.sources[0],http://www.cylaw.org/nomoi/enop/non-ind/2018_1_125/full.html,ok,200,,http://www.cylaw.org/nomoi/enop/non-ind/2018_1_125/full.html,,3,2026-10-01T15:29Z,,,,,ok
CYP,source,categories.privacy.sources[1],http://www.cylaw.org/nomoi/enop/non-ind/2019_1_59/full.html,ok,200,,http://www.cylaw.org/nomoi/enop/non-ind/2019_1_59/full.html,,7,2026-10-01T15:29Z,,,,,ok
CYP,source,categories.privacy.sources[2],https://dialogos.com.cy/ekthesi-epitropoy-parapona-gia-spam-kyklomata-parakoloythisis-kai-prostima-ston-okypy/,ok,200,,https://dialogos.com.cy/ekthesi-epitropoy-parapona-gia-spam-kyklomata-parakoloythisis-kai-prostima-ston-okypy/,,1,2026-10-01T15:29Z,,,,,ok
CYP,source,categories.commercial.sources[0],http://www.cylaw.org/nomoi/enop/non-ind/2018_1_125/full.html,ok,200,,http://www.cylaw.org/nomoi/enop/non-ind/2018_1_125/full.html,,3,2026-10-01T15:29Z,,,,,ok
CYP,source,categories.commercial.sources[1],http://www.cylaw.org/nomoi/enop/non-ind/2019_1_59/full.html,ok,200,,http://www.cylaw.org/nomoi/enop/non-ind/2019_1_59/full.html,,7,2026-10-01T15:29Z,,,,,ok
CYP,source,categories.journey.sources[0],https://neha.org.cy/enarksi-ilektronikwn-diasinoriakwn/,ok,200,,https://neha.org.cy/enarksi-ilektronikwn-diasinoriakwn/,,2,2026-10-01T15:29Z,,,,,ok
CYP,source,categories.journey.sources[1],https://www.gesy.org.cy/sites/Sites?d=Desktop&locale=el_GR&lookuphost=%2Fel-gr%2F&lookuppage=hioinformationtechnologysystemghs,ok,513,200,https://www.gesy.org.cy/sites/Sites?d=Desktop&locale=el_GR&lookuphost=%2Fel-gr%2F&lookuppage=hioinformationtechnologysystemghs,,1,2026-10-01T15:29Z,,,,,ok
CYP,source,categories.journey.sources[2],https://pmc.ncbi.nlm.nih.gov/articles/PMC13133457/,ok,200,,https://pmc.ncbi.nlm.nih.gov/articles/PMC13133457/,,2,2026-10-01T15:29Z,,,,,ok
CYP,source,categories.journey.sources[3],https://www.politis.com.cy/cyprus/igeia/1033942/telos-ston-fakelo-me-ta-khartia-olo-to-istoriko-ighias-se-mia-othoni-pote-erkhetai-o-psifiakos-fakelos-stin-kypro,ok,200,,https://www.politis.com.cy/cyprus/igeia/1033942/telos-ston-fakelo-me-ta-khartia-olo-to-istoriko-ighias-se-mia-othoni-pote-erkhetai-o-psifiakos-fakelos-stin-kypro,,2,2026-10-01T15:29Z,,,,,ok
CYP,source,categories.clinical.sources[0],https://ygeia-press.com/%CE%B3%CE%B5%CF%83%CF%85%CF%80%CF%89%CF%82-%CE%B5%CE%BD%CE%B7%CE%BC%CE%B5%CF%81%CF%89%CE%BD%CF%8C%CE%BC%CE%B1%CF%83%CF%84%CE%B5-%CE%B3%CE%B9%CE%B1-%CF%84%CE%B1-%CE%B9%CE%B1%CF%84%CF%81%CE%B9%CE%BA/,ok,200,,https://ygeia-press.com/%CE%B3%CE%B5%CF%83%CF%85%CF%80%CF%89%CF%82-%CE%B5%CE%BD%CE%B7%CE%BC%CE%B5%CF%81%CF%89%CE%BD%CF%8C%CE%BC%CE%B1%CF%83%CF%84%CE%B5-%CE%B3%CE%B9%CE%B1-%CF%84%CE%B1-%CE%B9%CE%B1%CF%84%CF%81%CE%B9%CE%BA/,,2,2026-10-01T15:29Z,,,,,ok
CYP,source,categories.clinical.sources[1],http://www.cylaw.org/nomoi/enop/non-ind/2019_1_59/full.html,ok,200,,http://www.cylaw.org/nomoi/enop/non-ind/2019_1_59/full.html,,7,2026-10-01T15:29Z,,,,,ok
CYP,source,categories.clinical.sources[2],https://neha.org.cy/enarksi-ilektronikwn-diasinoriakwn/,ok,200,,https://neha.org.cy/enarksi-ilektronikwn-diasinoriakwn/,,2,2026-10-01T15:29Z,,,,,ok
CYP,source,categories.clinical.sources[3],https://data.europa.eu/doi/10.2759/8383998,blocked_unverified,403,403,https://op.europa.eu/publication/manifestation_identifier/PUB_KK0125040ENN,,2,2026-10-01T15:29Z,blocked_unverified,403,,2026-10-01T15:46Z,blocked_unverified
CYP,source,categories.research.sources[0],http://www.cylaw.org/nomoi/enop/non-ind/2019_1_59/full.html,ok,200,,http://www.cylaw.org/nomoi/enop/non-ind/2019_1_59/full.html,,7,2026-10-01T15:29Z,,,,,ok
CYP,source,categories.research.sources[1],http://www.cylaw.org/nomoi/enop/non-ind/2001_1_150/full.html,ok,200,,http://www.cylaw.org/nomoi/enop/non-ind/2001_1_150/full.html,,2,2026-10-01T15:29Z,,,,,ok
CYP,source,categories.research.sources[2],https://www.cbn.com.cy/article/128614/reliable-health-data-and-ai-the-basis-of-a-new-era-e-health-authority-head-says,ok,200,,https://www.cbn.com.cy/article/128614/reliable-health-data-and-ai-the-basis-of-a-new-era-e-health-authority-head-says,,3,2026-10-01T15:29Z,,,,,ok
CYP,source,categories.ai.sources[0],https://ai-act-service-desk.ec.europa.eu/en/national-resources,ok,200,,https://ai-act-service-desk.ec.europa.eu/en/national-resources,,2,2026-10-01T15:29Z,,,,,ok
CYP,source,categories.ai.sources[1],https://www.cuatrecasas.com/en/global/intellectual-property/art/digital-omnibus-ai-has-been-published,ok,200,,https://www.cuatrecasas.com/en/global/intellectual-property/art/digital-omnibus-ai-has-been-published,,23,2026-10-01T15:29Z,,,,,ok
CYP,source,categories.ai.sources[2],https://www.cbn.com.cy/article/128614/reliable-health-data-and-ai-the-basis-of-a-new-era-e-health-authority-head-says,ok,200,,https://www.cbn.com.cy/article/128614/reliable-health-data-and-ai-the-basis-of-a-new-era-e-health-authority-head-says,,3,2026-10-01T15:29Z,,,,,ok
CYP,law,laws[0],http://www.cylaw.org/nomoi/enop/non-ind/2019_1_59/full.html,ok,200,,http://www.cylaw.org/nomoi/enop/non-ind/2019_1_59/full.html,,7,2026-10-01T15:29Z,,,,,ok
CYP,law,laws[1],http://www.cylaw.org/nomoi/enop/non-ind/2018_1_125/full.html,ok,200,,http://www.cylaw.org/nomoi/enop/non-ind/2018_1_125/full.html,,3,2026-10-01T15:29Z,,,,,ok
CYP,law,laws[2],http://www.cylaw.org/nomoi/enop/non-ind/2001_1_150/full.html,ok,200,,http://www.cylaw.org/nomoi/enop/non-ind/2001_1_150/full.html,,2,2026-10-01T15:29Z,,,,,ok
CYP,law,laws[3],https://health.ec.europa.eu/ehealth-digital-health-and-care/european-health-data-space-regulation-ehds_en,ok,200,,https://health.ec.europa.eu/ehealth-digital-health-and-care/european-health-data-space-regulation-ehds_en,,31,2026-10-01T15:29Z,,,,,ok
CYP,law,laws[4],https://commission.europa.eu/law/law-topic/data-protection/legal-framework-eu-data-protection_en,ok,200,,https://commission.europa.eu/law/law-topic/data-protection/legal-framework-eu-data-protection_en,,2,2026-10-01T15:29Z,,,,,ok
CYP,law,laws[5],https://www.cuatrecasas.com/en/global/intellectual-property/art/digital-omnibus-ai-has-been-published,ok,200,,https://www.cuatrecasas.com/en/global/intellectual-property/art/digital-omnibus-ai-has-been-published,,23,2026-10-01T15:29Z,,,,,ok
CYP,news,news[0],https://ca.news.yahoo.com/digital-health-across-europe-country-060207201.html,ok,200,,https://ca.news.yahoo.com/digital-health-across-europe-country-060207201.html,,8,2026-10-01T15:29Z,,,,,ok
CYP,news,news[1],https://healthdaily.gr/2026/04/01/kypros-apokta-ethniki-efarmogi-psifiakis-ygeias/,ok,200,,https://healthdaily.gr/2026/04/01/kypros-apokta-ethniki-efarmogi-psifiakis-ygeias/,,1,2026-10-01T15:29Z,,,,,ok
CYP,news,news[2],https://www.cbn.com.cy/article/128614/reliable-health-data-and-ai-the-basis-of-a-new-era-e-health-authority-head-says,ok,200,,https://www.cbn.com.cy/article/128614/reliable-health-data-and-ai-the-basis-of-a-new-era-e-health-authority-head-says,,3,2026-10-01T15:29Z,,,,,ok
CYP,news,news[3],https://digital-strategy.ec.europa.eu/en/factpages/cypruss-2026-digital-decade-country-report,ok,200,,https://digital-strategy.ec.europa.eu/en/factpages/cypruss-2026-digital-decade-country-report,,2,2026-10-01T15:29Z,,,,,ok
CYP,news,news[4],https://www.politis.com.cy/cyprus/igeia/1033942/telos-ston-fakelo-me-ta-khartia-olo-to-istoriko-ighias-se-mia-othoni-pote-erkhetai-o-psifiakos-fakelos-stin-kypro,ok,200,,https://www.politis.com.cy/cyprus/igeia/1033942/telos-ston-fakelo-me-ta-khartia-olo-to-istoriko-ighias-se-mia-othoni-pote-erkhetai-o-psifiakos-fakelos-stin-kypro,,2,2026-10-01T15:29Z,,,,,ok
CZE,source,categories.access.sources[0],https://mzd.gov.cz/wp-content/uploads/2024/11/Vykladove-stanovisko-k-ustanoveni-%C2%A7-66-odst.-3-zakona-o-zdravotnich-sluzbach-ve-zneni-zakona-c.-240-2024-Sb.pdf,ok,200,,https://mzd.gov.cz/wp-content/uploads/2024/11/Vykladove-stanovisko-k-ustanoveni-%C2%A7-66-odst.-3-zakona-o-zdravotnich-sluzbach-ve-zneni-zakona-c.-240-2024-Sb.pdf,,2,2026-10-01T15:29Z,,,,,ok
CZE,source,categories.access.sources[1],https://mzd.gov.cz/tiskove-centrum-mz/ministerstvo-zdravotnictvi-spousti-novou-generaci-ezkarty-pripomene-preventivni-vysetreni-a-zpristupni-dulezite-zdravotni-informace/,ok,200,,https://mzd.gov.cz/tiskove-centrum-mz/ministerstvo-zdravotnictvi-spousti-novou-generaci-ezkarty-pripomene-preventivni-vysetreni-a-zpristupni-dulezite-zdravotni-informace/,,3,2026-10-01T15:29Z,,,,,ok
CZE,source,categories.access.sources[2],https://www.digitalhealth.cz/nova-ezkarta-laboratorni-vysledky-prevence/,ok,200,,https://www.digitalhealth.cz/nova-ezkarta-laboratorni-vysledky-prevence/,,1,2026-10-01T15:29Z,,,,,ok
CZE,source,categories.access.sources[3],https://www.nzip.cz/clanek/1074-zdravotnicka-dokumentace,ok,200,,https://www.nzip.cz/clanek/1074-zdravotnicka-dokumentace,,1,2026-10-01T15:29Z,,,,,ok
CZE,source,categories.control.sources[0],https://www.zakonyprolidi.cz/cs/2021-325,ok,200,,https://www.zakonyprolidi.cz/cs/2021-325,,3,2026-10-01T15:29Z,,,,,ok
CZE,source,categories.control.sources[1],https://portal.gov.cz/sluzby-vs/vyjadreni-souhlasunesouhlasu-s-nahlizenim-na-lekovy-zaznam-S11085,ok,200,,https://portal.gov.cz/sluzby-vs/vyjadreni-souhlasunesouhlasu-s-nahlizenim-na-lekovy-zaznam-S11085,,1,2026-10-01T15:29Z,,,,,ok
CZE,source,categories.control.sources[2],https://ncez.mzcr.cz/cs/node/5545,ok,200,,https://ncez.mzcr.cz/cs/node/5545,,2,2026-10-01T15:29Z,,,,,ok
CZE,source,categories.control.sources[3],https://epreskripce.gov.cz/zabezpeceni-lekoveho-zaznamu/,ok,200,,https://epreskripce.gov.cz/zabezpeceni-lekoveho-zaznamu/,,1,2026-10-01T15:29Z,,,,,ok
CZE,source,categories.privacy.sources[0],https://www.ochranaudaju.cz/aktuality/vyrocni-zprava-uoou-za-rok-2025,ok,200,,https://www.ochranaudaju.cz/aktuality/vyrocni-zprava-uoou-za-rok-2025,,3,2026-10-01T15:29Z,,,,,ok
CZE,source,categories.privacy.sources[1],https://www.zakonyprolidi.cz/cs/2019-110,ok,200,,https://www.zakonyprolidi.cz/cs/2019-110,,2,2026-10-01T15:29Z,,,,,ok
CZE,source,categories.privacy.sources[2],https://www.zdravotnickydenik.cz/2026/08/kamery-v-nemocnicich-maji-sva-pravidla-uoou-vymezil-kde-konci-ochrana-a-zacina-smirovani/,ok,200,,https://www.zdravotnickydenik.cz/2026/08/kamery-v-nemocnicich-maji-sva-pravidla-uoou-vymezil-kde-konci-ochrana-a-zacina-smirovani/,,2,2026-10-01T15:29Z,,,,,ok
CZE,source,categories.privacy.sources[3],https://feedit.cz/2026/09/14/kyberneticke-incidenty-v-cr-v-srpnu-ransomware-uderil-na-zdravotnictvi-vyrobu-i-it-sluzby-unikla-citliva-data-pacientu/,ok,200,,https://feedit.cz/2026/09/14/kyberneticke-incidenty-v-cr-v-srpnu-ransomware-uderil-na-zdravotnictvi-vyrobu-i-it-sluzby-unikla-citliva-data-pacientu/,,2,2026-10-01T15:29Z,,,,,ok
CZE,source,categories.commercial.sources[0],https://health.ec.europa.eu/ehealth-digital-health-and-care/european-health-data-space-regulation-ehds_en,ok,200,,https://health.ec.europa.eu/ehealth-digital-health-and-care/european-health-data-space-regulation-ehds_en,,31,2026-10-01T15:29Z,,,,,ok
CZE,source,categories.commercial.sources[1],https://www.ochranaudaju.cz/aktuality/vyrocni-zprava-uoou-za-rok-2025,ok,200,,https://www.ochranaudaju.cz/aktuality/vyrocni-zprava-uoou-za-rok-2025,,3,2026-10-01T15:29Z,,,,,ok
CZE,source,categories.commercial.sources[2],https://gdpr-info.eu/art-83-gdpr/,ok,200,,https://gdpr-info.eu/art-83-gdpr/,,1,2026-10-01T15:29Z,,,,,ok
CZE,source,categories.journey.sources[0],https://epreskripce.gov.cz/o-ereceptu/,ok,200,,https://epreskripce.gov.cz/o-ereceptu/,,2,2026-10-01T15:29Z,,,,,ok
CZE,source,categories.journey.sources[1],https://mzd.gov.cz/tiskove-centrum-mz/spusteni-nove-digitalni-sluzby-portal-lekare-a-pacienta/,ok,200,,https://mzd.gov.cz/tiskove-centrum-mz/spusteni-nove-digitalni-sluzby-portal-lekare-a-pacienta/,,2,2026-10-01T15:29Z,,,,,ok
CZE,source,categories.journey.sources[2],https://www.zakonyprolidi.cz/cs/2025-236,ok,200,,https://www.zakonyprolidi.cz/cs/2025-236,,2,2026-10-01T15:29Z,,,,,ok
CZE,source,categories.journey.sources[3],https://mzd.gov.cz/tiskove-centrum-mz/ministerstvo-zdravotnictvi-spousti-novou-generaci-ezkarty-pripomene-preventivni-vysetreni-a-zpristupni-dulezite-zdravotni-informace/,ok,200,,https://mzd.gov.cz/tiskove-centrum-mz/ministerstvo-zdravotnictvi-spousti-novou-generaci-ezkarty-pripomene-preventivni-vysetreni-a-zpristupni-dulezite-zdravotni-informace/,,3,2026-10-01T15:29Z,,,,,ok
CZE,source,categories.clinical.sources[0],https://www.zakonyprolidi.cz/cs/2021-325,ok,200,,https://www.zakonyprolidi.cz/cs/2021-325,,3,2026-10-01T15:29Z,,,,,ok
CZE,source,categories.clinical.sources[1],https://ncez.mzcr.cz/cs/node/5545,ok,200,,https://ncez.mzcr.cz/cs/node/5545,,2,2026-10-01T15:29Z,,,,,ok
CZE,source,categories.clinical.sources[2],https://epreskripce.gov.cz/o-ereceptu/,ok,200,,https://epreskripce.gov.cz/o-ereceptu/,,2,2026-10-01T15:29Z,,,,,ok
CZE,source,categories.research.sources[0],https://www.usoud.cz/aktualne/vyhlaseni-nalezu-ustavniho-soudu-sp-zn-pl-us-33-16-dne-18-listopadu-2020-rozhodnuti-zverejnene-s-tiskovou-zpravou,ok,200,,https://www.usoud.cz/aktualne/vyhlaseni-nalezu-ustavniho-soudu-sp-zn-pl-us-33-16-dne-18-listopadu-2020-rozhodnuti-zverejnene-s-tiskovou-zpravou,,1,2026-10-01T15:29Z,,,,,ok
CZE,source,categories.research.sources[1],https://www.uzis.cz/index.php?pg=kontakt--zadosti-vystupy-nzis,ok,200,,https://www.uzis.cz/index.php?pg=kontakt--zadosti-vystupy-nzis,,1,2026-10-01T15:29Z,,,,,ok
CZE,source,categories.research.sources[2],https://health.ec.europa.eu/ehealth-digital-health-and-care/european-health-data-space-regulation-ehds_en,ok,200,,https://health.ec.europa.eu/ehealth-digital-health-and-care/european-health-data-space-regulation-ehds_en,,31,2026-10-01T15:29Z,,,,,ok
CZE,source,categories.ai.sources[0],https://ctu.gov.cz/tiskova-zprava-2.-srpna-2026-jako-klicove-datum-pro-pravidla-transparentnosti-podle-aktu-o-umele,ok,200,,https://ctu.gov.cz/tiskova-zprava-2.-srpna-2026-jako-klicove-datum-pro-pravidla-transparentnosti-podle-aktu-o-umele,,1,2026-10-01T15:29Z,,,,,ok
CZE,source,categories.ai.sources[1],https://www.leitnerlaw.cz/novinky/ai-act-v-praxi-cesky-adaptacni-zakon-vymezuje-kompetence-postupy-a-sankce/,blocked_unverified,401,,https://www.leitnerlaw.cz/novinky/ai-act-v-praxi-cesky-adaptacni-zakon-vymezuje-kompetence-postupy-a-sankce/,,1,2026-10-01T15:29Z,ok,200,,2026-10-01T15:46Z,ok
CZE,law,laws[0],https://eur-lex.europa.eu/eli/reg/2016/679/oj/eng,ok,202,,https://eur-lex.europa.eu/eli/reg/2016/679/oj/eng,,19,2026-10-01T15:29Z,,,,,ok
CZE,law,laws[1],https://www.zakonyprolidi.cz/cs/2019-110,ok,200,,https://www.zakonyprolidi.cz/cs/2019-110,,2,2026-10-01T15:29Z,,,,,ok
CZE,law,laws[2],https://mzd.gov.cz/wp-content/uploads/2024/11/Vykladove-stanovisko-k-ustanoveni-%C2%A7-66-odst.-3-zakona-o-zdravotnich-sluzbach-ve-zneni-zakona-c.-240-2024-Sb.pdf,ok,200,,https://mzd.gov.cz/wp-content/uploads/2024/11/Vykladove-stanovisko-k-ustanoveni-%C2%A7-66-odst.-3-zakona-o-zdravotnich-sluzbach-ve-zneni-zakona-c.-240-2024-Sb.pdf,,2,2026-10-01T15:29Z,,,,,ok
CZE,law,laws[3],https://www.zakonyprolidi.cz/cs/2021-325,ok,200,,https://www.zakonyprolidi.cz/cs/2021-325,,3,2026-10-01T15:29Z,,,,,ok
CZE,law,laws[4],https://www.zakonyprolidi.cz/cs/2025-236,ok,200,,https://www.zakonyprolidi.cz/cs/2025-236,,2,2026-10-01T15:29Z,,,,,ok
CZE,law,laws[5],https://health.ec.europa.eu/ehealth-digital-health-and-care/european-health-data-space-regulation-ehds_en,ok,200,,https://health.ec.europa.eu/ehealth-digital-health-and-care/european-health-data-space-regulation-ehds_en,,31,2026-10-01T15:29Z,,,,,ok
CZE,news,news[0],https://mzd.gov.cz/tiskove-centrum-mz/spusteni-nove-digitalni-sluzby-portal-lekare-a-pacienta/,ok,200,,https://mzd.gov.cz/tiskove-centrum-mz/spusteni-nove-digitalni-sluzby-portal-lekare-a-pacienta/,,2,2026-10-01T15:29Z,,,,,ok
CZE,news,news[1],https://www.ochranaudaju.cz/aktuality/vyrocni-zprava-uoou-za-rok-2025,ok,200,,https://www.ochranaudaju.cz/aktuality/vyrocni-zprava-uoou-za-rok-2025,,3,2026-10-01T15:29Z,,,,,ok
CZE,news,news[2],https://www.zdravotnickydenik.cz/2026/08/kamery-v-nemocnicich-maji-sva-pravidla-uoou-vymezil-kde-konci-ochrana-a-zacina-smirovani/,ok,200,,https://www.zdravotnickydenik.cz/2026/08/kamery-v-nemocnicich-maji-sva-pravidla-uoou-vymezil-kde-konci-ochrana-a-zacina-smirovani/,,2,2026-10-01T15:29Z,,,,,ok
CZE,news,news[3],https://mzd.gov.cz/tiskove-centrum-mz/ministerstvo-zdravotnictvi-spousti-novou-generaci-ezkarty-pripomene-preventivni-vysetreni-a-zpristupni-dulezite-zdravotni-informace/,ok,200,,https://mzd.gov.cz/tiskove-centrum-mz/ministerstvo-zdravotnictvi-spousti-novou-generaci-ezkarty-pripomene-preventivni-vysetreni-a-zpristupni-dulezite-zdravotni-informace/,,3,2026-10-01T15:29Z,,,,,ok
CZE,news,news[4],https://feedit.cz/2026/09/14/kyberneticke-incidenty-v-cr-v-srpnu-ransomware-uderil-na-zdravotnictvi-vyrobu-i-it-sluzby-unikla-citliva-data-pacientu/,ok,200,,https://feedit.cz/2026/09/14/kyberneticke-incidenty-v-cr-v-srpnu-ransomware-uderil-na-zdravotnictvi-vyrobu-i-it-sluzby-unikla-citliva-data-pacientu/,,2,2026-10-01T15:29Z,,,,,ok
DEU,source,categories.access.sources[0],https://www.gematik.de/newsroom/news-detail/ein-jahr-epa-fuer-alle-mehr-als-100-millionen-hinterlegte-dokumente-verbessern-behandlung-und-versorgung-in-deutschland,ok,200,,https://www.gematik.de/newsroom/news-detail/ein-jahr-epa-fuer-alle-mehr-als-100-millionen-hinterlegte-dokumente-verbessern-behandlung-und-versorgung-in-deutschland,,5,2026-10-01T15:29Z,,,,,ok
DEU,source,categories.access.sources[1],https://www.gematik.de/newsroom/news-detail/update-aktuelle-zahlen-zur-epa-fuer-alle,ok,200,,https://www.gematik.de/newsroom/news-detail/update-aktuelle-zahlen-zur-epa-fuer-alle,,3,2026-10-01T15:29Z,,,,,ok
DEU,source,categories.access.sources[2],https://www.verbraucherzentrale.de/wissen/gesundheit-pflege/krankenversicherung/elektronische-patientenakte-epa-digitale-patientenakte-fuer-alle-kommt-57223,ok,200,,https://www.verbraucherzentrale.de/wissen/gesundheit-pflege/krankenversicherung/elektronische-patientenakte-epa-was-sie-kann-und-wie-sie-sie-nutzen-57223,,3,2026-10-01T15:29Z,,,,,ok
DEU,source,categories.access.sources[3],https://gesund.bund.de/wie-verwalte-ich-meine-epa,ok,200,,https://gesund.bund.de/wie-verwalte-ich-meine-epa,,3,2026-10-01T15:29Z,,,,,ok
DEU,source,categories.control.sources[0],https://www.verbraucherzentrale.de/wissen/gesundheit-pflege/krankenversicherung/elektronische-patientenakte-epa-digitale-patientenakte-fuer-alle-kommt-57223,ok,200,,https://www.verbraucherzentrale.de/wissen/gesundheit-pflege/krankenversicherung/elektronische-patientenakte-epa-was-sie-kann-und-wie-sie-sie-nutzen-57223,,3,2026-10-01T15:29Z,,,,,ok
DEU,source,categories.control.sources[1],https://gesund.bund.de/wie-verwalte-ich-meine-epa,ok,200,,https://gesund.bund.de/wie-verwalte-ich-meine-epa,,3,2026-10-01T15:29Z,,,,,ok
DEU,source,categories.control.sources[2],https://www.gematik.de/newsroom/news-detail/ein-jahr-epa-fuer-alle-mehr-als-100-millionen-hinterlegte-dokumente-verbessern-behandlung-und-versorgung-in-deutschland,ok,200,,https://www.gematik.de/newsroom/news-detail/ein-jahr-epa-fuer-alle-mehr-als-100-millionen-hinterlegte-dokumente-verbessern-behandlung-und-versorgung-in-deutschland,,5,2026-10-01T15:29Z,,,,,ok
DEU,source,categories.privacy.sources[0],https://www.bundesgesundheitsministerium.de/ministerium/gesetze-und-verordnungen/guv-20-lp/gesundheitsdatennutzungsgesetz,ok,200,,https://www.bundesgesundheitsministerium.de/ministerium/gesetze-und-verordnungen/guv-20-lp/gesundheitsdatennutzungsgesetz,,3,2026-10-01T15:29Z,,,,,ok
DEU,source,categories.privacy.sources[1],https://www.linux-magazin.de/ausgaben/2026/03/recht/,ok,200,,https://www.linux-magazin.de/ausgaben/2026/03/recht/,,2,2026-10-01T15:29Z,,,,,ok
DEU,source,categories.privacy.sources[2],https://www.verbraucherzentrale.de/wissen/gesundheit-pflege/krankenversicherung/elektronische-patientenakte-epa-digitale-patientenakte-fuer-alle-kommt-57223,ok,200,,https://www.verbraucherzentrale.de/wissen/gesundheit-pflege/krankenversicherung/elektronische-patientenakte-epa-was-sie-kann-und-wie-sie-sie-nutzen-57223,,3,2026-10-01T15:29Z,,,,,ok
DEU,source,categories.commercial.sources[0],https://www.bundesgesundheitsministerium.de/ministerium/gesetze-und-verordnungen/guv-20-lp/gesundheitsdatennutzungsgesetz,ok,200,,https://www.bundesgesundheitsministerium.de/ministerium/gesetze-und-verordnungen/guv-20-lp/gesundheitsdatennutzungsgesetz,,3,2026-10-01T15:29Z,,,,,ok
DEU,source,categories.commercial.sources[1],https://www.apotheken-umschau.de/gesundheitspolitik/patientendaten-aus-der-epa-wer-sie-fuer-die-forschung-nutzen-darf-1564695.html,other_302,302,,https://www.apotheken-umschau.de/gesundheitspolitik/patientendaten-aus-der-epa-wer-sie-fuer-die-forschung-nutzen-darf-1564695.html,,3,2026-10-01T15:29Z,other_302,302,,2026-10-01T15:46Z,other_302
DEU,source,categories.commercial.sources[2],https://www.aok.de/pp/reform/gdng/,ok,200,,https://www.aok.de/pp/reform/gdng/,,2,2026-10-01T15:29Z,,,,,ok
DEU,source,categories.journey.sources[0],https://www.gematik.de/newsroom/news-detail/ein-jahr-epa-fuer-alle-mehr-als-100-millionen-hinterlegte-dokumente-verbessern-behandlung-und-versorgung-in-deutschland,ok,200,,https://www.gematik.de/newsroom/news-detail/ein-jahr-epa-fuer-alle-mehr-als-100-millionen-hinterlegte-dokumente-verbessern-behandlung-und-versorgung-in-deutschland,,5,2026-10-01T15:29Z,,,,,ok
DEU,source,categories.journey.sources[1],https://www.gematik.de/newsroom/news-detail/update-aktuelle-zahlen-zur-epa-fuer-alle,ok,200,,https://www.gematik.de/newsroom/news-detail/update-aktuelle-zahlen-zur-epa-fuer-alle,,3,2026-10-01T15:29Z,,,,,ok
DEU,source,categories.journey.sources[2],https://www.aerzteblatt.de/news/nutzung-der-elektronischen-patientenakte-nimmt-zu-802ce6cc-169b-4634-9a91-c86e132d5b03,ok,200,,https://www.aerzteblatt.de/news/nutzung-der-elektronischen-patientenakte-nimmt-zu-802ce6cc-169b-4634-9a91-c86e132d5b03,,2,2026-10-01T15:29Z,,,,,ok
DEU,source,categories.journey.sources[3],https://www.bundesgesundheitsministerium.de/ministerium/gesetze-und-verordnungen/guv-20-lp/digig.html,ok,200,,https://www.bundesgesundheitsministerium.de/ministerium/gesetze-und-verordnungen/guv-20-lp/digig,,3,2026-10-01T15:29Z,,,,,ok
DEU,source,categories.clinical.sources[0],https://www.gematik.de/newsroom/news-detail/ein-jahr-epa-fuer-alle-mehr-als-100-millionen-hinterlegte-dokumente-verbessern-behandlung-und-versorgung-in-deutschland,ok,200,,https://www.gematik.de/newsroom/news-detail/ein-jahr-epa-fuer-alle-mehr-als-100-millionen-hinterlegte-dokumente-verbessern-behandlung-und-versorgung-in-deutschland,,5,2026-10-01T15:29Z,,,,,ok
DEU,source,categories.clinical.sources[1],https://gesund.bund.de/wie-verwalte-ich-meine-epa,ok,200,,https://gesund.bund.de/wie-verwalte-ich-meine-epa,,3,2026-10-01T15:29Z,,,,,ok
DEU,source,categories.clinical.sources[2],https://www.aerzteblatt.de/news/nutzung-der-elektronischen-patientenakte-nimmt-zu-802ce6cc-169b-4634-9a91-c86e132d5b03,ok,200,,https://www.aerzteblatt.de/news/nutzung-der-elektronischen-patientenakte-nimmt-zu-802ce6cc-169b-4634-9a91-c86e132d5b03,,2,2026-10-01T15:29Z,,,,,ok
DEU,source,categories.research.sources[0],https://www.forschungsdatenzentrum-gesundheit.de/infoportal/datensatz-des-fdz-gesundheit/daten-aus-der-epa,ok,400,200,https://www.forschungsdatenzentrum-gesundheit.de/infoportal/datensatz-des-fdz-gesundheit/daten-aus-der-epa,,1,2026-10-01T15:29Z,,,,,ok
DEU,source,categories.research.sources[1],https://www.aok.de/pp/reform/gdng/,ok,200,,https://www.aok.de/pp/reform/gdng/,,2,2026-10-01T15:29Z,,,,,ok
DEU,source,categories.research.sources[2],https://www.apotheken-umschau.de/gesundheitspolitik/patientendaten-aus-der-epa-wer-sie-fuer-die-forschung-nutzen-darf-1564695.html,other_302,302,,https://www.apotheken-umschau.de/gesundheitspolitik/patientendaten-aus-der-epa-wer-sie-fuer-die-forschung-nutzen-darf-1564695.html,,3,2026-10-01T15:29Z,other_302,302,,2026-10-01T15:46Z,other_302
DEU,source,categories.ai.sources[0],https://www.cuatrecasas.com/en/global/intellectual-property/art/digital-omnibus-ai-has-been-published,ok,200,,https://www.cuatrecasas.com/en/global/intellectual-property/art/digital-omnibus-ai-has-been-published,,23,2026-10-01T15:29Z,,,,,ok
DEU,source,categories.ai.sources[1],https://www.bundesgesundheitsministerium.de/ministerium/gesetze-und-verordnungen/guv-20-lp/digig.html,ok,200,,https://www.bundesgesundheitsministerium.de/ministerium/gesetze-und-verordnungen/guv-20-lp/digig,,3,2026-10-01T15:29Z,,,,,ok
DEU,law,laws[0],https://www.bundesgesundheitsministerium.de/ministerium/gesetze-und-verordnungen/guv-20-lp/digig.html,ok,200,,https://www.bundesgesundheitsministerium.de/ministerium/gesetze-und-verordnungen/guv-20-lp/digig,,3,2026-10-01T15:29Z,,,,,ok
DEU,law,laws[1],https://www.bundesgesundheitsministerium.de/ministerium/gesetze-und-verordnungen/guv-20-lp/gesundheitsdatennutzungsgesetz,ok,200,,https://www.bundesgesundheitsministerium.de/ministerium/gesetze-und-verordnungen/guv-20-lp/gesundheitsdatennutzungsgesetz,,3,2026-10-01T15:29Z,,,,,ok
DEU,law,laws[2],https://eur-lex.europa.eu/eli/reg/2025/327/oj/eng,ok,202,,https://eur-lex.europa.eu/eli/reg/2025/327/oj/eng,,17,2026-10-01T15:29Z,,,,,ok
DEU,law,laws[3],https://eur-lex.europa.eu/eli/reg/2016/679/oj/eng,ok,202,,https://eur-lex.europa.eu/eli/reg/2016/679/oj/eng,,19,2026-10-01T15:29Z,,,,,ok
DEU,law,laws[4],https://www.cuatrecasas.com/en/global/intellectual-property/art/digital-omnibus-ai-has-been-published,ok,200,,https://www.cuatrecasas.com/en/global/intellectual-property/art/digital-omnibus-ai-has-been-published,,23,2026-10-01T15:29Z,,,,,ok
DEU,news,news[0],https://www.gematik.de/newsroom/news-detail/update-aktuelle-zahlen-zur-epa-fuer-alle,ok,200,,https://www.gematik.de/newsroom/news-detail/update-aktuelle-zahlen-zur-epa-fuer-alle,,3,2026-10-01T15:29Z,,,,,ok
DEU,news,news[1],https://www.linux-magazin.de/ausgaben/2026/03/recht/,ok,200,,https://www.linux-magazin.de/ausgaben/2026/03/recht/,,2,2026-10-01T15:29Z,,,,,ok
DEU,news,news[2],https://www.gematik.de/newsroom/news-detail/ein-jahr-epa-fuer-alle-mehr-als-100-millionen-hinterlegte-dokumente-verbessern-behandlung-und-versorgung-in-deutschland,ok,200,,https://www.gematik.de/newsroom/news-detail/ein-jahr-epa-fuer-alle-mehr-als-100-millionen-hinterlegte-dokumente-verbessern-behandlung-und-versorgung-in-deutschland,,5,2026-10-01T15:29Z,,,,,ok
DEU,news,news[3],https://www.apotheken-umschau.de/gesundheitspolitik/patientendaten-aus-der-epa-wer-sie-fuer-die-forschung-nutzen-darf-1564695.html,other_302,302,,https://www.apotheken-umschau.de/gesundheitspolitik/patientendaten-aus-der-epa-wer-sie-fuer-die-forschung-nutzen-darf-1564695.html,,3,2026-10-01T15:29Z,other_302,302,,2026-10-01T15:46Z,other_302
DEU,news,news[4],https://www.cuatrecasas.com/en/global/intellectual-property/art/digital-omnibus-ai-has-been-published,ok,200,,https://www.cuatrecasas.com/en/global/intellectual-property/art/digital-omnibus-ai-has-been-published,,23,2026-10-01T15:29Z,,,,,ok
DNK,source,categories.access.sources[0],https://healthsystemsfacts.org/denmark-health-system-facts/denmark-health-information-and-communication-technologies/,ok,200,,https://healthsystemsfacts.org/denmark-health-system-facts/denmark-health-information-and-communication-technologies/,,2,2026-10-01T15:29Z,,,,,ok
DNK,source,categories.access.sources[1],https://eurohealthobservatory.who.int/monitors/health-systems-monitor/countries-hspm/hspm/denmark-2024/organization-and-governance/person-centred-care,ok,200,,https://eurohealthobservatory.who.int/monitors/health-systems-monitor/countries-hspm/hspm/denmark-2024/organization-and-governance/person-centred-care,,1,2026-10-01T15:29Z,,,,,ok
DNK,source,categories.control.sources[0],https://www.stpk.dk/viden/praksissammenfatninger/opslag-i-patientjournalen/,ok,200,,https://www.stpk.dk/viden/praksissammenfatninger/opslag-i-patientjournalen/,,3,2026-10-01T15:29Z,,,,,ok
DNK,source,categories.control.sources[1],https://english.sundhedsdatastyrelsen.dk/contact/data-protection-policy,ok,200,,https://english.sundhedsdatastyrelsen.dk/contact/data-protection-policy,,3,2026-10-01T15:29Z,,,,,ok
DNK,source,categories.privacy.sources[0],https://danishnews.cphpost.dk/article/2bbb9cc4-ffa4-4272-9c97-6bf6deed1f880undefined,ok,202,,https://danishnews.cphpost.dk/article/2bbb9cc4-ffa4-4272-9c97-6bf6deed1f880undefined,,1,2026-10-01T15:29Z,,,,,ok
DNK,source,categories.privacy.sources[1],https://regionsyddanmark.dk/om-region-syddanmark/presse-og-nyheder/nyhedsarkiv/2026/marts-2026/region-syddanmark-frikendt-i-en-sag-og-idomt-bode-i-en-anden-sag-om-brud-pa-gdpr-reglerne,ok,200,,https://regionsyddanmark.dk/om-region-syddanmark/presse-og-nyheder/nyhedsarkiv/2026/marts-2026/region-syddanmark-frikendt-i-en-sag-og-idomt-bode-i-en-anden-sag-om-brud-pa-gdpr-reglerne,,2,2026-10-01T15:29Z,,,,,ok
DNK,source,categories.privacy.sources[2],https://www.version2.dk/artikel/datatilsynet-stikker-lussing-til-sundhedsdatastyrelsen-overtraadte-gdpr,ok,200,,https://www.version2.dk/artikel/datatilsynet-stikker-lussing-til-sundhedsdatastyrelsen-overtraadte-gdpr,,1,2026-10-01T15:29Z,,,,,ok
DNK,source,categories.commercial.sources[0],https://investindk.com/insights/new-health-data-gateway-strengthens-denmarks-innovative-edge-within-life-science-og-digital-health,ok,200,,https://investindk.com/insights/new-health-data-gateway-strengthens-denmarks-innovative-edge-within-life-science-og-digital-health,,1,2026-10-01T15:29Z,,,,,ok
DNK,source,categories.commercial.sources[1],https://healthcaredenmark.dk/national-strongholds/digitalization/collection-and-sharing-of-health-data/,ok,200,,https://healthcaredenmark.dk/national-strongholds/digitalization/collection-and-sharing-of-health-data/,,2,2026-10-01T15:29Z,,,,,ok
DNK,source,categories.journey.sources[0],https://healthcaredenmark.dk/national-strongholds/digitalization/collection-and-sharing-of-health-data/,ok,200,,https://healthcaredenmark.dk/national-strongholds/digitalization/collection-and-sharing-of-health-data/,,2,2026-10-01T15:29Z,,,,,ok
DNK,source,categories.journey.sources[1],https://healthsystemsfacts.org/denmark-health-system-facts/denmark-health-information-and-communication-technologies/,ok,200,,https://healthsystemsfacts.org/denmark-health-system-facts/denmark-health-information-and-communication-technologies/,,2,2026-10-01T15:29Z,,,,,ok
DNK,source,categories.journey.sources[2],https://english.sundhedsdatastyrelsen.dk/about-us/digital-health-denmark,ok,200,,https://english.sundhedsdatastyrelsen.dk/about-us/digital-health-denmark,,2,2026-10-01T15:29Z,,,,,ok
DNK,source,categories.clinical.sources[0],https://www.stpk.dk/viden/praksissammenfatninger/opslag-i-patientjournalen/,ok,200,,https://www.stpk.dk/viden/praksissammenfatninger/opslag-i-patientjournalen/,,3,2026-10-01T15:29Z,,,,,ok
DNK,source,categories.clinical.sources[1],https://english.sundhedsdatastyrelsen.dk/contact/data-protection-policy,ok,200,,https://english.sundhedsdatastyrelsen.dk/contact/data-protection-policy,,3,2026-10-01T15:29Z,,,,,ok
DNK,source,categories.research.sources[0],https://www.dataetiskraad.dk/nyheder/stop-for-bred-adgang-til-sundhedsdata,ok,200,,https://www.dataetiskraad.dk/nyheder/stop-for-bred-adgang-til-sundhedsdata,,3,2026-10-01T15:29Z,,,,,ok
DNK,source,categories.research.sources[1],https://english.sundhedsdatastyrelsen.dk/contact/data-protection-policy,ok,200,,https://english.sundhedsdatastyrelsen.dk/contact/data-protection-policy,,3,2026-10-01T15:29Z,,,,,ok
DNK,source,categories.research.sources[2],https://health.ec.europa.eu/document/download/adaaa3b6-b336-4e65-8897-2b05a689f193_en,ok,200,,https://health.ec.europa.eu/document/download/adaaa3b6-b336-4e65-8897-2b05a689f193_en,,1,2026-10-01T15:29Z,,,,,ok
DNK,source,categories.ai.sources[0],https://www.retsinformation.dk/api/pdf/255523,ok,200,,https://www.retsinformation.dk/api/pdf/255523,,3,2026-10-01T15:29Z,,,,,ok
DNK,source,categories.ai.sources[1],https://www.cyberlawwatch.com/2026/07/31/eu-digital-omnibus-on-ai-enters-into-force/,ok,200,,https://www.cyberlawwatch.com/2026/07/31/eu-digital-omnibus-on-ai-enters-into-force/,,12,2026-10-01T15:29Z,,,,,ok
DNK,source,categories.ai.sources[2],https://www.dataetiskraad.dk/nyheder/stop-for-bred-adgang-til-sundhedsdata,ok,200,,https://www.dataetiskraad.dk/nyheder/stop-for-bred-adgang-til-sundhedsdata,,3,2026-10-01T15:29Z,,,,,ok
DNK,law,laws[0],https://www.stpk.dk/viden/praksissammenfatninger/opslag-i-patientjournalen/,ok,200,,https://www.stpk.dk/viden/praksissammenfatninger/opslag-i-patientjournalen/,,3,2026-10-01T15:29Z,,,,,ok
DNK,law,laws[1],https://www.retsinformation.dk/eli/ft/202512L00043,ok,200,,https://www.retsinformation.dk/eli/ft/202512L00043,,1,2026-10-01T15:29Z,,,,,ok
DNK,law,laws[2],https://www.retsinformation.dk/api/pdf/255523,ok,200,,https://www.retsinformation.dk/api/pdf/255523,,3,2026-10-01T15:29Z,,,,,ok
DNK,law,laws[3],https://eur-lex.europa.eu/eli/reg/2025/327/oj/eng,ok,202,,https://eur-lex.europa.eu/eli/reg/2025/327/oj/eng,,17,2026-10-01T15:29Z,,,,,ok
DNK,law,laws[4],https://www.cyberlawwatch.com/2026/07/31/eu-digital-omnibus-on-ai-enters-into-force/,ok,200,,https://www.cyberlawwatch.com/2026/07/31/eu-digital-omnibus-on-ai-enters-into-force/,,12,2026-10-01T15:29Z,,,,,ok
DNK,news,news[0],https://regionsyddanmark.dk/om-region-syddanmark/presse-og-nyheder/nyhedsarkiv/2026/marts-2026/region-syddanmark-frikendt-i-en-sag-og-idomt-bode-i-en-anden-sag-om-brud-pa-gdpr-reglerne,ok,200,,https://regionsyddanmark.dk/om-region-syddanmark/presse-og-nyheder/nyhedsarkiv/2026/marts-2026/region-syddanmark-frikendt-i-en-sag-og-idomt-bode-i-en-anden-sag-om-brud-pa-gdpr-reglerne,,2,2026-10-01T15:29Z,,,,,ok
DNK,news,news[1],https://www.dataetiskraad.dk/nyheder/stop-for-bred-adgang-til-sundhedsdata,ok,200,,https://www.dataetiskraad.dk/nyheder/stop-for-bred-adgang-til-sundhedsdata,,3,2026-10-01T15:29Z,,,,,ok
DNK,news,news[2],https://www.retsinformation.dk/api/pdf/255523,ok,200,,https://www.retsinformation.dk/api/pdf/255523,,3,2026-10-01T15:29Z,,,,,ok
DNK,news,news[3],https://english.sundhedsdatastyrelsen.dk/about-us/digital-health-denmark,ok,200,,https://english.sundhedsdatastyrelsen.dk/about-us/digital-health-denmark,,2,2026-10-01T15:29Z,,,,,ok
EGY,source,categories.access.sources[0],https://eg.andersen.com/wp-content/uploads/2025/06/Law-No.-151-OF-2020-1.pdf,ok,200,,https://eg.andersen.com/wp-content/uploads/2025/06/Law-No.-151-OF-2020-1.pdf,,5,2026-10-01T15:29Z,,,,,ok
EGY,source,categories.access.sources[1],https://research.lawlab.africa/egypt/,ok,200,,https://research.lawlab.africa/egypt/,,4,2026-10-01T15:29Z,,,,,ok
EGY,source,categories.access.sources[2],https://applications.emro.who.int/dsaf/EMROPUB_2014_EN_1757.pdf?ua=1,ok,200,,https://applications.emro.who.int/dsaf/EMROPUB_2014_EN_1757.pdf?ua=1,,1,2026-10-01T15:29Z,,,,,ok
EGY,source,categories.access.sources[3],https://arxiv.org/html/2502.05603v1,ok,200,,https://arxiv.org/html/2502.05603v1,,2,2026-10-01T15:29Z,,,,,ok
EGY,source,categories.control.sources[0],https://eg.andersen.com/wp-content/uploads/2025/06/Law-No.-151-OF-2020-1.pdf,ok,200,,https://eg.andersen.com/wp-content/uploads/2025/06/Law-No.-151-OF-2020-1.pdf,,5,2026-10-01T15:29Z,,,,,ok
EGY,source,categories.control.sources[1],https://research.lawlab.africa/egypt/,ok,200,,https://research.lawlab.africa/egypt/,,4,2026-10-01T15:29Z,,,,,ok
EGY,source,categories.control.sources[2],https://doi.org/10.1177/15562646221096188,blocked_unverified,403,403,https://journals.sagepub.com/doi/10.1177/15562646221096188,,4,2026-10-01T15:29Z,blocked_unverified,403,,2026-10-01T15:46Z,blocked_unverified
EGY,source,categories.control.sources[3],"https://english.ahram.org.eg/NewsContent/1/1236/573309/Egypt/Health/Egypt-digitizes--primary-healthcare-facilities,-la.aspx",blocked_unverified,403,403,"https://english.ahram.org.eg/NewsContent/1/1236/573309/Egypt/Health/Egypt-digitizes--primary-healthcare-facilities,-la.aspx",,4,2026-10-01T15:29Z,blocked_unverified,403,,2026-10-01T15:46Z,blocked_unverified
EGY,source,categories.privacy.sources[0],https://eg.andersen.com/wp-content/uploads/2025/06/Law-No.-151-OF-2020-1.pdf,ok,200,,https://eg.andersen.com/wp-content/uploads/2025/06/Law-No.-151-OF-2020-1.pdf,,5,2026-10-01T15:29Z,,,,,ok
EGY,source,categories.privacy.sources[1],https://research.lawlab.africa/egypt/,ok,200,,https://research.lawlab.africa/egypt/,,4,2026-10-01T15:29Z,,,,,ok
EGY,source,categories.privacy.sources[2],https://nilexdigitalsystems.com/articles/health-data-protection-law-clinics-egypt,ok,200,,https://nilexdigitalsystems.com/articles/health-data-protection-law-clinics-egypt,,2,2026-10-01T15:29Z,,,,,ok
EGY,source,categories.commercial.sources[0],https://eg.andersen.com/wp-content/uploads/2025/06/Law-No.-151-OF-2020-1.pdf,ok,200,,https://eg.andersen.com/wp-content/uploads/2025/06/Law-No.-151-OF-2020-1.pdf,,5,2026-10-01T15:29Z,,,,,ok
EGY,source,categories.commercial.sources[1],https://doi.org/10.1177/15562646221096188,blocked_unverified,403,403,https://journals.sagepub.com/doi/10.1177/15562646221096188,,4,2026-10-01T15:29Z,blocked_unverified,403,,2026-10-01T15:46Z,blocked_unverified
EGY,source,categories.commercial.sources[2],https://nilexdigitalsystems.com/articles/health-data-protection-law-clinics-egypt,ok,200,,https://nilexdigitalsystems.com/articles/health-data-protection-law-clinics-egypt,,2,2026-10-01T15:29Z,,,,,ok
EGY,source,categories.journey.sources[0],"https://english.ahram.org.eg/NewsContent/1/1236/573309/Egypt/Health/Egypt-digitizes--primary-healthcare-facilities,-la.aspx",blocked_unverified,403,403,"https://english.ahram.org.eg/NewsContent/1/1236/573309/Egypt/Health/Egypt-digitizes--primary-healthcare-facilities,-la.aspx",,4,2026-10-01T15:29Z,blocked_unverified,403,,2026-10-01T15:46Z,blocked_unverified
EGY,source,categories.journey.sources[1],https://www.egypttoday.com/Article/1/146536/Egypt-highlights-progress-of-health-insurance-system,ok,200,,https://www.egypttoday.com/Article/1/146536/Egypt-highlights-progress-of-health-insurance-system,,2,2026-10-01T15:29Z,,,,,ok
EGY,source,categories.journey.sources[2],https://sis.gov.eg/en/media-center/news/egypt-plans-to-establish-first-national-center-for-health-data-science/,error,,,https://sis.gov.eg/en/media-center/news/egypt-plans-to-establish-first-national-center-for-health-data-science/,ConnectError,3,2026-10-01T15:29Z,ok,200,,2026-10-01T15:46Z,ok
EGY,source,categories.journey.sources[3],https://www.dailynewsegypt.com/2026/09/14/egypt-plans-unified-digital-platform-to-link-patient-records-across-health-facilities/,ok,200,,https://www.dailynewsegypt.com/2026/09/14/egypt-plans-unified-digital-platform-to-link-patient-records-across-health-facilities/,,2,2026-10-01T15:29Z,,,,,ok
EGY,source,categories.clinical.sources[0],"https://english.ahram.org.eg/NewsContent/1/1236/573309/Egypt/Health/Egypt-digitizes--primary-healthcare-facilities,-la.aspx",blocked_unverified,403,403,"https://english.ahram.org.eg/NewsContent/1/1236/573309/Egypt/Health/Egypt-digitizes--primary-healthcare-facilities,-la.aspx",,4,2026-10-01T15:29Z,blocked_unverified,403,,2026-10-01T15:46Z,blocked_unverified
EGY,source,categories.clinical.sources[1],https://arxiv.org/html/2502.05603v1,ok,200,,https://arxiv.org/html/2502.05603v1,,2,2026-10-01T15:29Z,,,,,ok
EGY,source,categories.clinical.sources[2],https://sis.gov.eg/en/media-center/news/egypt-reviews-progress-of-digital-transformation-health-projects/,error,,,https://sis.gov.eg/en/media-center/news/egypt-reviews-progress-of-digital-transformation-health-projects/,ConnectError,1,2026-10-01T15:29Z,ok,200,,2026-10-01T15:46Z,ok
EGY,source,categories.research.sources[0],https://doi.org/10.1177/15562646221096188,blocked_unverified,403,403,https://journals.sagepub.com/doi/10.1177/15562646221096188,,4,2026-10-01T15:29Z,blocked_unverified,403,,2026-10-01T15:46Z,blocked_unverified
EGY,source,categories.ai.sources[0],https://oecd.ai/en/dashboards/policy-initiatives/egypt-national-artificial-intelligence-strategy,ok,200,,https://oecd.ai/en/dashboards/policy-initiatives/egypt-national-artificial-intelligence-strategy,,1,2026-10-01T15:29Z,,,,,ok
EGY,source,categories.ai.sources[1],https://regulations.ai/regulations/egypt-summary,ok,200,,https://regulations.ai/regulations/RAI-EG-NA-SUMMARY-2026,,1,2026-10-01T15:29Z,,,,,ok
EGY,source,categories.ai.sources[2],https://meddeviceguide.com/blog/egypt-eda-medical-device-registration-guide-2026,ok,200,,https://meddeviceguide.com/blog/egypt-eda-medical-device-registration-guide-2026,,1,2026-10-01T15:29Z,,,,,ok
EGY,source,categories.ai.sources[3],https://sis.gov.eg/en/media-center/news/egypt-plans-to-establish-first-national-center-for-health-data-science/,error,,,https://sis.gov.eg/en/media-center/news/egypt-plans-to-establish-first-national-center-for-health-data-science/,ConnectError,3,2026-10-01T15:29Z,ok,200,,2026-10-01T15:46Z,ok
EGY,law,laws[0],https://eg.andersen.com/wp-content/uploads/2025/06/Law-No.-151-OF-2020-1.pdf,ok,200,,https://eg.andersen.com/wp-content/uploads/2025/06/Law-No.-151-OF-2020-1.pdf,,5,2026-10-01T15:29Z,,,,,ok
EGY,law,laws[1],https://research.lawlab.africa/egypt/,ok,200,,https://research.lawlab.africa/egypt/,,4,2026-10-01T15:29Z,,,,,ok
EGY,law,laws[2],https://meobserver.news/health-insurance/2026/08/04/egypts-universal-health-insurance-can-the-port-said-model-deliver-nationwide-healthcare-reform/,ok,200,,https://meobserver.news/health-insurance/2026/08/04/egypts-universal-health-insurance-can-the-port-said-model-deliver-nationwide-healthcare-reform/,,1,2026-10-01T15:29Z,,,,,ok
EGY,law,laws[3],https://doi.org/10.1177/15562646221096188,blocked_unverified,403,403,https://journals.sagepub.com/doi/10.1177/15562646221096188,,4,2026-10-01T15:29Z,blocked_unverified,403,,2026-10-01T15:46Z,blocked_unverified
EGY,law,laws[4],https://www.ehc.gov.eg/documents/20126/0/medicine.pdf/7dee94e8-e6ac-1495-ffdf-2f0c95d582c7?t=1693421634760&download=true,ok,200,,https://www.ehc.gov.eg/documents/20126/0/medicine.pdf/7dee94e8-e6ac-1495-ffdf-2f0c95d582c7?t=1693421634760&download=true,,1,2026-10-01T15:29Z,,,,,ok
EGY,news,news[0],https://www.egypttoday.com/Article/1/146536/Egypt-highlights-progress-of-health-insurance-system,ok,200,,https://www.egypttoday.com/Article/1/146536/Egypt-highlights-progress-of-health-insurance-system,,2,2026-10-01T15:29Z,,,,,ok
EGY,news,news[1],"https://english.ahram.org.eg/NewsContent/1/1236/573309/Egypt/Health/Egypt-digitizes--primary-healthcare-facilities,-la.aspx",blocked_unverified,403,403,"https://english.ahram.org.eg/NewsContent/1/1236/573309/Egypt/Health/Egypt-digitizes--primary-healthcare-facilities,-la.aspx",,4,2026-10-01T15:29Z,blocked_unverified,403,,2026-10-01T15:46Z,blocked_unverified
EGY,news,news[2],https://sis.gov.eg/en/media-center/news/egypt-plans-to-establish-first-national-center-for-health-data-science/,error,,,https://sis.gov.eg/en/media-center/news/egypt-plans-to-establish-first-national-center-for-health-data-science/,ConnectError,3,2026-10-01T15:29Z,ok,200,,2026-10-01T15:46Z,ok
EGY,news,news[3],https://www.dailynewsegypt.com/2026/09/14/egypt-plans-unified-digital-platform-to-link-patient-records-across-health-facilities/,ok,200,,https://www.dailynewsegypt.com/2026/09/14/egypt-plans-unified-digital-platform-to-link-patient-records-across-health-facilities/,,2,2026-10-01T15:29Z,,,,,ok
ESP,source,categories.access.sources[0],https://www.sanidad.gob.es/profesionales/hcdsns/Preguntas_frecuentes.htm,ok,200,,https://www.sanidad.gob.es/profesionales/hcdsns/Preguntas_frecuentes.htm,,4,2026-10-01T15:29Z,,,,,ok
ESP,source,categories.access.sources[1],https://www.boe.es/buscar/act.php?id=BOE-A-2002-22188,ok,200,,https://www.boe.es/buscar/act.php?id=BOE-A-2002-22188,,3,2026-10-01T15:29Z,,,,,ok
ESP,source,categories.access.sources[2],https://ca.news.yahoo.com/digital-health-across-europe-country-060207201.html,ok,200,,https://ca.news.yahoo.com/digital-health-across-europe-country-060207201.html,,8,2026-10-01T15:29Z,,,,,ok
ESP,source,categories.control.sources[0],https://www.sanidad.gob.es/profesionales/hcdsns/Preguntas_frecuentes.htm,ok,200,,https://www.sanidad.gob.es/profesionales/hcdsns/Preguntas_frecuentes.htm,,4,2026-10-01T15:29Z,,,,,ok
ESP,source,categories.privacy.sources[0],https://facua.org/noticias/la-aepd-multa-con-12-millones-de-euros-a-una-empresa-del-grupo-quiron-por-no-proteger-los-datos-personales-y-clinicos-de-sus-pacientes/,ok,200,,https://facua.org/noticias/la-aepd-multa-con-12-millones-de-euros-a-una-empresa-del-grupo-quiron-por-no-proteger-los-datos-personales-y-clinicos-de-sus-pacientes/,,2,2026-10-01T15:29Z,,,,,ok
ESP,source,categories.privacy.sources[1],https://www.boe.es/buscar/act.php?id=BOE-A-2002-22188,ok,200,,https://www.boe.es/buscar/act.php?id=BOE-A-2002-22188,,3,2026-10-01T15:29Z,,,,,ok
ESP,source,categories.commercial.sources[0],https://portalnormativo.es/articolo/ley-organica-3-2018-de-5-de-diciembre-de-proteccion-de-datos-personales-y-garant/disposicion-adicional-decimoseptima,ok,200,,https://portalnormativo.es/articolo/ley-organica-3-2018-de-5-de-diciembre-de-proteccion-de-datos-personales-y-garant/disposicion-adicional-decimoseptima,,3,2026-10-01T15:29Z,,,,,ok
ESP,source,categories.commercial.sources[1],https://digital.gob.es/digitalizacion/la-economia-del-dato/actualidad/2026/01/presentado-el-espacio-nacional-de-datos-de-salud,dead,404,,https://digital.gob.es/digitalizacion/la-economia-del-dato/actualidad/2026/01/presentado-el-espacio-nacional-de-datos-de-salud,,4,2026-10-01T15:29Z,ok,200,,2026-10-01T15:46Z,ok
ESP,source,categories.journey.sources[0],https://www.sanidad.gob.es/profesionales/hcdsns/Preguntas_frecuentes.htm,ok,200,,https://www.sanidad.gob.es/profesionales/hcdsns/Preguntas_frecuentes.htm,,4,2026-10-01T15:29Z,,,,,ok
ESP,source,categories.journey.sources[1],https://digital.gob.es/digitalizacion/la-economia-del-dato/actualidad/2026/01/presentado-el-espacio-nacional-de-datos-de-salud,dead,404,,https://digital.gob.es/digitalizacion/la-economia-del-dato/actualidad/2026/01/presentado-el-espacio-nacional-de-datos-de-salud,,4,2026-10-01T15:29Z,ok,200,,2026-10-01T15:46Z,ok
ESP,source,categories.journey.sources[2],https://www.uria.com/es/publicaciones/9508-principales-novedades-de-la-consulta-publica-sobre-el-anteproyecto-de-ley-de-sal&search=regulacion%20documental,ok,200,,https://www.uria.com/es/publicaciones/9508-principales-novedades-de-la-consulta-publica-sobre-el-anteproyecto-de-ley-de-sal&search=regulacion%20documental,,5,2026-10-01T15:29Z,,,,,ok
ESP,source,categories.clinical.sources[0],https://www.sanidad.gob.es/profesionales/hcdsns/Preguntas_frecuentes.htm,ok,200,,https://www.sanidad.gob.es/profesionales/hcdsns/Preguntas_frecuentes.htm,,4,2026-10-01T15:29Z,,,,,ok
ESP,source,categories.research.sources[0],https://portalnormativo.es/articolo/ley-organica-3-2018-de-5-de-diciembre-de-proteccion-de-datos-personales-y-garant/disposicion-adicional-decimoseptima,ok,200,,https://portalnormativo.es/articolo/ley-organica-3-2018-de-5-de-diciembre-de-proteccion-de-datos-personales-y-garant/disposicion-adicional-decimoseptima,,3,2026-10-01T15:29Z,,,,,ok
ESP,source,categories.research.sources[1],https://www.uria.com/es/publicaciones/9508-principales-novedades-de-la-consulta-publica-sobre-el-anteproyecto-de-ley-de-sal&search=regulacion%20documental,ok,200,,https://www.uria.com/es/publicaciones/9508-principales-novedades-de-la-consulta-publica-sobre-el-anteproyecto-de-ley-de-sal&search=regulacion%20documental,,5,2026-10-01T15:29Z,,,,,ok
ESP,source,categories.research.sources[2],https://digital.gob.es/digitalizacion/la-economia-del-dato/actualidad/2026/01/presentado-el-espacio-nacional-de-datos-de-salud,dead,404,,https://digital.gob.es/digitalizacion/la-economia-del-dato/actualidad/2026/01/presentado-el-espacio-nacional-de-datos-de-salud,,4,2026-10-01T15:29Z,ok,200,,2026-10-01T15:46Z,ok
ESP,source,categories.ai.sources[0],http://espanadigital.gob.es/medida/aesia,ok,200,,http://espanadigital.gob.es/medida/aesia,,1,2026-10-01T15:29Z,,,,,ok
ESP,source,categories.ai.sources[1],https://www.uria.com/es/publicaciones/9508-principales-novedades-de-la-consulta-publica-sobre-el-anteproyecto-de-ley-de-sal&search=regulacion%20documental,ok,200,,https://www.uria.com/es/publicaciones/9508-principales-novedades-de-la-consulta-publica-sobre-el-anteproyecto-de-ley-de-sal&search=regulacion%20documental,,5,2026-10-01T15:29Z,,,,,ok
ESP,source,categories.ai.sources[2],https://www.cuatrecasas.com/en/global/intellectual-property/art/digital-omnibus-ai-has-been-published,ok,200,,https://www.cuatrecasas.com/en/global/intellectual-property/art/digital-omnibus-ai-has-been-published,,23,2026-10-01T15:29Z,,,,,ok
ESP,law,laws[0],https://www.boe.es/buscar/act.php?id=BOE-A-2002-22188,ok,200,,https://www.boe.es/buscar/act.php?id=BOE-A-2002-22188,,3,2026-10-01T15:29Z,,,,,ok
ESP,law,laws[1],https://portalnormativo.es/articolo/ley-organica-3-2018-de-5-de-diciembre-de-proteccion-de-datos-personales-y-garant/disposicion-adicional-decimoseptima,ok,200,,https://portalnormativo.es/articolo/ley-organica-3-2018-de-5-de-diciembre-de-proteccion-de-datos-personales-y-garant/disposicion-adicional-decimoseptima,,3,2026-10-01T15:29Z,,,,,ok
ESP,law,laws[2],https://www.uria.com/es/publicaciones/9508-principales-novedades-de-la-consulta-publica-sobre-el-anteproyecto-de-ley-de-sal&search=regulacion%20documental,ok,200,,https://www.uria.com/es/publicaciones/9508-principales-novedades-de-la-consulta-publica-sobre-el-anteproyecto-de-ley-de-sal&search=regulacion%20documental,,5,2026-10-01T15:29Z,,,,,ok
ESP,law,laws[3],https://eur-lex.europa.eu/eli/reg/2025/327/oj/eng,ok,202,,https://eur-lex.europa.eu/eli/reg/2025/327/oj/eng,,17,2026-10-01T15:29Z,,,,,ok
ESP,law,laws[4],https://eur-lex.europa.eu/eli/reg/2016/679/oj/eng,ok,202,,https://eur-lex.europa.eu/eli/reg/2016/679/oj/eng,,19,2026-10-01T15:29Z,,,,,ok
ESP,law,laws[5],https://www.cuatrecasas.com/en/global/intellectual-property/art/digital-omnibus-ai-has-been-published,ok,200,,https://www.cuatrecasas.com/en/global/intellectual-property/art/digital-omnibus-ai-has-been-published,,23,2026-10-01T15:29Z,,,,,ok
ESP,news,news[0],https://www.uria.com/es/publicaciones/9508-principales-novedades-de-la-consulta-publica-sobre-el-anteproyecto-de-ley-de-sal&search=regulacion%20documental,ok,200,,https://www.uria.com/es/publicaciones/9508-principales-novedades-de-la-consulta-publica-sobre-el-anteproyecto-de-ley-de-sal&search=regulacion%20documental,,5,2026-10-01T15:29Z,,,,,ok
ESP,news,news[1],https://digital.gob.es/digitalizacion/la-economia-del-dato/actualidad/2026/01/presentado-el-espacio-nacional-de-datos-de-salud,dead,404,,https://digital.gob.es/digitalizacion/la-economia-del-dato/actualidad/2026/01/presentado-el-espacio-nacional-de-datos-de-salud,,4,2026-10-01T15:29Z,ok,200,,2026-10-01T15:46Z,ok
ESP,news,news[2],https://ca.news.yahoo.com/digital-health-across-europe-country-060207201.html,ok,200,,https://ca.news.yahoo.com/digital-health-across-europe-country-060207201.html,,8,2026-10-01T15:29Z,,,,,ok
ESP,news,news[3],https://facua.org/noticias/la-aepd-multa-con-12-millones-de-euros-a-una-empresa-del-grupo-quiron-por-no-proteger-los-datos-personales-y-clinicos-de-sus-pacientes/,ok,200,,https://facua.org/noticias/la-aepd-multa-con-12-millones-de-euros-a-una-empresa-del-grupo-quiron-por-no-proteger-los-datos-personales-y-clinicos-de-sus-pacientes/,,2,2026-10-01T15:29Z,,,,,ok
ESP,news,news[4],https://www.cuatrecasas.com/en/global/intellectual-property/art/digital-omnibus-ai-has-been-published,ok,200,,https://www.cuatrecasas.com/en/global/intellectual-property/art/digital-omnibus-ai-has-been-published,,23,2026-10-01T15:29Z,,,,,ok
EST,source,categories.access.sources[0],https://tervisekassa.ee/en/organisation/e-health-products/health-portal,ok,200,,https://tervisekassa.ee/en/organisation/e-health-products/health-portal,,1,2026-10-01T15:29Z,,,,,ok
EST,source,categories.access.sources[1],https://tervisekassa.ee/en/uudised/new-health-portal-has-replaced-digilugu,ok,200,,https://tervisekassa.ee/en/uudised/new-health-portal-has-replaced-digilugu,,1,2026-10-01T15:29Z,,,,,ok
EST,source,categories.access.sources[2],https://eurohealthobservatory.who.int/monitors/health-systems-monitor/countries-hspm/hspm/hspm-estonia-2023/organization-and-governance/person-centred-care,ok,200,,https://eurohealthobservatory.who.int/monitors/health-systems-monitor/countries-hspm/hspm/hspm-estonia-2023/organization-and-governance/person-centred-care,,1,2026-10-01T15:29Z,,,,,ok
EST,source,categories.control.sources[0],https://health.ec.europa.eu/system/files/2016-11/laws_estonia_en_0.pdf,ok,200,,https://health.ec.europa.eu/system/files/2016-11/laws_estonia_en_0.pdf,,4,2026-10-01T15:29Z,,,,,ok
EST,source,categories.control.sources[1],https://www.terviseportaal.ee/en/kontaktid-ja-kkk,ok,200,,https://www.terviseportaal.ee/en/kontaktid-ja-kkk,,1,2026-10-01T15:29Z,,,,,ok
EST,source,categories.control.sources[2],https://news.err.ee/1610151619/social-minister-butts-heads-with-doctors-over-doctor-patient-confidentiality,ok,200,,https://news.err.ee/1610151619/social-minister-butts-heads-with-doctors-over-doctor-patient-confidentiality,,2,2026-10-01T15:29Z,,,,,ok
EST,source,categories.privacy.sources[0],https://news.err.ee/1609791258/company-fined-3-million-over-apotheka-loyalty-program-data-breach,ok,200,,https://news.err.ee/1609791258/company-fined-3-million-over-apotheka-loyalty-program-data-breach,,3,2026-10-01T15:29Z,,,,,ok
EST,source,categories.privacy.sources[1],https://ua.news/en/world/estonski-likari-zaklikali-obmezhiti-dostup-politsiyi-do-medichnikh-danikh-err-news,ok,200,,https://ua.news/en/world/estonski-likari-zaklikali-obmezhiti-dostup-politsiyi-do-medichnikh-danikh-err-news,,1,2026-10-01T15:29Z,,,,,ok
EST,source,categories.privacy.sources[2],https://health.ec.europa.eu/system/files/2016-11/laws_estonia_en_0.pdf,ok,200,,https://health.ec.europa.eu/system/files/2016-11/laws_estonia_en_0.pdf,,4,2026-10-01T15:29Z,,,,,ok
EST,source,categories.commercial.sources[0],https://news.err.ee/1609791258/company-fined-3-million-over-apotheka-loyalty-program-data-breach,ok,200,,https://news.err.ee/1609791258/company-fined-3-million-over-apotheka-loyalty-program-data-breach,,3,2026-10-01T15:29Z,,,,,ok
EST,source,categories.commercial.sources[1],https://academic.oup.com/ije/article/55/4/dyag113/8736072,ok,200,,https://academic.oup.com/ije/article/55/4/dyag113/8736072,,4,2026-10-01T15:29Z,,,,,ok
EST,source,categories.journey.sources[0],https://na.eventscloud.com/file_uploads/c5da2a5e465f932e6debe55020e70899_E-health-factsheet.pdf,ok,200,,https://na.eventscloud.com/file_uploads/c5da2a5e465f932e6debe55020e70899_E-health-factsheet.pdf,,1,2026-10-01T15:29Z,,,,,ok
EST,source,categories.journey.sources[1],https://academic.oup.com/ije/article/55/4/dyag113/8736072,ok,200,,https://academic.oup.com/ije/article/55/4/dyag113/8736072,,4,2026-10-01T15:29Z,,,,,ok
EST,source,categories.journey.sources[2],https://news.err.ee/1610059153/estonia-plans-7-million-upgrade-to-centralized-health-specialist-dashboard,ok,200,,https://news.err.ee/1610059153/estonia-plans-7-million-upgrade-to-centralized-health-specialist-dashboard,,3,2026-10-01T15:29Z,,,,,ok
EST,source,categories.clinical.sources[0],https://news.err.ee/1610059153/estonia-plans-7-million-upgrade-to-centralized-health-specialist-dashboard,ok,200,,https://news.err.ee/1610059153/estonia-plans-7-million-upgrade-to-centralized-health-specialist-dashboard,,3,2026-10-01T15:29Z,,,,,ok
EST,source,categories.clinical.sources[1],https://health.ec.europa.eu/system/files/2016-11/laws_estonia_en_0.pdf,ok,200,,https://health.ec.europa.eu/system/files/2016-11/laws_estonia_en_0.pdf,,4,2026-10-01T15:29Z,,,,,ok
EST,source,categories.research.sources[0],https://genomics.ut.ee/en/content/estonian-biobank,ok,200,,https://genomics.ut.ee/en/content/estonian-biobank,,1,2026-10-01T15:29Z,,,,,ok
EST,source,categories.research.sources[1],https://academic.oup.com/ije/article/55/4/dyag113/8736072,ok,200,,https://academic.oup.com/ije/article/55/4/dyag113/8736072,,4,2026-10-01T15:29Z,,,,,ok
EST,source,categories.research.sources[2],https://health.ec.europa.eu/system/files/2016-11/laws_estonia_en_0.pdf,ok,200,,https://health.ec.europa.eu/system/files/2016-11/laws_estonia_en_0.pdf,,4,2026-10-01T15:29Z,,,,,ok
EST,source,categories.ai.sources[0],https://www.cyberlawwatch.com/2026/07/31/eu-digital-omnibus-on-ai-enters-into-force/,ok,200,,https://www.cyberlawwatch.com/2026/07/31/eu-digital-omnibus-on-ai-enters-into-force/,,12,2026-10-01T15:29Z,,,,,ok
EST,law,laws[0],https://www.riigiteataja.ee/en/eli/525082014005/consolide,ok,200,,https://www.riigiteataja.ee/en/akt/525082014005,,1,2026-10-01T15:29Z,,,,,ok
EST,law,laws[1],https://www.riigiteataja.ee/en/eli/508042019001/consolide,ok,200,,https://www.riigiteataja.ee/en/akt/508042019001,,1,2026-10-01T15:29Z,,,,,ok
EST,law,laws[2],https://eur-lex.europa.eu/eli/reg/2025/327/oj/eng,ok,202,,https://eur-lex.europa.eu/eli/reg/2025/327/oj/eng,,17,2026-10-01T15:29Z,,,,,ok
EST,law,laws[3],https://www.cyberlawwatch.com/2026/07/31/eu-digital-omnibus-on-ai-enters-into-force/,ok,200,,https://www.cyberlawwatch.com/2026/07/31/eu-digital-omnibus-on-ai-enters-into-force/,,12,2026-10-01T15:29Z,,,,,ok
EST,news,news[0],https://news.err.ee/1610151619/social-minister-butts-heads-with-doctors-over-doctor-patient-confidentiality,ok,200,,https://news.err.ee/1610151619/social-minister-butts-heads-with-doctors-over-doctor-patient-confidentiality,,2,2026-10-01T15:29Z,,,,,ok
EST,news,news[1],https://news.err.ee/1610059153/estonia-plans-7-million-upgrade-to-centralized-health-specialist-dashboard,ok,200,,https://news.err.ee/1610059153/estonia-plans-7-million-upgrade-to-centralized-health-specialist-dashboard,,3,2026-10-01T15:29Z,,,,,ok
EST,news,news[2],https://academic.oup.com/ije/article/55/4/dyag113/8736072,ok,200,,https://academic.oup.com/ije/article/55/4/dyag113/8736072,,4,2026-10-01T15:29Z,,,,,ok
EST,news,news[3],https://news.err.ee/1609791258/company-fined-3-million-over-apotheka-loyalty-program-data-breach,ok,200,,https://news.err.ee/1609791258/company-fined-3-million-over-apotheka-loyalty-program-data-breach,,3,2026-10-01T15:29Z,,,,,ok
FIN,source,categories.access.sources[0],https://www.kanta.fi/en/mykanta-for-young-people,ok,200,,https://www.kanta.fi/en/mykanta-for-young-people,,3,2026-10-01T15:29Z,,,,,ok
FIN,source,categories.access.sources[1],https://www.kanta.fi/en/how-to-request-your-data,ok,200,,https://www.kanta.fi/en/how-to-request-your-data,,3,2026-10-01T15:29Z,,,,,ok
FIN,source,categories.access.sources[2],https://www.luvn.fi/en/news/2026/03/social-welfare-client-data-will-start-appear-mykanta,ok,200,,https://www.luvn.fi/en/news/2026/03/social-welfare-client-data-will-start-appear-mykanta,,3,2026-10-01T15:29Z,,,,,ok
FIN,source,categories.control.sources[0],https://www.kanta.fi/en/how-to-request-your-data,ok,200,,https://www.kanta.fi/en/how-to-request-your-data,,3,2026-10-01T15:29Z,,,,,ok
FIN,source,categories.control.sources[1],https://www.kanta.fi/en/data-protection,ok,200,,https://www.kanta.fi/en/data-protection-and-data-security,,1,2026-10-01T15:29Z,,,,,ok
FIN,source,categories.control.sources[2],https://www.kanta.fi/en/data-protection-and-privacy,ok,200,,https://www.kanta.fi/en/data-protection-and-privacy,,2,2026-10-01T15:29Z,,,,,ok
FIN,source,categories.privacy.sources[0],https://www.kanta.fi/en/data-protection-and-privacy,ok,200,,https://www.kanta.fi/en/data-protection-and-privacy,,2,2026-10-01T15:29Z,,,,,ok
FIN,source,categories.privacy.sources[1],https://www.kanta.fi/en/system-developers/privacy-policy-for-the-mykanta-application,ok,200,,https://www.kanta.fi/en/system-developers/privacy-policy-for-the-mykanta-application,,2,2026-10-01T15:29Z,,,,,ok
FIN,source,categories.privacy.sources[2],https://en.wikipedia.org/wiki/Vastaamo_data_breach,ok,200,,https://en.wikipedia.org/wiki/Vastaamo_data_breach,,1,2026-10-01T15:29Z,,,,,ok
FIN,source,categories.commercial.sources[0],https://findata.fi/en/services-and-instructions/legislation/,ok,200,,https://findata.fi/en/services-and-instructions/legislation/,,3,2026-10-01T15:29Z,,,,,ok
FIN,source,categories.commercial.sources[1],https://findata.fi/en/about-findata/your-data-rights/,ok,200,,https://findata.fi/en/about-findata/your-data-rights/,,2,2026-10-01T15:29Z,,,,,ok
FIN,source,categories.commercial.sources[2],https://findata.fi/en/annual-report-2024/,ok,200,,https://findata.fi/en/annual-report-2024/,,2,2026-10-01T15:29Z,,,,,ok
FIN,source,categories.journey.sources[0],https://www.kanta.fi/en/how-to-request-your-data,ok,200,,https://www.kanta.fi/en/how-to-request-your-data,,3,2026-10-01T15:29Z,,,,,ok
FIN,source,categories.journey.sources[1],https://www.kanta.fi/en/ajankohtaista/kanta-services-in-2026-developing-kanta-data-to-better-aid-the-work-of-professionals,ok,200,,https://www.kanta.fi/en/ajankohtaista/kanta-services-in-2026-developing-kanta-data-to-better-aid-the-work-of-professionals,,2,2026-10-01T15:29Z,,,,,ok
FIN,source,categories.journey.sources[2],https://www.kanta.fi/en/mykanta-for-young-people,ok,200,,https://www.kanta.fi/en/mykanta-for-young-people,,3,2026-10-01T15:29Z,,,,,ok
FIN,source,categories.clinical.sources[0],https://www.kanta.fi/en/mykanta-for-young-people,ok,200,,https://www.kanta.fi/en/mykanta-for-young-people,,3,2026-10-01T15:29Z,,,,,ok
FIN,source,categories.clinical.sources[1],https://www.luvn.fi/en/news/2026/03/social-welfare-client-data-will-start-appear-mykanta,ok,200,,https://www.luvn.fi/en/news/2026/03/social-welfare-client-data-will-start-appear-mykanta,,3,2026-10-01T15:29Z,,,,,ok
FIN,source,categories.research.sources[0],https://findata.fi/en/annual-report-2024/,ok,200,,https://findata.fi/en/annual-report-2024/,,2,2026-10-01T15:29Z,,,,,ok
FIN,source,categories.research.sources[1],https://findata.fi/en/about-findata/your-data-rights/,ok,200,,https://findata.fi/en/about-findata/your-data-rights/,,2,2026-10-01T15:29Z,,,,,ok
FIN,source,categories.research.sources[2],https://findata.fi/en/news/findata-supports-many-of-the-solutions-proposed-for-the-national-implementation-of-the-ehds/,ok,200,,https://findata.fi/en/news/findata-supports-many-of-the-solutions-proposed-for-the-national-implementation-of-the-ehds/,,2,2026-10-01T15:29Z,,,,,ok
FIN,source,categories.research.sources[3],https://findata.fi/en/press-releases/survey-finns-support-the-use-of-health-data-in-research-most-want-to-decide-on-its-use-themselves/,ok,200,,https://findata.fi/en/press-releases/survey-finns-support-the-use-of-health-data-in-research-most-want-to-decide-on-its-use-themselves/,,2,2026-10-01T15:29Z,,,,,ok
FIN,source,categories.ai.sources[0],https://www.cyberlawwatch.com/2026/07/31/eu-digital-omnibus-on-ai-enters-into-force/,ok,200,,https://www.cyberlawwatch.com/2026/07/31/eu-digital-omnibus-on-ai-enters-into-force/,,12,2026-10-01T15:29Z,,,,,ok
FIN,source,categories.ai.sources[1],https://findata.fi/en/services-and-instructions/legislation/,ok,200,,https://findata.fi/en/services-and-instructions/legislation/,,3,2026-10-01T15:29Z,,,,,ok
FIN,law,laws[0],https://findata.fi/en/services-and-instructions/legislation/,ok,200,,https://findata.fi/en/services-and-instructions/legislation/,,3,2026-10-01T15:29Z,,,,,ok
FIN,law,laws[1],https://www.kanta.fi/en/system-developers/privacy-policy-for-the-mykanta-application,ok,200,,https://www.kanta.fi/en/system-developers/privacy-policy-for-the-mykanta-application,,2,2026-10-01T15:29Z,,,,,ok
FIN,law,laws[2],https://eur-lex.europa.eu/eli/reg/2025/327/oj/eng,ok,202,,https://eur-lex.europa.eu/eli/reg/2025/327/oj/eng,,17,2026-10-01T15:29Z,,,,,ok
FIN,law,laws[3],https://www.cyberlawwatch.com/2026/07/31/eu-digital-omnibus-on-ai-enters-into-force/,ok,200,,https://www.cyberlawwatch.com/2026/07/31/eu-digital-omnibus-on-ai-enters-into-force/,,12,2026-10-01T15:29Z,,,,,ok
FIN,news,news[0],https://findata.fi/en/press-releases/survey-finns-support-the-use-of-health-data-in-research-most-want-to-decide-on-its-use-themselves/,ok,200,,https://findata.fi/en/press-releases/survey-finns-support-the-use-of-health-data-in-research-most-want-to-decide-on-its-use-themselves/,,2,2026-10-01T15:29Z,,,,,ok
FIN,news,news[1],https://findata.fi/en/news/findata-supports-many-of-the-solutions-proposed-for-the-national-implementation-of-the-ehds/,ok,200,,https://findata.fi/en/news/findata-supports-many-of-the-solutions-proposed-for-the-national-implementation-of-the-ehds/,,2,2026-10-01T15:29Z,,,,,ok
FIN,news,news[2],https://www.luvn.fi/en/news/2026/03/social-welfare-client-data-will-start-appear-mykanta,ok,200,,https://www.luvn.fi/en/news/2026/03/social-welfare-client-data-will-start-appear-mykanta,,3,2026-10-01T15:29Z,,,,,ok
FIN,news,news[3],https://www.kanta.fi/en/ajankohtaista/kanta-services-in-2026-developing-kanta-data-to-better-aid-the-work-of-professionals,ok,200,,https://www.kanta.fi/en/ajankohtaista/kanta-services-in-2026-developing-kanta-data-to-better-aid-the-work-of-professionals,,2,2026-10-01T15:29Z,,,,,ok
FRA,source,categories.access.sources[0],https://www.service-public.gouv.fr/particuliers/vosdroits/F12210,ok,200,,https://www.service-public.gouv.fr/particuliers/vosdroits/F12210,,2,2026-10-01T15:29Z,,,,,ok
FRA,source,categories.access.sources[1],https://www.ameli.fr/professionnel-de-la-lpplatm/actualites/mon-espace-sante-un-outil-ancre-dans-les-usages-et-en-constante-amelioration-0,blocked_unverified,403,403,https://www.ameli.fr/professionnel-de-la-lpplatm/actualites/mon-espace-sante-un-outil-ancre-dans-les-usages-et-en-constante-amelioration-0,,3,2026-10-01T15:29Z,blocked_unverified,403,,2026-10-01T15:46Z,blocked_unverified
FRA,source,categories.access.sources[2],https://dsih.fr/articles/6240/lusage-primaire-des-donnees-de-sante-progresse-en-france-grace-a-mon-espace-sante,ok,200,,https://dsih.fr/articles/6240/lusage-primaire-des-donnees-de-sante-progresse-en-france-grace-a-mon-espace-sante,,2,2026-10-01T15:29Z,,,,,ok
FRA,source,categories.access.sources[3],https://www.caducee.net/actualite-medicale/16888/mon-espace-sante-et-dmp-en-2026-les-documents-amelipro-verses-automatiquement.html,ok,200,,https://www.caducee.net/actualite-medicale/16888/mon-espace-sante-et-dmp-en-2026-les-documents-amelipro-verses-automatiquement.html,,1,2026-10-01T15:29Z,,,,,ok
FRA,source,categories.control.sources[0],https://www.service-public.gouv.fr/particuliers/vosdroits/F10872,ok,200,,https://www.service-public.gouv.fr/particuliers/vosdroits/F36151,,2,2026-10-01T15:29Z,,,,,ok
FRA,source,categories.control.sources[1],https://www.francemutuelle.fr/fiche/mon-espace-sante/,ok,200,,https://www.francemutuelle.fr/fiche/mon-espace-sante/,,1,2026-10-01T15:29Z,,,,,ok
FRA,source,categories.privacy.sources[0],https://www.cnil.fr/fr/sanction-hopital-prive-loire,ok,200,,https://www.cnil.fr/fr/sanction-hopital-prive-loire,,2,2026-10-01T15:29Z,,,,,ok
FRA,source,categories.privacy.sources[1],https://www.franceinfo.fr/sante/enquete-francetv-une-fuite-massive-de-donnees-medicales-inquiete-en-france_7831823.html,ok,200,,https://www.franceinfo.fr/sante/enquete-francetv-une-fuite-massive-de-donnees-medicales-inquiete-en-france_7831823.html,,2,2026-10-01T15:29Z,,,,,ok
FRA,source,categories.privacy.sources[2],https://www.maddyness.com/2026/04/23/health-data-hub-scaleway-remplace-enfin-microsoft/,ok,200,,https://www.maddyness.com/2026/04/23/health-data-hub-scaleway-remplace-enfin-microsoft/,,4,2026-10-01T15:29Z,,,,,ok
FRA,source,categories.privacy.sources[3],https://www.cio-online.com/actualites/lire-le-health-data-hub-sort-d-azure-pour-basculer-fin-2026-vers-un-cloud-secnumcloud-16830.html,ok,200,,https://www.cio-online.com/actualites/lire-le-health-data-hub-sort-d-azure-pour-basculer-fin-2026-vers-un-cloud-secnumcloud-16830.html,,2,2026-10-01T15:29Z,,,,,ok
FRA,source,categories.commercial.sources[0],https://www.cnil.fr/fr/snds-systeme-national-des-donnees-de-sante,ok,200,,https://www.cnil.fr/fr/snds-systeme-national-des-donnees-de-sante,,4,2026-10-01T15:29Z,,,,,ok
FRA,source,categories.commercial.sources[1],https://www.cnil.fr/fr/donnees-sante-sanction-5-millions-iqvia,ok,200,,https://www.cnil.fr/fr/donnees-sante-sanction-5-millions-iqvia,,2,2026-10-01T15:29Z,,,,,ok
FRA,source,categories.journey.sources[0],https://www.ameli.fr/professionnel-de-la-lpplatm/actualites/mon-espace-sante-un-outil-ancre-dans-les-usages-et-en-constante-amelioration-0,blocked_unverified,403,403,https://www.ameli.fr/professionnel-de-la-lpplatm/actualites/mon-espace-sante-un-outil-ancre-dans-les-usages-et-en-constante-amelioration-0,,3,2026-10-01T15:29Z,blocked_unverified,403,,2026-10-01T15:46Z,blocked_unverified
FRA,source,categories.journey.sources[1],https://www.cnil.fr/fr/snds-systeme-national-des-donnees-de-sante,ok,200,,https://www.cnil.fr/fr/snds-systeme-national-des-donnees-de-sante,,4,2026-10-01T15:29Z,,,,,ok
FRA,source,categories.journey.sources[2],https://dsih.fr/articles/6240/lusage-primaire-des-donnees-de-sante-progresse-en-france-grace-a-mon-espace-sante,ok,200,,https://dsih.fr/articles/6240/lusage-primaire-des-donnees-de-sante-progresse-en-france-grace-a-mon-espace-sante,,2,2026-10-01T15:29Z,,,,,ok
FRA,source,categories.clinical.sources[0],https://www.ameli.fr/professionnel-de-la-lpplatm/actualites/mon-espace-sante-un-outil-ancre-dans-les-usages-et-en-constante-amelioration-0,blocked_unverified,403,403,https://www.ameli.fr/professionnel-de-la-lpplatm/actualites/mon-espace-sante-un-outil-ancre-dans-les-usages-et-en-constante-amelioration-0,,3,2026-10-01T15:29Z,blocked_unverified,403,,2026-10-01T15:46Z,blocked_unverified
FRA,source,categories.clinical.sources[1],https://www.service-public.gouv.fr/particuliers/vosdroits/F10872,ok,200,,https://www.service-public.gouv.fr/particuliers/vosdroits/F36151,,2,2026-10-01T15:29Z,,,,,ok
FRA,source,categories.research.sources[0],https://www.cnil.fr/fr/snds-systeme-national-des-donnees-de-sante,ok,200,,https://www.cnil.fr/fr/snds-systeme-national-des-donnees-de-sante,,4,2026-10-01T15:29Z,,,,,ok
FRA,source,categories.research.sources[1],https://www.maddyness.com/2026/04/23/health-data-hub-scaleway-remplace-enfin-microsoft/,ok,200,,https://www.maddyness.com/2026/04/23/health-data-hub-scaleway-remplace-enfin-microsoft/,,4,2026-10-01T15:29Z,,,,,ok
FRA,source,categories.research.sources[2],https://www.cio-online.com/actualites/lire-le-health-data-hub-sort-d-azure-pour-basculer-fin-2026-vers-un-cloud-secnumcloud-16830.html,ok,200,,https://www.cio-online.com/actualites/lire-le-health-data-hub-sort-d-azure-pour-basculer-fin-2026-vers-un-cloud-secnumcloud-16830.html,,2,2026-10-01T15:29Z,,,,,ok
FRA,source,categories.ai.sources[0],https://www.cuatrecasas.com/en/global/intellectual-property/art/digital-omnibus-ai-has-been-published,ok,200,,https://www.cuatrecasas.com/en/global/intellectual-property/art/digital-omnibus-ai-has-been-published,,23,2026-10-01T15:29Z,,,,,ok
FRA,source,categories.ai.sources[1],https://www.maddyness.com/2026/04/23/health-data-hub-scaleway-remplace-enfin-microsoft/,ok,200,,https://www.maddyness.com/2026/04/23/health-data-hub-scaleway-remplace-enfin-microsoft/,,4,2026-10-01T15:29Z,,,,,ok
FRA,law,laws[0],https://www.service-public.gouv.fr/particuliers/vosdroits/F12210,ok,200,,https://www.service-public.gouv.fr/particuliers/vosdroits/F12210,,2,2026-10-01T15:29Z,,,,,ok
FRA,law,laws[1],https://www.cnil.fr/fr/snds-systeme-national-des-donnees-de-sante,ok,200,,https://www.cnil.fr/fr/snds-systeme-national-des-donnees-de-sante,,4,2026-10-01T15:29Z,,,,,ok
FRA,law,laws[2],https://eur-lex.europa.eu/eli/reg/2025/327/oj/eng,ok,202,,https://eur-lex.europa.eu/eli/reg/2025/327/oj/eng,,17,2026-10-01T15:29Z,,,,,ok
FRA,law,laws[3],https://eur-lex.europa.eu/eli/reg/2016/679/oj/eng,ok,202,,https://eur-lex.europa.eu/eli/reg/2016/679/oj/eng,,19,2026-10-01T15:29Z,,,,,ok
FRA,law,laws[4],https://www.cuatrecasas.com/en/global/intellectual-property/art/digital-omnibus-ai-has-been-published,ok,200,,https://www.cuatrecasas.com/en/global/intellectual-property/art/digital-omnibus-ai-has-been-published,,23,2026-10-01T15:29Z,,,,,ok
FRA,news,news[0],https://www.franceinfo.fr/sante/enquete-francetv-une-fuite-massive-de-donnees-medicales-inquiete-en-france_7831823.html,ok,200,,https://www.franceinfo.fr/sante/enquete-francetv-une-fuite-massive-de-donnees-medicales-inquiete-en-france_7831823.html,,2,2026-10-01T15:29Z,,,,,ok
FRA,news,news[1],https://www.maddyness.com/2026/04/23/health-data-hub-scaleway-remplace-enfin-microsoft/,ok,200,,https://www.maddyness.com/2026/04/23/health-data-hub-scaleway-remplace-enfin-microsoft/,,4,2026-10-01T15:29Z,,,,,ok
FRA,news,news[2],https://www.cnil.fr/fr/donnees-sante-sanction-5-millions-iqvia,ok,200,,https://www.cnil.fr/fr/donnees-sante-sanction-5-millions-iqvia,,2,2026-10-01T15:29Z,,,,,ok
FRA,news,news[3],https://www.cnil.fr/fr/sanction-hopital-prive-loire,ok,200,,https://www.cnil.fr/fr/sanction-hopital-prive-loire,,2,2026-10-01T15:29Z,,,,,ok
FRA,news,news[4],https://www.cuatrecasas.com/en/global/intellectual-property/art/digital-omnibus-ai-has-been-published,ok,200,,https://www.cuatrecasas.com/en/global/intellectual-property/art/digital-omnibus-ai-has-been-published,,23,2026-10-01T15:29Z,,,,,ok
GBR,source,categories.access.sources[0],https://digital.nhs.uk/data-and-information/publications/statistical/nhs-app-statistics/august-2026,blocked_unverified,403,403,https://digital.nhs.uk/data-and-information/publications/statistical/nhs-app-statistics/august-2026,,3,2026-10-01T15:29Z,blocked_unverified,403,,2026-10-01T15:46Z,blocked_unverified
GBR,source,categories.access.sources[1],https://www.england.nhs.uk/long-read/online-access-to-new-gp-health-record-information/,ok,202,,https://www.england.nhs.uk/long-read/online-access-to-new-gp-health-record-information/,,1,2026-10-01T15:29Z,,,,,ok
GBR,source,categories.access.sources[2],https://www.gov.uk/government/publications/health-bill-single-patient-record-fact-sheet/health-bill-single-patient-record-fact-sheet,ok,200,,https://www.gov.uk/government/publications/health-bill-single-patient-record-fact-sheet/health-bill-single-patient-record-fact-sheet,,5,2026-10-01T15:29Z,,,,,ok
GBR,source,categories.control.sources[0],https://digital.nhs.uk/services/national-data-opt-out/understanding-the-national-data-opt-out,blocked_unverified,403,403,https://digital.nhs.uk/services/national-data-opt-out/understanding-the-national-data-opt-out,,2,2026-10-01T15:29Z,blocked_unverified,403,,2026-10-01T15:46Z,blocked_unverified
GBR,source,categories.control.sources[1],https://lordslibrary.parliament.uk/using-patient-data-for-research-challenges-and-policy-developments/,ok,200,,https://lordslibrary.parliament.uk/using-patient-data-for-research-challenges-and-policy-developments/,,4,2026-10-01T15:29Z,,,,,ok
GBR,source,categories.control.sources[2],https://www.theregister.com/databases/2026/06/13/nhs-patients-cant-opt-out-of-palantirs-data-platform-but-their-hospital-can/5254766,ok,200,,https://www.theregister.com/databases/2026/06/13/nhs-patients-cant-opt-out-of-palantirs-data-platform-but-their-hospital-can/5254766,,4,2026-10-01T15:29Z,,,,,ok
GBR,source,categories.privacy.sources[0],https://ico.org.uk/about-the-ico/what-we-do/legislation-we-cover/data-use-and-access-act-2025/,ok,200,,https://ico.org.uk/about-the-ico/what-we-do/legislation-we-cover/data-use-and-access-act-2025/,,2,2026-10-01T15:29Z,,,,,ok
GBR,source,categories.privacy.sources[1],https://www.gov.uk/government/news/national-data-guardian-statement-on-nhs-federated-data-platform-data-access-in-response-to-the-not-with-my-nhs-data-campaign,ok,200,,https://www.gov.uk/government/news/national-data-guardian-statement-on-nhs-federated-data-platform-data-access-in-response-to-the-not-with-my-nhs-data-campaign,,2,2026-10-01T15:29Z,,,,,ok
GBR,source,categories.privacy.sources[2],https://www.digitalhealth.net/2026/06/data-guardian-seeks-clarification-on-palantir-patient-data-access/,blocked_unverified,403,403,https://www.digitalhealth.net/2026/06/data-guardian-seeks-clarification-on-palantir-patient-data-access/,,2,2026-10-01T15:29Z,blocked_unverified,403,,2026-10-01T15:46Z,blocked_unverified
GBR,source,categories.commercial.sources[0],https://www.digitalhealth.net/2026/06/data-guardian-seeks-clarification-on-palantir-patient-data-access/,blocked_unverified,403,403,https://www.digitalhealth.net/2026/06/data-guardian-seeks-clarification-on-palantir-patient-data-access/,,2,2026-10-01T15:29Z,blocked_unverified,403,,2026-10-01T15:46Z,blocked_unverified
GBR,source,categories.commercial.sources[1],https://www.theregister.com/databases/2026/06/13/nhs-patients-cant-opt-out-of-palantirs-data-platform-but-their-hospital-can/5254766,ok,200,,https://www.theregister.com/databases/2026/06/13/nhs-patients-cant-opt-out-of-palantirs-data-platform-but-their-hospital-can/5254766,,4,2026-10-01T15:29Z,,,,,ok
GBR,source,categories.commercial.sources[2],https://lordslibrary.parliament.uk/using-patient-data-for-research-challenges-and-policy-developments/,ok,200,,https://lordslibrary.parliament.uk/using-patient-data-for-research-challenges-and-policy-developments/,,4,2026-10-01T15:29Z,,,,,ok
GBR,source,categories.journey.sources[0],https://digital.nhs.uk/data-and-information/publications/statistical/nhs-app-statistics/august-2026,blocked_unverified,403,403,https://digital.nhs.uk/data-and-information/publications/statistical/nhs-app-statistics/august-2026,,3,2026-10-01T15:29Z,blocked_unverified,403,,2026-10-01T15:46Z,blocked_unverified
GBR,source,categories.journey.sources[1],https://www.theregister.com/databases/2026/06/13/nhs-patients-cant-opt-out-of-palantirs-data-platform-but-their-hospital-can/5254766,ok,200,,https://www.theregister.com/databases/2026/06/13/nhs-patients-cant-opt-out-of-palantirs-data-platform-but-their-hospital-can/5254766,,4,2026-10-01T15:29Z,,,,,ok
GBR,source,categories.journey.sources[2],https://www.gov.uk/government/publications/health-bill-single-patient-record-fact-sheet/health-bill-single-patient-record-fact-sheet,ok,200,,https://www.gov.uk/government/publications/health-bill-single-patient-record-fact-sheet/health-bill-single-patient-record-fact-sheet,,5,2026-10-01T15:29Z,,,,,ok
GBR,source,categories.journey.sources[3],https://lordslibrary.parliament.uk/using-patient-data-for-research-challenges-and-policy-developments/,ok,200,,https://lordslibrary.parliament.uk/using-patient-data-for-research-challenges-and-policy-developments/,,4,2026-10-01T15:29Z,,,,,ok
GBR,source,categories.clinical.sources[0],https://www.gov.uk/government/publications/health-bill-single-patient-record-fact-sheet/health-bill-single-patient-record-fact-sheet,ok,200,,https://www.gov.uk/government/publications/health-bill-single-patient-record-fact-sheet/health-bill-single-patient-record-fact-sheet,,5,2026-10-01T15:29Z,,,,,ok
GBR,source,categories.research.sources[0],https://lordslibrary.parliament.uk/using-patient-data-for-research-challenges-and-policy-developments/,ok,200,,https://lordslibrary.parliament.uk/using-patient-data-for-research-challenges-and-policy-developments/,,4,2026-10-01T15:29Z,,,,,ok
GBR,source,categories.research.sources[1],https://digital.nhs.uk/services/national-data-opt-out/understanding-the-national-data-opt-out,blocked_unverified,403,403,https://digital.nhs.uk/services/national-data-opt-out/understanding-the-national-data-opt-out,,2,2026-10-01T15:29Z,blocked_unverified,403,,2026-10-01T15:46Z,blocked_unverified
GBR,source,categories.ai.sources[0],https://medregs.blog.gov.uk/2026/06/09/advancing-ai-regulation-in-healthcare-insights-from-ai-airlock-phase-2/,ok,200,,https://medregs.blog.gov.uk/2026/06/09/advancing-ai-regulation-in-healthcare-insights-from-ai-airlock-phase-2/,,2,2026-10-01T15:29Z,,,,,ok
GBR,law,laws[0],https://ico.org.uk/about-the-ico/what-we-do/legislation-we-cover/data-use-and-access-act-2025/,ok,200,,https://ico.org.uk/about-the-ico/what-we-do/legislation-we-cover/data-use-and-access-act-2025/,,2,2026-10-01T15:29Z,,,,,ok
GBR,law,laws[1],https://www.gov.uk/government/publications/health-bill-single-patient-record-fact-sheet/health-bill-single-patient-record-fact-sheet,ok,200,,https://www.gov.uk/government/publications/health-bill-single-patient-record-fact-sheet/health-bill-single-patient-record-fact-sheet,,5,2026-10-01T15:29Z,,,,,ok
GBR,law,laws[2],https://digital.nhs.uk/services/national-data-opt-out,blocked_unverified,403,403,https://digital.nhs.uk/services/national-data-opt-out,,1,2026-10-01T15:29Z,blocked_unverified,403,,2026-10-01T15:46Z,blocked_unverified
GBR,news,news[0],https://www.gov.uk/government/publications/health-bill-single-patient-record-fact-sheet/health-bill-single-patient-record-fact-sheet,ok,200,,https://www.gov.uk/government/publications/health-bill-single-patient-record-fact-sheet/health-bill-single-patient-record-fact-sheet,,5,2026-10-01T15:29Z,,,,,ok
GBR,news,news[1],https://www.gov.uk/government/news/national-data-guardian-statement-on-nhs-federated-data-platform-data-access-in-response-to-the-not-with-my-nhs-data-campaign,ok,200,,https://www.gov.uk/government/news/national-data-guardian-statement-on-nhs-federated-data-platform-data-access-in-response-to-the-not-with-my-nhs-data-campaign,,2,2026-10-01T15:29Z,,,,,ok
GBR,news,news[2],https://medregs.blog.gov.uk/2026/06/09/advancing-ai-regulation-in-healthcare-insights-from-ai-airlock-phase-2/,ok,200,,https://medregs.blog.gov.uk/2026/06/09/advancing-ai-regulation-in-healthcare-insights-from-ai-airlock-phase-2/,,2,2026-10-01T15:29Z,,,,,ok
GBR,news,news[3],https://www.theregister.com/databases/2026/06/13/nhs-patients-cant-opt-out-of-palantirs-data-platform-but-their-hospital-can/5254766,ok,200,,https://www.theregister.com/databases/2026/06/13/nhs-patients-cant-opt-out-of-palantirs-data-platform-but-their-hospital-can/5254766,,4,2026-10-01T15:29Z,,,,,ok
GBR,news,news[4],https://digital.nhs.uk/data-and-information/publications/statistical/nhs-app-statistics/august-2026,blocked_unverified,403,403,https://digital.nhs.uk/data-and-information/publications/statistical/nhs-app-statistics/august-2026,,3,2026-10-01T15:29Z,blocked_unverified,403,,2026-10-01T15:46Z,blocked_unverified
GHA,source,categories.access.sources[0],https://ghalii.org/akn/gh/act/2012/843/eng@2012-05-18,blocked_unverified,403,403,https://ghalii.org/akn/gh/act/2012/843/eng@2012-05-18,,5,2026-10-01T15:29Z,blocked_unverified,403,,2026-10-01T15:46Z,blocked_unverified
GHA,source,categories.access.sources[1],https://ghanasentinel.com/2025/10/29/ghana-health-information-management-system-launch/,ok,200,,https://ghanasentinel.com/2025/10/29/ghana-health-information-management-system-launch/,,4,2026-10-01T15:29Z,,,,,ok
GHA,source,categories.access.sources[2],https://www.graphic.com.gh/features/opinion/ghana-news-ghims-vrs-lhims-how-is-patient-data-being-protected-in-the-process.html,ok,200,,https://www.graphic.com.gh/features/opinion/ghana-news-ghims-vrs-lhims-how-is-patient-data-being-protected-in-the-process.html,,3,2026-10-01T15:29Z,,,,,ok
GHA,source,categories.control.sources[0],https://dataprotection.org.gh/wp-content/uploads/2025/05/Data-Protection-Act-2012-Act-843.pdf,error,,,https://dataprotection.org.gh/wp-content/uploads/2025/05/Data-Protection-Act-2012-Act-843.pdf,ConnectError,2,2026-10-01T15:29Z,error,,ConnectError,2026-10-01T15:46Z,error
GHA,source,categories.control.sources[1],https://www.isd.gov.gh/ghims-gives-state-ownership-of-ghanaian-medical-records-health-minister/,ok,,200,https://www.isd.gov.gh/ghims-gives-state-ownership-of-ghanaian-medical-records-health-minister/,,3,2026-10-01T15:29Z,,,,,ok
GHA,source,categories.control.sources[2],https://www.citinewsroom.com/2026/09/our-health-our-sovereignty-j-b-allotey-writes/,ok,200,,https://www.citinewsroom.com/2026/09/our-health-our-sovereignty-j-b-allotey-writes/,,3,2026-10-01T15:29Z,,,,,ok
GHA,source,categories.privacy.sources[0],https://ghalii.org/akn/gh/act/2012/843/eng@2012-05-18,blocked_unverified,403,403,https://ghalii.org/akn/gh/act/2012/843/eng@2012-05-18,,5,2026-10-01T15:29Z,blocked_unverified,403,,2026-10-01T15:46Z,blocked_unverified
GHA,source,categories.privacy.sources[1],https://ghanasentinel.com/2025/10/29/ghana-health-information-management-system-launch/,ok,200,,https://ghanasentinel.com/2025/10/29/ghana-health-information-management-system-launch/,,4,2026-10-01T15:29Z,,,,,ok
GHA,source,categories.privacy.sources[2],https://ghanaiantimes.com.gh/dr-okoe-boye-defends-lightwave-calls-for-fair-resolution-of-e-health-dispute/,ok,200,,https://ghanaiantimes.com.gh/dr-okoe-boye-defends-lightwave-calls-for-fair-resolution-of-e-health-dispute/,,3,2026-10-01T15:29Z,,,,,ok
GHA,source,categories.privacy.sources[3],https://www.citinewsroom.com/2026/09/our-health-our-sovereignty-j-b-allotey-writes/,ok,200,,https://www.citinewsroom.com/2026/09/our-health-our-sovereignty-j-b-allotey-writes/,,3,2026-10-01T15:29Z,,,,,ok
GHA,source,categories.commercial.sources[0],https://ghalii.org/akn/gh/act/2012/843/eng@2012-05-18,blocked_unverified,403,403,https://ghalii.org/akn/gh/act/2012/843/eng@2012-05-18,,5,2026-10-01T15:29Z,blocked_unverified,403,,2026-10-01T15:46Z,blocked_unverified
GHA,source,categories.journey.sources[0],https://www.isd.gov.gh/ghims-gives-state-ownership-of-ghanaian-medical-records-health-minister/,ok,,200,https://www.isd.gov.gh/ghims-gives-state-ownership-of-ghanaian-medical-records-health-minister/,,3,2026-10-01T15:29Z,,,,,ok
GHA,source,categories.journey.sources[1],https://ghanasentinel.com/2025/10/29/ghana-health-information-management-system-launch/,ok,200,,https://ghanasentinel.com/2025/10/29/ghana-health-information-management-system-launch/,,4,2026-10-01T15:29Z,,,,,ok
GHA,source,categories.journey.sources[2],https://ghanaiantimes.com.gh/dr-okoe-boye-defends-lightwave-calls-for-fair-resolution-of-e-health-dispute/,ok,200,,https://ghanaiantimes.com.gh/dr-okoe-boye-defends-lightwave-calls-for-fair-resolution-of-e-health-dispute/,,3,2026-10-01T15:29Z,,,,,ok
GHA,source,categories.clinical.sources[0],https://www.isd.gov.gh/ghims-gives-state-ownership-of-ghanaian-medical-records-health-minister/,ok,,200,https://www.isd.gov.gh/ghims-gives-state-ownership-of-ghanaian-medical-records-health-minister/,,3,2026-10-01T15:29Z,,,,,ok
GHA,source,categories.clinical.sources[1],https://www.graphic.com.gh/features/opinion/ghana-news-ghims-vrs-lhims-how-is-patient-data-being-protected-in-the-process.html,ok,200,,https://www.graphic.com.gh/features/opinion/ghana-news-ghims-vrs-lhims-how-is-patient-data-being-protected-in-the-process.html,,3,2026-10-01T15:29Z,,,,,ok
GHA,source,categories.research.sources[0],https://ghalii.org/akn/gh/act/2012/843/eng@2012-05-18,blocked_unverified,403,403,https://ghalii.org/akn/gh/act/2012/843/eng@2012-05-18,,5,2026-10-01T15:29Z,blocked_unverified,403,,2026-10-01T15:46Z,blocked_unverified
GHA,source,categories.research.sources[1],https://dataprotection.org.gh/wp-content/uploads/2025/05/Data-Protection-Act-2012-Act-843.pdf,error,,,https://dataprotection.org.gh/wp-content/uploads/2025/05/Data-Protection-Act-2012-Act-843.pdf,ConnectError,2,2026-10-01T15:29Z,error,,ConnectError,2026-10-01T15:46Z,error
GHA,source,categories.ai.sources[0],https://fdaghana.gov.gh/guidelines-2/,ok,200,,https://fdaghana.gov.gh/guidelines-2/,,2,2026-10-01T15:29Z,,,,,ok
GHA,source,categories.ai.sources[1],https://mesopotamian.press/journals/index.php/BJIoT/article/download/335/261/962,dead,404,,https://mesopotamian.press/journals/index.php/BJIoT/article/download/335/261/962,,1,2026-10-01T15:29Z,dead,404,,2026-10-01T15:46Z,dead
GHA,law,laws[0],https://ghalii.org/akn/gh/act/2012/843/eng@2012-05-18,blocked_unverified,403,403,https://ghalii.org/akn/gh/act/2012/843/eng@2012-05-18,,5,2026-10-01T15:29Z,blocked_unverified,403,,2026-10-01T15:46Z,blocked_unverified
GHA,law,laws[1],https://fdaghana.gov.gh/guidelines-for-the-registration-of-medical-devices/,ok,200,,https://fdaghana.gov.gh/wp-content/uploads/2024/02/GUIDELINES-FOR-THE-REGISTRATION-OF-MEDICAL-DEVICES.pdf,,1,2026-10-01T15:29Z,,,,,ok
GHA,law,laws[2],https://fdaghana.gov.gh/guidelines-2/,ok,200,,https://fdaghana.gov.gh/guidelines-2/,,2,2026-10-01T15:29Z,,,,,ok
GHA,news,news[0],https://ghanasentinel.com/2025/10/29/ghana-health-information-management-system-launch/,ok,200,,https://ghanasentinel.com/2025/10/29/ghana-health-information-management-system-launch/,,4,2026-10-01T15:29Z,,,,,ok
GHA,news,news[1],https://ghanaiantimes.com.gh/dr-okoe-boye-defends-lightwave-calls-for-fair-resolution-of-e-health-dispute/,ok,200,,https://ghanaiantimes.com.gh/dr-okoe-boye-defends-lightwave-calls-for-fair-resolution-of-e-health-dispute/,,3,2026-10-01T15:29Z,,,,,ok
GHA,news,news[2],https://www.graphic.com.gh/features/opinion/ghana-news-ghims-vrs-lhims-how-is-patient-data-being-protected-in-the-process.html,ok,200,,https://www.graphic.com.gh/features/opinion/ghana-news-ghims-vrs-lhims-how-is-patient-data-being-protected-in-the-process.html,,3,2026-10-01T15:29Z,,,,,ok
GHA,news,news[3],https://gna.org.gh/2026/09/data-protection-boss-calls-for-connected-regulators-to-tackle-big-tech-power/,ok,200,,https://gna.org.gh/2026/09/data-protection-boss-calls-for-connected-regulators-to-tackle-big-tech-power/,,1,2026-10-01T15:29Z,,,,,ok
GHA,news,news[4],https://www.citinewsroom.com/2026/09/our-health-our-sovereignty-j-b-allotey-writes/,ok,200,,https://www.citinewsroom.com/2026/09/our-health-our-sovereignty-j-b-allotey-writes/,,3,2026-10-01T15:29Z,,,,,ok
GRC,source,categories.access.sources[0],https://ehealthrecord.gov.gr/ehfy-overview-details,ok,200,,https://ehealthrecord.gov.gr/ehfy-overview-details,,3,2026-10-01T15:29Z,,,,,ok
GRC,source,categories.access.sources[1],https://www.ehealthrecord.gov.gr/en/press-releases/%CE%B7%CE%BC-%CE%B5%CE%B7%CF%86%CF%85-golive,ok,200,,https://www.ehealthrecord.gov.gr/en/press-releases/%CE%B7%CE%BC-%CE%B5%CE%B7%CF%86%CF%85-golive,,2,2026-10-01T15:29Z,,,,,ok
GRC,source,categories.access.sources[2],https://op.europa.eu/en/publication-detail/-/publication/bb5838fe-4742-11f0-85ba-01aa75ed71a1/language-en,blocked_unverified,403,403,https://op.europa.eu/en/publication-detail/-/publication/bb5838fe-4742-11f0-85ba-01aa75ed71a1/language-en,,1,2026-10-01T15:29Z,blocked_unverified,403,,2026-10-01T15:46Z,blocked_unverified
GRC,source,categories.access.sources[3],https://health.ec.europa.eu/document/download/b9b4092c-b357-4ae3-8d82-d9a252e7e159_en?filename=2025_chp_gr_english.pdf,ok,200,,https://health.ec.europa.eu/document/download/b9b4092c-b357-4ae3-8d82-d9a252e7e159_en?filename=2025_chp_gr_english.pdf,,1,2026-10-01T15:29Z,,,,,ok
GRC,source,categories.control.sources[0],https://www.moh.gov.gr/articles/newspaper/nomothesia-kanonismoi/3246-nomothesia-hlektronikhs-ygeias?fdl=14732,ok,200,,https://www.moh.gov.gr/articles/newspaper/nomothesia-kanonismoi/3246-nomothesia-hlektronikhs-ygeias?fdl=14732,,6,2026-10-01T15:29Z,,,,,ok
GRC,source,categories.control.sources[1],https://ehealthrecord.gov.gr/ehfy-overview-details,ok,200,,https://ehealthrecord.gov.gr/ehfy-overview-details,,3,2026-10-01T15:29Z,,,,,ok
GRC,source,categories.privacy.sources[0],https://www.topontiki.gr/2026/09/29/prostimo-25-000-evro-sto-nosokomio-g-gennimatas-sti-thessaloniki-gia-diarroi-prosopikon-stichion-2-820-asthenon/,ok,200,,https://www.topontiki.gr/2026/09/29/prostimo-25-000-evro-sto-nosokomio-g-gennimatas-sti-thessaloniki-gia-diarroi-prosopikon-stichion-2-820-asthenon/,,2,2026-10-01T15:29Z,,,,,ok
GRC,source,categories.privacy.sources[1],https://www.dpa.gr/el/enimerwtiko/thematikes_enotites/eidikeskatigories/dedomenaugeias/faq_dedomena_ugeias,ok,200,,https://www.dpa.gr/el/enimerwtiko/thematikes_enotites/eidikeskatigories/dedomenaugeias/faq_dedomena_ugeias,,4,2026-10-01T15:29Z,,,,,ok
GRC,source,categories.privacy.sources[2],https://www.moh.gov.gr/articles/newspaper/nomothesia-kanonismoi/3246-nomothesia-hlektronikhs-ygeias?fdl=14732,ok,200,,https://www.moh.gov.gr/articles/newspaper/nomothesia-kanonismoi/3246-nomothesia-hlektronikhs-ygeias?fdl=14732,,6,2026-10-01T15:29Z,,,,,ok
GRC,source,categories.commercial.sources[0],https://www.moh.gov.gr/articles/newspaper/nomothesia-kanonismoi/3246-nomothesia-hlektronikhs-ygeias?fdl=14732,ok,200,,https://www.moh.gov.gr/articles/newspaper/nomothesia-kanonismoi/3246-nomothesia-hlektronikhs-ygeias?fdl=14732,,6,2026-10-01T15:29Z,,,,,ok
GRC,source,categories.commercial.sources[1],https://www.iatropedia.gr/eidiseis/i-nea-pragmatikotita-tis-psifiakis-ygeias-poios-tha-echei-prosvasi-sta-dedomena-ekatommyrion-asthenon-kai-me-poious-orous/227674/,ok,200,,https://www.iatropedia.gr/eidiseis/i-nea-pragmatikotita-tis-psifiakis-ygeias-poios-tha-echei-prosvasi-sta-dedomena-ekatommyrion-asthenon-kai-me-poious-orous/227674/,,1,2026-10-01T15:29Z,,,,,ok
GRC,source,categories.commercial.sources[2],https://www.ethnos.gr/health/article/416159/egkrithhkeapotoypoyrgikosymboyliotonomosxediogiaeleytherhprosbashstadedomenaygeiastiallazei,ok,200,,https://www.ethnos.gr/health/article/416159/egkrithhkeapotoypoyrgikosymboyliotonomosxediogiaeleytherhprosbashstadedomenaygeiastiallazei,,3,2026-10-01T15:29Z,,,,,ok
GRC,source,categories.journey.sources[0],https://www.lawspot.gr/nomothesia/n3892-2010/arthro-3-nomos-3892-2010/,ok,200,,https://www.lawspot.gr/nomothesia/n3892-2010/arthro-3-nomos-3892-2010/,,2,2026-10-01T15:29Z,,,,,ok
GRC,source,categories.journey.sources[1],https://www.moh.gov.gr/articles/newspaper/nomothesia-kanonismoi/3246-nomothesia-hlektronikhs-ygeias?fdl=14732,ok,200,,https://www.moh.gov.gr/articles/newspaper/nomothesia-kanonismoi/3246-nomothesia-hlektronikhs-ygeias?fdl=14732,,6,2026-10-01T15:29Z,,,,,ok
GRC,source,categories.journey.sources[2],https://www.iatronet.gr/article/142194/apo-ton-septemvrio-oi-apeikonistikes-exetaseis-sto-myhealth-app-leitoyrgia-kai-prosvash,ok,200,,https://www.iatronet.gr/article/142194/apo-ton-septemvrio-oi-apeikonistikes-exetaseis-sto-myhealth-app-leitoyrgia-kai-prosvash,,3,2026-10-01T15:29Z,,,,,ok
GRC,source,categories.journey.sources[3],https://www.ethnos.gr/health/article/401035/adonisgeorgiadhsallazoynolastanosokomeiakaiginontaihlektronikamexritokalokairitoy2026,ok,200,,https://www.ethnos.gr/health/article/401035/adonisgeorgiadhsallazoynolastanosokomeiakaiginontaihlektronikamexritokalokairitoy2026,,3,2026-10-01T15:29Z,,,,,ok
GRC,source,categories.clinical.sources[0],https://www.ehealthrecord.gov.gr/en/press-releases/%CE%B7%CE%BC-%CE%B5%CE%B7%CF%86%CF%85-golive,ok,200,,https://www.ehealthrecord.gov.gr/en/press-releases/%CE%B7%CE%BC-%CE%B5%CE%B7%CF%86%CF%85-golive,,2,2026-10-01T15:29Z,,,,,ok
GRC,source,categories.clinical.sources[1],https://ehealthrecord.gov.gr/ehfy-overview-details,ok,200,,https://ehealthrecord.gov.gr/ehfy-overview-details,,3,2026-10-01T15:29Z,,,,,ok
GRC,source,categories.clinical.sources[2],https://www.iatronet.gr/article/142194/apo-ton-septemvrio-oi-apeikonistikes-exetaseis-sto-myhealth-app-leitoyrgia-kai-prosvash,ok,200,,https://www.iatronet.gr/article/142194/apo-ton-septemvrio-oi-apeikonistikes-exetaseis-sto-myhealth-app-leitoyrgia-kai-prosvash,,3,2026-10-01T15:29Z,,,,,ok
GRC,source,categories.clinical.sources[3],https://www.ethnos.gr/health/article/401035/adonisgeorgiadhsallazoynolastanosokomeiakaiginontaihlektronikamexritokalokairitoy2026,ok,200,,https://www.ethnos.gr/health/article/401035/adonisgeorgiadhsallazoynolastanosokomeiakaiginontaihlektronikamexritokalokairitoy2026,,3,2026-10-01T15:29Z,,,,,ok
GRC,source,categories.research.sources[0],https://www.dpa.gr/el/enimerwtiko/thematikes_enotites/eidikeskatigories/dedomenaugeias/faq_dedomena_ugeias,ok,200,,https://www.dpa.gr/el/enimerwtiko/thematikes_enotites/eidikeskatigories/dedomenaugeias/faq_dedomena_ugeias,,4,2026-10-01T15:29Z,,,,,ok
GRC,source,categories.research.sources[1],https://www.moh.gov.gr/articles/ehealth/gr-hdab/14291-foreas-prosbashs-sta-dedomena-ygeias,error,,,https://www.moh.gov.gr/articles/ehealth/gr-hdab/14291-foreas-prosbashs-sta-dedomena-ygeias,ReadTimeout,1,2026-10-01T15:29Z,ok,200,,2026-10-01T15:46Z,ok
GRC,source,categories.research.sources[2],https://www.moh.gov.gr/articles/newspaper/nomothesia-kanonismoi/3246-nomothesia-hlektronikhs-ygeias?fdl=14732,ok,200,,https://www.moh.gov.gr/articles/newspaper/nomothesia-kanonismoi/3246-nomothesia-hlektronikhs-ygeias?fdl=14732,,6,2026-10-01T15:29Z,,,,,ok
GRC,source,categories.research.sources[3],https://www.ethnos.gr/health/article/416159/egkrithhkeapotoypoyrgikosymboyliotonomosxediogiaeleytherhprosbashstadedomenaygeiastiallazei,ok,200,,https://www.ethnos.gr/health/article/416159/egkrithhkeapotoypoyrgikosymboyliotonomosxediogiaeleytherhprosbashstadedomenaygeiastiallazei,,3,2026-10-01T15:29Z,,,,,ok
GRC,source,categories.ai.sources[0],https://www.lawspot.gr/nomothesia/nomos-4961-2022/,ok,200,,https://www.lawspot.gr/nomothesia/nomos-4961-2022/,,2,2026-10-01T15:29Z,,,,,ok
GRC,source,categories.ai.sources[1],https://www.lawspot.gr/nomika-nea/myhealth-agent-diathesimos-o-prosopikos-boethos-ugeias-polite-meso-tou-myhealth-app/,ok,200,,https://www.lawspot.gr/nomika-nea/myhealth-agent-diathesimos-o-prosopikos-boethos-ugeias-polite-meso-tou-myhealth-app/,,2,2026-10-01T15:29Z,,,,,ok
GRC,law,laws[0],https://www.moh.gov.gr/articles/newspaper/nomothesia-kanonismoi/3246-nomothesia-hlektronikhs-ygeias?fdl=14732,ok,200,,https://www.moh.gov.gr/articles/newspaper/nomothesia-kanonismoi/3246-nomothesia-hlektronikhs-ygeias?fdl=14732,,6,2026-10-01T15:29Z,,,,,ok
GRC,law,laws[1],https://www.lawspot.gr/nomothesia/n3892-2010/arthro-3-nomos-3892-2010/,ok,200,,https://www.lawspot.gr/nomothesia/n3892-2010/arthro-3-nomos-3892-2010/,,2,2026-10-01T15:29Z,,,,,ok
GRC,law,laws[2],https://www.dpa.gr/el/enimerwtiko/thematikes_enotites/eidikeskatigories/dedomenaugeias/faq_dedomena_ugeias,ok,200,,https://www.dpa.gr/el/enimerwtiko/thematikes_enotites/eidikeskatigories/dedomenaugeias/faq_dedomena_ugeias,,4,2026-10-01T15:29Z,,,,,ok
GRC,law,laws[3],https://www.dpa.gr/el/enimerwtiko/thematikes_enotites/eidikeskatigories/dedomenaugeias/faq_dedomena_ugeias,ok,200,,https://www.dpa.gr/el/enimerwtiko/thematikes_enotites/eidikeskatigories/dedomenaugeias/faq_dedomena_ugeias,,4,2026-10-01T15:29Z,,,,,ok
GRC,law,laws[4],https://www.lawspot.gr/nomothesia/nomos-4961-2022/,ok,200,,https://www.lawspot.gr/nomothesia/nomos-4961-2022/,,2,2026-10-01T15:29Z,,,,,ok
GRC,law,laws[5],https://health.ec.europa.eu/ehealth-digital-health-and-care/european-health-data-space-regulation-ehds_en,ok,200,,https://health.ec.europa.eu/ehealth-digital-health-and-care/european-health-data-space-regulation-ehds_en,,31,2026-10-01T15:29Z,,,,,ok
GRC,news,news[0],https://www.lawspot.gr/nomika-nea/myhealth-agent-diathesimos-o-prosopikos-boethos-ugeias-polite-meso-tou-myhealth-app/,ok,200,,https://www.lawspot.gr/nomika-nea/myhealth-agent-diathesimos-o-prosopikos-boethos-ugeias-polite-meso-tou-myhealth-app/,,2,2026-10-01T15:29Z,,,,,ok
GRC,news,news[1],https://www.ethnos.gr/health/article/401035/adonisgeorgiadhsallazoynolastanosokomeiakaiginontaihlektronikamexritokalokairitoy2026,ok,200,,https://www.ethnos.gr/health/article/401035/adonisgeorgiadhsallazoynolastanosokomeiakaiginontaihlektronikamexritokalokairitoy2026,,3,2026-10-01T15:29Z,,,,,ok
GRC,news,news[2],https://www.ethnos.gr/health/article/416159/egkrithhkeapotoypoyrgikosymboyliotonomosxediogiaeleytherhprosbashstadedomenaygeiastiallazei,ok,200,,https://www.ethnos.gr/health/article/416159/egkrithhkeapotoypoyrgikosymboyliotonomosxediogiaeleytherhprosbashstadedomenaygeiastiallazei,,3,2026-10-01T15:29Z,,,,,ok
GRC,news,news[3],https://www.iatronet.gr/article/142194/apo-ton-septemvrio-oi-apeikonistikes-exetaseis-sto-myhealth-app-leitoyrgia-kai-prosvash,ok,200,,https://www.iatronet.gr/article/142194/apo-ton-septemvrio-oi-apeikonistikes-exetaseis-sto-myhealth-app-leitoyrgia-kai-prosvash,,3,2026-10-01T15:29Z,,,,,ok
GRC,news,news[4],https://www.topontiki.gr/2026/09/29/prostimo-25-000-evro-sto-nosokomio-g-gennimatas-sti-thessaloniki-gia-diarroi-prosopikon-stichion-2-820-asthenon/,ok,200,,https://www.topontiki.gr/2026/09/29/prostimo-25-000-evro-sto-nosokomio-g-gennimatas-sti-thessaloniki-gia-diarroi-prosopikon-stichion-2-820-asthenon/,,2,2026-10-01T15:29Z,,,,,ok
HRV,source,categories.access.sources[0],https://narodne-novine.nn.hr/clanci/sluzbeni/full/2004_12_169_2953.html,ok,200,,https://narodne-novine.nn.hr/clanci/sluzbeni/full/2004_12_169_2953.html,,3,2026-10-01T15:29Z,,,,,ok
HRV,source,categories.access.sources[1],https://hzzo.hr/e-gradani/hzzo-za-e-gradane,ok,200,,https://hzzo.hr/e-gradani/hzzo-za-e-gradane,,2,2026-10-01T15:29Z,,,,,ok
HRV,source,categories.access.sources[2],https://gov.hr/hr/portal-zdravlja-dostupan-i-na-mobilnim-uredjajima/2340,ok,200,,https://gov.hr/hr/portal-zdravlja-dostupan-i-na-mobilnim-uredjajima/2340,,1,2026-10-01T15:29Z,,,,,ok
HRV,source,categories.access.sources[3],https://narodne-novine.nn.hr/clanci/sluzbeni/2023_07_74_1210.html,ok,200,,https://narodne-novine.nn.hr/clanci/sluzbeni/2023_07_74_1210.html,,4,2026-10-01T15:29Z,,,,,ok
HRV,source,categories.control.sources[0],https://mobilne.portal.zdravlje.hr/ek/ekarton-pravila-privatnosti.html,ok,200,,https://mobilne.portal.zdravlje.hr/ek/ekarton-pravila-privatnosti.html,,2,2026-10-01T15:29Z,,,,,ok
HRV,source,categories.control.sources[1],https://narodne-novine.nn.hr/clanci/sluzbeni/2023_07_74_1210.html,ok,200,,https://narodne-novine.nn.hr/clanci/sluzbeni/2023_07_74_1210.html,,4,2026-10-01T15:29Z,,,,,ok
HRV,source,categories.control.sources[2],https://narodne-novine.nn.hr/clanci/sluzbeni/full/2019_02_14_269.html,ok,200,,https://narodne-novine.nn.hr/clanci/sluzbeni/full/2019_02_14_269.html,,2,2026-10-01T15:29Z,,,,,ok
HRV,source,categories.control.sources[3],https://hzzo.hr/e-gradani/hzzo-za-e-gradane,ok,200,,https://hzzo.hr/e-gradani/hzzo-za-e-gradane,,2,2026-10-01T15:29Z,,,,,ok
HRV,source,categories.privacy.sources[0],https://narodne-novine.nn.hr/clanci/sluzbeni/2018_05_42_805.html,ok,200,,https://narodne-novine.nn.hr/clanci/sluzbeni/2018_05_42_805.html,,2,2026-10-01T15:29Z,,,,,ok
HRV,source,categories.privacy.sources[1],https://azop.hr/izdane-nove-upravne-novcane-kazne-u-ukupnom-iznosu-od-270-700-eura/,ok,200,,https://azop.hr/izdane-nove-upravne-novcane-kazne-u-ukupnom-iznosu-od-270-700-eura/,,1,2026-10-01T15:29Z,,,,,ok
HRV,source,categories.privacy.sources[2],https://azop.hr/sedam-novih-upravnih-novcanih-kazni-u-iznosu-od-169-000-eura/,ok,200,,https://azop.hr/sedam-novih-upravnih-novcanih-kazni-u-iznosu-od-169-000-eura/,,1,2026-10-01T15:29Z,,,,,ok
HRV,source,categories.privacy.sources[3],https://faktograf.hr/2024/07/08/kbc-zagreb-je-kontaktirao-azop-ali-pacijente-i-dalje-nije-obavijestio-o-mogucoj-kradi-podataka/,ok,200,,https://faktograf.hr/2024/07/08/kbc-zagreb-je-kontaktirao-azop-ali-pacijente-i-dalje-nije-obavijestio-o-mogucoj-kradi-podataka/,,1,2026-10-01T15:29Z,,,,,ok
HRV,source,categories.commercial.sources[0],https://www.hlk.hr/EasyEdit/UserFiles/propisi/zakon-o-podacima-i-informacijama-u-zdravstvu-nn-14-2019.pdf,ok,200,,https://www.hlk.hr/EasyEdit/UserFiles/propisi/zakon-o-podacima-i-informacijama-u-zdravstvu-nn-14-2019.pdf,,3,2026-10-01T15:29Z,,,,,ok
HRV,source,categories.commercial.sources[1],https://eur-lex.europa.eu/eli/reg/2016/679/oj/eng,ok,202,,https://eur-lex.europa.eu/eli/reg/2016/679/oj/eng,,19,2026-10-01T15:29Z,,,,,ok
HRV,source,categories.commercial.sources[2],https://health.ec.europa.eu/ehealth-digital-health-and-care/european-health-data-space-regulation-ehds_en,ok,200,,https://health.ec.europa.eu/ehealth-digital-health-and-care/european-health-data-space-regulation-ehds_en,,31,2026-10-01T15:29Z,,,,,ok
HRV,source,categories.journey.sources[0],https://www.hlk.hr/EasyEdit/UserFiles/propisi/zakon-o-podacima-i-informacijama-u-zdravstvu-nn-14-2019.pdf,ok,200,,https://www.hlk.hr/EasyEdit/UserFiles/propisi/zakon-o-podacima-i-informacijama-u-zdravstvu-nn-14-2019.pdf,,3,2026-10-01T15:29Z,,,,,ok
HRV,source,categories.journey.sources[1],https://www.integratedcare4people.org/practices/327/developing-an-integrated-e-health-system-in-croatia-to-drive-care-improvements/,ok,200,,https://www.integratedcare4people.org/practices/327/developing-an-integrated-e-health-system-in-croatia-to-drive-care-improvements/,,1,2026-10-01T15:29Z,,,,,ok
HRV,source,categories.journey.sources[2],https://eurohealthobservatory.who.int/monitors/health-systems-monitor/updates/hspm/croatia-2022/introduction-of-electronic-health-records-in-hospitals,ok,200,,https://eurohealthobservatory.who.int/monitors/health-systems-monitor/updates/hspm/croatia-2022/introduction-of-electronic-health-records-in-hospitals,,1,2026-10-01T15:29Z,,,,,ok
HRV,source,categories.journey.sources[3],https://www.glas-slavonije.hr/novosti/hrvatska/2026/08/13/rok-za-prikljucivanje-produljen-nalazi-privatnih-lijecnika-tek-od-1-sijecnja-iduce-godine-u-cezih-u-779594/,ok,200,,https://www.glas-slavonije.hr/novosti/hrvatska/2026/08/13/rok-za-prikljucivanje-produljen-nalazi-privatnih-lijecnika-tek-od-1-sijecnja-iduce-godine-u-cezih-u-779594/,,3,2026-10-01T15:29Z,,,,,ok
HRV,source,categories.clinical.sources[0],https://narodne-novine.nn.hr/clanci/sluzbeni/2023_07_74_1210.html,ok,200,,https://narodne-novine.nn.hr/clanci/sluzbeni/2023_07_74_1210.html,,4,2026-10-01T15:29Z,,,,,ok
HRV,source,categories.clinical.sources[1],https://mobilne.portal.zdravlje.hr/ek/ekarton-pravila-privatnosti.html,ok,200,,https://mobilne.portal.zdravlje.hr/ek/ekarton-pravila-privatnosti.html,,2,2026-10-01T15:29Z,,,,,ok
HRV,source,categories.clinical.sources[2],https://www.glas-slavonije.hr/novosti/hrvatska/2026/08/13/rok-za-prikljucivanje-produljen-nalazi-privatnih-lijecnika-tek-od-1-sijecnja-iduce-godine-u-cezih-u-779594/,ok,200,,https://www.glas-slavonije.hr/novosti/hrvatska/2026/08/13/rok-za-prikljucivanje-produljen-nalazi-privatnih-lijecnika-tek-od-1-sijecnja-iduce-godine-u-cezih-u-779594/,,3,2026-10-01T15:29Z,,,,,ok
HRV,source,categories.research.sources[0],https://www.hlk.hr/EasyEdit/UserFiles/propisi/zakon-o-podacima-i-informacijama-u-zdravstvu-nn-14-2019.pdf,ok,200,,https://www.hlk.hr/EasyEdit/UserFiles/propisi/zakon-o-podacima-i-informacijama-u-zdravstvu-nn-14-2019.pdf,,3,2026-10-01T15:29Z,,,,,ok
HRV,source,categories.research.sources[1],https://www.hzjz.hr/en/projekti/hrvatski-centar-za-zdravstvene-podatke-eng-croatian-health-data-centre-chdc/,ok,200,,https://www.hzjz.hr/en/projekti/hrvatski-centar-za-zdravstvene-podatke-eng-croatian-health-data-centre-chdc/,,1,2026-10-01T15:29Z,,,,,ok
HRV,source,categories.research.sources[2],https://narodne-novine.nn.hr/clanci/sluzbeni/full/2004_12_169_2953.html,ok,200,,https://narodne-novine.nn.hr/clanci/sluzbeni/full/2004_12_169_2953.html,,3,2026-10-01T15:29Z,,,,,ok
HRV,source,categories.research.sources[3],https://health.ec.europa.eu/ehealth-digital-health-and-care/european-health-data-space-regulation-ehds_en,ok,200,,https://health.ec.europa.eu/ehealth-digital-health-and-care/european-health-data-space-regulation-ehds_en,,31,2026-10-01T15:29Z,,,,,ok
HRV,source,categories.ai.sources[0],https://mpudt.gov.hr/vijesti/objavljen-popis-nadleznih-tijela-sukladno-uredbi-o-umjetnoj-inteligenciji/29657?lang=hr,ok,200,,https://mpudt.gov.hr/vijesti/objavljen-popis-nadleznih-tijela-sukladno-uredbi-o-umjetnoj-inteligenciji/29657?lang=hr,,1,2026-10-01T15:29Z,,,,,ok
HRV,source,categories.ai.sources[1],https://financije.hr/hrvatska-priprema-zakonski-okvir-za-nadzor-primjene-umjetne-inteligencije/,ok,200,,https://financije.hr/hrvatska-priprema-zakonski-okvir-za-nadzor-primjene-umjetne-inteligencije/,,1,2026-10-01T15:29Z,,,,,ok
HRV,source,categories.ai.sources[2],https://digital-strategy.ec.europa.eu/en/policies/regulatory-framework-ai,ok,200,,https://digital-strategy.ec.europa.eu/en/policies/regulatory-framework-ai,,10,2026-10-01T15:29Z,,,,,ok
HRV,law,laws[0],https://narodne-novine.nn.hr/clanci/sluzbeni/full/2019_02_14_269.html,ok,200,,https://narodne-novine.nn.hr/clanci/sluzbeni/full/2019_02_14_269.html,,2,2026-10-01T15:29Z,,,,,ok
HRV,law,laws[1],https://narodne-novine.nn.hr/clanci/sluzbeni/full/2004_12_169_2953.html,ok,200,,https://narodne-novine.nn.hr/clanci/sluzbeni/full/2004_12_169_2953.html,,3,2026-10-01T15:29Z,,,,,ok
HRV,law,laws[2],https://narodne-novine.nn.hr/clanci/sluzbeni/2023_07_74_1210.html,ok,200,,https://narodne-novine.nn.hr/clanci/sluzbeni/2023_07_74_1210.html,,4,2026-10-01T15:29Z,,,,,ok
HRV,law,laws[3],https://narodne-novine.nn.hr/clanci/sluzbeni/2018_05_42_805.html,ok,200,,https://narodne-novine.nn.hr/clanci/sluzbeni/2018_05_42_805.html,,2,2026-10-01T15:29Z,,,,,ok
HRV,law,laws[4],https://eur-lex.europa.eu/eli/reg/2016/679/oj/eng,ok,202,,https://eur-lex.europa.eu/eli/reg/2016/679/oj/eng,,19,2026-10-01T15:29Z,,,,,ok
HRV,law,laws[5],https://eur-lex.europa.eu/eli/reg/2025/327/oj/eng,ok,202,,https://eur-lex.europa.eu/eli/reg/2025/327/oj/eng,,17,2026-10-01T15:29Z,,,,,ok
HRV,law,laws[6],https://eur-lex.europa.eu/eli/reg/2024/1689/oj/eng,ok,202,,https://eur-lex.europa.eu/eli/reg/2024/1689/oj/eng,,3,2026-10-01T15:29Z,,,,,ok
HRV,news,news[0],https://www.bug.hr/propisi/bili-zrtvom-ransomware-napada-a-onda-ih-kaznio-i-azop-54285,ok,200,,https://www.bug.hr/propisi/bili-zrtvom-ransomware-napada-a-onda-ih-kaznio-i-azop-54285,,1,2026-10-01T15:29Z,,,,,ok
HRV,news,news[1],https://www.telegram.hr/politika-kriminal/hdz-ova-ministrica-u-2026-uvjerava-gradane-da-ce-digitalizacija-reformirati-zdravstvo/,ok,200,,https://www.telegram.hr/politika-kriminal/hdz-ova-ministrica-u-2026-uvjerava-gradane-da-ce-digitalizacija-reformirati-zdravstvo/,,1,2026-10-01T15:29Z,,,,,ok
HRV,news,news[2],https://www.glas-slavonije.hr/novosti/hrvatska/2026/06/09/hakirano-i-ministarstvo-zdravstva-767983/,ok,200,,https://www.glas-slavonije.hr/novosti/hrvatska/2026/06/09/hakirano-i-ministarstvo-zdravstva-767983/,,1,2026-10-01T15:29Z,,,,,ok
HRV,news,news[3],https://www.glas-slavonije.hr/novosti/hrvatska/2026/08/13/rok-za-prikljucivanje-produljen-nalazi-privatnih-lijecnika-tek-od-1-sijecnja-iduce-godine-u-cezih-u-779594/,ok,200,,https://www.glas-slavonije.hr/novosti/hrvatska/2026/08/13/rok-za-prikljucivanje-produljen-nalazi-privatnih-lijecnika-tek-od-1-sijecnja-iduce-godine-u-cezih-u-779594/,,3,2026-10-01T15:29Z,,,,,ok
HRV,news,news[4],https://dulist.hr/srpski-hakeri-objavili-na-tisuce-osjetljivih-zdravstvenih-zapisa-hrvata/1040640,ok,200,,https://dulist.hr/srpski-hakeri-objavili-na-tisuce-osjetljivih-zdravstvenih-zapisa-hrvata/1040640/,,1,2026-10-01T15:29Z,,,,,ok
HUN,source,categories.access.sources[0],https://e-egeszsegugy.gov.hu/en/lakossagi-szolgaltatasok,error,,,https://e-egeszsegugy.gov.hu/en/lakossagi-szolgaltatasok,ConnectError,2,2026-10-01T15:29Z,ok,200,,2026-10-01T15:46Z,ok
HUN,source,categories.access.sources[1],https://net.jogtar.hu/jogszabaly?docid=99700154.tv,ok,200,,https://net.jogtar.hu/jogszabaly?docid=99700154.tv,,2,2026-10-01T15:29Z,,,,,ok
HUN,source,categories.access.sources[2],https://ec.europa.eu/newsroom/dae/redirection/document/116912,ok,200,,https://ec.europa.eu/newsroom/dae/redirection/document/116912,,1,2026-10-01T15:29Z,,,,,ok
HUN,source,categories.access.sources[3],https://www.vg.hu/vilaggazdasag-magyar-gazdasag/2025/11/e-egeszsegugy-magyarorszag-egeszsegablak-eeszt-rekord,ok,200,,https://www.vg.hu/vilaggazdasag-magyar-gazdasag/2025/11/e-egeszsegugy-magyarorszag-egeszsegablak-eeszt-rekord,,3,2026-10-01T15:29Z,,,,,ok
HUN,source,categories.control.sources[0],https://e-egeszsegugy.gov.hu/en/onrendelkezes,error,,,https://e-egeszsegugy.gov.hu/en/onrendelkezes,ConnectError,2,2026-10-01T15:29Z,ok,200,,2026-10-01T15:46Z,ok
HUN,source,categories.control.sources[1],https://e-egeszsegugy.gov.hu/en/onrendelkezes-gyik,error,,,https://e-egeszsegugy.gov.hu/en/onrendelkezes-gyik,ConnectError,3,2026-10-01T15:29Z,ok,200,,2026-10-01T15:46Z,ok
HUN,source,categories.control.sources[2],https://www.tisztessegesadatkezeles.org/2025/08/az-onrendelkezesi-beallitasok-tipusai-az-eeszt-ben/,ok,200,,https://www.tisztessegesadatkezeles.org/2025/08/az-onrendelkezesi-beallitasok-tipusai-az-eeszt-ben/,,1,2026-10-01T15:29Z,,,,,ok
HUN,source,categories.privacy.sources[0],https://www.naih.hu/hatarozatok-vegzesek?download=570%3Aegeszsegugyi-dokumentacio-masolatanak-kiadasa,ok,200,,https://www.naih.hu/hatarozatok-vegzesek?download=570%3Aegeszsegugyi-dokumentacio-masolatanak-kiadasa,,1,2026-10-01T15:29Z,,,,,ok
HUN,source,categories.privacy.sources[1],https://net.jogtar.hu/jogszabaly?docid=99700047.tv,ok,200,,https://net.jogtar.hu/jogszabaly?docid=99700047.tv,,6,2026-10-01T15:29Z,,,,,ok
HUN,source,categories.privacy.sources[2],https://e-egeszsegugy.gov.hu/en/onrendelkezes-gyik,error,,,https://e-egeszsegugy.gov.hu/en/onrendelkezes-gyik,ConnectError,3,2026-10-01T15:29Z,ok,200,,2026-10-01T15:46Z,ok
HUN,source,categories.privacy.sources[3],https://dmp.hu/en/data-protection/analysis-of-the-naih-2024-cases-with-fines/,ok,200,,https://dmp.hu/en/data-protection/analysis-of-the-naih-2024-cases-with-fines/,,1,2026-10-01T15:29Z,,,,,ok
HUN,source,categories.commercial.sources[0],https://net.jogtar.hu/jogszabaly?docid=a2300101.tv,ok,200,,https://net.jogtar.hu/jogszabaly?docid=a2300101.tv,,2,2026-10-01T15:29Z,,,,,ok
HUN,source,categories.commercial.sources[1],https://net.jogtar.hu/jogszabaly?docid=99700047.tv,ok,200,,https://net.jogtar.hu/jogszabaly?docid=99700047.tv,,6,2026-10-01T15:29Z,,,,,ok
HUN,source,categories.commercial.sources[2],https://health.ec.europa.eu/ehealth-digital-health-and-care/european-health-data-space-regulation-ehds_en,ok,200,,https://health.ec.europa.eu/ehealth-digital-health-and-care/european-health-data-space-regulation-ehds_en,,31,2026-10-01T15:29Z,,,,,ok
HUN,source,categories.journey.sources[0],https://e-egeszsegugy.gov.hu/en/lakossagi-szolgaltatasok,error,,,https://e-egeszsegugy.gov.hu/en/lakossagi-szolgaltatasok,ConnectError,2,2026-10-01T15:29Z,ok,200,,2026-10-01T15:46Z,ok
HUN,source,categories.journey.sources[1],https://net.jogtar.hu/jogszabaly?docid=99700047.tv,ok,200,,https://net.jogtar.hu/jogszabaly?docid=99700047.tv,,6,2026-10-01T15:29Z,,,,,ok
HUN,source,categories.journey.sources[2],https://jogkoveto.hu/tudastar/bovul-az-eeszt-ben-rogzitendo-adatok-kore,ok,200,,https://jogkoveto.hu/tudastar/bovul-az-eeszt-ben-rogzitendo-adatok-kore,,2,2026-10-01T15:29Z,,,,,ok
HUN,source,categories.journey.sources[3],https://www.vg.hu/vilaggazdasag-magyar-gazdasag/2025/11/e-egeszsegugy-magyarorszag-egeszsegablak-eeszt-rekord,ok,200,,https://www.vg.hu/vilaggazdasag-magyar-gazdasag/2025/11/e-egeszsegugy-magyarorszag-egeszsegablak-eeszt-rekord,,3,2026-10-01T15:29Z,,,,,ok
HUN,source,categories.clinical.sources[0],https://e-egeszsegugy.gov.hu/en/onrendelkezes-gyik,error,,,https://e-egeszsegugy.gov.hu/en/onrendelkezes-gyik,ConnectError,3,2026-10-01T15:29Z,ok,200,,2026-10-01T15:46Z,ok
HUN,source,categories.clinical.sources[1],https://e-egeszsegugy.gov.hu/en/onrendelkezes,error,,,https://e-egeszsegugy.gov.hu/en/onrendelkezes,ConnectError,2,2026-10-01T15:29Z,ok,200,,2026-10-01T15:46Z,ok
HUN,source,categories.clinical.sources[2],https://net.jogtar.hu/jogszabaly?docid=99700047.tv,ok,200,,https://net.jogtar.hu/jogszabaly?docid=99700047.tv,,6,2026-10-01T15:29Z,,,,,ok
HUN,source,categories.research.sources[0],https://net.jogtar.hu/jogszabaly?docid=99700047.tv,ok,200,,https://net.jogtar.hu/jogszabaly?docid=99700047.tv,,6,2026-10-01T15:29Z,,,,,ok
HUN,source,categories.research.sources[1],https://health.ec.europa.eu/ehealth-digital-health-and-care/european-health-data-space-regulation-ehds_en,ok,200,,https://health.ec.europa.eu/ehealth-digital-health-and-care/european-health-data-space-regulation-ehds_en,,31,2026-10-01T15:29Z,,,,,ok
HUN,source,categories.ai.sources[0],https://net.jogtar.hu/jogszabaly?docid=a2500075.tv,ok,200,,https://net.jogtar.hu/jogszabaly?docid=a2500075.tv,,2,2026-10-01T15:29Z,,,,,ok
HUN,source,categories.ai.sources[1],https://gdpr.blog.hu/2025/11/05/az_eu_mesterseges_intelligencia_rendeletenek_vegrehajtasa_magyarorszagon,ok,200,,https://gdpr.blog.hu/2025/11/05/az_eu_mesterseges_intelligencia_rendeletenek_vegrehajtasa_magyarorszagon,,1,2026-10-01T15:29Z,,,,,ok
HUN,source,categories.ai.sources[2],https://www.vg.hu/vilaggazdasag-magyar-gazdasag/2025/11/mesterseges-intelligencia-torveny-magyarorszag-kormany,ok,200,,https://www.vg.hu/vilaggazdasag-magyar-gazdasag/2025/11/mesterseges-intelligencia-torveny-magyarorszag-kormany,,2,2026-10-01T15:29Z,,,,,ok
HUN,law,laws[0],https://net.jogtar.hu/jogszabaly?docid=99700154.tv,ok,200,,https://net.jogtar.hu/jogszabaly?docid=99700154.tv,,2,2026-10-01T15:29Z,,,,,ok
HUN,law,laws[1],https://net.jogtar.hu/jogszabaly?docid=99700047.tv,ok,200,,https://net.jogtar.hu/jogszabaly?docid=99700047.tv,,6,2026-10-01T15:29Z,,,,,ok
HUN,law,laws[2],https://net.jogtar.hu/jogszabaly?docid=a1600039.emm,ok,200,,https://net.jogtar.hu/jogszabaly?docid=a1600039.emm,,1,2026-10-01T15:29Z,,,,,ok
HUN,law,laws[3],https://net.jogtar.hu/jogszabaly?docid=a2300101.tv,ok,200,,https://net.jogtar.hu/jogszabaly?docid=a2300101.tv,,2,2026-10-01T15:29Z,,,,,ok
HUN,law,laws[4],https://net.jogtar.hu/jogszabaly?docid=a2500075.tv,ok,200,,https://net.jogtar.hu/jogszabaly?docid=a2500075.tv,,2,2026-10-01T15:29Z,,,,,ok
HUN,law,laws[5],https://health.ec.europa.eu/ehealth-digital-health-and-care/european-health-data-space-regulation-ehds_en,ok,200,,https://health.ec.europa.eu/ehealth-digital-health-and-care/european-health-data-space-regulation-ehds_en,,31,2026-10-01T15:29Z,,,,,ok
HUN,news,news[0],https://www.vg.hu/vilaggazdasag-magyar-gazdasag/2025/11/mesterseges-intelligencia-torveny-magyarorszag-kormany,ok,200,,https://www.vg.hu/vilaggazdasag-magyar-gazdasag/2025/11/mesterseges-intelligencia-torveny-magyarorszag-kormany,,2,2026-10-01T15:29Z,,,,,ok
HUN,news,news[1],https://www.vg.hu/vilaggazdasag-magyar-gazdasag/2025/11/e-egeszsegugy-magyarorszag-egeszsegablak-eeszt-rekord,ok,200,,https://www.vg.hu/vilaggazdasag-magyar-gazdasag/2025/11/e-egeszsegugy-magyarorszag-egeszsegablak-eeszt-rekord,,3,2026-10-01T15:29Z,,,,,ok
HUN,news,news[2],https://www.penzcentrum.hu/egeszseg/20251224/itt-van-mi-valtozik-2026-ban-az-eeszt-ben-nagyon-fontos-modositas-keszul-rengeteg-magyart-erint-1190916,ok,200,,https://www.penzcentrum.hu/egeszseg/20251224/itt-van-mi-valtozik-2026-ban-az-eeszt-ben-nagyon-fontos-modositas-keszul-rengeteg-magyart-erint-1190916,,1,2026-10-01T15:29Z,,,,,ok
HUN,news,news[3],https://jogkoveto.hu/tudastar/bovul-az-eeszt-ben-rogzitendo-adatok-kore,ok,200,,https://jogkoveto.hu/tudastar/bovul-az-eeszt-ben-rogzitendo-adatok-kore,,2,2026-10-01T15:29Z,,,,,ok
HUN,news,news[4],https://ictglobal.hu/kormanyzati-informatika/digitalis-igazolas-okosabb-eeszt-elektronikus-lazlap-lezarult-az-egeszsegugy-44-milliardos-digitalizacios-projektje/,ok,200,,https://ictglobal.hu/uncategorized/digitalis-igazolas-okosabb-eeszt-elektronikus-lazlap-lezarult-az-egeszsegugy-44-milliardos-digitalizacios-projektje/,,1,2026-10-01T15:29Z,,,,,ok
IDN,source,categories.access.sources[0],https://keslan.kemkes.go.id/unduhan/fileunduhan_1662611251_882318.pdf,ok,200,,https://keslan.kemkes.go.id/unduhan/fileunduhan_1662611251_882318.pdf,,6,2026-10-01T15:29Z,,,,,ok
IDN,source,categories.access.sources[1],https://www.kemkes.go.id/id/kemenkes-luncurkan-satusehat-rme-rekam-medis-pasien-terintegrasi-secara-nasional,ok,200,,https://www.kemkes.go.id/id/kemenkes-luncurkan-satusehat-rme-rekam-medis-pasien-terintegrasi-secara-nasional,,4,2026-10-01T15:29Z,,,,,ok
IDN,source,categories.access.sources[2],https://koran-jakarta.com/2026-08-05/satusehat-diperbarui-masyarakat-bisa-cek-data-kesehatan-pribadi,dead,404,,https://koran-jakarta.com/2026-08-05/satusehat-diperbarui-masyarakat-bisa-cek-data-kesehatan-pribadi,,3,2026-10-01T15:29Z,ok,200,,2026-10-01T15:46Z,ok
IDN,source,categories.control.sources[0],https://www.kemkes.go.id/id/kemenkes-luncurkan-satusehat-rme-rekam-medis-pasien-terintegrasi-secara-nasional,ok,200,,https://www.kemkes.go.id/id/kemenkes-luncurkan-satusehat-rme-rekam-medis-pasien-terintegrasi-secara-nasional,,4,2026-10-01T15:29Z,,,,,ok
IDN,source,categories.control.sources[1],https://observerid.com/satusehat-emr-for-nationally-integrated-patient-medical-records/,ok,200,,https://observerid.com/satusehat-emr-for-nationally-integrated-patient-medical-records/,,2,2026-10-01T15:29Z,,,,,ok
IDN,source,categories.control.sources[2],https://keslan.kemkes.go.id/unduhan/fileunduhan_1662611251_882318.pdf,ok,200,,https://keslan.kemkes.go.id/unduhan/fileunduhan_1662611251_882318.pdf,,6,2026-10-01T15:29Z,,,,,ok
IDN,source,categories.control.sources[3],https://www.dlapiperdataprotection.com/?t=law&c=ID,ok,200,,https://www.dlapiperdataprotection.com/?t=law&c=ID,,4,2026-10-01T15:29Z,,,,,ok
IDN,source,categories.privacy.sources[0],https://www.dlapiperdataprotection.com/?t=law&c=ID,ok,200,,https://www.dlapiperdataprotection.com/?t=law&c=ID,,4,2026-10-01T15:29Z,,,,,ok
IDN,source,categories.privacy.sources[1],https://www.ahp.id/clientalert/AHPClientUpdate-11March2026.pdf,ok,200,,https://www.ahp.id/clientalert/AHPClientUpdate-11March2026.pdf,,3,2026-10-01T15:29Z,,,,,ok
IDN,source,categories.privacy.sources[2],https://www.hlc.com/en/publications/indonesias-personal-data-protection-law-implementing-regulation-arrives-quietly,ok,200,,https://www.hlc.com/en/publications/indonesias-personal-data-protection-law-implementing-regulation-arrives-quietly,,4,2026-10-01T15:29Z,,,,,ok
IDN,source,categories.privacy.sources[3],https://en.antaranews.com/news/195925/ministry-to-issue-decision-on-bpjs-data-leak-soon,ok,200,,https://en.antaranews.com/news/195925/ministry-to-issue-decision-on-bpjs-data-leak-soon,,1,2026-10-01T15:29Z,,,,,ok
IDN,source,categories.commercial.sources[0],https://www.dlapiperdataprotection.com/?t=law&c=ID,ok,200,,https://www.dlapiperdataprotection.com/?t=law&c=ID,,4,2026-10-01T15:29Z,,,,,ok
IDN,source,categories.commercial.sources[1],https://www.hlc.com/en/publications/indonesias-personal-data-protection-law-implementing-regulation-arrives-quietly,ok,200,,https://www.hlc.com/en/publications/indonesias-personal-data-protection-law-implementing-regulation-arrives-quietly,,4,2026-10-01T15:29Z,,,,,ok
IDN,source,categories.commercial.sources[2],https://www.ahp.id/clientalert/AHPClientUpdate-11March2026.pdf,ok,200,,https://www.ahp.id/clientalert/AHPClientUpdate-11March2026.pdf,,3,2026-10-01T15:29Z,,,,,ok
IDN,source,categories.journey.sources[0],https://technode.global/2026/04/09/indonesia-will-advance-healthcare-outcomes-with-value-based-digital-health-bmi/,ok,200,,https://technode.global/2026/04/09/indonesia-will-advance-healthcare-outcomes-with-value-based-digital-health-bmi/,,1,2026-10-01T15:29Z,,,,,ok
IDN,source,categories.journey.sources[1],https://www.cnbcindonesia.com/lifestyle/20260901115240-33-763946/berobat-tak-perlu-lagi-bawa-berkas-sekarang-ada-satusehat-rme,ok,200,,https://www.cnbcindonesia.com/lifestyle/20260901115240-33-763946/berobat-tak-perlu-lagi-bawa-berkas-sekarang-ada-satusehat-rme,,1,2026-10-01T15:29Z,,,,,ok
IDN,source,categories.journey.sources[2],https://koran-jakarta.com/2026-08-05/satusehat-diperbarui-masyarakat-bisa-cek-data-kesehatan-pribadi,dead,404,,https://koran-jakarta.com/2026-08-05/satusehat-diperbarui-masyarakat-bisa-cek-data-kesehatan-pribadi,,3,2026-10-01T15:29Z,ok,200,,2026-10-01T15:46Z,ok
IDN,source,categories.journey.sources[3],https://keslan.kemkes.go.id/unduhan/fileunduhan_1662611251_882318.pdf,ok,200,,https://keslan.kemkes.go.id/unduhan/fileunduhan_1662611251_882318.pdf,,6,2026-10-01T15:29Z,,,,,ok
IDN,source,categories.clinical.sources[0],https://www.kemkes.go.id/id/kemenkes-luncurkan-satusehat-rme-rekam-medis-pasien-terintegrasi-secara-nasional,ok,200,,https://www.kemkes.go.id/id/kemenkes-luncurkan-satusehat-rme-rekam-medis-pasien-terintegrasi-secara-nasional,,4,2026-10-01T15:29Z,,,,,ok
IDN,source,categories.clinical.sources[1],https://observerid.com/satusehat-emr-for-nationally-integrated-patient-medical-records/,ok,200,,https://observerid.com/satusehat-emr-for-nationally-integrated-patient-medical-records/,,2,2026-10-01T15:29Z,,,,,ok
IDN,source,categories.clinical.sources[2],https://keslan.kemkes.go.id/unduhan/fileunduhan_1662611251_882318.pdf,ok,200,,https://keslan.kemkes.go.id/unduhan/fileunduhan_1662611251_882318.pdf,,6,2026-10-01T15:29Z,,,,,ok
IDN,source,categories.research.sources[0],https://keslan.kemkes.go.id/unduhan/fileunduhan_1662611251_882318.pdf,ok,200,,https://keslan.kemkes.go.id/unduhan/fileunduhan_1662611251_882318.pdf,,6,2026-10-01T15:29Z,,,,,ok
IDN,source,categories.research.sources[1],https://keslan.kemkes.go.id/read/3798/kemenkes-dorong-pengembangan-ekosistem-ai-kesehatan-yang-aman-adil-dan-bertanggung-jawab,ok,200,,https://keslan.kemkes.go.id/read/3798/kemenkes-dorong-pengembangan-ekosistem-ai-kesehatan-yang-aman-adil-dan-bertanggung-jawab,,3,2026-10-01T15:29Z,,,,,ok
IDN,source,categories.ai.sources[0],https://www.hbtlaw.com/insights/2026-03/the-regulatory-pulse-of-indonesian-healthcare-ai,blocked_unverified,403,403,https://www.hbtlaw.com/insights/2026-03/the-regulatory-pulse-of-indonesian-healthcare-ai,,3,2026-10-01T15:29Z,blocked_unverified,403,,2026-10-01T15:46Z,blocked_unverified
IDN,source,categories.ai.sources[1],https://keslan.kemkes.go.id/read/3798/kemenkes-dorong-pengembangan-ekosistem-ai-kesehatan-yang-aman-adil-dan-bertanggung-jawab,ok,200,,https://keslan.kemkes.go.id/read/3798/kemenkes-dorong-pengembangan-ekosistem-ai-kesehatan-yang-aman-adil-dan-bertanggung-jawab,,3,2026-10-01T15:29Z,,,,,ok
IDN,law,laws[0],https://www.dlapiperdataprotection.com/?t=law&c=ID,ok,200,,https://www.dlapiperdataprotection.com/?t=law&c=ID,,4,2026-10-01T15:29Z,,,,,ok
IDN,law,laws[1],https://www.hlc.com/en/publications/indonesias-personal-data-protection-law-implementing-regulation-arrives-quietly,ok,200,,https://www.hlc.com/en/publications/indonesias-personal-data-protection-law-implementing-regulation-arrives-quietly,,4,2026-10-01T15:29Z,,,,,ok
IDN,law,laws[2],https://keslan.kemkes.go.id/unduhan/fileunduhan_1662611251_882318.pdf,ok,200,,https://keslan.kemkes.go.id/unduhan/fileunduhan_1662611251_882318.pdf,,6,2026-10-01T15:29Z,,,,,ok
IDN,law,laws[3],https://www.hbtlaw.com/insights/2026-03/the-regulatory-pulse-of-indonesian-healthcare-ai,blocked_unverified,403,403,https://www.hbtlaw.com/insights/2026-03/the-regulatory-pulse-of-indonesian-healthcare-ai,,3,2026-10-01T15:29Z,blocked_unverified,403,,2026-10-01T15:46Z,blocked_unverified
IDN,law,laws[4],https://www.hbtlaw.com/insights/2026-03/the-regulatory-pulse-of-indonesian-healthcare-ai,blocked_unverified,403,403,https://www.hbtlaw.com/insights/2026-03/the-regulatory-pulse-of-indonesian-healthcare-ai,,3,2026-10-01T15:29Z,blocked_unverified,403,,2026-10-01T15:46Z,blocked_unverified
IDN,news,news[0],https://www.kemkes.go.id/id/kemenkes-luncurkan-satusehat-rme-rekam-medis-pasien-terintegrasi-secara-nasional,ok,200,,https://www.kemkes.go.id/id/kemenkes-luncurkan-satusehat-rme-rekam-medis-pasien-terintegrasi-secara-nasional,,4,2026-10-01T15:29Z,,,,,ok
IDN,news,news[1],https://koran-jakarta.com/2026-08-05/satusehat-diperbarui-masyarakat-bisa-cek-data-kesehatan-pribadi,dead,404,,https://koran-jakarta.com/2026-08-05/satusehat-diperbarui-masyarakat-bisa-cek-data-kesehatan-pribadi,,3,2026-10-01T15:29Z,ok,200,,2026-10-01T15:46Z,ok
IDN,news,news[2],https://www.hlc.com/en/publications/indonesias-personal-data-protection-law-implementing-regulation-arrives-quietly,ok,200,,https://www.hlc.com/en/publications/indonesias-personal-data-protection-law-implementing-regulation-arrives-quietly,,4,2026-10-01T15:29Z,,,,,ok
IDN,news,news[3],https://keslan.kemkes.go.id/read/3798/kemenkes-dorong-pengembangan-ekosistem-ai-kesehatan-yang-aman-adil-dan-bertanggung-jawab,ok,200,,https://keslan.kemkes.go.id/read/3798/kemenkes-dorong-pengembangan-ekosistem-ai-kesehatan-yang-aman-adil-dan-bertanggung-jawab,,3,2026-10-01T15:29Z,,,,,ok
IDN,news,news[4],https://www.ahp.id/clientalert/AHPClientUpdate-11March2026.pdf,ok,200,,https://www.ahp.id/clientalert/AHPClientUpdate-11March2026.pdf,,3,2026-10-01T15:29Z,,,,,ok
IND,source,categories.access.sources[0],https://www.nmc.org.in/rules-regulations/code-of-medical-ethics-regulations-2002/,dead,404,,https://nmc.org.in/rules-regulations/code-of-medical-ethics-regulations-2002,,2,2026-10-01T15:29Z,dead,404,,2026-10-01T15:46Z,dead
IND,source,categories.access.sources[1],https://static.pib.gov.in/WriteReadData/specificdocs/documents/2026/jul/doc202676912801.pdf,ok,200,,https://static.pib.gov.in/WriteReadData/specificdocs/documents/2026/jul/doc202676912801.pdf,,7,2026-10-01T15:29Z,,,,,ok
IND,source,categories.access.sources[2],https://www.pib.gov.in/PressReleasePage.aspx?PRID=2190655&reg=48&lang=2,blocked_unverified,401,,https://www.pib.gov.in/PressReleasePage.aspx?PRID=2190655&reg=48&lang=2,,4,2026-10-01T15:29Z,ok,200,,2026-10-01T15:46Z,ok
IND,source,categories.control.sources[0],https://static.pib.gov.in/WriteReadData/specificdocs/documents/2026/jul/doc202676912801.pdf,ok,200,,https://static.pib.gov.in/WriteReadData/specificdocs/documents/2026/jul/doc202676912801.pdf,,7,2026-10-01T15:29Z,,,,,ok
IND,source,categories.control.sources[1],https://www.pib.gov.in/PressReleasePage.aspx?PRID=2264241&reg=3&lang=1,blocked_unverified,401,,https://www.pib.gov.in/PressReleasePage.aspx?PRID=2264241&reg=3&lang=1,,4,2026-10-01T15:29Z,ok,200,,2026-10-01T15:46Z,ok
IND,source,categories.control.sources[2],https://www.pib.gov.in/PressReleasePage.aspx?PRID=2190014&reg=3&lang=2,blocked_unverified,401,,https://www.pib.gov.in/PressReleasePage.aspx?PRID=2190014&reg=3&lang=2,,4,2026-10-01T15:29Z,ok,200,,2026-10-01T15:46Z,ok
IND,source,categories.privacy.sources[0],https://www.pib.gov.in/PressReleasePage.aspx?PRID=2190655&reg=48&lang=2,blocked_unverified,401,,https://www.pib.gov.in/PressReleasePage.aspx?PRID=2190655&reg=48&lang=2,,4,2026-10-01T15:29Z,ok,200,,2026-10-01T15:46Z,ok
IND,source,categories.privacy.sources[1],https://www.pib.gov.in/PressReleasePage.aspx?PRID=2190014&reg=3&lang=2,blocked_unverified,401,,https://www.pib.gov.in/PressReleasePage.aspx?PRID=2190014&reg=3&lang=2,,4,2026-10-01T15:29Z,ok,200,,2026-10-01T15:46Z,ok
IND,source,categories.commercial.sources[0],https://www.pib.gov.in/PressReleasePage.aspx?PRID=2190655&reg=48&lang=2,blocked_unverified,401,,https://www.pib.gov.in/PressReleasePage.aspx?PRID=2190655&reg=48&lang=2,,4,2026-10-01T15:29Z,ok,200,,2026-10-01T15:46Z,ok
IND,source,categories.commercial.sources[1],https://static.pib.gov.in/WriteReadData/specificdocs/documents/2026/jul/doc202676912801.pdf,ok,200,,https://static.pib.gov.in/WriteReadData/specificdocs/documents/2026/jul/doc202676912801.pdf,,7,2026-10-01T15:29Z,,,,,ok
IND,source,categories.journey.sources[0],https://www.pib.gov.in/PressReleasePage.aspx?PRID=2264241&reg=3&lang=1,blocked_unverified,401,,https://www.pib.gov.in/PressReleasePage.aspx?PRID=2264241&reg=3&lang=1,,4,2026-10-01T15:29Z,ok,200,,2026-10-01T15:46Z,ok
IND,source,categories.journey.sources[1],https://static.pib.gov.in/WriteReadData/specificdocs/documents/2026/jul/doc202676912801.pdf,ok,200,,https://static.pib.gov.in/WriteReadData/specificdocs/documents/2026/jul/doc202676912801.pdf,,7,2026-10-01T15:29Z,,,,,ok
IND,source,categories.clinical.sources[0],https://www.pib.gov.in/PressReleasePage.aspx?PRID=2264241&reg=3&lang=1,blocked_unverified,401,,https://www.pib.gov.in/PressReleasePage.aspx?PRID=2264241&reg=3&lang=1,,4,2026-10-01T15:29Z,ok,200,,2026-10-01T15:46Z,ok
IND,source,categories.clinical.sources[1],https://static.pib.gov.in/WriteReadData/specificdocs/documents/2026/jul/doc202676912801.pdf,ok,200,,https://static.pib.gov.in/WriteReadData/specificdocs/documents/2026/jul/doc202676912801.pdf,,7,2026-10-01T15:29Z,,,,,ok
IND,source,categories.research.sources[0],https://static.pib.gov.in/WriteReadData/specificdocs/documents/2026/jul/doc202676912801.pdf,ok,200,,https://static.pib.gov.in/WriteReadData/specificdocs/documents/2026/jul/doc202676912801.pdf,,7,2026-10-01T15:29Z,,,,,ok
IND,source,categories.ai.sources[0],https://www.business-standard.com/industry/news/cdsco-draft-guidelines-medical-device-software-regulation-ai-ml-125102200764_1.html,ok,200,,https://www.business-standard.com/industry/news/cdsco-draft-guidelines-medical-device-software-regulation-ai-ml-125102200764_1.html,,3,2026-10-01T15:29Z,,,,,ok
IND,source,categories.ai.sources[1],https://www.businesslawchamber.com/blogs/articles/1431338-cdsco-issues-draft-guidance-on-medical-device-software-clarity-for-samd-and-simd-developers,ok,200,,https://www.businesslawchamber.com/blogs/articles/1431338-cdsco-issues-draft-guidance-on-medical-device-software-clarity-for-samd-and-simd-developers,,1,2026-10-01T15:29Z,,,,,ok
IND,law,laws[0],https://www.pib.gov.in/PressReleasePage.aspx?PRID=2190014&reg=3&lang=2,blocked_unverified,401,,https://www.pib.gov.in/PressReleasePage.aspx?PRID=2190014&reg=3&lang=2,,4,2026-10-01T15:29Z,ok,200,,2026-10-01T15:46Z,ok
IND,law,laws[1],https://www.pib.gov.in/PressReleasePage.aspx?PRID=2190655&reg=48&lang=2,blocked_unverified,401,,https://www.pib.gov.in/PressReleasePage.aspx?PRID=2190655&reg=48&lang=2,,4,2026-10-01T15:29Z,ok,200,,2026-10-01T15:46Z,ok
IND,law,laws[2],https://www.nmc.org.in/rules-regulations/code-of-medical-ethics-regulations-2002/,dead,404,,https://nmc.org.in/rules-regulations/code-of-medical-ethics-regulations-2002,,2,2026-10-01T15:29Z,dead,404,,2026-10-01T15:46Z,dead
IND,law,laws[3],https://www.business-standard.com/industry/news/cdsco-draft-guidelines-medical-device-software-regulation-ai-ml-125102200764_1.html,ok,200,,https://www.business-standard.com/industry/news/cdsco-draft-guidelines-medical-device-software-regulation-ai-ml-125102200764_1.html,,3,2026-10-01T15:29Z,,,,,ok
IND,news,news[0],https://static.pib.gov.in/WriteReadData/specificdocs/documents/2026/jul/doc202676912801.pdf,ok,200,,https://static.pib.gov.in/WriteReadData/specificdocs/documents/2026/jul/doc202676912801.pdf,,7,2026-10-01T15:29Z,,,,,ok
IND,news,news[1],https://www.pib.gov.in/PressReleasePage.aspx?PRID=2264241&reg=3&lang=1,blocked_unverified,401,,https://www.pib.gov.in/PressReleasePage.aspx?PRID=2264241&reg=3&lang=1,,4,2026-10-01T15:29Z,ok,200,,2026-10-01T15:46Z,ok
IND,news,news[2],https://www.pib.gov.in/PressReleasePage.aspx?PRID=2190014&reg=3&lang=2,blocked_unverified,401,,https://www.pib.gov.in/PressReleasePage.aspx?PRID=2190014&reg=3&lang=2,,4,2026-10-01T15:29Z,ok,200,,2026-10-01T15:46Z,ok
IND,news,news[3],https://www.business-standard.com/industry/news/cdsco-draft-guidelines-medical-device-software-regulation-ai-ml-125102200764_1.html,ok,200,,https://www.business-standard.com/industry/news/cdsco-draft-guidelines-medical-device-software-regulation-ai-ml-125102200764_1.html,,3,2026-10-01T15:29Z,,,,,ok
IRL,source,categories.access.sources[0],https://ca.news.yahoo.com/digital-health-across-europe-country-060207201.html,ok,200,,https://ca.news.yahoo.com/digital-health-across-europe-country-060207201.html,,8,2026-10-01T15:29Z,,,,,ok
IRL,source,categories.access.sources[1],https://www.rte.ie/news/2026/0513/1573052-hse-medical-records/,ok,200,,https://www.rte.ie/news/2026/0513/1573052-hse-medical-records/,,5,2026-10-01T15:29Z,,,,,ok
IRL,source,categories.access.sources[2],https://www.citizensinformation.ie/en/health/legal-matters-and-health/access-to-medical-records/,ok,200,,https://www.citizensinformation.ie/en/health/legal-matters-and-health/access-to-medical-records/,,3,2026-10-01T15:29Z,,,,,ok
IRL,source,categories.control.sources[0],https://www.irishstatutebook.ie/eli/2026/act/10/enacted/en/index.html,ok,200,,https://www.irishstatutebook.ie/eli/2026/act/10/enacted/en/index.html,,4,2026-10-01T15:29Z,,,,,ok
IRL,source,categories.control.sources[1],https://www.rte.ie/news/2026/0513/1573052-hse-medical-records/,ok,200,,https://www.rte.ie/news/2026/0513/1573052-hse-medical-records/,,5,2026-10-01T15:29Z,,,,,ok
IRL,source,categories.privacy.sources[0],https://hrcdc.ie/who-we-are/,ok,200,,https://hrcdc.ie/who-we-are/,,4,2026-10-01T15:29Z,,,,,ok
IRL,source,categories.privacy.sources[1],https://www.citizensinformation.ie/en/health/legal-matters-and-health/access-to-medical-records/,ok,200,,https://www.citizensinformation.ie/en/health/legal-matters-and-health/access-to-medical-records/,,3,2026-10-01T15:29Z,,,,,ok
IRL,source,categories.commercial.sources[0],https://hrcdc.ie/who-we-are/,ok,200,,https://hrcdc.ie/who-we-are/,,4,2026-10-01T15:29Z,,,,,ok
IRL,source,categories.commercial.sources[1],https://privatehealthcareawards.ie/news/ireland-has-the-procurement-approval-the-legislation-and-the-timetable-to-close-its-ehr-gap,ok,200,,https://privatehealthcareawards.ie/news/ireland-has-the-procurement-approval-the-legislation-and-the-timetable-to-close-its-ehr-gap,,2,2026-10-01T15:29Z,,,,,ok
IRL,source,categories.journey.sources[0],https://www.rte.ie/news/2026/0513/1573052-hse-medical-records/,ok,200,,https://www.rte.ie/news/2026/0513/1573052-hse-medical-records/,,5,2026-10-01T15:29Z,,,,,ok
IRL,source,categories.journey.sources[1],https://www.computerweekly.com/news/366638746/Ireland-to-procure-national-electronic-health-record,ok,200,,https://www.computerweekly.com/news/366638746/Ireland-to-procure-national-electronic-health-record,,3,2026-10-01T15:29Z,,,,,ok
IRL,source,categories.journey.sources[2],https://privatehealthcareawards.ie/news/ireland-has-the-procurement-approval-the-legislation-and-the-timetable-to-close-its-ehr-gap,ok,200,,https://privatehealthcareawards.ie/news/ireland-has-the-procurement-approval-the-legislation-and-the-timetable-to-close-its-ehr-gap,,2,2026-10-01T15:29Z,,,,,ok
IRL,source,categories.clinical.sources[0],https://www.rte.ie/news/2026/0513/1573052-hse-medical-records/,ok,200,,https://www.rte.ie/news/2026/0513/1573052-hse-medical-records/,,5,2026-10-01T15:29Z,,,,,ok
IRL,source,categories.clinical.sources[1],https://www.irishstatutebook.ie/eli/2026/act/10/enacted/en/index.html,ok,200,,https://www.irishstatutebook.ie/eli/2026/act/10/enacted/en/index.html,,4,2026-10-01T15:29Z,,,,,ok
IRL,source,categories.clinical.sources[2],https://www.computerweekly.com/news/366638746/Ireland-to-procure-national-electronic-health-record,ok,200,,https://www.computerweekly.com/news/366638746/Ireland-to-procure-national-electronic-health-record,,3,2026-10-01T15:29Z,,,,,ok
IRL,source,categories.research.sources[0],https://hrcdc.ie/who-we-are/,ok,200,,https://hrcdc.ie/who-we-are/,,4,2026-10-01T15:29Z,,,,,ok
IRL,source,categories.research.sources[1],https://health.ec.europa.eu/ehealth-digital-health-and-care/european-health-data-space-regulation-ehds_en,ok,200,,https://health.ec.europa.eu/ehealth-digital-health-and-care/european-health-data-space-regulation-ehds_en,,31,2026-10-01T15:29Z,,,,,ok
IRL,source,categories.ai.sources[0],https://www.cuatrecasas.com/en/global/intellectual-property/art/digital-omnibus-ai-has-been-published,ok,200,,https://www.cuatrecasas.com/en/global/intellectual-property/art/digital-omnibus-ai-has-been-published,,23,2026-10-01T15:29Z,,,,,ok
IRL,law,laws[0],https://www.irishstatutebook.ie/eli/2026/act/10/enacted/en/index.html,ok,200,,https://www.irishstatutebook.ie/eli/2026/act/10/enacted/en/index.html,,4,2026-10-01T15:29Z,,,,,ok
IRL,law,laws[1],https://hrcdc.ie/who-we-are/,ok,200,,https://hrcdc.ie/who-we-are/,,4,2026-10-01T15:29Z,,,,,ok
IRL,law,laws[2],https://www.citizensinformation.ie/en/health/legal-matters-and-health/access-to-medical-records/,ok,200,,https://www.citizensinformation.ie/en/health/legal-matters-and-health/access-to-medical-records/,,3,2026-10-01T15:29Z,,,,,ok
IRL,law,laws[3],https://eur-lex.europa.eu/eli/reg/2025/327/oj/eng,ok,202,,https://eur-lex.europa.eu/eli/reg/2025/327/oj/eng,,17,2026-10-01T15:29Z,,,,,ok
IRL,law,laws[4],https://eur-lex.europa.eu/eli/reg/2016/679/oj/eng,ok,202,,https://eur-lex.europa.eu/eli/reg/2016/679/oj/eng,,19,2026-10-01T15:29Z,,,,,ok
IRL,law,laws[5],https://www.cuatrecasas.com/en/global/intellectual-property/art/digital-omnibus-ai-has-been-published,ok,200,,https://www.cuatrecasas.com/en/global/intellectual-property/art/digital-omnibus-ai-has-been-published,,23,2026-10-01T15:29Z,,,,,ok
IRL,news,news[0],https://www.computerweekly.com/news/366638746/Ireland-to-procure-national-electronic-health-record,ok,200,,https://www.computerweekly.com/news/366638746/Ireland-to-procure-national-electronic-health-record,,3,2026-10-01T15:29Z,,,,,ok
IRL,news,news[1],https://ca.news.yahoo.com/digital-health-across-europe-country-060207201.html,ok,200,,https://ca.news.yahoo.com/digital-health-across-europe-country-060207201.html,,8,2026-10-01T15:29Z,,,,,ok
IRL,news,news[2],https://www.irishstatutebook.ie/eli/2026/act/10/enacted/en/index.html,ok,200,,https://www.irishstatutebook.ie/eli/2026/act/10/enacted/en/index.html,,4,2026-10-01T15:29Z,,,,,ok
IRL,news,news[3],https://www.rte.ie/news/2026/0513/1573052-hse-medical-records/,ok,200,,https://www.rte.ie/news/2026/0513/1573052-hse-medical-records/,,5,2026-10-01T15:29Z,,,,,ok
IRL,news,news[4],https://www.cuatrecasas.com/en/global/intellectual-property/art/digital-omnibus-ai-has-been-published,ok,200,,https://www.cuatrecasas.com/en/global/intellectual-property/art/digital-omnibus-ai-has-been-published,,23,2026-10-01T15:29Z,,,,,ok
ISL,source,categories.access.sources[0],https://www.althingi.is/lagas/nuna/2009055.html,ok,200,,https://www.althingi.is/lagas/nuna/2009055.html,,5,2026-10-01T15:29Z,,,,,ok
ISL,source,categories.access.sources[1],https://www.stjornarradid.is/efst-a-baugi/frettir/stok-frett/2025/11/21/Breytingar-a-logum-um-sjukraskrar-samthykktar-a-Althingi/,ok,200,,https://www.stjornarradid.is/efst-a-baugi/frettir/stok-frett/2025/11/21/Breytingar-a-logum-um-sjukraskrar-samthykktar-a-Althingi/,,3,2026-10-01T15:29Z,,,,,ok
ISL,source,categories.access.sources[2],https://www.heilsuvera.is/personuverndarstefna/,ok,200,,https://www.heilsuvera.is/personuverndarstefna/,,2,2026-10-01T15:29Z,,,,,ok
ISL,source,categories.access.sources[3],https://island.is/sjukraskra,ok,200,,https://island.is/sjukraskra,,1,2026-10-01T15:29Z,,,,,ok
ISL,source,categories.control.sources[0],https://www.althingi.is/lagas/nuna/2009055.html,ok,200,,https://www.althingi.is/lagas/nuna/2009055.html,,5,2026-10-01T15:29Z,,,,,ok
ISL,source,categories.control.sources[1],https://island.is/en/access-to-health-records/faq-health-records,ok,200,,https://island.is/en/access-to-health-records/faq-health-records,,1,2026-10-01T15:29Z,,,,,ok
ISL,source,categories.control.sources[2],https://www.heilsuvera.is/personuverndarstefna/,ok,200,,https://www.heilsuvera.is/personuverndarstefna/,,2,2026-10-01T15:29Z,,,,,ok
ISL,source,categories.privacy.sources[0],https://island.is/s/personuvernd/urskurdir-akvardanir-og-alit/sekt-vegna-oryggisveikleika-i-heilsuveru,ok,200,,https://island.is/s/personuvernd/urskurdir-akvardanir-og-alit/sekt-vegna-oryggisveikleika-i-heilsuveru,,1,2026-10-01T15:29Z,,,,,ok
ISL,source,categories.privacy.sources[1],https://island.is/s/personuvernd/urskurdir-akvardanir-og-alit/sekt-a-hendur-heilsugaeslu-hofudborgarsvaedisins-vegna-vinnslu-personuupplysinga-i-sameiginlegu-sjukraskrarkerfi,ok,200,,https://island.is/s/personuvernd/urskurdir-akvardanir-og-alit/sekt-a-hendur-heilsugaeslu-hofudborgarsvaedisins-vegna-vinnslu-personuupplysinga-i-sameiginlegu-sjukraskrarkerfi,,2,2026-10-01T15:29Z,,,,,ok
ISL,source,categories.privacy.sources[2],https://www.althingi.is/lagas/nuna/2018090.html,ok,200,,https://www.althingi.is/lagas/nuna/2018090.html,,2,2026-10-01T15:29Z,,,,,ok
ISL,source,categories.commercial.sources[0],https://www.althingi.is/lagas/nuna/2009055.html,ok,200,,https://www.althingi.is/lagas/nuna/2009055.html,,5,2026-10-01T15:29Z,,,,,ok
ISL,source,categories.commercial.sources[1],https://island.is/s/personuvernd/urskurdir-akvardanir-og-alit/sekt-a-hendur-heilsugaeslu-hofudborgarsvaedisins-vegna-vinnslu-personuupplysinga-i-sameiginlegu-sjukraskrarkerfi,ok,200,,https://island.is/s/personuvernd/urskurdir-akvardanir-og-alit/sekt-a-hendur-heilsugaeslu-hofudborgarsvaedisins-vegna-vinnslu-personuupplysinga-i-sameiginlegu-sjukraskrarkerfi,,2,2026-10-01T15:29Z,,,,,ok
ISL,source,categories.journey.sources[0],https://norden.diva-portal.org/smash/get/diva2:1340369/FULLTEXT01.pdf,ok,200,,https://norden.diva-portal.org/smash/get/diva2:1340369/FULLTEXT01.pdf,,1,2026-10-01T15:29Z,,,,,ok
ISL,source,categories.journey.sources[1],https://www.stjornarradid.is/efst-a-baugi/frettir/stok-frett/2025/11/21/Breytingar-a-logum-um-sjukraskrar-samthykktar-a-Althingi/,ok,200,,https://www.stjornarradid.is/efst-a-baugi/frettir/stok-frett/2025/11/21/Breytingar-a-logum-um-sjukraskrar-samthykktar-a-Althingi/,,3,2026-10-01T15:29Z,,,,,ok
ISL,source,categories.journey.sources[2],https://island.is/heilbrigdisthjonusta-yfir-landamaeri,ok,200,,https://island.is/heilbrigdisthjonusta-yfir-landamaeri,,1,2026-10-01T15:29Z,,,,,ok
ISL,source,categories.clinical.sources[0],https://www.althingi.is/lagas/nuna/2009055.html,ok,200,,https://www.althingi.is/lagas/nuna/2009055.html,,5,2026-10-01T15:29Z,,,,,ok
ISL,source,categories.clinical.sources[1],https://island.is/adgangur-ad-lyfjagagnagrunni,ok,200,,https://island.is/adgangur-ad-lyfjagagnagrunni,,1,2026-10-01T15:29Z,,,,,ok
ISL,source,categories.research.sources[0],https://www.althingi.is/lagas/nuna/2014044.html,ok,200,,https://www.althingi.is/lagas/nuna/2014044.html,,2,2026-10-01T15:29Z,,,,,ok
ISL,source,categories.research.sources[1],https://island.is/lifsyni,ok,200,,https://island.is/lifsyni,,1,2026-10-01T15:29Z,,,,,ok
ISL,source,categories.research.sources[2],https://www.althingi.is/altext/stjt/2025.034.html,ok,200,,https://www.althingi.is/altext/stjt/2025.034.html,,2,2026-10-01T15:29Z,,,,,ok
ISL,source,categories.ai.sources[0],https://www.althingi.is/lagas/nuna/2020132.html,ok,200,,https://www.althingi.is/lagas/nuna/2020132.html,,2,2026-10-01T15:29Z,,,,,ok
ISL,source,categories.ai.sources[1],https://www.visir.is/g/20262939826d/bodar-fyrstu-login-og-reglurnar-gagnvart-gervigreind,ok,200,,https://www.visir.is/g/20262939826d/bodar-fyrstu-login-og-reglurnar-gagnvart-gervigreind,,2,2026-10-01T15:29Z,,,,,ok
ISL,law,laws[0],https://www.althingi.is/lagas/nuna/2009055.html,ok,200,,https://www.althingi.is/lagas/nuna/2009055.html,,5,2026-10-01T15:29Z,,,,,ok
ISL,law,laws[1],https://www.althingi.is/altext/stjt/2025.081.html,ok,200,,https://www.althingi.is/altext/stjt/2025.081.html,,1,2026-10-01T15:29Z,,,,,ok
ISL,law,laws[2],https://www.althingi.is/altext/stjt/2025.034.html,ok,200,,https://www.althingi.is/altext/stjt/2025.034.html,,2,2026-10-01T15:29Z,,,,,ok
ISL,law,laws[3],https://www.althingi.is/lagas/nuna/2018090.html,ok,200,,https://www.althingi.is/lagas/nuna/2018090.html,,2,2026-10-01T15:29Z,,,,,ok
ISL,law,laws[4],https://www.althingi.is/lagas/nuna/2014044.html,ok,200,,https://www.althingi.is/lagas/nuna/2014044.html,,2,2026-10-01T15:29Z,,,,,ok
ISL,law,laws[5],https://www.althingi.is/lagas/nuna/2020132.html,ok,200,,https://www.althingi.is/lagas/nuna/2020132.html,,2,2026-10-01T15:29Z,,,,,ok
ISL,news,news[0],https://www.visir.is/g/20262939826d/bodar-fyrstu-login-og-reglurnar-gagnvart-gervigreind,ok,200,,https://www.visir.is/g/20262939826d/bodar-fyrstu-login-og-reglurnar-gagnvart-gervigreind,,2,2026-10-01T15:29Z,,,,,ok
ISL,news,news[1],https://www.stjornarradid.is/efst-a-baugi/frettir/stok-frett/2025/11/21/Breytingar-a-logum-um-sjukraskrar-samthykktar-a-Althingi/,ok,200,,https://www.stjornarradid.is/efst-a-baugi/frettir/stok-frett/2025/11/21/Breytingar-a-logum-um-sjukraskrar-samthykktar-a-Althingi/,,3,2026-10-01T15:29Z,,,,,ok
ISL,news,news[2],https://www.dv.is/frettir/2025/11/15/islendingar-erlendis-bida-sumir-ofvaeni-eftir-rafraenum-lyfjaavisunum-milli-landa/,ok,200,,https://www.dv.is/frettir/2025/11/15/islendingar-erlendis-bida-sumir-ofvaeni-eftir-rafraenum-lyfjaavisunum-milli-landa,,1,2026-10-01T15:29Z,,,,,ok
ISR,source,categories.access.sources[0],https://hamoked.org/files/2013/155880_eng.pdf,ok,200,,https://hamoked.org/files/2013/155880_eng.pdf,,2,2026-10-01T15:29Z,,,,,ok
ISR,source,categories.access.sources[1],https://ehtel.eu/component/attachments/?task=download&id=769:Country-report---Israel,ok,403,200,https://ehtel.eu/component/attachments/?task=download&id=769:Country-report---Israel,,2,2026-10-01T15:29Z,,,,,ok
ISR,source,categories.access.sources[2],https://www.legal500.com/intelligence/israel/food-drugs-healthcare-life-sciences/israel-life-sciences-&-healthcare-%E2%80%93-regulatory-overview-2026,ok,200,,https://www.legal500.com/intelligence/israel/food-drugs-healthcare-life-sciences/israel-life-sciences-&-healthcare-%E2%80%93-regulatory-overview-2026,,4,2026-10-01T15:29Z,,,,,ok
ISR,source,categories.access.sources[3],https://practiceguides.chambers.com/practice-guides/digital-healthcare-2024/israel,ok,200,,https://practiceguides.chambers.com/practice-guides/digital-healthcare-2024/israel,,4,2026-10-01T15:29Z,,,,,ok
ISR,source,categories.control.sources[0],https://publications.iadb.org/publications/english/document/The-Implementation-of-a-National-Health-Information-Exchange-Platform-in-Israel.pdf,blocked_unverified,403,403,https://publications.iadb.org/publications/english/document/The-Implementation-of-a-National-Health-Information-Exchange-Platform-in-Israel.pdf,,3,2026-10-01T15:29Z,blocked_unverified,403,,2026-10-01T15:46Z,blocked_unverified
ISR,source,categories.control.sources[1],https://thieme-connect.com/products/ejournals/html/10.1055/s-0043-1768719,dead,404,,https://thieme-connect.com/products/ejournals/html/10.1055/s-0043-1768719,,3,2026-10-01T15:29Z,ok,200,,2026-10-01T15:46Z,ok
ISR,source,categories.control.sources[2],https://practiceguides.chambers.com/practice-guides/digital-healthcare-2024/israel,ok,200,,https://practiceguides.chambers.com/practice-guides/digital-healthcare-2024/israel,,4,2026-10-01T15:29Z,,,,,ok
ISR,source,categories.control.sources[3],https://www.calcalistech.com/ctechnews/article/kiutzefjf,ok,200,,https://www.calcalistech.com/ctechnews/article/kiutzefjf,,2,2026-10-01T15:29Z,,,,,ok
ISR,source,categories.privacy.sources[0],https://www.recordinglaw.com/world-laws/world-data-privacy-laws/israel-data-privacy-laws/,ok,200,,https://www.recordinglaw.com/world-laws/world-data-privacy-laws/israel-data-privacy-laws/,,2,2026-10-01T15:29Z,,,,,ok
ISR,source,categories.privacy.sources[1],https://www.lexology.com/library/detail.aspx?g=d4c0ed48-7500-4d84-b473-e65e46dad14a,blocked_unverified,403,403,https://www.lexology.com/library/detail.aspx?g=d4c0ed48-7500-4d84-b473-e65e46dad14a,,1,2026-10-01T15:29Z,blocked_unverified,403,,2026-10-01T15:46Z,blocked_unverified
ISR,source,categories.privacy.sources[2],https://cybernews.com/news/israel-shamir-medical-center-ransowmare-attack-qilin-8t-patient-data-stolen/,ok,200,,https://cybernews.com/news/israel-shamir-medical-center-ransowmare-attack-qilin-8t-patient-data-stolen/,,2,2026-10-01T15:29Z,,,,,ok
ISR,source,categories.privacy.sources[3],https://www.timesofisrael.com/iran-linked-hacker-group-claims-to-breach-data-of-israels-largest-healthcare-network/,blocked_unverified,403,403,https://www.timesofisrael.com/iran-linked-hacker-group-claims-to-breach-data-of-israels-largest-healthcare-network/,,2,2026-10-01T15:29Z,blocked_unverified,403,,2026-10-01T15:46Z,blocked_unverified
ISR,source,categories.commercial.sources[0],https://www.lexology.com/library/detail.aspx?g=e66ac6fe-9377-4bc1-83f4-ebc256712a69,blocked_unverified,403,403,https://www.lexology.com/library/detail.aspx?g=e66ac6fe-9377-4bc1-83f4-ebc256712a69,,2,2026-10-01T15:29Z,blocked_unverified,403,,2026-10-01T15:46Z,blocked_unverified
ISR,source,categories.commercial.sources[1],https://practiceguides.chambers.com/practice-guides/digital-healthcare-2024/israel,ok,200,,https://practiceguides.chambers.com/practice-guides/digital-healthcare-2024/israel,,4,2026-10-01T15:29Z,,,,,ok
ISR,source,categories.commercial.sources[2],https://www.npr.org/2021/01/31/960819083/vaccines-for-data-israels-pfizer-deal-drives-quick-rollout-and-privacy-worries,ok,200,,https://www.npr.org/2021/01/31/960819083/vaccines-for-data-israels-pfizer-deal-drives-quick-rollout-and-privacy-worries,,1,2026-10-01T15:29Z,,,,,ok
ISR,source,categories.commercial.sources[3],https://www.pearlcohen.com/israel-discloses-its-agreement-with-pfizer-for-de-identified-covid-19-vaccine-related-health-data/,ok,200,,https://www.pearlcohen.com/israel-discloses-its-agreement-with-pfizer-for-de-identified-covid-19-vaccine-related-health-data/,,1,2026-10-01T15:29Z,,,,,ok
ISR,source,categories.journey.sources[0],https://publications.iadb.org/publications/english/document/The-Implementation-of-a-National-Health-Information-Exchange-Platform-in-Israel.pdf,blocked_unverified,403,403,https://publications.iadb.org/publications/english/document/The-Implementation-of-a-National-Health-Information-Exchange-Platform-in-Israel.pdf,,3,2026-10-01T15:29Z,blocked_unverified,403,,2026-10-01T15:46Z,blocked_unverified
ISR,source,categories.journey.sources[1],https://ehtel.eu/component/attachments/?task=download&id=769:Country-report---Israel,ok,403,200,https://ehtel.eu/component/attachments/?task=download&id=769:Country-report---Israel,,2,2026-10-01T15:29Z,,,,,ok
ISR,source,categories.journey.sources[2],https://thieme-connect.com/products/ejournals/html/10.1055/s-0043-1768719,dead,404,,https://thieme-connect.com/products/ejournals/html/10.1055/s-0043-1768719,,3,2026-10-01T15:29Z,ok,200,,2026-10-01T15:46Z,ok
ISR,source,categories.clinical.sources[0],https://publications.iadb.org/publications/english/document/The-Implementation-of-a-National-Health-Information-Exchange-Platform-in-Israel.pdf,blocked_unverified,403,403,https://publications.iadb.org/publications/english/document/The-Implementation-of-a-National-Health-Information-Exchange-Platform-in-Israel.pdf,,3,2026-10-01T15:29Z,blocked_unverified,403,,2026-10-01T15:46Z,blocked_unverified
ISR,source,categories.clinical.sources[1],https://thieme-connect.com/products/ejournals/html/10.1055/s-0043-1768719,dead,404,,https://thieme-connect.com/products/ejournals/html/10.1055/s-0043-1768719,,3,2026-10-01T15:29Z,ok,200,,2026-10-01T15:46Z,ok
ISR,source,categories.clinical.sources[2],https://www.mobihealthnews.com/news/emea/gold-mine-data-driving-israels-billion-shekel-bet-digital-health,blocked_unverified,403,403,https://www.mobihealthnews.com/news/emea/gold-mine-data-driving-israels-billion-shekel-bet-digital-health,,1,2026-10-01T15:29Z,blocked_unverified,403,,2026-10-01T15:46Z,blocked_unverified
ISR,source,categories.research.sources[0],https://psifas.org.il/en/%D7%93%D7%A3-%D7%94%D7%91%D7%99%D7%AA-english/,ok,200,,https://psifas.org.il/en/%D7%93%D7%A3-%D7%94%D7%91%D7%99%D7%AA-english/,,1,2026-10-01T15:29Z,,,,,ok
ISR,source,categories.research.sources[1],https://arxiv.org/html/2405.00267,ok,200,,https://arxiv.org/html/2405.00267,,1,2026-10-01T15:29Z,,,,,ok
ISR,source,categories.research.sources[2],https://practiceguides.chambers.com/practice-guides/digital-healthcare-2024/israel,ok,200,,https://practiceguides.chambers.com/practice-guides/digital-healthcare-2024/israel,,4,2026-10-01T15:29Z,,,,,ok
ISR,source,categories.ai.sources[0],https://www.legal500.com/intelligence/israel/food-drugs-healthcare-life-sciences/israel-life-sciences-&-healthcare-%E2%80%93-regulatory-overview-2026,ok,200,,https://www.legal500.com/intelligence/israel/food-drugs-healthcare-life-sciences/israel-life-sciences-&-healthcare-%E2%80%93-regulatory-overview-2026,,4,2026-10-01T15:29Z,,,,,ok
ISR,source,categories.ai.sources[1],https://practiceguides.chambers.com/practice-guides/digital-healthcare-2025/israel,ok,200,,https://practiceguides.chambers.com/practice-guides/digital-healthcare-2025/israel,,1,2026-10-01T15:29Z,,,,,ok
ISR,source,categories.ai.sources[2],https://innovationisrael.org.il/en/ai-in-healthcare/,ok,200,,https://innovationisrael.org.il/en/ai-in-healthcare/,,1,2026-10-01T15:29Z,,,,,ok
ISR,source,categories.ai.sources[3],https://www.adherent.com/blog/a-comprehensive-guide-to-medical-device-regulation-in-israel-registration-documentation-and-labeling-requirements/,ok,200,,https://www.adherent.com/blog/a-comprehensive-guide-to-medical-device-regulation-in-israel-registration-documentation-and-labeling-requirements/,,2,2026-10-01T15:29Z,,,,,ok
ISR,law,laws[0],https://hamoked.org/files/2013/155880_eng.pdf,ok,200,,https://hamoked.org/files/2013/155880_eng.pdf,,2,2026-10-01T15:29Z,,,,,ok
ISR,law,laws[1],https://www.recordinglaw.com/world-laws/world-data-privacy-laws/israel-data-privacy-laws/,ok,200,,https://www.recordinglaw.com/world-laws/world-data-privacy-laws/israel-data-privacy-laws/,,2,2026-10-01T15:29Z,,,,,ok
ISR,law,laws[2],https://www.legal500.com/intelligence/israel/food-drugs-healthcare-life-sciences/israel-life-sciences-&-healthcare-%E2%80%93-regulatory-overview-2026,ok,200,,https://www.legal500.com/intelligence/israel/food-drugs-healthcare-life-sciences/israel-life-sciences-&-healthcare-%E2%80%93-regulatory-overview-2026,,4,2026-10-01T15:29Z,,,,,ok
ISR,law,laws[3],https://www.lexology.com/library/detail.aspx?g=e66ac6fe-9377-4bc1-83f4-ebc256712a69,blocked_unverified,403,403,https://www.lexology.com/library/detail.aspx?g=e66ac6fe-9377-4bc1-83f4-ebc256712a69,,2,2026-10-01T15:29Z,blocked_unverified,403,,2026-10-01T15:46Z,blocked_unverified
ISR,law,laws[4],https://www.adherent.com/blog/a-comprehensive-guide-to-medical-device-regulation-in-israel-registration-documentation-and-labeling-requirements/,ok,200,,https://www.adherent.com/blog/a-comprehensive-guide-to-medical-device-regulation-in-israel-registration-documentation-and-labeling-requirements/,,2,2026-10-01T15:29Z,,,,,ok
ISR,news,news[0],https://cybernews.com/news/israel-shamir-medical-center-ransowmare-attack-qilin-8t-patient-data-stolen/,ok,200,,https://cybernews.com/news/israel-shamir-medical-center-ransowmare-attack-qilin-8t-patient-data-stolen/,,2,2026-10-01T15:29Z,,,,,ok
ISR,news,news[1],https://www.calcalistech.com/ctechnews/article/kiutzefjf,ok,200,,https://www.calcalistech.com/ctechnews/article/kiutzefjf,,2,2026-10-01T15:29Z,,,,,ok
ISR,news,news[2],https://www.timesofisrael.com/iran-linked-hacker-group-claims-to-breach-data-of-israels-largest-healthcare-network/,blocked_unverified,403,403,https://www.timesofisrael.com/iran-linked-hacker-group-claims-to-breach-data-of-israels-largest-healthcare-network/,,2,2026-10-01T15:29Z,blocked_unverified,403,,2026-10-01T15:46Z,blocked_unverified
ISR,news,news[3],https://www.legal500.com/intelligence/israel/food-drugs-healthcare-life-sciences/israel-life-sciences-&-healthcare-%E2%80%93-regulatory-overview-2026,ok,200,,https://www.legal500.com/intelligence/israel/food-drugs-healthcare-life-sciences/israel-life-sciences-&-healthcare-%E2%80%93-regulatory-overview-2026,,4,2026-10-01T15:29Z,,,,,ok
ITA,source,categories.access.sources[0],https://www.aboutpharma.com/sanita-e-politica/fascicolo-sanitario-elettronico-2-0-obbligo-31-marzo-2026/,ok,202,,https://www.aboutpharma.com/sanita-e-politica/fascicolo-sanitario-elettronico-2-0-obbligo-31-marzo-2026/,,3,2026-10-01T15:29Z,,,,,ok
ITA,source,categories.access.sources[1],https://www.cria.it/blog/fse-2-obbligatorio-31-marzo-2026.html,ok,200,,https://www.cria.it/blog/fse-2-obbligatorio-31-marzo-2026.html,,4,2026-10-01T15:29Z,,,,,ok
ITA,source,categories.access.sources[2],https://salute.regione.emilia-romagna.it/notizie/regione/2026/luglio/da-martedi-7-luglio-online-la-nuova-versione-del-fascicolo-sanitario-elettronico-piu-semplice-e-immediata-con-la-novita-del-taccuino-personale-dove-poter-inserire-informazioni-relative-al-proprio-stato-di-salute,ok,200,,https://salute.regione.emilia-romagna.it/notizie/regione/2026/luglio/da-martedi-7-luglio-online-la-nuova-versione-del-fascicolo-sanitario-elettronico-piu-semplice-e-immediata-con-la-novita-del-taccuino-personale-dove-poter-inserire-informazioni-relative-al-proprio-stato-di-salute,,4,2026-10-01T15:29Z,,,,,ok
ITA,source,categories.access.sources[3],https://ca.news.yahoo.com/digital-health-across-europe-country-060207201.html,ok,200,,https://ca.news.yahoo.com/digital-health-across-europe-country-060207201.html,,8,2026-10-01T15:29Z,,,,,ok
ITA,source,categories.control.sources[0],https://www.garanteprivacy.it/temi/fse,ok,200,,https://www.garanteprivacy.it/temi/fse,,3,2026-10-01T15:29Z,,,,,ok
ITA,source,categories.privacy.sources[0],https://www.quotidianosanita.it/regioni-e-asl/garante-privacy-accessi-al-dossier-sanitario-senza-finalita-di-cura-sanzione-da-24mila-euro-allazienda-sanitaria-di-udine/,ok,200,,https://www.quotidianosanita.it/regioni-e-asl/garante-privacy-accessi-al-dossier-sanitario-senza-finalita-di-cura-sanzione-da-24mila-euro-allazienda-sanitaria-di-udine/,,2,2026-10-01T15:29Z,,,,,ok
ITA,source,categories.privacy.sources[1],https://www.garanteprivacy.it/temi/fse,ok,200,,https://www.garanteprivacy.it/temi/fse,,3,2026-10-01T15:29Z,,,,,ok
ITA,source,categories.commercial.sources[0],https://portale.fnomceo.it/wp-content/uploads/2025/09/legge-132.25-.pdf,ok,200,,https://portale.fnomceo.it/wp-content/uploads/2025/09/legge-132.25-.pdf,,3,2026-10-01T15:29Z,,,,,ok
ITA,source,categories.journey.sources[0],https://www.cria.it/blog/fse-2-obbligatorio-31-marzo-2026.html,ok,200,,https://www.cria.it/blog/fse-2-obbligatorio-31-marzo-2026.html,,4,2026-10-01T15:29Z,,,,,ok
ITA,source,categories.journey.sources[1],https://www.aboutpharma.com/sanita-e-politica/fascicolo-sanitario-elettronico-2-0-obbligo-31-marzo-2026/,ok,202,,https://www.aboutpharma.com/sanita-e-politica/fascicolo-sanitario-elettronico-2-0-obbligo-31-marzo-2026/,,3,2026-10-01T15:29Z,,,,,ok
ITA,source,categories.journey.sources[2],https://salute.regione.emilia-romagna.it/notizie/regione/2026/luglio/da-martedi-7-luglio-online-la-nuova-versione-del-fascicolo-sanitario-elettronico-piu-semplice-e-immediata-con-la-novita-del-taccuino-personale-dove-poter-inserire-informazioni-relative-al-proprio-stato-di-salute,ok,200,,https://salute.regione.emilia-romagna.it/notizie/regione/2026/luglio/da-martedi-7-luglio-online-la-nuova-versione-del-fascicolo-sanitario-elettronico-piu-semplice-e-immediata-con-la-novita-del-taccuino-personale-dove-poter-inserire-informazioni-relative-al-proprio-stato-di-salute,,4,2026-10-01T15:29Z,,,,,ok
ITA,source,categories.clinical.sources[0],https://salute.regione.emilia-romagna.it/notizie/regione/2026/luglio/da-martedi-7-luglio-online-la-nuova-versione-del-fascicolo-sanitario-elettronico-piu-semplice-e-immediata-con-la-novita-del-taccuino-personale-dove-poter-inserire-informazioni-relative-al-proprio-stato-di-salute,ok,200,,https://salute.regione.emilia-romagna.it/notizie/regione/2026/luglio/da-martedi-7-luglio-online-la-nuova-versione-del-fascicolo-sanitario-elettronico-piu-semplice-e-immediata-con-la-novita-del-taccuino-personale-dove-poter-inserire-informazioni-relative-al-proprio-stato-di-salute,,4,2026-10-01T15:29Z,,,,,ok
ITA,source,categories.clinical.sources[1],https://www.garanteprivacy.it/temi/fse,ok,200,,https://www.garanteprivacy.it/temi/fse,,3,2026-10-01T15:29Z,,,,,ok
ITA,source,categories.research.sources[0],https://portale.fnomceo.it/wp-content/uploads/2025/09/legge-132.25-.pdf,ok,200,,https://portale.fnomceo.it/wp-content/uploads/2025/09/legge-132.25-.pdf,,3,2026-10-01T15:29Z,,,,,ok
ITA,source,categories.research.sources[1],https://www.gazzettaufficiale.it/eli/id/2025/09/25/25G00143/SG,ok,200,,https://www.gazzettaufficiale.it/eli/id/2025/09/25/25G00143/SG,,4,2026-10-01T15:29Z,,,,,ok
ITA,source,categories.ai.sources[0],https://portale.fnomceo.it/wp-content/uploads/2025/09/legge-132.25-.pdf,ok,200,,https://portale.fnomceo.it/wp-content/uploads/2025/09/legge-132.25-.pdf,,3,2026-10-01T15:29Z,,,,,ok
ITA,source,categories.ai.sources[1],https://www.gazzettaufficiale.it/eli/id/2025/09/25/25G00143/SG,ok,200,,https://www.gazzettaufficiale.it/eli/id/2025/09/25/25G00143/SG,,4,2026-10-01T15:29Z,,,,,ok
ITA,source,categories.ai.sources[2],https://www.cuatrecasas.com/en/global/intellectual-property/art/digital-omnibus-ai-has-been-published,ok,200,,https://www.cuatrecasas.com/en/global/intellectual-property/art/digital-omnibus-ai-has-been-published,,23,2026-10-01T15:29Z,,,,,ok
ITA,law,laws[0],https://www.cria.it/blog/fse-2-obbligatorio-31-marzo-2026.html,ok,200,,https://www.cria.it/blog/fse-2-obbligatorio-31-marzo-2026.html,,4,2026-10-01T15:29Z,,,,,ok
ITA,law,laws[1],https://www.gazzettaufficiale.it/eli/id/2025/09/25/25G00143/SG,ok,200,,https://www.gazzettaufficiale.it/eli/id/2025/09/25/25G00143/SG,,4,2026-10-01T15:29Z,,,,,ok
ITA,law,laws[2],https://www.cria.it/blog/fse-2-obbligatorio-31-marzo-2026.html,ok,200,,https://www.cria.it/blog/fse-2-obbligatorio-31-marzo-2026.html,,4,2026-10-01T15:29Z,,,,,ok
ITA,law,laws[3],https://eur-lex.europa.eu/eli/reg/2025/327/oj/eng,ok,202,,https://eur-lex.europa.eu/eli/reg/2025/327/oj/eng,,17,2026-10-01T15:29Z,,,,,ok
ITA,law,laws[4],https://eur-lex.europa.eu/eli/reg/2016/679/oj/eng,ok,202,,https://eur-lex.europa.eu/eli/reg/2016/679/oj/eng,,19,2026-10-01T15:29Z,,,,,ok
ITA,law,laws[5],https://www.cuatrecasas.com/en/global/intellectual-property/art/digital-omnibus-ai-has-been-published,ok,200,,https://www.cuatrecasas.com/en/global/intellectual-property/art/digital-omnibus-ai-has-been-published,,23,2026-10-01T15:29Z,,,,,ok
ITA,news,news[0],https://www.gazzettaufficiale.it/eli/id/2025/09/25/25G00143/SG,ok,200,,https://www.gazzettaufficiale.it/eli/id/2025/09/25/25G00143/SG,,4,2026-10-01T15:29Z,,,,,ok
ITA,news,news[1],https://www.aboutpharma.com/sanita-e-politica/fascicolo-sanitario-elettronico-2-0-obbligo-31-marzo-2026/,ok,202,,https://www.aboutpharma.com/sanita-e-politica/fascicolo-sanitario-elettronico-2-0-obbligo-31-marzo-2026/,,3,2026-10-01T15:29Z,,,,,ok
ITA,news,news[2],https://salute.regione.emilia-romagna.it/notizie/regione/2026/luglio/da-martedi-7-luglio-online-la-nuova-versione-del-fascicolo-sanitario-elettronico-piu-semplice-e-immediata-con-la-novita-del-taccuino-personale-dove-poter-inserire-informazioni-relative-al-proprio-stato-di-salute,ok,200,,https://salute.regione.emilia-romagna.it/notizie/regione/2026/luglio/da-martedi-7-luglio-online-la-nuova-versione-del-fascicolo-sanitario-elettronico-piu-semplice-e-immediata-con-la-novita-del-taccuino-personale-dove-poter-inserire-informazioni-relative-al-proprio-stato-di-salute,,4,2026-10-01T15:29Z,,,,,ok
ITA,news,news[3],https://www.quotidianosanita.it/regioni-e-asl/garante-privacy-accessi-al-dossier-sanitario-senza-finalita-di-cura-sanzione-da-24mila-euro-allazienda-sanitaria-di-udine/,ok,200,,https://www.quotidianosanita.it/regioni-e-asl/garante-privacy-accessi-al-dossier-sanitario-senza-finalita-di-cura-sanzione-da-24mila-euro-allazienda-sanitaria-di-udine/,,2,2026-10-01T15:29Z,,,,,ok
ITA,news,news[4],https://www.cuatrecasas.com/en/global/intellectual-property/art/digital-omnibus-ai-has-been-published,ok,200,,https://www.cuatrecasas.com/en/global/intellectual-property/art/digital-omnibus-ai-has-been-published,,23,2026-10-01T15:29Z,,,,,ok
JPN,source,categories.access.sources[0],https://faq.myna.go.jp/faq/show/4902?category_id=18&site_domain=default,ok,405,200,https://faq.myna.go.jp/faq/show/4902?category_id=18&site_domain=default,,1,2026-10-01T15:29Z,,,,,ok
JPN,source,categories.access.sources[1],https://gemmed.ghc-j.com/?p=21628,ok,200,,https://gemmed.ghc-j.com/?p=21628,,1,2026-10-01T15:29Z,,,,,ok
JPN,source,categories.control.sources[0],https://www.ppc.go.jp/files/pdf/260717_kaiseihounitsuite.pdf,ok,200,,https://www.ppc.go.jp/files/pdf/260717_kaiseihounitsuite.pdf,,3,2026-10-01T15:29Z,,,,,ok
JPN,source,categories.control.sources[1],https://www.ppc.go.jp/news/press/2026/260717/,ok,200,,https://www.ppc.go.jp/news/press/2026/260717/,,3,2026-10-01T15:29Z,,,,,ok
JPN,source,categories.control.sources[2],https://www.cio.com/article/4098568/%E3%82%AA%E3%83%97%E3%83%88%E3%82%A4%E3%83%B3%E3%81%8B%E3%82%89%E3%82%AA%E3%83%97%E3%83%88%E3%82%A2%E3%82%A6%E3%83%88%E3%81%B8%E2%80%95%E6%AC%A1%E4%B8%96%E4%BB%A3%E5%8C%BB%E7%99%82%E5%9F%BA%E7%9B%A4.html,ok,200,,https://www.cio.com/article/4098568/%E3%82%AA%E3%83%97%E3%83%88%E3%82%A4%E3%83%B3%E3%81%8B%E3%82%89%E3%82%AA%E3%83%97%E3%83%88%E3%82%A2%E3%82%A6%E3%83%88%E3%81%B8%E2%80%95%E6%AC%A1%E4%B8%96%E4%BB%A3%E5%8C%BB%E7%99%82%E5%9F%BA%E7%9B%A4.html,,3,2026-10-01T15:29Z,,,,,ok
JPN,source,categories.privacy.sources[0],https://www.ppc.go.jp/personalinfo/legal/r8kaiseihogohou/,ok,200,,https://www.ppc.go.jp/personalinfo/legal/r8kaiseihogohou/,,1,2026-10-01T15:29Z,,,,,ok
JPN,source,categories.privacy.sources[1],https://www.ppc.go.jp/files/pdf/260717_kaiseihounitsuite.pdf,ok,200,,https://www.ppc.go.jp/files/pdf/260717_kaiseihounitsuite.pdf,,3,2026-10-01T15:29Z,,,,,ok
JPN,source,categories.commercial.sources[0],https://www8.cao.go.jp/iryou/studygloup/20250903/pdf/s-4.pdf,ok,200,,https://www8.cao.go.jp/iryou/studygloup/20250903/pdf/s-4.pdf,,3,2026-10-01T15:29Z,,,,,ok
JPN,source,categories.commercial.sources[1],https://www.ppc.go.jp/files/pdf/260717_kaiseihounitsuite.pdf,ok,200,,https://www.ppc.go.jp/files/pdf/260717_kaiseihounitsuite.pdf,,3,2026-10-01T15:29Z,,,,,ok
JPN,source,categories.journey.sources[0],https://gemmed.ghc-j.com/?p=71681,ok,200,,https://gemmed.ghc-j.com/?p=71681,,3,2026-10-01T15:29Z,,,,,ok
JPN,source,categories.journey.sources[1],https://www.japantimes.co.jp/news/2025/11/17/japan/explainer/my-number-health-insurance/,ok,200,,https://www.japantimes.co.jp/news/2025/11/17/japan/explainer/my-number-health-insurance/,,2,2026-10-01T15:29Z,,,,,ok
JPN,source,categories.clinical.sources[0],https://gemmed.ghc-j.com/?p=71681,ok,200,,https://gemmed.ghc-j.com/?p=71681,,3,2026-10-01T15:29Z,,,,,ok
JPN,source,categories.research.sources[0],https://www8.cao.go.jp/iryou/studygloup/20250903/pdf/s-4.pdf,ok,200,,https://www8.cao.go.jp/iryou/studygloup/20250903/pdf/s-4.pdf,,3,2026-10-01T15:29Z,,,,,ok
JPN,source,categories.research.sources[1],https://www.cio.com/article/4098568/%E3%82%AA%E3%83%97%E3%83%88%E3%82%A4%E3%83%B3%E3%81%8B%E3%82%89%E3%82%AA%E3%83%97%E3%83%88%E3%82%A2%E3%82%A6%E3%83%88%E3%81%B8%E2%80%95%E6%AC%A1%E4%B8%96%E4%BB%A3%E5%8C%BB%E7%99%82%E5%9F%BA%E7%9B%A4.html,ok,200,,https://www.cio.com/article/4098568/%E3%82%AA%E3%83%97%E3%83%88%E3%82%A4%E3%83%B3%E3%81%8B%E3%82%89%E3%82%AA%E3%83%97%E3%83%88%E3%82%A2%E3%82%A6%E3%83%88%E3%81%B8%E2%80%95%E6%AC%A1%E4%B8%96%E4%BB%A3%E5%8C%BB%E7%99%82%E5%9F%BA%E7%9B%A4.html,,3,2026-10-01T15:29Z,,,,,ok
JPN,source,categories.ai.sources[0],https://www.jstage.jst.go.jp/article/ghm/8/3/8_2026.01052/_article,ok,200,,https://www.jstage.jst.go.jp/article/ghm/8/3/8_2026.01052/_article,,2,2026-10-01T15:29Z,,,,,ok
JPN,source,categories.ai.sources[1],https://www.globalhealthmedicine.com/site/download-doc-pdf.html?docid=519,ok,200,,https://www.globalhealthmedicine.com/site/download-doc-pdf.html?docid=519,,2,2026-10-01T15:29Z,,,,,ok
JPN,law,laws[0],https://www.ppc.go.jp/news/press/2026/260717/,ok,200,,https://www.ppc.go.jp/news/press/2026/260717/,,3,2026-10-01T15:29Z,,,,,ok
JPN,law,laws[1],https://www8.cao.go.jp/iryou/studygloup/20250903/pdf/s-4.pdf,ok,200,,https://www8.cao.go.jp/iryou/studygloup/20250903/pdf/s-4.pdf,,3,2026-10-01T15:29Z,,,,,ok
JPN,law,laws[2],https://www.jstage.jst.go.jp/article/ghm/8/3/8_2026.01052/_article,ok,200,,https://www.jstage.jst.go.jp/article/ghm/8/3/8_2026.01052/_article,,2,2026-10-01T15:29Z,,,,,ok
JPN,news,news[0],https://www.ppc.go.jp/news/press/2026/260717/,ok,200,,https://www.ppc.go.jp/news/press/2026/260717/,,3,2026-10-01T15:29Z,,,,,ok
JPN,news,news[1],https://gemmed.ghc-j.com/?p=71681,ok,200,,https://gemmed.ghc-j.com/?p=71681,,3,2026-10-01T15:29Z,,,,,ok
JPN,news,news[2],https://www.cio.com/article/4098568/%E3%82%AA%E3%83%97%E3%83%88%E3%82%A4%E3%83%B3%E3%81%8B%E3%82%89%E3%82%AA%E3%83%97%E3%83%88%E3%82%A2%E3%82%A6%E3%83%88%E3%81%B8%E2%80%95%E6%AC%A1%E4%B8%96%E4%BB%A3%E5%8C%BB%E7%99%82%E5%9F%BA%E7%9B%A4.html,ok,200,,https://www.cio.com/article/4098568/%E3%82%AA%E3%83%97%E3%83%88%E3%82%A4%E3%83%B3%E3%81%8B%E3%82%89%E3%82%AA%E3%83%97%E3%83%88%E3%82%A2%E3%82%A6%E3%83%88%E3%81%B8%E2%80%95%E6%AC%A1%E4%B8%96%E4%BB%A3%E5%8C%BB%E7%99%82%E5%9F%BA%E7%9B%A4.html,,3,2026-10-01T15:29Z,,,,,ok
JPN,news,news[3],https://www.japantimes.co.jp/news/2025/11/17/japan/explainer/my-number-health-insurance/,ok,200,,https://www.japantimes.co.jp/news/2025/11/17/japan/explainer/my-number-health-insurance/,,2,2026-10-01T15:29Z,,,,,ok
KEN,source,categories.access.sources[0],https://www.odpc.go.ke/wp-content/uploads/2024/02/ODPC-Guidance-Note-on-Processing-of-Health-Data.pdf,ok,200,,https://www.odpc.go.ke/wp-content/uploads/2024/02/ODPC-Guidance-Note-on-Processing-of-Health-Data.pdf,,4,2026-10-01T15:29Z,,,,,ok
KEN,source,categories.access.sources[1],https://citizen.digital/article/sha-patient-data-safety-questioned-after-nairobi-mans-records-show-treatment-in-garissa-n382392,ok,200,,https://citizen.digital/article/sha-patient-data-safety-questioned-after-nairobi-mans-records-show-treatment-in-garissa-n382392,,3,2026-10-01T15:29Z,,,,,ok
KEN,source,categories.access.sources[2],https://mmsadvocates.co.ke/healthcare-data-and-the-law-in-kenya-privacy-confidentiality-and-data-protection-obligations,ok,200,,https://mmsadvocates.co.ke/healthcare-data-and-the-law-in-kenya-privacy-confidentiality-and-data-protection-obligations,,1,2026-10-01T15:29Z,,,,,ok
KEN,source,categories.control.sources[0],https://www.odpc.go.ke/wp-content/uploads/2024/02/ODPC-Guidance-Note-on-Processing-of-Health-Data.pdf,ok,200,,https://www.odpc.go.ke/wp-content/uploads/2024/02/ODPC-Guidance-Note-on-Processing-of-Health-Data.pdf,,4,2026-10-01T15:29Z,,,,,ok
KEN,source,categories.control.sources[1],https://www.kenyans.co.ke/news/109593-data-commissioner-conduct-audit-sha-digital-health-information,ok,200,,https://www.kenyans.co.ke/news/109593-data-commissioner-conduct-audit-sha-digital-health-information,,2,2026-10-01T15:29Z,,,,,ok
KEN,source,categories.control.sources[2],https://citizen.digital/article/sha-patient-data-safety-questioned-after-nairobi-mans-records-show-treatment-in-garissa-n382392,ok,200,,https://citizen.digital/article/sha-patient-data-safety-questioned-after-nairobi-mans-records-show-treatment-in-garissa-n382392,,3,2026-10-01T15:29Z,,,,,ok
KEN,source,categories.control.sources[3],https://www.kenyans.co.ke/news/123350-govt-cleared-proceed-ksh322-billion-kenya-us-health-cooperation-framework,ok,200,,https://www.kenyans.co.ke/news/123350-govt-cleared-proceed-ksh322-billion-kenya-us-health-cooperation-framework,,2,2026-10-01T15:29Z,,,,,ok
KEN,source,categories.privacy.sources[0],https://www.dlapiperdataprotection.com/index.html?t=law&c=KE,server_error,521,521,https://www.dlapiperdataprotection.com/index.html?t=law&c=KE,,3,2026-10-01T15:29Z,ok,200,,2026-10-01T15:46Z,ok
KEN,source,categories.privacy.sources[1],https://www.clydeco.com/en/insights/2026/03/health-data-protection-in-kenya-strategic-complian,ok,200,,https://www.clydeco.com/en/insights/2026/03/health-data-protection-in-kenya-strategic-complian,,3,2026-10-01T15:29Z,,,,,ok
KEN,source,categories.privacy.sources[2],https://www.kenyans.co.ke/news/109593-data-commissioner-conduct-audit-sha-digital-health-information,ok,200,,https://www.kenyans.co.ke/news/109593-data-commissioner-conduct-audit-sha-digital-health-information,,2,2026-10-01T15:29Z,,,,,ok
KEN,source,categories.privacy.sources[3],https://www.jurist.org/news/2025/12/kenya-dispatch-high-court-halts-kenya-us-health-deal-over-constitutional-concerns/,ok,200,,https://www.jurist.org/news/2025/12/kenya-dispatch-high-court-halts-kenya-us-health-deal-over-constitutional-concerns/,,2,2026-10-01T15:29Z,,,,,ok
KEN,source,categories.commercial.sources[0],https://www.odpc.go.ke/wp-content/uploads/2024/02/ODPC-Guidance-Note-on-Processing-of-Health-Data.pdf,ok,200,,https://www.odpc.go.ke/wp-content/uploads/2024/02/ODPC-Guidance-Note-on-Processing-of-Health-Data.pdf,,4,2026-10-01T15:29Z,,,,,ok
KEN,source,categories.commercial.sources[1],https://www.dlapiperdataprotection.com/index.html?t=law&c=KE,server_error,521,521,https://www.dlapiperdataprotection.com/index.html?t=law&c=KE,,3,2026-10-01T15:29Z,ok,200,,2026-10-01T15:46Z,ok
KEN,source,categories.commercial.sources[2],https://www.hhrjournal.org/2025/12/17/health-data-protection-and-governance-under-the-kenya-us-health-agreement/,ok,200,,https://www.hhrjournal.org/2025/12/17/health-data-protection-and-governance-under-the-kenya-us-health-agreement/,,1,2026-10-01T15:29Z,,,,,ok
KEN,source,categories.journey.sources[0],https://www.clydeco.com/en/insights/2026/03/health-data-protection-in-kenya-strategic-complian,ok,200,,https://www.clydeco.com/en/insights/2026/03/health-data-protection-in-kenya-strategic-complian,,3,2026-10-01T15:29Z,,,,,ok
KEN,source,categories.journey.sources[1],https://thekenyatimes.com/health/sha-phases-out-portal/,ok,200,,https://thekenyatimes.com/health/sha-phases-out-portal/,,3,2026-10-01T15:29Z,,,,,ok
KEN,source,categories.journey.sources[2],https://www.breakingkenyanews.com/2026/07/01/sha-rolls-out-taifa-care-hmis-for-level-4-public-hospitals/,ok,200,,https://www.breakingkenyanews.com/2026/07/01/sha-rolls-out-taifa-care-hmis-for-level-4-public-hospitals/,,2,2026-10-01T15:29Z,,,,,ok
KEN,source,categories.clinical.sources[0],https://www.breakingkenyanews.com/2026/07/01/sha-rolls-out-taifa-care-hmis-for-level-4-public-hospitals/,ok,200,,https://www.breakingkenyanews.com/2026/07/01/sha-rolls-out-taifa-care-hmis-for-level-4-public-hospitals/,,2,2026-10-01T15:29Z,,,,,ok
KEN,source,categories.clinical.sources[1],https://thekenyatimes.com/health/sha-phases-out-portal/,ok,200,,https://thekenyatimes.com/health/sha-phases-out-portal/,,3,2026-10-01T15:29Z,,,,,ok
KEN,source,categories.research.sources[0],https://www.odpc.go.ke/wp-content/uploads/2025/11/ODPC-%E2%80%93-GUIDANCE-NOTES-Processing-for-Research-Purpose.pdf,ok,200,,https://www.odpc.go.ke/wp-content/uploads/2025/11/ODPC-%E2%80%93-GUIDANCE-NOTES-Processing-for-Research-Purpose.pdf,,2,2026-10-01T15:29Z,,,,,ok
KEN,source,categories.ai.sources[0],https://healthbusiness.co.ke/10137/kenya-tightens-oversight-of-medical-device-software/,ok,200,,https://healthbusiness.co.ke/10137/kenya-tightens-oversight-of-medical-device-software/,,1,2026-10-01T15:29Z,,,,,ok
KEN,source,categories.ai.sources[1],https://www.clydeco.com/en/insights/2026/03/health-data-protection-in-kenya-strategic-complian,ok,200,,https://www.clydeco.com/en/insights/2026/03/health-data-protection-in-kenya-strategic-complian,,3,2026-10-01T15:29Z,,,,,ok
KEN,law,laws[0],https://www.dlapiperdataprotection.com/index.html?t=law&c=KE,server_error,521,521,https://www.dlapiperdataprotection.com/index.html?t=law&c=KE,,3,2026-10-01T15:29Z,ok,200,,2026-10-01T15:46Z,ok
KEN,law,laws[1],https://www.policyvault.africa/policy/digital-health-act-2023/,ok,200,,https://www.policyvault.africa/policy/digital-health-act-2023/,,1,2026-10-01T15:29Z,,,,,ok
KEN,law,laws[2],https://aln.africa/insight/court-of-appeal-greenlights-operationalisation-of-shif/,ok,200,,https://aln.africa/insight/court-of-appeal-greenlights-operationalisation-of-shif/,,1,2026-10-01T15:29Z,,,,,ok
KEN,law,laws[3],https://www.odpc.go.ke/wp-content/uploads/2024/02/ODPC-Guidance-Note-on-Processing-of-Health-Data.pdf,ok,200,,https://www.odpc.go.ke/wp-content/uploads/2024/02/ODPC-Guidance-Note-on-Processing-of-Health-Data.pdf,,4,2026-10-01T15:29Z,,,,,ok
KEN,law,laws[4],https://www.odpc.go.ke/wp-content/uploads/2025/11/ODPC-%E2%80%93-GUIDANCE-NOTES-Processing-for-Research-Purpose.pdf,ok,200,,https://www.odpc.go.ke/wp-content/uploads/2025/11/ODPC-%E2%80%93-GUIDANCE-NOTES-Processing-for-Research-Purpose.pdf,,2,2026-10-01T15:29Z,,,,,ok
KEN,news,news[0],https://www.jurist.org/news/2025/12/kenya-dispatch-high-court-halts-kenya-us-health-deal-over-constitutional-concerns/,ok,200,,https://www.jurist.org/news/2025/12/kenya-dispatch-high-court-halts-kenya-us-health-deal-over-constitutional-concerns/,,2,2026-10-01T15:29Z,,,,,ok
KEN,news,news[1],https://citizen.digital/article/sha-patient-data-safety-questioned-after-nairobi-mans-records-show-treatment-in-garissa-n382392,ok,200,,https://citizen.digital/article/sha-patient-data-safety-questioned-after-nairobi-mans-records-show-treatment-in-garissa-n382392,,3,2026-10-01T15:29Z,,,,,ok
KEN,news,news[2],https://www.kenyans.co.ke/news/123350-govt-cleared-proceed-ksh322-billion-kenya-us-health-cooperation-framework,ok,200,,https://www.kenyans.co.ke/news/123350-govt-cleared-proceed-ksh322-billion-kenya-us-health-cooperation-framework,,2,2026-10-01T15:29Z,,,,,ok
KEN,news,news[3],https://thekenyatimes.com/health/sha-phases-out-portal/,ok,200,,https://thekenyatimes.com/health/sha-phases-out-portal/,,3,2026-10-01T15:29Z,,,,,ok
KEN,news,news[4],https://capitalfm.africa/only-1-in-6-sha-members-actively-contributing-despite-32m-registration/,ok,200,,https://capitalfm.africa/only-1-in-6-sha-members-actively-contributing-despite-32m-registration/,,1,2026-10-01T15:29Z,,,,,ok
KOR,source,categories.access.sources[0],https://www.korea.kr/news/reporterView.do?newsId=148922265,ok,200,,https://www.korea.kr/news/reporterView.do?newsId=148922265,,2,2026-10-01T15:29Z,,,,,ok
KOR,source,categories.access.sources[1],https://m.korea.kr/news/policyNewsView.do?newsId=148934444&pWise=mSub&pWiseSub=H8,ok,200,,https://m.korea.kr/news/policyNewsView.do?newsId=148934444&pWise=mSub&pWiseSub=H8,,2,2026-10-01T15:29Z,,,,,ok
KOR,source,categories.access.sources[2],https://www.myhealthway.go.kr/portal/index?page=Individual/Portal/MediMyData/MydataService,ok,200,,https://www.myhealthway.go.kr/portal/index?page=Individual/Portal/MediMyData/MydataService,,3,2026-10-01T15:29Z,,,,,ok
KOR,source,categories.control.sources[0],https://www.myhealthway.go.kr/portal/index?page=Individual/Portal/MediMyData/MydataService,ok,200,,https://www.myhealthway.go.kr/portal/index?page=Individual/Portal/MediMyData/MydataService,,3,2026-10-01T15:29Z,,,,,ok
KOR,source,categories.control.sources[1],https://www.shinkim.com/eng/media/newsletter/1834,ok,200,,https://www.shinkim.com/eng/media/newsletter/1834,,3,2026-10-01T15:29Z,,,,,ok
KOR,source,categories.control.sources[2],https://www.recordinglaw.com/world-laws/world-data-privacy-laws/south-korea-data-privacy-laws/,ok,200,,https://www.recordinglaw.com/world-laws/world-data-privacy-laws/south-korea-data-privacy-laws/,,6,2026-10-01T15:29Z,,,,,ok
KOR,source,categories.privacy.sources[0],https://www.koreaherald.com/article/10769351,ok,200,,https://www.koreaherald.com/article/10769351,,2,2026-10-01T15:29Z,,,,,ok
KOR,source,categories.privacy.sources[1],https://therecord.media/south-korea-data-breach-record-fine-coupang,ok,200,,https://therecord.media/south-korea-data-breach-record-fine-coupang,,2,2026-10-01T15:29Z,,,,,ok
KOR,source,categories.privacy.sources[2],https://www.recordinglaw.com/world-laws/world-data-privacy-laws/south-korea-data-privacy-laws/,ok,200,,https://www.recordinglaw.com/world-laws/world-data-privacy-laws/south-korea-data-privacy-laws/,,6,2026-10-01T15:29Z,,,,,ok
KOR,source,categories.commercial.sources[0],https://www.recordinglaw.com/world-laws/world-data-privacy-laws/south-korea-data-privacy-laws/,ok,200,,https://www.recordinglaw.com/world-laws/world-data-privacy-laws/south-korea-data-privacy-laws/,,6,2026-10-01T15:29Z,,,,,ok
KOR,source,categories.commercial.sources[1],https://m.dailypharm.com/user/news/19096,ok,200,,https://m.dailypharm.com/user/news/19096,,1,2026-10-01T15:29Z,,,,,ok
KOR,source,categories.commercial.sources[2],https://www.shinkim.com/eng/media/newsletter/1834,ok,200,,https://www.shinkim.com/eng/media/newsletter/1834,,3,2026-10-01T15:29Z,,,,,ok
KOR,source,categories.journey.sources[0],https://m.korea.kr/news/policyNewsView.do?newsId=148934444&pWise=mSub&pWiseSub=H8,ok,200,,https://m.korea.kr/news/policyNewsView.do?newsId=148934444&pWise=mSub&pWiseSub=H8,,2,2026-10-01T15:29Z,,,,,ok
KOR,source,categories.journey.sources[1],https://www.myhealthway.go.kr/portal/index?page=Individual/Portal/MediMyData/MydataService,ok,200,,https://www.myhealthway.go.kr/portal/index?page=Individual/Portal/MediMyData/MydataService,,3,2026-10-01T15:29Z,,,,,ok
KOR,source,categories.clinical.sources[0],https://www.korea.kr/news/reporterView.do?newsId=148922265,ok,200,,https://www.korea.kr/news/reporterView.do?newsId=148922265,,2,2026-10-01T15:29Z,,,,,ok
KOR,source,categories.research.sources[0],https://www.shinkim.com/eng/media/newsletter/1834,ok,200,,https://www.shinkim.com/eng/media/newsletter/1834,,3,2026-10-01T15:29Z,,,,,ok
KOR,source,categories.research.sources[1],https://www.recordinglaw.com/world-laws/world-data-privacy-laws/south-korea-data-privacy-laws/,ok,200,,https://www.recordinglaw.com/world-laws/world-data-privacy-laws/south-korea-data-privacy-laws/,,6,2026-10-01T15:29Z,,,,,ok
KOR,source,categories.ai.sources[0],https://www.emergobyul.com/news/south-koreas-digital-medical-products-act-now-enforced,ok,200,,https://www.emergobyul.com/news/south-koreas-digital-medical-products-act-now-enforced,,2,2026-10-01T15:29Z,,,,,ok
KOR,source,categories.ai.sources[1],https://www.cooley.com/news/insight/2026/2026-01-27-south-koreas-ai-basic-act-overview-and-key-takeaways,ok,200,,https://www.cooley.com/news/insight/2026/2026-01-27-south-koreas-ai-basic-act-overview-and-key-takeaways,,3,2026-10-01T15:29Z,,,,,ok
KOR,source,categories.ai.sources[2],https://www.globalhealthmedicine.com/site/download-doc-pdf.html?docid=519,ok,200,,https://www.globalhealthmedicine.com/site/download-doc-pdf.html?docid=519,,2,2026-10-01T15:29Z,,,,,ok
KOR,law,laws[0],https://www.recordinglaw.com/world-laws/world-data-privacy-laws/south-korea-data-privacy-laws/,ok,200,,https://www.recordinglaw.com/world-laws/world-data-privacy-laws/south-korea-data-privacy-laws/,,6,2026-10-01T15:29Z,,,,,ok
KOR,law,laws[1],https://www.emergobyul.com/news/south-koreas-digital-medical-products-act-now-enforced,ok,200,,https://www.emergobyul.com/news/south-koreas-digital-medical-products-act-now-enforced,,2,2026-10-01T15:29Z,,,,,ok
KOR,law,laws[2],https://www.cooley.com/news/insight/2026/2026-01-27-south-koreas-ai-basic-act-overview-and-key-takeaways,ok,200,,https://www.cooley.com/news/insight/2026/2026-01-27-south-koreas-ai-basic-act-overview-and-key-takeaways,,3,2026-10-01T15:29Z,,,,,ok
KOR,news,news[0],https://www.koreaherald.com/article/10769351,ok,200,,https://www.koreaherald.com/article/10769351,,2,2026-10-01T15:29Z,,,,,ok
KOR,news,news[1],https://therecord.media/south-korea-data-breach-record-fine-coupang,ok,200,,https://therecord.media/south-korea-data-breach-record-fine-coupang,,2,2026-10-01T15:29Z,,,,,ok
KOR,news,news[2],https://www.cooley.com/news/insight/2026/2026-01-27-south-koreas-ai-basic-act-overview-and-key-takeaways,ok,200,,https://www.cooley.com/news/insight/2026/2026-01-27-south-koreas-ai-basic-act-overview-and-key-takeaways,,3,2026-10-01T15:29Z,,,,,ok
KOR,news,news[3],https://www.recordinglaw.com/world-laws/world-data-privacy-laws/south-korea-data-privacy-laws/,ok,200,,https://www.recordinglaw.com/world-laws/world-data-privacy-laws/south-korea-data-privacy-laws/,,6,2026-10-01T15:29Z,,,,,ok
LIE,source,categories.access.sources[0],https://www.gesetze.li/konso/pdf/2021213000?version=4,ok,200,,https://www.gesetze.li/konso/pdf/2021213000?version=4,,8,2026-10-01T15:29Z,,,,,ok
LIE,source,categories.access.sources[1],https://www.regierung.li/medienportal-medium/16182/234283/0/medienmitteilung,ok,405,200,https://www.regierung.li/medienportal-medium/16182/234283/0/medienmitteilung,,3,2026-10-01T15:29Z,,,,,ok
LIE,source,categories.access.sources[2],https://www.gesetze.li/konso/pdf/2003239000?version=14,ok,200,,https://www.gesetze.li/konso/pdf/2003239000?version=14,,2,2026-10-01T15:29Z,,,,,ok
LIE,source,categories.access.sources[3],https://www.lie-zeit.li/2026/04/egd-akzeptanz-problem/,ok,200,,https://www.lie-zeit.li/2026/04/egd-akzeptanz-problem/,,2,2026-10-01T15:29Z,,,,,ok
LIE,source,categories.control.sources[0],https://www.gesetze.li/konso/pdf/2021213000?version=4,ok,200,,https://www.gesetze.li/konso/pdf/2021213000?version=4,,8,2026-10-01T15:29Z,,,,,ok
LIE,source,categories.control.sources[1],https://www.gesetze.li/konso/pdf/2022365000?version=2,ok,200,,https://www.gesetze.li/konso/pdf/2022365000?version=2,,4,2026-10-01T15:29Z,,,,,ok
LIE,source,categories.control.sources[2],https://www.landtag.li/printkleineanfrage/25139/?t=638267490026099788,ok,200,,https://www.landtag.li/printkleineanfrage/25139/?t=638267490026099788,,1,2026-10-01T15:29Z,,,,,ok
LIE,source,categories.control.sources[3],https://s3.eu-central-1.amazonaws.com/ext-linst-c5-web-liechtenstein-institut.li-2019/4717/0800/9706/LI_Aktuell_2024_1_Energie_eGD_final.pdf,ok,200,,https://s3.eu-central-1.amazonaws.com/ext-linst-c5-web-liechtenstein-institut.li-2019/4717/0800/9706/LI_Aktuell_2024_1_Energie_eGD_final.pdf,,1,2026-10-01T15:29Z,,,,,ok
LIE,source,categories.privacy.sources[0],https://www.efta.int/eea-lex/32016r0679,blocked_unverified,403,403,https://www.efta.int/eea-lex/32016r0679,,3,2026-10-01T15:29Z,blocked_unverified,403,,2026-10-01T15:46Z,blocked_unverified
LIE,source,categories.privacy.sources[1],https://www.gesetze.li/konso/pdf/2021213000?version=4,ok,200,,https://www.gesetze.li/konso/pdf/2021213000?version=4,,8,2026-10-01T15:29Z,,,,,ok
LIE,source,categories.privacy.sources[2],https://www.datenschutzstelle.li/aktuelles/taetigkeitsbericht-2025,ok,200,,https://www.datenschutzstelle.li/aktuelles/taetigkeitsbericht-2025,,2,2026-10-01T15:29Z,,,,,ok
LIE,source,categories.privacy.sources[3],https://www.pentagrid.ch/en/blog/it-sicherheit-beim-elektronischen-gesundheitsdossier-im-fuerstentum-liechtenstein/,ok,200,,https://www.pentagrid.ch/en/blog/it-sicherheit-beim-elektronischen-gesundheitsdossier-im-fuerstentum-liechtenstein/,,1,2026-10-01T15:29Z,,,,,ok
LIE,source,categories.commercial.sources[0],https://www.efta.int/eea-lex/32016r0679,blocked_unverified,403,403,https://www.efta.int/eea-lex/32016r0679,,3,2026-10-01T15:29Z,blocked_unverified,403,,2026-10-01T15:46Z,blocked_unverified
LIE,source,categories.commercial.sources[1],https://www.efta.int/eea-lex/32025r0327,blocked_unverified,403,403,https://www.efta.int/eea-lex/32025r0327,,3,2026-10-01T15:29Z,blocked_unverified,403,,2026-10-01T15:46Z,blocked_unverified
LIE,source,categories.commercial.sources[2],https://www.gesetze.li/konso/pdf/2021213000?version=4,ok,200,,https://www.gesetze.li/konso/pdf/2021213000?version=4,,8,2026-10-01T15:29Z,,,,,ok
LIE,source,categories.journey.sources[0],https://www.gesetze.li/konso/pdf/2021213000?version=4,ok,200,,https://www.gesetze.li/konso/pdf/2021213000?version=4,,8,2026-10-01T15:29Z,,,,,ok
LIE,source,categories.journey.sources[1],https://www.gesetze.li/konso/pdf/2022365000?version=2,ok,200,,https://www.gesetze.li/konso/pdf/2022365000?version=2,,4,2026-10-01T15:29Z,,,,,ok
LIE,source,categories.journey.sources[2],https://www.regierung.li/medienportal-medium/16182/234283/0/medienmitteilung,ok,405,200,https://www.regierung.li/medienportal-medium/16182/234283/0/medienmitteilung,,3,2026-10-01T15:29Z,,,,,ok
LIE,source,categories.journey.sources[3],https://www.h-och.ch/ueber-uns/news/anbindung-an-das-elektronische-gesundheitsdossier-e-gd-des-fuerstentums-liechtenstein-2026-04-14/,ok,200,,https://www.h-och.ch/ueber-uns/news/anbindung-an-das-elektronische-gesundheitsdossier-e-gd-des-fuerstentums-liechtenstein-2026-04-14/,,2,2026-10-01T15:29Z,,,,,ok
LIE,source,categories.clinical.sources[0],https://www.gesetze.li/konso/pdf/2022365000?version=2,ok,200,,https://www.gesetze.li/konso/pdf/2022365000?version=2,,4,2026-10-01T15:29Z,,,,,ok
LIE,source,categories.clinical.sources[1],https://www.gesetze.li/konso/pdf/2021213000?version=4,ok,200,,https://www.gesetze.li/konso/pdf/2021213000?version=4,,8,2026-10-01T15:29Z,,,,,ok
LIE,source,categories.research.sources[0],https://swissethics.ch/assets/swissethics/jahresberichte/bag_jahresbericht_2021_a4_en.pdf,ok,200,,https://swissethics.ch/assets/swissethics/jahresberichte/bag_jahresbericht_2021_a4_en.pdf,,1,2026-10-01T15:29Z,,,,,ok
LIE,source,categories.research.sources[1],https://www.gesetze.li/konso/pdf/2021213000?version=4,ok,200,,https://www.gesetze.li/konso/pdf/2021213000?version=4,,8,2026-10-01T15:29Z,,,,,ok
LIE,source,categories.research.sources[2],https://www.efta.int/eea-lex/32025r0327,blocked_unverified,403,403,https://www.efta.int/eea-lex/32025r0327,,3,2026-10-01T15:29Z,blocked_unverified,403,,2026-10-01T15:46Z,blocked_unverified
LIE,source,categories.research.sources[3],https://gesetze.li/konso/html/2024074000?search_loc=&search_text=&version=1,ok,200,,https://gesetze.li/konso/html/2024074000?search_loc=&search_text=&version=1,,2,2026-10-01T15:29Z,,,,,ok
LIE,source,categories.ai.sources[0],https://www.efta.int/eea-lex/32017r0745,blocked_unverified,403,403,https://www.efta.int/eea-lex/32017r0745,,2,2026-10-01T15:29Z,blocked_unverified,403,,2026-10-01T15:46Z,blocked_unverified
LIE,source,categories.ai.sources[1],https://www.efta.int/eea-lex/32024r1689,blocked_unverified,403,403,https://www.efta.int/eea-lex/32024r1689,,2,2026-10-01T15:29Z,blocked_unverified,403,,2026-10-01T15:46Z,blocked_unverified
LIE,source,categories.ai.sources[2],https://gesetze.li/konso/html/2024074000?search_loc=&search_text=&version=1,ok,200,,https://gesetze.li/konso/html/2024074000?search_loc=&search_text=&version=1,,2,2026-10-01T15:29Z,,,,,ok
LIE,source,categories.ai.sources[3],https://digital-liechtenstein.li/der-ai-act-ist-gestaffelt-anwendbar/,ok,200,,https://digital-liechtenstein.li/der-ai-act-ist-gestaffelt-anwendbar/,,1,2026-10-01T15:29Z,,,,,ok
LIE,law,laws[0],https://www.gesetze.li/konso/pdf/2021213000?version=4,ok,200,,https://www.gesetze.li/konso/pdf/2021213000?version=4,,8,2026-10-01T15:29Z,,,,,ok
LIE,law,laws[1],https://www.gesetze.li/konso/pdf/2022365000?version=2,ok,200,,https://www.gesetze.li/konso/pdf/2022365000?version=2,,4,2026-10-01T15:29Z,,,,,ok
LIE,law,laws[2],https://www.gesetze.li/konso/pdf/2003239000?version=14,ok,200,,https://www.gesetze.li/konso/pdf/2003239000?version=14,,2,2026-10-01T15:29Z,,,,,ok
LIE,law,laws[3],https://www.efta.int/eea-lex/32016r0679,blocked_unverified,403,403,https://www.efta.int/eea-lex/32016r0679,,3,2026-10-01T15:29Z,blocked_unverified,403,,2026-10-01T15:46Z,blocked_unverified
LIE,law,laws[4],https://www.efta.int/eea-lex/32017r0745,blocked_unverified,403,403,https://www.efta.int/eea-lex/32017r0745,,2,2026-10-01T15:29Z,blocked_unverified,403,,2026-10-01T15:46Z,blocked_unverified
LIE,law,laws[5],https://www.efta.int/eea-lex/32025r0327,blocked_unverified,403,403,https://www.efta.int/eea-lex/32025r0327,,3,2026-10-01T15:29Z,blocked_unverified,403,,2026-10-01T15:46Z,blocked_unverified
LIE,law,laws[6],https://www.efta.int/eea-lex/32024r1689,blocked_unverified,403,403,https://www.efta.int/eea-lex/32024r1689,,2,2026-10-01T15:29Z,blocked_unverified,403,,2026-10-01T15:46Z,blocked_unverified
LIE,news,news[0],https://www.regierung.li/medienportal-medium/16182/234283/0/medienmitteilung,ok,405,200,https://www.regierung.li/medienportal-medium/16182/234283/0/medienmitteilung,,3,2026-10-01T15:29Z,,,,,ok
LIE,news,news[1],https://www.h-och.ch/ueber-uns/news/anbindung-an-das-elektronische-gesundheitsdossier-e-gd-des-fuerstentums-liechtenstein-2026-04-14/,ok,200,,https://www.h-och.ch/ueber-uns/news/anbindung-an-das-elektronische-gesundheitsdossier-e-gd-des-fuerstentums-liechtenstein-2026-04-14/,,2,2026-10-01T15:29Z,,,,,ok
LIE,news,news[2],https://www.lie-zeit.li/2026/04/egd-akzeptanz-problem/,ok,200,,https://www.lie-zeit.li/2026/04/egd-akzeptanz-problem/,,2,2026-10-01T15:29Z,,,,,ok
LIE,news,news[3],https://www.datenschutzstelle.li/aktuelles/taetigkeitsbericht-2025,ok,200,,https://www.datenschutzstelle.li/aktuelles/taetigkeitsbericht-2025,,2,2026-10-01T15:29Z,,,,,ok
LIE,news,news[4],https://www.presseportal.ch/de/pm/100000148/100942549,ok,200,,https://www.presseportal.ch/de/pm/100000148/100942549,,1,2026-10-01T15:29Z,,,,,ok
LTU,source,categories.access.sources[0],https://e-seimas.lrs.lt/portal/legalAct/lt/TAD/TAIS.31932/asr,ok,200,,https://e-seimas.lrs.lt/portal/legalAct/lt/TAD/TAIS.31932/asr,,3,2026-10-01T15:29Z,,,,,ok
LTU,source,categories.access.sources[1],https://www.esveikata.lt/e-sveikata,ok,200,,https://www.esveikata.lt/e-sveikata,,1,2026-10-01T15:29Z,,,,,ok
LTU,source,categories.access.sources[2],http://espanadigital.gob.es/sites/espanadigital/files/2025-12/Estudio%20de%20Indicadores%20de%20eHealth%20de%20la%20D%C3%A9cada%20Digital%202025.pdf,ok,200,,http://espanadigital.gob.es/sites/espanadigital/files/2025-12/Estudio%20de%20Indicadores%20de%20eHealth%20de%20la%20D%C3%A9cada%20Digital%202025.pdf,,1,2026-10-01T15:29Z,,,,,ok
LTU,source,categories.access.sources[3],https://www.esveikata.lt/naujiena/259,ok,200,,https://www.esveikata.lt/naujiena/259,,4,2026-10-01T15:29Z,,,,,ok
LTU,source,categories.control.sources[0],https://pacientas.esveikata.lt/help/pages/perzireti-esi-irasa.html,ok,200,,https://pacientas.esveikata.lt/help/pages/perzireti-esi-irasa.html,,2,2026-10-01T15:29Z,,,,,ok
LTU,source,categories.control.sources[1],https://ec.europa.eu/health/system/files/2016-11/laws_lithuania_en_0.pdf,ok,200,,https://health.ec.europa.eu/system/files/2016-11/laws_lithuania_en_0.pdf,,1,2026-10-01T15:29Z,,,,,ok
LTU,source,categories.control.sources[2],https://www.15min.lt/verslas/naujiena/bendroves/siurbiami-ne-tik-registru-centro-duomenys-jusu-sveikatos-duomenis-gali-perskaityti-ir-valytoja-663-2698800,ok,200,,https://www.15min.lt/verslas/naujiena/bendroves/siurbiami-ne-tik-registru-centro-duomenys-jusu-sveikatos-duomenis-gali-perskaityti-ir-valytoja-663-2698800,,3,2026-10-01T15:29Z,,,,,ok
LTU,source,categories.privacy.sources[0],https://e-seimas.lrs.lt/portal/legalAct/lt/TAD/TAIS.31932/asr,ok,200,,https://e-seimas.lrs.lt/portal/legalAct/lt/TAD/TAIS.31932/asr,,3,2026-10-01T15:29Z,,,,,ok
LTU,source,categories.privacy.sources[1],https://www.esveikata.lt/naujiena/318,ok,200,,https://www.esveikata.lt/naujiena/318,,2,2026-10-01T15:29Z,,,,,ok
LTU,source,categories.privacy.sources[2],https://www.15min.lt/verslas/naujiena/bendroves/siurbiami-ne-tik-registru-centro-duomenys-jusu-sveikatos-duomenis-gali-perskaityti-ir-valytoja-663-2698800,ok,200,,https://www.15min.lt/verslas/naujiena/bendroves/siurbiami-ne-tik-registru-centro-duomenys-jusu-sveikatos-duomenis-gali-perskaityti-ir-valytoja-663-2698800,,3,2026-10-01T15:29Z,,,,,ok
LTU,source,categories.commercial.sources[0],https://e-seimas.lrs.lt/portal/legalAct/lt/TAD/72c77a52626411ecb2fe9975f8a9e52e/asr,ok,200,,https://e-seimas.lrs.lt/portal/legalAct/lt/TAD/72c77a52626411ecb2fe9975f8a9e52e/asr,,3,2026-10-01T15:29Z,,,,,ok
LTU,source,categories.journey.sources[0],https://www.esveikata.lt/naujiena/259,ok,200,,https://www.esveikata.lt/naujiena/259,,4,2026-10-01T15:29Z,,,,,ok
LTU,source,categories.journey.sources[1],https://www.esveikata.lt/naujiena/210,ok,200,,https://www.esveikata.lt/naujiena/210,,1,2026-10-01T15:29Z,,,,,ok
LTU,source,categories.journey.sources[2],https://www.esveikata.lt/naujiena/274,ok,200,,https://www.esveikata.lt/naujiena/274,,3,2026-10-01T15:29Z,,,,,ok
LTU,source,categories.journey.sources[3],https://academic.oup.com/ije/article/54/4/dyaf118/8186979,ok,200,,https://academic.oup.com/ije/article/54/4/dyaf118/8186979,,2,2026-10-01T15:29Z,,,,,ok
LTU,source,categories.clinical.sources[0],https://pacientas.esveikata.lt/help/pages/perzireti-esi-irasa.html,ok,200,,https://pacientas.esveikata.lt/help/pages/perzireti-esi-irasa.html,,2,2026-10-01T15:29Z,,,,,ok
LTU,source,categories.clinical.sources[1],https://www.esveikata.lt/naujiena/259,ok,200,,https://www.esveikata.lt/naujiena/259,,4,2026-10-01T15:29Z,,,,,ok
LTU,source,categories.clinical.sources[2],https://www.esveikata.lt/naujiena/274,ok,200,,https://www.esveikata.lt/naujiena/274,,3,2026-10-01T15:29Z,,,,,ok
LTU,source,categories.clinical.sources[3],https://www.tv3.lt/naujiena/lietuva/premjere-e-sveikata-vadina-anekdotu-tikisi-it-progreso-viesajame-sektoriuje-n1468966,ok,200,,https://www.tv3.lt/naujiena/lietuva/premjere-e-sveikata-vadina-anekdotu-tikisi-it-progreso-viesajame-sektoriuje-n1468966,,2,2026-10-01T15:29Z,,,,,ok
LTU,source,categories.research.sources[0],https://e-seimas.lrs.lt/portal/legalAct/lt/TAD/72c77a52626411ecb2fe9975f8a9e52e/asr,ok,200,,https://e-seimas.lrs.lt/portal/legalAct/lt/TAD/72c77a52626411ecb2fe9975f8a9e52e/asr,,3,2026-10-01T15:29Z,,,,,ok
LTU,source,categories.research.sources[1],https://e-seimas.lrs.lt/portal/legalAct/lt/TAD/b34677de288611ea8f0dfdc2b5879561/asr,ok,200,,https://e-seimas.lrs.lt/portal/legalAct/lt/TAD/b34677de288611ea8f0dfdc2b5879561/asr,,2,2026-10-01T15:29Z,,,,,ok
LTU,source,categories.research.sources[2],https://academic.oup.com/ije/article/54/4/dyaf118/8186979,ok,200,,https://academic.oup.com/ije/article/54/4/dyaf118/8186979,,2,2026-10-01T15:29Z,,,,,ok
LTU,source,categories.research.sources[3],https://health.ec.europa.eu/ehealth-digital-health-and-care/european-health-data-space-regulation-ehds_en,ok,200,,https://health.ec.europa.eu/ehealth-digital-health-and-care/european-health-data-space-regulation-ehds_en,,31,2026-10-01T15:29Z,,,,,ok
LTU,source,categories.ai.sources[0],https://ai-act-service-desk.ec.europa.eu/en/national-resources,ok,200,,https://ai-act-service-desk.ec.europa.eu/en/national-resources,,2,2026-10-01T15:29Z,,,,,ok
LTU,source,categories.ai.sources[1],https://www.cyberlawwatch.com/2026/07/31/eu-digital-omnibus-on-ai-enters-into-force/,ok,200,,https://www.cyberlawwatch.com/2026/07/31/eu-digital-omnibus-on-ai-enters-into-force/,,12,2026-10-01T15:29Z,,,,,ok
LTU,law,laws[0],https://e-seimas.lrs.lt/portal/legalAct/lt/TAD/TAIS.31932/asr,ok,200,,https://e-seimas.lrs.lt/portal/legalAct/lt/TAD/TAIS.31932/asr,,3,2026-10-01T15:29Z,,,,,ok
LTU,law,laws[1],https://e-seimas.lrs.lt/portal/legalAct/lt/TAD/72c77a52626411ecb2fe9975f8a9e52e/asr,ok,200,,https://e-seimas.lrs.lt/portal/legalAct/lt/TAD/72c77a52626411ecb2fe9975f8a9e52e/asr,,3,2026-10-01T15:29Z,,,,,ok
LTU,law,laws[2],https://e-seimas.lrs.lt/portal/legalAct/lt/TAD/b34677de288611ea8f0dfdc2b5879561/asr,ok,200,,https://e-seimas.lrs.lt/portal/legalAct/lt/TAD/b34677de288611ea8f0dfdc2b5879561/asr,,2,2026-10-01T15:29Z,,,,,ok
LTU,law,laws[3],https://health.ec.europa.eu/ehealth-digital-health-and-care/european-health-data-space-regulation-ehds_en,ok,200,,https://health.ec.europa.eu/ehealth-digital-health-and-care/european-health-data-space-regulation-ehds_en,,31,2026-10-01T15:29Z,,,,,ok
LTU,law,laws[4],https://www.cyberlawwatch.com/2026/07/31/eu-digital-omnibus-on-ai-enters-into-force/,ok,200,,https://www.cyberlawwatch.com/2026/07/31/eu-digital-omnibus-on-ai-enters-into-force/,,12,2026-10-01T15:29Z,,,,,ok
LTU,news,news[0],https://www.esveikata.lt/naujiena/318,ok,200,,https://www.esveikata.lt/naujiena/318,,2,2026-10-01T15:29Z,,,,,ok
LTU,news,news[1],https://www.15min.lt/verslas/naujiena/bendroves/siurbiami-ne-tik-registru-centro-duomenys-jusu-sveikatos-duomenis-gali-perskaityti-ir-valytoja-663-2698800,ok,200,,https://www.15min.lt/verslas/naujiena/bendroves/siurbiami-ne-tik-registru-centro-duomenys-jusu-sveikatos-duomenis-gali-perskaityti-ir-valytoja-663-2698800,,3,2026-10-01T15:29Z,,,,,ok
LTU,news,news[2],https://www.tv3.lt/naujiena/lietuva/premjere-e-sveikata-vadina-anekdotu-tikisi-it-progreso-viesajame-sektoriuje-n1468966,ok,200,,https://www.tv3.lt/naujiena/lietuva/premjere-e-sveikata-vadina-anekdotu-tikisi-it-progreso-viesajame-sektoriuje-n1468966,,2,2026-10-01T15:29Z,,,,,ok
LTU,news,news[3],https://www.esveikata.lt/naujiena/274,ok,200,,https://www.esveikata.lt/naujiena/274,,3,2026-10-01T15:29Z,,,,,ok
LTU,news,news[4],https://www.esveikata.lt/naujiena/259,ok,200,,https://www.esveikata.lt/naujiena/259,,4,2026-10-01T15:29Z,,,,,ok
LUX,source,categories.access.sources[0],https://data.legilux.public.lu/file/eli-etat-leg-loi-2014-07-24-n2-jo-fr-html.html,ok,403,200,https://data.legilux.public.lu/filestore/eli/etat/leg/loi/2014/07/24/n2/jo/fr/html/eli-etat-leg-loi-2014-07-24-n2-jo-fr-html.html,,2,2026-10-01T15:29Z,,,,,ok
LUX,source,categories.access.sources[1],https://guichet.public.lu/fr/citoyens/sante/droits-devoirs-patient/droits-devoirs-patient/dsp.html,ok,200,,https://guichet.public.lu/fr/citoyens/sante/droits-devoirs-patient/droits-devoirs-patient/dsp.html,,2,2026-10-01T15:29Z,,,,,ok
LUX,source,categories.access.sources[2],https://digital-strategy.ec.europa.eu/en/factpages/luxembourgs-2026-digital-decade-country-report,ok,200,,https://digital-strategy.ec.europa.eu/en/factpages/luxembourgs-2026-digital-decade-country-report,,3,2026-10-01T15:29Z,,,,,ok
LUX,source,categories.access.sources[3],https://lequotidien.lu/politique-societe/sante-numerique-lannee-de-lacceleration-pour-lagence-esante/,ok,200,,https://lequotidien.lu/politique-societe/sante-numerique-lannee-de-lacceleration-pour-lagence-esante/,,4,2026-10-01T15:29Z,,,,,ok
LUX,source,categories.control.sources[0],https://data.legilux.public.lu/filestore/eli/etat/leg/rgd/2019/12/06/a909/jo/fr/html/eli-etat-leg-rgd-2019-12-06-a909-jo-fr-html.html,ok,403,200,https://data.legilux.public.lu/filestore/eli/etat/leg/rgd/2019/12/06/a909/jo/fr/html/eli-etat-leg-rgd-2019-12-06-a909-jo-fr-html.html,,3,2026-10-01T15:29Z,,,,,ok
LUX,source,categories.control.sources[1],https://www.secu.lu/assurance-maladie/livre-i/chapitre-v-relations-avec-les-prestataires-de-soins/art-60quater/,ok,200,,https://www.secu.lu/assurance-maladie/livre-i/chapitre-v-relations-avec-les-prestataires-de-soins/art-60quater/,,4,2026-10-01T15:29Z,,,,,ok
LUX,source,categories.control.sources[2],https://guichet.public.lu/fr/citoyens/sante/droits-devoirs-patient/droits-devoirs-patient/dsp.html,ok,200,,https://guichet.public.lu/fr/citoyens/sante/droits-devoirs-patient/droits-devoirs-patient/dsp.html,,2,2026-10-01T15:29Z,,,,,ok
LUX,source,categories.control.sources[3],https://m3s.gouvernement.lu/fr/actualites.gouvernement2024%2Bfr%2Bactualites%2Btoutes_actualites%2Bcommuniques%2B2025%2B12-decembre%2B01-dsp-myguichet.html,ok,200,,https://m3s.gouvernement.lu/fr/actualites.gouvernement2024%2Bfr%2Bactualites%2Btoutes_actualites%2Bcommuniques%2B2025%2B12-decembre%2B01-dsp-myguichet.html,,2,2026-10-01T15:29Z,,,,,ok
LUX,source,categories.privacy.sources[0],https://data.legilux.public.lu/file/eli-etat-leg-loi-2018-08-01-a686-jo-fr-html.html,ok,403,200,https://data.legilux.public.lu/filestore/eli/etat/leg/loi/2018/08/01/a686/jo/fr/html/eli-etat-leg-loi-2018-08-01-a686-jo-fr-html.html,,4,2026-10-01T15:29Z,,,,,ok
LUX,source,categories.privacy.sources[1],https://cnpd.public.lu/fr/decisions-sanctions.html,ok,200,,https://cnpd.public.lu/fr/decisions-sanctions.html,,1,2026-10-01T15:29Z,,,,,ok
LUX,source,categories.privacy.sources[2],https://www.lessentiel.lu/fr/story/au-luxembourg-80-cabinets-medicaux-auraient-ete-touches-par-une-cyberattaque-103629329,ok,200,,https://www.lessentiel.lu/fr/story/au-luxembourg-80-cabinets-medicaux-auraient-ete-touches-par-une-cyberattaque-103629329,,2,2026-10-01T15:29Z,,,,,ok
LUX,source,categories.privacy.sources[3],https://www.reporter.lu/fr/exclusif-sante-digitale-une-cyberattaque-qui-fait-paniquer-les-medecins/,ok,200,,https://www.reporter.lu/fr/exclusif-sante-digitale-une-cyberattaque-qui-fait-paniquer-les-medecins/,,1,2026-10-01T15:29Z,,,,,ok
LUX,source,categories.commercial.sources[0],https://data.legilux.public.lu/file/eli-etat-leg-loi-2018-08-01-a686-jo-fr-html.html,ok,403,200,https://data.legilux.public.lu/filestore/eli/etat/leg/loi/2018/08/01/a686/jo/fr/html/eli-etat-leg-loi-2018-08-01-a686-jo-fr-html.html,,4,2026-10-01T15:29Z,,,,,ok
LUX,source,categories.commercial.sources[1],https://www.secu.lu/assurance-maladie/livre-i/chapitre-v-relations-avec-les-prestataires-de-soins/art-60quater/,ok,200,,https://www.secu.lu/assurance-maladie/livre-i/chapitre-v-relations-avec-les-prestataires-de-soins/art-60quater/,,4,2026-10-01T15:29Z,,,,,ok
LUX,source,categories.journey.sources[0],https://data.legilux.public.lu/filestore/eli/etat/leg/rgd/2019/12/06/a909/jo/fr/html/eli-etat-leg-rgd-2019-12-06-a909-jo-fr-html.html,ok,403,200,https://data.legilux.public.lu/filestore/eli/etat/leg/rgd/2019/12/06/a909/jo/fr/html/eli-etat-leg-rgd-2019-12-06-a909-jo-fr-html.html,,3,2026-10-01T15:29Z,,,,,ok
LUX,source,categories.journey.sources[1],https://health.ec.europa.eu/ehealth-digital-health-and-care/digital-health-and-care/electronic-cross-border-health-services/patient-information-notices-luxembourg_en,ok,200,,https://health.ec.europa.eu/ehealth-digital-health-and-care/digital-health-and-care/electronic-cross-border-health-services/patient-information-notices-luxembourg_en,,1,2026-10-01T15:29Z,,,,,ok
LUX,source,categories.journey.sources[2],https://digital-strategy.ec.europa.eu/en/factpages/luxembourgs-2026-digital-decade-country-report,ok,200,,https://digital-strategy.ec.europa.eu/en/factpages/luxembourgs-2026-digital-decade-country-report,,3,2026-10-01T15:29Z,,,,,ok
LUX,source,categories.journey.sources[3],https://lequotidien.lu/politique-societe/sante-numerique-lannee-de-lacceleration-pour-lagence-esante/,ok,200,,https://lequotidien.lu/politique-societe/sante-numerique-lannee-de-lacceleration-pour-lagence-esante/,,4,2026-10-01T15:29Z,,,,,ok
LUX,source,categories.clinical.sources[0],https://www.secu.lu/assurance-maladie/livre-i/chapitre-v-relations-avec-les-prestataires-de-soins/art-60quater/,ok,200,,https://www.secu.lu/assurance-maladie/livre-i/chapitre-v-relations-avec-les-prestataires-de-soins/art-60quater/,,4,2026-10-01T15:29Z,,,,,ok
LUX,source,categories.clinical.sources[1],https://www.esante.lu/portal/en/e-sant-information/services-esante-pour-les-patients-406-574.html,ok,200,,https://www.esante.lu/portal/en/e-sant-information/services-esante-pour-les-patients-406-574.html,,1,2026-10-01T15:29Z,,,,,ok
LUX,source,categories.clinical.sources[2],https://lequotidien.lu/politique-societe/sante-numerique-lannee-de-lacceleration-pour-lagence-esante/,ok,200,,https://lequotidien.lu/politique-societe/sante-numerique-lannee-de-lacceleration-pour-lagence-esante/,,4,2026-10-01T15:29Z,,,,,ok
LUX,source,categories.research.sources[0],https://cner.gouvernement.lu/fr/statuts-legislation.html,ok,200,,https://cner.gouvernement.lu/fr/statuts-legislation.html,,1,2026-10-01T15:29Z,,,,,ok
LUX,source,categories.research.sources[1],https://www.lnds.lu/hdab-lu/,ok,200,,https://www.lnds.lu/hdab-lu/,,1,2026-10-01T15:29Z,,,,,ok
LUX,source,categories.research.sources[2],https://data.legilux.public.lu/file/eli-etat-leg-loi-2018-08-01-a686-jo-fr-html.html,ok,403,200,https://data.legilux.public.lu/filestore/eli/etat/leg/loi/2018/08/01/a686/jo/fr/html/eli-etat-leg-loi-2018-08-01-a686-jo-fr-html.html,,4,2026-10-01T15:29Z,,,,,ok
LUX,source,categories.ai.sources[0],https://www.chd.lu/fr/dossier/8476,ok,200,,https://www.chd.lu/fr/dossier/8476,,1,2026-10-01T15:29Z,,,,,ok
LUX,source,categories.ai.sources[1],https://cnpd.public.lu/fr/actualites/national/2026/01/ai-act-in-action-cp-jan2026.html,ok,200,,https://cnpd.public.lu/fr/actualites/national/2026/01/ai-act-in-action-cp-jan2026.html,,2,2026-10-01T15:29Z,,,,,ok
LUX,law,laws[0],https://data.legilux.public.lu/file/eli-etat-leg-loi-2014-07-24-n2-jo-fr-html.html,ok,403,200,https://data.legilux.public.lu/filestore/eli/etat/leg/loi/2014/07/24/n2/jo/fr/html/eli-etat-leg-loi-2014-07-24-n2-jo-fr-html.html,,2,2026-10-01T15:29Z,,,,,ok
LUX,law,laws[1],https://www.secu.lu/assurance-maladie/livre-i/chapitre-v-relations-avec-les-prestataires-de-soins/art-60quater/,ok,200,,https://www.secu.lu/assurance-maladie/livre-i/chapitre-v-relations-avec-les-prestataires-de-soins/art-60quater/,,4,2026-10-01T15:29Z,,,,,ok
LUX,law,laws[2],https://data.legilux.public.lu/filestore/eli/etat/leg/rgd/2019/12/06/a909/jo/fr/html/eli-etat-leg-rgd-2019-12-06-a909-jo-fr-html.html,ok,403,200,https://data.legilux.public.lu/filestore/eli/etat/leg/rgd/2019/12/06/a909/jo/fr/html/eli-etat-leg-rgd-2019-12-06-a909-jo-fr-html.html,,3,2026-10-01T15:29Z,,,,,ok
LUX,law,laws[3],https://data.legilux.public.lu/file/eli-etat-leg-loi-2018-08-01-a686-jo-fr-html.html,ok,403,200,https://data.legilux.public.lu/filestore/eli/etat/leg/loi/2018/08/01/a686/jo/fr/html/eli-etat-leg-loi-2018-08-01-a686-jo-fr-html.html,,4,2026-10-01T15:29Z,,,,,ok
LUX,law,laws[4],https://commission.europa.eu/law/law-topic/data-protection/legal-framework-eu-data-protection_en,ok,200,,https://commission.europa.eu/law/law-topic/data-protection/legal-framework-eu-data-protection_en,,2,2026-10-01T15:29Z,,,,,ok
LUX,law,laws[5],https://health.ec.europa.eu/ehealth-digital-health-and-care/european-health-data-space-regulation-ehds_en,ok,200,,https://health.ec.europa.eu/ehealth-digital-health-and-care/european-health-data-space-regulation-ehds_en,,31,2026-10-01T15:29Z,,,,,ok
LUX,law,laws[6],https://digital-strategy.ec.europa.eu/en/policies/regulatory-framework-ai,ok,200,,https://digital-strategy.ec.europa.eu/en/policies/regulatory-framework-ai,,10,2026-10-01T15:29Z,,,,,ok
LUX,news,news[0],https://m3s.gouvernement.lu/fr/actualites.gouvernement2024%2Bfr%2Bactualites%2Btoutes_actualites%2Bcommuniques%2B2025%2B12-decembre%2B01-dsp-myguichet.html,ok,200,,https://m3s.gouvernement.lu/fr/actualites.gouvernement2024%2Bfr%2Bactualites%2Btoutes_actualites%2Bcommuniques%2B2025%2B12-decembre%2B01-dsp-myguichet.html,,2,2026-10-01T15:29Z,,,,,ok
LUX,news,news[1],https://cnpd.public.lu/fr/actualites/national/2026/01/ai-act-in-action-cp-jan2026.html,ok,200,,https://cnpd.public.lu/fr/actualites/national/2026/01/ai-act-in-action-cp-jan2026.html,,2,2026-10-01T15:29Z,,,,,ok
LUX,news,news[2],https://lequotidien.lu/politique-societe/sante-numerique-lannee-de-lacceleration-pour-lagence-esante/,ok,200,,https://lequotidien.lu/politique-societe/sante-numerique-lannee-de-lacceleration-pour-lagence-esante/,,4,2026-10-01T15:29Z,,,,,ok
LUX,news,news[3],https://digital-strategy.ec.europa.eu/en/factpages/luxembourgs-2026-digital-decade-country-report,ok,200,,https://digital-strategy.ec.europa.eu/en/factpages/luxembourgs-2026-digital-decade-country-report,,3,2026-10-01T15:29Z,,,,,ok
LUX,news,news[4],https://www.lessentiel.lu/fr/story/au-luxembourg-80-cabinets-medicaux-auraient-ete-touches-par-une-cyberattaque-103629329,ok,200,,https://www.lessentiel.lu/fr/story/au-luxembourg-80-cabinets-medicaux-auraient-ete-touches-par-une-cyberattaque-103629329,,2,2026-10-01T15:29Z,,,,,ok
LVA,source,categories.access.sources[0],https://likumi.lv/ta/id/203008-pacientu-tiesibu-likums,ok,200,,https://likumi.lv/ta/id/203008-pacientu-tiesibu-likums,,5,2026-10-01T15:29Z,,,,,ok
LVA,source,categories.access.sources[1],https://lvportals.lv/skaidrojumi/388343-kadi-dati-pieejami-e-veselibas-sistema-un-kas-tiem-var-pieklut-2026,ok,200,,https://lvportals.lv/skaidrojumi/388343-kadi-dati-pieejami-e-veselibas-sistema-un-kas-tiem-var-pieklut-2026,,3,2026-10-01T15:29Z,,,,,ok
LVA,source,categories.access.sources[2],https://ldvc.lv/latvijas-digitalas-veselibas-centrs-pirmaja-darbibas-gada-paveikts-butisks-darbs-digitalas-veselibas-attistiba/,ok,200,,https://ldvc.lv/latvijas-digitalas-veselibas-centrs-pirmaja-darbibas-gada-paveikts-butisks-darbs-digitalas-veselibas-attistiba/,,1,2026-10-01T15:29Z,,,,,ok
LVA,source,categories.access.sources[3],https://www.oecd.org/content/dam/oecd/en/publications/reports/2025/12/country-health-profile-2025-country-notes_7e72146d/latvia_49bcb16d/acdd6b03-en.pdf,ok,200,,https://www.oecd.org/content/dam/oecd/en/publications/reports/2025/12/country-health-profile-2025-country-notes_7e72146d/latvia_49bcb16d/acdd6b03-en.pdf,,2,2026-10-01T15:29Z,,,,,ok
LVA,source,categories.control.sources[0],https://likumi.lv/ta/id/264943,ok,200,,https://likumi.lv/ta/id/264943,,4,2026-10-01T15:29Z,,,,,ok
LVA,source,categories.control.sources[1],https://lvportals.lv/skaidrojumi/388343-kadi-dati-pieejami-e-veselibas-sistema-un-kas-tiem-var-pieklut-2026,ok,200,,https://lvportals.lv/skaidrojumi/388343-kadi-dati-pieejami-e-veselibas-sistema-un-kas-tiem-var-pieklut-2026,,3,2026-10-01T15:29Z,,,,,ok
LVA,source,categories.control.sources[2],https://eng.lsm.lv/article/society/health/29.01.2024-doctor-raises-alarm-over-unauthorized-patient-data-access.a540705/,blocked_unverified,403,403,https://eng.lsm.lv/article/society/health/29.01.2024-doctor-raises-alarm-over-unauthorized-patient-data-access.a540705/,,1,2026-10-01T15:29Z,blocked_unverified,403,,2026-10-01T15:46Z,blocked_unverified
LVA,source,categories.privacy.sources[0],https://likumi.lv/ta/id/203008-pacientu-tiesibu-likums,ok,200,,https://likumi.lv/ta/id/203008-pacientu-tiesibu-likums,,5,2026-10-01T15:29Z,,,,,ok
LVA,source,categories.privacy.sources[1],https://likumi.lv/ta/id/300099-fizisko-personu-datu-apstrades-likums,ok,200,,https://likumi.lv/ta/id/300099-fizisko-personu-datu-apstrades-likums,,2,2026-10-01T15:29Z,,,,,ok
LVA,source,categories.privacy.sources[2],https://bnn.lv/e-veselibas-dati-skatiti-bez-iemesla-dvi-atklaj-parkapumus-latvija/,ok,200,,https://bnn.lv/sabiedriba/e-veselibas-dati-skatiti-bez-iemesla-dvi-atklaj-parkapumus-latvija-5vz94vx,,2,2026-10-01T15:29Z,,,,,ok
LVA,source,categories.privacy.sources[3],https://eng.lsm.lv/article/society/health/30.06.2026-damaged-cable-leaves-patients-without-meds-in-latvia.a653205/,blocked_unverified,403,403,https://eng.lsm.lv/article/society/health/30.06.2026-damaged-cable-leaves-patients-without-meds-in-latvia.a653205/,,2,2026-10-01T15:29Z,blocked_unverified,403,,2026-10-01T15:46Z,blocked_unverified
LVA,source,categories.commercial.sources[0],https://likumi.lv/ta/id/203008-pacientu-tiesibu-likums,ok,200,,https://likumi.lv/ta/id/203008-pacientu-tiesibu-likums,,5,2026-10-01T15:29Z,,,,,ok
LVA,source,categories.commercial.sources[1],https://likumi.lv/ta/id/275747-kartiba-kada-atlauj-izmantot-pacienta-datus-konkreta-petijuma,ok,200,,https://likumi.lv/ta/id/275747-kartiba-kada-atlauj-izmantot-pacienta-datus-konkreta-petijuma,,3,2026-10-01T15:29Z,,,,,ok
LVA,source,categories.journey.sources[0],https://ldvc.lv/wp-content/uploads/2026/09/EVES_EVAK_2026_augusts.pdf,ok,200,,https://ldvc.lv/wp-content/uploads/2026/09/EVES_EVAK_2026_augusts.pdf,,2,2026-10-01T15:29Z,,,,,ok
LVA,source,categories.journey.sources[1],https://likumi.lv/ta/id/264943,ok,200,,https://likumi.lv/ta/id/264943,,4,2026-10-01T15:29Z,,,,,ok
LVA,source,categories.journey.sources[2],https://eng.lsm.lv/article/society/health/05.05.2026-digital-referrals-now-mandatory-in-latvias-healthcare-system.a645708/,blocked_unverified,403,403,https://eng.lsm.lv/article/society/health/05.05.2026-digital-referrals-now-mandatory-in-latvias-healthcare-system.a645708/,,2,2026-10-01T15:29Z,blocked_unverified,403,,2026-10-01T15:46Z,blocked_unverified
LVA,source,categories.journey.sources[3],https://www.oecd.org/content/dam/oecd/en/publications/reports/2025/12/country-health-profile-2025-country-notes_7e72146d/latvia_49bcb16d/acdd6b03-en.pdf,ok,200,,https://www.oecd.org/content/dam/oecd/en/publications/reports/2025/12/country-health-profile-2025-country-notes_7e72146d/latvia_49bcb16d/acdd6b03-en.pdf,,2,2026-10-01T15:29Z,,,,,ok
LVA,source,categories.clinical.sources[0],https://lvportals.lv/skaidrojumi/388343-kadi-dati-pieejami-e-veselibas-sistema-un-kas-tiem-var-pieklut-2026,ok,200,,https://lvportals.lv/skaidrojumi/388343-kadi-dati-pieejami-e-veselibas-sistema-un-kas-tiem-var-pieklut-2026,,3,2026-10-01T15:29Z,,,,,ok
LVA,source,categories.clinical.sources[1],https://likumi.lv/ta/id/264943,ok,200,,https://likumi.lv/ta/id/264943,,4,2026-10-01T15:29Z,,,,,ok
LVA,source,categories.clinical.sources[2],https://ldvc.lv/wp-content/uploads/2026/09/EVES_EVAK_2026_augusts.pdf,ok,200,,https://ldvc.lv/wp-content/uploads/2026/09/EVES_EVAK_2026_augusts.pdf,,2,2026-10-01T15:29Z,,,,,ok
LVA,source,categories.clinical.sources[3],https://eng.lsm.lv/article/society/health/04.06.2026-latvia-will-start-exchanging-laboratory-data-with-other-eu-states.a650077/,blocked_unverified,403,403,https://eng.lsm.lv/article/society/health/04.06.2026-latvia-will-start-exchanging-laboratory-data-with-other-eu-states.a650077/,,2,2026-10-01T15:29Z,blocked_unverified,403,,2026-10-01T15:46Z,blocked_unverified
LVA,source,categories.research.sources[0],https://likumi.lv/ta/id/203008-pacientu-tiesibu-likums,ok,200,,https://likumi.lv/ta/id/203008-pacientu-tiesibu-likums,,5,2026-10-01T15:29Z,,,,,ok
LVA,source,categories.research.sources[1],https://likumi.lv/ta/id/275747-kartiba-kada-atlauj-izmantot-pacienta-datus-konkreta-petijuma,ok,200,,https://likumi.lv/ta/id/275747-kartiba-kada-atlauj-izmantot-pacienta-datus-konkreta-petijuma,,3,2026-10-01T15:29Z,,,,,ok
LVA,source,categories.research.sources[2],https://health.ec.europa.eu/ehealth-digital-health-and-care/european-health-data-space-regulation-ehds_en,ok,200,,https://health.ec.europa.eu/ehealth-digital-health-and-care/european-health-data-space-regulation-ehds_en,,31,2026-10-01T15:29Z,,,,,ok
LVA,source,categories.ai.sources[0],https://www.varam.gov.lv/lv/jaunums/latvija-sper-soli-preti-drosam-un-atbildigam-maksligajam-intelektam-valdiba-izskata-mi-akta-ieviesanas-planu,ok,200,,https://www.varam.gov.lv/lv/jaunums/latvija-sper-soli-preti-drosam-un-atbildigam-maksligajam-intelektam-valdiba-izskata-mi-akta-ieviesanas-planu,,1,2026-10-01T15:29Z,,,,,ok
LVA,source,categories.ai.sources[1],https://www.varam.gov.lv/lv/maksliga-intelekta-mi-akts,ok,200,,https://www.varam.gov.lv/lv/maksliga-intelekta-mi-akts,,2,2026-10-01T15:29Z,,,,,ok
LVA,law,laws[0],https://likumi.lv/ta/id/203008-pacientu-tiesibu-likums,ok,200,,https://likumi.lv/ta/id/203008-pacientu-tiesibu-likums,,5,2026-10-01T15:29Z,,,,,ok
LVA,law,laws[1],https://likumi.lv/ta/id/264943,ok,200,,https://likumi.lv/ta/id/264943,,4,2026-10-01T15:29Z,,,,,ok
LVA,law,laws[2],https://likumi.lv/ta/id/275747-kartiba-kada-atlauj-izmantot-pacienta-datus-konkreta-petijuma,ok,200,,https://likumi.lv/ta/id/275747-kartiba-kada-atlauj-izmantot-pacienta-datus-konkreta-petijuma,,3,2026-10-01T15:29Z,,,,,ok
LVA,law,laws[3],https://likumi.lv/ta/id/300099-fizisko-personu-datu-apstrades-likums,ok,200,,https://likumi.lv/ta/id/300099-fizisko-personu-datu-apstrades-likums,,2,2026-10-01T15:29Z,,,,,ok
LVA,law,laws[4],https://health.ec.europa.eu/ehealth-digital-health-and-care/european-health-data-space-regulation-ehds_en,ok,200,,https://health.ec.europa.eu/ehealth-digital-health-and-care/european-health-data-space-regulation-ehds_en,,31,2026-10-01T15:29Z,,,,,ok
LVA,law,laws[5],https://www.varam.gov.lv/lv/maksliga-intelekta-mi-akts,ok,200,,https://www.varam.gov.lv/lv/maksliga-intelekta-mi-akts,,2,2026-10-01T15:29Z,,,,,ok
LVA,news,news[0],https://eng.lsm.lv/article/society/health/30.06.2026-damaged-cable-leaves-patients-without-meds-in-latvia.a653205/,blocked_unverified,403,403,https://eng.lsm.lv/article/society/health/30.06.2026-damaged-cable-leaves-patients-without-meds-in-latvia.a653205/,,2,2026-10-01T15:29Z,blocked_unverified,403,,2026-10-01T15:46Z,blocked_unverified
LVA,news,news[1],https://eng.lsm.lv/article/society/health/04.06.2026-latvia-will-start-exchanging-laboratory-data-with-other-eu-states.a650077/,blocked_unverified,403,403,https://eng.lsm.lv/article/society/health/04.06.2026-latvia-will-start-exchanging-laboratory-data-with-other-eu-states.a650077/,,2,2026-10-01T15:29Z,blocked_unverified,403,,2026-10-01T15:46Z,blocked_unverified
LVA,news,news[2],https://eng.lsm.lv/article/society/health/05.05.2026-digital-referrals-now-mandatory-in-latvias-healthcare-system.a645708/,blocked_unverified,403,403,https://eng.lsm.lv/article/society/health/05.05.2026-digital-referrals-now-mandatory-in-latvias-healthcare-system.a645708/,,2,2026-10-01T15:29Z,blocked_unverified,403,,2026-10-01T15:46Z,blocked_unverified
LVA,news,news[3],https://bnn.lv/e-veselibas-dati-skatiti-bez-iemesla-dvi-atklaj-parkapumus-latvija/,ok,200,,https://bnn.lv/sabiedriba/e-veselibas-dati-skatiti-bez-iemesla-dvi-atklaj-parkapumus-latvija-5vz94vx,,2,2026-10-01T15:29Z,,,,,ok
LVA,news,news[4],https://eng.lsm.lv/article/society/health/05.11.2025-latvia-still-tries-to-switch-to-electronic-prescriptions-referrals.a621198/,blocked_unverified,403,403,https://eng.lsm.lv/article/society/health/05.11.2025-latvia-still-tries-to-switch-to-electronic-prescriptions-referrals.a621198/,,1,2026-10-01T15:29Z,blocked_unverified,403,,2026-10-01T15:46Z,blocked_unverified
MEX,source,categories.access.sources[0],https://www.softwaremedilink.com/blog/nom-expediente-clinico,ok,200,,https://www.softwaremedilink.com/blog/mx/nom-expediente-clinico,,2,2026-10-01T15:29Z,,,,,ok
MEX,source,categories.access.sources[1],https://www.diputados.gob.mx/LeyesBiblio/pdf/LFPDPPP.pdf,ok,200,,https://www.diputados.gob.mx/LeyesBiblio/pdf/LFPDPPP.pdf,,5,2026-10-01T15:29Z,,,,,ok
MEX,source,categories.access.sources[2],https://www.infobae.com/mexico/2026/05/26/ya-hay-fecha-oficial-para-el-servicio-universal-de-salud-el-sistema-que-te-permitira-atenderte-en-el-imss-o-el-issste-sin-importar-tu-afiliacion/,ok,200,,https://www.infobae.com/mexico/2026/05/26/ya-hay-fecha-oficial-para-el-servicio-universal-de-salud-el-sistema-que-te-permitira-atenderte-en-el-imss-o-el-issste-sin-importar-tu-afiliacion/,,5,2026-10-01T15:29Z,,,,,ok
MEX,source,categories.control.sources[0],https://consultorsalud.com.mx/decreto-servicio-universal-de-salud-mexico/,ok,200,,https://consultorsalud.com.mx/decreto-servicio-universal-de-salud-mexico/,,4,2026-10-01T15:29Z,,,,,ok
MEX,source,categories.control.sources[1],https://www.diputados.gob.mx/LeyesBiblio/pdf/LFPDPPP.pdf,ok,200,,https://www.diputados.gob.mx/LeyesBiblio/pdf/LFPDPPP.pdf,,5,2026-10-01T15:29Z,,,,,ok
MEX,source,categories.control.sources[2],https://sidof.segob.gob.mx/notas/5785257,ok,200,,https://sidof.segob.gob.mx/notas/5785257,,2,2026-10-01T15:29Z,,,,,ok
MEX,source,categories.privacy.sources[0],https://www.hlc.com/es/publications/mexicos-new-federal-data-protection-law-what-it-means-for-companies,ok,200,,https://www.hlc.com/es/publications/mexicos-new-federal-data-protection-law-what-it-means-for-companies,,2,2026-10-01T15:29Z,,,,,ok
MEX,source,categories.privacy.sources[1],https://www.informador.mx/mexico/Hackeo-masivo-expone-informacion-de-usuarios-del-SAT-y-pacientes-del-IMSS-20260102-0023.html,ok,200,,https://www.informador.mx/mexico/Hackeo-masivo-expone-informacion-de-usuarios-del-SAT-y-pacientes-del-IMSS-20260102-0023.html,,1,2026-10-01T15:29Z,,,,,ok
MEX,source,categories.privacy.sources[2],https://www.elimparcial.com/mexico/2026/02/11/tras-hackeo-al-morena-sat-e-imss-se-filtran-datos-de-mas-de-36-millones-de-mexicanos/,ok,200,,https://www.elimparcial.com/mexico/2026/02/11/tras-hackeo-al-morena-sat-e-imss-se-filtran-datos-de-mas-de-36-millones-de-mexicanos/,,2,2026-10-01T15:29Z,,,,,ok
MEX,source,categories.commercial.sources[0],https://www.diputados.gob.mx/LeyesBiblio/pdf/LFPDPPP.pdf,ok,200,,https://www.diputados.gob.mx/LeyesBiblio/pdf/LFPDPPP.pdf,,5,2026-10-01T15:29Z,,,,,ok
MEX,source,categories.commercial.sources[1],https://www.hlc.com/es/publications/mexicos-new-federal-data-protection-law-what-it-means-for-companies,ok,200,,https://www.hlc.com/es/publications/mexicos-new-federal-data-protection-law-what-it-means-for-companies,,2,2026-10-01T15:29Z,,,,,ok
MEX,source,categories.journey.sources[0],https://www.hlc.com/en/publications/se-publica-en-el-diario-oficial-de-la-federacion-el-decreto-por-el-que-se-reforman,ok,200,,https://www.hlc.com/en/publications/se-publica-en-el-diario-oficial-de-la-federacion-el-decreto-por-el-que-se-reforman,,3,2026-10-01T15:29Z,,,,,ok
MEX,source,categories.journey.sources[1],https://consultorsalud.com.mx/decreto-servicio-universal-de-salud-mexico/,ok,200,,https://consultorsalud.com.mx/decreto-servicio-universal-de-salud-mexico/,,4,2026-10-01T15:29Z,,,,,ok
MEX,source,categories.journey.sources[2],https://www.infobae.com/mexico/2026/05/26/ya-hay-fecha-oficial-para-el-servicio-universal-de-salud-el-sistema-que-te-permitira-atenderte-en-el-imss-o-el-issste-sin-importar-tu-afiliacion/,ok,200,,https://www.infobae.com/mexico/2026/05/26/ya-hay-fecha-oficial-para-el-servicio-universal-de-salud-el-sistema-que-te-permitira-atenderte-en-el-imss-o-el-issste-sin-importar-tu-afiliacion/,,5,2026-10-01T15:29Z,,,,,ok
MEX,source,categories.clinical.sources[0],https://consultorsalud.com.mx/decreto-servicio-universal-de-salud-mexico/,ok,200,,https://consultorsalud.com.mx/decreto-servicio-universal-de-salud-mexico/,,4,2026-10-01T15:29Z,,,,,ok
MEX,source,categories.clinical.sources[1],https://www.infobae.com/mexico/2026/05/26/ya-hay-fecha-oficial-para-el-servicio-universal-de-salud-el-sistema-que-te-permitira-atenderte-en-el-imss-o-el-issste-sin-importar-tu-afiliacion/,ok,200,,https://www.infobae.com/mexico/2026/05/26/ya-hay-fecha-oficial-para-el-servicio-universal-de-salud-el-sistema-que-te-permitira-atenderte-en-el-imss-o-el-issste-sin-importar-tu-afiliacion/,,5,2026-10-01T15:29Z,,,,,ok
MEX,source,categories.research.sources[0],https://www.diputados.gob.mx/LeyesBiblio/pdf/LFPDPPP.pdf,ok,200,,https://www.diputados.gob.mx/LeyesBiblio/pdf/LFPDPPP.pdf,,5,2026-10-01T15:29Z,,,,,ok
MEX,source,categories.ai.sources[0],https://recmedia.mx/2026/07/22/ia-en-la-medicina-hospitales-mexico/,ok,200,,https://recmedia.mx/2026/07/22/ia-en-la-medicina-hospitales-mexico/,,2,2026-10-01T15:29Z,,,,,ok
MEX,source,categories.ai.sources[1],https://www.infobae.com/mexico/2026/05/26/ya-hay-fecha-oficial-para-el-servicio-universal-de-salud-el-sistema-que-te-permitira-atenderte-en-el-imss-o-el-issste-sin-importar-tu-afiliacion/,ok,200,,https://www.infobae.com/mexico/2026/05/26/ya-hay-fecha-oficial-para-el-servicio-universal-de-salud-el-sistema-que-te-permitira-atenderte-en-el-imss-o-el-issste-sin-importar-tu-afiliacion/,,5,2026-10-01T15:29Z,,,,,ok
MEX,law,laws[0],https://www.diputados.gob.mx/LeyesBiblio/pdf/LFPDPPP.pdf,ok,200,,https://www.diputados.gob.mx/LeyesBiblio/pdf/LFPDPPP.pdf,,5,2026-10-01T15:29Z,,,,,ok
MEX,law,laws[1],https://sidof.segob.gob.mx/notas/5785257,ok,200,,https://sidof.segob.gob.mx/notas/5785257,,2,2026-10-01T15:29Z,,,,,ok
MEX,law,laws[2],https://www.hlc.com/en/publications/se-publica-en-el-diario-oficial-de-la-federacion-el-decreto-por-el-que-se-reforman,ok,200,,https://www.hlc.com/en/publications/se-publica-en-el-diario-oficial-de-la-federacion-el-decreto-por-el-que-se-reforman,,3,2026-10-01T15:29Z,,,,,ok
MEX,law,laws[3],https://www.softwaremedilink.com/blog/nom-expediente-clinico,ok,200,,https://www.softwaremedilink.com/blog/mx/nom-expediente-clinico,,2,2026-10-01T15:29Z,,,,,ok
MEX,news,news[0],https://consultorsalud.com.mx/decreto-servicio-universal-de-salud-mexico/,ok,200,,https://consultorsalud.com.mx/decreto-servicio-universal-de-salud-mexico/,,4,2026-10-01T15:29Z,,,,,ok
MEX,news,news[1],https://www.infobae.com/mexico/2026/05/26/ya-hay-fecha-oficial-para-el-servicio-universal-de-salud-el-sistema-que-te-permitira-atenderte-en-el-imss-o-el-issste-sin-importar-tu-afiliacion/,ok,200,,https://www.infobae.com/mexico/2026/05/26/ya-hay-fecha-oficial-para-el-servicio-universal-de-salud-el-sistema-que-te-permitira-atenderte-en-el-imss-o-el-issste-sin-importar-tu-afiliacion/,,5,2026-10-01T15:29Z,,,,,ok
MEX,news,news[2],https://www.hlc.com/en/publications/se-publica-en-el-diario-oficial-de-la-federacion-el-decreto-por-el-que-se-reforman,ok,200,,https://www.hlc.com/en/publications/se-publica-en-el-diario-oficial-de-la-federacion-el-decreto-por-el-que-se-reforman,,3,2026-10-01T15:29Z,,,,,ok
MEX,news,news[3],https://www.elimparcial.com/mexico/2026/02/11/tras-hackeo-al-morena-sat-e-imss-se-filtran-datos-de-mas-de-36-millones-de-mexicanos/,ok,200,,https://www.elimparcial.com/mexico/2026/02/11/tras-hackeo-al-morena-sat-e-imss-se-filtran-datos-de-mas-de-36-millones-de-mexicanos/,,2,2026-10-01T15:29Z,,,,,ok
MEX,news,news[4],https://recmedia.mx/2026/07/22/ia-en-la-medicina-hospitales-mexico/,ok,200,,https://recmedia.mx/2026/07/22/ia-en-la-medicina-hospitales-mexico/,,2,2026-10-01T15:29Z,,,,,ok
MLT,source,categories.access.sources[0],https://data.consilium.europa.eu/doc/document/ST-10407-2025-ADD-51/en/pdf,ok,405,200,https://data.consilium.europa.eu/doc/document/ST-10407-2025-ADD-51/en/pdf,,2,2026-10-01T15:29Z,,,,,ok
MLT,source,categories.access.sources[1],https://web.archive.org/web/20260801073650/https://health.gov.mt/public-facing-services/myhealth/,blocked_unverified,429,429,https://web.archive.org/web/20260801073650/https://health.gov.mt/public-facing-services/myhealth/,,2,2026-10-01T15:29Z,ok,200,,2026-10-01T15:46Z,ok
MLT,source,categories.access.sources[2],https://web.archive.org/web/20260727061320/https://health.gov.mt/wp-content/uploads/2025/11/Digital-Health-Health-Data-Strategy-Document.pdf,ok,429,200,https://web.archive.org/web/20260727061320/https://health.gov.mt/wp-content/uploads/2025/11/Digital-Health-Health-Data-Strategy-Document.pdf,,6,2026-10-01T15:29Z,,,,,ok
MLT,source,categories.control.sources[0],https://web.archive.org/web/20250712071632/https://health.gov.mt/wp-content/uploads/2024/10/myHealth-User-Guide-for-Patients-v.2.2-19Aug19.pdf,blocked_unverified,429,429,https://web.archive.org/web/20250712071632/https://health.gov.mt/wp-content/uploads/2024/10/myHealth-User-Guide-for-Patients-v.2.2-19Aug19.pdf,,2,2026-10-01T15:29Z,ok,200,,2026-10-01T15:46Z,ok
MLT,source,categories.control.sources[1],https://web.archive.org/web/20260801073639/https://myhealth.gov.mt/home/about,ok,429,200,https://web.archive.org/web/20260801073639/https://myhealth.gov.mt/home/about,,2,2026-10-01T15:29Z,,,,,ok
MLT,source,categories.control.sources[2],https://web.archive.org/web/20260727061320/https://health.gov.mt/wp-content/uploads/2025/11/Digital-Health-Health-Data-Strategy-Document.pdf,ok,429,200,https://web.archive.org/web/20260727061320/https://health.gov.mt/wp-content/uploads/2025/11/Digital-Health-Health-Data-Strategy-Document.pdf,,6,2026-10-01T15:29Z,,,,,ok
MLT,source,categories.privacy.sources[0],https://idpc.org.mt/news-latest/the-commissioner-imposed-an-administrative-fine-of-e20000-on-a-private-clinic/,ok,200,,https://idpc.org.mt/news-latest/the-commissioner-imposed-an-administrative-fine-of-e20000-on-a-private-clinic/,,1,2026-10-01T15:29Z,,,,,ok
MLT,source,categories.privacy.sources[1],https://idpc.org.mt/decisions/,ok,200,,https://idpc.org.mt/decisions/,,2,2026-10-01T15:29Z,,,,,ok
MLT,source,categories.privacy.sources[2],https://legislation.mt/eli/cap/586/eng,error,,,https://legislation.mt/eli/cap/586/eng,ReadTimeout,2,2026-10-01T15:29Z,ok,200,,2026-10-01T15:46Z,ok
MLT,source,categories.commercial.sources[0],https://legislation.mt/eli/sl/528.10/eng,error,,,https://legislation.mt/eli/sl/528.10/eng,ReadTimeout,3,2026-10-01T15:29Z,ok,200,,2026-10-01T15:46Z,ok
MLT,source,categories.commercial.sources[1],https://web.archive.org/web/20260801073639/https://myhealth.gov.mt/home/about,ok,429,200,https://web.archive.org/web/20260801073639/https://myhealth.gov.mt/home/about,,2,2026-10-01T15:29Z,,,,,ok
MLT,source,categories.commercial.sources[2],https://idpc.org.mt/decisions/,ok,200,,https://idpc.org.mt/decisions/,,2,2026-10-01T15:29Z,,,,,ok
MLT,source,categories.journey.sources[0],https://data.consilium.europa.eu/doc/document/ST-10407-2025-ADD-51/en/pdf,ok,405,200,https://data.consilium.europa.eu/doc/document/ST-10407-2025-ADD-51/en/pdf,,2,2026-10-01T15:29Z,,,,,ok
MLT,source,categories.journey.sources[1],https://web.archive.org/web/20260727061320/https://health.gov.mt/wp-content/uploads/2025/11/Digital-Health-Health-Data-Strategy-Document.pdf,ok,429,200,https://web.archive.org/web/20260727061320/https://health.gov.mt/wp-content/uploads/2025/11/Digital-Health-Health-Data-Strategy-Document.pdf,,6,2026-10-01T15:29Z,,,,,ok
MLT,source,categories.clinical.sources[0],https://web.archive.org/web/20260801073650/https://health.gov.mt/public-facing-services/myhealth/,blocked_unverified,429,429,https://web.archive.org/web/20260801073650/https://health.gov.mt/public-facing-services/myhealth/,,2,2026-10-01T15:29Z,ok,200,,2026-10-01T15:46Z,ok
MLT,source,categories.clinical.sources[1],https://web.archive.org/web/20260727061320/https://health.gov.mt/wp-content/uploads/2025/11/Digital-Health-Health-Data-Strategy-Document.pdf,ok,429,200,https://web.archive.org/web/20260727061320/https://health.gov.mt/wp-content/uploads/2025/11/Digital-Health-Health-Data-Strategy-Document.pdf,,6,2026-10-01T15:29Z,,,,,ok
MLT,source,categories.clinical.sources[2],https://web.archive.org/web/20250712071632/https://health.gov.mt/wp-content/uploads/2024/10/myHealth-User-Guide-for-Patients-v.2.2-19Aug19.pdf,blocked_unverified,429,429,https://web.archive.org/web/20250712071632/https://health.gov.mt/wp-content/uploads/2024/10/myHealth-User-Guide-for-Patients-v.2.2-19Aug19.pdf,,2,2026-10-01T15:29Z,ok,200,,2026-10-01T15:46Z,ok
MLT,source,categories.research.sources[0],https://legislation.mt/eli/sl/528.10/eng,error,,,https://legislation.mt/eli/sl/528.10/eng,ReadTimeout,3,2026-10-01T15:29Z,ok,200,,2026-10-01T15:46Z,ok
MLT,source,categories.research.sources[1],https://web.archive.org/web/20260727061320/https://health.gov.mt/wp-content/uploads/2025/11/Digital-Health-Health-Data-Strategy-Document.pdf,ok,429,200,https://web.archive.org/web/20260727061320/https://health.gov.mt/wp-content/uploads/2025/11/Digital-Health-Health-Data-Strategy-Document.pdf,,6,2026-10-01T15:29Z,,,,,ok
MLT,source,categories.research.sources[2],https://health.ec.europa.eu/ehealth-digital-health-and-care/european-health-data-space-regulation-ehds_en,ok,200,,https://health.ec.europa.eu/ehealth-digital-health-and-care/european-health-data-space-regulation-ehds_en,,31,2026-10-01T15:29Z,,,,,ok
MLT,source,categories.ai.sources[0],https://legislation.mt/eli/ln/2025/226/eng,error,,,https://legislation.mt/eli/ln/2025/226/eng,ReadTimeout,3,2026-10-01T15:29Z,ok,200,,2026-10-01T15:46Z,ok
MLT,source,categories.ai.sources[1],https://web.archive.org/web/20260727061320/https://health.gov.mt/wp-content/uploads/2025/11/Digital-Health-Health-Data-Strategy-Document.pdf,ok,429,200,https://web.archive.org/web/20260727061320/https://health.gov.mt/wp-content/uploads/2025/11/Digital-Health-Health-Data-Strategy-Document.pdf,,6,2026-10-01T15:29Z,,,,,ok
MLT,source,categories.ai.sources[2],https://www.cuatrecasas.com/en/global/intellectual-property/art/digital-omnibus-ai-has-been-published,ok,200,,https://www.cuatrecasas.com/en/global/intellectual-property/art/digital-omnibus-ai-has-been-published,,23,2026-10-01T15:29Z,,,,,ok
MLT,law,laws[0],https://legislation.mt/eli/cap/586/eng,error,,,https://legislation.mt/eli/cap/586/eng,ReadTimeout,2,2026-10-01T15:29Z,ok,200,,2026-10-01T15:46Z,ok
MLT,law,laws[1],https://legislation.mt/eli/sl/528.10/eng,error,,,https://legislation.mt/eli/sl/528.10/eng,ReadTimeout,3,2026-10-01T15:29Z,ok,200,,2026-10-01T15:46Z,ok
MLT,law,laws[2],https://legislation.mt/eli/ln/2025/226/eng,error,,,https://legislation.mt/eli/ln/2025/226/eng,ReadTimeout,3,2026-10-01T15:29Z,ok,200,,2026-10-01T15:46Z,ok
MLT,law,laws[3],https://eur-lex.europa.eu/eli/reg/2025/327/oj/eng,ok,202,,https://eur-lex.europa.eu/eli/reg/2025/327/oj/eng,,17,2026-10-01T15:29Z,,,,,ok
MLT,law,laws[4],https://eur-lex.europa.eu/eli/reg/2016/679/oj/eng,ok,202,,https://eur-lex.europa.eu/eli/reg/2016/679/oj/eng,,19,2026-10-01T15:29Z,,,,,ok
MLT,law,laws[5],https://eur-lex.europa.eu/eli/reg/2024/1689/oj/eng,ok,202,,https://eur-lex.europa.eu/eli/reg/2024/1689/oj/eng,,3,2026-10-01T15:29Z,,,,,ok
MLT,news,news[0],https://legislation.mt/eli/ln/2025/226/eng,error,,,https://legislation.mt/eli/ln/2025/226/eng,ReadTimeout,3,2026-10-01T15:29Z,ok,200,,2026-10-01T15:46Z,ok
MLT,news,news[1],https://www.italpress.com/malta-sets-sights-on-becoming-europes-medtech-and-digital-health-hub/,ok,200,,https://www.italpress.com/malta-sets-sights-on-becoming-europes-medtech-and-digital-health-hub/,,1,2026-10-01T15:29Z,,,,,ok
MLT,news,news[2],https://web.archive.org/web/20251230065014/https://www.independent.com.mt/articles/2025-11-21/local-news/Malta-launches-first-Digital-Health-and-Health-Data-Strategy-6736284992,blocked_unverified,429,429,https://web.archive.org/web/20251230065014/https://www.independent.com.mt/articles/2025-11-21/local-news/Malta-launches-first-Digital-Health-and-Health-Data-Strategy-6736284992,,1,2026-10-01T15:29Z,blocked_unverified,429,,2026-10-01T15:46Z,blocked_unverified
MLT,news,news[3],https://web.archive.org/web/20260926035032/https://www.independent.com.mt/articles/2026-09-24/local-news/AI-digital-health-discussed-as-Malta-explores-cooperation-with-Mayo-Clinic-6736293167,blocked_unverified,429,429,https://web.archive.org/web/20260926035032/https://www.independent.com.mt/articles/2026-09-24/local-news/AI-digital-health-discussed-as-Malta-explores-cooperation-with-Mayo-Clinic-6736293167,,1,2026-10-01T15:29Z,blocked_unverified,429,,2026-10-01T15:46Z,blocked_unverified
NGA,source,categories.access.sources[0],https://www.recordinglaw.com/world-laws/world-data-privacy-laws/nigeria-data-privacy-laws/,ok,200,,https://www.recordinglaw.com/world-laws/world-data-privacy-laws/nigeria-data-privacy-laws/,,5,2026-10-01T15:29Z,,,,,ok
NGA,source,categories.access.sources[1],https://faolex.fao.org/docs/pdf/nig162642.pdf,ok,200,,https://faolex.fao.org/docs/pdf/nig162642.pdf,,6,2026-10-01T15:29Z,,,,,ok
NGA,source,categories.access.sources[2],https://www.techhiveadvisory.africa/insights/review-of-nigerias-digital-health-services-bill-2025,ok,200,,https://www.techhiveadvisory.africa/insights/review-of-nigerias-digital-health-services-bill-2025,,4,2026-10-01T15:29Z,,,,,ok
NGA,source,categories.control.sources[0],https://faolex.fao.org/docs/pdf/nig162642.pdf,ok,200,,https://faolex.fao.org/docs/pdf/nig162642.pdf,,6,2026-10-01T15:29Z,,,,,ok
NGA,source,categories.control.sources[1],https://www.jurist.org/news/2026/06/hrw-us-to-exchange-health-aid-for-access-to-surveillance-data-in-seven-african-countries/,ok,200,,https://www.jurist.org/news/2026/06/hrw-us-to-exchange-health-aid-for-access-to-surveillance-data-in-seven-african-countries/,,4,2026-10-01T15:29Z,,,,,ok
NGA,source,categories.privacy.sources[0],https://www.recordinglaw.com/world-laws/world-data-privacy-laws/nigeria-data-privacy-laws/,ok,200,,https://www.recordinglaw.com/world-laws/world-data-privacy-laws/nigeria-data-privacy-laws/,,5,2026-10-01T15:29Z,,,,,ok
NGA,source,categories.privacy.sources[1],https://bidda.com/intelligence/nigeria-ndpa-health-2026,ok,200,,https://bidda.com/intelligence/nigeria-ndpa-health-2026,,1,2026-10-01T15:29Z,,,,,ok
NGA,source,categories.privacy.sources[2],https://faolex.fao.org/docs/pdf/nig162642.pdf,ok,200,,https://faolex.fao.org/docs/pdf/nig162642.pdf,,6,2026-10-01T15:29Z,,,,,ok
NGA,source,categories.privacy.sources[3],https://www.premiumtimesng.com/news/headlines/873350-exclusive-inside-nigerias-deal-to-write-off-32-8-million-fine-against-meta.html,ok,200,,https://www.premiumtimesng.com/news/headlines/873350-exclusive-inside-nigerias-deal-to-write-off-32-8-million-fine-against-meta.html,,3,2026-10-01T15:29Z,,,,,ok
NGA,source,categories.commercial.sources[0],https://www.recordinglaw.com/world-laws/world-data-privacy-laws/nigeria-data-privacy-laws/,ok,200,,https://www.recordinglaw.com/world-laws/world-data-privacy-laws/nigeria-data-privacy-laws/,,5,2026-10-01T15:29Z,,,,,ok
NGA,source,categories.commercial.sources[1],https://www.techhiveadvisory.africa/insights/review-of-nigerias-digital-health-services-bill-2025,ok,200,,https://www.techhiveadvisory.africa/insights/review-of-nigerias-digital-health-services-bill-2025,,4,2026-10-01T15:29Z,,,,,ok
NGA,source,categories.commercial.sources[2],https://www.premiumtimesng.com/news/headlines/873350-exclusive-inside-nigerias-deal-to-write-off-32-8-million-fine-against-meta.html,ok,200,,https://www.premiumtimesng.com/news/headlines/873350-exclusive-inside-nigerias-deal-to-write-off-32-8-million-fine-against-meta.html,,3,2026-10-01T15:29Z,,,,,ok
NGA,source,categories.journey.sources[0],https://insidebusinessafricang.com/2026/06/19/federal-govt-expands-electronic-medical-records-deployment-across-health-facilities/,ok,200,,https://insidebusinessafricang.com/2026/06/19/federal-govt-expands-electronic-medical-records-deployment-across-health-facilities/,,2,2026-10-01T15:29Z,,,,,ok
NGA,source,categories.journey.sources[1],https://www.digitalhealth.gov.ng/,ok,200,,https://www.digitalhealth.gov.ng/,,1,2026-10-01T15:29Z,,,,,ok
NGA,source,categories.journey.sources[2],https://www.arise.tv/nhia-enrolment-surpasses-23-million-as-agency-expands-financial-protection-for-nigerians/,ok,200,,https://www.arise.tv/nhia-enrolment-surpasses-23-million-as-agency-expands-financial-protection-for-nigerians/,,2,2026-10-01T15:29Z,,,,,ok
NGA,source,categories.clinical.sources[0],https://faolex.fao.org/docs/pdf/nig162642.pdf,ok,200,,https://faolex.fao.org/docs/pdf/nig162642.pdf,,6,2026-10-01T15:29Z,,,,,ok
NGA,source,categories.clinical.sources[1],https://www.ecofinagency.com/news-digital/1007-57284-nigeria-s-senate-moves-forward-with-first-comprehensive-digital-health-bill,ok,200,,https://www.ecofinagency.com/news-digital/1007-57284-nigeria-s-senate-moves-forward-with-first-comprehensive-digital-health-bill,,4,2026-10-01T15:29Z,,,,,ok
NGA,source,categories.research.sources[0],https://faolex.fao.org/docs/pdf/nig162642.pdf,ok,200,,https://faolex.fao.org/docs/pdf/nig162642.pdf,,6,2026-10-01T15:29Z,,,,,ok
NGA,source,categories.ai.sources[0],https://journals.unizik.edu.ng/naujppl/article/view/8056,ok,200,,https://journals.unizik.edu.ng/naujppl/article/view/8056,,1,2026-10-01T15:29Z,,,,,ok
NGA,source,categories.ai.sources[1],https://www.ecofinagency.com/news-digital/1007-57284-nigeria-s-senate-moves-forward-with-first-comprehensive-digital-health-bill,ok,200,,https://www.ecofinagency.com/news-digital/1007-57284-nigeria-s-senate-moves-forward-with-first-comprehensive-digital-health-bill,,4,2026-10-01T15:29Z,,,,,ok
NGA,source,categories.ai.sources[2],https://www.techhiveadvisory.africa/insights/review-of-nigerias-digital-health-services-bill-2025,ok,200,,https://www.techhiveadvisory.africa/insights/review-of-nigerias-digital-health-services-bill-2025,,4,2026-10-01T15:29Z,,,,,ok
NGA,law,laws[0],https://www.recordinglaw.com/world-laws/world-data-privacy-laws/nigeria-data-privacy-laws/,ok,200,,https://www.recordinglaw.com/world-laws/world-data-privacy-laws/nigeria-data-privacy-laws/,,5,2026-10-01T15:29Z,,,,,ok
NGA,law,laws[1],https://www.recordinglaw.com/world-laws/world-data-privacy-laws/nigeria-data-privacy-laws/,ok,200,,https://www.recordinglaw.com/world-laws/world-data-privacy-laws/nigeria-data-privacy-laws/,,5,2026-10-01T15:29Z,,,,,ok
NGA,law,laws[2],https://faolex.fao.org/docs/pdf/nig162642.pdf,ok,200,,https://faolex.fao.org/docs/pdf/nig162642.pdf,,6,2026-10-01T15:29Z,,,,,ok
NGA,law,laws[3],https://www.techhiveadvisory.africa/insights/review-of-nigerias-digital-health-services-bill-2025,ok,200,,https://www.techhiveadvisory.africa/insights/review-of-nigerias-digital-health-services-bill-2025,,4,2026-10-01T15:29Z,,,,,ok
NGA,law,laws[4],https://www.ecofinagency.com/news-digital/1007-57284-nigeria-s-senate-moves-forward-with-first-comprehensive-digital-health-bill,ok,200,,https://www.ecofinagency.com/news-digital/1007-57284-nigeria-s-senate-moves-forward-with-first-comprehensive-digital-health-bill,,4,2026-10-01T15:29Z,,,,,ok
NGA,news,news[0],https://www.premiumtimesng.com/news/headlines/873350-exclusive-inside-nigerias-deal-to-write-off-32-8-million-fine-against-meta.html,ok,200,,https://www.premiumtimesng.com/news/headlines/873350-exclusive-inside-nigerias-deal-to-write-off-32-8-million-fine-against-meta.html,,3,2026-10-01T15:29Z,,,,,ok
NGA,news,news[1],https://www.jurist.org/news/2026/06/hrw-us-to-exchange-health-aid-for-access-to-surveillance-data-in-seven-african-countries/,ok,200,,https://www.jurist.org/news/2026/06/hrw-us-to-exchange-health-aid-for-access-to-surveillance-data-in-seven-african-countries/,,4,2026-10-01T15:29Z,,,,,ok
NGA,news,news[2],https://insidebusinessafricang.com/2026/06/19/federal-govt-expands-electronic-medical-records-deployment-across-health-facilities/,ok,200,,https://insidebusinessafricang.com/2026/06/19/federal-govt-expands-electronic-medical-records-deployment-across-health-facilities/,,2,2026-10-01T15:29Z,,,,,ok
NGA,news,news[3],https://www.ecofinagency.com/news-digital/1007-57284-nigeria-s-senate-moves-forward-with-first-comprehensive-digital-health-bill,ok,200,,https://www.ecofinagency.com/news-digital/1007-57284-nigeria-s-senate-moves-forward-with-first-comprehensive-digital-health-bill,,4,2026-10-01T15:29Z,,,,,ok
NGA,news,news[4],https://www.arise.tv/nhia-enrolment-surpasses-23-million-as-agency-expands-financial-protection-for-nigerians/,ok,200,,https://www.arise.tv/nhia-enrolment-surpasses-23-million-as-agency-expands-financial-protection-for-nigerians/,,2,2026-10-01T15:29Z,,,,,ok
NLD,source,categories.access.sources[0],https://medmij.nl/zorggebruikers/vragen-van-zorggebruikers/,ok,200,,https://medmij.nl/zorggebruikers/vragen-van-zorggebruikers/,,3,2026-10-01T15:29Z,,,,,ok
NLD,source,categories.access.sources[1],https://www.pgo.nl/nieuws/cijfers-medmij-toename-van-het-pgo-gebruik/,ok,200,,https://www.pgo.nl/nieuws/cijfers-medmij-toename-van-het-pgo-gebruik/,,1,2026-10-01T15:29Z,,,,,ok
NLD,source,categories.access.sources[2],https://www.patientenfederatie.nl/onderwerpen/persoonlijke-gezondheidsomgeving-pgo/persoonlijke-gezondheidsomgeving-gebruiken,ok,200,,https://www.patientenfederatie.nl/onderwerpen/persoonlijke-gezondheidsomgeving-pgo/persoonlijke-gezondheidsomgeving-gebruiken,,1,2026-10-01T15:29Z,,,,,ok
NLD,source,categories.control.sources[0],https://www.mitz-toestemming.nl/kennis-en-ondersteuning/vragen-antwoorden,ok,200,,https://www.mitz-toestemming.nl/kennis-en-ondersteuning/vragen-antwoorden,,4,2026-10-01T15:29Z,,,,,ok
NLD,source,categories.control.sources[1],https://infoizo.nl/nieuws/bericht/mitz-een-overzichtelijke-plek-voor-toestemmingen,dead,404,,https://infoizo.nl/nieuws/bericht/mitz-een-overzichtelijke-plek-voor-toestemmingen,,2,2026-10-01T15:29Z,dead,404,,2026-10-01T15:46Z,dead
NLD,source,categories.control.sources[2],https://ibestuur.nl/digitale-weerbaarheid/digitale-veiligheid/knmg-uit-zorgen-over-regels-uitwisseling-gezondheidsdata,ok,200,,https://ibestuur.nl/digitale-weerbaarheid/digitale-veiligheid/knmg-uit-zorgen-over-regels-uitwisseling-gezondheidsdata,,2,2026-10-01T15:29Z,,,,,ok
NLD,source,categories.privacy.sources[0],https://nos.nl/artikel/2614178-inspectie-lab-onderzoek-baarmoederhalskanker-was-niet-goed-genoeg-beveiligd,ok,200,,https://nos.nl/artikel/2614178-inspectie-lab-onderzoek-baarmoederhalskanker-was-niet-goed-genoeg-beveiligd,,2,2026-10-01T15:29Z,,,,,ok
NLD,source,categories.privacy.sources[1],https://tweakers.net/nieuws/244796/nederlands-om-krijgt-118-aangiften-na-medisch-datalek-dat-850000-mensen-raakte.html,blocked_unverified,403,403,https://tweakers.net/nieuws/244796/nederlands-om-krijgt-118-aangiften-na-medisch-datalek-dat-850000-mensen-raakte.html,,2,2026-10-01T15:29Z,blocked_unverified,403,,2026-10-01T15:46Z,blocked_unverified
NLD,source,categories.privacy.sources[2],https://tweakers.net/nieuws/247790/inspectie-laakt-beveiliging-bevolkingsonderzoekslab-maar-kan-geen-straf-opleggen.html,blocked_unverified,403,403,https://tweakers.net/nieuws/247790/inspectie-laakt-beveiliging-bevolkingsonderzoekslab-maar-kan-geen-straf-opleggen.html,,1,2026-10-01T15:29Z,blocked_unverified,403,,2026-10-01T15:46Z,blocked_unverified
NLD,source,categories.commercial.sources[0],https://medmij.nl/zorggebruikers/vragen-van-zorggebruikers/,ok,200,,https://medmij.nl/zorggebruikers/vragen-van-zorggebruikers/,,3,2026-10-01T15:29Z,,,,,ok
NLD,source,categories.commercial.sources[1],https://www.mitz-toestemming.nl/kennis-en-ondersteuning/vragen-antwoorden,ok,200,,https://www.mitz-toestemming.nl/kennis-en-ondersteuning/vragen-antwoorden,,4,2026-10-01T15:29Z,,,,,ok
NLD,source,categories.journey.sources[0],https://infoizo.nl/nieuws/bericht/mitz-een-overzichtelijke-plek-voor-toestemmingen,dead,404,,https://infoizo.nl/nieuws/bericht/mitz-een-overzichtelijke-plek-voor-toestemmingen,,2,2026-10-01T15:29Z,dead,404,,2026-10-01T15:46Z,dead
NLD,source,categories.journey.sources[1],https://www.vandoorne.com/artikelen/internetconsultatie-wet-op-het-gezondheidsinformatiestelsel-ehds-tranche-1/,ok,200,,https://www.vandoorne.com/artikelen/internetconsultatie-wet-op-het-gezondheidsinformatiestelsel-ehds-tranche-1/,,2,2026-10-01T15:29Z,,,,,ok
NLD,source,categories.journey.sources[2],https://www.datavoorgezondheid.nl/actueel/nieuws/2026/06/09/internetconsultatie-wet-op-het-gezondheidsinformatiestelsel-gestart,ok,200,,https://www.datavoorgezondheid.nl/actueel/nieuws/2026/06/09/internetconsultatie-wet-op-het-gezondheidsinformatiestelsel-gestart,,3,2026-10-01T15:29Z,,,,,ok
NLD,source,categories.clinical.sources[0],https://www.mitz-toestemming.nl/kennis-en-ondersteuning/vragen-antwoorden,ok,200,,https://www.mitz-toestemming.nl/kennis-en-ondersteuning/vragen-antwoorden,,4,2026-10-01T15:29Z,,,,,ok
NLD,source,categories.research.sources[0],https://www.vandoorne.com/artikelen/internetconsultatie-wet-op-het-gezondheidsinformatiestelsel-ehds-tranche-1/,ok,200,,https://www.vandoorne.com/artikelen/internetconsultatie-wet-op-het-gezondheidsinformatiestelsel-ehds-tranche-1/,,2,2026-10-01T15:29Z,,,,,ok
NLD,source,categories.research.sources[1],https://www.tweedekamer.nl/downloads/document?id=2026D02216,ok,200,,https://www.tweedekamer.nl/downloads/document?id=2026D02216,,1,2026-10-01T15:29Z,,,,,ok
NLD,source,categories.research.sources[2],https://medmij.nl/zorggebruikers/vragen-van-zorggebruikers/,ok,200,,https://medmij.nl/zorggebruikers/vragen-van-zorggebruikers/,,3,2026-10-01T15:29Z,,,,,ok
NLD,source,categories.ai.sources[0],https://www.cyberlawwatch.com/2026/07/31/eu-digital-omnibus-on-ai-enters-into-force/,ok,200,,https://www.cyberlawwatch.com/2026/07/31/eu-digital-omnibus-on-ai-enters-into-force/,,12,2026-10-01T15:29Z,,,,,ok
NLD,law,laws[0],https://www.mitz-toestemming.nl/kennis-en-ondersteuning/vragen-antwoorden,ok,200,,https://www.mitz-toestemming.nl/kennis-en-ondersteuning/vragen-antwoorden,,4,2026-10-01T15:29Z,,,,,ok
NLD,law,laws[1],https://www.zorginstituutnederland.nl/wat-wij-doen/werkwijzen-en-procedures/bevorderen-kwaliteit-en-inzichtelijkheid-van-de-zorg/wegiz,ok,200,,https://www.zorginstituutnederland.nl/wat-wij-doen/werkwijzen-en-procedures/bevorderen-kwaliteit-en-inzichtelijkheid-van-de-zorg/wegiz,,1,2026-10-01T15:29Z,,,,,ok
NLD,law,laws[2],https://www.datavoorgezondheid.nl/actueel/nieuws/2026/06/09/internetconsultatie-wet-op-het-gezondheidsinformatiestelsel-gestart,ok,200,,https://www.datavoorgezondheid.nl/actueel/nieuws/2026/06/09/internetconsultatie-wet-op-het-gezondheidsinformatiestelsel-gestart,,3,2026-10-01T15:29Z,,,,,ok
NLD,law,laws[3],https://eur-lex.europa.eu/eli/reg/2025/327/oj/eng,ok,202,,https://eur-lex.europa.eu/eli/reg/2025/327/oj/eng,,17,2026-10-01T15:29Z,,,,,ok
NLD,law,laws[4],https://www.cyberlawwatch.com/2026/07/31/eu-digital-omnibus-on-ai-enters-into-force/,ok,200,,https://www.cyberlawwatch.com/2026/07/31/eu-digital-omnibus-on-ai-enters-into-force/,,12,2026-10-01T15:29Z,,,,,ok
NLD,news,news[0],https://ibestuur.nl/digitale-weerbaarheid/digitale-veiligheid/knmg-uit-zorgen-over-regels-uitwisseling-gezondheidsdata,ok,200,,https://ibestuur.nl/digitale-weerbaarheid/digitale-veiligheid/knmg-uit-zorgen-over-regels-uitwisseling-gezondheidsdata,,2,2026-10-01T15:29Z,,,,,ok
NLD,news,news[1],https://www.datavoorgezondheid.nl/actueel/nieuws/2026/06/09/internetconsultatie-wet-op-het-gezondheidsinformatiestelsel-gestart,ok,200,,https://www.datavoorgezondheid.nl/actueel/nieuws/2026/06/09/internetconsultatie-wet-op-het-gezondheidsinformatiestelsel-gestart,,3,2026-10-01T15:29Z,,,,,ok
NLD,news,news[2],https://nos.nl/artikel/2614178-inspectie-lab-onderzoek-baarmoederhalskanker-was-niet-goed-genoeg-beveiligd,ok,200,,https://nos.nl/artikel/2614178-inspectie-lab-onderzoek-baarmoederhalskanker-was-niet-goed-genoeg-beveiligd,,2,2026-10-01T15:29Z,,,,,ok
NLD,news,news[3],https://tweakers.net/nieuws/244796/nederlands-om-krijgt-118-aangiften-na-medisch-datalek-dat-850000-mensen-raakte.html,blocked_unverified,403,403,https://tweakers.net/nieuws/244796/nederlands-om-krijgt-118-aangiften-na-medisch-datalek-dat-850000-mensen-raakte.html,,2,2026-10-01T15:29Z,blocked_unverified,403,,2026-10-01T15:46Z,blocked_unverified
NOR,source,categories.access.sources[0],https://www.helsenorge.no/pasientjournal/om/,ok,200,,https://www.helsenorge.no/pasientjournal/om/,,2,2026-10-01T15:29Z,,,,,ok
NOR,source,categories.access.sources[1],https://www.helsedirektoratet.no/om-oss/om-nettstedet/personvernerklaering/nar-behandler-vi-personopplysninger/helseregistre,ok,200,,https://www.helsedirektoratet.no/om-oss/om-nettstedet/personvernerklaering/nar-behandler-vi-personopplysninger/helseregistre,,6,2026-10-01T15:29Z,,,,,ok
NOR,source,categories.control.sources[0],https://www.helsedirektoratet.no/om-oss/om-nettstedet/personvernerklaering/nar-behandler-vi-personopplysninger/helseregistre,ok,200,,https://www.helsedirektoratet.no/om-oss/om-nettstedet/personvernerklaering/nar-behandler-vi-personopplysninger/helseregistre,,6,2026-10-01T15:29Z,,,,,ok
NOR,source,categories.control.sources[1],https://www.nhn.no/tjenester/kjernejournal/sporsmal-og-svar,ok,200,,https://www.nhn.no/tjenester/kjernejournal/sporsmal-og-svar,,2,2026-10-01T15:29Z,,,,,ok
NOR,source,categories.control.sources[2],https://www.helsenorge.no/pasientjournal/om/,ok,200,,https://www.helsenorge.no/pasientjournal/om/,,2,2026-10-01T15:29Z,,,,,ok
NOR,source,categories.privacy.sources[0],https://www.datatilsynet.no/aktuelt/aktuelle-nyheter-2025/varsel-om-palegg-til-helseplattformen-as/,ok,200,,https://www.datatilsynet.no/aktuelt/aktuelle-nyheter-2025/varsel-om-palegg-til-helseplattformen-as/,,2,2026-10-01T15:29Z,,,,,ok
NOR,source,categories.privacy.sources[1],https://lovdata.no/artikkel/statsrad_23__januar_2026/5384,ok,200,,https://lovdata.no/artikkel/statsrad_23__januar_2026/5384,,3,2026-10-01T15:29Z,,,,,ok
NOR,source,categories.privacy.sources[2],https://www.helsedirektoratet.no/om-oss/om-nettstedet/personvernerklaering/nar-behandler-vi-personopplysninger/helseregistre,ok,200,,https://www.helsedirektoratet.no/om-oss/om-nettstedet/personvernerklaering/nar-behandler-vi-personopplysninger/helseregistre,,6,2026-10-01T15:29Z,,,,,ok
NOR,source,categories.commercial.sources[0],https://www.helsedirektoratet.no/om-oss/om-nettstedet/personvernerklaering/nar-behandler-vi-personopplysninger/helseregistre,ok,200,,https://www.helsedirektoratet.no/om-oss/om-nettstedet/personvernerklaering/nar-behandler-vi-personopplysninger/helseregistre,,6,2026-10-01T15:29Z,,,,,ok
NOR,source,categories.commercial.sources[1],https://helsedata.no/no/priser-og-svarfrister/,ok,200,,https://helsedata.no/no/priser-og-svarfrister/,,1,2026-10-01T15:29Z,,,,,ok
NOR,source,categories.journey.sources[0],https://www.riksrevisjonen.no/rapporter-mappe/no-2024-2025/helseplattformen-i-midt-norge/,ok,200,,https://www.riksrevisjonen.no/rapporter-mappe/no-2024-2025/helseplattformen-i-midt-norge/,,1,2026-10-01T15:29Z,,,,,ok
NOR,source,categories.journey.sources[1],https://www.helsedirektoratet.no/nyheter/dette-betyr-informasjonsvarselet-pa-helsenorge-om-deling-av-helseopplysningar,ok,200,,https://www.helsedirektoratet.no/nyheter/dette-betyr-informasjonsvarselet-pa-helsenorge-om-deling-av-helseopplysningar,,1,2026-10-01T15:29Z,,,,,ok
NOR,source,categories.journey.sources[2],https://www.helsedirektoratet.no/om-oss/om-nettstedet/personvernerklaering/nar-behandler-vi-personopplysninger/helseregistre,ok,200,,https://www.helsedirektoratet.no/om-oss/om-nettstedet/personvernerklaering/nar-behandler-vi-personopplysninger/helseregistre,,6,2026-10-01T15:29Z,,,,,ok
NOR,source,categories.clinical.sources[0],https://www.nhn.no/tjenester/kjernejournal/sporsmal-og-svar,ok,200,,https://www.nhn.no/tjenester/kjernejournal/sporsmal-og-svar,,2,2026-10-01T15:29Z,,,,,ok
NOR,source,categories.clinical.sources[1],https://www.helsedirektoratet.no/om-oss/om-nettstedet/personvernerklaering/nar-behandler-vi-personopplysninger/helseregistre,ok,200,,https://www.helsedirektoratet.no/om-oss/om-nettstedet/personvernerklaering/nar-behandler-vi-personopplysninger/helseregistre,,6,2026-10-01T15:29Z,,,,,ok
NOR,source,categories.research.sources[0],https://helsedata.no/no/soknadsveiledning-oversikt/Behandlingstid/,ok,200,,https://helsedata.no/no/soknadsveiledning-oversikt/Behandlingstid/,,2,2026-10-01T15:29Z,,,,,ok
NOR,source,categories.research.sources[1],https://helsedata.no/globalassets/filer/saksbehandlingsveileder-hds_versjon-2_-oppdatert_09.02.26.pdf,ok,200,,https://helsedata.no/globalassets/filer/saksbehandlingsveileder-hds_versjon-2_-oppdatert_09.02.26.pdf,,1,2026-10-01T15:29Z,,,,,ok
NOR,source,categories.ai.sources[0],https://nkom.no/ki/regulering/nye-krav-til-ki-merking-i-eu--hva-betyr-dette-for-norge,ok,200,,https://nkom.no/ki/regulering/nye-krav-til-ki-merking-i-eu--hva-betyr-dette-for-norge,,2,2026-10-01T15:29Z,,,,,ok
NOR,source,categories.ai.sources[1],https://nkom.no/ki/regulering/hvem-handhever,ok,200,,https://nkom.no/ki/regulering/hvem-handhever,,1,2026-10-01T15:29Z,,,,,ok
NOR,source,categories.ai.sources[2],https://www.digi.no/artikler/nye-eu-regler-for-ki-norge-og-eos-henger-enna-langt-etter/575266,ok,200,,https://www.digi.no/kunstig-intelligens/nye-eu-regler-for-ki-norge-og-eos-henger-enna-langt-etter/2994542,,1,2026-10-01T15:29Z,,,,,ok
NOR,law,laws[0],https://lovdata.no/nav/lov/2014-06-20-42,ok,200,,https://lovdata.no/nav/lov/2014-06-20-42,,1,2026-10-01T15:29Z,,,,,ok
NOR,law,laws[1],https://lovdata.no/artikkel/statsrad_23__januar_2026/5384,ok,200,,https://lovdata.no/artikkel/statsrad_23__januar_2026/5384,,3,2026-10-01T15:29Z,,,,,ok
NOR,law,laws[2],https://www.lovnorge.no/dokument/NL/lov/2014-06-20-43,ok,200,,https://www.lovnorge.no/dokument/NL/lov/2014-06-20-43,,1,2026-10-01T15:29Z,,,,,ok
NOR,news,news[0],https://nkom.no/ki/regulering/nye-krav-til-ki-merking-i-eu--hva-betyr-dette-for-norge,ok,200,,https://nkom.no/ki/regulering/nye-krav-til-ki-merking-i-eu--hva-betyr-dette-for-norge,,2,2026-10-01T15:29Z,,,,,ok
NOR,news,news[1],https://lovdata.no/artikkel/statsrad_23__januar_2026/5384,ok,200,,https://lovdata.no/artikkel/statsrad_23__januar_2026/5384,,3,2026-10-01T15:29Z,,,,,ok
NOR,news,news[2],https://www.datatilsynet.no/aktuelt/aktuelle-nyheter-2025/varsel-om-palegg-til-helseplattformen-as/,ok,200,,https://www.datatilsynet.no/aktuelt/aktuelle-nyheter-2025/varsel-om-palegg-til-helseplattformen-as/,,2,2026-10-01T15:29Z,,,,,ok
NOR,news,news[3],https://helsedata.no/no/soknadsveiledning-oversikt/Behandlingstid/,ok,200,,https://helsedata.no/no/soknadsveiledning-oversikt/Behandlingstid/,,2,2026-10-01T15:29Z,,,,,ok
NZL,source,categories.access.sources[0],https://www.privacy.org.nz/assets/Codes-of-Practice-2020/Health-Information-Privacy-Code-2020-website-version.pdf,ok,200,,https://www.privacy.org.nz/assets/Codes-of-Practice-2020/Health-Information-Privacy-Code-2020-website-version.pdf,,4,2026-10-01T15:29Z,,,,,ok
NZL,source,categories.access.sources[1],https://www.privacy.org.nz/tuhono-connect/statements-media-releases/privacy-commissioner-finds-manage-my-health-and-health-nz-breached-privacy-act/,ok,200,,https://www.privacy.org.nz/tuhono-connect/statements-media-releases/privacy-commissioner-finds-manage-my-health-and-health-nz-breached-privacy-act/,,5,2026-10-01T15:29Z,,,,,ok
NZL,source,categories.control.sources[0],https://www.privacy.org.nz/assets/Codes-of-Practice-2020/Amendment-No-2-to-Health-Information-Privacy-Code-2020.pdf,ok,200,,https://www.privacy.org.nz/assets/Codes-of-Practice-2020/Amendment-No-2-to-Health-Information-Privacy-Code-2020.pdf,,3,2026-10-01T15:29Z,,,,,ok
NZL,source,categories.control.sources[1],https://www.privacy.org.nz/privacy-act-2020/codes-of-practice/hipc2020/,ok,200,,https://www.privacy.org.nz/privacy-principles/codes-of-practice/hipc2020/,,4,2026-10-01T15:29Z,,,,,ok
NZL,source,categories.control.sources[2],https://www.privacy.org.nz/assets/Codes-of-Practice-2020/Health-Information-Privacy-Code-2020-website-version.pdf,ok,200,,https://www.privacy.org.nz/assets/Codes-of-Practice-2020/Health-Information-Privacy-Code-2020-website-version.pdf,,4,2026-10-01T15:29Z,,,,,ok
NZL,source,categories.privacy.sources[0],https://www.privacy.org.nz/tuhono-connect/statements-media-releases/privacy-commissioner-finds-manage-my-health-and-health-nz-breached-privacy-act/,ok,200,,https://www.privacy.org.nz/tuhono-connect/statements-media-releases/privacy-commissioner-finds-manage-my-health-and-health-nz-breached-privacy-act/,,5,2026-10-01T15:29Z,,,,,ok
NZL,source,categories.privacy.sources[1],https://www.privacy.org.nz/tuhono-connect/statements-media-releases/privacy-commissioner-issues-compliance-notices-to-manage-my-health-and-health-nz/,ok,200,,https://www.privacy.org.nz/tuhono-connect/statements-media-releases/privacy-commissioner-issues-compliance-notices-to-manage-my-health-and-health-nz/,,3,2026-10-01T15:29Z,,,,,ok
NZL,source,categories.privacy.sources[2],https://www.privacy.org.nz/tuhono-connect/statements-media-releases/statement-on-manage-my-health-cyber-incident/,ok,200,,https://www.privacy.org.nz/tuhono-connect/statements-media-releases/statement-on-manage-my-health-cyber-incident/,,1,2026-10-01T15:29Z,,,,,ok
NZL,source,categories.commercial.sources[0],https://www.privacy.org.nz/privacy-act-2020/codes-of-practice/hipc2020/,ok,200,,https://www.privacy.org.nz/privacy-principles/codes-of-practice/hipc2020/,,4,2026-10-01T15:29Z,,,,,ok
NZL,source,categories.commercial.sources[1],https://www.privacy.org.nz/tuhono-connect/statements-media-releases/privacy-commissioner-finds-manage-my-health-and-health-nz-breached-privacy-act/,ok,200,,https://www.privacy.org.nz/tuhono-connect/statements-media-releases/privacy-commissioner-finds-manage-my-health-and-health-nz-breached-privacy-act/,,5,2026-10-01T15:29Z,,,,,ok
NZL,source,categories.journey.sources[0],https://www.privacy.org.nz/tuhono-connect/statements-media-releases/privacy-commissioner-finds-manage-my-health-and-health-nz-breached-privacy-act/,ok,200,,https://www.privacy.org.nz/tuhono-connect/statements-media-releases/privacy-commissioner-finds-manage-my-health-and-health-nz-breached-privacy-act/,,5,2026-10-01T15:29Z,,,,,ok
NZL,source,categories.clinical.sources[0],https://www.privacy.org.nz/assets/Codes-of-Practice-2020/Health-Information-Privacy-Code-2020-website-version.pdf,ok,200,,https://www.privacy.org.nz/assets/Codes-of-Practice-2020/Health-Information-Privacy-Code-2020-website-version.pdf,,4,2026-10-01T15:29Z,,,,,ok
NZL,source,categories.clinical.sources[1],https://en.wikipedia.org/wiki/Health_New_Zealand,ok,200,,https://en.wikipedia.org/wiki/Health_New_Zealand,,2,2026-10-01T15:29Z,,,,,ok
NZL,source,categories.research.sources[0],https://www.privacy.org.nz/assets/Codes-of-Practice-2020/Health-Information-Privacy-Code-2020-website-version.pdf,ok,200,,https://www.privacy.org.nz/assets/Codes-of-Practice-2020/Health-Information-Privacy-Code-2020-website-version.pdf,,4,2026-10-01T15:29Z,,,,,ok
NZL,source,categories.research.sources[1],https://www.temanararaunga.maori.nz/,ok,200,,https://www.temanararaunga.maori.nz/,,1,2026-10-01T15:29Z,,,,,ok
NZL,source,categories.research.sources[2],https://www.privacy.org.nz/tuhono-connect/statements-media-releases/privacy-commissioner-issues-compliance-notices-to-manage-my-health-and-health-nz/,ok,200,,https://www.privacy.org.nz/tuhono-connect/statements-media-releases/privacy-commissioner-issues-compliance-notices-to-manage-my-health-and-health-nz/,,3,2026-10-01T15:29Z,,,,,ok
NZL,source,categories.ai.sources[0],https://en.wikipedia.org/wiki/Health_New_Zealand,ok,200,,https://en.wikipedia.org/wiki/Health_New_Zealand,,2,2026-10-01T15:29Z,,,,,ok
NZL,law,laws[0],https://www.privacy.org.nz/privacy-act-2020/codes-of-practice/hipc2020/,ok,200,,https://www.privacy.org.nz/privacy-principles/codes-of-practice/hipc2020/,,4,2026-10-01T15:29Z,,,,,ok
NZL,law,laws[1],https://www.privacy.org.nz/assets/Codes-of-Practice-2020/Amendment-No-2-to-Health-Information-Privacy-Code-2020.pdf,ok,200,,https://www.privacy.org.nz/assets/Codes-of-Practice-2020/Amendment-No-2-to-Health-Information-Privacy-Code-2020.pdf,,3,2026-10-01T15:29Z,,,,,ok
NZL,law,laws[2],https://www.privacy.org.nz/privacy-act-2020/codes-of-practice/hipc2020/,ok,200,,https://www.privacy.org.nz/privacy-principles/codes-of-practice/hipc2020/,,4,2026-10-01T15:29Z,,,,,ok
NZL,news,news[0],https://www.privacy.org.nz/tuhono-connect/statements-media-releases/privacy-commissioner-issues-compliance-notices-to-manage-my-health-and-health-nz/,ok,200,,https://www.privacy.org.nz/tuhono-connect/statements-media-releases/privacy-commissioner-issues-compliance-notices-to-manage-my-health-and-health-nz/,,3,2026-10-01T15:29Z,,,,,ok
NZL,news,news[1],https://www.privacy.org.nz/tuhono-connect/statements-media-releases/privacy-commissioner-finds-manage-my-health-and-health-nz-breached-privacy-act/,ok,200,,https://www.privacy.org.nz/tuhono-connect/statements-media-releases/privacy-commissioner-finds-manage-my-health-and-health-nz-breached-privacy-act/,,5,2026-10-01T15:29Z,,,,,ok
NZL,news,news[2],https://www.privacy.org.nz/assets/Codes-of-Practice-2020/Amendment-No-2-to-Health-Information-Privacy-Code-2020.pdf,ok,200,,https://www.privacy.org.nz/assets/Codes-of-Practice-2020/Amendment-No-2-to-Health-Information-Privacy-Code-2020.pdf,,3,2026-10-01T15:29Z,,,,,ok
NZL,news,news[3],https://www.privacy.org.nz/news/statements-media-releases/,ok,200,,https://www.privacy.org.nz/tuhono-connect/statements-media-releases/,,1,2026-10-01T15:29Z,,,,,ok
PHL,source,categories.access.sources[0],https://privacy.gov.ph/data-privacy-act/,ok,200,,https://privacy.gov.ph/data-privacy-act/,,6,2026-10-01T15:29Z,,,,,ok
PHL,source,categories.access.sources[1],https://privacy.gov.ph/wp-content/uploads/2026/09/For-Publication-DPCJ-18Sep2026-Draft-Circular-Data-Subjects-Rights.pdf,ok,200,,https://privacy.gov.ph/wp-content/uploads/2026/09/For-Publication-DPCJ-18Sep2026-Draft-Circular-Data-Subjects-Rights.pdf,,3,2026-10-01T15:29Z,,,,,ok
PHL,source,categories.control.sources[0],https://privacy.gov.ph/data-privacy-act/,ok,200,,https://privacy.gov.ph/data-privacy-act/,,6,2026-10-01T15:29Z,,,,,ok
PHL,source,categories.control.sources[1],https://lawphil.net/statutes/repacts/ra2012/ra_10173_2012.html,ok,200,,https://lawphil.net/statutes/repacts/ra2012/ra_10173_2012.html,,2,2026-10-01T15:29Z,,,,,ok
PHL,source,categories.control.sources[2],https://lawphil.net/statutes/repacts/ra2019/ra_11223_2019.html,ok,200,,https://lawphil.net/statutes/repacts/ra2019/ra_11223_2019.html,,4,2026-10-01T15:29Z,,,,,ok
PHL,source,categories.privacy.sources[0],https://privacy.gov.ph/data-privacy-act/,ok,200,,https://privacy.gov.ph/data-privacy-act/,,6,2026-10-01T15:29Z,,,,,ok
PHL,source,categories.privacy.sources[1],https://www.rappler.com/technology/philhealth-under-investigation-negligence-data-breach-national-privacy-commission/,ok,200,,https://www.rappler.com/technology/philhealth-under-investigation-negligence-data-breach-national-privacy-commission/,,1,2026-10-01T15:29Z,,,,,ok
PHL,source,categories.privacy.sources[2],https://www.asiapacific.ca/publication/data-breaches-plague-philippines-country-scrambles-bolster,ok,200,,https://www.asiapacific.ca/publication/data-breaches-plague-philippines-country-scrambles-bolster,,1,2026-10-01T15:29Z,,,,,ok
PHL,source,categories.privacy.sources[3],https://business.inquirer.net/438545/biz-buzz-npc-readies-charges-vs-philhealth-officials-for-data-leak,blocked_unverified,403,403,https://business.inquirer.net/438545/biz-buzz-npc-readies-charges-vs-philhealth-officials-for-data-leak,,2,2026-10-01T15:29Z,blocked_unverified,403,,2026-10-01T15:46Z,blocked_unverified
PHL,source,categories.commercial.sources[0],https://privacy.gov.ph/data-privacy-act/,ok,200,,https://privacy.gov.ph/data-privacy-act/,,6,2026-10-01T15:29Z,,,,,ok
PHL,source,categories.commercial.sources[1],https://privacy.gov.ph/wp-content/uploads/2026/09/For-Publication-DPCJ-18Sep2026-Draft-Circular-Data-Subjects-Rights.pdf,ok,200,,https://privacy.gov.ph/wp-content/uploads/2026/09/For-Publication-DPCJ-18Sep2026-Draft-Circular-Data-Subjects-Rights.pdf,,3,2026-10-01T15:29Z,,,,,ok
PHL,source,categories.commercial.sources[2],https://business.inquirer.net/438545/biz-buzz-npc-readies-charges-vs-philhealth-officials-for-data-leak,blocked_unverified,403,403,https://business.inquirer.net/438545/biz-buzz-npc-readies-charges-vs-philhealth-officials-for-data-leak,,2,2026-10-01T15:29Z,blocked_unverified,403,,2026-10-01T15:46Z,blocked_unverified
PHL,source,categories.journey.sources[0],https://lawphil.net/statutes/repacts/ra2019/ra_11223_2019.html,ok,200,,https://lawphil.net/statutes/repacts/ra2019/ra_11223_2019.html,,4,2026-10-01T15:29Z,,,,,ok
PHL,source,categories.journey.sources[1],https://en.wikipedia.org/wiki/Universal_Health_Care_Act_(Philippines),ok,200,,https://en.wikipedia.org/wiki/Universal_Health_Care_Act_(Philippines),,2,2026-10-01T15:29Z,,,,,ok
PHL,source,categories.clinical.sources[0],https://lawphil.net/statutes/repacts/ra2019/ra_11223_2019.html,ok,200,,https://lawphil.net/statutes/repacts/ra2019/ra_11223_2019.html,,4,2026-10-01T15:29Z,,,,,ok
PHL,source,categories.clinical.sources[1],https://privacy.gov.ph/data-privacy-act/,ok,200,,https://privacy.gov.ph/data-privacy-act/,,6,2026-10-01T15:29Z,,,,,ok
PHL,source,categories.research.sources[0],https://lawphil.net/statutes/repacts/ra2012/ra_10173_2012.html,ok,200,,https://lawphil.net/statutes/repacts/ra2012/ra_10173_2012.html,,2,2026-10-01T15:29Z,,,,,ok
PHL,source,categories.research.sources[1],https://en.wikipedia.org/wiki/Universal_Health_Care_Act_(Philippines),ok,200,,https://en.wikipedia.org/wiki/Universal_Health_Care_Act_(Philippines),,2,2026-10-01T15:29Z,,,,,ok
PHL,source,categories.ai.sources[0],https://privacy.gov.ph/notice-to-the-public-use-of-real-persons-likenesses-in-ai-generated-images/,ok,200,,https://privacy.gov.ph/notice-to-the-public-use-of-real-persons-likenesses-in-ai-generated-images/,,2,2026-10-01T15:29Z,,,,,ok
PHL,source,categories.ai.sources[1],https://privacy.gov.ph/wp-content/uploads/2025/12/NPC_Advisory2025-02.pdf,ok,200,,https://privacy.gov.ph/wp-content/uploads/2025/12/NPC_Advisory2025-02.pdf,,2,2026-10-01T15:29Z,,,,,ok
PHL,law,laws[0],https://privacy.gov.ph/data-privacy-act/,ok,200,,https://privacy.gov.ph/data-privacy-act/,,6,2026-10-01T15:29Z,,,,,ok
PHL,law,laws[1],https://lawphil.net/statutes/repacts/ra2019/ra_11223_2019.html,ok,200,,https://lawphil.net/statutes/repacts/ra2019/ra_11223_2019.html,,4,2026-10-01T15:29Z,,,,,ok
PHL,law,laws[2],https://privacy.gov.ph/wp-content/uploads/2026/05/Advisory-Clarification-on-the-Submission-of-Personal-Data-Breach-Notification-through-DBNMS_11-May-2026.pdf,ok,200,,https://privacy.gov.ph/wp-content/uploads/2026/05/Advisory-Clarification-on-the-Submission-of-Personal-Data-Breach-Notification-through-DBNMS_11-May-2026.pdf,,2,2026-10-01T15:29Z,,,,,ok
PHL,law,laws[3],https://privacy.gov.ph/wp-content/uploads/2025/12/NPC_Advisory2025-02.pdf,ok,200,,https://privacy.gov.ph/wp-content/uploads/2025/12/NPC_Advisory2025-02.pdf,,2,2026-10-01T15:29Z,,,,,ok
PHL,news,news[0],https://privacy.gov.ph/wp-content/uploads/2026/05/Advisory-Clarification-on-the-Submission-of-Personal-Data-Breach-Notification-through-DBNMS_11-May-2026.pdf,ok,200,,https://privacy.gov.ph/wp-content/uploads/2026/05/Advisory-Clarification-on-the-Submission-of-Personal-Data-Breach-Notification-through-DBNMS_11-May-2026.pdf,,2,2026-10-01T15:29Z,,,,,ok
PHL,news,news[1],https://privacy.gov.ph/notice-to-the-public-use-of-real-persons-likenesses-in-ai-generated-images/,ok,200,,https://privacy.gov.ph/notice-to-the-public-use-of-real-persons-likenesses-in-ai-generated-images/,,2,2026-10-01T15:29Z,,,,,ok
PHL,news,news[2],https://privacy.gov.ph/wp-content/uploads/2026/09/For-Publication-DPCJ-18Sep2026-Draft-Circular-Data-Subjects-Rights.pdf,ok,200,,https://privacy.gov.ph/wp-content/uploads/2026/09/For-Publication-DPCJ-18Sep2026-Draft-Circular-Data-Subjects-Rights.pdf,,3,2026-10-01T15:29Z,,,,,ok
POL,source,categories.access.sources[0],https://www.cez.gov.pl/pl/page/o-nas/aktualnosci/juz-ponad-20-mln-osob-korzysta-z-ikp,ok,200,,https://www.cez.gov.pl/pl/page/o-nas/aktualnosci/juz-ponad-20-mln-osob-korzysta-z-ikp,,2,2026-10-01T15:29Z,,,,,ok
POL,source,categories.access.sources[1],https://pacjent.gov.pl/internetowe-konto-pacjenta,ok,200,,https://pacjent.gov.pl/internetowe-konto-pacjenta,,3,2026-10-01T15:29Z,,,,,ok
POL,source,categories.access.sources[2],https://pacjent.gov.pl/aktualnosc/twoja-dokumentacja-medyczna-w-mojeikp,ok,200,,https://pacjent.gov.pl/aktualnosc/twoja-dokumentacja-medyczna-w-mojeikp,,1,2026-10-01T15:29Z,,,,,ok
POL,source,categories.access.sources[3],https://www.gov.pl/web/rpp/prawo-do-dokumentacji-medycznej,ok,200,,https://www.gov.pl/web/rpp/prawo-do-dokumentacji-medycznej,,2,2026-10-01T15:29Z,,,,,ok
POL,source,categories.control.sources[0],"https://www.prawo.pl/zdrowie/edm-zgoda-pacjenta-na-dostep-do-dokumentacji,508688.html",ok,200,,"https://www.prawo.pl/zdrowie/edm-zgoda-pacjenta-na-dostep-do-dokumentacji,508688.html",,2,2026-10-01T15:29Z,,,,,ok
POL,source,categories.control.sources[1],https://pacjent.gov.pl/aktualnosc/twoja-e-dokumentacja-medyczna,ok,200,,https://pacjent.gov.pl/aktualnosc/twoja-e-dokumentacja-medyczna,,3,2026-10-01T15:29Z,,,,,ok
POL,source,categories.control.sources[2],https://pacjent.gov.pl/internetowe-konto-pacjenta,ok,200,,https://pacjent.gov.pl/internetowe-konto-pacjenta,,3,2026-10-01T15:29Z,,,,,ok
POL,source,categories.privacy.sources[0],https://uodo.gov.pl/pl/138/4585,ok,200,,https://uodo.gov.pl/pl/138/4585,,3,2026-10-01T15:29Z,,,,,ok
POL,source,categories.privacy.sources[1],https://portal.abczdrowie.pl/wyciek-danych-19-mln-polakow-uodo-skontroluje-placowki-medyczne/7330053938571488a,ok,204,,https://portal.abczdrowie.pl/wyciek-danych-19-mln-polakow-uodo-skontroluje-placowki-medyczne/7330053938571488a,,3,2026-10-01T15:29Z,,,,,ok
POL,source,categories.privacy.sources[2],https://eur-lex.europa.eu/eli/reg/2016/679/oj/eng,ok,202,,https://eur-lex.europa.eu/eli/reg/2016/679/oj/eng,,19,2026-10-01T15:29Z,,,,,ok
POL,source,categories.commercial.sources[0],https://eur-lex.europa.eu/eli/reg/2016/679/oj/eng,ok,202,,https://eur-lex.europa.eu/eli/reg/2016/679/oj/eng,,19,2026-10-01T15:29Z,,,,,ok
POL,source,categories.commercial.sources[1],https://portal.abczdrowie.pl/wyciek-danych-19-mln-polakow-uodo-skontroluje-placowki-medyczne/7330053938571488a,ok,204,,https://portal.abczdrowie.pl/wyciek-danych-19-mln-polakow-uodo-skontroluje-placowki-medyczne/7330053938571488a,,3,2026-10-01T15:29Z,,,,,ok
POL,source,categories.commercial.sources[2],https://uodo.gov.pl/pl/138/4585,ok,200,,https://uodo.gov.pl/pl/138/4585,,3,2026-10-01T15:29Z,,,,,ok
POL,source,categories.journey.sources[0],https://pacjent.gov.pl/aktualnosc/twoja-e-dokumentacja-medyczna,ok,200,,https://pacjent.gov.pl/aktualnosc/twoja-e-dokumentacja-medyczna,,3,2026-10-01T15:29Z,,,,,ok
POL,source,categories.journey.sources[1],https://www.cez.gov.pl/pl/page/o-nas/aktualnosci/e-zdrowie-w-liczbach-i-faktach-podsumowanie-2025-roku,ok,200,,https://www.cez.gov.pl/pl/page/o-nas/aktualnosci/e-zdrowie-w-liczbach-i-faktach-podsumowanie-2025-roku,,1,2026-10-01T15:29Z,,,,,ok
POL,source,categories.journey.sources[2],https://www.ezdrowie.gov.pl/portal/artykul/od-1-sierpnia-centralna-e-rejestracja-rozszerza-sie-o-kolejne-swiadczenia,ok,200,,https://www.ezdrowie.gov.pl/portal/artykul/od-1-sierpnia-centralna-e-rejestracja-rozszerza-sie-o-kolejne-swiadczenia,,3,2026-10-01T15:29Z,,,,,ok
POL,source,categories.journey.sources[3],https://pacjent.gov.pl/internetowe-konto-pacjenta,ok,200,,https://pacjent.gov.pl/internetowe-konto-pacjenta,,3,2026-10-01T15:29Z,,,,,ok
POL,source,categories.clinical.sources[0],"https://www.prawo.pl/zdrowie/edm-zgoda-pacjenta-na-dostep-do-dokumentacji,508688.html",ok,200,,"https://www.prawo.pl/zdrowie/edm-zgoda-pacjenta-na-dostep-do-dokumentacji,508688.html",,2,2026-10-01T15:29Z,,,,,ok
POL,source,categories.clinical.sources[1],https://pacjent.gov.pl/aktualnosc/twoja-e-dokumentacja-medyczna,ok,200,,https://pacjent.gov.pl/aktualnosc/twoja-e-dokumentacja-medyczna,,3,2026-10-01T15:29Z,,,,,ok
POL,source,categories.research.sources[0],https://health.ec.europa.eu/ehealth-digital-health-and-care/european-health-data-space-regulation-ehds_en,ok,200,,https://health.ec.europa.eu/ehealth-digital-health-and-care/european-health-data-space-regulation-ehds_en,,31,2026-10-01T15:29Z,,,,,ok
POL,source,categories.ai.sources[0],https://gdpr.pl/ustawa-o-systemach-sztucznej-inteligencji-weszla-w-zycie,ok,200,,https://gdpr.pl/ustawa-o-systemach-sztucznej-inteligencji-weszla-w-zycie,,2,2026-10-01T15:29Z,,,,,ok
POL,source,categories.ai.sources[1],https://www.rp.pl/prawo-w-polsce/art44606901-sejm-przyjal-ustawe-o-sztucznej-inteligencji-komisja-ds-ai-i-piaskownice-regulacyjne-dla-firm,ok,200,,https://www.rp.pl/prawo-w-polsce/art44606901-sejm-przyjal-ustawe-o-sztucznej-inteligencji-komisja-ds-ai-i-piaskownice-regulacyjne-dla-firm,,2,2026-10-01T15:29Z,,,,,ok
POL,source,categories.ai.sources[2],https://digital-strategy.ec.europa.eu/en/policies/regulatory-framework-ai,ok,200,,https://digital-strategy.ec.europa.eu/en/policies/regulatory-framework-ai,,10,2026-10-01T15:29Z,,,,,ok
POL,law,laws[0],https://eur-lex.europa.eu/eli/reg/2016/679/oj/eng,ok,202,,https://eur-lex.europa.eu/eli/reg/2016/679/oj/eng,,19,2026-10-01T15:29Z,,,,,ok
POL,law,laws[1],https://www.gov.pl/web/rpp/prawo-do-dokumentacji-medycznej,ok,200,,https://www.gov.pl/web/rpp/prawo-do-dokumentacji-medycznej,,2,2026-10-01T15:29Z,,,,,ok
POL,law,laws[2],https://www.ezdrowie.gov.pl/portal/artykul/od-1-sierpnia-centralna-e-rejestracja-rozszerza-sie-o-kolejne-swiadczenia,ok,200,,https://www.ezdrowie.gov.pl/portal/artykul/od-1-sierpnia-centralna-e-rejestracja-rozszerza-sie-o-kolejne-swiadczenia,,3,2026-10-01T15:29Z,,,,,ok
POL,law,laws[3],https://gdpr.pl/ustawa-o-systemach-sztucznej-inteligencji-weszla-w-zycie,ok,200,,https://gdpr.pl/ustawa-o-systemach-sztucznej-inteligencji-weszla-w-zycie,,2,2026-10-01T15:29Z,,,,,ok
POL,law,laws[4],https://eur-lex.europa.eu/eli/reg/2025/327/oj/eng,ok,202,,https://eur-lex.europa.eu/eli/reg/2025/327/oj/eng,,17,2026-10-01T15:29Z,,,,,ok
POL,news,news[0],https://www.cez.gov.pl/pl/page/o-nas/aktualnosci/juz-ponad-20-mln-osob-korzysta-z-ikp,ok,200,,https://www.cez.gov.pl/pl/page/o-nas/aktualnosci/juz-ponad-20-mln-osob-korzysta-z-ikp,,2,2026-10-01T15:29Z,,,,,ok
POL,news,news[1],https://www.rp.pl/prawo-w-polsce/art44606901-sejm-przyjal-ustawe-o-sztucznej-inteligencji-komisja-ds-ai-i-piaskownice-regulacyjne-dla-firm,ok,200,,https://www.rp.pl/prawo-w-polsce/art44606901-sejm-przyjal-ustawe-o-sztucznej-inteligencji-komisja-ds-ai-i-piaskownice-regulacyjne-dla-firm,,2,2026-10-01T15:29Z,,,,,ok
POL,news,news[2],https://www.ezdrowie.gov.pl/portal/artykul/od-1-sierpnia-centralna-e-rejestracja-rozszerza-sie-o-kolejne-swiadczenia,ok,200,,https://www.ezdrowie.gov.pl/portal/artykul/od-1-sierpnia-centralna-e-rejestracja-rozszerza-sie-o-kolejne-swiadczenia,,3,2026-10-01T15:29Z,,,,,ok
POL,news,news[3],https://portal.abczdrowie.pl/wyciek-danych-19-mln-polakow-uodo-skontroluje-placowki-medyczne/7330053938571488a,ok,204,,https://portal.abczdrowie.pl/wyciek-danych-19-mln-polakow-uodo-skontroluje-placowki-medyczne/7330053938571488a,,3,2026-10-01T15:29Z,,,,,ok
POL,news,news[4],https://uodo.gov.pl/pl/138/4585,ok,200,,https://uodo.gov.pl/pl/138/4585,,3,2026-10-01T15:29Z,,,,,ok
PRT,source,categories.access.sources[0],https://data.consilium.europa.eu/doc/document/ST-10407-2025-ADD-23/en/pdf,ok,405,200,https://data.consilium.europa.eu/doc/document/ST-10407-2025-ADD-23/en/pdf,,1,2026-10-01T15:29Z,,,,,ok
PRT,source,categories.access.sources[1],https://www.oecd.org/content/dam/oecd/en/publications/reports/2025/12/country-health-profile-2025-country-notes_7e72146d/portugal_6d4acb43/56041c8e-en.pdf,ok,200,,https://www.oecd.org/content/dam/oecd/en/publications/reports/2025/12/country-health-profile-2025-country-notes_7e72146d/portugal_6d4acb43/56041c8e-en.pdf,,4,2026-10-01T15:29Z,,,,,ok
PRT,source,categories.access.sources[2],https://www.pgdlisboa.pt/leis/lei_mostra_articulado.php?nid=1660&tabela=leis&ficha=1&pagina=1,ok,200,,https://www.pgdlisboa.pt/leis/lei_mostra_articulado.php?nid=1660&tabela=leis&ficha=1&pagina=1,,5,2026-10-01T15:29Z,,,,,ok
PRT,source,categories.access.sources[3],https://www.ers.pt/pt/utentes/perguntas-frequentes/faq/direito-de-acesso-a-informacao-de-saude-e-a-protecao-de-dados-pessoais/,ok,200,,https://www.ers.pt/pt/utentes/perguntas-frequentes/faq/direito-de-acesso-a-informacao-de-saude-e-a-protecao-de-dados-pessoais/,,1,2026-10-01T15:29Z,,,,,ok
PRT,source,categories.control.sources[0],https://files.diariodarepublica.pt/1s/2019/08/15100/0000300040.pdf,ok,200,,https://files.diariodarepublica.pt/1s/2019/08/15100/0000300040.pdf,,4,2026-10-01T15:29Z,,,,,ok
PRT,source,categories.control.sources[1],https://www.acss.min-saude.pt/wp-content/uploads/2016/12/Manual-de-Utilizador-RSE-PCPMACNO_VF.pdf,ok,200,,https://www.acss.min-saude.pt/wp-content/uploads/2016/12/Manual-de-Utilizador-RSE-PCPMACNO_VF.pdf,,3,2026-10-01T15:29Z,,,,,ok
PRT,source,categories.control.sources[2],https://pplware.sapo.pt/internet/sns-24-saiba-quem-teve-acesso-as-suas-informacoes-e-como-gerir-autorizacoes/,ok,200,,https://pplware.sapo.pt/internet/sns-24-saiba-quem-teve-acesso-as-suas-informacoes-e-como-gerir-autorizacoes/,,1,2026-10-01T15:29Z,,,,,ok
PRT,source,categories.control.sources[3],https://healthnews.pt/2026/05/22/uls-do-alto-minho-admite-roubo-de-credenciais-medicas-para-aceder-a-dados-de-utentes/,ok,200,,https://healthnews.pt/2026/05/22/uls-do-alto-minho-admite-roubo-de-credenciais-medicas-para-aceder-a-dados-de-utentes/,,3,2026-10-01T15:29Z,,,,,ok
PRT,source,categories.privacy.sources[0],https://files.diariodarepublica.pt/1s/2019/08/15100/0000300040.pdf,ok,200,,https://files.diariodarepublica.pt/1s/2019/08/15100/0000300040.pdf,,4,2026-10-01T15:29Z,,,,,ok
PRT,source,categories.privacy.sources[1],https://eco.sapo.pt/2026/05/26/comissao-nacional-de-protecao-de-dados-averigua-acesso-indevido-a-dados-de-saude/,ok,200,,https://eco.sapo.pt/2026/05/26/comissao-nacional-de-protecao-de-dados-averigua-acesso-indevido-a-dados-de-saude/,,2,2026-10-01T15:29Z,,,,,ok
PRT,source,categories.privacy.sources[2],https://healthnews.pt/2026/05/22/uls-do-alto-minho-admite-roubo-de-credenciais-medicas-para-aceder-a-dados-de-utentes/,ok,200,,https://healthnews.pt/2026/05/22/uls-do-alto-minho-admite-roubo-de-credenciais-medicas-para-aceder-a-dados-de-utentes/,,3,2026-10-01T15:29Z,,,,,ok
PRT,source,categories.privacy.sources[3],https://www.jornaldenegocios.pt/economia/saude/detalhe/hospital-do-barreiro-multado-em-400-mil-euros-por-nao-proteger-dados-clinicos-dos-doentes,ok,200,,https://www.jornaldenegocios.pt/economia/saude/detalhe/hospital-do-barreiro-multado-em-400-mil-euros-por-nao-proteger-dados-clinicos-dos-doentes,,1,2026-10-01T15:29Z,,,,,ok
PRT,source,categories.commercial.sources[0],https://www.pgdlisboa.pt/leis/lei_mostra_articulado.php?nid=1660&tabela=leis&ficha=1&pagina=1,ok,200,,https://www.pgdlisboa.pt/leis/lei_mostra_articulado.php?nid=1660&tabela=leis&ficha=1&pagina=1,,5,2026-10-01T15:29Z,,,,,ok
PRT,source,categories.commercial.sources[1],https://www.pgdlisboa.pt/leis/lei_mostra_articulado.php?nid=3478&tabela=leis,ok,200,,https://www.pgdlisboa.pt/leis/lei_mostra_articulado.php?nid=3478&tabela=leis,,2,2026-10-01T15:29Z,,,,,ok
PRT,source,categories.journey.sources[0],https://www.oecd.org/content/dam/oecd/en/publications/reports/2025/12/country-health-profile-2025-country-notes_7e72146d/portugal_6d4acb43/56041c8e-en.pdf,ok,200,,https://www.oecd.org/content/dam/oecd/en/publications/reports/2025/12/country-health-profile-2025-country-notes_7e72146d/portugal_6d4acb43/56041c8e-en.pdf,,4,2026-10-01T15:29Z,,,,,ok
PRT,source,categories.journey.sources[1],https://www.acss.min-saude.pt/wp-content/uploads/2016/12/Manual-de-Utilizador-RSE-PCPMACNO_VF.pdf,ok,200,,https://www.acss.min-saude.pt/wp-content/uploads/2016/12/Manual-de-Utilizador-RSE-PCPMACNO_VF.pdf,,3,2026-10-01T15:29Z,,,,,ok
PRT,source,categories.journey.sources[2],https://www.pgdlisboa.pt/leis/lei_mostra_articulado.php?nid=3197&tabela=leis&ficha=1,ok,200,,https://www.pgdlisboa.pt/leis/lei_mostra_articulado.php?nid=3197&tabela=leis&ficha=1,,2,2026-10-01T15:29Z,,,,,ok
PRT,source,categories.clinical.sources[0],https://www.acss.min-saude.pt/wp-content/uploads/2016/12/Manual-de-Utilizador-RSE-PCPMACNO_VF.pdf,ok,200,,https://www.acss.min-saude.pt/wp-content/uploads/2016/12/Manual-de-Utilizador-RSE-PCPMACNO_VF.pdf,,3,2026-10-01T15:29Z,,,,,ok
PRT,source,categories.clinical.sources[1],https://www.pgdlisboa.pt/leis/lei_mostra_articulado.php?nid=1660&tabela=leis&ficha=1&pagina=1,ok,200,,https://www.pgdlisboa.pt/leis/lei_mostra_articulado.php?nid=1660&tabela=leis&ficha=1&pagina=1,,5,2026-10-01T15:29Z,,,,,ok
PRT,source,categories.clinical.sources[2],https://www.oecd.org/content/dam/oecd/en/publications/reports/2025/12/country-health-profile-2025-country-notes_7e72146d/portugal_6d4acb43/56041c8e-en.pdf,ok,200,,https://www.oecd.org/content/dam/oecd/en/publications/reports/2025/12/country-health-profile-2025-country-notes_7e72146d/portugal_6d4acb43/56041c8e-en.pdf,,4,2026-10-01T15:29Z,,,,,ok
PRT,source,categories.research.sources[0],https://www.pgdlisboa.pt/leis/lei_mostra_articulado.php?nid=1660&tabela=leis&ficha=1&pagina=1,ok,200,,https://www.pgdlisboa.pt/leis/lei_mostra_articulado.php?nid=1660&tabela=leis&ficha=1&pagina=1,,5,2026-10-01T15:29Z,,,,,ok
PRT,source,categories.research.sources[1],https://files.diariodarepublica.pt/1s/2019/08/15100/0000300040.pdf,ok,200,,https://files.diariodarepublica.pt/1s/2019/08/15100/0000300040.pdf,,4,2026-10-01T15:29Z,,,,,ok
PRT,source,categories.research.sources[2],https://www.pgdlisboa.pt/leis/lei_mostra_articulado.php?nid=2089&tabela=leis,ok,200,,https://www.pgdlisboa.pt/leis/lei_mostra_articulado.php?nid=2089&tabela=leis,,2,2026-10-01T15:29Z,,,,,ok
PRT,source,categories.research.sources[3],https://health.ec.europa.eu/ehealth-digital-health-and-care/european-health-data-space-regulation-ehds_en,ok,200,,https://health.ec.europa.eu/ehealth-digital-health-and-care/european-health-data-space-regulation-ehds_en,,31,2026-10-01T15:29Z,,,,,ok
PRT,source,categories.ai.sources[0],https://www.ers.pt/pt/atividade/regulamento-da-inteligencia-artificial/,ok,200,,https://www.ers.pt/pt/atividade/regulamento-da-inteligencia-artificial/,,1,2026-10-01T15:29Z,,,,,ok
PRT,source,categories.ai.sources[1],https://eco.sapo.pt/2025/09/19/anacom-escolhida-pelo-governo-para-regular-inteligencia-artificial-em-portugal/,ok,200,,https://eco.sapo.pt/2025/09/19/anacom-escolhida-pelo-governo-para-regular-inteligencia-artificial-em-portugal/,,1,2026-10-01T15:29Z,,,,,ok
PRT,source,categories.ai.sources[2],https://www.oecd.org/content/dam/oecd/en/publications/reports/2025/12/country-health-profile-2025-country-notes_7e72146d/portugal_6d4acb43/56041c8e-en.pdf,ok,200,,https://www.oecd.org/content/dam/oecd/en/publications/reports/2025/12/country-health-profile-2025-country-notes_7e72146d/portugal_6d4acb43/56041c8e-en.pdf,,4,2026-10-01T15:29Z,,,,,ok
PRT,source,categories.ai.sources[3],https://www.cuatrecasas.com/en/global/intellectual-property/art/digital-omnibus-ai-has-been-published,ok,200,,https://www.cuatrecasas.com/en/global/intellectual-property/art/digital-omnibus-ai-has-been-published,,23,2026-10-01T15:29Z,,,,,ok
PRT,law,laws[0],https://www.pgdlisboa.pt/leis/lei_mostra_articulado.php?nid=1660&tabela=leis&ficha=1&pagina=1,ok,200,,https://www.pgdlisboa.pt/leis/lei_mostra_articulado.php?nid=1660&tabela=leis&ficha=1&pagina=1,,5,2026-10-01T15:29Z,,,,,ok
PRT,law,laws[1],https://files.diariodarepublica.pt/1s/2019/08/15100/0000300040.pdf,ok,200,,https://files.diariodarepublica.pt/1s/2019/08/15100/0000300040.pdf,,4,2026-10-01T15:29Z,,,,,ok
PRT,law,laws[2],https://www.pgdlisboa.pt/leis/lei_mostra_articulado.php?nid=3197&tabela=leis&ficha=1,ok,200,,https://www.pgdlisboa.pt/leis/lei_mostra_articulado.php?nid=3197&tabela=leis&ficha=1,,2,2026-10-01T15:29Z,,,,,ok
PRT,law,laws[3],https://www.pgdlisboa.pt/leis/lei_mostra_articulado.php?nid=3478&tabela=leis,ok,200,,https://www.pgdlisboa.pt/leis/lei_mostra_articulado.php?nid=3478&tabela=leis,,2,2026-10-01T15:29Z,,,,,ok
PRT,law,laws[4],https://www.pgdlisboa.pt/leis/lei_mostra_articulado.php?nid=2089&tabela=leis,ok,200,,https://www.pgdlisboa.pt/leis/lei_mostra_articulado.php?nid=2089&tabela=leis,,2,2026-10-01T15:29Z,,,,,ok
PRT,law,laws[5],https://health.ec.europa.eu/ehealth-digital-health-and-care/european-health-data-space-regulation-ehds_en,ok,200,,https://health.ec.europa.eu/ehealth-digital-health-and-care/european-health-data-space-regulation-ehds_en,,31,2026-10-01T15:29Z,,,,,ok
PRT,law,laws[6],https://eur-lex.europa.eu/eli/reg/2024/1689/oj,ok,202,,https://eur-lex.europa.eu/eli/reg/2024/1689/oj,,1,2026-10-01T15:29Z,,,,,ok
PRT,news,news[0],https://afp.com.pt/portugal-e-o-1-o-pais-a-publicar-um-conjunto-de-dados-na-plataforma-healthdataeu-spms/,ok,200,,https://afp.com.pt/portugal-e-o-1-o-pais-a-publicar-um-conjunto-de-dados-na-plataforma-healthdataeu-spms/,,1,2026-10-01T15:29Z,,,,,ok
PRT,news,news[1],https://www.e-konomista.pt/app-sns-24-permite-consultar-historico/,ok,200,,https://www.e-konomista.pt/app-sns-24-permite-consultar-historico/,,1,2026-10-01T15:29Z,,,,,ok
PRT,news,news[2],https://healthnews.pt/2026/05/22/uls-do-alto-minho-admite-roubo-de-credenciais-medicas-para-aceder-a-dados-de-utentes/,ok,200,,https://healthnews.pt/2026/05/22/uls-do-alto-minho-admite-roubo-de-credenciais-medicas-para-aceder-a-dados-de-utentes/,,3,2026-10-01T15:29Z,,,,,ok
PRT,news,news[3],https://eco.sapo.pt/2026/05/26/comissao-nacional-de-protecao-de-dados-averigua-acesso-indevido-a-dados-de-saude/,ok,200,,https://eco.sapo.pt/2026/05/26/comissao-nacional-de-protecao-de-dados-averigua-acesso-indevido-a-dados-de-saude/,,2,2026-10-01T15:29Z,,,,,ok
PRT,news,news[4],https://www.cuatrecasas.com/en/global/intellectual-property/art/digital-omnibus-ai-has-been-published,ok,200,,https://www.cuatrecasas.com/en/global/intellectual-property/art/digital-omnibus-ai-has-been-published,,23,2026-10-01T15:29Z,,,,,ok
ROU,source,categories.access.sources[0],https://www.juridice.ro/848816/a-fost-lansat-portalul-esanatateamea.html,ok,200,,https://www.juridice.ro/848816/a-fost-lansat-portalul-esanatateamea.html,,1,2026-10-01T15:29Z,,,,,ok
ROU,source,categories.access.sources[1],https://economedia.ro/cnas-finalizeaza-modernizarea-platformei-informatice-100-de-milioane-de-euro-pentru-un-sistem-care-gestioneaza-anual-sute-de-milioane-de-servicii-medicale.html,ok,200,,https://economedia.ro/cnas-finalizeaza-modernizarea-platformei-informatice-100-de-milioane-de-euro-pentru-un-sistem-care-gestioneaza-anual-sute-de-milioane-de-servicii-medicale.html,,3,2026-10-01T15:29Z,,,,,ok
ROU,source,categories.access.sources[2],https://spitalnegrestioas.ro/index.php/ro/pagina-pacientului/accesul-pacientului-la-datele-medicale,ok,200,,https://spitalnegrestioas.ro/index.php/ro/pagina-pacientului/accesul-pacientului-la-datele-medicale,,1,2026-10-01T15:29Z,,,,,ok
ROU,source,categories.access.sources[3],https://www.avocatnet.ro/articol_68806/Tu-ai-ob%C8%9Binut-acces-la-dosarul-electronic-de-s%C4%83n%C4%83tate-pan%C4%83-acum-Tot-ce-trebuie-s%C4%83-%C8%99tii-despre-acesta-in-2025.html,ok,200,,https://www.avocatnet.ro/articol_68806/Tu-ai-ob%C8%9Binut-acces-la-dosarul-electronic-de-s%C4%83n%C4%83tate-pan%C4%83-acum-Tot-ce-trebuie-s%C4%83-%C8%99tii-despre-acesta-in-2025.html,,3,2026-10-01T15:29Z,,,,,ok
ROU,source,categories.control.sources[0],https://lege5.ro/Gratuit/gmzdgmjygy2q/dupa-titlul-ix-cardul-european-si-cardul-national-de-asigurari-sociale-de-sanatate-se-introduce-un-nou-titlu-titlul-ix1-dosarul-electronic-de-sanatate-al-pacientului-continand-articolele-3461-34612-cu?dp=gi4dcmrxgaytgny,ok,200,,https://lege5.ro/Gratuit/gmzdgmjygy2q/dupa-titlul-ix-cardul-european-si-cardul-national-de-asigurari-sociale-de-sanatate-se-introduce-un-nou-titlu-titlul-ix1-dosarul-electronic-de-sanatate-al-pacientului-continand-articolele-3461-34612-cu?dp=gi4dcmrxgaytgny,,4,2026-10-01T15:29Z,,,,,ok
ROU,source,categories.control.sources[1],https://gazarul.ro/2026/07/16/din-toamna-pacientii-vor-avea-acces-online-la-dosarul-medical-si-isi-vor-putea-face-programari-prin-portalul-e-sanatatea-mea/,ok,200,,https://gazarul.ro/2026/07/16/din-toamna-pacientii-vor-avea-acces-online-la-dosarul-medical-si-isi-vor-putea-face-programari-prin-portalul-e-sanatatea-mea/,,2,2026-10-01T15:29Z,,,,,ok
ROU,source,categories.control.sources[2],https://www.avocatnet.ro/articol_68806/Tu-ai-ob%C8%9Binut-acces-la-dosarul-electronic-de-s%C4%83n%C4%83tate-pan%C4%83-acum-Tot-ce-trebuie-s%C4%83-%C8%99tii-despre-acesta-in-2025.html,ok,200,,https://www.avocatnet.ro/articol_68806/Tu-ai-ob%C8%9Binut-acces-la-dosarul-electronic-de-s%C4%83n%C4%83tate-pan%C4%83-acum-Tot-ce-trebuie-s%C4%83-%C8%99tii-despre-acesta-in-2025.html,,3,2026-10-01T15:29Z,,,,,ok
ROU,source,categories.privacy.sources[0],https://www.spitalleordeni.ro/doc/date%20personale/Legea%20nr.%20190%20din%202018.pdf,ok,200,,https://www.spitalleordeni.ro/doc/date%20personale/Legea%20nr.%20190%20din%202018.pdf,,3,2026-10-01T15:29Z,,,,,ok
ROU,source,categories.privacy.sources[1],https://www.securityweek.com/ransomware-attack-knocks-100-romanian-hospitals-offline/,ok,200,,https://www.securityweek.com/ransomware-attack-knocks-100-romanian-hospitals-offline/,,1,2026-10-01T15:29Z,,,,,ok
ROU,source,categories.privacy.sources[2],https://www.juridice.ro/772254/anspdcp-sanctioneaza-un-centru-medical-2.html,ok,200,,https://www.juridice.ro/772254/anspdcp-sanctioneaza-un-centru-medical-2.html,,1,2026-10-01T15:29Z,,,,,ok
ROU,source,categories.commercial.sources[0],https://www.spitalleordeni.ro/doc/date%20personale/Legea%20nr.%20190%20din%202018.pdf,ok,200,,https://www.spitalleordeni.ro/doc/date%20personale/Legea%20nr.%20190%20din%202018.pdf,,3,2026-10-01T15:29Z,,,,,ok
ROU,source,categories.commercial.sources[1],https://www.dataprotection.ro/index.jsp?lang=ro&page=ANSPDCP_a_amendat_Hilmi_Medical_Center,ok,200,,https://www.dataprotection.ro/index.jsp?lang=ro&page=ANSPDCP_a_amendat_Hilmi_Medical_Center,,1,2026-10-01T15:29Z,,,,,ok
ROU,source,categories.journey.sources[0],https://economedia.ro/cnas-finalizeaza-modernizarea-platformei-informatice-100-de-milioane-de-euro-pentru-un-sistem-care-gestioneaza-anual-sute-de-milioane-de-servicii-medicale.html,ok,200,,https://economedia.ro/cnas-finalizeaza-modernizarea-platformei-informatice-100-de-milioane-de-euro-pentru-un-sistem-care-gestioneaza-anual-sute-de-milioane-de-servicii-medicale.html,,3,2026-10-01T15:29Z,,,,,ok
ROU,source,categories.journey.sources[1],https://digital-strategy.ec.europa.eu/en/factpages/romania-2025-digital-decade-country-report,ok,200,,https://digital-strategy.ec.europa.eu/en/factpages/romania-2025-digital-decade-country-report,,1,2026-10-01T15:29Z,,,,,ok
ROU,source,categories.journey.sources[2],https://health.ec.europa.eu/ehealth-digital-health-and-care/digital-health-and-care/electronic-cross-border-health-services_en,ok,200,,https://health.ec.europa.eu/ehealth-digital-health-and-care/digital-health-and-care/electronic-cross-border-health-services_en,,1,2026-10-01T15:29Z,,,,,ok
ROU,source,categories.clinical.sources[0],https://lege5.ro/Gratuit/gmzdgmjygy2q/dupa-titlul-ix-cardul-european-si-cardul-national-de-asigurari-sociale-de-sanatate-se-introduce-un-nou-titlu-titlul-ix1-dosarul-electronic-de-sanatate-al-pacientului-continand-articolele-3461-34612-cu?dp=gi4dcmrxgaytgny,ok,200,,https://lege5.ro/Gratuit/gmzdgmjygy2q/dupa-titlul-ix-cardul-european-si-cardul-national-de-asigurari-sociale-de-sanatate-se-introduce-un-nou-titlu-titlul-ix1-dosarul-electronic-de-sanatate-al-pacientului-continand-articolele-3461-34612-cu?dp=gi4dcmrxgaytgny,,4,2026-10-01T15:29Z,,,,,ok
ROU,source,categories.clinical.sources[1],https://www.avocatnet.ro/articol_68806/Tu-ai-ob%C8%9Binut-acces-la-dosarul-electronic-de-s%C4%83n%C4%83tate-pan%C4%83-acum-Tot-ce-trebuie-s%C4%83-%C8%99tii-despre-acesta-in-2025.html,ok,200,,https://www.avocatnet.ro/articol_68806/Tu-ai-ob%C8%9Binut-acces-la-dosarul-electronic-de-s%C4%83n%C4%83tate-pan%C4%83-acum-Tot-ce-trebuie-s%C4%83-%C8%99tii-despre-acesta-in-2025.html,,3,2026-10-01T15:29Z,,,,,ok
ROU,source,categories.clinical.sources[2],https://agerpres.ro/sanatate/2026/03/31/seful-cnas-dosarul-electronic-de-sanatate-va-fi-disponibil-pentru-fiecare-pacient-incepand-cu-vara-a--1542731,ok,200,,https://agerpres.ro/sanatate/2026/03/31/seful-cnas-dosarul-electronic-de-sanatate-va-fi-disponibil-pentru-fiecare-pacient-incepand-cu-vara-a--1542731,,2,2026-10-01T15:29Z,,,,,ok
ROU,source,categories.clinical.sources[3],https://gazarul.ro/2026/07/16/din-toamna-pacientii-vor-avea-acces-online-la-dosarul-medical-si-isi-vor-putea-face-programari-prin-portalul-e-sanatatea-mea/,ok,200,,https://gazarul.ro/2026/07/16/din-toamna-pacientii-vor-avea-acces-online-la-dosarul-medical-si-isi-vor-putea-face-programari-prin-portalul-e-sanatatea-mea/,,2,2026-10-01T15:29Z,,,,,ok
ROU,source,categories.research.sources[0],https://lege5.ro/Gratuit/gmzdgmjygy2q/dupa-titlul-ix-cardul-european-si-cardul-national-de-asigurari-sociale-de-sanatate-se-introduce-un-nou-titlu-titlul-ix1-dosarul-electronic-de-sanatate-al-pacientului-continand-articolele-3461-34612-cu?dp=gi4dcmrxgaytgny,ok,200,,https://lege5.ro/Gratuit/gmzdgmjygy2q/dupa-titlul-ix-cardul-european-si-cardul-national-de-asigurari-sociale-de-sanatate-se-introduce-un-nou-titlu-titlul-ix1-dosarul-electronic-de-sanatate-al-pacientului-continand-articolele-3461-34612-cu?dp=gi4dcmrxgaytgny,,4,2026-10-01T15:29Z,,,,,ok
ROU,source,categories.research.sources[1],https://www.anm.ro/regulament-studii-clinice-sistem-informatic-pentru-studii-clinice/,ok,200,,https://www.anm.ro/regulament-studii-clinice-sistem-informatic-pentru-studii-clinice/,,1,2026-10-01T15:29Z,,,,,ok
ROU,source,categories.research.sources[2],https://evz.ro/ce-se-intampla-cu-datele-tale-medicale-dupa-digitalizare-frica-legitima-si-ce-spun-documentele-oficiale.html,ok,200,,https://evz.ro/ce-se-intampla-cu-datele-tale-medicale-dupa-digitalizare-frica-legitima-si-ce-spun-documentele-oficiale.html,,1,2026-10-01T15:29Z,,,,,ok
ROU,source,categories.ai.sources[0],https://www.ancom.ro/en/about-us/media-en/press-releases/artificial-intelligence-act-in-romania-current-state-of-the-implementation-framework/,ok,200,,https://www.ancom.ro/en/about-us/media-en/press-releases/artificial-intelligence-act-in-romania-current-state-of-the-implementation-framework/,,2,2026-10-01T15:29Z,,,,,ok
ROU,law,laws[0],https://eur-lex.europa.eu/eli/reg/2016/679/oj/eng,ok,202,,https://eur-lex.europa.eu/eli/reg/2016/679/oj/eng,,19,2026-10-01T15:29Z,,,,,ok
ROU,law,laws[1],https://www.spitalleordeni.ro/doc/date%20personale/Legea%20nr.%20190%20din%202018.pdf,ok,200,,https://www.spitalleordeni.ro/doc/date%20personale/Legea%20nr.%20190%20din%202018.pdf,,3,2026-10-01T15:29Z,,,,,ok
ROU,law,laws[2],https://legislatie.just.ro/Public/DetaliiDocument/41483,error,,,https://legislatie.just.ro/Public/DetaliiDocument/41483,RemoteProtocolError,1,2026-10-01T15:29Z,error,,RemoteProtocolError,2026-10-01T15:46Z,error
ROU,law,laws[3],https://lege5.ro/Gratuit/gmzdgmjygy2q/dupa-titlul-ix-cardul-european-si-cardul-national-de-asigurari-sociale-de-sanatate-se-introduce-un-nou-titlu-titlul-ix1-dosarul-electronic-de-sanatate-al-pacientului-continand-articolele-3461-34612-cu?dp=gi4dcmrxgaytgny,ok,200,,https://lege5.ro/Gratuit/gmzdgmjygy2q/dupa-titlul-ix-cardul-european-si-cardul-national-de-asigurari-sociale-de-sanatate-se-introduce-un-nou-titlu-titlul-ix1-dosarul-electronic-de-sanatate-al-pacientului-continand-articolele-3461-34612-cu?dp=gi4dcmrxgaytgny,,4,2026-10-01T15:29Z,,,,,ok
ROU,law,laws[4],https://eur-lex.europa.eu/eli/reg/2025/327/oj/eng,ok,202,,https://eur-lex.europa.eu/eli/reg/2025/327/oj/eng,,17,2026-10-01T15:29Z,,,,,ok
ROU,law,laws[5],https://eur-lex.europa.eu/eli/reg/2024/1689/oj/eng,ok,202,,https://eur-lex.europa.eu/eli/reg/2024/1689/oj/eng,,3,2026-10-01T15:29Z,,,,,ok
ROU,news,news[0],https://www.mediafax.ro/social/cnas-platforma-pias-va-fi-inlocuita-cu-un-sistem-informatic-modern-sigur-si-accesibil-23626170,ok,200,,https://www.mediafax.ro/social/cnas-platforma-pias-va-fi-inlocuita-cu-un-sistem-informatic-modern-sigur-si-accesibil-23626170,,1,2026-10-01T15:29Z,,,,,ok
ROU,news,news[1],https://agerpres.ro/sanatate/2026/03/31/seful-cnas-dosarul-electronic-de-sanatate-va-fi-disponibil-pentru-fiecare-pacient-incepand-cu-vara-a--1542731,ok,200,,https://agerpres.ro/sanatate/2026/03/31/seful-cnas-dosarul-electronic-de-sanatate-va-fi-disponibil-pentru-fiecare-pacient-incepand-cu-vara-a--1542731,,2,2026-10-01T15:29Z,,,,,ok
ROU,news,news[2],https://www.ancom.ro/en/about-us/media-en/press-releases/artificial-intelligence-act-in-romania-current-state-of-the-implementation-framework/,ok,200,,https://www.ancom.ro/en/about-us/media-en/press-releases/artificial-intelligence-act-in-romania-current-state-of-the-implementation-framework/,,2,2026-10-01T15:29Z,,,,,ok
ROU,news,news[3],https://economedia.ro/cnas-finalizeaza-modernizarea-platformei-informatice-100-de-milioane-de-euro-pentru-un-sistem-care-gestioneaza-anual-sute-de-milioane-de-servicii-medicale.html,ok,200,,https://economedia.ro/cnas-finalizeaza-modernizarea-platformei-informatice-100-de-milioane-de-euro-pentru-un-sistem-care-gestioneaza-anual-sute-de-milioane-de-servicii-medicale.html,,3,2026-10-01T15:29Z,,,,,ok
RUS,source,categories.access.sources[0],https://www.consultant.ru/document/cons_doc_LAW_121895/d2872d82b3b26ca307971f590ce02dd37f71cafc/,ok,200,,https://www.consultant.ru/document/cons_doc_LAW_121895/d2872d82b3b26ca307971f590ce02dd37f71cafc/,,2,2026-10-01T15:29Z,,,,,ok
RUS,source,categories.access.sources[1],https://kholmskcrb.gosuslugi.ru/novosti/vyvedeny-32-vida-elektronnyh-meditsinskih-dokumentov.html,ok,200,,https://kholmskcrb.gosuslugi.ru/novosti/vyvedeny-32-vida-elektronnyh-meditsinskih-dokumentov.html,,1,2026-10-01T15:29Z,,,,,ok
RUS,source,categories.access.sources[2],https://www.consultant.ru/law/hotdocs/64775.html,ok,405,200,https://www.consultant.ru/law/hotdocs/64775.html,,1,2026-10-01T15:29Z,,,,,ok
RUS,source,categories.access.sources[3],https://medvestnik.ru/content/news/minzdrav-rf-podgotovil-proekt-novogo-poryadka-vedeniya-medicinskoi-dokumentacii.html,dead,404,,https://medvestnik.ru/content/news/minzdrav-rf-podgotovil-proekt-novogo-poryadka-vedeniya-medicinskoi-dokumentacii.html,,3,2026-10-01T15:29Z,ok,200,,2026-10-01T15:46Z,ok
RUS,source,categories.control.sources[0],https://sudact.ru/law/federalnyi-zakon-ot-21112011-n-323-fz-ob/glava-2/statia-13/,ok,200,,https://sudact.ru/law/federalnyi-zakon-ot-21112011-n-323-fz-ob/,,3,2026-10-01T15:29Z,,,,,ok
RUS,source,categories.control.sources[1],https://medrate.ru/posts/zakonno-li-brat-s-pacienta-otkaz-ot-peredachi-dannyh-v-egisz-otvet-roszdravnadzora.html,ok,200,,https://medrate.ru/posts/zakonno-li-brat-s-pacienta-otkaz-ot-peredachi-dannyh-v-egisz-otvet-roszdravnadzora.html,,1,2026-10-01T15:29Z,,,,,ok
RUS,source,categories.control.sources[2],https://www.klerk.ru/buh/news/696717/,ok,200,,https://www.klerk.ru/buh/news/696717/,,1,2026-10-01T15:29Z,,,,,ok
RUS,source,categories.privacy.sources[0],https://www.klerk.ru/cdoc/view/3b8e926083fc0bd01959f782189eeea9/stata-10-specialnye-kategorii-personalnyh-dannyh/,ok,200,,https://www.klerk.ru/cdoc/view/3b8e926083fc0bd01959f782189eeea9/stata-10-specialnye-kategorii-personalnyh-dannyh/,,3,2026-10-01T15:29Z,,,,,ok
RUS,source,categories.privacy.sources[1],https://www.consultant.ru/legalnews/28492/,ok,200,,https://www.consultant.ru/legalnews/28492/,,2,2026-10-01T15:29Z,,,,,ok
RUS,source,categories.privacy.sources[2],https://sudact.ru/law/federalnyi-zakon-ot-21112011-n-323-fz-ob/glava-2/statia-13/,ok,200,,https://sudact.ru/law/federalnyi-zakon-ot-21112011-n-323-fz-ob/,,3,2026-10-01T15:29Z,,,,,ok
RUS,source,categories.privacy.sources[3],https://safe.cnews.ru/news/line/2026-07-03_perspektivnyj_monitoring,ok,200,,https://safe.cnews.ru/news/line/2026-07-03_perspektivnyj_monitoring,,3,2026-10-01T15:29Z,,,,,ok
RUS,source,categories.commercial.sources[0],https://www.klerk.ru/cdoc/view/3b8e926083fc0bd01959f782189eeea9/stata-10-specialnye-kategorii-personalnyh-dannyh/,ok,200,,https://www.klerk.ru/cdoc/view/3b8e926083fc0bd01959f782189eeea9/stata-10-specialnye-kategorii-personalnyh-dannyh/,,3,2026-10-01T15:29Z,,,,,ok
RUS,source,categories.commercial.sources[1],https://www.anti-malware.ru/analytics/Technology_Analysis/Depersonalization-of-personal-data-in-Russia-2025,ok,200,,https://www.anti-malware.ru/analytics/Technology_Analysis/Depersonalization-of-personal-data-in-Russia-2025,,1,2026-10-01T15:29Z,,,,,ok
RUS,source,categories.commercial.sources[2],https://gxpnews.net/2026/09/farmbiznes-predlozhil-ispolzovat-obezlichennye-meddannye-rossiyan-radi-novyh-lekarstv/,ok,200,,https://gxpnews.net/2026/09/farmbiznes-predlozhil-ispolzovat-obezlichennye-meddannye-rossiyan-radi-novyh-lekarstv/,,2,2026-10-01T15:29Z,,,,,ok
RUS,source,categories.commercial.sources[3],https://safe.cnews.ru/news/line/2026-07-03_perspektivnyj_monitoring,ok,200,,https://safe.cnews.ru/news/line/2026-07-03_perspektivnyj_monitoring,,3,2026-10-01T15:29Z,,,,,ok
RUS,source,categories.journey.sources[0],https://rg.ru/documents/2022/02/15/pravitelstvo-post140-site-dok.html,ok,200,,https://rg.ru/documents/2022/02/15/pravitelstvo-post140-site-dok.html,,3,2026-10-01T15:29Z,,,,,ok
RUS,source,categories.journey.sources[1],https://medvestnik.ru/content/news/minzdrav-rf-podgotovil-proekt-novogo-poryadka-vedeniya-medicinskoi-dokumentacii.html,dead,404,,https://medvestnik.ru/content/news/minzdrav-rf-podgotovil-proekt-novogo-poryadka-vedeniya-medicinskoi-dokumentacii.html,,3,2026-10-01T15:29Z,ok,200,,2026-10-01T15:46Z,ok
RUS,source,categories.journey.sources[2],https://www.vademec.ru/news/2026/07/27/minzdrav-predlozhil-eksperiment-po-tsentralizovannomu-uchetu-elektronnykh-retseptov/,ok,200,,https://www.vademec.ru/news/2026/07/27/minzdrav-predlozhil-eksperiment-po-tsentralizovannomu-uchetu-elektronnykh-retseptov/,,2,2026-10-01T15:29Z,,,,,ok
RUS,source,categories.clinical.sources[0],https://sudact.ru/law/federalnyi-zakon-ot-21112011-n-323-fz-ob/glava-2/statia-13/,ok,200,,https://sudact.ru/law/federalnyi-zakon-ot-21112011-n-323-fz-ob/,,3,2026-10-01T15:29Z,,,,,ok
RUS,source,categories.clinical.sources[1],https://rg.ru/documents/2022/02/15/pravitelstvo-post140-site-dok.html,ok,200,,https://rg.ru/documents/2022/02/15/pravitelstvo-post140-site-dok.html,,3,2026-10-01T15:29Z,,,,,ok
RUS,source,categories.research.sources[0],https://www.consultant.ru/document/cons_doc_LAW_99350/9570de6d7195a78722b0b5efdcf4fa9a90c54557/,ok,200,,https://www.consultant.ru/document/cons_doc_LAW_99350/9570de6d7195a78722b0b5efdcf4fa9a90c54557/,,2,2026-10-01T15:29Z,,,,,ok
RUS,source,categories.research.sources[1],https://medvestnik.ru/content/news/Minzdrav-otkryl-razrabotchikam-iskusstvennogo-intellekta-dostup-k-datasetam-iz-elektronnyh-medkart.html,dead,404,,https://medvestnik.ru/content/news/Minzdrav-otkryl-razrabotchikam-iskusstvennogo-intellekta-dostup-k-datasetam-iz-elektronnyh-medkart.html,,1,2026-10-01T15:29Z,ok,200,,2026-10-01T15:46Z,ok
RUS,source,categories.ai.sources[0],https://www.consultant.ru/law/hotdocs/95007.html,ok,405,200,https://www.consultant.ru/law/hotdocs/95007.html,,2,2026-10-01T15:29Z,,,,,ok
RUS,source,categories.ai.sources[1],https://www.comnews.ru/content/247569/2026-09-28/2026-w40/1007/razrabotchik-medizdeliy-iskusstvennym-intellektom-poprosil-ne-prichislyat-ikh-avtomaticheski-k-tretemu-klassu-riska,ok,200,,https://www.comnews.ru/content/247569/2026-09-28/2026-w40/1007/razrabotchik-medizdeliy-iskusstvennym-intellektom-poprosil-ne-prichislyat-ikh-avtomaticheski-k-tretemu-klassu-riska,,1,2026-10-01T15:29Z,,,,,ok
RUS,source,categories.ai.sources[2],https://meditex.ru/news_all/UtverzhdenporyadokavtomaticheskoyperedachidannykhomedizdeliyakhsIIvinformatsionnuyusistemuRoszdravna/,ok,200,,https://meditex.ru/news_all/UtverzhdenporyadokavtomaticheskoyperedachidannykhomedizdeliyakhsIIvinformatsionnuyusistemuRoszdravna/,,1,2026-10-01T15:29Z,,,,,ok
RUS,source,categories.ai.sources[3],https://www.vedomosti.ru/technology/news/2026/08/18/1221917-rossii-zaregistrirovali,ok,200,,https://www.vedomosti.ru/technology/news/2026/08/18/1221917-rossii-zaregistrirovali,,1,2026-10-01T15:29Z,,,,,ok
RUS,law,laws[0],https://www.consultant.ru/document/cons_doc_LAW_121895/d2872d82b3b26ca307971f590ce02dd37f71cafc/,ok,200,,https://www.consultant.ru/document/cons_doc_LAW_121895/d2872d82b3b26ca307971f590ce02dd37f71cafc/,,2,2026-10-01T15:29Z,,,,,ok
RUS,law,laws[1],https://www.klerk.ru/cdoc/view/3b8e926083fc0bd01959f782189eeea9/stata-10-specialnye-kategorii-personalnyh-dannyh/,ok,200,,https://www.klerk.ru/cdoc/view/3b8e926083fc0bd01959f782189eeea9/stata-10-specialnye-kategorii-personalnyh-dannyh/,,3,2026-10-01T15:29Z,,,,,ok
RUS,law,laws[2],https://rg.ru/documents/2022/02/15/pravitelstvo-post140-site-dok.html,ok,200,,https://rg.ru/documents/2022/02/15/pravitelstvo-post140-site-dok.html,,3,2026-10-01T15:29Z,,,,,ok
RUS,law,laws[3],https://www.consultant.ru/document/cons_doc_LAW_99350/9570de6d7195a78722b0b5efdcf4fa9a90c54557/,ok,200,,https://www.consultant.ru/document/cons_doc_LAW_99350/9570de6d7195a78722b0b5efdcf4fa9a90c54557/,,2,2026-10-01T15:29Z,,,,,ok
RUS,law,laws[4],https://www.consultant.ru/legalnews/28492/,ok,200,,https://www.consultant.ru/legalnews/28492/,,2,2026-10-01T15:29Z,,,,,ok
RUS,law,laws[5],https://www.consultant.ru/law/hotdocs/95007.html,ok,405,200,https://www.consultant.ru/law/hotdocs/95007.html,,2,2026-10-01T15:29Z,,,,,ok
RUS,news,news[0],https://gxpnews.net/2026/09/farmbiznes-predlozhil-ispolzovat-obezlichennye-meddannye-rossiyan-radi-novyh-lekarstv/,ok,200,,https://gxpnews.net/2026/09/farmbiznes-predlozhil-ispolzovat-obezlichennye-meddannye-rossiyan-radi-novyh-lekarstv/,,2,2026-10-01T15:29Z,,,,,ok
RUS,news,news[1],https://www.vademec.ru/news/2026/07/27/minzdrav-predlozhil-eksperiment-po-tsentralizovannomu-uchetu-elektronnykh-retseptov/,ok,200,,https://www.vademec.ru/news/2026/07/27/minzdrav-predlozhil-eksperiment-po-tsentralizovannomu-uchetu-elektronnykh-retseptov/,,2,2026-10-01T15:29Z,,,,,ok
RUS,news,news[2],https://safe.cnews.ru/news/line/2026-07-03_perspektivnyj_monitoring,ok,200,,https://safe.cnews.ru/news/line/2026-07-03_perspektivnyj_monitoring,,3,2026-10-01T15:29Z,,,,,ok
RUS,news,news[3],https://www.vedomosti.ru/society/news/2026/05/27/1200585-onlain-zakaz-meditsinskih-spravok,ok,200,,https://www.vedomosti.ru/society/news/2026/05/27/1200585-onlain-zakaz-meditsinskih-spravok,,1,2026-10-01T15:29Z,,,,,ok
RUS,news,news[4],https://medvestnik.ru/content/news/minzdrav-rf-podgotovil-proekt-novogo-poryadka-vedeniya-medicinskoi-dokumentacii.html,dead,404,,https://medvestnik.ru/content/news/minzdrav-rf-podgotovil-proekt-novogo-poryadka-vedeniya-medicinskoi-dokumentacii.html,,3,2026-10-01T15:29Z,ok,200,,2026-10-01T15:46Z,ok
RWA,source,categories.access.sources[0],https://cyber.gov.rw/fileadmin/user_upload/NCSA/Documents/Laws/OG_Special_of_15.10.2021_Amakuru_bwite.pdf,ok,200,,https://cyber.gov.rw/fileadmin/user_upload/NCSA/Documents/Laws/OG_Special_of_15.10.2021_Amakuru_bwite.pdf,,6,2026-10-01T15:29Z,,,,,ok
RWA,source,categories.access.sources[1],https://en.igihe.com/news/article/rwanda-targets-full-digitisation-of-health-records-by-end-of-2025,blocked_unverified,403,403,https://en.igihe.com/news/article/rwanda-targets-full-digitisation-of-health-records-by-end-of-2025,,2,2026-10-01T15:29Z,blocked_unverified,403,,2026-10-01T15:46Z,blocked_unverified
RWA,source,categories.access.sources[2],https://techcabal.com/2025/04/24/rwanda-e-ubuzima-rollout/,ok,200,,https://techcabal.com/2025/04/24/rwanda-e-ubuzima-rollout/,,2,2026-10-01T15:29Z,,,,,ok
RWA,source,categories.access.sources[3],https://toppingafrica.com/rwanda-launches-ai-driven-e-ubuzima-e-banguka-apps-to-transform-healthcare,ok,200,,https://toppingafrica.com/rwanda-launches-ai-driven-e-ubuzima-e-banguka-apps-to-transform-healthcare,,4,2026-10-01T15:29Z,,,,,ok
RWA,source,categories.control.sources[0],https://cyber.gov.rw/fileadmin/user_upload/NCSA/Documents/Laws/OG_Special_of_15.10.2021_Amakuru_bwite.pdf,ok,200,,https://cyber.gov.rw/fileadmin/user_upload/NCSA/Documents/Laws/OG_Special_of_15.10.2021_Amakuru_bwite.pdf,,6,2026-10-01T15:29Z,,,,,ok
RWA,source,categories.control.sources[1],https://carecityonline.com/rwandas-big-digital-health-bet/,ok,200,,https://carecityonline.com/rwandas-big-digital-health-bet/,,2,2026-10-01T15:29Z,,,,,ok
RWA,source,categories.control.sources[2],https://www.jurist.org/news/2026/06/hrw-us-to-exchange-health-aid-for-access-to-surveillance-data-in-seven-african-countries/,ok,200,,https://www.jurist.org/news/2026/06/hrw-us-to-exchange-health-aid-for-access-to-surveillance-data-in-seven-african-countries/,,4,2026-10-01T15:29Z,,,,,ok
RWA,source,categories.privacy.sources[0],https://www.dlapiperdataprotection.com/index.html?t=law&c=RW,server_error,521,521,https://www.dlapiperdataprotection.com/index.html?t=law&c=RW,,2,2026-10-01T15:29Z,ok,200,,2026-10-01T15:46Z,ok
RWA,source,categories.privacy.sources[1],https://cyber.gov.rw/fileadmin/user_upload/NCSA/Documents/Laws/OG_Special_of_15.10.2021_Amakuru_bwite.pdf,ok,200,,https://cyber.gov.rw/fileadmin/user_upload/NCSA/Documents/Laws/OG_Special_of_15.10.2021_Amakuru_bwite.pdf,,6,2026-10-01T15:29Z,,,,,ok
RWA,source,categories.privacy.sources[2],https://www.deepidv.com/media/minutes/rwanda-ncsa-data-protection-registration-enforcement-2026,ok,200,,https://www.deepidv.com/media/minutes/rwanda-ncsa-data-protection-registration-enforcement-2026,,1,2026-10-01T15:29Z,,,,,ok
RWA,source,categories.privacy.sources[3],https://toppingafrica.com/rwanda-launches-ai-driven-e-ubuzima-e-banguka-apps-to-transform-healthcare,ok,200,,https://toppingafrica.com/rwanda-launches-ai-driven-e-ubuzima-e-banguka-apps-to-transform-healthcare,,4,2026-10-01T15:29Z,,,,,ok
RWA,source,categories.commercial.sources[0],https://cyber.gov.rw/fileadmin/user_upload/NCSA/Documents/Laws/OG_Special_of_15.10.2021_Amakuru_bwite.pdf,ok,200,,https://cyber.gov.rw/fileadmin/user_upload/NCSA/Documents/Laws/OG_Special_of_15.10.2021_Amakuru_bwite.pdf,,6,2026-10-01T15:29Z,,,,,ok
RWA,source,categories.commercial.sources[1],https://www.dlapiperdataprotection.com/index.html?t=law&c=RW,server_error,521,521,https://www.dlapiperdataprotection.com/index.html?t=law&c=RW,,2,2026-10-01T15:29Z,ok,200,,2026-10-01T15:46Z,ok
RWA,source,categories.journey.sources[0],https://techcabal.com/2025/04/24/rwanda-e-ubuzima-rollout/,ok,200,,https://techcabal.com/2025/04/24/rwanda-e-ubuzima-rollout/,,2,2026-10-01T15:29Z,,,,,ok
RWA,source,categories.journey.sources[1],https://en.igihe.com/news/article/rwanda-targets-full-digitisation-of-health-records-by-end-of-2025,blocked_unverified,403,403,https://en.igihe.com/news/article/rwanda-targets-full-digitisation-of-health-records-by-end-of-2025,,2,2026-10-01T15:29Z,blocked_unverified,403,,2026-10-01T15:46Z,blocked_unverified
RWA,source,categories.journey.sources[2],https://carecityonline.com/rwandas-big-digital-health-bet/,ok,200,,https://carecityonline.com/rwandas-big-digital-health-bet/,,2,2026-10-01T15:29Z,,,,,ok
RWA,source,categories.journey.sources[3],https://en.igihe.com/health/article/rwanda-rolls-out-health-intelligence-hub-for-real-time-service-monitoring,blocked_unverified,403,403,https://en.igihe.com/health/article/rwanda-rolls-out-health-intelligence-hub-for-real-time-service-monitoring,,1,2026-10-01T15:29Z,blocked_unverified,403,,2026-10-01T15:46Z,blocked_unverified
RWA,source,categories.clinical.sources[0],https://www.newtimes.co.rw/article/37520/news/bill-gates-in-rwanda-to-explore-health-ai-progress/amp,ok,200,,https://www.newtimes.co.rw/article/37520/news/technology/bill-gates-in-rwanda-to-explore-health-ai-progress/amp,,2,2026-10-01T15:29Z,,,,,ok
RWA,source,categories.clinical.sources[1],https://toppingafrica.com/rwanda-launches-ai-driven-e-ubuzima-e-banguka-apps-to-transform-healthcare,ok,200,,https://toppingafrica.com/rwanda-launches-ai-driven-e-ubuzima-e-banguka-apps-to-transform-healthcare,,4,2026-10-01T15:29Z,,,,,ok
RWA,source,categories.research.sources[0],https://cyber.gov.rw/fileadmin/user_upload/NCSA/Documents/Laws/OG_Special_of_15.10.2021_Amakuru_bwite.pdf,ok,200,,https://cyber.gov.rw/fileadmin/user_upload/NCSA/Documents/Laws/OG_Special_of_15.10.2021_Amakuru_bwite.pdf,,6,2026-10-01T15:29Z,,,,,ok
RWA,source,categories.research.sources[1],https://www.billionaires.africa/2026/07/21/bill-gates-visits-rwanda-to-review-ai-health-rollout-backed-by-50-million-pilot/,ok,200,,https://www.billionaires.africa/2026/07/21/bill-gates-visits-rwanda-to-review-ai-health-rollout-backed-by-50-million-pilot/,,3,2026-10-01T15:29Z,,,,,ok
RWA,source,categories.ai.sources[0],https://rwandafda.gov.rw/monitoring-tool/documents-management/uploads/1/Guidelines/1767694227_Guidelines%20for%20Review%20and%20Approval%20of%20Software%20as%20Medical%20Devices%20(SaMD)_December%202025.pdf,dead,404,,https://www.rwandafda.gov.rw/monitoring-tool/documents-management/uploads/1/Guidelines/1767694227_Guidelines%20for%20Review%20and%20Approval%20of%20Software%20as%20Medical%20Devices%20(SaMD)_December%202025.pdf,,2,2026-10-01T15:29Z,dead,404,,2026-10-01T15:46Z,dead
RWA,source,categories.ai.sources[1],https://www.billionaires.africa/2026/07/21/bill-gates-visits-rwanda-to-review-ai-health-rollout-backed-by-50-million-pilot/,ok,200,,https://www.billionaires.africa/2026/07/21/bill-gates-visits-rwanda-to-review-ai-health-rollout-backed-by-50-million-pilot/,,3,2026-10-01T15:29Z,,,,,ok
RWA,law,laws[0],https://cyber.gov.rw/fileadmin/user_upload/NCSA/Documents/Laws/OG_Special_of_15.10.2021_Amakuru_bwite.pdf,ok,200,,https://cyber.gov.rw/fileadmin/user_upload/NCSA/Documents/Laws/OG_Special_of_15.10.2021_Amakuru_bwite.pdf,,6,2026-10-01T15:29Z,,,,,ok
RWA,law,laws[1],https://rwandafda.gov.rw/monitoring-tool/documents-management/uploads/1/Guidelines/1767694227_Guidelines%20for%20Review%20and%20Approval%20of%20Software%20as%20Medical%20Devices%20(SaMD)_December%202025.pdf,dead,404,,https://www.rwandafda.gov.rw/monitoring-tool/documents-management/uploads/1/Guidelines/1767694227_Guidelines%20for%20Review%20and%20Approval%20of%20Software%20as%20Medical%20Devices%20(SaMD)_December%202025.pdf,,2,2026-10-01T15:29Z,dead,404,,2026-10-01T15:46Z,dead
RWA,law,laws[2],https://www.minict.gov.rw/fileadmin/user_upload/minict_user_upload/Documents/Policies/Artificial_Intelligence_Policy.pdf,ok,200,,https://www.minict.gov.rw/fileadmin/user_upload/minict_user_upload/Documents/Policies/Artificial_Intelligence_Policy.pdf,,1,2026-10-01T15:29Z,,,,,ok
RWA,news,news[0],https://toppingafrica.com/rwanda-launches-ai-driven-e-ubuzima-e-banguka-apps-to-transform-healthcare,ok,200,,https://toppingafrica.com/rwanda-launches-ai-driven-e-ubuzima-e-banguka-apps-to-transform-healthcare,,4,2026-10-01T15:29Z,,,,,ok
RWA,news,news[1],https://www.jurist.org/news/2026/06/hrw-us-to-exchange-health-aid-for-access-to-surveillance-data-in-seven-african-countries/,ok,200,,https://www.jurist.org/news/2026/06/hrw-us-to-exchange-health-aid-for-access-to-surveillance-data-in-seven-african-countries/,,4,2026-10-01T15:29Z,,,,,ok
RWA,news,news[2],https://www.newtimes.co.rw/article/37520/news/bill-gates-in-rwanda-to-explore-health-ai-progress/amp,ok,200,,https://www.newtimes.co.rw/article/37520/news/technology/bill-gates-in-rwanda-to-explore-health-ai-progress/amp,,2,2026-10-01T15:29Z,,,,,ok
RWA,news,news[3],https://www.billionaires.africa/2026/07/21/bill-gates-visits-rwanda-to-review-ai-health-rollout-backed-by-50-million-pilot/,ok,200,,https://www.billionaires.africa/2026/07/21/bill-gates-visits-rwanda-to-review-ai-health-rollout-backed-by-50-million-pilot/,,3,2026-10-01T15:29Z,,,,,ok
SAU,source,categories.access.sources[0],https://www.frontiersin.org/journals/medicine/articles/10.3389/fmed.2025.1554078/full,ok,200,,https://www.frontiersin.org/journals/medicine/articles/10.3389/fmed.2025.1554078/full,,1,2026-10-01T15:29Z,,,,,ok
SAU,source,categories.access.sources[1],https://www.moh.gov.sa/en/Ministry/ehealthstd/Documents/eHealth%20Standards%20Files/Policies/IS0303%20Saudi%20Health%20Information%20Exchange%20Policies%20v1.0.pdf,ok,200,,https://www.moh.gov.sa/en/Ministry/ehealthstd/Documents/eHealth%20Standards%20Files/Policies/IS0303%20Saudi%20Health%20Information%20Exchange%20Policies%20v1.0.pdf,,4,2026-10-01T15:29Z,,,,,ok
SAU,source,categories.access.sources[2],https://cms.law/en/int/expert-guides/cms-expert-guide-to-data-protection-and-cyber-security-laws/saudi-arabia,ok,200,,https://cms.law/en/int/expert-guides/cms-expert-guide-to-data-protection-and-cyber-security-laws/saudi-arabia,,3,2026-10-01T15:29Z,,,,,ok
SAU,source,categories.control.sources[0],https://www.moh.gov.sa/en/Ministry/ehealthstd/Documents/eHealth%20Standards%20Files/Policies/IS0303%20Saudi%20Health%20Information%20Exchange%20Policies%20v1.0.pdf,ok,200,,https://www.moh.gov.sa/en/Ministry/ehealthstd/Documents/eHealth%20Standards%20Files/Policies/IS0303%20Saudi%20Health%20Information%20Exchange%20Policies%20v1.0.pdf,,4,2026-10-01T15:29Z,,,,,ok
SAU,source,categories.control.sources[1],https://www.tamimi.com/law-update-articles/the-saudi-health-information-exchange-data-and-technology-enabling-improved-healthcare-management-in-saudi-arabia/,other_307,307,,https://www.tamimi.com/law-update-articles/the-saudi-health-information-exchange-data-and-technology-enabling-improved-healthcare-management-in-saudi-arabia/,,2,2026-10-01T15:29Z,other_307,307,,2026-10-01T15:46Z,other_307
SAU,source,categories.control.sources[2],https://nhic.gov.sa/standards/General/IS0101-Saudi-eHealth-Security-and-Privacy-IS-v1.0.pdf,error,,,https://nhic.gov.sa/standards/General/IS0101-Saudi-eHealth-Security-and-Privacy-IS-v1.0.pdf,ConnectTimeout,1,2026-10-01T15:29Z,ok,200,,2026-10-01T15:46Z,ok
SAU,source,categories.privacy.sources[0],https://cms.law/en/int/expert-guides/cms-expert-guide-to-data-protection-and-cyber-security-laws/saudi-arabia,ok,200,,https://cms.law/en/int/expert-guides/cms-expert-guide-to-data-protection-and-cyber-security-laws/saudi-arabia,,3,2026-10-01T15:29Z,,,,,ok
SAU,source,categories.privacy.sources[1],https://halaprivacy.com/what-is-pdpl/,ok,200,,https://halaprivacy.com/what-is-pdpl/,,4,2026-10-01T15:29Z,,,,,ok
SAU,source,categories.privacy.sources[2],https://vision2030.ai/regulation/saudi-arabia-ai-regulation-sdaia/,ok,200,,https://vision2030.ai/regulation/saudi-arabia-ai-regulation-sdaia/,,5,2026-10-01T15:29Z,,,,,ok
SAU,source,categories.commercial.sources[0],https://halaprivacy.com/what-is-pdpl/,ok,200,,https://halaprivacy.com/what-is-pdpl/,,4,2026-10-01T15:29Z,,,,,ok
SAU,source,categories.commercial.sources[1],https://vision2030.ai/regulation/saudi-arabia-ai-regulation-sdaia/,ok,200,,https://vision2030.ai/regulation/saudi-arabia-ai-regulation-sdaia/,,5,2026-10-01T15:29Z,,,,,ok
SAU,source,categories.commercial.sources[2],https://www.tamimi.com/law-update-articles/the-saudi-health-information-exchange-data-and-technology-enabling-improved-healthcare-management-in-saudi-arabia/,other_307,307,,https://www.tamimi.com/law-update-articles/the-saudi-health-information-exchange-data-and-technology-enabling-improved-healthcare-management-in-saudi-arabia/,,2,2026-10-01T15:29Z,other_307,307,,2026-10-01T15:46Z,other_307
SAU,source,categories.journey.sources[0],https://dharab.com/saudi-arabia-launches-the-unified-health-record-supported-by-nphies-platform/,ok,200,,https://dharab.com/saudi-arabia-launches-the-unified-health-record-supported-by-nphies-platform/,,2,2026-10-01T15:29Z,,,,,ok
SAU,source,categories.journey.sources[1],https://healthmanagement.org/c/healthmanagement/IssueArticle/digital-advancements-in-saudi-arabias-health-system-a-blueprint-for-change,ok,200,,https://healthmanagement.org/c/healthmanagement/IssueArticle/digital-advancements-in-saudi-arabias-health-system-a-blueprint-for-change,,1,2026-10-01T15:29Z,,,,,ok
SAU,source,categories.journey.sources[2],https://karger.com/sjh/article/5/1/1/917352/Unveiling-the-National-Platform-for-Health-and,ok,200,,https://karger.com/sjh/article/5/1/1/917352/Unveiling-the-National-Platform-for-Health-and,,2,2026-10-01T15:29Z,,,,,ok
SAU,source,categories.clinical.sources[0],https://www.moh.gov.sa/en/Ministry/ehealthstd/Documents/eHealth%20Standards%20Files/Policies/IS0303%20Saudi%20Health%20Information%20Exchange%20Policies%20v1.0.pdf,ok,200,,https://www.moh.gov.sa/en/Ministry/ehealthstd/Documents/eHealth%20Standards%20Files/Policies/IS0303%20Saudi%20Health%20Information%20Exchange%20Policies%20v1.0.pdf,,4,2026-10-01T15:29Z,,,,,ok
SAU,source,categories.clinical.sources[1],https://dharab.com/saudi-arabia-launches-the-unified-health-record-supported-by-nphies-platform/,ok,200,,https://dharab.com/saudi-arabia-launches-the-unified-health-record-supported-by-nphies-platform/,,2,2026-10-01T15:29Z,,,,,ok
SAU,source,categories.clinical.sources[2],https://karger.com/sjh/article/5/1/1/917352/Unveiling-the-National-Platform-for-Health-and,ok,200,,https://karger.com/sjh/article/5/1/1/917352/Unveiling-the-National-Platform-for-Health-and,,2,2026-10-01T15:29Z,,,,,ok
SAU,source,categories.research.sources[0],https://www.moh.gov.sa/en/Ministry/ehealthstd/Documents/eHealth%20Standards%20Files/Policies/IS0303%20Saudi%20Health%20Information%20Exchange%20Policies%20v1.0.pdf,ok,200,,https://www.moh.gov.sa/en/Ministry/ehealthstd/Documents/eHealth%20Standards%20Files/Policies/IS0303%20Saudi%20Health%20Information%20Exchange%20Policies%20v1.0.pdf,,4,2026-10-01T15:29Z,,,,,ok
SAU,source,categories.research.sources[1],https://halaprivacy.com/what-is-pdpl/,ok,200,,https://halaprivacy.com/what-is-pdpl/,,4,2026-10-01T15:29Z,,,,,ok
SAU,source,categories.research.sources[2],https://vision2030.ai/regulation/saudi-arabia-ai-regulation-sdaia/,ok,200,,https://vision2030.ai/regulation/saudi-arabia-ai-regulation-sdaia/,,5,2026-10-01T15:29Z,,,,,ok
SAU,source,categories.ai.sources[0],https://link.springer.com/article/10.1007/s41649-024-00285-6,ok,200,,https://link.springer.com/article/10.1007/s41649-024-00285-6,,2,2026-10-01T15:29Z,,,,,ok
SAU,source,categories.ai.sources[1],https://www.regdesk.co/blog/saudi-arabia-publishes-mds-g27-guidance-on-digital-health-products/,ok,200,,https://www.regdesk.co/blog/saudi-arabia-publishes-mds-g27-guidance-on-digital-health-products/,,2,2026-10-01T15:29Z,,,,,ok
SAU,source,categories.ai.sources[2],https://www.arabnews.com/node/2648143/saudi-arabia,blocked_unverified,403,403,https://www.arabnews.com/node/2648143/saudi-arabia,,2,2026-10-01T15:29Z,blocked_unverified,403,,2026-10-01T15:46Z,blocked_unverified
SAU,source,categories.ai.sources[3],https://vision2030.ai/regulation/saudi-arabia-ai-regulation-sdaia/,ok,200,,https://vision2030.ai/regulation/saudi-arabia-ai-regulation-sdaia/,,5,2026-10-01T15:29Z,,,,,ok
SAU,law,laws[0],https://cms.law/en/int/expert-guides/cms-expert-guide-to-data-protection-and-cyber-security-laws/saudi-arabia,ok,200,,https://cms.law/en/int/expert-guides/cms-expert-guide-to-data-protection-and-cyber-security-laws/saudi-arabia,,3,2026-10-01T15:29Z,,,,,ok
SAU,law,laws[1],https://halaprivacy.com/what-is-pdpl/,ok,200,,https://halaprivacy.com/what-is-pdpl/,,4,2026-10-01T15:29Z,,,,,ok
SAU,law,laws[2],https://nhic.gov.sa/standards/Policies/IS0303-Saudi-Health-Information-Exchange-Policies-v1.0.pdf,ok,200,,https://nhic.gov.sa/standards/Policies/IS0303-Saudi-Health-Information-Exchange-Policies-v1.0.pdf,,1,2026-10-01T15:29Z,,,,,ok
SAU,law,laws[3],https://link.springer.com/article/10.1007/s41649-024-00285-6,ok,200,,https://link.springer.com/article/10.1007/s41649-024-00285-6,,2,2026-10-01T15:29Z,,,,,ok
SAU,law,laws[4],https://www.regdesk.co/blog/saudi-arabia-publishes-mds-g27-guidance-on-digital-health-products/,ok,200,,https://www.regdesk.co/blog/saudi-arabia-publishes-mds-g27-guidance-on-digital-health-products/,,2,2026-10-01T15:29Z,,,,,ok
SAU,news,news[0],https://saudishopper.com.sa/en/sdaia-ai-governance-frameworks/,ok,200,,https://saudishopper.com.sa/en/sdaia-ai-governance-frameworks/,,1,2026-10-01T15:29Z,,,,,ok
SAU,news,news[1],https://www.arabnews.com/node/2648143/saudi-arabia,blocked_unverified,403,403,https://www.arabnews.com/node/2648143/saudi-arabia,,2,2026-10-01T15:29Z,blocked_unverified,403,,2026-10-01T15:46Z,blocked_unverified
SAU,news,news[2],https://vision2030.ai/regulation/saudi-arabia-ai-regulation-sdaia/,ok,200,,https://vision2030.ai/regulation/saudi-arabia-ai-regulation-sdaia/,,5,2026-10-01T15:29Z,,,,,ok
SAU,news,news[3],https://healthcareworld.com/saudi-arabias-healthcare-legal-landscape/,ok,200,,https://healthcareworld.com/saudi-arabias-healthcare-legal-landscape/,,1,2026-10-01T15:29Z,,,,,ok
SGP,source,categories.access.sources[0],https://www.synapxe.sg/healthtech/national-programmes/national-electronic-health-record-nehr/faq,ok,200,,https://www.synapxe.sg/healthtech/national-programmes/national-electronic-health-record-nehr/faq,,3,2026-10-01T15:29Z,,,,,ok
SGP,source,categories.access.sources[1],https://support.healthhub.sg/hc/en-us/articles/15766511878425-Where-does-HealthHub-get-my-lab-reports-from-What-types-of-lab-reports-will-be-listed-on-HealthHub-How-far-back-can-I-view-my-lab-reports,ok,200,,https://support.healthhub.sg/hc/en-us/articles/15766511878425-Where-does-HealthHub-get-my-lab-reports-from-What-types-of-lab-reports-will-be-listed-on-HealthHub-How-far-back-can-I-view-my-lab-reports,,1,2026-10-01T15:29Z,,,,,ok
SGP,source,categories.access.sources[2],https://www.healthinfo.gov.sg/hia/,ok,200,,https://www.healthinfo.gov.sg/hia/,,5,2026-10-01T15:29Z,,,,,ok
SGP,source,categories.control.sources[0],https://www.synapxe.sg/healthtech/national-programmes/national-electronic-health-record-nehr/faq,ok,200,,https://www.synapxe.sg/healthtech/national-programmes/national-electronic-health-record-nehr/faq,,3,2026-10-01T15:29Z,,,,,ok
SGP,source,categories.control.sources[1],https://www.healthinfo.gov.sg/hia/,ok,200,,https://www.healthinfo.gov.sg/hia/,,5,2026-10-01T15:29Z,,,,,ok
SGP,source,categories.control.sources[2],https://www.gov.sg/explainers/parliament-jan2026/,ok,200,,https://www.gov.sg/explainers/health-information-bill/,,3,2026-10-01T15:29Z,,,,,ok
SGP,source,categories.privacy.sources[0],https://www.healthcareitnews.com/news/asia/new-law-mandates-singaporean-providers-share-patient-data,blocked_unverified,403,403,https://www.healthcareitnews.com/news/asia/new-law-mandates-singaporean-providers-share-patient-data,,3,2026-10-01T15:29Z,blocked_unverified,403,,2026-10-01T15:46Z,blocked_unverified
SGP,source,categories.privacy.sources[1],https://www.bakermckenzie.com/en/insight/publications/2026/01/singapore-health-information-bill-passed-in-parliament,ok,200,,https://www.bakermckenzie.com/en/insight/publications/2026/01/singapore-health-information-bill-passed-in-parliament,,2,2026-10-01T15:29Z,,,,,ok
SGP,source,categories.privacy.sources[2],https://www.healthinfo.gov.sg/hia/,ok,200,,https://www.healthinfo.gov.sg/hia/,,5,2026-10-01T15:29Z,,,,,ok
SGP,source,categories.commercial.sources[0],https://www.gov.sg/explainers/parliament-jan2026/,ok,200,,https://www.gov.sg/explainers/health-information-bill/,,3,2026-10-01T15:29Z,,,,,ok
SGP,source,categories.commercial.sources[1],https://www.rajahtannasia.com/viewpoints/health-information-bill-passed-facilitating-coordinated-care-across-singapores-healthcare-ecosystem/,ok,200,,https://www.rajahtannasia.com/viewpoints/health-information-bill-passed-facilitating-coordinated-care-across-singapores-healthcare-ecosystem/,,1,2026-10-01T15:29Z,,,,,ok
SGP,source,categories.journey.sources[0],https://www.healthcareitnews.com/news/asia/new-law-mandates-singaporean-providers-share-patient-data,blocked_unverified,403,403,https://www.healthcareitnews.com/news/asia/new-law-mandates-singaporean-providers-share-patient-data,,3,2026-10-01T15:29Z,blocked_unverified,403,,2026-10-01T15:46Z,blocked_unverified
SGP,source,categories.journey.sources[1],https://www.moh.gov.sg/others/health-regulation/health-information-protection/,ok,200,,https://www.moh.gov.sg/others/health-regulation/health-information-protection/,,1,2026-10-01T15:29Z,,,,,ok
SGP,source,categories.journey.sources[2],https://www.healthinfo.gov.sg/hia/,ok,200,,https://www.healthinfo.gov.sg/hia/,,5,2026-10-01T15:29Z,,,,,ok
SGP,source,categories.clinical.sources[0],https://www.synapxe.sg/healthtech/national-programmes/national-electronic-health-record-nehr/faq,ok,200,,https://www.synapxe.sg/healthtech/national-programmes/national-electronic-health-record-nehr/faq,,3,2026-10-01T15:29Z,,,,,ok
SGP,source,categories.clinical.sources[1],https://www.gov.sg/explainers/parliament-jan2026/,ok,200,,https://www.gov.sg/explainers/health-information-bill/,,3,2026-10-01T15:29Z,,,,,ok
SGP,source,categories.research.sources[0],https://www.moh.gov.sg/others/health-regulation/regulation-of-human-biomedical-research/,ok,200,,https://www.moh.gov.sg/others/health-regulation/regulation-of-human-biomedical-research/,,2,2026-10-01T15:29Z,,,,,ok
SGP,source,categories.ai.sources[0],https://isomer-user-content.by.gov.sg/409/26808a93-6a7a-4551-8c66-13046c6124c5/gl-04-r4-regulatory-guidelines-for-software-medical-devices---a-life-cycle-approach-(2025-dec)-pub.pdf,ok,200,,https://isomer-user-content.by.gov.sg/409/26808a93-6a7a-4551-8c66-13046c6124c5/gl-04-r4-regulatory-guidelines-for-software-medical-devices---a-life-cycle-approach-(2025-dec)-pub.pdf,,2,2026-10-01T15:29Z,,,,,ok
SGP,source,categories.ai.sources[1],https://www.pureglobal.com/news/revision-4-of-gl-04-singapore-enhances-oversight-of-machine-learning-enabled-software-medical-devices,ok,200,,https://www.pureglobal.com/news/revision-4-of-gl-04-singapore-enhances-oversight-of-machine-learning-enabled-software-medical-devices,,2,2026-10-01T15:29Z,,,,,ok
SGP,law,laws[0],https://www.healthinfo.gov.sg/hia/,ok,200,,https://www.healthinfo.gov.sg/hia/,,5,2026-10-01T15:29Z,,,,,ok
SGP,law,laws[1],https://www.moh.gov.sg/others/health-regulation/regulation-of-human-biomedical-research/,ok,200,,https://www.moh.gov.sg/others/health-regulation/regulation-of-human-biomedical-research/,,2,2026-10-01T15:29Z,,,,,ok
SGP,law,laws[2],https://isomer-user-content.by.gov.sg/409/26808a93-6a7a-4551-8c66-13046c6124c5/gl-04-r4-regulatory-guidelines-for-software-medical-devices---a-life-cycle-approach-(2025-dec)-pub.pdf,ok,200,,https://isomer-user-content.by.gov.sg/409/26808a93-6a7a-4551-8c66-13046c6124c5/gl-04-r4-regulatory-guidelines-for-software-medical-devices---a-life-cycle-approach-(2025-dec)-pub.pdf,,2,2026-10-01T15:29Z,,,,,ok
SGP,news,news[0],https://www.healthcareitnews.com/news/asia/new-law-mandates-singaporean-providers-share-patient-data,blocked_unverified,403,403,https://www.healthcareitnews.com/news/asia/new-law-mandates-singaporean-providers-share-patient-data,,3,2026-10-01T15:29Z,blocked_unverified,403,,2026-10-01T15:46Z,blocked_unverified
SGP,news,news[1],https://www.bakermckenzie.com/en/insight/publications/2026/01/singapore-health-information-bill-passed-in-parliament,ok,200,,https://www.bakermckenzie.com/en/insight/publications/2026/01/singapore-health-information-bill-passed-in-parliament,,2,2026-10-01T15:29Z,,,,,ok
SGP,news,news[2],https://theindependent.sg/singapore-to-launch-mandatory-national-electronic-health-records-in-2027/,ok,200,,https://theindependent.sg/singapore-to-launch-mandatory-national-electronic-health-records-in-2027/,,1,2026-10-01T15:29Z,,,,,ok
SGP,news,news[3],https://www.pureglobal.com/news/revision-4-of-gl-04-singapore-enhances-oversight-of-machine-learning-enabled-software-medical-devices,ok,200,,https://www.pureglobal.com/news/revision-4-of-gl-04-singapore-enhances-oversight-of-machine-learning-enabled-software-medical-devices,,2,2026-10-01T15:29Z,,,,,ok
SVK,source,categories.access.sources[0],https://www.slov-lex.sk/ezbierky/pravne-predpisy/SK/ZZ/2004/576/,ok,200,,https://www.slov-lex.sk/ezbierky/pravne-predpisy/SK/ZZ/2004/576/,,4,2026-10-01T15:29Z,,,,,ok
SVK,source,categories.access.sources[1],https://www.slov-lex.sk/ezbierky/pravne-predpisy/SK/ZZ/2013/153/,ok,200,,https://www.slov-lex.sk/ezbierky/pravne-predpisy/SK/ZZ/2013/153/,,7,2026-10-01T15:29Z,,,,,ok
SVK,source,categories.access.sources[2],https://www.ezdravotnictvo.sk/en/-/pristup-do-elektronickej-zdravotnej-knizky,ok,200,,https://www.ezdravotnictvo.sk/en/-/pristup-do-elektronickej-zdravotnej-knizky,,2,2026-10-01T15:29Z,,,,,ok
SVK,source,categories.control.sources[0],https://www.slov-lex.sk/ezbierky/pravne-predpisy/SK/ZZ/2013/153/,ok,200,,https://www.slov-lex.sk/ezbierky/pravne-predpisy/SK/ZZ/2013/153/,,7,2026-10-01T15:29Z,,,,,ok
SVK,source,categories.control.sources[1],https://www.slov-lex.sk/ezbierky/pravne-predpisy/SK/ZZ/2004/576/,ok,200,,https://www.slov-lex.sk/ezbierky/pravne-predpisy/SK/ZZ/2004/576/,,4,2026-10-01T15:29Z,,,,,ok
SVK,source,categories.control.sources[2],https://www.ezdravotnictvo.sk/en/-/pristup-do-elektronickej-zdravotnej-knizky,ok,200,,https://www.ezdravotnictvo.sk/en/-/pristup-do-elektronickej-zdravotnej-knizky,,2,2026-10-01T15:29Z,,,,,ok
SVK,source,categories.control.sources[3],https://www.nahradaskody.sk/clanky/zdravotna-dokumentacia/mozem-ako-pacient-zakazat-pristup-do-svojej-zdravotnej-dokumentacie/,ok,200,,https://www.nahradaskody.sk/clanky/zdravotna-dokumentacia/mozem-ako-pacient-zakazat-pristup-do-svojej-zdravotnej-dokumentacie/,,1,2026-10-01T15:29Z,,,,,ok
SVK,source,categories.privacy.sources[0],https://dataprotection.gov.sk/files/annual-reports/uoou_sprava-stave-ochrany-osobnych-udajov_2025.pdf,ok,200,,https://dataprotection.gov.sk/files/annual-reports/uoou_sprava-stave-ochrany-osobnych-udajov_2025.pdf,,1,2026-10-01T15:29Z,,,,,ok
SVK,source,categories.privacy.sources[1],https://dataprotection.gov.sk/sk/aktuality/cef-2026-spolocna-dozorova-akcia-edpb-zamerana-transparentnost-informovania-do-ktorej-urad-ochranu-osobnych-udajov-sl.html,ok,200,,https://dataprotection.gov.sk/sk/aktuality/cef-2026-spolocna-dozorova-akcia-edpb-zamerana-transparentnost-informovania-do-ktorej-urad-ochranu-osobnych-udajov-sl.html,,2,2026-10-01T15:29Z,,,,,ok
SVK,source,categories.privacy.sources[2],https://www.slov-lex.sk/ezbierky/pravne-predpisy/SK/ZZ/2013/153/,ok,200,,https://www.slov-lex.sk/ezbierky/pravne-predpisy/SK/ZZ/2013/153/,,7,2026-10-01T15:29Z,,,,,ok
SVK,source,categories.privacy.sources[3],https://www.slov-lex.sk/ezbierky/pravne-predpisy/SK/ZZ/2004/576/,ok,200,,https://www.slov-lex.sk/ezbierky/pravne-predpisy/SK/ZZ/2004/576/,,4,2026-10-01T15:29Z,,,,,ok
SVK,source,categories.commercial.sources[0],https://eur-lex.europa.eu/eli/reg/2016/679/oj/eng,ok,202,,https://eur-lex.europa.eu/eli/reg/2016/679/oj/eng,,19,2026-10-01T15:29Z,,,,,ok
SVK,source,categories.commercial.sources[1],https://www.slov-lex.sk/ezbierky/pravne-predpisy/SK/ZZ/2013/153/,ok,200,,https://www.slov-lex.sk/ezbierky/pravne-predpisy/SK/ZZ/2013/153/,,7,2026-10-01T15:29Z,,,,,ok
SVK,source,categories.commercial.sources[2],https://health.ec.europa.eu/ehealth-digital-health-and-care/european-health-data-space-regulation-ehds_en,ok,200,,https://health.ec.europa.eu/ehealth-digital-health-and-care/european-health-data-space-regulation-ehds_en,,31,2026-10-01T15:29Z,,,,,ok
SVK,source,categories.journey.sources[0],https://www.nczisk.sk/Documents/download/vyrocna_sprava_NCZI_2025.pdf,ok,200,,https://www.nczisk.sk/Documents/download/vyrocna_sprava_NCZI_2025.pdf,,3,2026-10-01T15:29Z,,,,,ok
SVK,source,categories.journey.sources[1],https://www.nczisk.sk/AKTUALITY/Pages/Zmena-pravidiel-vo-vykazovani-zdravotnej-starostlivosti-od-1-jula-2026.aspx,ok,200,,https://www.nczisk.sk/AKTUALITY/Pages/Zmena-pravidiel-vo-vykazovani-zdravotnej-starostlivosti-od-1-jula-2026.aspx,,1,2026-10-01T15:29Z,,,,,ok
SVK,source,categories.journey.sources[2],https://www.ezdravotnictvo.sk/en/functions,ok,200,,https://www.ezdravotnictvo.sk/en/functions,,1,2026-10-01T15:29Z,,,,,ok
SVK,source,categories.clinical.sources[0],https://www.slov-lex.sk/ezbierky/pravne-predpisy/SK/ZZ/2013/153/,ok,200,,https://www.slov-lex.sk/ezbierky/pravne-predpisy/SK/ZZ/2013/153/,,7,2026-10-01T15:29Z,,,,,ok
SVK,source,categories.clinical.sources[1],https://www.nczisk.sk/Documents/download/vyrocna_sprava_NCZI_2025.pdf,ok,200,,https://www.nczisk.sk/Documents/download/vyrocna_sprava_NCZI_2025.pdf,,3,2026-10-01T15:29Z,,,,,ok
SVK,source,categories.research.sources[0],https://www.slov-lex.sk/ezbierky/pravne-predpisy/SK/ZZ/2013/153/,ok,200,,https://www.slov-lex.sk/ezbierky/pravne-predpisy/SK/ZZ/2013/153/,,7,2026-10-01T15:29Z,,,,,ok
SVK,source,categories.research.sources[1],https://www.nczisk.sk/Documents/download/vyrocna_sprava_NCZI_2025.pdf,ok,200,,https://www.nczisk.sk/Documents/download/vyrocna_sprava_NCZI_2025.pdf,,3,2026-10-01T15:29Z,,,,,ok
SVK,source,categories.research.sources[2],https://health.ec.europa.eu/ehealth-digital-health-and-care/european-health-data-space-regulation-ehds_en,ok,200,,https://health.ec.europa.eu/ehealth-digital-health-and-care/european-health-data-space-regulation-ehds_en,,31,2026-10-01T15:29Z,,,,,ok
SVK,source,categories.ai.sources[0],https://digital-strategy.ec.europa.eu/en/policies/regulatory-framework-ai,ok,200,,https://digital-strategy.ec.europa.eu/en/policies/regulatory-framework-ai,,10,2026-10-01T15:29Z,,,,,ok
SVK,source,categories.ai.sources[1],https://openiazoch.zoznam.sk/technologie/dohlad-nad-umelou-inteligenciou-preberie-mirri-poslanci-posunuli-zakon-dalej/,ok,200,,https://openiazoch.zoznam.sk/technologie/dohlad-nad-umelou-inteligenciou-preberie-mirri-poslanci-posunuli-zakon-dalej/,,2,2026-10-01T15:29Z,,,,,ok
SVK,law,laws[0],https://www.slov-lex.sk/ezbierky/pravne-predpisy/SK/ZZ/2013/153/,ok,200,,https://www.slov-lex.sk/ezbierky/pravne-predpisy/SK/ZZ/2013/153/,,7,2026-10-01T15:29Z,,,,,ok
SVK,law,laws[1],https://www.slov-lex.sk/ezbierky/pravne-predpisy/SK/ZZ/2004/576/,ok,200,,https://www.slov-lex.sk/ezbierky/pravne-predpisy/SK/ZZ/2004/576/,,4,2026-10-01T15:29Z,,,,,ok
SVK,law,laws[2],https://www.slov-lex.sk/ezbierky/pravne-predpisy/SK/ZZ/2018/18/,ok,200,,https://www.slov-lex.sk/ezbierky/pravne-predpisy/SK/ZZ/2018/18/,,1,2026-10-01T15:29Z,,,,,ok
SVK,law,laws[3],https://eur-lex.europa.eu/eli/reg/2016/679/oj/eng,ok,202,,https://eur-lex.europa.eu/eli/reg/2016/679/oj/eng,,19,2026-10-01T15:29Z,,,,,ok
SVK,law,laws[4],https://eur-lex.europa.eu/eli/reg/2025/327/oj/eng,ok,202,,https://eur-lex.europa.eu/eli/reg/2025/327/oj/eng,,17,2026-10-01T15:29Z,,,,,ok
SVK,news,news[0],https://dataprotection.gov.sk/sk/aktuality/cef-2026-spolocna-dozorova-akcia-edpb-zamerana-transparentnost-informovania-do-ktorej-urad-ochranu-osobnych-udajov-sl.html,ok,200,,https://dataprotection.gov.sk/sk/aktuality/cef-2026-spolocna-dozorova-akcia-edpb-zamerana-transparentnost-informovania-do-ktorej-urad-ochranu-osobnych-udajov-sl.html,,2,2026-10-01T15:29Z,,,,,ok
SVK,news,news[1],https://www.techbyte.sk/2026/06/stat-meni-pravidlo-jula-poistovne-preplatia-ezdravie/,ok,200,,https://www.techbyte.sk/2026/06/stat-meni-pravidlo-jula-poistovne-preplatia-ezdravie/,,1,2026-10-01T15:29Z,,,,,ok
SVK,news,news[2],https://sita.sk/vzdravotnictve/nczi-od-augusta-spusta-nove-e-sluzby-povinne-budu-od-februara-2027/,ok,200,,https://sita.sk/vzdravotnictve/nczi-od-augusta-spusta-nove-e-sluzby-povinne-budu-od-februara-2027/,,1,2026-10-01T15:29Z,,,,,ok
SVK,news,news[3],https://openiazoch.zoznam.sk/technologie/dohlad-nad-umelou-inteligenciou-preberie-mirri-poslanci-posunuli-zakon-dalej/,ok,200,,https://openiazoch.zoznam.sk/technologie/dohlad-nad-umelou-inteligenciou-preberie-mirri-poslanci-posunuli-zakon-dalej/,,2,2026-10-01T15:29Z,,,,,ok
SVN,source,categories.access.sources[0],https://zakonodaja.com/zakon/zpacp/41-clen-nacin-seznanitve-z-zdravstveno-dokumentacijo,ok,200,,https://zakonodaja.com/zakon/zpacp/41-clen-nacin-seznanitve-z-zdravstveno-dokumentacijo,,3,2026-10-01T15:29Z,,,,,ok
SVN,source,categories.access.sources[1],https://nijz.si/informatika-v-zdravstvu/ezdravje/portal-in-mobilna-aplikacija-zvem-vase-zdravje-na-dosegu-roke/,ok,200,,https://nijz.si/informatika-v-zdravstvu/ezdravje/portal-in-mobilna-aplikacija-zvem-vase-zdravje-na-dosegu-roke/,,2,2026-10-01T15:29Z,,,,,ok
SVN,source,categories.access.sources[2],https://podpora.ezdrav.si/faq/kateri-izvajalci-zdravstvene-dejavnosti-posredujejo-podatke-v-crpp/,ok,200,,https://podpora.ezdrav.si/faq/kateri-izvajalci-zdravstvene-dejavnosti-posredujejo-podatke-v-crpp/,,2,2026-10-01T15:29Z,,,,,ok
SVN,source,categories.control.sources[0],https://www.uradni-list.si/glasilo-uradni-list-rs/vsebina/2015-01-1933?sop=2015-01-1933,ok,200,,https://www.uradni-list.si/glasilo-uradni-list-rs/vsebina/2015-01-1933?sop=2015-01-1933,,3,2026-10-01T15:29Z,,,,,ok
SVN,source,categories.control.sources[1],https://podpora.ezdrav.si/faq/na-kaksen-nacin-lahko-prepovem-vpogled-v-svoj-povzetek-podatkov-o-pacientu/,ok,200,,https://podpora.ezdrav.si/faq/na-kaksen-nacin-lahko-prepovem-vpogled-v-svoj-povzetek-podatkov-o-pacientu/,,1,2026-10-01T15:29Z,,,,,ok
SVN,source,categories.control.sources[2],https://podpora.ezdrav.si/faq/na-koga-naj-se-obrnem-za-natancnejse-podatke-o-vpogledih-v-svojo-zdravstveno-dokumentacijo-ali-lahko-pridobim-poimenske-podatke-oseb-zdravstvenih-delavcev-ki-dostopajo-do-mojih-podatkov/,ok,200,,https://podpora.ezdrav.si/faq/na-koga-naj-se-obrnem-za-natancnejse-podatke-o-vpogledih-v-svojo-zdravstveno-dokumentacijo-ali-lahko-pridobim-poimenske-podatke-oseb-zdravstvenih-delavcev-ki-dostopajo-do-mojih-podatkov/,,1,2026-10-01T15:29Z,,,,,ok
SVN,source,categories.control.sources[3],https://podpora.ezdrav.si/faq/kateri-zdravstveni-delavci-imajo-vpogled-v-crpp-in-pod-kaksnimi-pogoji/,ok,200,,https://podpora.ezdrav.si/faq/kateri-zdravstveni-delavci-imajo-vpogled-v-crpp-in-pod-kaksnimi-pogoji/,,2,2026-10-01T15:29Z,,,,,ok
SVN,source,categories.privacy.sources[0],https://www.uradni-list.si/glasilo-uradni-list-rs/vsebina/2022-01-4187?sop=2022-01-4187,ok,200,,https://www.uradni-list.si/glasilo-uradni-list-rs/vsebina/2022-01-4187?sop=2022-01-4187,,4,2026-10-01T15:29Z,,,,,ok
SVN,source,categories.privacy.sources[1],https://www.24ur.com/novice/slovenija/malomarno-ravnanje-obcutljivi-podatki-bolnikov-v-smeteh.html,ok,200,,https://www.24ur.com/novice/slovenija/malomarno-ravnanje-obcutljivi-podatki-bolnikov-v-smeteh.html,,1,2026-10-01T15:29Z,,,,,ok
SVN,source,categories.privacy.sources[2],https://zakonodaja.com/zakon/zpacp/41-clen-nacin-seznanitve-z-zdravstveno-dokumentacijo,ok,200,,https://zakonodaja.com/zakon/zpacp/41-clen-nacin-seznanitve-z-zdravstveno-dokumentacijo,,3,2026-10-01T15:29Z,,,,,ok
SVN,source,categories.commercial.sources[0],https://health.ec.europa.eu/ehealth-digital-health-and-care/european-health-data-space-regulation-ehds_en,ok,200,,https://health.ec.europa.eu/ehealth-digital-health-and-care/european-health-data-space-regulation-ehds_en,,31,2026-10-01T15:29Z,,,,,ok
SVN,source,categories.commercial.sources[1],https://commission.europa.eu/law/law-topic/data-protection_en,ok,200,,https://commission.europa.eu/law/law-topic/data-protection_en,,2,2026-10-01T15:29Z,,,,,ok
SVN,source,categories.commercial.sources[2],https://www.uradni-list.si/glasilo-uradni-list-rs/vsebina/2022-01-4187?sop=2022-01-4187,ok,200,,https://www.uradni-list.si/glasilo-uradni-list-rs/vsebina/2022-01-4187?sop=2022-01-4187,,4,2026-10-01T15:29Z,,,,,ok
SVN,source,categories.journey.sources[0],https://ezdrav.si/en/ehealth/,ok,200,,https://ezdrav.si/en/ehealth/,,1,2026-10-01T15:29Z,,,,,ok
SVN,source,categories.journey.sources[1],https://podpora.ezdrav.si/faq/kateri-izvajalci-zdravstvene-dejavnosti-posredujejo-podatke-v-crpp/,ok,200,,https://podpora.ezdrav.si/faq/kateri-izvajalci-zdravstvene-dejavnosti-posredujejo-podatke-v-crpp/,,2,2026-10-01T15:29Z,,,,,ok
SVN,source,categories.journey.sources[2],https://n1info.si/novice/slovenija/elektronska-komunikacija-z-zdravnikom-po-novem-kaj-moram-storiti/,ok,200,,https://n1info.si/novice/slovenija/elektronska-komunikacija-z-zdravnikom-po-novem-kaj-moram-storiti/,,2,2026-10-01T15:29Z,,,,,ok
SVN,source,categories.journey.sources[3],https://health.ec.europa.eu/ehealth-digital-health-and-care/digital-health-and-care/electronic-cross-border-health-services/patient-information-notices-slovenia_en,ok,200,,https://health.ec.europa.eu/ehealth-digital-health-and-care/digital-health-and-care/electronic-cross-border-health-services/patient-information-notices-slovenia_en,,1,2026-10-01T15:29Z,,,,,ok
SVN,source,categories.clinical.sources[0],https://podpora.ezdrav.si/faq/kateri-zdravstveni-delavci-imajo-vpogled-v-crpp-in-pod-kaksnimi-pogoji/,ok,200,,https://podpora.ezdrav.si/faq/kateri-zdravstveni-delavci-imajo-vpogled-v-crpp-in-pod-kaksnimi-pogoji/,,2,2026-10-01T15:29Z,,,,,ok
SVN,source,categories.clinical.sources[1],https://podpora.ezdrav.si/faq/na-kaksen-nacin-lahko-zdravnik-pridobi-dostop-do-dokumentacije-v-izrednih-primerih/,ok,200,,https://podpora.ezdrav.si/faq/na-kaksen-nacin-lahko-zdravnik-pridobi-dostop-do-dokumentacije-v-izrednih-primerih/,,1,2026-10-01T15:29Z,,,,,ok
SVN,source,categories.clinical.sources[2],https://www.uradni-list.si/glasilo-uradni-list-rs/vsebina/2015-01-1933?sop=2015-01-1933,ok,200,,https://www.uradni-list.si/glasilo-uradni-list-rs/vsebina/2015-01-1933?sop=2015-01-1933,,3,2026-10-01T15:29Z,,,,,ok
SVN,source,categories.research.sources[0],https://www.uradni-list.si/glasilo-uradni-list-rs/vsebina/2022-01-4187?sop=2022-01-4187,ok,200,,https://www.uradni-list.si/glasilo-uradni-list-rs/vsebina/2022-01-4187?sop=2022-01-4187,,4,2026-10-01T15:29Z,,,,,ok
SVN,source,categories.research.sources[1],https://nijz.si/projekti/podpora-institucijam-za-dostop-do-zdravstvenih-podatkov-v-sloveniji/,ok,200,,https://nijz.si/projekti/podpora-institucijam-za-dostop-do-zdravstvenih-podatkov-v-sloveniji/,,1,2026-10-01T15:29Z,,,,,ok
SVN,source,categories.research.sources[2],https://health.ec.europa.eu/ehealth-digital-health-and-care/european-health-data-space-regulation-ehds_en,ok,200,,https://health.ec.europa.eu/ehealth-digital-health-and-care/european-health-data-space-regulation-ehds_en,,31,2026-10-01T15:29Z,,,,,ok
SVN,source,categories.ai.sources[0],https://www.uradni-list.si/glasilo-uradni-list-rs/vsebina/2025-01-3035/zakon-o-izvajanju-uredbe-eu-o-dolocitvi-harmoniziranih-pravil-o-umetni-inteligenci-ziudhpui,ok,200,,https://www.uradni-list.si/glasilo-uradni-list-rs/vsebina/2025-01-3035/zakon-o-izvajanju-uredbe-eu-o-dolocitvi-harmoniziranih-pravil-o-umetni-inteligenci-ziudhpui,,2,2026-10-01T15:29Z,,,,,ok
SVN,source,categories.ai.sources[1],https://www.jadek-pensa.si/kaj-prinasa-zakon-o-izvajanju-akta-o-umetni-inteligenci/,ok,200,,https://www.jadek-pensa.si/kaj-prinasa-zakon-o-izvajanju-akta-o-umetni-inteligenci/,,2,2026-10-01T15:29Z,,,,,ok
SVN,source,categories.ai.sources[2],https://digital-strategy.ec.europa.eu/en/policies/regulatory-framework-ai,ok,200,,https://digital-strategy.ec.europa.eu/en/policies/regulatory-framework-ai,,10,2026-10-01T15:29Z,,,,,ok
SVN,law,laws[0],https://zakonodaja.com/zakon/zpacp/41-clen-nacin-seznanitve-z-zdravstveno-dokumentacijo,ok,200,,https://zakonodaja.com/zakon/zpacp/41-clen-nacin-seznanitve-z-zdravstveno-dokumentacijo,,3,2026-10-01T15:29Z,,,,,ok
SVN,law,laws[1],https://www.uradni-list.si/glasilo-uradni-list-rs/vsebina/2015-01-1933?sop=2015-01-1933,ok,200,,https://www.uradni-list.si/glasilo-uradni-list-rs/vsebina/2015-01-1933?sop=2015-01-1933,,3,2026-10-01T15:29Z,,,,,ok
SVN,law,laws[2],https://www.uradni-list.si/glasilo-uradni-list-rs/vsebina/2022-01-4187?sop=2022-01-4187,ok,200,,https://www.uradni-list.si/glasilo-uradni-list-rs/vsebina/2022-01-4187?sop=2022-01-4187,,4,2026-10-01T15:29Z,,,,,ok
SVN,law,laws[3],https://www.uradni-list.si/glasilo-uradni-list-rs/vsebina/2025-01-3035/zakon-o-izvajanju-uredbe-eu-o-dolocitvi-harmoniziranih-pravil-o-umetni-inteligenci-ziudhpui,ok,200,,https://www.uradni-list.si/glasilo-uradni-list-rs/vsebina/2025-01-3035/zakon-o-izvajanju-uredbe-eu-o-dolocitvi-harmoniziranih-pravil-o-umetni-inteligenci-ziudhpui,,2,2026-10-01T15:29Z,,,,,ok
SVN,law,laws[4],https://commission.europa.eu/law/law-topic/data-protection_en,ok,200,,https://commission.europa.eu/law/law-topic/data-protection_en,,2,2026-10-01T15:29Z,,,,,ok
SVN,law,laws[5],https://health.ec.europa.eu/ehealth-digital-health-and-care/european-health-data-space-regulation-ehds_en,ok,200,,https://health.ec.europa.eu/ehealth-digital-health-and-care/european-health-data-space-regulation-ehds_en,,31,2026-10-01T15:29Z,,,,,ok
SVN,law,laws[6],https://digital-strategy.ec.europa.eu/en/policies/regulatory-framework-ai,ok,200,,https://digital-strategy.ec.europa.eu/en/policies/regulatory-framework-ai,,10,2026-10-01T15:29Z,,,,,ok
SVN,news,news[0],https://www.jadek-pensa.si/kaj-prinasa-zakon-o-izvajanju-akta-o-umetni-inteligenci/,ok,200,,https://www.jadek-pensa.si/kaj-prinasa-zakon-o-izvajanju-akta-o-umetni-inteligenci/,,2,2026-10-01T15:29Z,,,,,ok
SVN,news,news[1],https://n1info.si/novice/slovenija/elektronska-komunikacija-z-zdravnikom-po-novem-kaj-moram-storiti/,ok,200,,https://n1info.si/novice/slovenija/elektronska-komunikacija-z-zdravnikom-po-novem-kaj-moram-storiti/,,2,2026-10-01T15:29Z,,,,,ok
SVN,news,news[2],https://ljnovice.si/2026/03/03/dobro-je-vedeti-zvem-nov-nacin-komuniciranja-z-zdravniki/,ok,200,,https://ljnovice.si/2026/03/03/dobro-je-vedeti-zvem-nov-nacin-komuniciranja-z-zdravniki/,,1,2026-10-01T15:29Z,,,,,ok
SVN,news,news[3],https://slo24.si/kibernetski-napad-na-zdravstveno-zdruzenje/,ok,200,,https://slo24.si/kibernetski-napad-na-zdravstveno-zdruzenje/,,1,2026-10-01T15:29Z,,,,,ok
SVN,news,news[4],https://nijz.si/informatika-v-zdravstvu/ezdravje/portal-in-mobilna-aplikacija-zvem-vase-zdravje-na-dosegu-roke/,ok,200,,https://nijz.si/informatika-v-zdravstvu/ezdravje/portal-in-mobilna-aplikacija-zvem-vase-zdravje-na-dosegu-roke/,,2,2026-10-01T15:29Z,,,,,ok
SWE,source,categories.access.sources[0],https://www.inera.se/tjanster/journalen/,ok,200,,https://www.inera.se/tjanster/alla-tjanster-a-o/1177-journal/,,1,2026-10-01T15:29Z,,,,,ok
SWE,source,categories.access.sources[1],https://www.skane.se/halsa-och-vard/regler-och-rattigheter-i-varden/din-journal/,blocked_unverified,403,403,https://www.skane.se/halsa-och-vard/regler-och-rattigheter-i-varden/din-journal/,,1,2026-10-01T15:29Z,blocked_unverified,403,,2026-10-01T15:46Z,blocked_unverified
SWE,source,categories.control.sources[0],https://lagen.nu/2022:913,ok,200,,https://lagen.nu/2022:913,,3,2026-10-01T15:29Z,,,,,ok
SWE,source,categories.control.sources[1],https://www.1177.se/hitta-vard/kontaktkort/Sparra-journal-och-begar-loggutdrag/,ok,200,,https://www.1177.se/hitta-vard/kontaktkort/Sparra-journal-och-begar-loggutdrag-Region-Orebro-lan/,,1,2026-10-01T15:29Z,,,,,ok
SWE,source,categories.control.sources[2],https://www.regeringen.se/pressmeddelanden/2026/06/forslag-om-nationell-digital-infrastruktur-och-nationell-vardformedling-remitteras/,ok,200,,https://www.regeringen.se/pressmeddelanden/2026/06/forslag-om-nationell-digital-infrastruktur-och-nationell-vardformedling-remitteras/,,3,2026-10-01T15:29Z,,,,,ok
SWE,source,categories.privacy.sources[0],https://www.imy.se/nyheter/sanktionsavgifter-mot-apoteket-och-apohem-for-overforing-av-personuppgifter-till-meta/,dead,404,,https://www.imy.se/nyheter/sanktionsavgifter-mot-apoteket-och-apohem-for-overforing-av-personuppgifter-till-meta/,,2,2026-10-01T15:29Z,ok,200,,2026-10-01T15:46Z,ok
SWE,source,categories.privacy.sources[1],https://www.imy.se/nyheter/sanktionsavgift-mot-miljodata-for-bristande-sakerhet/,dead,404,,https://www.imy.se/nyheter/sanktionsavgift-mot-miljodata-for-bristande-sakerhet/,,2,2026-10-01T15:29Z,ok,200,,2026-10-01T15:46Z,ok
SWE,source,categories.privacy.sources[2],https://www.imy.se/om-oss/beslut-publikationer-och-remisser/beslut-om-sanktionsavgift/,dead,404,,https://www.imy.se/om-oss/beslut-publikationer-och-remisser/beslut-om-sanktionsavgift/,,1,2026-10-01T15:29Z,ok,200,,2026-10-01T15:46Z,ok
SWE,source,categories.commercial.sources[0],https://www.imy.se/nyheter/sanktionsavgifter-mot-apoteket-och-apohem-for-overforing-av-personuppgifter-till-meta/,dead,404,,https://www.imy.se/nyheter/sanktionsavgifter-mot-apoteket-och-apohem-for-overforing-av-personuppgifter-till-meta/,,2,2026-10-01T15:29Z,ok,200,,2026-10-01T15:46Z,ok
SWE,source,categories.commercial.sources[1],https://www.socialstyrelsen.se/en/about-us/processing-of-personal-data/,ok,200,,https://www.socialstyrelsen.se/en/about-us/processing-of-personal-data/,,1,2026-10-01T15:29Z,,,,,ok
SWE,source,categories.journey.sources[0],https://www.regeringen.se/rattsliga-dokument/statens-offentliga-utredningar/2026/01/sou-20266/,ok,200,,https://www.regeringen.se/rattsliga-dokument/statens-offentliga-utredningar/2026/01/sou-20266/,,2,2026-10-01T15:29Z,,,,,ok
SWE,source,categories.journey.sources[1],https://www.ehalsomyndigheten.se/verksamhet/nationella-lakemedelslistan/,ok,200,,https://www.ehalsomyndigheten.se/verksamhet/nationella-lakemedelslistan/,,1,2026-10-01T15:29Z,,,,,ok
SWE,source,categories.journey.sources[2],https://www.regeringen.se/rattsliga-dokument/departementsserien-och-promemorior/2026/06/ett-forsta-steg-i-genomforandet-av-en-nationell-digital-infrastruktur-pa-halsodataomradet/,ok,200,,https://www.regeringen.se/rattsliga-dokument/departementsserien-och-promemorior/2026/06/ett-forsta-steg-i-genomforandet-av-en-nationell-digital-infrastruktur-pa-halsodataomradet/,,1,2026-10-01T15:29Z,,,,,ok
SWE,source,categories.clinical.sources[0],https://lagen.nu/2022:913,ok,200,,https://lagen.nu/2022:913,,3,2026-10-01T15:29Z,,,,,ok
SWE,source,categories.clinical.sources[1],https://www.regeringen.se/pressmeddelanden/2026/06/forslag-om-nationell-digital-infrastruktur-och-nationell-vardformedling-remitteras/,ok,200,,https://www.regeringen.se/pressmeddelanden/2026/06/forslag-om-nationell-digital-infrastruktur-och-nationell-vardformedling-remitteras/,,3,2026-10-01T15:29Z,,,,,ok
SWE,source,categories.research.sources[0],https://www.socialstyrelsen.se/statistik-och-data/register/lamna-uppgifter-till-register/cancerregistret/,ok,200,,https://www.socialstyrelsen.se/statistik-och-data/register/lamna-uppgifter-till-register/cancerregistret/,,3,2026-10-01T15:29Z,,,,,ok
SWE,source,categories.research.sources[1],https://health.ec.europa.eu/ehealth-digital-health-and-care/european-health-data-space-regulation-ehds_en,ok,200,,https://health.ec.europa.eu/ehealth-digital-health-and-care/european-health-data-space-regulation-ehds_en,,31,2026-10-01T15:29Z,,,,,ok
SWE,source,categories.ai.sources[0],https://www.cyberlawwatch.com/2026/07/31/eu-digital-omnibus-on-ai-enters-into-force/,ok,200,,https://www.cyberlawwatch.com/2026/07/31/eu-digital-omnibus-on-ai-enters-into-force/,,12,2026-10-01T15:29Z,,,,,ok
SWE,law,laws[0],https://lagen.nu/2008:355,ok,200,,https://lagen.nu/2008:355,,1,2026-10-01T15:29Z,,,,,ok
SWE,law,laws[1],https://lagen.nu/2022:913,ok,200,,https://lagen.nu/2022:913,,3,2026-10-01T15:29Z,,,,,ok
SWE,law,laws[2],https://www.socialstyrelsen.se/statistik-och-data/register/lamna-uppgifter-till-register/cancerregistret/,ok,200,,https://www.socialstyrelsen.se/statistik-och-data/register/lamna-uppgifter-till-register/cancerregistret/,,3,2026-10-01T15:29Z,,,,,ok
SWE,law,laws[3],https://www.socialstyrelsen.se/statistik-och-data/register/lamna-uppgifter-till-register/cancerregistret/,ok,200,,https://www.socialstyrelsen.se/statistik-och-data/register/lamna-uppgifter-till-register/cancerregistret/,,3,2026-10-01T15:29Z,,,,,ok
SWE,law,laws[4],https://eur-lex.europa.eu/eli/reg/2025/327/oj/eng,ok,202,,https://eur-lex.europa.eu/eli/reg/2025/327/oj/eng,,17,2026-10-01T15:29Z,,,,,ok
SWE,law,laws[5],https://www.cyberlawwatch.com/2026/07/31/eu-digital-omnibus-on-ai-enters-into-force/,ok,200,,https://www.cyberlawwatch.com/2026/07/31/eu-digital-omnibus-on-ai-enters-into-force/,,12,2026-10-01T15:29Z,,,,,ok
SWE,news,news[0],https://www.imy.se/nyheter/sanktionsavgift-mot-miljodata-for-bristande-sakerhet/,dead,404,,https://www.imy.se/nyheter/sanktionsavgift-mot-miljodata-for-bristande-sakerhet/,,2,2026-10-01T15:29Z,ok,200,,2026-10-01T15:46Z,ok
SWE,news,news[1],https://www.regeringen.se/pressmeddelanden/2026/06/forslag-om-nationell-digital-infrastruktur-och-nationell-vardformedling-remitteras/,ok,200,,https://www.regeringen.se/pressmeddelanden/2026/06/forslag-om-nationell-digital-infrastruktur-och-nationell-vardformedling-remitteras/,,3,2026-10-01T15:29Z,,,,,ok
SWE,news,news[2],https://www.regeringen.se/rattsliga-dokument/statens-offentliga-utredningar/2026/01/sou-20266/,ok,200,,https://www.regeringen.se/rattsliga-dokument/statens-offentliga-utredningar/2026/01/sou-20266/,,2,2026-10-01T15:29Z,,,,,ok
THA,source,categories.access.sources[0],https://www.legal500.com/intelligence/thailand/privacy/medical-research-pharmacovigilance-data-management-and-data-privacy,ok,200,,https://www.legal500.com/intelligence/thailand/privacy/medical-research-pharmacovigilance-data-management-and-data-privacy,,3,2026-10-01T15:29Z,,,,,ok
THA,source,categories.access.sources[1],https://bdi.or.th/en/showroom/health-link/,ok,200,,https://bdi.or.th/en/showroom/health-link/,,3,2026-10-01T15:29Z,,,,,ok
THA,source,categories.access.sources[2],https://thailand.go.th/public/issue-focus-detail/-----------health-link--moph-cloud---400-,ok,200,,https://thailand.go.th/public/issue-focus-detail/-----------health-link--moph-cloud---400-,,3,2026-10-01T15:29Z,,,,,ok
THA,source,categories.access.sources[3],https://www.nationthailand.com/health-wellness/40056535,ok,200,,https://www.nationthailand.com/health-wellness/40056535,,2,2026-10-01T15:29Z,,,,,ok
THA,source,categories.control.sources[0],https://www.thailand.go.th/issue-focus-detail/001_05_007-3,ok,200,,https://www.thailand.go.th/issue-focus-detail/001_05_007-3,,3,2026-10-01T15:29Z,,,,,ok
THA,source,categories.control.sources[1],https://bdi.or.th/en/showroom/health-link/,ok,200,,https://bdi.or.th/en/showroom/health-link/,,3,2026-10-01T15:29Z,,,,,ok
THA,source,categories.control.sources[2],https://practiceguides.chambers.com/practice-guides/data-protection-privacy-2026/thailand/trends-and-developments,ok,200,,https://practiceguides.chambers.com/practice-guides/data-protection-privacy-2026/thailand/trends-and-developments,,5,2026-10-01T15:29Z,,,,,ok
THA,source,categories.privacy.sources[0],https://practiceguides.chambers.com/practice-guides/data-protection-privacy-2026/thailand/trends-and-developments,ok,200,,https://practiceguides.chambers.com/practice-guides/data-protection-privacy-2026/thailand/trends-and-developments,,5,2026-10-01T15:29Z,,,,,ok
THA,source,categories.privacy.sources[1],https://www.thaipbsworld.com/social-media/hospital-fined-bt1.2m-over-data-breach-after-medical-records-used-as-snack-bags,ok,200,,https://www.thaipbsworld.com/social-media/hospital-fined-bt1.2m-over-data-breach-after-medical-records-used-as-snack-bags,,1,2026-10-01T15:29Z,,,,,ok
THA,source,categories.privacy.sources[2],https://www.tilleke.com/insights/key-takeaways-from-thailands-data-privacy-day-2026/,ok,200,,https://www.tilleke.com/insights/key-takeaways-from-thailands-data-privacy-day-2026/,,3,2026-10-01T15:29Z,,,,,ok
THA,source,categories.privacy.sources[3],https://www.thaipbsworld.com/world/about-10000-patients-data-hacked-not-millions-says-thailands-digital-ministry,ok,200,,https://www.thaipbsworld.com/world/about-10000-patients-data-hacked-not-millions-says-thailands-digital-ministry,,1,2026-10-01T15:29Z,,,,,ok
THA,source,categories.commercial.sources[0],https://practiceguides.chambers.com/practice-guides/data-protection-privacy-2026/thailand/trends-and-developments,ok,200,,https://practiceguides.chambers.com/practice-guides/data-protection-privacy-2026/thailand/trends-and-developments,,5,2026-10-01T15:29Z,,,,,ok
THA,source,categories.commercial.sources[1],https://www.tilleke.com/insights/key-takeaways-from-thailands-data-privacy-day-2026/,ok,200,,https://www.tilleke.com/insights/key-takeaways-from-thailands-data-privacy-day-2026/,,3,2026-10-01T15:29Z,,,,,ok
THA,source,categories.journey.sources[0],https://thailand.go.th/public/issue-focus-detail/-----------health-link--moph-cloud---400-,ok,200,,https://thailand.go.th/public/issue-focus-detail/-----------health-link--moph-cloud---400-,,3,2026-10-01T15:29Z,,,,,ok
THA,source,categories.journey.sources[1],https://www.thailand.go.th/issue-focus-detail/001_05_007-3,ok,200,,https://www.thailand.go.th/issue-focus-detail/001_05_007-3,,3,2026-10-01T15:29Z,,,,,ok
THA,source,categories.journey.sources[2],https://www.healthcareitnews.com/news/asia/thailand-moves-unify-national-health-data-systems,ok,200,,https://www.healthcareitnews.com/news/asia/thailand-moves-unify-national-health-data-systems,,3,2026-10-01T15:29Z,,,,,ok
THA,source,categories.journey.sources[3],https://thaidj.org/index.php/JHS/article/view/17653,ok,200,,https://thaidj.org/index.php/JHS/article/view/17653,,1,2026-10-01T15:29Z,,,,,ok
THA,source,categories.clinical.sources[0],https://www.thailand.go.th/issue-focus-detail/001_05_007-3,ok,200,,https://www.thailand.go.th/issue-focus-detail/001_05_007-3,,3,2026-10-01T15:29Z,,,,,ok
THA,source,categories.clinical.sources[1],https://bdi.or.th/en/showroom/health-link/,ok,200,,https://bdi.or.th/en/showroom/health-link/,,3,2026-10-01T15:29Z,,,,,ok
THA,source,categories.clinical.sources[2],https://thailand.go.th/public/issue-focus-detail/-----------health-link--moph-cloud---400-,ok,200,,https://thailand.go.th/public/issue-focus-detail/-----------health-link--moph-cloud---400-,,3,2026-10-01T15:29Z,,,,,ok
THA,source,categories.research.sources[0],https://www.legal500.com/intelligence/thailand/privacy/medical-research-pharmacovigilance-data-management-and-data-privacy,ok,200,,https://www.legal500.com/intelligence/thailand/privacy/medical-research-pharmacovigilance-data-management-and-data-privacy,,3,2026-10-01T15:29Z,,,,,ok
THA,source,categories.research.sources[1],https://practiceguides.chambers.com/practice-guides/data-protection-privacy-2026/thailand/trends-and-developments,ok,200,,https://practiceguides.chambers.com/practice-guides/data-protection-privacy-2026/thailand/trends-and-developments,,5,2026-10-01T15:29Z,,,,,ok
THA,source,categories.ai.sources[0],https://www.qualtechs.com/en-gb/article/thai-fda-samd-ai-guidance-2024,ok,200,,https://www.qualtechs.com/en-gb/article/thai-fda-samd-ai-guidance-2024,,1,2026-10-01T15:29Z,,,,,ok
THA,source,categories.ai.sources[1],https://www.bakermckenzie.com/en/insight/publications/2026/07/thailand-draft-ai-act--seven-key-implications,ok,200,,https://www.bakermckenzie.com/en/insight/publications/2026/07/thailand-draft-ai-act--seven-key-implications,,3,2026-10-01T15:29Z,,,,,ok
THA,source,categories.ai.sources[2],https://www.thaiexaminer.com/thai-news-foreigners/2026/09/29/thailand-moves-carefully-with-ai-regulation-as-us-tech-warns-over-key-provisions-hindering-investment/,ok,200,,https://www.thaiexaminer.com/thai-news-foreigners/2026/09/29/thailand-moves-carefully-with-ai-regulation-as-us-tech-warns-over-key-provisions-hindering-investment/,,1,2026-10-01T15:29Z,,,,,ok
THA,law,laws[0],https://practiceguides.chambers.com/practice-guides/data-protection-privacy-2026/thailand/trends-and-developments,ok,200,,https://practiceguides.chambers.com/practice-guides/data-protection-privacy-2026/thailand/trends-and-developments,,5,2026-10-01T15:29Z,,,,,ok
THA,law,laws[1],https://www.legal500.com/intelligence/thailand/privacy/medical-research-pharmacovigilance-data-management-and-data-privacy,ok,200,,https://www.legal500.com/intelligence/thailand/privacy/medical-research-pharmacovigilance-data-management-and-data-privacy,,3,2026-10-01T15:29Z,,,,,ok
THA,law,laws[2],https://www.tilleke.com/insights/digital-health-in-thailand-vietnam-and-indonesia/,ok,200,,https://www.tilleke.com/insights/digital-health-in-thailand-vietnam-and-indonesia/,,2,2026-10-01T15:29Z,,,,,ok
THA,law,laws[3],https://www.tilleke.com/insights/digital-health-in-thailand-vietnam-and-indonesia/,ok,200,,https://www.tilleke.com/insights/digital-health-in-thailand-vietnam-and-indonesia/,,2,2026-10-01T15:29Z,,,,,ok
THA,law,laws[4],https://www.bakermckenzie.com/en/insight/publications/2026/07/thailand-draft-ai-act--seven-key-implications,ok,200,,https://www.bakermckenzie.com/en/insight/publications/2026/07/thailand-draft-ai-act--seven-key-implications,,3,2026-10-01T15:29Z,,,,,ok
THA,law,laws[5],https://www.healthcareitnews.com/news/asia/thailand-moves-unify-national-health-data-systems,ok,200,,https://www.healthcareitnews.com/news/asia/thailand-moves-unify-national-health-data-systems,,3,2026-10-01T15:29Z,,,,,ok
THA,news,news[0],https://www.nationthailand.com/health-wellness/40056535,ok,200,,https://www.nationthailand.com/health-wellness/40056535,,2,2026-10-01T15:29Z,,,,,ok
THA,news,news[1],https://www.healthcareitnews.com/news/asia/thailand-moves-unify-national-health-data-systems,ok,200,,https://www.healthcareitnews.com/news/asia/thailand-moves-unify-national-health-data-systems,,3,2026-10-01T15:29Z,,,,,ok
THA,news,news[2],https://www.tilleke.com/insights/key-takeaways-from-thailands-data-privacy-day-2026/,ok,200,,https://www.tilleke.com/insights/key-takeaways-from-thailands-data-privacy-day-2026/,,3,2026-10-01T15:29Z,,,,,ok
THA,news,news[3],https://www.bakermckenzie.com/en/insight/publications/2026/07/thailand-draft-ai-act--seven-key-implications,ok,200,,https://www.bakermckenzie.com/en/insight/publications/2026/07/thailand-draft-ai-act--seven-key-implications,,3,2026-10-01T15:29Z,,,,,ok
THA,news,news[4],https://www.biometricupdate.com/202608/thailand-pushes-mandatory-mfa-after-major-credential-leak,ok,200,,https://www.biometricupdate.com/202608/thailand-pushes-mandatory-mfa-after-major-credential-leak,,1,2026-10-01T15:29Z,,,,,ok
TUR,source,categories.access.sources[0],https://www.mevzuat.gov.tr/File/GeneratePdf?mevzuatNo=4847&mevzuatTur=KurumVeKurulusYonetmeligi&mevzuatTertip=5,ok,200,,https://www.mevzuat.gov.tr/Anasayfa/ErrorPage?code=405,,2,2026-10-01T15:29Z,,,,,ok
TUR,source,categories.access.sources[1],https://enabiz.gov.tr/Yardim/Index,ok,200,,https://enabiz.gov.tr/Yardim/Index,,2,2026-10-01T15:29Z,,,,,ok
TUR,source,categories.access.sources[2],https://www.hurriyet.com.tr/gundem/bakan-memisoglundan-saglikta-dijital-donusum-calismalarina-iliskin-paylasim-43070060,ok,200,,https://www.hurriyet.com.tr/gundem/bakan-memisoglundan-saglikta-dijital-donusum-calismalarina-iliskin-paylasim-43070060,,2,2026-10-01T15:29Z,,,,,ok
TUR,source,categories.access.sources[3],https://www.ekonomim.com/gundem/milyonlarca-kisiyi-ilgilendiren-guncelleme-e-nabiz-yenilendi-haberi-825172,ok,200,,https://www.ekonomim.com/gundem/milyonlarca-kisiyi-ilgilendiren-guncelleme-e-nabiz-yenilendi-haberi-825172,,2,2026-10-01T15:29Z,,,,,ok
TUR,source,categories.control.sources[0],https://enabiz.gov.tr/Yardim/Index,ok,200,,https://enabiz.gov.tr/Yardim/Index,,2,2026-10-01T15:29Z,,,,,ok
TUR,source,categories.control.sources[1],https://enabiz.gov.tr/,ok,200,,https://enabiz.gov.tr/Account/Login?_st=1,,1,2026-10-01T15:29Z,,,,,ok
TUR,source,categories.control.sources[2],https://www.resmigazete.gov.tr/eskiler/2019/06/20190621-3.htm,ok,200,,https://www.resmigazete.gov.tr/eskiler/2019/06/20190621-3.htm,,5,2026-10-01T15:29Z,,,,,ok
TUR,source,categories.control.sources[3],https://www.resmigazete.gov.tr/eskiler/2025/12/20251203-2.htm,ok,200,,https://www.resmigazete.gov.tr/eskiler/2025/12/20251203-2.htm,,3,2026-10-01T15:29Z,,,,,ok
TUR,source,categories.privacy.sources[0],https://www.mevzuat.gov.tr/mevzuatmetin/1.5.6698.pdf,ok,200,,https://www.mevzuat.gov.tr/mevzuatmetin/1.5.6698.pdf,,3,2026-10-01T15:29Z,,,,,ok
TUR,source,categories.privacy.sources[1],https://www.kvkk.gov.tr/Icerik/7754/2023-695,ok,,200,https://www.kvkk.gov.tr/Icerik/7754/2023-695,,1,2026-10-01T15:29Z,,,,,ok
TUR,source,categories.privacy.sources[2],https://enlargement.ec.europa.eu/document/download/4bb4ddd1-4f20-4ee0-92db-926996ec8dd1_en?filename=t%C3%BCrkiye-report-2025.pdf,ok,200,,https://enlargement.ec.europa.eu/document/download/4bb4ddd1-4f20-4ee0-92db-926996ec8dd1_en?filename=t%C3%BCrkiye-report-2025.pdf,,3,2026-10-01T15:29Z,,,,,ok
TUR,source,categories.privacy.sources[3],https://bm.itu.edu.tr/docs/librariesprovider92/default-document-library/svg-rapor.pdf?sfvrsn=1cb04587_2,ok,200,,https://bm.itu.edu.tr/docs/librariesprovider92/default-document-library/svg-rapor.pdf?sfvrsn=1cb04587_2,,2,2026-10-01T15:29Z,,,,,ok
TUR,source,categories.commercial.sources[0],https://www.kvkk.gov.tr/Icerik/7692/2023-787,ok,,200,https://www.kvkk.gov.tr/Icerik/7692/2023-787,,1,2026-10-01T15:29Z,,,,,ok
TUR,source,categories.commercial.sources[1],https://www.mevzuat.gov.tr/mevzuatmetin/1.5.6698.pdf,ok,200,,https://www.mevzuat.gov.tr/mevzuatmetin/1.5.6698.pdf,,3,2026-10-01T15:29Z,,,,,ok
TUR,source,categories.commercial.sources[2],https://www.resmigazete.gov.tr/eskiler/2019/06/20190621-3.htm,ok,200,,https://www.resmigazete.gov.tr/eskiler/2019/06/20190621-3.htm,,5,2026-10-01T15:29Z,,,,,ok
TUR,source,categories.journey.sources[0],"https://e-saglik.gov.tr/TR,53387/e-nabiz-sgk-medula-veri-dogrulamasi-hk.html",ok,200,,"https://e-saglik.gov.tr/TR,53387/e-nabiz-sgk-medula-veri-dogrulamasi-hk.html",,1,2026-10-01T15:29Z,,,,,ok
TUR,source,categories.journey.sources[1],https://bm.itu.edu.tr/docs/librariesprovider92/default-document-library/svg-rapor.pdf?sfvrsn=1cb04587_2,ok,200,,https://bm.itu.edu.tr/docs/librariesprovider92/default-document-library/svg-rapor.pdf?sfvrsn=1cb04587_2,,2,2026-10-01T15:29Z,,,,,ok
TUR,source,categories.journey.sources[2],https://www.ekonomim.com/gundem/milyonlarca-kisiyi-ilgilendiren-guncelleme-e-nabiz-yenilendi-haberi-825172,ok,200,,https://www.ekonomim.com/gundem/milyonlarca-kisiyi-ilgilendiren-guncelleme-e-nabiz-yenilendi-haberi-825172,,2,2026-10-01T15:29Z,,,,,ok
TUR,source,categories.clinical.sources[0],https://www.resmigazete.gov.tr/eskiler/2019/06/20190621-3.htm,ok,200,,https://www.resmigazete.gov.tr/eskiler/2019/06/20190621-3.htm,,5,2026-10-01T15:29Z,,,,,ok
TUR,source,categories.clinical.sources[1],https://www.resmigazete.gov.tr/eskiler/2025/12/20251203-2.htm,ok,200,,https://www.resmigazete.gov.tr/eskiler/2025/12/20251203-2.htm,,3,2026-10-01T15:29Z,,,,,ok
TUR,source,categories.clinical.sources[2],https://acarergonen.av.tr/tr/yayinlar/duyurular/kisisel-saglik-verileri-hakkinda-yonetmelik-te-yapilan-son-degisiklikler,ok,200,,https://acarergonen.av.tr/tr/yayinlar/duyurular/kisisel-saglik-verileri-hakkinda-yonetmelik-te-yapilan-son-degisiklikler,,1,2026-10-01T15:29Z,,,,,ok
TUR,source,categories.clinical.sources[3],https://www.kvkk.gov.tr/Icerik/7074/-Ilgili-kisinin-talebi-ya-da-rizasi-olmaksizin-ozel-bir-hastane-calisani-hekim-tarafindan-e-nabiz-sistemine-erisim-saglanmasi-hakkinda-Kisisel-Verileri-Koruma-Kurulunun-21-09-2021-tarihli-ve-2021-962-sayili-Karari,ok,,200,https://www.kvkk.gov.tr/Icerik/7074/-Ilgili-kisinin-talebi-ya-da-rizasi-olmaksizin-ozel-bir-hastane-calisani-hekim-tarafindan-e-nabiz-sistemine-erisim-saglanmasi-hakkinda-Kisisel-Verileri-Koruma-Kurulunun-21-09-2021-tarihli-ve-2021-962-sayili-Karari,,1,2026-10-01T15:29Z,,,,,ok
TUR,source,categories.research.sources[0],https://www.resmigazete.gov.tr/eskiler/2019/06/20190621-3.htm,ok,200,,https://www.resmigazete.gov.tr/eskiler/2019/06/20190621-3.htm,,5,2026-10-01T15:29Z,,,,,ok
TUR,source,categories.research.sources[1],https://www.resmigazete.gov.tr/eskiler/2023/05/20230527-5.htm,ok,200,,https://www.resmigazete.gov.tr/eskiler/2023/05/20230527-5.htm,,2,2026-10-01T15:29Z,,,,,ok
TUR,source,categories.research.sources[2],https://enlargement.ec.europa.eu/document/download/4bb4ddd1-4f20-4ee0-92db-926996ec8dd1_en?filename=t%C3%BCrkiye-report-2025.pdf,ok,200,,https://enlargement.ec.europa.eu/document/download/4bb4ddd1-4f20-4ee0-92db-926996ec8dd1_en?filename=t%C3%BCrkiye-report-2025.pdf,,3,2026-10-01T15:29Z,,,,,ok
TUR,source,categories.ai.sources[0],https://www.titck.gov.tr/faaliyetalanlari/tibbicihaz/tibbi-cihaz-mevzuati,ok,200,,https://www.titck.gov.tr/faaliyetalanlari/tibbicihaz/tibbi-cihaz-mevzuati,,2,2026-10-01T15:29Z,,,,,ok
TUR,source,categories.ai.sources[1],https://enlargement.ec.europa.eu/document/download/4bb4ddd1-4f20-4ee0-92db-926996ec8dd1_en?filename=t%C3%BCrkiye-report-2025.pdf,ok,200,,https://enlargement.ec.europa.eu/document/download/4bb4ddd1-4f20-4ee0-92db-926996ec8dd1_en?filename=t%C3%BCrkiye-report-2025.pdf,,3,2026-10-01T15:29Z,,,,,ok
TUR,source,categories.ai.sources[2],https://www.memurlar.net/haber/1175670/turkiye-yapay-zeka-eylem-plani-genelgesi-resmi-gazete-de.html,ok,204,,https://www.memurlar.net/haber/1175670/turkiye-yapay-zeka-eylem-plani-genelgesi-resmi-gazete-de.html,,2,2026-10-01T15:29Z,,,,,ok
TUR,source,categories.ai.sources[3],https://www.bmo.org.tr/2026/04/01/tbmmnin-yapay-zeka-komisyonu-raporuna-iliskin-tmmob-gorusu/,ok,200,,https://www.bmo.org.tr/2026/04/01/tbmmnin-yapay-zeka-komisyonu-raporuna-iliskin-tmmob-gorusu/,,1,2026-10-01T15:29Z,,,,,ok
TUR,law,laws[0],https://www.mevzuat.gov.tr/mevzuatmetin/1.5.6698.pdf,ok,200,,https://www.mevzuat.gov.tr/mevzuatmetin/1.5.6698.pdf,,3,2026-10-01T15:29Z,,,,,ok
TUR,law,laws[1],https://www.resmigazete.gov.tr/eskiler/2019/06/20190621-3.htm,ok,200,,https://www.resmigazete.gov.tr/eskiler/2019/06/20190621-3.htm,,5,2026-10-01T15:29Z,,,,,ok
TUR,law,laws[2],https://www.resmigazete.gov.tr/eskiler/2025/12/20251203-2.htm,ok,200,,https://www.resmigazete.gov.tr/eskiler/2025/12/20251203-2.htm,,3,2026-10-01T15:29Z,,,,,ok
TUR,law,laws[3],https://www.mevzuat.gov.tr/File/GeneratePdf?mevzuatNo=4847&mevzuatTur=KurumVeKurulusYonetmeligi&mevzuatTertip=5,ok,200,,https://www.mevzuat.gov.tr/Anasayfa/ErrorPage?code=405,,2,2026-10-01T15:29Z,,,,,ok
TUR,law,laws[4],https://www.titck.gov.tr/faaliyetalanlari/tibbicihaz/tibbi-cihaz-mevzuati,ok,200,,https://www.titck.gov.tr/faaliyetalanlari/tibbicihaz/tibbi-cihaz-mevzuati,,2,2026-10-01T15:29Z,,,,,ok
TUR,law,laws[5],https://www.resmigazete.gov.tr/eskiler/2023/05/20230527-5.htm,ok,200,,https://www.resmigazete.gov.tr/eskiler/2023/05/20230527-5.htm,,2,2026-10-01T15:29Z,,,,,ok
TUR,news,news[0],https://www.yenisafak.com/hayat/saglik-verilerine-erisimde-yeni-yonetmelik-resmi-gazetede-e-nabiz-guvenlik-ayarlarini-nasil-yapmali-verilerinizi-kimler-ne-kadar-sureyle-goruntuleyebilir-4775071,ok,200,,https://www.yenisafak.com/hayat/saglik-verilerine-erisimde-yeni-yonetmelik-resmi-gazetede-e-nabiz-guvenlik-ayarlarini-nasil-yapmali-verilerinizi-kimler-ne-kadar-sureyle-goruntuleyebilir-4775071,,1,2026-10-01T15:29Z,,,,,ok
TUR,news,news[1],https://www.hurriyet.com.tr/gundem/bakan-memisoglundan-saglikta-dijital-donusum-calismalarina-iliskin-paylasim-43070060,ok,200,,https://www.hurriyet.com.tr/gundem/bakan-memisoglundan-saglikta-dijital-donusum-calismalarina-iliskin-paylasim-43070060,,2,2026-10-01T15:29Z,,,,,ok
TUR,news,news[2],https://www.cumhuriyet.com.tr/turkiye/e-nabiz-a-yeni-ozellik-tek-tek-eczane-dolasma-derdi-bitiyor-2485570,ok,200,,https://www.cumhuriyet.com.tr/turkiye/e-nabiz-a-yeni-ozellik-tek-tek-eczane-dolasma-derdi-bitiyor-2485570,,1,2026-10-01T15:29Z,,,,,ok
TUR,news,news[3],https://www.memurlar.net/haber/1175670/turkiye-yapay-zeka-eylem-plani-genelgesi-resmi-gazete-de.html,ok,204,,https://www.memurlar.net/haber/1175670/turkiye-yapay-zeka-eylem-plani-genelgesi-resmi-gazete-de.html,,2,2026-10-01T15:29Z,,,,,ok
TUR,news,news[4],https://www.memurlar.net/haber/1177705/kvkk-dan-6-sirket-icin-veri-ihlali-duyurusu.html,ok,204,,https://www.memurlar.net/haber/1177705/kvkk-dan-6-sirket-icin-veri-ihlali-duyurusu.html,,1,2026-10-01T15:29Z,,,,,ok
TWN,source,categories.access.sources[0],https://www.mohw.gov.tw/cp-3794-41405-1.html,error,,,https://www.mohw.gov.tw/cp-3794-41405-1.html,ConnectError,1,2026-10-01T15:29Z,ok,200,,2026-10-01T15:46Z,ok
TWN,source,categories.access.sources[1],https://www.nhi.gov.tw/ch/lp-3347-1.html?cat=5,blocked_unverified,403,403,https://www.nhi.gov.tw/ch/lp-3347-1.html?cat=5,,1,2026-10-01T15:29Z,blocked_unverified,403,,2026-10-01T15:46Z,blocked_unverified
TWN,source,categories.access.sources[2],https://www.nhi.gov.tw/ch/np-2702-1.html,blocked_unverified,403,403,https://www.nhi.gov.tw/ch/np-2702-1.html,,1,2026-10-01T15:29Z,blocked_unverified,403,,2026-10-01T15:46Z,blocked_unverified
TWN,source,categories.control.sources[0],https://www.president.gov.tw/File/Doc/f1408b05-6cbf-4228-b3ed-f2bbf64888ab,error,,,https://www.president.gov.tw/File/Doc/f1408b05-6cbf-4228-b3ed-f2bbf64888ab,ConnectError,5,2026-10-01T15:29Z,ok,200,,2026-10-01T15:46Z,ok
TWN,source,categories.control.sources[1],https://www.nhi.gov.tw/ch/cp-18809-240e6-4049-1.html,ok,403,200,https://www.nhi.gov.tw/ch/cp-18809-240e6-4049-1.html,,1,2026-10-01T15:29Z,,,,,ok
TWN,source,categories.control.sources[2],https://news.ltn.com.tw/news/politics/breakingnews/5534212,ok,403,200,https://news.ltn.com.tw/news/politics/breakingnews/5534212,,2,2026-10-01T15:29Z,,,,,ok
TWN,source,categories.privacy.sources[0],https://www.president.gov.tw/File/Doc/f1408b05-6cbf-4228-b3ed-f2bbf64888ab,error,,,https://www.president.gov.tw/File/Doc/f1408b05-6cbf-4228-b3ed-f2bbf64888ab,ConnectError,5,2026-10-01T15:29Z,ok,200,,2026-10-01T15:46Z,ok
TWN,source,categories.privacy.sources[1],https://www.nbr.org/publication/taiwans-emerging-ai-governance-building-from-the-basic-act-to-the-hard-questions-of-data-and-copyright/,blocked_unverified,403,403,https://www.nbr.org/publication/taiwans-emerging-ai-governance-building-from-the-basic-act-to-the-hard-questions-of-data-and-copyright/,,4,2026-10-01T15:29Z,blocked_unverified,403,,2026-10-01T15:46Z,blocked_unverified
TWN,source,categories.privacy.sources[2],https://link.springer.com/chapter/10.1007/978-3-031-05160-9_6,ok,200,,https://link.springer.com/chapter/10.1007/978-3-031-05160-9_6,,3,2026-10-01T15:29Z,,,,,ok
TWN,source,categories.commercial.sources[0],https://www.president.gov.tw/File/Doc/f1408b05-6cbf-4228-b3ed-f2bbf64888ab,error,,,https://www.president.gov.tw/File/Doc/f1408b05-6cbf-4228-b3ed-f2bbf64888ab,ConnectError,5,2026-10-01T15:29Z,ok,200,,2026-10-01T15:46Z,ok
TWN,source,categories.journey.sources[0],https://link.springer.com/chapter/10.1007/978-3-031-05160-9_6,ok,200,,https://link.springer.com/chapter/10.1007/978-3-031-05160-9_6,,3,2026-10-01T15:29Z,,,,,ok
TWN,source,categories.journey.sources[1],https://link.springer.com/chapter/10.1007/978-3-031-05160-9_1,ok,200,,https://link.springer.com/chapter/10.1007/978-3-031-05160-9_1,,1,2026-10-01T15:29Z,,,,,ok
TWN,source,categories.clinical.sources[0],https://link.springer.com/chapter/10.1007/978-3-031-05160-9_6,ok,200,,https://link.springer.com/chapter/10.1007/978-3-031-05160-9_6,,3,2026-10-01T15:29Z,,,,,ok
TWN,source,categories.research.sources[0],https://www.cna.com.tw/news/ahel/202609160155.aspx,ok,200,,https://www.cna.com.tw/news/ahel/202609160155.aspx,,2,2026-10-01T15:29Z,,,,,ok
TWN,source,categories.research.sources[1],https://www.president.gov.tw/File/Doc/f1408b05-6cbf-4228-b3ed-f2bbf64888ab,error,,,https://www.president.gov.tw/File/Doc/f1408b05-6cbf-4228-b3ed-f2bbf64888ab,ConnectError,5,2026-10-01T15:29Z,ok,200,,2026-10-01T15:46Z,ok
TWN,source,categories.research.sources[2],https://www.cna.com.tw/news/ahel/202512020343.aspx,ok,200,,https://www.cna.com.tw/news/ahel/202512020343.aspx,,1,2026-10-01T15:29Z,,,,,ok
TWN,source,categories.ai.sources[0],https://www.medialaws.eu/taiwans-ai-basic-act-a-different-logic-of-democratic-ai-governance/,ok,200,,https://www.medialaws.eu/taiwans-ai-basic-act-a-different-logic-of-democratic-ai-governance/,,2,2026-10-01T15:29Z,,,,,ok
TWN,source,categories.ai.sources[1],https://www.nbr.org/publication/taiwans-emerging-ai-governance-building-from-the-basic-act-to-the-hard-questions-of-data-and-copyright/,blocked_unverified,403,403,https://www.nbr.org/publication/taiwans-emerging-ai-governance-building-from-the-basic-act-to-the-hard-questions-of-data-and-copyright/,,4,2026-10-01T15:29Z,blocked_unverified,403,,2026-10-01T15:46Z,blocked_unverified
TWN,law,laws[0],https://www.president.gov.tw/File/Doc/f1408b05-6cbf-4228-b3ed-f2bbf64888ab,error,,,https://www.president.gov.tw/File/Doc/f1408b05-6cbf-4228-b3ed-f2bbf64888ab,ConnectError,5,2026-10-01T15:29Z,ok,200,,2026-10-01T15:46Z,ok
TWN,law,laws[1],https://www.nbr.org/publication/taiwans-emerging-ai-governance-building-from-the-basic-act-to-the-hard-questions-of-data-and-copyright/,blocked_unverified,403,403,https://www.nbr.org/publication/taiwans-emerging-ai-governance-building-from-the-basic-act-to-the-hard-questions-of-data-and-copyright/,,4,2026-10-01T15:29Z,blocked_unverified,403,,2026-10-01T15:46Z,blocked_unverified
TWN,law,laws[2],https://www.medialaws.eu/taiwans-ai-basic-act-a-different-logic-of-democratic-ai-governance/,ok,200,,https://www.medialaws.eu/taiwans-ai-basic-act-a-different-logic-of-democratic-ai-governance/,,2,2026-10-01T15:29Z,,,,,ok
TWN,news,news[0],https://www.cna.com.tw/news/ahel/202609160155.aspx,ok,200,,https://www.cna.com.tw/news/ahel/202609160155.aspx,,2,2026-10-01T15:29Z,,,,,ok
TWN,news,news[1],https://news.ltn.com.tw/news/politics/breakingnews/5534212,ok,403,200,https://news.ltn.com.tw/news/politics/breakingnews/5534212,,2,2026-10-01T15:29Z,,,,,ok
TWN,news,news[2],https://focustaiwan.tw/politics/202512020023,ok,200,,https://focustaiwan.tw/politics/202512020023,,1,2026-10-01T15:29Z,,,,,ok
TWN,news,news[3],https://www.nbr.org/publication/taiwans-emerging-ai-governance-building-from-the-basic-act-to-the-hard-questions-of-data-and-copyright/,blocked_unverified,403,403,https://www.nbr.org/publication/taiwans-emerging-ai-governance-building-from-the-basic-act-to-the-hard-questions-of-data-and-copyright/,,4,2026-10-01T15:29Z,blocked_unverified,403,,2026-10-01T15:46Z,blocked_unverified
UKR,source,categories.access.sources[0],https://zakon.rada.gov.ua/laws/show/2801-12,ok,200,,https://zakon.rada.gov.ua/laws/show/2801-12,,5,2026-10-01T15:29Z,,,,,ok
UKR,source,categories.access.sources[1],https://pis.esoz.gov.ua/faq/de-ya-mozhu-perehlyanuty-svoyi-medychni-dani-e-napravlennya-e-retsepty-toshcho-yaki-zberihayutsya-v-esoz/,ok,200,,https://pis.esoz.gov.ua/faq/de-ya-mozhu-perehlyanuty-svoyi-medychni-dani-e-napravlennya-e-retsepty-toshcho-yaki-zberihayutsya-v-esoz/,,1,2026-10-01T15:29Z,,,,,ok
UKR,source,categories.access.sources[2],https://ehealth.gov.ua/2026/02/11/kabinet-patsiyenta-dlya-ukrayintsiv-teper-dostupna-mozhlyvist-podannya-deklaratsiyi-likaryu-onlajn/,ok,200,,https://ehealth.gov.ua/2026/02/11/kabinet-patsiyenta-dlya-ukrayintsiv-teper-dostupna-mozhlyvist-podannya-deklaratsiyi-likaryu-onlajn/,,1,2026-10-01T15:29Z,,,,,ok
UKR,source,categories.access.sources[3],https://zakon.rada.gov.ua/laws/show/2297-17,ok,200,,https://zakon.rada.gov.ua/laws/show/2297-17,,4,2026-10-01T15:29Z,,,,,ok
UKR,source,categories.control.sources[0],https://zakon.rada.gov.ua/laws/show/2801-12,ok,200,,https://zakon.rada.gov.ua/laws/show/2801-12,,5,2026-10-01T15:29Z,,,,,ok
UKR,source,categories.control.sources[1],https://ehealth.gov.ua/2024/02/29/hto-maye-dostup-do-danyh-patsiyenta-v-esoz/,ok,200,,https://ehealth.gov.ua/2024/02/29/hto-maye-dostup-do-danyh-patsiyenta-v-esoz/,,4,2026-10-01T15:29Z,,,,,ok
UKR,source,categories.control.sources[2],https://www.rbc.ua/rus/news/medichni-dani-ukrayintsiv-hto-mozhe-divitisya-1764940793.html,ok,200,,https://www.rbc.ua/rus/news/medichni-dani-ukrayintsiv-hto-mozhe-divitisya-1764940793.html,,3,2026-10-01T15:29Z,,,,,ok
UKR,source,categories.privacy.sources[0],https://zakon.rada.gov.ua/laws/show/2297-17,ok,200,,https://zakon.rada.gov.ua/laws/show/2297-17,,4,2026-10-01T15:29Z,,,,,ok
UKR,source,categories.privacy.sources[1],https://itd.rada.gov.ua/billinfo/Bills/Card/40707,ok,200,,https://itd.rada.gov.ua/billinfo/Bills/Card/40707,,1,2026-10-01T15:29Z,,,,,ok
UKR,source,categories.privacy.sources[2],https://lb.ua/health/2026/04/23/734385_oprilyudnili_perelik_medichnih.html,dead,404,,https://lb.ua/health/2026/04/23/734385_oprilyudnili_perelik_medichnih.html,,3,2026-10-01T15:29Z,ok,200,,2026-10-01T15:46Z,ok
UKR,source,categories.privacy.sources[3],https://www.rbc.ua/rus/news/medichni-dani-ukrayintsiv-hto-mozhe-divitisya-1764940793.html,ok,200,,https://www.rbc.ua/rus/news/medichni-dani-ukrayintsiv-hto-mozhe-divitisya-1764940793.html,,3,2026-10-01T15:29Z,,,,,ok
UKR,source,categories.commercial.sources[0],https://zakon.rada.gov.ua/laws/show/2297-17,ok,200,,https://zakon.rada.gov.ua/laws/show/2297-17,,4,2026-10-01T15:29Z,,,,,ok
UKR,source,categories.commercial.sources[1],https://forbes.ua/innovations/peretvoriti-patsientiv-na-pidpisnikiv-medichniy-servis-helsi-robit-platnoyu-shi-rozshifrovku-analiziv-u-rozrobku-yakoi-vklala-400-000-yak-kompaniya-monetizue-29-mln-koristuvachiv-04072025-31016,ok,200,,https://forbes.ua/innovations/peretvoriti-patsientiv-na-pidpisnikiv-medichniy-servis-helsi-robit-platnoyu-shi-rozshifrovku-analiziv-u-rozrobku-yakoi-vklala-400-000-yak-kompaniya-monetizue-29-mln-koristuvachiv-04072025-31016,,1,2026-10-01T15:29Z,,,,,ok
UKR,source,categories.journey.sources[0],https://ehealth.gov.ua/2026/03/13/reyestr-patsiyentiv-esoz-nalichuye-ponad-34-5-miljony-aktyvnyh-zapysiv-yaki-mozhlyvosti-dostupni-dlya-patsiyenta/,ok,200,,https://ehealth.gov.ua/2026/03/13/reyestr-patsiyentiv-esoz-nalichuye-ponad-34-5-miljony-aktyvnyh-zapysiv-yaki-mozhlyvosti-dostupni-dlya-patsiyenta/,,1,2026-10-01T15:29Z,,,,,ok
UKR,source,categories.journey.sources[1],https://ehealth.gov.ua/2026/05/14/v-esoz-stvoreno-ponad-111-miljoniv-e-retseptiv/,ok,200,,https://ehealth.gov.ua/2026/05/14/v-esoz-stvoreno-ponad-111-miljoniv-e-retseptiv/,,1,2026-10-01T15:29Z,,,,,ok
UKR,source,categories.journey.sources[2],https://ehealth.gov.ua/2024/02/29/hto-maye-dostup-do-danyh-patsiyenta-v-esoz/,ok,200,,https://ehealth.gov.ua/2024/02/29/hto-maye-dostup-do-danyh-patsiyenta-v-esoz/,,4,2026-10-01T15:29Z,,,,,ok
UKR,source,categories.journey.sources[3],https://lb.ua/health/2026/04/23/734385_oprilyudnili_perelik_medichnih.html,dead,404,,https://lb.ua/health/2026/04/23/734385_oprilyudnili_perelik_medichnih.html,,3,2026-10-01T15:29Z,ok,200,,2026-10-01T15:46Z,ok
UKR,source,categories.clinical.sources[0],https://ehealth.gov.ua/2024/02/29/hto-maye-dostup-do-danyh-patsiyenta-v-esoz/,ok,200,,https://ehealth.gov.ua/2024/02/29/hto-maye-dostup-do-danyh-patsiyenta-v-esoz/,,4,2026-10-01T15:29Z,,,,,ok
UKR,source,categories.clinical.sources[1],https://zakon.rada.gov.ua/laws/show/2801-12,ok,200,,https://zakon.rada.gov.ua/laws/show/2801-12,,5,2026-10-01T15:29Z,,,,,ok
UKR,source,categories.research.sources[0],https://zakon.rada.gov.ua/laws/show/2801-12,ok,200,,https://zakon.rada.gov.ua/laws/show/2801-12,,5,2026-10-01T15:29Z,,,,,ok
UKR,source,categories.research.sources[1],https://ehealth.gov.ua/2024/02/29/hto-maye-dostup-do-danyh-patsiyenta-v-esoz/,ok,200,,https://ehealth.gov.ua/2024/02/29/hto-maye-dostup-do-danyh-patsiyenta-v-esoz/,,4,2026-10-01T15:29Z,,,,,ok
UKR,source,categories.research.sources[2],https://health.ec.europa.eu/ehealth-digital-health-and-care/european-health-data-space-regulation-ehds_en,ok,200,,https://health.ec.europa.eu/ehealth-digital-health-and-care/european-health-data-space-regulation-ehds_en,,31,2026-10-01T15:29Z,,,,,ok
UKR,source,categories.ai.sources[0],https://zakon.rada.gov.ua/laws/show/759-2026-%D0%BF,ok,200,,https://zakon.rada.gov.ua/laws/show/759-2026-%D0%BF,,2,2026-10-01T15:29Z,,,,,ok
UKR,source,categories.ai.sources[1],https://www.dls.gov.ua/for_subject/%D0%B7%D0%B0%D1%82%D0%B2%D0%B5%D1%80%D0%B4%D0%B6%D0%B5%D0%BD%D0%BD%D1%8F-%D0%BD%D0%BE%D0%B2%D0%B8%D1%85-%D1%82%D0%B5%D1%85%D0%BD%D1%96%D1%87%D0%BD%D0%B8%D1%85-%D1%80%D0%B5%D0%B3%D0%BB%D0%B0%D0%BC/,ok,200,,https://www.dls.gov.ua/for_subject/%D0%B7%D0%B0%D1%82%D0%B2%D0%B5%D1%80%D0%B4%D0%B6%D0%B5%D0%BD%D0%BD%D1%8F-%D0%BD%D0%BE%D0%B2%D0%B8%D1%85-%D1%82%D0%B5%D1%85%D0%BD%D1%96%D1%87%D0%BD%D0%B8%D1%85-%D1%80%D0%B5%D0%B3%D0%BB%D0%B0%D0%BC/,,2,2026-10-01T15:29Z,,,,,ok
UKR,source,categories.ai.sources[2],https://7eminar.ua/news/23759-moz-805-opitanix-medikiv-uze-vikoristovuyut-si-u-roboti,ok,200,,https://7eminar.ua/news/23759-moz-805-opitanix-medikiv-uze-vikoristovuyut-si-u-roboti,,1,2026-10-01T15:29Z,,,,,ok
UKR,law,laws[0],https://zakon.rada.gov.ua/laws/show/2801-12,ok,200,,https://zakon.rada.gov.ua/laws/show/2801-12,,5,2026-10-01T15:29Z,,,,,ok
UKR,law,laws[1],https://zakon.rada.gov.ua/laws/show/2297-17,ok,200,,https://zakon.rada.gov.ua/laws/show/2297-17,,4,2026-10-01T15:29Z,,,,,ok
UKR,law,laws[2],https://zakon.rada.gov.ua/laws/show/4497-20,ok,200,,https://zakon.rada.gov.ua/laws/show/4497-20,,1,2026-10-01T15:29Z,,,,,ok
UKR,law,laws[3],https://zakon.rada.gov.ua/laws/show/759-2026-%D0%BF,ok,200,,https://zakon.rada.gov.ua/laws/show/759-2026-%D0%BF,,2,2026-10-01T15:29Z,,,,,ok
UKR,news,news[0],https://www.rbc.ua/rus/news/medichni-dani-ukrayintsiv-hto-mozhe-divitisya-1764940793.html,ok,200,,https://www.rbc.ua/rus/news/medichni-dani-ukrayintsiv-hto-mozhe-divitisya-1764940793.html,,3,2026-10-01T15:29Z,,,,,ok
UKR,news,news[1],https://www.rbc.ua/rus/news/paperiv-i-zatrimok-rishennya-vlk-teper-avtomatichno-1767358976.html,ok,200,,https://www.rbc.ua/rus/news/paperiv-i-zatrimok-rishennya-vlk-teper-avtomatichno-1767358976.html,,1,2026-10-01T15:29Z,,,,,ok
UKR,news,news[2],https://pis.esoz.gov.ua/2026/02/09/kabinet-patsiyenta-dlya-ukrayintsiv-teper-dostupna-mozhlyvist-podannya-deklaratsiyi-likaryu-onlayn/,ok,200,,https://pis.esoz.gov.ua/2026/02/09/kabinet-patsiyenta-dlya-ukrayintsiv-teper-dostupna-mozhlyvist-podannya-deklaratsiyi-likaryu-onlayn/,,1,2026-10-01T15:29Z,,,,,ok
UKR,news,news[3],https://lb.ua/health/2026/04/23/734385_oprilyudnili_perelik_medichnih.html,dead,404,,https://lb.ua/health/2026/04/23/734385_oprilyudnili_perelik_medichnih.html,,3,2026-10-01T15:29Z,ok,200,,2026-10-01T15:46Z,ok
UKR,news,news[4],https://www.dls.gov.ua/for_subject/%D0%B7%D0%B0%D1%82%D0%B2%D0%B5%D1%80%D0%B4%D0%B6%D0%B5%D0%BD%D0%BD%D1%8F-%D0%BD%D0%BE%D0%B2%D0%B8%D1%85-%D1%82%D0%B5%D1%85%D0%BD%D1%96%D1%87%D0%BD%D0%B8%D1%85-%D1%80%D0%B5%D0%B3%D0%BB%D0%B0%D0%BC/,ok,200,,https://www.dls.gov.ua/for_subject/%D0%B7%D0%B0%D1%82%D0%B2%D0%B5%D1%80%D0%B4%D0%B6%D0%B5%D0%BD%D0%BD%D1%8F-%D0%BD%D0%BE%D0%B2%D0%B8%D1%85-%D1%82%D0%B5%D1%85%D0%BD%D1%96%D1%87%D0%BD%D0%B8%D1%85-%D1%80%D0%B5%D0%B3%D0%BB%D0%B0%D0%BC/,,2,2026-10-01T15:29Z,,,,,ok
USA,source,categories.access.sources[0],https://www.ecfr.gov/current/title-45/subtitle-A/subchapter-C/part-164/subpart-E/section-164.524,ok,200,,https://www.ecfr.gov/current/title-45/subtitle-A/subchapter-C/part-164/subpart-E/section-164.524,,2,2026-10-01T15:29Z,,,,,ok
USA,source,categories.access.sources[1],https://www.ecfr.gov/current/title-45/subtitle-A/subchapter-C/part-164/subpart-E/section-164.501,ok,200,,https://www.ecfr.gov/current/title-45/subtitle-A/subchapter-C/part-164/subpart-E/section-164.501,,1,2026-10-01T15:29Z,,,,,ok
USA,source,categories.access.sources[2],https://www.beckershospitalreview.com/healthcare-information-technology/cybersecurity/ocr-settles-55th-hipaa-right-of-access-case/,blocked_unverified,403,403,https://www.beckershospitalreview.com/healthcare-information-technology/cybersecurity/ocr-settles-55th-hipaa-right-of-access-case/,,2,2026-10-01T15:29Z,blocked_unverified,403,,2026-10-01T15:46Z,blocked_unverified
USA,source,categories.access.sources[3],https://www.ncbi.nlm.nih.gov/books/NBK616185/,ok,200,,https://www.ncbi.nlm.nih.gov/books/NBK616185/,,1,2026-10-01T15:29Z,,,,,ok
USA,source,categories.control.sources[0],https://www.ecfr.gov/current/title-45/subtitle-A/subchapter-C/part-164/subpart-E/section-164.506,ok,200,,https://www.ecfr.gov/current/title-45/subtitle-A/subchapter-C/part-164/subpart-E/section-164.506,,1,2026-10-01T15:29Z,,,,,ok
USA,source,categories.control.sources[1],https://www.ecfr.gov/current/title-45/subtitle-A/subchapter-C/part-164/subpart-E/section-164.522,ok,200,,https://www.ecfr.gov/current/title-45/subtitle-A/subchapter-C/part-164/subpart-E/section-164.522,,1,2026-10-01T15:29Z,,,,,ok
USA,source,categories.control.sources[2],https://www.ecfr.gov/current/title-45/subtitle-A/subchapter-C/part-164/subpart-E/section-164.528,server_error,503,503,https://www.ecfr.gov/current/title-45/subtitle-A/subchapter-C/part-164/subpart-E/section-164.528,,1,2026-10-01T15:29Z,ok,200,,2026-10-01T15:46Z,ok
USA,source,categories.control.sources[3],https://www.federalregister.gov/documents/2024/02/16/2024-02544/confidentiality-of-substance-use-disorder-ud-patient-records,ok,200,,https://www.federalregister.gov/documents/2024/02/16/2024-02544/confidentiality-of-substance-use-disorder-sud-patient-records,,3,2026-10-01T15:29Z,,,,,ok
USA,source,categories.privacy.sources[0],https://www.hipaajournal.com/healthcare-data-breach-statistics/,ok,200,,https://www.hipaajournal.com/healthcare-data-breach-statistics/,,1,2026-10-01T15:29Z,,,,,ok
USA,source,categories.privacy.sources[1],https://www.dwt.com/blogs/privacy--security-law-blog/2026/07/hhs-updates-hipaa-rulemaking-timeframes,ok,200,,https://www.dwt.com/blogs/privacy--security-law-blog/2026/07/hhs-updates-hipaa-rulemaking-timeframes,,2,2026-10-01T15:29Z,,,,,ok
USA,source,categories.privacy.sources[2],https://hipaasimple.com/news/hipaa-security-rule-pushed-to-july-2027-privacy-rule-still-pending/,ok,200,,https://hipaasimple.com/news/hipaa-security-rule-pushed-to-july-2027-privacy-rule-still-pending/,,1,2026-10-01T15:29Z,,,,,ok
USA,source,categories.privacy.sources[3],https://www.morganlewis.com/blogs/mlbenebits/2025/06/reproductive-healthcare-privacy-final-rule-vacated-by-texas-court,ok,200,,https://www.morganlewis.com/blogs/mlbenebits/2025/06/reproductive-healthcare-privacy-final-rule-vacated-by-texas-court,,1,2026-10-01T15:29Z,,,,,ok
USA,source,categories.commercial.sources[0],https://www.ecfr.gov/current/title-45/subtitle-A/subchapter-C/part-164/subpart-E/section-164.508,ok,200,,https://www.ecfr.gov/current/title-45/subtitle-A/subchapter-C/part-164/subpart-E/section-164.508,,1,2026-10-01T15:29Z,,,,,ok
USA,source,categories.commercial.sources[1],https://www.ecfr.gov/current/title-45/subtitle-A/subchapter-C/part-164/subpart-E/section-164.514,ok,200,,https://www.ecfr.gov/current/title-45/subtitle-A/subchapter-C/part-164/subpart-E/section-164.514,,2,2026-10-01T15:29Z,,,,,ok
USA,source,categories.commercial.sources[2],https://www.ftc.gov/news-events/news/press-releases/2024/04/ftc-finalizes-changes-health-breach-notification-rule,ok,200,,https://www.ftc.gov/news-events/news/press-releases/2024/04/ftc-finalizes-changes-health-breach-notification-rule,,2,2026-10-01T15:29Z,,,,,ok
USA,source,categories.commercial.sources[3],https://www.wilmerhale.com/en/insights/blogs/wilmerhale-privacy-and-cybersecurity-law/20250220-first-lawsuit-filed-under-washingtons-my-health-my-data-act,ok,200,,https://www.wilmerhale.com/en/insights/blogs/wilmerhale-privacy-and-cybersecurity-law/20250220-first-lawsuit-filed-under-washingtons-my-health-my-data-act,,2,2026-10-01T15:29Z,,,,,ok
USA,source,categories.journey.sources[0],https://www.aha.org/news/headline/2026-06-26-hhs-announces-new-tefca-oversight-efforts-growth-records-exchanged,ok,200,,https://www.aha.org/news/headline/2026-06-26-hhs-announces-new-tefca-oversight-efforts-growth-records-exchanged,,3,2026-10-01T15:29Z,,,,,ok
USA,source,categories.journey.sources[1],https://www.ncbi.nlm.nih.gov/books/NBK606033/,ok,200,,https://www.ncbi.nlm.nih.gov/books/NBK606033/,,2,2026-10-01T15:29Z,,,,,ok
USA,source,categories.journey.sources[2],https://www.healthit.gov/wp-content/uploads/2025/07/2024-AHA-Public-Health-DB78_508.pdf,ok,200,,https://www.healthit.gov/wp-content/uploads/2025/07/2024-AHA-Public-Health-DB78_508.pdf,,1,2026-10-01T15:29Z,,,,,ok
USA,source,categories.journey.sources[3],https://www.cms.gov/newsroom/fact-sheets/cms-interoperability-prior-authorization-final-rule-cms-0057-f,blocked_unverified,403,403,https://www.cms.gov/newsroom/fact-sheets/cms-interoperability-prior-authorization-final-rule-cms-0057-f,,2,2026-10-01T15:29Z,blocked_unverified,403,,2026-10-01T15:46Z,blocked_unverified
USA,source,categories.clinical.sources[0],https://www.ncbi.nlm.nih.gov/books/NBK606033/,ok,200,,https://www.ncbi.nlm.nih.gov/books/NBK606033/,,2,2026-10-01T15:29Z,,,,,ok
USA,source,categories.clinical.sources[1],https://www.hklaw.com/en/insights/publications/2026/02/the-wait-is-over-information-blocking-enforcement-is-officially-here,ok,200,,https://www.hklaw.com/en/insights/publications/2026/02/the-wait-is-over-information-blocking-enforcement-is-officially-here,,2,2026-10-01T15:29Z,,,,,ok
USA,source,categories.clinical.sources[2],https://www.aha.org/news/headline/2026-06-26-hhs-announces-new-tefca-oversight-efforts-growth-records-exchanged,ok,200,,https://www.aha.org/news/headline/2026-06-26-hhs-announces-new-tefca-oversight-efforts-growth-records-exchanged,,3,2026-10-01T15:29Z,,,,,ok
USA,source,categories.clinical.sources[3],https://surescripts.com/why-surescripts/our-impact/annual-impact-report,ok,200,,https://surescripts.com/why-surescripts/our-impact/annual-impact-report,,1,2026-10-01T15:29Z,,,,,ok
USA,source,categories.research.sources[0],https://www.ecfr.gov/current/title-45/subtitle-A/subchapter-C/part-164/subpart-E/section-164.512,ok,200,,https://www.ecfr.gov/current/title-45/subtitle-A/subchapter-C/part-164/subpart-E/section-164.512,,1,2026-10-01T15:29Z,,,,,ok
USA,source,categories.research.sources[1],https://www.ecfr.gov/current/title-45/subtitle-A/subchapter-C/part-164/subpart-E/section-164.514,ok,200,,https://www.ecfr.gov/current/title-45/subtitle-A/subchapter-C/part-164/subpart-E/section-164.514,,2,2026-10-01T15:29Z,,,,,ok
USA,source,categories.research.sources[2],https://www.federalregister.gov/documents/2024/02/16/2024-02544/confidentiality-of-substance-use-disorder-ud-patient-records,ok,200,,https://www.federalregister.gov/documents/2024/02/16/2024-02544/confidentiality-of-substance-use-disorder-sud-patient-records,,3,2026-10-01T15:29Z,,,,,ok
USA,source,categories.ai.sources[0],https://www.fda.gov/medical-devices/software-medical-device-samd/artificial-intelligence-enabled-medical-devices,ok,200,,https://www.fda.gov/medical-devices/artificial-intelligence-enabled-medical-devices/list-artificial-intelligence-enabled-medical-devices,,1,2026-10-01T15:29Z,,,,,ok
USA,source,categories.ai.sources[1],https://radiologybusiness.com/topics/artificial-intelligence/dozens-new-ai-powered-devices-make-fdas-list-approvals,ok,,200,https://radiologybusiness.com/topics/artificial-intelligence/dozens-new-ai-powered-devices-make-fdas-list-approvals,,1,2026-10-01T15:29Z,,,,,ok
USA,source,categories.ai.sources[2],https://www.ropesgray.com/en/insights/alerts/2024/12/fda-finalizes-guidance-on-predetermined-change-control-plans-for-ai-enabled-device,blocked_unverified,403,403,https://www.ropesgray.com/en/insights/alerts/2024/12/fda-finalizes-guidance-on-predetermined-change-control-plans-for-ai-enabled-device,,1,2026-10-01T15:29Z,blocked_unverified,403,,2026-10-01T15:46Z,blocked_unverified
USA,source,categories.ai.sources[3],https://www.nelsonmullins.com/insights/blogs/ai-task-force/ai/hhs-proposes-rule-to-deregulate-health-it-and-advance-ai-interoperability-hti-5,ok,200,,https://www.nelsonmullins.com/insights/blogs/ai-task-force/ai/hhs-proposes-rule-to-deregulate-health-it-and-advance-ai-interoperability-hti-5,,1,2026-10-01T15:29Z,,,,,ok
USA,law,laws[0],https://www.ecfr.gov/current/title-45/subtitle-A/subchapter-C/part-164/subpart-E/section-164.524,ok,200,,https://www.ecfr.gov/current/title-45/subtitle-A/subchapter-C/part-164/subpart-E/section-164.524,,2,2026-10-01T15:29Z,,,,,ok
USA,law,laws[1],https://www.federalregister.gov/documents/2024/02/16/2024-02544/confidentiality-of-substance-use-disorder-ud-patient-records,ok,200,,https://www.federalregister.gov/documents/2024/02/16/2024-02544/confidentiality-of-substance-use-disorder-sud-patient-records,,3,2026-10-01T15:29Z,,,,,ok
USA,law,laws[2],https://www.ftc.gov/news-events/news/press-releases/2024/04/ftc-finalizes-changes-health-breach-notification-rule,ok,200,,https://www.ftc.gov/news-events/news/press-releases/2024/04/ftc-finalizes-changes-health-breach-notification-rule,,2,2026-10-01T15:29Z,,,,,ok
USA,law,laws[3],https://www.cms.gov/newsroom/fact-sheets/cms-interoperability-prior-authorization-final-rule-cms-0057-f,blocked_unverified,403,403,https://www.cms.gov/newsroom/fact-sheets/cms-interoperability-prior-authorization-final-rule-cms-0057-f,,2,2026-10-01T15:29Z,blocked_unverified,403,,2026-10-01T15:46Z,blocked_unverified
USA,law,laws[4],https://www.wilmerhale.com/en/insights/blogs/wilmerhale-privacy-and-cybersecurity-law/20250220-first-lawsuit-filed-under-washingtons-my-health-my-data-act,ok,200,,https://www.wilmerhale.com/en/insights/blogs/wilmerhale-privacy-and-cybersecurity-law/20250220-first-lawsuit-filed-under-washingtons-my-health-my-data-act,,2,2026-10-01T15:29Z,,,,,ok
USA,law,laws[5],https://law.justia.com/codes/california/code-civ/division-1/part-2-6/chapter-1/section-56-06/,blocked_unverified,403,403,https://law.justia.com/codes/california/code-civ/division-1/part-2-6/chapter-1/section-56-06/,,1,2026-10-01T15:29Z,blocked_unverified,403,,2026-10-01T15:46Z,blocked_unverified
USA,law,laws[6],https://hallrender.com/2025/08/19/new-texas-law-on-ehr-data-localization-and-ai/,ok,200,,https://hallrender.com/2025/08/19/new-texas-law-on-ehr-data-localization-and-ai/,,1,2026-10-01T15:29Z,,,,,ok
USA,news,news[0],https://www.beckershospitalreview.com/healthcare-information-technology/cybersecurity/ocr-settles-55th-hipaa-right-of-access-case/,blocked_unverified,403,403,https://www.beckershospitalreview.com/healthcare-information-technology/cybersecurity/ocr-settles-55th-hipaa-right-of-access-case/,,2,2026-10-01T15:29Z,blocked_unverified,403,,2026-10-01T15:46Z,blocked_unverified
USA,news,news[1],https://www.dwt.com/blogs/privacy--security-law-blog/2026/07/hhs-updates-hipaa-rulemaking-timeframes,ok,200,,https://www.dwt.com/blogs/privacy--security-law-blog/2026/07/hhs-updates-hipaa-rulemaking-timeframes,,2,2026-10-01T15:29Z,,,,,ok
USA,news,news[2],https://www.aha.org/news/headline/2026-06-26-hhs-announces-new-tefca-oversight-efforts-growth-records-exchanged,ok,200,,https://www.aha.org/news/headline/2026-06-26-hhs-announces-new-tefca-oversight-efforts-growth-records-exchanged,,3,2026-10-01T15:29Z,,,,,ok
USA,news,news[3],https://www.healthcaredive.com/news/cms-update-health-tech-ecosystem-data-sharing-interoperability/817205/,ok,403,200,https://www.healthcaredive.com/news/cms-update-health-tech-ecosystem-data-sharing-interoperability/817205/,,1,2026-10-01T15:29Z,,,,,ok
USA,news,news[4],https://www.hklaw.com/en/insights/publications/2026/02/the-wait-is-over-information-blocking-enforcement-is-officially-here,ok,200,,https://www.hklaw.com/en/insights/publications/2026/02/the-wait-is-over-information-blocking-enforcement-is-officially-here,,2,2026-10-01T15:29Z,,,,,ok
VNM,source,categories.access.sources[0],https://english.luatvietnam.vn/law-on-medical-examination-and-treatment-no-15-2023-qh15-242305-doc1.html,ok,200,,https://english.luatvietnam.vn/law-on-medical-examination-and-treatment-no-15-2023-qh15-242305-doc1.html,,4,2026-10-01T15:29Z,,,,,ok
VNM,source,categories.access.sources[1],https://www.vietnam.vn/en/so-suc-khoe-dien-tu-tren-vneid-chinh-thuc-thay-the-so-giay,ok,200,,https://www.vietnam.vn/en/so-suc-khoe-dien-tu-tren-vneid-chinh-thuc-thay-the-so-giay,,4,2026-10-01T15:29Z,,,,,ok
VNM,source,categories.access.sources[2],https://vietnamnews.vn/society/1778307/moh-promotes-preventive-care-through-integrated-electronic-health-records.html,ok,200,,https://vietnamnews.vn/society/1778307/moh-promotes-preventive-care-through-integrated-electronic-health-records.html,,2,2026-10-01T15:29Z,,,,,ok
VNM,source,categories.control.sources[0],https://english.luatvietnam.vn/y-te/decree-102-2025-nd-cp-health-data-management-400071-d1.html,ok,200,,https://english.luatvietnam.vn/y-te/decree-102-2025-nd-cp-health-data-management-400071-d1.html,,3,2026-10-01T15:29Z,,,,,ok
VNM,source,categories.control.sources[1],https://fpf.org/wp-content/uploads/2026/01/January-2026-FPF-Issue-Brief-Making-Sense-of-Vietnams-Latest-Data-Protection-and-Governance-Regime-1.pdf,ok,200,,https://fpf.org/wp-content/uploads/2026/01/January-2026-FPF-Issue-Brief-Making-Sense-of-Vietnams-Latest-Data-Protection-and-Governance-Regime-1.pdf,,6,2026-10-01T15:29Z,,,,,ok
VNM,source,categories.control.sources[2],https://www.dlapiperdataprotection.com/?t=law&c=VN,server_error,521,521,https://www.dlapiperdataprotection.com/?t=law&c=VN,,5,2026-10-01T15:29Z,ok,200,,2026-10-01T15:46Z,ok
VNM,source,categories.privacy.sources[0],https://www.dlapiperdataprotection.com/?t=law&c=VN,server_error,521,521,https://www.dlapiperdataprotection.com/?t=law&c=VN,,5,2026-10-01T15:29Z,ok,200,,2026-10-01T15:46Z,ok
VNM,source,categories.privacy.sources[1],https://fpf.org/wp-content/uploads/2026/01/January-2026-FPF-Issue-Brief-Making-Sense-of-Vietnams-Latest-Data-Protection-and-Governance-Regime-1.pdf,ok,200,,https://fpf.org/wp-content/uploads/2026/01/January-2026-FPF-Issue-Brief-Making-Sense-of-Vietnams-Latest-Data-Protection-and-Governance-Regime-1.pdf,,6,2026-10-01T15:29Z,,,,,ok
VNM,source,categories.commercial.sources[0],https://fpf.org/wp-content/uploads/2026/01/January-2026-FPF-Issue-Brief-Making-Sense-of-Vietnams-Latest-Data-Protection-and-Governance-Regime-1.pdf,ok,200,,https://fpf.org/wp-content/uploads/2026/01/January-2026-FPF-Issue-Brief-Making-Sense-of-Vietnams-Latest-Data-Protection-and-Governance-Regime-1.pdf,,6,2026-10-01T15:29Z,,,,,ok
VNM,source,categories.commercial.sources[1],https://www.dlapiperdataprotection.com/?t=law&c=VN,server_error,521,521,https://www.dlapiperdataprotection.com/?t=law&c=VN,,5,2026-10-01T15:29Z,ok,200,,2026-10-01T15:46Z,ok
VNM,source,categories.journey.sources[0],https://www.vietnam.vn/en/so-co-so-y-te-tham-gia-benh-an-dien-tu-tiep-tuc-tang,ok,200,,https://www.vietnam.vn/en/so-co-so-y-te-tham-gia-benh-an-dien-tu-tiep-tuc-tang,,3,2026-10-01T15:29Z,,,,,ok
VNM,source,categories.journey.sources[1],https://www.vietnam.vn/en/so-suc-khoe-dien-tu-tren-vneid-chinh-thuc-thay-the-so-giay,ok,200,,https://www.vietnam.vn/en/so-suc-khoe-dien-tu-tren-vneid-chinh-thuc-thay-the-so-giay,,4,2026-10-01T15:29Z,,,,,ok
VNM,source,categories.journey.sources[2],https://english.luatvietnam.vn/y-te/decree-102-2025-nd-cp-health-data-management-400071-d1.html,ok,200,,https://english.luatvietnam.vn/y-te/decree-102-2025-nd-cp-health-data-management-400071-d1.html,,3,2026-10-01T15:29Z,,,,,ok
VNM,source,categories.journey.sources[3],https://www.vietnam.vn/en/tang-cuong-lanh-dao-phan-dau-tren-90-nguoi-dan-co-so-suc-khoe-dien-tu,ok,200,,https://www.vietnam.vn/en/tang-cuong-lanh-dao-phan-dau-tren-90-nguoi-dan-co-so-suc-khoe-dien-tu,,1,2026-10-01T15:29Z,,,,,ok
VNM,source,categories.clinical.sources[0],https://www.vietnam.vn/en/so-suc-khoe-dien-tu-tren-vneid-chinh-thuc-thay-the-so-giay,ok,200,,https://www.vietnam.vn/en/so-suc-khoe-dien-tu-tren-vneid-chinh-thuc-thay-the-so-giay,,4,2026-10-01T15:29Z,,,,,ok
VNM,source,categories.clinical.sources[1],https://www.vietnam.vn/en/so-co-so-y-te-tham-gia-benh-an-dien-tu-tiep-tuc-tang,ok,200,,https://www.vietnam.vn/en/so-co-so-y-te-tham-gia-benh-an-dien-tu-tiep-tuc-tang,,3,2026-10-01T15:29Z,,,,,ok
VNM,source,categories.clinical.sources[2],https://english.luatvietnam.vn/law-on-medical-examination-and-treatment-no-15-2023-qh15-242305-doc1.html,ok,200,,https://english.luatvietnam.vn/law-on-medical-examination-and-treatment-no-15-2023-qh15-242305-doc1.html,,4,2026-10-01T15:29Z,,,,,ok
VNM,source,categories.research.sources[0],https://english.luatvietnam.vn/law-on-medical-examination-and-treatment-no-15-2023-qh15-242305-doc1.html,ok,200,,https://english.luatvietnam.vn/law-on-medical-examination-and-treatment-no-15-2023-qh15-242305-doc1.html,,4,2026-10-01T15:29Z,,,,,ok
VNM,source,categories.research.sources[1],https://clinregs.niaid.nih.gov/country/vietnam,ok,200,,https://clinregs.niaid.nih.gov/country/vietnam,,2,2026-10-01T15:29Z,,,,,ok
VNM,source,categories.research.sources[2],https://fpf.org/wp-content/uploads/2026/01/January-2026-FPF-Issue-Brief-Making-Sense-of-Vietnams-Latest-Data-Protection-and-Governance-Regime-1.pdf,ok,200,,https://fpf.org/wp-content/uploads/2026/01/January-2026-FPF-Issue-Brief-Making-Sense-of-Vietnams-Latest-Data-Protection-and-Governance-Regime-1.pdf,,6,2026-10-01T15:29Z,,,,,ok
VNM,source,categories.ai.sources[0],https://www.allenandgledhill.com/vn/vn/perspectives/articles/32668/vnkh-vietnam-s-new-law-on-artificial-intelligence-risk-based-regulatory-framework-in-force-1-march-2026,ok,200,,https://www.allenandgledhill.com/vn/vn/perspectives/articles/32668/vnkh-vietnam-s-new-law-on-artificial-intelligence-risk-based-regulatory-framework-in-force-1-march-2026,,3,2026-10-01T15:29Z,,,,,ok
VNM,law,laws[0],https://english.luatvietnam.vn/law-on-medical-examination-and-treatment-no-15-2023-qh15-242305-doc1.html,ok,200,,https://english.luatvietnam.vn/law-on-medical-examination-and-treatment-no-15-2023-qh15-242305-doc1.html,,4,2026-10-01T15:29Z,,,,,ok
VNM,law,laws[1],https://www.dlapiperdataprotection.com/?t=law&c=VN,server_error,521,521,https://www.dlapiperdataprotection.com/?t=law&c=VN,,5,2026-10-01T15:29Z,ok,200,,2026-10-01T15:46Z,ok
VNM,law,laws[2],https://www.dlapiperdataprotection.com/?t=law&c=VN,server_error,521,521,https://www.dlapiperdataprotection.com/?t=law&c=VN,,5,2026-10-01T15:29Z,ok,200,,2026-10-01T15:46Z,ok
VNM,law,laws[3],https://english.luatvietnam.vn/y-te/decree-102-2025-nd-cp-health-data-management-400071-d1.html,ok,200,,https://english.luatvietnam.vn/y-te/decree-102-2025-nd-cp-health-data-management-400071-d1.html,,3,2026-10-01T15:29Z,,,,,ok
VNM,law,laws[4],https://fpf.org/wp-content/uploads/2026/01/January-2026-FPF-Issue-Brief-Making-Sense-of-Vietnams-Latest-Data-Protection-and-Governance-Regime-1.pdf,ok,200,,https://fpf.org/wp-content/uploads/2026/01/January-2026-FPF-Issue-Brief-Making-Sense-of-Vietnams-Latest-Data-Protection-and-Governance-Regime-1.pdf,,6,2026-10-01T15:29Z,,,,,ok
VNM,law,laws[5],https://www.allenandgledhill.com/vn/vn/perspectives/articles/32668/vnkh-vietnam-s-new-law-on-artificial-intelligence-risk-based-regulatory-framework-in-force-1-march-2026,ok,200,,https://www.allenandgledhill.com/vn/vn/perspectives/articles/32668/vnkh-vietnam-s-new-law-on-artificial-intelligence-risk-based-regulatory-framework-in-force-1-march-2026,,3,2026-10-01T15:29Z,,,,,ok
VNM,law,laws[6],https://clinregs.niaid.nih.gov/country/vietnam,ok,200,,https://clinregs.niaid.nih.gov/country/vietnam,,2,2026-10-01T15:29Z,,,,,ok
VNM,news,news[0],https://fpf.org/wp-content/uploads/2026/01/January-2026-FPF-Issue-Brief-Making-Sense-of-Vietnams-Latest-Data-Protection-and-Governance-Regime-1.pdf,ok,200,,https://fpf.org/wp-content/uploads/2026/01/January-2026-FPF-Issue-Brief-Making-Sense-of-Vietnams-Latest-Data-Protection-and-Governance-Regime-1.pdf,,6,2026-10-01T15:29Z,,,,,ok
VNM,news,news[1],https://www.vietnam.vn/en/so-suc-khoe-dien-tu-tren-vneid-chinh-thuc-thay-the-so-giay,ok,200,,https://www.vietnam.vn/en/so-suc-khoe-dien-tu-tren-vneid-chinh-thuc-thay-the-so-giay,,4,2026-10-01T15:29Z,,,,,ok
VNM,news,news[2],https://vietnamnews.vn/society/1778307/moh-promotes-preventive-care-through-integrated-electronic-health-records.html,ok,200,,https://vietnamnews.vn/society/1778307/moh-promotes-preventive-care-through-integrated-electronic-health-records.html,,2,2026-10-01T15:29Z,,,,,ok
VNM,news,news[3],https://www.allenandgledhill.com/vn/vn/perspectives/articles/32668/vnkh-vietnam-s-new-law-on-artificial-intelligence-risk-based-regulatory-framework-in-force-1-march-2026,ok,200,,https://www.allenandgledhill.com/vn/vn/perspectives/articles/32668/vnkh-vietnam-s-new-law-on-artificial-intelligence-risk-based-regulatory-framework-in-force-1-march-2026,,3,2026-10-01T15:29Z,,,,,ok
VNM,news,news[4],https://www.vietnam.vn/en/so-co-so-y-te-tham-gia-benh-an-dien-tu-tiep-tuc-tang,ok,200,,https://www.vietnam.vn/en/so-co-so-y-te-tham-gia-benh-an-dien-tu-tiep-tuc-tang,,3,2026-10-01T15:29Z,,,,,ok
ZAF,source,categories.access.sources[0],https://popia.co.za/section-23-access-to-personal-information/,ok,200,,https://popia.co.za/section-23-access-to-personal-information/,,1,2026-10-01T15:29Z,,,,,ok
ZAF,source,categories.access.sources[1],https://www.saflii.org/za/legis/consol_act/nha2003147/,ok,403,200,https://www.saflii.org/za/legis/consol_act/nha2003147/,,5,2026-10-01T15:29Z,,,,,ok
ZAF,source,categories.access.sources[2],https://www.health.gov.za/nhi-cd-hs/,ok,200,,https://www.health.gov.za/nhi-cd-hs/,,3,2026-10-01T15:29Z,,,,,ok
ZAF,source,categories.control.sources[0],https://www.saflii.org/za/legis/consol_act/nha2003147/,ok,403,200,https://www.saflii.org/za/legis/consol_act/nha2003147/,,5,2026-10-01T15:29Z,,,,,ok
ZAF,source,categories.control.sources[1],https://popia.co.za/section-32-authorisation-concerning-data-subjects-health-or-sex-life/,ok,200,,https://popia.co.za/section-32-authorisation-concerning-data-subjects-health-or-sex-life/,,3,2026-10-01T15:29Z,,,,,ok
ZAF,source,categories.privacy.sources[0],https://popia.co.za/section-109-administrative-fines/,ok,200,,https://popia.co.za/section-109-administrative-fines/,,1,2026-10-01T15:29Z,,,,,ok
ZAF,source,categories.privacy.sources[1],https://popia.co.za/section-22-notification-of-security-compromises/,ok,200,,https://popia.co.za/section-22-notification-of-security-compromises/,,1,2026-10-01T15:29Z,,,,,ok
ZAF,source,categories.privacy.sources[2],https://www.fasken.com/en/knowledge/2026/04/health-data-under-the-microscope-new-popia-regulations,ok,403,200,https://www.fasken.com/en/knowledge/2026/04/health-data-under-the-microscope-new-popia-regulations,,1,2026-10-01T15:29Z,,,,,ok
ZAF,source,categories.privacy.sources[3],https://www.moonstone.co.za/new-popia-regulations-on-health-information-now-in-force/,ok,200,,https://www.moonstone.co.za/new-popia-regulations-on-health-information-now-in-force/,,4,2026-10-01T15:29Z,,,,,ok
ZAF,source,categories.commercial.sources[0],https://popia.co.za/section-69-direct-marketing-by-means-of-unsolicited-electronic-communications/,ok,200,,https://popia.co.za/section-69-direct-marketing-by-means-of-unsolicited-electronic-communications/,,1,2026-10-01T15:29Z,,,,,ok
ZAF,source,categories.commercial.sources[1],https://popia.co.za/section-32-authorisation-concerning-data-subjects-health-or-sex-life/,ok,200,,https://popia.co.za/section-32-authorisation-concerning-data-subjects-health-or-sex-life/,,3,2026-10-01T15:29Z,,,,,ok
ZAF,source,categories.commercial.sources[2],https://www.moonstone.co.za/new-popia-regulations-on-health-information-now-in-force/,ok,200,,https://www.moonstone.co.za/new-popia-regulations-on-health-information-now-in-force/,,4,2026-10-01T15:29Z,,,,,ok
ZAF,source,categories.journey.sources[0],https://www.sanews.gov.za/south-africa/csir-developing-digital-systems-support-nhi,ok,200,,https://www.sanews.gov.za/south-africa/csir-developing-digital-systems-support-nhi,,1,2026-10-01T15:29Z,,,,,ok
ZAF,source,categories.journey.sources[1],https://globalhealthconnector.com/news/advancing-national-health-interoperability-insights-from-the-south-african-digital-health-projectathon-2026/,blocked_unverified,403,403,https://globalhealthconnector.com/news/advancing-national-health-interoperability-insights-from-the-south-african-digital-health-projectathon-2026/,,2,2026-10-01T15:29Z,blocked_unverified,403,,2026-10-01T15:46Z,blocked_unverified
ZAF,source,categories.journey.sources[2],https://www.thepresidency.gov.za/presidency-statement-national-health-insurance-act-nhi-litigation,ok,200,,https://www.thepresidency.gov.za/presidency-statement-national-health-insurance-act-nhi-litigation,,3,2026-10-01T15:29Z,,,,,ok
ZAF,source,categories.journey.sources[3],https://explain.co.za/2026/05/08/inside-the-nhi-court-battle-and-what-it-means-for-medical-aid/,ok,200,,https://explain.co.za/2026/05/08/inside-the-nhi-court-battle-and-what-it-means-for-medical-aid/,,2,2026-10-01T15:29Z,,,,,ok
ZAF,source,categories.clinical.sources[0],https://www.saflii.org/za/legis/consol_act/nha2003147/,ok,403,200,https://www.saflii.org/za/legis/consol_act/nha2003147/,,5,2026-10-01T15:29Z,,,,,ok
ZAF,source,categories.clinical.sources[1],https://www.health.gov.za/nhi-cd-hs/,ok,200,,https://www.health.gov.za/nhi-cd-hs/,,3,2026-10-01T15:29Z,,,,,ok
ZAF,source,categories.research.sources[0],https://www.saflii.org/za/legis/consol_act/nha2003147/,ok,403,200,https://www.saflii.org/za/legis/consol_act/nha2003147/,,5,2026-10-01T15:29Z,,,,,ok
ZAF,source,categories.research.sources[1],https://www.health.gov.za/nhi-cd-hs/,ok,200,,https://www.health.gov.za/nhi-cd-hs/,,3,2026-10-01T15:29Z,,,,,ok
ZAF,source,categories.ai.sources[0],https://medqair.com/regulatory-news/sahpra-issues-ai-ml-device-requirement/,ok,200,,https://medqair.com/regulatory-news/sahpra-issues-ai-ml-device-requirement/,,2,2026-10-01T15:29Z,,,,,ok
ZAF,source,categories.ai.sources[1],https://www.scielo.org.za/pdf/sajbl/v18n3/01.pdf,ok,200,,https://www.scielo.org.za/pdf/sajbl/v18n3/01.pdf,,1,2026-10-01T15:29Z,,,,,ok
ZAF,law,laws[0],https://popia.co.za/section-32-authorisation-concerning-data-subjects-health-or-sex-life/,ok,200,,https://popia.co.za/section-32-authorisation-concerning-data-subjects-health-or-sex-life/,,3,2026-10-01T15:29Z,,,,,ok
ZAF,law,laws[1],https://www.moonstone.co.za/new-popia-regulations-on-health-information-now-in-force/,ok,200,,https://www.moonstone.co.za/new-popia-regulations-on-health-information-now-in-force/,,4,2026-10-01T15:29Z,,,,,ok
ZAF,law,laws[2],https://www.saflii.org/za/legis/consol_act/nha2003147/,ok,403,200,https://www.saflii.org/za/legis/consol_act/nha2003147/,,5,2026-10-01T15:29Z,,,,,ok
ZAF,law,laws[3],https://www.thepresidency.gov.za/presidency-statement-national-health-insurance-act-nhi-litigation,ok,200,,https://www.thepresidency.gov.za/presidency-statement-national-health-insurance-act-nhi-litigation,,3,2026-10-01T15:29Z,,,,,ok
ZAF,law,laws[4],https://medqair.com/regulatory-news/sahpra-issues-ai-ml-device-requirement/,ok,200,,https://medqair.com/regulatory-news/sahpra-issues-ai-ml-device-requirement/,,2,2026-10-01T15:29Z,,,,,ok
ZAF,news,news[0],https://globalhealthconnector.com/news/advancing-national-health-interoperability-insights-from-the-south-african-digital-health-projectathon-2026/,blocked_unverified,403,403,https://globalhealthconnector.com/news/advancing-national-health-interoperability-insights-from-the-south-african-digital-health-projectathon-2026/,,2,2026-10-01T15:29Z,blocked_unverified,403,,2026-10-01T15:46Z,blocked_unverified
ZAF,news,news[1],https://www.thepresidency.gov.za/presidency-statement-national-health-insurance-act-nhi-litigation,ok,200,,https://www.thepresidency.gov.za/presidency-statement-national-health-insurance-act-nhi-litigation,,3,2026-10-01T15:29Z,,,,,ok
ZAF,news,news[2],https://www.moonstone.co.za/new-popia-regulations-on-health-information-now-in-force/,ok,200,,https://www.moonstone.co.za/new-popia-regulations-on-health-information-now-in-force/,,4,2026-10-01T15:29Z,,,,,ok
ZAF,news,news[3],https://explain.co.za/2026/05/08/inside-the-nhi-court-battle-and-what-it-means-for-medical-aid/,ok,200,,https://explain.co.za/2026/05/08/inside-the-nhi-court-battle-and-what-it-means-for-medical-aid/,,2,2026-10-01T15:29Z,,,,,ok
ZAF,news,news[4],https://www.bizcommunity.com/article/nhi-act-pending-legal-challenges-that-could-alter-sa-healthcare-system-512730a,ok,200,,https://www.bizcommunity.com/article/nhi-act-pending-legal-challenges-that-could-alter-sa-healthcare-system-512730a,,1,2026-10-01T15:29Z,,,,,ok
ALB,source,categories.access.sources[0],https://idp.al/wp-content/uploads/2025/07/ligj-2024-12-19-124.pdf,ok,,200,https://idp.al/wp-content/uploads/2025/07/ligj-2024-12-19-124.pdf,,1,2026-10-02T09:26Z,,,,,ok
ALB,source,categories.access.sources[1],https://www.ishp.gov.al/wp-content/uploads/2015/ligjet/Per-kujdesin-shendetesor-ne-Republiken-e-Shqiperise.pdf,ok,,200,https://www.ishp.gov.al/wp-content/uploads/2015/ligjet/Per-kujdesin-shendetesor-ne-Republiken-e-Shqiperise.pdf,,1,2026-10-02T09:26Z,,,,,ok
ALB,source,categories.access.sources[2],https://rtsh.al/kartela-dhe-rezervimi-per-berjen-e-vaksinave-per-femijet-0-7-vjec-online-tek-e-albania/,ok,,200,https://rtsh.al/kartela-dhe-rezervimi-per-berjen-e-vaksinave-per-femijet-0-7-vjec-online-tek-e-albania/,,1,2026-10-02T09:26Z,,,,,ok
ALB,source,categories.access.sources[3],https://rtsh.al/gjendja-e-sistemit-spitalor-pd-kerkon-interpelance-urgjente-me-ministren-sala/,ok,,200,https://rtsh.al/gjendja-e-sistemit-spitalor-pd-kerkon-interpelance-urgjente-me-ministren-sala/,,1,2026-10-02T09:26Z,,,,,ok
ALB,source,categories.control.sources[0],https://idp.al/wp-content/uploads/2025/07/ligj-2024-12-19-124.pdf,ok,,200,https://idp.al/wp-content/uploads/2025/07/ligj-2024-12-19-124.pdf,,1,2026-10-02T09:26Z,,,,,ok
ALB,source,categories.control.sources[1],https://www.ishp.gov.al/wp-content/uploads/2015/ligjet/Per-kujdesin-shendetesor-ne-Republiken-e-Shqiperise.pdf,ok,,200,https://www.ishp.gov.al/wp-content/uploads/2015/ligjet/Per-kujdesin-shendetesor-ne-Republiken-e-Shqiperise.pdf,,1,2026-10-02T09:26Z,,,,,ok
ALB,source,categories.privacy.sources[0],https://idp.al/wp-content/uploads/2025/07/ligj-2024-12-19-124.pdf,ok,,200,https://idp.al/wp-content/uploads/2025/07/ligj-2024-12-19-124.pdf,,1,2026-10-02T09:26Z,,,,,ok
ALB,source,categories.privacy.sources[1],https://enlargement.ec.europa.eu/document/download/fe9138b7-90fe-4277-a12c-3a03f6d1957f_en?filename=albania-report-2025.pdf,ok,,200,https://enlargement.ec.europa.eu/document/download/fe9138b7-90fe-4277-a12c-3a03f6d1957f_en?filename=albania-report-2025.pdf,,1,2026-10-02T09:26Z,,,,,ok
ALB,source,categories.privacy.sources[2],https://rtsh.al/900-ankesa-per-cenim-te-te-dhenave-personale-ligji-i-ri-ka-shtrenguar-masat/,ok,,200,https://rtsh.al/900-ankesa-per-cenim-te-te-dhenave-personale-ligji-i-ri-ka-shtrenguar-masat/,,1,2026-10-02T09:26Z,,,,,ok
ALB,source,categories.commercial.sources[0],https://idp.al/wp-content/uploads/2025/07/ligj-2024-12-19-124.pdf,ok,,200,https://idp.al/wp-content/uploads/2025/07/ligj-2024-12-19-124.pdf,,1,2026-10-02T09:26Z,,,,,ok
ALB,source,categories.journey.sources[0],https://enlargement.ec.europa.eu/document/download/fe9138b7-90fe-4277-a12c-3a03f6d1957f_en?filename=albania-report-2025.pdf,ok,,200,https://enlargement.ec.europa.eu/document/download/fe9138b7-90fe-4277-a12c-3a03f6d1957f_en?filename=albania-report-2025.pdf,,1,2026-10-02T09:26Z,,,,,ok
ALB,source,categories.journey.sources[1],https://fsdksh.gov.al/nenshkrimi-elektronik-nje-tjeter-element-dhe-standard-i-rendesishem-i-shendetesise-elektronike/,ok,,200,https://fsdksh.gov.al/nenshkrimi-elektronik-nje-tjeter-element-dhe-standard-i-rendesishem-i-shendetesise-elektronike/,,1,2026-10-02T09:26Z,,,,,ok
ALB,source,categories.journey.sources[2],https://rtsh.al/sala-nis-konsultimi-publik-per-krijimin-e-institutit-onkologjik-kombetar-nga-1-gushti-spitalet-publike-funksionojne-elektronikisht/,ok,,200,https://rtsh.al/sala-nis-konsultimi-publik-per-krijimin-e-institutit-onkologjik-kombetar-nga-1-gushti-spitalet-publike-funksionojne-elektronikisht/,,1,2026-10-02T09:26Z,,,,,ok
ALB,source,categories.journey.sources[3],https://rtsh.al/gjendja-e-sistemit-spitalor-pd-kerkon-interpelance-urgjente-me-ministren-sala/,ok,,200,https://rtsh.al/gjendja-e-sistemit-spitalor-pd-kerkon-interpelance-urgjente-me-ministren-sala/,,1,2026-10-02T09:26Z,,,,,ok
ALB,source,categories.clinical.sources[0],https://www.ishp.gov.al/wp-content/uploads/2015/ligjet/Per-kujdesin-shendetesor-ne-Republiken-e-Shqiperise.pdf,ok,,200,https://www.ishp.gov.al/wp-content/uploads/2015/ligjet/Per-kujdesin-shendetesor-ne-Republiken-e-Shqiperise.pdf,,1,2026-10-02T09:26Z,,,,,ok
ALB,source,categories.clinical.sources[1],https://rtsh.al/gjendja-e-sistemit-spitalor-pd-kerkon-interpelance-urgjente-me-ministren-sala/,ok,,200,https://rtsh.al/gjendja-e-sistemit-spitalor-pd-kerkon-interpelance-urgjente-me-ministren-sala/,,1,2026-10-02T09:26Z,,,,,ok
ALB,source,categories.clinical.sources[2],https://rtsh.al/sala-nis-konsultimi-publik-per-krijimin-e-institutit-onkologjik-kombetar-nga-1-gushti-spitalet-publike-funksionojne-elektronikisht/,ok,,200,https://rtsh.al/sala-nis-konsultimi-publik-per-krijimin-e-institutit-onkologjik-kombetar-nga-1-gushti-spitalet-publike-funksionojne-elektronikisht/,,1,2026-10-02T09:26Z,,,,,ok
ALB,source,categories.research.sources[0],https://idp.al/wp-content/uploads/2025/07/ligj-2024-12-19-124.pdf,ok,,200,https://idp.al/wp-content/uploads/2025/07/ligj-2024-12-19-124.pdf,,1,2026-10-02T09:26Z,,,,,ok
ALB,source,categories.ai.sources[0],https://enlargement.ec.europa.eu/document/download/fe9138b7-90fe-4277-a12c-3a03f6d1957f_en?filename=albania-report-2025.pdf,ok,,200,https://enlargement.ec.europa.eu/document/download/fe9138b7-90fe-4277-a12c-3a03f6d1957f_en?filename=albania-report-2025.pdf,,1,2026-10-02T09:26Z,,,,,ok
ALB,source,categories.ai.sources[1],https://rtsh.al/projektligji-i-ri-percakton-rregulla-te-rrepta-per-pajisjet-mjekesore-diagnostikuese-in-vitro/,ok,,200,https://rtsh.al/projektligji-i-ri-percakton-rregulla-te-rrepta-per-pajisjet-mjekesore-diagnostikuese-in-vitro/,,1,2026-10-02T09:26Z,,,,,ok
ALB,source,categories.ai.sources[2],https://rtsh.al/rama-1-mld-euro-per-shendetesine-15-mln-euro-ekstra-per-pacientet-e-onkologjikut-2026-viti-i-ai-ne-mjekesi/,ok,,200,https://rtsh.al/rama-1-mld-euro-per-shendetesine-15-mln-euro-ekstra-per-pacientet-e-onkologjikut-2026-viti-i-ai-ne-mjekesi/,,1,2026-10-02T09:26Z,,,,,ok
ALB,law,laws[0],https://idp.al/wp-content/uploads/2025/07/ligj-2024-12-19-124.pdf,ok,,200,https://idp.al/wp-content/uploads/2025/07/ligj-2024-12-19-124.pdf,,1,2026-10-02T09:26Z,,,,,ok
ALB,law,laws[1],https://www.ishp.gov.al/wp-content/uploads/2015/ligjet/Per-kujdesin-shendetesor-ne-Republiken-e-Shqiperise.pdf,ok,,200,https://www.ishp.gov.al/wp-content/uploads/2015/ligjet/Per-kujdesin-shendetesor-ne-Republiken-e-Shqiperise.pdf,,1,2026-10-02T09:26Z,,,,,ok
ALB,law,laws[2],https://idp.al/wp-content/uploads/2024/01/ligji_9288_koventa-1.pdf,ok,,200,https://idp.al/wp-content/uploads/2024/01/ligji_9288_koventa-1.pdf,,1,2026-10-02T09:26Z,,,,,ok
ALB,law,laws[3],https://idp.al/wp-content/uploads/2024/01/ligji-49-2022.pdf,ok,,200,https://idp.al/wp-content/uploads/2024/01/ligji-49-2022.pdf,,1,2026-10-02T09:26Z,,,,,ok
ALB,news,news[0],https://rtsh.al/rama-1-mld-euro-per-shendetesine-15-mln-euro-ekstra-per-pacientet-e-onkologjikut-2026-viti-i-ai-ne-mjekesi/,ok,,200,https://rtsh.al/rama-1-mld-euro-per-shendetesine-15-mln-euro-ekstra-per-pacientet-e-onkologjikut-2026-viti-i-ai-ne-mjekesi/,,1,2026-10-02T09:26Z,,,,,ok
ALB,news,news[1],https://rtsh.al/ministrja-sala-ne-forumin-per-shendetesine-ne-dubai-hapi-i-radhes-per-shqiperine-ndertimi-i-sistemeve-te-lidhura/,ok,,200,https://rtsh.al/ministrja-sala-ne-forumin-per-shendetesine-ne-dubai-hapi-i-radhes-per-shqiperine-ndertimi-i-sistemeve-te-lidhura/,,1,2026-10-02T09:26Z,,,,,ok
ALB,news,news[2],https://rtsh.al/sala-nis-konsultimi-publik-per-krijimin-e-institutit-onkologjik-kombetar-nga-1-gushti-spitalet-publike-funksionojne-elektronikisht/,ok,,200,https://rtsh.al/sala-nis-konsultimi-publik-per-krijimin-e-institutit-onkologjik-kombetar-nga-1-gushti-spitalet-publike-funksionojne-elektronikisht/,,1,2026-10-02T09:26Z,,,,,ok
ALB,news,news[3],https://rtsh.al/900-ankesa-per-cenim-te-te-dhenave-personale-ligji-i-ri-ka-shtrenguar-masat/,ok,,200,https://rtsh.al/900-ankesa-per-cenim-te-te-dhenave-personale-ligji-i-ri-ka-shtrenguar-masat/,,1,2026-10-02T09:26Z,,,,,ok
ALB,news,news[4],https://rtsh.al/projektligji-i-ri-percakton-rregulla-te-rrepta-per-pajisjet-mjekesore-diagnostikuese-in-vitro/,ok,,200,https://rtsh.al/projektligji-i-ri-percakton-rregulla-te-rrepta-per-pajisjet-mjekesore-diagnostikuese-in-vitro/,,1,2026-10-02T09:26Z,,,,,ok
IRL,source,categories.access.sources[3],https://www.edpb.europa.eu/sme/be-compliant/respect-individuals-rights_en,ok,,200,https://www.edpb.europa.eu/sme/be-compliant/respect-individuals-rights_en,,1,2026-10-02T10:18Z,,,,,ok
IRL,source,categories.control.sources[2],https://www.irishstatutebook.ie/eli/isbc/2026_10.html,ok,,200,https://www.irishstatutebook.ie/eli/isbc/2026_10.html,,1,2026-10-02T10:18Z,,,,,ok
