iso3,country,category,score,source_title,source_url,source_date
FIN,Finland,access,76,Kantaan tallentuvat tiedot näkyvät OmaKannassa (Kanta.fi),https://www.kanta.fi/tiedot-kannassa,2026-05-21
FIN,Finland,access,76,Tilastot (Kanta.fi),https://www.kanta.fi/tilastot,2026-06-10
FIN,Finland,access,76,Näin pyydät sinusta tallennettuja tietoja (Kanta.fi),https://www.kanta.fi/nain-pyydat-tietojasi,2026-03-19
FIN,Finland,access,76,Kantaan liitetyt hyvinvointisovellukset (Kanta.fi),https://www.kanta.fi/kantaan-liitetyt-hyvinvointisovellukset,2026-01-29
FIN,Finland,control,74,"Laki sosiaali- ja terveydenhuollon asiakastietojen käsittelystä 703/2023 (Finlex, säädöskokoelma PDF)",https://www.finlex.fi/api/media/statute/691372/mainPdf/main.pdf?timestamp=2023-04-13T21%3A00%3A00.000Z,2023-04-14
FIN,Finland,control,74,Potilastietojen luvat ja kiellot (Kanta.fi),https://www.kanta.fi/potilastietojen-luvat-ja-kiellot,2025-11-12
FIN,Finland,control,74,"Näin tarkistat, missä tietojasi on käsitelty (Kanta.fi)",https://www.kanta.fi/nain-tarkistat-missa-tietojasi-on-kasitelty,2026-02-13
FIN,Finland,control,74,Näin pyydät sinusta tallennettuja tietoja (Kanta.fi),https://www.kanta.fi/nain-pyydat-tietojasi,2026-03-19
FIN,Finland,privacy,62,Tietosuojarikkomuksista määrättävät seuraamusmaksut koskemaan myös julkista sektoria (Valtioneuvosto),https://valtioneuvosto.fi/-/1410853/tietosuojarikkomuksista-maarattavat-seuraamusmaksut-koskemaan-myos-julkista-sektoria,2026-04-09
FIN,Finland,privacy,62,Apulaistietosuojavaltuutettu: hyvinvointialueella puutteita potilastietojen käytön valvonnassa (Tietosuojavaltuutetun toimisto),https://tietosuoja.fi/-/apulaistietosuojavaltuutettu-hyvinvointialueella-puutteita-potilastietojen-kayton-valvonnassa,2026-03-04
FIN,Finland,privacy,62,Hallinto-oikeudelta päätös Yliopiston Apteekille määrätystä seuraamusmaksusta (Tietosuojavaltuutetun toimisto),https://tietosuoja.fi/-/hallinto-oikeudelta-paatos-yliopiston-apteekille-maaratysta-seuraamusmaksusta-lakiuudistus-julkisen-sektorin-seuraamusmaksuista-lisaisi-yhdenmukaisuutta,2026-06-02
FIN,Finland,privacy,62,Kova tuomio vie Vastaamo-hakkeri Aleksanteri Kivimäen takaisin vankilaan (Yle),https://yle.fi/a/74-20211792,2026-02-26
FIN,Finland,journey,82,Tilastot (Kanta.fi),https://www.kanta.fi/tilastot,2026-06-10
FIN,Finland,journey,82,"Tietojen luovuttaminen sosiaali- ja terveydenhuollossa (Kanta.fi, ammattilaiset)",https://www.kanta.fi/ammattilaiset/tietojen-luovuttaminen-ja-valittaminen,2026-04-21
FIN,Finland,journey,82,Informationsgången är kärnan i reformen av apoteksverksamheten (Valtioneuvosto),https://valtioneuvosto.fi/sv/-/1271139/informationsgangen-ar-karnan-i-reformen-av-apoteksverksamheten?languageId=fi_FI,2026-02-13
FIN,Finland,journey,82,Kanta services in 2026: Developing Kanta data to better aid the work of professionals (Kanta.fi),https://www.kanta.fi/en/ajankohtaista/kanta-services-in-2026-developing-kanta-data-to-better-aid-the-work-of-professionals,2026-01-19
FIN,Finland,commercial,68,Lainsäädäntö (Findata),https://findata.fi/palvelut-ja-ohjeet/lainsaadanto/,2026-09-01
FIN,Finland,commercial,68,Oikeudet tietoihisi (Findata),https://findata.fi/tietoa-findatasta/oikeudet-tietoihisi/,2026-09-18
FIN,Finland,commercial,68,Vuosikatsaus 2025 (Findata),https://findata.fi/tietoa-findatasta/vuosikatsaus-2025/,2026-03-17
FIN,Finland,commercial,68,Hallinto-oikeudelta päätös Yliopiston Apteekille määrätystä seuraamusmaksusta (Tietosuojavaltuutetun toimisto),https://tietosuoja.fi/-/hallinto-oikeudelta-paatos-yliopiston-apteekille-maaratysta-seuraamusmaksusta-lakiuudistus-julkisen-sektorin-seuraamusmaksuista-lisaisi-yhdenmukaisuutta,2026-06-02
FIN,Finland,clinical,76,"Laki sosiaali- ja terveydenhuollon asiakastietojen käsittelystä 703/2023 (Finlex, säädöskokoelma PDF)",https://www.finlex.fi/api/media/statute/691372/mainPdf/main.pdf?timestamp=2023-04-13T21%3A00%3A00.000Z,2023-04-14
FIN,Finland,clinical,76,Potilastietojen luvat ja kiellot (Kanta.fi),https://www.kanta.fi/potilastietojen-luvat-ja-kiellot,2025-11-12
FIN,Finland,clinical,76,Reseptitietojen luvat ja kiellot (Kanta.fi),https://www.kanta.fi/reseptitietojen-luvat-ja-kiellot,undated
FIN,Finland,clinical,76,"Tietojen luovuttaminen sosiaali- ja terveydenhuollossa (Kanta.fi, ammattilaiset)",https://www.kanta.fi/ammattilaiset/tietojen-luovuttaminen-ja-valittaminen,2026-04-21
FIN,Finland,research,58,Lainsäädäntö (Findata),https://findata.fi/palvelut-ja-ohjeet/lainsaadanto/,2026-09-01
FIN,Finland,research,58,Vuosikatsaus 2025 (Findata),https://findata.fi/tietoa-findatasta/vuosikatsaus-2025/,2026-03-17
FIN,Finland,research,58,Tietojen käyttö tutkimuksessa (Kanta.fi),https://www.kanta.fi/tietojen-kaytto-tutkimuksessa,2026-05-25
FIN,Finland,research,58,Findata supports many of the solutions proposed for the national implementation of the EHDS (Findata),https://findata.fi/en/news/findata-supports-many-of-the-solutions-proposed-for-the-national-implementation-of-the-ehds/,2026-08-14
FIN,Finland,ai,50,Tekoälyn käyttö lääkinnällisissä laitteissa (Fimea),https://fimea.fi/laakinnalliset_laitteet/tekoalyn-kaytto-laakinnallisissa-laitteissa,undated
FIN,Finland,ai,50,Uudet säännöt vahvistavat luottamusta tekoälyyn Euroopassa (Traficom),https://traficom.fi/fi/uutiset/uudet-saannot-vahvistavat-luottamusta-tekoalyyn-euroopassa,2026-01-07
FIN,Finland,ai,50,Laki eräiden tekoälyjärjestelmien valvonnasta 1377/2025 (Finlex),https://www.finlex.fi/fi/lainsaadanto/saadoskokoelma/2025/1377,2025
FIN,Finland,ai,50,Digital Omnibus on AI has been published (Cuatrecasas),https://www.cuatrecasas.com/en/global/intellectual-property/art/digital-omnibus-ai-has-been-published,2026-07-24
DNK,Denmark,access,78,Adgang til egen sundhedsjournal (Indenrigs- og Sundhedsministeriet),https://www.ism.dk/sundhed/patientrettigheder/adgang-til-egen-sundhedsjournal,2024-09-23
DNK,Denmark,access,78,"Bekendtgørelse af sundhedsloven, LBK nr. 275 af 12. marts 2025 (Retsinformation)",https://www.retsinformation.dk/eli/lta/2025/275,2025-03-12
DNK,Denmark,access,78,"2026 Digital Decade eHealth Indicator Study, final report (European Commission)",https://data.europa.eu/doi/10.2759/1486195,2026-06-17
DNK,Denmark,access,78,Millioner har deres sundhedsdata i lommen: Danskerne har taget MinSundhed-appen til sig (sundhed.dk via Ritzau),https://via.ritzau.dk/pressemeddelelse/14744026/millioner-har-deres-sundhedsdata-i-lommen-danskerne-har-taget-minsundhed-appen-til-sig?publisherId=10524793&lang=da,2026-01-08
DNK,Denmark,control,70,"Bekendtgørelse af sundhedsloven, LBK nr. 275 af 12. marts 2025 (Retsinformation)",https://www.retsinformation.dk/eli/lta/2025/275,2025-03-12
DNK,Denmark,control,70,"Opslag i patientjournalen, praksissammenfatning (Styrelsen for Patientklager)",https://www.stpk.dk/viden/praksissammenfatninger/opslag-i-patientjournalen/,undated
DNK,Denmark,control,70,Din journal: spørgsmål og svar om opslag i patientjournaler (Region Sjælland),https://www.regionsjaelland.dk/sundhed/digitale-loesninger/din-journal,2025-04-22
DNK,Denmark,privacy,62,Bødesager (Datatilsynet),https://www.datatilsynet.dk/afgoerelser/boedesager,undated
DNK,Denmark,privacy,62,Region Syddanmark frikendt i en sag og idømt bøde i en anden sag om brud på GDPR-reglerne (Region Syddanmark),https://regionsyddanmark.dk/om-region-syddanmark/presse-og-nyheder/nyhedsarkiv/2026/marts-2026/region-syddanmark-frikendt-i-en-sag-og-idomt-bode-i-en-anden-sag-om-brud-pa-gdpr-reglerne,2026-03-23
DNK,Denmark,privacy,62,Stort antal borgere får besked om databrud (Region Midtjylland via Ritzau),https://via.ritzau.dk/pressemeddelelse/14290783/stort-antal-borgere-far-besked-om-databrud?publisherId=13561276&lang=da,2025-03-04
DNK,Denmark,privacy,62,AI har haft adgang til over 100.000 beskeder med fortrolig data om danske patienter (Radar/Ingeniøren),https://radar.dk/artikel/ai-har-haft-adgang-til-over-100000-beskeder-med-fortrolig-data-om-danske-patienter-de-overtraeder,2026-09-29
DNK,Denmark,journey,82,Baggrund for Fælles Medicinkort (Sundhedsdatastyrelsen),https://sundhedsdatastyrelsen.dk/digitale-loesninger/faelles-medicinkort/baggrund-og-organisering/baggrund-for-fmk,undated
DNK,Denmark,journey,82,"Opkobling af almen praksis, Sundhedsjournalen (MedCom)",https://medcom.dk/projekter/basisaktiviteter/sundhedsjournalen/opkobling-af-almen-praksis/,2026-07-13
DNK,Denmark,journey,82,"2026 Digital Decade eHealth Indicator Study, final report (European Commission)",https://data.europa.eu/doi/10.2759/1486195,2026-06-17
DNK,Denmark,journey,82,MyHealth@EU (Danish Health Data Authority),https://english.sundhedsdatastyrelsen.dk/health-data-and-registers/european-health-data-space/myhealth@eu,undated
DNK,Denmark,commercial,58,"Bekendtgørelse af sundhedsloven, LBK nr. 275 af 12. marts 2025 (Retsinformation)",https://www.retsinformation.dk/eli/lta/2025/275,2025-03-12
DNK,Denmark,commercial,58,Lov nr. 717 af 20. juni 2025 om ændring af sundhedsloven m.fl. (Retsinformation),https://www.retsinformation.dk/eli/lta/2025/717,2025-06-20
DNK,Denmark,commercial,58,Ansøg om autorisation til Forskermaskinen (Sundhedsdatastyrelsen),https://sundhedsdatastyrelsen.dk/data-og-registre/forskerservice/ansoeg-om-data/autorisation-til-forskermaskinen,undated
DNK,Denmark,commercial,58,European Health Data Space Regulation (European Commission),https://health.ec.europa.eu/ehealth-digital-health-and-care/european-health-data-space-regulation-ehds_en,undated
DNK,Denmark,clinical,78,"Bekendtgørelse af sundhedsloven, LBK nr. 275 af 12. marts 2025 (Retsinformation)",https://www.retsinformation.dk/eli/lta/2025/275,2025-03-12
DNK,Denmark,clinical,78,"Opslag i patientjournalen, praksissammenfatning (Styrelsen for Patientklager)",https://www.stpk.dk/viden/praksissammenfatninger/opslag-i-patientjournalen/,undated
DNK,Denmark,clinical,78,Baggrund for Fælles Medicinkort (Sundhedsdatastyrelsen),https://sundhedsdatastyrelsen.dk/digitale-loesninger/faelles-medicinkort/baggrund-og-organisering/baggrund-for-fmk,undated
DNK,Denmark,clinical,78,PLO'rientering 2/2026: status på deling af journalnotater (Praktiserende Lægers Organisation),https://laeger.dk/foreninger/plo/plorientering/plorientering-22026,2026-01-30
DNK,Denmark,research,49,"Bekendtgørelse af sundhedsloven, LBK nr. 275 af 12. marts 2025 (Retsinformation)",https://www.retsinformation.dk/eli/lta/2025/275,2025-03-12
DNK,Denmark,research,49,Brug af data til forskning (Sundhedsdatastyrelsen),https://sundhedsdatastyrelsen.dk/borger/om-sundhedsdata/brug-til-forskning,undated
DNK,Denmark,research,49,Ansøg om autorisation til Forskermaskinen (Sundhedsdatastyrelsen),https://sundhedsdatastyrelsen.dk/data-og-registre/forskerservice/ansoeg-om-data/autorisation-til-forskermaskinen,undated
DNK,Denmark,research,49,Brug af biologisk materiale og genetiske oplysninger (Sundhedsdatastyrelsen),https://sundhedsdatastyrelsen.dk/borger/selvbetjening-og-services/brug-af-vaevsproever,undated
DNK,Denmark,ai,50,AI Omnibus (Digitaliseringsstyrelsen),https://digst.dk/tilsyn/ai-forordningen/ai-omnibus/,undated
DNK,Denmark,ai,50,Tilsyn med AI-forordningen (Digitaliseringsstyrelsen),https://digst.dk/tilsyn/ai-forordningen/tilsyn-med-ai-forordningen/,undated
DNK,Denmark,ai,50,Digital sundhedsfaglig behandling: ansvar og pligter (Styrelsen for Patientsikkerhed),https://stps.dk/sundhedsfaglig/ansvar-og-retningslinjer/sundhedsfaglig-vejledning/digital-sundhedsfaglig-behandling,undated
EST,Estonia,access,80,"Tervishoiuteenuste korraldamise seadus (Health Services Organisation Act), consolidated text from 01.10.2026, sections 59¹ to 59³",https://www.riigiteataja.ee/akt/130062026132,2026-06-30
EST,Estonia,access,80,"Tervise infosüsteemi põhimäärus (Government Regulation No. 138 on the health information system), sections 16 to 21",https://www.riigiteataja.ee/akt/128032026002,2026-03-28
EST,Estonia,access,80,Kontaktid ja korduma kippuvad küsimused (Terviseportaal),https://www.terviseportaal.ee/kontaktid-ja-kkk,undated
EST,Estonia,access,80,"Individuals, internet activities: accessing personal health records online (Eurostat dataset isoc_ci_ac_i, 2024)",https://ec.europa.eu/eurostat/databrowser/view/isoc_ci_ac_i/default/table,undated
EST,Estonia,control,68,"Tervishoiuteenuste korraldamise seadus, consolidated text from 01.10.2026, sections 4¹(1), 59²(1), 59³",https://www.riigiteataja.ee/akt/130062026132,2026-06-30
EST,Estonia,control,68,Terviseportaali KKK (TEHIK),https://www.tehik.ee/terviseportaali-kkk,undated
EST,Estonia,control,68,"Tervishoid, KKK (Andmekaitse Inspektsioon)",https://www.aki.ee/isikuandmed/kkk/tervishoid,2026-03-20
EST,Estonia,control,68,Social minister butts heads with doctors over doctor-patient confidentiality (ERR News),https://news.err.ee/1610151619/social-minister-butts-heads-with-doctors-over-doctor-patient-confidentiality,2026-09-30
EST,Estonia,privacy,55,Allium UPI-le määratud 3 miljoni euro suurune trahv oli kohtu hinnangul põhjendatud (Andmekaitse Inspektsioon),https://www.aki.ee/uudised/allium-upi-le-maaratud-3-miljoni-euro-suurune-trahv-oli-kohtu-hinnangul-pohjendatud,2026-09-02
EST,Estonia,privacy,55,Estonian police and ISS say most health data queries are lawful (ERR News),https://news.err.ee/1610104594/estonian-police-and-iss-say-most-health-data-queries-are-lawful,2026-08-07
EST,Estonia,privacy,55,Patient health data leaked from dentists' information system (ERR News),https://news.err.ee/1610127079/patient-health-data-leaked-from-dentists-information-system,2026-09-03
EST,Estonia,privacy,55,"Tervise infosüsteemi põhimäärus (Government Regulation No. 138), section 8",https://www.riigiteataja.ee/akt/128032026002,2026-03-28
EST,Estonia,journey,80,"Tervishoiuteenuste korraldamise seadus, consolidated text from 01.10.2026, sections 59¹ and 59²",https://www.riigiteataja.ee/akt/130062026132,2026-06-30
EST,Estonia,journey,80,"Terviseandmete õigsuse, täpsuse ja ajakohasuse tagamine (Riigikontroll audit)",https://www.riigikontroll.ee/auditiaruanded/terviseandmete-oigsuse-tapsuse-ja-ajakohasuse-tagamine,2025-12-05
EST,Estonia,journey,80,Cross-border data exchange (TEHIK),https://www.tehik.ee/en/cross-border-data-exchange,undated
EST,Estonia,journey,80,Estonia: Country Health Profile 2025 (OECD and European Observatory),https://www.oecd.org/content/dam/oecd/en/publications/reports/2025/12/country-health-profile-2025-country-notes_7e72146d/estonia_8621837c/0eb3b75b-en.pdf,2025-12
EST,Estonia,commercial,58,"Andmepäringud: miks, kellele ja mis tingimustel? (TEHIK Teabekeskus)",https://teabekeskus.tehik.ee/et/andmeparing,2026-04-29
EST,Estonia,commercial,58,2025 andmeväljastused (TEHIK Teabekeskus),https://teabekeskus.tehik.ee/et/andmeparing/2025,undated
EST,Estonia,commercial,58,"Inimgeeniuuringute seadus (Human Genes Research Act), adopted 25.02.2026",https://www.riigiteataja.ee/akt/117032026001,2026-03-17
EST,Estonia,commercial,58,"Tervishoiuteenuste korraldamise seadus, consolidated text from 01.10.2026, section 59³(9) to (15)",https://www.riigiteataja.ee/akt/130062026132,2026-06-30
EST,Estonia,clinical,75,"Tervishoiuteenuste korraldamise seadus, consolidated text from 01.10.2026, sections 4¹(1), 59³",https://www.riigiteataja.ee/akt/130062026132,2026-06-30
EST,Estonia,clinical,75,Estonia plans 7 million upgrade to centralized health specialist dashboard (ERR News),https://news.err.ee/1610059153/estonia-plans-7-million-upgrade-to-centralized-health-specialist-dashboard,2026-06-19
EST,Estonia,clinical,75,Terviseportaali KKK (TEHIK),https://www.tehik.ee/terviseportaali-kkk,undated
EST,Estonia,clinical,75,"Terviseandmete õigsuse, täpsuse ja ajakohasuse tagamine (Riigikontroll audit)",https://www.riigikontroll.ee/auditiaruanded/terviseandmete-oigsuse-tapsuse-ja-ajakohasuse-tagamine,2025-12-05
EST,Estonia,research,50,"Isikuandmete kaitse seadus (Personal Data Protection Act), consolidated text from 01.10.2026, section 6",https://www.riigiteataja.ee/akt/130062026052,2026-06-30
EST,Estonia,research,50,"Tervishoiuteenuste korraldamise seadus, consolidated text from 01.10.2026, sections 59³ and 59⁴",https://www.riigiteataja.ee/akt/130062026132,2026-06-30
EST,Estonia,research,50,"Inimgeeniuuringute seadus (Human Genes Research Act), sections 18 and 20",https://www.riigiteataja.ee/akt/117032026001,2026-03-17
EST,Estonia,research,50,2025 andmeväljastused (TEHIK Teabekeskus),https://teabekeskus.tehik.ee/et/andmeparing/2025,undated
EST,Estonia,ai,50,Tehisintellektisüsteemid (Tarbijakaitse ja Tehnilise Järelevalve Amet),https://ttja.ee/ariklient/ohutus/tooted-teenused/tehisintellektisusteemid,undated
EST,Estonia,ai,50,Tähelepanu juhtimine: üldotstarbelise tehisintellekti kasutamine tervishoius (Andmekaitse Inspektsioon),https://www.aki.ee/sites/default/files/documents/2026-06/Tahelepanu%20juhtimine.%20%C3%9Cldotstarbelise%20tehisintellekti%20kasutamine%20tervishoius_0.pdf,2026-05-07
EST,Estonia,ai,50,Seisukohad (Andmekaitse Inspektsioon decisions and opinions list),https://www.aki.ee/kiirelt-katte/aki-otsused/seisukohad,undated
HUN,Hungary,access,72,Lakosság (EESZT Információs portál),https://e-egeszsegugy.gov.hu/en/lakossagi-szolgaltatasok,undated
HUN,Hungary,access,72,"1997. évi CLIV. törvény az egészségügyről, 24. § (Jogtár)",https://net.jogtar.hu/jogszabaly?docid=99700154.tv,undated
HUN,Hungary,access,72,"2025 Country Report Hungary, SWD(2025) 294 final, Part 13/27 (European Commission)",https://ec.europa.eu/newsroom/dae/redirection/document/116912,2025-06-16
HUN,Hungary,access,72,Több millióan használják már az EgészségAblakot (Világgazdaság),https://www.vg.hu/vilaggazdasag-magyar-gazdasag/2025/11/e-egeszsegugy-magyarorszag-egeszsegablak-eeszt-rekord,2025-11-28
HUN,Hungary,control,72,Önrendelkezés (EESZT Információs portál),https://e-egeszsegugy.gov.hu/en/onrendelkezes,undated
HUN,Hungary,control,72,Önrendelkezés: GYIK (EESZT Információs portál),https://e-egeszsegugy.gov.hu/en/onrendelkezes-gyik,undated
HUN,Hungary,control,72,Az önrendelkezési beállítások típusai az EESZT-ben (Tisztességes Adatkezelés),https://www.tisztessegesadatkezeles.org/2025/08/az-onrendelkezesi-beallitasok-tipusai-az-eeszt-ben/,2025-08-09
HUN,Hungary,privacy,62,NAIH-4137-8/2022: döntés egészségügyi dokumentáció másolatának kiadásáról (NAIH),https://www.naih.hu/hatarozatok-vegzesek?download=570%3Aegeszsegugyi-dokumentacio-masolatanak-kiadasa,2022
HUN,Hungary,privacy,62,1997. évi XLVII. törvény (Eüak) (Jogtár),https://net.jogtar.hu/jogszabaly?docid=99700047.tv,undated
HUN,Hungary,privacy,62,Önrendelkezés: GYIK (EESZT Információs portál),https://e-egeszsegugy.gov.hu/en/onrendelkezes-gyik,undated
HUN,Hungary,privacy,62,Analysis of the NAIH 2024 Cases with Fines (DMP),https://dmp.hu/en/data-protection/analysis-of-the-naih-2024-cases-with-fines/,2025-04-22
HUN,Hungary,journey,78,Lakosság (EESZT Információs portál),https://e-egeszsegugy.gov.hu/en/lakossagi-szolgaltatasok,undated
HUN,Hungary,journey,78,"1997. évi XLVII. törvény (Eüak), 36/A. § (Jogtár)",https://net.jogtar.hu/jogszabaly?docid=99700047.tv,undated
HUN,Hungary,journey,78,Bővül az EESZT-ben rögzítendő adatok köre (Jogkövető),https://jogkoveto.hu/tudastar/bovul-az-eeszt-ben-rogzitendo-adatok-kore,2026-07-22
HUN,Hungary,journey,78,Több millióan használják már az EgészségAblakot (Világgazdaság),https://www.vg.hu/vilaggazdasag-magyar-gazdasag/2025/11/e-egeszsegugy-magyarorszag-egeszsegablak-eeszt-rekord,2025-11-28
HUN,Hungary,commercial,55,2023. évi CI. törvény a nemzeti adatvagyon hasznosításáról (Jogtár),https://net.jogtar.hu/jogszabaly?docid=a2300101.tv,undated
HUN,Hungary,commercial,55,"1997. évi XLVII. törvény (Eüak), 35/W. § (Jogtár)",https://net.jogtar.hu/jogszabaly?docid=99700047.tv,undated
HUN,Hungary,commercial,55,European Health Data Space Regulation (European Commission),https://health.ec.europa.eu/ehealth-digital-health-and-care/european-health-data-space-regulation-ehds_en,undated
HUN,Hungary,clinical,76,Önrendelkezés: GYIK (EESZT Információs portál),https://e-egeszsegugy.gov.hu/en/onrendelkezes-gyik,undated
HUN,Hungary,clinical,76,Önrendelkezés (EESZT Információs portál),https://e-egeszsegugy.gov.hu/en/onrendelkezes,undated
HUN,Hungary,clinical,76,"1997. évi XLVII. törvény (Eüak), 3. § (Jogtár)",https://net.jogtar.hu/jogszabaly?docid=99700047.tv,undated
HUN,Hungary,research,47,"1997. évi XLVII. törvény (Eüak), 21/A. § and 35/W. § (Jogtár)",https://net.jogtar.hu/jogszabaly?docid=99700047.tv,undated
HUN,Hungary,research,47,European Health Data Space Regulation (European Commission),https://health.ec.europa.eu/ehealth-digital-health-and-care/european-health-data-space-regulation-ehds_en,undated
HUN,Hungary,ai,54,2025. évi LXXV. törvény az EU MI-rendelet végrehajtásáról (Jogtár),https://net.jogtar.hu/jogszabaly?docid=a2500075.tv,undated
HUN,Hungary,ai,54,Az EU mesterséges intelligencia rendeletének végrehajtása Magyarországon (GDPR blog),https://gdpr.blog.hu/2025/11/05/az_eu_mesterseges_intelligencia_rendeletenek_vegrehajtasa_magyarorszagon,2025-11-05
HUN,Hungary,ai,54,Mesterséges intelligencia: ilyen törvény még nem volt Magyarországon (Világgazdaság),https://www.vg.hu/vilaggazdasag-magyar-gazdasag/2025/11/mesterseges-intelligencia-torveny-magyarorszag-kormany,2025-11-01
SWE,Sweden,access,77,Patientdatalag (2008:355) (Sveriges riksdag),https://www.riksdagen.se/sv/dokument-och-lagar/dokument/svensk-forfattningssamling/patientdatalag-2008355_sfs-2008-355/,undated
SWE,Sweden,access,77,1177 journal (Inera),https://www.inera.se/tjanster/journalen/,undated
SWE,Sweden,access,77,"2026 Digital Decade eHealth Indicator Study, Annex: Country Factsheets (European Commission)",https://op.europa.eu/en/publication-detail/-/publication/53637948-66ce-11f1-9b18-01aa75ed71a1/language-en,2026-06-15
SWE,Sweden,access,77,"Öppen info: 1177 journal, Statistik och användning (Inera)",https://inera.atlassian.net/wiki/spaces/OIJ/pages/442106604,2025-03-04
SWE,Sweden,control,72,Lag (2022:913) om sammanhållen vård- och omsorgsdokumentation (Sveriges riksdag),https://www.riksdagen.se/sv/dokument-och-lagar/dokument/svensk-forfattningssamling/lag-2022913-om-sammanhallen-vard-och_sfs-2022-913/,undated
SWE,Sweden,control,72,Patientdatalag (2008:355) (Sveriges riksdag),https://www.riksdagen.se/sv/dokument-och-lagar/dokument/svensk-forfattningssamling/patientdatalag-2008355_sfs-2008-355/,undated
SWE,Sweden,control,72,Din journal (1177),https://www.1177.se/sa-fungerar-varden/sa-skyddas-och-hanteras-dina-uppgifter/din-journal/,undated
SWE,Sweden,control,72,"Ett första steg i genomförandet av en nationell digital infrastruktur på hälsodataområdet, S2026/01360 (Regeringen)",https://www.regeringen.se/rattsliga-dokument/departementsserien-och-promemorior/2026/06/ett-forsta-steg-i-genomforandet-av-en-nationell-digital-infrastruktur-pa-halsodataomradet/,2026-06-18
SWE,Sweden,privacy,64,Lag (2018:218) med kompletterande bestämmelser till EU:s dataskyddsförordning (Sveriges riksdag),https://www.riksdagen.se/sv/dokument-och-lagar/dokument/svensk-forfattningssamling/lag-2018218-med-kompletterande-bestammelser_sfs-2018-218/,undated
SWE,Sweden,privacy,64,Regioner och sjukhus slipper att betala miljoner i sanktionsavgifter (Läkartidningen),https://lakartidningen.se/nyheter/regioner-och-sjukhus-slipper-att-betala-miljoner-i-sanktionsavgifter/,2022-05-17
SWE,Sweden,privacy,64,Sanktionsavgifter mot Apoteket och Apohem för överföring av personuppgifter till Meta (IMY),https://www.imy.se/nyheter/sanktionsavgifter-mot-apoteket-och-apohem-for-overforing-av-personuppgifter-till-meta/,2024-08-30
SWE,Sweden,privacy,64,Dom: Sjukhus tvingas lämna ut uppgifter om papperslös (Dagens Samhälle),https://www.dagenssamhalle.se/styrning-och-beslut/juridik/dom-sjukhus-tvingas-lamna-ut-uppgifter-om-papperslos/,2026-07-10
SWE,Sweden,journey,66,"NPÖ, Nationell patientöversikt (Inera)",https://www.inera.se/tjanster/nationell-patientoversikt-npo/,undated
SWE,Sweden,journey,66,Följ anslutningen till Nationella läkemedelslistan (E-hälsomyndigheten),https://www.ehalsomyndigheten.se/verksamhet/nationella-lakemedelslistan/folj-anslutningen-till-nationella-lakemedelslistan/,undated
SWE,Sweden,journey,66,"2026 Digital Decade eHealth Indicator Study, Annex: Country Factsheets (European Commission)",https://op.europa.eu/en/publication-detail/-/publication/53637948-66ce-11f1-9b18-01aa75ed71a1/language-en,2026-06-15
SWE,Sweden,journey,66,"Ett första steg i genomförandet av en nationell digital infrastruktur på hälsodataområdet, S2026/01360 (Regeringen)",https://www.regeringen.se/rattsliga-dokument/departementsserien-och-promemorior/2026/06/ett-forsta-steg-i-genomforandet-av-en-nationell-digital-infrastruktur-pa-halsodataomradet/,2026-06-18
SWE,Sweden,commercial,60,Patientdatalag (2008:355) (Sveriges riksdag),https://www.riksdagen.se/sv/dokument-och-lagar/dokument/svensk-forfattningssamling/patientdatalag-2008355_sfs-2008-355/,undated
SWE,Sweden,commercial,60,Lag (1998:543) om hälsodataregister (Sveriges riksdag),https://www.riksdagen.se/sv/dokument-och-lagar/dokument/svensk-forfattningssamling/lag-1998543-om-halsodataregister_sfs-1998-543/,undated
SWE,Sweden,commercial,60,Sekretessprövning hos Socialstyrelsen (Socialstyrelsen),https://bestalladata.socialstyrelsen.se/data-for-forskning/sekretessprovning/,undated
SWE,Sweden,commercial,60,Sanktionsavgifter mot Apoteket och Apohem för överföring av personuppgifter till Meta (IMY),https://www.imy.se/nyheter/sanktionsavgifter-mot-apoteket-och-apohem-for-overforing-av-personuppgifter-till-meta/,2024-08-30
SWE,Sweden,clinical,64,Lag (2022:913) om sammanhållen vård- och omsorgsdokumentation (Sveriges riksdag),https://www.riksdagen.se/sv/dokument-och-lagar/dokument/svensk-forfattningssamling/lag-2022913-om-sammanhallen-vard-och_sfs-2022-913/,undated
SWE,Sweden,clinical,64,"NPÖ, Nationell patientöversikt (Inera)",https://www.inera.se/tjanster/nationell-patientoversikt-npo/,undated
SWE,Sweden,clinical,64,Samtycken och spärrar (E-hälsomyndigheten),https://www.ehalsomyndigheten.se/verksamhet/nationella-lakemedelslistan/samtycken-och-sparrar/,undated
SWE,Sweden,clinical,64,"Ett första steg i genomförandet av en nationell digital infrastruktur på hälsodataområdet, S2026/01360 (Regeringen)",https://www.regeringen.se/rattsliga-dokument/departementsserien-och-promemorior/2026/06/ett-forsta-steg-i-genomforandet-av-en-nationell-digital-infrastruktur-pa-halsodataomradet/,2026-06-18
SWE,Sweden,research,49,Lag (1998:543) om hälsodataregister (Sveriges riksdag),https://www.riksdagen.se/sv/dokument-och-lagar/dokument/svensk-forfattningssamling/lag-1998543-om-halsodataregister_sfs-1998-543/,undated
SWE,Sweden,research,49,Sekretessprövning hos Socialstyrelsen (Socialstyrelsen),https://bestalladata.socialstyrelsen.se/data-for-forskning/sekretessprovning/,undated
SWE,Sweden,research,49,Lag (2003:460) om etikprövning av forskning som avser människor (Sveriges riksdag),https://www.riksdagen.se/sv/dokument-och-lagar/dokument/svensk-forfattningssamling/lag-2003460-om-etikprovning-av-forskning-som_sfs-2003-460/,undated
SWE,Sweden,research,49,Patientdatalag (2008:355) (Sveriges riksdag),https://www.riksdagen.se/sv/dokument-och-lagar/dokument/svensk-forfattningssamling/patientdatalag-2008355_sfs-2008-355/,undated
SWE,Sweden,ai,50,Digital Omnibus on AI has been published (Cuatrecasas),https://www.cuatrecasas.com/en/global/intellectual-property/art/digital-omnibus-ai-has-been-published,2026-07-24
SWE,Sweden,ai,50,AI-förordningen (PTS),https://pts.se/ai/ai-forordningen/,2026-07-31
SWE,Sweden,ai,50,"Ny version av Läkemedelsverkets AI-vägledning till sjukvården (Läkemedelsverket, via TT)",https://via.tt.se/pressmeddelande/4319887/ny-version-av-lakemedelsverkets-ai-vagledning-till-sjukvarden?publisherId=3235477&lang=sv,2026-04-08
SWE,Sweden,ai,50,Granskning av Region Gävleborgs användning av AI-transkribering i primärvården (IMY),https://www.imy.se/nyheter/granskning-av-region-gavleborgs-anvandning-av-ai-transkribering-i-primarvarden/,2026-05-07
AUS,Australia,access,70,"My Health Record statistics and insights, July 2026 (Australian Digital Health Agency)",https://www.digitalhealth.gov.au/sites/default/files/documents/my-health-record-statistics-july-2026-landscape.pdf,2026-07
AUS,Australia,access,70,Australians already seeing the benefits of sharing health information by default (Australian Digital Health Agency),https://www.digitalhealth.gov.au/newsroom/media/australians-already-seeing-the-benefits-of-sharing-health-information-by-default,2026-07-08
AUS,Australia,access,70,Access your health information (OAIC),https://www.oaic.gov.au/privacy/your-privacy-rights/health-information/access-your-health-information,undated
AUS,Australia,access,70,"About My Health Record (healthdirect, Australian Government)",https://www.healthdirect.gov.au/my-health-record,undated
AUS,Australia,control,68,My Health Record access controls (OAIC),https://www.oaic.gov.au/privacy/privacy-guidance-for-organisations-and-government-agencies/health-service-providers/my-health-record/my-health-record-access-controls,undated
AUS,Australia,control,68,Manage your My Health Record (OAIC),https://www.oaic.gov.au/privacy/your-privacy-rights/health-information/my-health-record/manage-your-my-health-record,undated
AUS,Australia,control,68,"My Health Records Act 2012 (compilation C2026C00277, 1 July 2026)",https://www.legislation.gov.au/C2012A00063/latest/text,2026-07-01
AUS,Australia,control,68,"My Health Record statistics and insights, July 2026 (Australian Digital Health Agency)",https://www.digitalhealth.gov.au/sites/default/files/documents/my-health-record-statistics-july-2026-landscape.pdf,2026-07
AUS,Australia,privacy,62,Australian Clinical Labs ordered to pay penalties in relation to Medlab Pathology data breach (OAIC),https://www.oaic.gov.au/news/media-centre/australian-clinical-labs-ordered-to-pay-penalties-in-relation-to-medlab-pathology-data-breach-in-first-for-privacy-act,2025-10-09
AUS,Australia,privacy,62,"Data breach notifications increase to all-time high in 2025, new NDB stats show (OAIC)","https://www.oaic.gov.au/news/media-centre/data-breach-notifications-increase-to-all-time-high-in-2025,-new-ndb-stats-show",2026-07-06
AUS,Australia,privacy,62,Annual report of the Australian Information Commissioner's activities in relation to digital health 2024-25 (OAIC),https://www.oaic.gov.au/about-the-OAIC/our-corporate-information/digital-health-annual-reports/annual-report-of-the-australian-information-commissioners-activities-in-relation-to-digital-health-202425,2025-10-20
AUS,Australia,privacy,62,Australia publishes initial proposals for second wave of Privacy Act reforms (IAPP),https://iapp.org/news/a/australia-publishes-initial-proposals-for-second-wave-of-privacy-act-reforms,2026-08-31
AUS,Australia,journey,70,"My Health Record statistics and insights, July 2026 (Australian Digital Health Agency)",https://www.digitalhealth.gov.au/sites/default/files/documents/my-health-record-statistics-july-2026-landscape.pdf,2026-07
AUS,Australia,journey,70,Health Connect Australia (Australian Digital Health Agency),https://www.digitalhealth.gov.au/health-connect-australia,undated
AUS,Australia,journey,70,Understanding the Exploration of Electronic Prescriptions in Australia (Australian Digital Health Agency),https://www.digitalhealth.gov.au/newsroom/blogs/understanding-the-exploration-of-electronic-prescriptions-in-australia,2025-10-10
AUS,Australia,journey,70,My Health Record (Share by Default) Rules 2025 (F2025L01569),https://www.legislation.gov.au/F2025L01569/asmade/text,2025-12-12
AUS,Australia,commercial,65,"My Health Records Act 2012 (compilation C2026C00277, 1 July 2026)",https://www.legislation.gov.au/C2012A00063/latest/text,2026-07-01
AUS,Australia,commercial,65,Privacy Commissioner finds privacy breaches in third-party tracking pixel investigation (OAIC),https://www.oaic.gov.au/news/media-centre/privacy-commissioner-finds-privacy-breaches-in-third-party-tracking-pixel-investigation,2026-06-24
AUS,Australia,commercial,65,Secondary use of data (Australian Digital Health Agency),https://www.digitalhealth.gov.au/initiatives-and-programs/my-health-record/manage-your-record/privacy-and-access/secondary-use-of-data,undated
AUS,Australia,clinical,66,My Health Record access controls (OAIC),https://www.oaic.gov.au/privacy/privacy-guidance-for-organisations-and-government-agencies/health-service-providers/my-health-record/my-health-record-access-controls,undated
AUS,Australia,clinical,66,"My Health Records Act 2012 (compilation C2026C00277, 1 July 2026)",https://www.legislation.gov.au/C2012A00063/latest/text,2026-07-01
AUS,Australia,clinical,66,"My Health Record statistics and insights, July 2026 (Australian Digital Health Agency)",https://www.digitalhealth.gov.au/sites/default/files/documents/my-health-record-statistics-july-2026-landscape.pdf,2026-07
AUS,Australia,research,50,Secondary use of data (Australian Digital Health Agency),https://www.digitalhealth.gov.au/initiatives-and-programs/my-health-record/manage-your-record/privacy-and-access/secondary-use-of-data,undated
AUS,Australia,research,50,Guidelines approved under Section 95A of the Privacy Act 1988 (NHMRC),https://www.nhmrc.gov.au/about-us/publications/guidelines-approved-under-section-95a-privacy-act-1988,2024
AUS,Australia,research,50,The DATA Scheme safeguards (Office of the National Data Commissioner),https://www.datacommissioner.gov.au/data-scheme/data-scheme-safeguards,undated
AUS,Australia,research,50,"My Health Records Act 2012 (compilation C2026C00277, 1 July 2026)",https://www.legislation.gov.au/C2012A00063/latest/text,2026-07-01
AUS,Australia,ai,55,"Report: Clarifying and strengthening the regulation of Medical Device Software including AI, v1.0 (TGA)",https://consultations.tga.gov.au/tga/clarifying-and-strengthening-the-regulation-of-ai/supporting_documents/tga-report-clarifying-and-strengthening-the-regulation-of-medical-device-software-including-artificial-intelligence-aipdf,2025-07
AUS,Australia,ai,55,TGA AI Review: Outcomes report published (TGA),https://www.tga.gov.au/news/news-articles/tga-ai-review-outcomes-report-published,2025-07-30
AUS,Australia,ai,55,TGA flags compliance action on AI scribes as review finds safety concerns (Medical Republic),https://www.medicalrepublic.com.au/tga-flags-compliance-action-on-ai-scribes-as-review-finds-safety-concerns/127888,2026-08-04
AUS,Australia,ai,55,"Government drops AI 'mandatory guardrails', reveals road map on data centres (ABC News)",https://www.abc.net.au/news/2025-12-02/national-artificial-intelligence-plan-growth-existing-laws/106086474,2025-12-02
FRA,France,access,70,"Accès au dossier médical (Service-Public.fr, vérifié le 28 février 2025)",https://www.service-public.gouv.fr/particuliers/vosdroits/F12210,2025-02-28
FRA,France,access,70,"Mon espace santé (Service-Public.fr, vérifié le 31 décembre 2025)",https://www.service-public.gouv.fr/particuliers/vosdroits/F10872,2025-12-31
FRA,France,access,70,"En 2026, Mon espace santé amorce un nouveau virage (ARS Nouvelle-Aquitaine, communiqué)",https://www.nouvelle-aquitaine.ars.sante.fr/communique-de-presse-en-2026-mon-espace-sante-amorce-un-nouveau-virage-pour-devenir-loutil-central,2026-02-06
FRA,France,control,68,"Mon espace santé (Service-Public.fr, vérifié le 31 décembre 2025)",https://www.service-public.gouv.fr/particuliers/vosdroits/F10872,2025-12-31
FRA,France,control,68,"Mon Espace Santé, le service public numérique (ARS Centre-Val de Loire)",https://www.centre-val-de-loire.ars.sante.fr/mon-espace-sante-le-service-public-numerique-pour-faciliter-les-echanges-entre-patient-et-3,2026-09-09
FRA,France,privacy,58,Violation de données en matière de santé : sanction de 500 000 euros à l'encontre de l'Hôpital privé de la Loire (CNIL),https://www.cnil.fr/fr/sanction-hopital-prive-loire,2026-09-03
FRA,France,privacy,58,Cegedim : l'État acte l'ampleur de la fuite (Caducée.net),https://www.caducee.net/actualite-medicale/16822/cegedim-l-etat-acte-l-ampleur-de-la-fuite-et-precise-le-risque-donnees-sensibles-pour-164-000-personnes.html,2026-02-28
FRA,France,privacy,58,"Code de la santé publique, article L1111-8 (copy of the official text, Espace éthique Hauts-de-France)",https://www.ethique-hdf.fr/fileadmin/user_upload/Article_L1111-8_CSP_-_Hebergement_des_donnees_de_sante_a_caractere_personnel.pdf,2017-01-12
FRA,France,privacy,58,Scaleway devient l'hébergeur du Health Data Hub (Le Monde Informatique),https://www.lemondeinformatique.fr/actualites/lire-scaleway-devient-l-hebergeur-du-health-data-hub-99998.html,2026-04-23
FRA,France,journey,72,SNDS : Système national des données de santé (CNIL),https://www.cnil.fr/fr/snds-systeme-national-des-donnees-de-sante,2017-03-30
FRA,France,journey,72,"Mon espace santé (Service-Public.fr, vérifié le 31 décembre 2025)",https://www.service-public.gouv.fr/particuliers/vosdroits/F10872,2025-12-31
FRA,France,journey,72,"En 2026, Mon espace santé amorce un nouveau virage (ARS Nouvelle-Aquitaine, communiqué)",https://www.nouvelle-aquitaine.ars.sante.fr/communique-de-presse-en-2026-mon-espace-sante-amorce-un-nouveau-virage-pour-devenir-loutil-central,2026-02-06
FRA,France,commercial,66,"Code de la santé publique, article L1111-8 (copy of the official text, Espace éthique Hauts-de-France)",https://www.ethique-hdf.fr/fileadmin/user_upload/Article_L1111-8_CSP_-_Hebergement_des_donnees_de_sante_a_caractere_personnel.pdf,2017-01-12
FRA,France,commercial,66,SNDS : Système national des données de santé (CNIL),https://www.cnil.fr/fr/snds-systeme-national-des-donnees-de-sante,2017-03-30
FRA,France,commercial,66,Données de santé : sanction de 5 millions d'euros à l'encontre de la société IQVIA (CNIL),https://www.cnil.fr/fr/donnees-sante-sanction-5-millions-iqvia,2026-05-28
FRA,France,commercial,66,"Mon Espace Santé, le service public numérique (ARS Centre-Val de Loire)",https://www.centre-val-de-loire.ars.sante.fr/mon-espace-sante-le-service-public-numerique-pour-faciliter-les-echanges-entre-patient-et-3,2026-09-09
FRA,France,clinical,62,"Mon espace santé (Service-Public.fr, vérifié le 31 décembre 2025)",https://www.service-public.gouv.fr/particuliers/vosdroits/F10872,2025-12-31
FRA,France,clinical,62,"En 2026, Mon espace santé amorce un nouveau virage (ARS Nouvelle-Aquitaine, communiqué)",https://www.nouvelle-aquitaine.ars.sante.fr/communique-de-presse-en-2026-mon-espace-sante-amorce-un-nouveau-virage-pour-devenir-loutil-central,2026-02-06
FRA,France,clinical,62,"Mon Espace Santé, le service public numérique (ARS Centre-Val de Loire)",https://www.centre-val-de-loire.ars.sante.fr/mon-espace-sante-le-service-public-numerique-pour-faciliter-les-echanges-entre-patient-et-3,2026-09-09
FRA,France,research,60,SNDS : Système national des données de santé (CNIL),https://www.cnil.fr/fr/snds-systeme-national-des-donnees-de-sante,2017-03-30
FRA,France,research,60,Protection de la donnée (snds.gouv.fr),https://www.snds.gouv.fr/SNDS/Protection-de-la-donnee,undated
FRA,France,research,60,"Tous les projets, répertoire public (Plateforme des données de santé)",https://www.health-data-hub.fr/projets,undated
FRA,France,research,60,Publication de la stratégie nationale sur l'intelligence artificielle et les données de santé (Health Data Hub),https://www.health-data-hub.fr/actualites/publication-de-la-strategie-nationale-sur-lintelligence-artificielle-et-les-donnees-de,2025-11-27
FRA,France,ai,54,Digital Omnibus on AI has been published (Cuatrecasas),https://www.cuatrecasas.com/en/global/intellectual-property/art/digital-omnibus-ai-has-been-published,2026-07-24
FRA,France,ai,54,Certification des établissements de santé : lancement officiel du 6e cycle (HAS),https://www.has-sante.fr/jcms/p_3643724/fr/certification-des-etablissements-de-sante-lancement-officiel-du-6e-cycle-au-1er-septembre-2025,2025-09-04
FRA,France,ai,54,Principaux textes réglementant l'intelligence artificielle (Conseil national de l'Ordre des médecins),https://www.conseil-national.medecin.fr/medecin/exercice/principaux-textes-reglementant-lintelligence-artificielle,undated
FRA,France,ai,54,"Guide HAS/CNIL, bon usage des systèmes d'IA en contexte de soins (AP-HP, Direction des affaires juridiques)",https://affairesjuridiques.aphp.fr/textes/guide-has-cnil-accompagner-le-bon-usage-des-systemes-dintelligence-artificielle-en-contexte-de-soins-fevrier-2026/,2026-02-18
NOR,Norway,access,68,Lov om pasient- og brukerrettigheter (Lovdata),https://lovdata.no/dokument/NL/lov/1999-07-02-63/KAPITTEL_5,2026-06-19
NOR,Norway,access,68,Om Pasientjournal (Helsenorge),https://www.helsenorge.no/pasientjournal/om/,undated
NOR,Norway,access,68,"2026 Digital Decade eHealth Indicator Study, Annex: Country Factsheets (European Commission)",https://op.europa.eu/en/publication-detail/-/publication/53637948-66ce-11f1-9b18-01aa75ed71a1/language-en,2026-06-17
NOR,Norway,access,68,Antall innlogginger på Helsenorge (Helsedirektoratet),https://www.helsedirektoratet.no/statistikk/nasjonal-digitaliseringsmonitor/antall-innlogginger-pa-helsenorge--selvbetjeningslosninger,2026-04-28
NOR,Norway,control,74,Kjernejournal: spørsmål og svar (Norsk helsenett),https://www.nhn.no/tjenester/kjernejournal/sporsmal-og-svar,undated
NOR,Norway,control,74,Lov om behandling av helseopplysninger ved ytelse av helsehjelp (pasientjournalloven) (Lovdata),https://lovdata.no/dokument/NL/lov/2014-06-20-42,2026-01-23
NOR,Norway,control,74,Lov om pasient- og brukerrettigheter (Lovdata),https://lovdata.no/dokument/NL/lov/1999-07-02-63/KAPITTEL_5,2026-06-19
NOR,Norway,control,74,Lov 23. januar 2026 nr. 1 om endringer i helsepersonelloven og pasientjournalloven mv. (Lovdata),https://lovdata.no/dokument/LTI/lov/2026-01-23-1,2026-01-23
NOR,Norway,privacy,62,Varsel om pålegg om retting til Helseplattformen AS (Datatilsynet),https://www.datatilsynet.no/aktuelt/aktuelle-nyheter-2025/varsel-om-palegg-til-helseplattformen-as/,2025-12-02
NOR,Norway,privacy,62,Ulovlig deling av personopplysninger gjennom sporingspiksler hos seks nettsteder (Datatilsynet),https://www.datatilsynet.no/regelverk-og-verktoy/lover-og-regler/avgjorelser-fra-datatilsynet/2025/ulovlig-deling-av-personopplysninger-gjennom-sporingspiksler-hos-seks-nettsteder/,2025-06-12
NOR,Norway,privacy,62,Lov om helseregistre og behandling av helseopplysninger (helseregisterloven) (Lovdata),https://lovdata.no/dokument/NL/lov/2014-06-20-43,2025-12-22
NOR,Norway,privacy,62,Statsforvalteren åpner tilsyn etter snoking i pasientjournal ved Helgelandssykehuset (Dagens Medisin/NTB),https://www.dagensmedisin.no/arbeidsliv-helgelandssykehuset-pasientjournal/statsforvalteren-apner-tilsyn-etter-snoking-i-pasientjournal-ved-helgelandssykehuset/726961,2026-01-12
NOR,Norway,journey,66,Kjernejournal: spørsmål og svar (Norsk helsenett),https://www.nhn.no/tjenester/kjernejournal/sporsmal-og-svar,undated
NOR,Norway,journey,66,Om e-resept (Norsk helsenett),https://www.nhn.no/tjenester/e-resept/om-e-resept,undated
NOR,Norway,journey,66,Plan og status for innføring av pasientens legemiddelliste (Helsedirektoratet),https://www.helsedirektoratet.no/digitalisering-og-e-helse/pasientens-legemiddelliste/plan-for-utproving,2026-09-30
NOR,Norway,journey,66,Det europeiske helsedataområdet: høring av gjennomføringsregelverk (Stortinget EU/EØS-nytt),https://www.stortinget.no/no/Hva-skjer-pa-Stortinget/EU-EOS-informasjon/EU-EOS-nytt/2026/eueos-nytt---16.-april-2026/det-europeiske-helsedataomradet--horing-av-gjennomforingsregelverk/,2026-04-16
NOR,Norway,commercial,64,Lov om helseregistre og behandling av helseopplysninger (helseregisterloven) (Lovdata),https://lovdata.no/dokument/NL/lov/2014-06-20-43,2025-12-22
NOR,Norway,commercial,64,Lov om helsepersonell (helsepersonelloven) (Lovdata),https://lovdata.no/dokument/NL/lov/1999-07-02-64,2026-01-23
NOR,Norway,commercial,64,Lov 23. januar 2026 nr. 1 om endringer i helsepersonelloven og pasientjournalloven mv. (Lovdata),https://lovdata.no/dokument/LTI/lov/2026-01-23-1,2026-01-23
NOR,Norway,commercial,64,Ulovlig deling av personopplysninger gjennom sporingspiksler hos seks nettsteder (Datatilsynet),https://www.datatilsynet.no/regelverk-og-verktoy/lover-og-regler/avgjorelser-fra-datatilsynet/2025/ulovlig-deling-av-personopplysninger-gjennom-sporingspiksler-hos-seks-nettsteder/,2025-06-12
NOR,Norway,clinical,68,Kjernejournal: spørsmål og svar (Norsk helsenett),https://www.nhn.no/tjenester/kjernejournal/sporsmal-og-svar,undated
NOR,Norway,clinical,68,Lov om helsepersonell (helsepersonelloven) (Lovdata),https://lovdata.no/dokument/NL/lov/1999-07-02-64,2026-01-23
NOR,Norway,clinical,68,Pasientens journaldokumenter: status og ambisjoner for innføring (Helsedirektoratet),https://www.helsedirektoratet.no/digitalisering-og-e-helse/pasientens-journaldokumenter-pjd/status-og-ambisjoner-for-innforing,2026-03-18
NOR,Norway,clinical,68,Pasientens prøvesvar (Norsk helsenett),https://www.nhn.no/tjenester/pasientens-provesvar,undated
NOR,Norway,research,50,Lov om helseregistre og behandling av helseopplysninger (helseregisterloven) (Lovdata),https://lovdata.no/dokument/NL/lov/2014-06-20-43,2025-12-22
NOR,Norway,research,50,Lov om medisinsk og helsefaglig forskning (helseforskningsloven) (Lovdata),https://lovdata.no/dokument/NL/lov/2008-06-20-44,2025-06-20
NOR,Norway,research,50,Reservasjonsrett i Kommunalt pasient- og brukerregister (FHI),https://www.fhi.no/he/kpr/reservasjonsrett-i-kpr/,2024-03-05
NOR,Norway,research,50,Kortere behandlingstid og økt utlevering av helsedata i 2025 (FHI),https://www.fhi.no/nyheter/2026/kortere-behandlingstid-og-okt-utlevering-av-data-i-2025/,2026-01-23
NOR,Norway,ai,50,Lov om medisinsk utstyr (Lovdata),https://lovdata.no/dokument/NL/lov/2020-05-07-37,2026-06-19
NOR,Norway,ai,50,Nye krav til KI-merking i EU: hva betyr dette for Norge? (Nkom),https://nkom.no/ki/regulering/nye-krav-til-ki-merking-i-eu--hva-betyr-dette-for-norge,2026-08-10
NOR,Norway,ai,50,Kunstig intelligens (Helsedirektoratet),https://www.helsedirektoratet.no/digitalisering-og-e-helse/kunstig-intelligens,undated
AUT,Austria,access,63,Ärztegesetz 1998 § 51 Dokumentationspflicht und Auskunftserteilung (RIS),https://www.ris.bka.gv.at/NormDokument.wxe?Abfrage=Bundesnormen&Gesetzesnummer=10011138&Paragraf=51,2026-10-01
AUT,Austria,access,63,ELGA-Portal FAQ (ELGA GmbH),https://www.elga.gv.at/faq/elga-portal/,undated
AUT,Austria,access,63,Mit einer App die eigenen Befunde und Röntgenbilder sehen (Die Presse),https://www.diepresse.com/20620100/mit-einer-app-die-eigenen-befunde-und-roentgenbilder-sehen,2026-02-24
AUT,Austria,access,63,ELGA soll aus Dornröschenschlaf erwachen (Kronen Zeitung),https://www.krone.at/3791556,2025-05-22
AUT,Austria,control,72,"Gesundheitstelematikgesetz 2012, consolidated text (RIS)",https://www.ris.bka.gv.at/GeltendeFassung.wxe?Abfrage=Bundesnormen&Gesetzesnummer=20008120,2026-10-01
AUT,Austria,control,72,ELGA-Portal FAQ (ELGA GmbH),https://www.elga.gv.at/faq/elga-portal/,undated
AUT,Austria,control,72,ELGA: Login und Teilnahme gestalten (Gesundheitsportal),https://www.gesundheit.gv.at/gesundheitsleistungen/elga/elga-login-teilnahme.html,undated
AUT,Austria,control,72,"Elektronische Gesundheitsakte ELGA und ELGA GmbH, Bericht 2024/32 (Rechnungshof)",https://www.rechnungshof.gv.at/rh/home/home/2024_32_ELGA.pdf,2024-10-31
AUT,Austria,privacy,63,"Gesundheitstelematikgesetz 2012, consolidated text (RIS)",https://www.ris.bka.gv.at/GeltendeFassung.wxe?Abfrage=Bundesnormen&Gesetzesnummer=20008120,2026-10-01
AUT,Austria,privacy,63,"Datenschutzgesetz, consolidated text (RIS)",https://www.ris.bka.gv.at/GeltendeFassung.wxe?Abfrage=Bundesnormen&Gesetzesnummer=10001597,2026-10-01
AUT,Austria,privacy,63,Newsletter der Datenschutzbehörde Nr. 1/2026 (DSB),https://dsb.gv.at/sites/site0344/media/downloads/nl0126bf.pdf,2026
AUT,Austria,privacy,63,"DSB Bescheid 2025-0.745.017, video surveillance in operating theatres (RIS)",https://ris.bka.gv.at/Dokumente/Dsk/DSBT_20260225_2025_0_745_017_00/DSBT_20260225_2025_0_745_017_00.pdf,2026-02-25
AUT,Austria,journey,68,Radiologie- und Laborbefunde ab Juli in der ELGA verfügbar (Sozialministerium),https://www.sozialministerium.gv.at/Services/Aktuelles/Archiv-2025/ELGA-befunde.html,2025-01-28
AUT,Austria,journey,68,Ärztegesetz 1998 § 49 (RIS),https://www.ris.bka.gv.at/NormDokument.wxe?Abfrage=Bundesnormen&Gesetzesnummer=10011138&Paragraf=49,2026-10-01
AUT,Austria,journey,68,"ELGA-News: EU-Rezept, e-Impfpass, e-Bilddaten (ELGA GmbH)",https://www.elga.gv.at/news/,2026-02
AUT,Austria,journey,68,Patient Summary soll Versorgung erleichtern (medianet),https://medianet.at/news/health-economy/patient-summary-soll-versorgung-erleichtern-76589.html,2026-09-07
AUT,Austria,commercial,66,Gentechnikgesetz § 67 (RIS),https://www.ris.bka.gv.at/NormDokument.wxe?Abfrage=Bundesnormen&Gesetzesnummer=10010826&Paragraf=67,2017-01-01
AUT,Austria,commercial,66,Versicherungsvertragsgesetz § 11a (RIS),https://www.ris.bka.gv.at/NormDokument.wxe?Abfrage=Bundesnormen&Gesetzesnummer=10001979&Artikel=&Paragraf=11a&Anlage=&Uebergangsrecht=,2026-10-01
AUT,Austria,commercial,66,"Gesundheitstelematikgesetz 2012, consolidated text (RIS)",https://www.ris.bka.gv.at/GeltendeFassung.wxe?Abfrage=Bundesnormen&Gesetzesnummer=20008120,2026-10-01
AUT,Austria,commercial,66,Der EHDS: Neue Regeln für Gesundheitsdaten (Haslinger / Nagele),https://www.haslinger-nagele.com/der-ehds-neue-regeln-fuer-gesundheitsdaten-ueberblick-und-ausblick/,undated
AUT,Austria,clinical,66,"Allgemeines zu ELGA (oesterreich.gv.at, Sozialministerium)",https://www.oesterreich.gv.at/de/themen/gesundheit/elektronisches-gesundheitssystem/elga_elektronische_gesundheitsakte/Seite.3110001,2026-08-26
AUT,Austria,clinical,66,"Gesundheitstelematikgesetz 2012, consolidated text (RIS)",https://www.ris.bka.gv.at/GeltendeFassung.wxe?Abfrage=Bundesnormen&Gesetzesnummer=20008120,2026-10-01
AUT,Austria,clinical,66,"ELGA-News: EU-Rezept, e-Impfpass, e-Bilddaten (ELGA GmbH)",https://www.elga.gv.at/news/,2026-02
AUT,Austria,clinical,66,Patient Summary soll Versorgung erleichtern (medianet),https://medianet.at/news/health-economy/patient-summary-soll-versorgung-erleichtern-76589.html,2026-09-07
AUT,Austria,research,49,Anfragebeantwortung 4833/AB zu Registerdaten im AMDC (Bundeskanzler),https://www.parlament.gv.at/dokument/XXVIII/AB/4833/imfname_1758088.pdf,2026-05-19
AUT,Austria,research,49,Austrian Micro Data Center (Statistik Austria),https://www.statistik.at/services/tools/datenzugang/center-wissenschaft/austrian-micro-data-center-amdc,undated
AUT,Austria,research,49,Registerforschung (Wissenschaftsministerium BMFWF),https://www.bmfwf.gv.at/forschung/forschung-oesterreich/strategische-ausrichtung-beratende-gremien/leitthemen/registerforschung.html,undated
AUT,Austria,research,49,European Health Data Space Regulation (European Commission),https://health.ec.europa.eu/ehealth-digital-health-and-care/european-health-data-space-regulation-ehds_en,undated
AUT,Austria,ai,50,AI Act: regulatory framework for AI (European Commission),https://digital-strategy.ec.europa.eu/en/policies/regulatory-framework-ai,undated
AUT,Austria,ai,50,"KI-Verordnung (Digital Austria, Bundeskanzleramt)",https://www.digitalaustria.gv.at/themen/kuenstliche-intelligenz/ai-act.html,undated
AUT,Austria,ai,50,Newsletter der Datenschutzbehörde Nr. 1/2026 (DSB),https://dsb.gv.at/sites/site0344/media/downloads/nl0126bf.pdf,2026
PRT,Portugal,access,70,"Portugal 2025 Digital Decade country report (Council of the EU, ST 10407/25 ADD 23)",https://data.consilium.europa.eu/doc/document/ST-10407-2025-ADD-23/en/pdf,2025-06-18
PRT,Portugal,access,70,State of Health in the EU: Portugal Country Health Profile 2025 (OECD and European Observatory),https://www.oecd.org/content/dam/oecd/en/publications/reports/2025/12/country-health-profile-2025-country-notes_7e72146d/portugal_6d4acb43/56041c8e-en.pdf,2025-12
PRT,Portugal,access,70,"Lei n.º 12/2005, informação genética pessoal e informação de saúde (PGD Lisboa, consolidated)",https://www.pgdlisboa.pt/leis/lei_mostra_articulado.php?nid=1660&tabela=leis&ficha=1&pagina=1,2005-01-26
PRT,Portugal,access,70,Direito de acesso à informação de saúde e à proteção de dados pessoais (ERS),https://www.ers.pt/pt/utentes/perguntas-frequentes/faq/direito-de-acesso-a-informacao-de-saude-e-a-protecao-de-dados-pessoais/,2025-02-26
PRT,Portugal,control,70,"Lei n.º 58/2019, execução do RGPD (Diário da República)",https://files.diariodarepublica.pt/1s/2019/08/15100/0000300040.pdf,2019-08-08
PRT,Portugal,control,70,Manual do Utilizador: acesso à Área do Profissional do RSE para médicos e enfermeiros (ACSS/SPMS),https://www.acss.min-saude.pt/wp-content/uploads/2016/12/Manual-de-Utilizador-RSE-PCPMACNO_VF.pdf,2025-04-15
PRT,Portugal,control,70,SNS 24: saiba quem teve acesso às suas informações e como gerir autorizações (Pplware),https://pplware.sapo.pt/internet/sns-24-saiba-quem-teve-acesso-as-suas-informacoes-e-como-gerir-autorizacoes/,2026-05-26
PRT,Portugal,control,70,ULS do Alto Minho admite roubo de credenciais médicas para aceder a dados de utentes (HealthNews),https://healthnews.pt/2026/05/22/uls-do-alto-minho-admite-roubo-de-credenciais-medicas-para-aceder-a-dados-de-utentes/,2026-05-22
PRT,Portugal,privacy,56,"Lei n.º 58/2019, execução do RGPD (Diário da República)",https://files.diariodarepublica.pt/1s/2019/08/15100/0000300040.pdf,2019-08-08
PRT,Portugal,privacy,56,Comissão Nacional de Proteção de Dados averigua acesso indevido a dados de saúde (ECO),https://eco.sapo.pt/2026/05/26/comissao-nacional-de-protecao-de-dados-averigua-acesso-indevido-a-dados-de-saude/,2026-05-26
PRT,Portugal,privacy,56,ULS do Alto Minho admite roubo de credenciais médicas para aceder a dados de utentes (HealthNews),https://healthnews.pt/2026/05/22/uls-do-alto-minho-admite-roubo-de-credenciais-medicas-para-aceder-a-dados-de-utentes/,2026-05-22
PRT,Portugal,privacy,56,Hospital do Barreiro multado em 400 mil euros por não proteger dados clínicos dos doentes (Jornal de Negócios),https://www.jornaldenegocios.pt/economia/saude/detalhe/hospital-do-barreiro-multado-em-400-mil-euros-por-nao-proteger-dados-clinicos-dos-doentes,2018-10-18
PRT,Portugal,journey,68,State of Health in the EU: Portugal Country Health Profile 2025 (OECD and European Observatory),https://www.oecd.org/content/dam/oecd/en/publications/reports/2025/12/country-health-profile-2025-country-notes_7e72146d/portugal_6d4acb43/56041c8e-en.pdf,2025-12
PRT,Portugal,journey,68,Manual do Utilizador: acesso à Área do Profissional do RSE para médicos e enfermeiros (ACSS/SPMS),https://www.acss.min-saude.pt/wp-content/uploads/2016/12/Manual-de-Utilizador-RSE-PCPMACNO_VF.pdf,2025-04-15
PRT,Portugal,journey,68,"Lei n.º 95/2019, Lei de Bases da Saúde (PGD Lisboa)",https://www.pgdlisboa.pt/leis/lei_mostra_articulado.php?nid=3197&tabela=leis&ficha=1,2019-09-04
PRT,Portugal,commercial,62,"Lei n.º 12/2005, informação genética pessoal e informação de saúde (PGD Lisboa, consolidated)",https://www.pgdlisboa.pt/leis/lei_mostra_articulado.php?nid=1660&tabela=leis&ficha=1&pagina=1,2005-01-26
PRT,Portugal,commercial,62,"Lei n.º 75/2021, direito ao esquecimento no crédito e nos seguros (PGD Lisboa)",https://www.pgdlisboa.pt/leis/lei_mostra_articulado.php?nid=3478&tabela=leis,2021-11-18
PRT,Portugal,clinical,64,Manual do Utilizador: acesso à Área do Profissional do RSE para médicos e enfermeiros (ACSS/SPMS),https://www.acss.min-saude.pt/wp-content/uploads/2016/12/Manual-de-Utilizador-RSE-PCPMACNO_VF.pdf,2025-04-15
PRT,Portugal,clinical,64,"Lei n.º 12/2005, informação genética pessoal e informação de saúde (PGD Lisboa, consolidated)",https://www.pgdlisboa.pt/leis/lei_mostra_articulado.php?nid=1660&tabela=leis&ficha=1&pagina=1,2005-01-26
PRT,Portugal,clinical,64,State of Health in the EU: Portugal Country Health Profile 2025 (OECD and European Observatory),https://www.oecd.org/content/dam/oecd/en/publications/reports/2025/12/country-health-profile-2025-country-notes_7e72146d/portugal_6d4acb43/56041c8e-en.pdf,2025-12
PRT,Portugal,research,48,"Lei n.º 12/2005, informação genética pessoal e informação de saúde (PGD Lisboa, consolidated)",https://www.pgdlisboa.pt/leis/lei_mostra_articulado.php?nid=1660&tabela=leis&ficha=1&pagina=1,2005-01-26
PRT,Portugal,research,48,"Lei n.º 58/2019, execução do RGPD (Diário da República)",https://files.diariodarepublica.pt/1s/2019/08/15100/0000300040.pdf,2019-08-08
PRT,Portugal,research,48,"Lei n.º 21/2014, lei da investigação clínica (PGD Lisboa)",https://www.pgdlisboa.pt/leis/lei_mostra_articulado.php?nid=2089&tabela=leis,2014-04-16
PRT,Portugal,research,48,European Health Data Space Regulation (EHDS) (European Commission),https://health.ec.europa.eu/ehealth-digital-health-and-care/european-health-data-space-regulation-ehds_en,undated
PRT,Portugal,ai,50,Regulamento da Inteligência Artificial (ERS),https://www.ers.pt/pt/atividade/regulamento-da-inteligencia-artificial/,undated
PRT,Portugal,ai,50,Anacom escolhida pelo Governo para regular inteligência artificial em Portugal (ECO),https://eco.sapo.pt/2025/09/19/anacom-escolhida-pelo-governo-para-regular-inteligencia-artificial-em-portugal/,2025-09-19
PRT,Portugal,ai,50,State of Health in the EU: Portugal Country Health Profile 2025 (OECD and European Observatory),https://www.oecd.org/content/dam/oecd/en/publications/reports/2025/12/country-health-profile-2025-country-notes_7e72146d/portugal_6d4acb43/56041c8e-en.pdf,2025-12
PRT,Portugal,ai,50,Digital Omnibus on AI has been published (Regulation (EU) 2026/1744) (Cuatrecasas),https://www.cuatrecasas.com/en/global/intellectual-property/art/digital-omnibus-ai-has-been-published,2026-07-24
BEL,Belgium,access,68,"Loi du 22 août 2002 relative aux droits du patient, version consolidée (Justel)",https://www.ejustice.just.fgov.be/eli/loi/2002/08/22/2002022737/justel,2002-08-22
BEL,Belgium,access,68,Masanté : consultez et gérez vos données de santé en ligne et via notre application mobile (INAMI),https://www.inami.fgov.be/fr/themes/esante/masante-consultez-et-gerez-vos-donnees-de-sante-en-ligne-et-via-notre-application-mobile,undated
BEL,Belgium,access,68,"Digital Decade 2026 country report, Belgium, SWD(2026) 155 (European Commission)",https://ec.europa.eu/newsroom/dae/redirection/document/128636,2026-06-17
BEL,Belgium,access,68,Abrumet soupçonne une volonté fédérale de centraliser les réseaux de santé (Le Spécialiste),https://www.lespecialiste.be/fr/actualites/e-health/abrumet-soupconne-une-volonte-federale-de-centraliser-les-reseaux-de-sante.html,2026-06-23
BEL,Belgium,control,72,Loi du 22 avril 2019 relative à la qualité de la pratique des soins de santé (Justel),https://www.ejustice.just.fgov.be/eli/loi/2019/04/22/2019041141/justel,2019-04-22
BEL,Belgium,control,72,"Wet van 21 augustus 2008 houdende oprichting en organisatie van het eHealth-platform, gecoördineerde tekst (eHealth-platform)",https://www.ehealth.fgov.be/ehealthplatform/nl/wet-van-21-augustus-2008-houdende-oprichting-en-organisatie-van-het-ehealth-platform,2023-12-06
BEL,Belgium,control,72,Privacy Notice (eHealth-platform),https://www.ehealth.fgov.be/ehealthplatform/nl/privacy-notice,2021-06
BEL,Belgium,control,72,Retrait de l'AR sur l'accès aux données de santé (ABSyM),https://www.absym-bvas.be/fr/actualite/retrait-de-lar-sur-lacces-aux-donnees-de-sante-confirmation-de-preoccupations-legitimes,2026-04-27
BEL,Belgium,privacy,54,Loi du 30 juillet 2018 relative à la protection des personnes physiques à l'égard des traitements de données à caractère personnel (etaamb),https://etaamb.openjustice.be/fr/loi-du-30-juillet-2018_n2018040581.html,2018-07-30
BEL,Belgium,privacy,54,Rapport annuel 2025 (Autorité de protection des données),https://www.autoriteprotectiondonnees.be/index.php/publications/rapport-annuel-2025.pdf,2026-03-04
BEL,Belgium,privacy,54,"Décision quant au fond 209/2025 du 18 décembre 2025 (Chambre Contentieuse, APD)",https://autoriteprotectiondonnees.be/publications/decision-quant-au-fond-n0-209-2025.pdf,2025-12-18
BEL,Belgium,privacy,54,Ook bij 3 andere Vlaamse ziekenhuizen lag toegang tot patiëntengegevens open voor hackers (VRT NWS),https://www.vrt.be/vrtnws/nl/2026/01/14/ziekenhuizen-cyberaanval-impact/,2026-01-14
BEL,Belgium,journey,68,Verwijzingsrepertorium (Metahub) (eHealth-platform),https://www.ehealth.fgov.be/ehealthplatform/nl/service-verwijzingsrepertorium-metahub,2025-10-09
BEL,Belgium,journey,68,Geneesmiddelen verplicht elektronisch voorschrijven (RIZIV),https://www.riziv.fgov.be/nl/thema-s/verzorging-kosten-en-terugbetaling/wat-het-ziekenfonds-terugbetaalt/geneesmiddelen/geneesmiddel-voorschrijven/geneesmiddelen-verplicht-elektronisch-voorschrijven,undated
BEL,Belgium,journey,68,BIHR (Belgian Integrated Health Record) : un système d'information intégré pour des soins de qualité (INAMI),https://www.inami.fgov.be/fr/themes/esante/bihr-belgian-integrated-health-record-un-systeme-d-information-integre-pour-des-soins-de-qualite,undated
BEL,Belgium,journey,68,E-gezondheid: het plan wordt al uitgevoerd zonder te wachten op de formele goedkeuring (Medi-Sfeer),https://www.medi-sfeer.be/nl/nieuws/e-health/e-gezondheid-het-plan-wordt-al-uitgevoerd-zonder-te-wachten-op-de-formele-goedkeuring.html,2026-06-04
BEL,Belgium,commercial,54,"Loi du 4 avril 2014 relative aux assurances, articles 58 et 61 (etaamb)",https://etaamb.openjustice.be/fr/loi-du-04-avril-2014_n2014011239.html,2014-04-04
BEL,Belgium,commercial,54,Wet van 14 maart 2023 houdende oprichting en organisatie van het Gezondheids(zorg)data-agentschap (etaamb),https://etaamb.openjustice.be/nl/wet-van-14-maart-2023_n2023041135.html,2023-03-14
BEL,Belgium,commercial,54,Loi du 30 juillet 2018 relative à la protection des personnes physiques à l'égard des traitements de données à caractère personnel (etaamb),https://etaamb.openjustice.be/fr/loi-du-30-juillet-2018_n2018040581.html,2018-07-30
BEL,Belgium,clinical,62,Loi du 22 avril 2019 relative à la qualité de la pratique des soins de santé (Justel),https://www.ejustice.just.fgov.be/eli/loi/2019/04/22/2019041141/justel,2019-04-22
BEL,Belgium,clinical,62,Verwijzingsrepertorium (Metahub) (eHealth-platform),https://www.ehealth.fgov.be/ehealthplatform/nl/service-verwijzingsrepertorium-metahub,2025-10-09
BEL,Belgium,clinical,62,"L'échange d'informations électroniques dans les soins de santé en Belgique (Frank Robben, eHealth platform head, personal site)",https://www.frankrobben.be/fr/lechange-dinformations-electroniques-dans-les-soins-de-sante-en-belgique/,2025-03-11
BEL,Belgium,clinical,62,"Décision quant au fond 209/2025 du 18 décembre 2025 (Chambre Contentieuse, APD)",https://autoriteprotectiondonnees.be/publications/decision-quant-au-fond-n0-209-2025.pdf,2025-12-18
BEL,Belgium,research,49,Het IVC in het kort (Kruispuntbank van de Sociale Zekerheid),https://www.ksz-bcss.fgov.be/nl/page/ivc-in-het-kort,undated
BEL,Belgium,research,49,Beraadslagingen van het Informatieveiligheidscomité (eHealth-platform),https://www.ehealth.fgov.be/ehealthplatform/nl/sectoraal-comite/documenten,undated
BEL,Belgium,research,49,Wet van 14 maart 2023 houdende oprichting en organisatie van het Gezondheids(zorg)data-agentschap (etaamb),https://etaamb.openjustice.be/nl/wet-van-14-maart-2023_n2023041135.html,2023-03-14
BEL,Belgium,research,49,Loi du 7 mai 2004 relative aux expérimentations sur la personne humaine (Justel),https://www.ejustice.just.fgov.be/eli/loi/2004/05/07/2004022376/justel,2004-05-07
BEL,Belgium,ai,50,AI Omnibus enters into force (European Commission),https://digital-strategy.ec.europa.eu/en/news/ai-omnibus-enters-force,2026-07-27
BEL,Belgium,ai,50,"Digital Decade 2026 country report, Belgium, SWD(2026) 155 (European Commission)",https://ec.europa.eu/newsroom/dae/redirection/document/128636,2026-06-17
DEU,Germany,access,64,§ 630g BGB Einsichtnahme in die Behandlungsakte (gesetze-im-internet.de),https://www.gesetze-im-internet.de/bgb/__630g.html,undated
DEU,Germany,access,64,Merkblatt: Einsichtnahme in ärztliche Behandlungsunterlagen (Ärztekammer Berlin),https://www.aekb.de/fileadmin/migration/pdf/25_Merkblatt_Einsichtsrechte_in_Patientenunterlagen.pdf,2026-02
DEU,Germany,access,64,Ein Jahr ePA für alle: mehr als 100 Millionen hinterlegte Dokumente (gematik),https://www.gematik.de/newsroom/news-detail/ein-jahr-epa-fuer-alle-mehr-als-100-millionen-hinterlegte-dokumente-verbessern-behandlung-und-versorgung-in-deutschland,2026-04-15
DEU,Germany,access,64,Elektronische Patientenakte: Datenschutz stärkt Vertrauen und Nutzung (BfDI Datenbarometer),https://www.bfdi.bund.de/SharedDocs/Pressemitteilungen/DE/2025/18_Datenbarometer-ePA.html,2025-12-18
DEU,Germany,control,66,§ 353 SGB V Erklärung des Widerspruchs; Erteilung der Einwilligung,https://www.gesetze-im-internet.de/sgb_5/__353.html,undated
DEU,Germany,control,66,§ 342 SGB V Angebot und Nutzung der elektronischen Patientenakte,https://www.gesetze-im-internet.de/sgb_5/__342.html,undated
DEU,Germany,control,66,"Wie verwalte ich meine ePA? (gesund.bund.de, BMG)",https://gesund.bund.de/wie-verwalte-ich-meine-epa,undated
DEU,Germany,control,66,Seit dem freiwilligen ePA-Start stagniert die Zahl der Widersprüche (zm-online),https://www.zm-online.de/news/detail/seit-dem-freiwilligen-epa-start-stagniert-die-zahl-der-widersprueche,2025-10-22
DEU,Germany,privacy,58,Datenschutzaufsicht 2025: BfDI stellt 34. Tätigkeitsbericht vor (BfDI),https://www.bfdi.bund.de/SharedDocs/Pressemitteilungen/DE/2026/06_TB34.html,2026-05
DEU,Germany,privacy,58,Cyberangriff auf Abrechnungsdienstleister betrifft viele Kliniken (heise online),https://www.heise.de/news/Patientendaten-betroffen-Cyberangriff-auf-Abrechnungsdienstleister-von-Kliniken-11304982.html,2026-05-22
DEU,Germany,privacy,58,"39C3: Ein Jahr elektronische Patientenakte, hat sich die Lage verbessert? (heise online)",https://www.heise.de/news/39C3-Ein-Jahr-elektronische-Patientenakte-hat-sich-die-Lage-verbessert-11126272.html,2025-12-30
DEU,Germany,privacy,58,§ 9 GDNG Strafvorschriften (gesetze-im-internet.de),https://www.gesetze-im-internet.de/gdng/__9.html,undated
DEU,Germany,journey,66,Ein Jahr ePA für alle: mehr als 100 Millionen hinterlegte Dokumente (gematik),https://www.gematik.de/newsroom/news-detail/ein-jahr-epa-fuer-alle-mehr-als-100-millionen-hinterlegte-dokumente-verbessern-behandlung-und-versorgung-in-deutschland,2026-04-15
DEU,Germany,journey,66,Eine Milliarde eingelöste E-Rezepte (gematik),https://www.gematik.de/newsroom/news-detail/eine-milliarde-eingeloeste-e-rezepte,2025-10-17
DEU,Germany,journey,66,ePA für alle (Bundesministerium für Gesundheit),https://www.bundesgesundheitsministerium.de/themen/digitalisierung/elektronische-patientenakte/epa-fuer-alle,2026-03-04
DEU,Germany,journey,66,DEMIS: Deutsches Elektronisches Melde- und Informationssystem (RKI),https://www.rki.de/DE/Themen/Infektionskrankheiten/Meldewesen/DEMIS/demis-node.html,undated
DEU,Germany,commercial,70,§ 303e SGB V Datenverarbeitung (Forschungsdatenzentrum),https://www.gesetze-im-internet.de/sgb_5/__303e.html,undated
DEU,Germany,commercial,70,§ 9 GDNG Strafvorschriften (gesetze-im-internet.de),https://www.gesetze-im-internet.de/gdng/__9.html,undated
DEU,Germany,commercial,70,§ 4 DiGAV Anforderungen an Datenschutz und Datensicherheit,https://www.gesetze-im-internet.de/digav/__4.html,undated
DEU,Germany,commercial,70,§ 25b SGB V Datengestützte Erkennung individueller Gesundheitsrisiken,https://www.gesetze-im-internet.de/sgb_5/__25b.html,undated
DEU,Germany,clinical,62,Elektronische Patientenakte (KBV),https://www.kbv.de/praxis/digitalisierung/anwendungen/elektronische-patientenakte,undated
DEU,Germany,clinical,62,"Wie verwalte ich meine ePA? (gesund.bund.de, BMG)",https://gesund.bund.de/wie-verwalte-ich-meine-epa,undated
DEU,Germany,clinical,62,Ein Jahr ePA für alle: mehr als 100 Millionen hinterlegte Dokumente (gematik),https://www.gematik.de/newsroom/news-detail/ein-jahr-epa-fuer-alle-mehr-als-100-millionen-hinterlegte-dokumente-verbessern-behandlung-und-versorgung-in-deutschland,2026-04-15
DEU,Germany,clinical,62,Kliniken fremdeln mit der elektronischen Patientenakte (Süddeutsche Zeitung),https://www.sueddeutsche.de/bayern/nuernberg-kliniken-patientenakte-erler-epa-li.3391093,2026-02-22
DEU,Germany,research,50,§ 363 SGB V Verarbeitung von Daten der ePA zu Forschungszwecken,https://www.gesetze-im-internet.de/sgb_5/__363.html,undated
DEU,Germany,research,50,"Daten aus der elektronischen Patientenakte (FDZ Gesundheit, BfArM)",https://www.forschungsdatenzentrum-gesundheit.de/infoportal/datensatz-des-fdz-gesundheit/daten-aus-der-epa,2026-09-30
DEU,Germany,research,50,Klage gegen zentrale Speicherung von Gesundheitsdaten geht weiter (netzpolitik.org),https://netzpolitik.org/2026/gesellschaft-fuer-freiheitsrechte-klage-gegen-zentrale-speicherung-von-gesundheitsdaten-geht-weiter/,2026-02-25
DEU,Germany,research,50,European Health Data Space Regulation (European Commission),https://health.ec.europa.eu/ehealth-digital-health-and-care/european-health-data-space-regulation-ehds_en,undated
DEU,Germany,ai,50,KI-Marktüberwachungs- und Innovationsförderungsgesetz (KI-MIG),https://www.gesetze-im-internet.de/ki-mig/BJNR0DF0B0026.html,2026-07-22
DEU,Germany,ai,50,"Digital Omnibus on AI, Regulation (EU) 2026/1744 (AI Act Explorer)",https://artificialintelligenceact.eu/ai-act-explorer/digital-omnibus/,2026-07
DEU,Germany,ai,50,EU AI Act News: Digital Omnibus on AI (Mayer Brown),https://www.mayerbrown.com/en/insights/publications/2026/07/eu-ai-act-news-digital-omnibus-on-ai-new-guidance-on-risk-classification-gpai-and-transparency-obligations,2026-07-30
ITA,Italy,access,68,"Legge 8 marzo 2017, n. 24 (Gelli-Bianco), art. 4 (Gazzetta Ufficiale)",https://www.gazzettaufficiale.it/eli/id/2017/03/17/17G00041/sg,2017-03-17
ITA,Italy,access,68,"Decreto 7 settembre 2023, Fascicolo sanitario elettronico 2.0 (Gazzetta Ufficiale n. 249)",https://www.gazzettaufficiale.it/eli/id/2023/10/24/23A05829/sg,2023-10-24
ITA,Italy,access,68,I numeri del Fascicolo: utilizzo e documenti del FSE (Ministero della Salute monitoring site; consent data to 31 Aug 2026),https://monitopen.fse.salute.gov.it/usage,undated
ITA,Italy,access,68,"Italy 2025 Digital Decade country report (Council of the EU, ST 10407/25 ADD 16)",https://data.consilium.europa.eu/doc/document/ST-10407-2025-ADD-16/en/pdf,2025-06-18
ITA,Italy,control,72,"Decreto 7 settembre 2023, Fascicolo sanitario elettronico 2.0 (Gazzetta Ufficiale n. 249)",https://www.gazzettaufficiale.it/eli/id/2023/10/24/23A05829/sg,2023-10-24
ITA,Italy,control,72,Fascicolo sanitario elettronico (FSE): FAQ (Garante Privacy),https://www.garanteprivacy.it/temi/fse,undated
ITA,Italy,control,72,I numeri del Fascicolo: utilizzo e documenti del FSE (Ministero della Salute monitoring site; consent data to 31 Aug 2026),https://monitopen.fse.salute.gov.it/usage,undated
ITA,Italy,privacy,56,"Codice in materia di protezione dei dati personali, testo coordinato V 12.0 (Garante Privacy)",https://www.garanteprivacy.it/documents/10160/0/Codice+in+materia+di+protezione+dei+dati+personali+%28Testo+coordinato%29,2026-04
ITA,Italy,privacy,56,"Relazione sull'attività 2025, sintesi per la stampa (Garante Privacy)",https://www.garanteprivacy.it/home/docweb/-/docweb-display/docweb/10266612,2026-07-02
ITA,Italy,privacy,56,Newsletter n. 551 dell'11 settembre 2026: Azienda sanitaria di Udine sanzionata per 24mila euro (Garante Privacy),https://www.garanteprivacy.it/home/docweb/-/docweb-display/docweb/10294220,2026-09-11
ITA,Italy,privacy,56,"Si dimette Guido Scorza, componente del Garante della Privacy (Rainews)",https://www.rainews.it/articoli/2026/01/si-dimette-guido-scorza-componente-del-garante-della-privacy-3ce8bda7-3ced-4e6d-8b94-ce4fb7de8298.html,2026-01-18
ITA,Italy,journey,66,I numeri del Fascicolo: utilizzo e documenti del FSE (Ministero della Salute monitoring site; consent data to 31 Aug 2026),https://monitopen.fse.salute.gov.it/usage,undated
ITA,Italy,journey,66,"Adozione e utilizzo da parte della Regione Sardegna del FSE, relazione (Corte dei conti, Sezione di controllo Sardegna, delibera 373/2026)",https://cmsras.regione.sardegna.it/api/assets/redazionaleras/9c56d81c-9a7b-47da-8a02-857485a05120/allegato-delibera-373-2026-pnrr-marcato.pdf?version=0,undated
ITA,Italy,journey,66,"Ricetta elettronica: come funziona (Sistema Tessera Sanitaria, MEF)",https://sistemats1.sanita.finanze.it/portale/ricetta-elettronica-come-funziona,undated
ITA,Italy,journey,66,Fascicolo sanitario elettronico (FSE): FAQ (Garante Privacy),https://www.garanteprivacy.it/temi/fse,undated
ITA,Italy,commercial,60,"Codice in materia di protezione dei dati personali, testo coordinato V 12.0 (Garante Privacy)",https://www.garanteprivacy.it/documents/10160/0/Codice+in+materia+di+protezione+dei+dati+personali+%28Testo+coordinato%29,2026-04
ITA,Italy,commercial,60,"Legge 7 dicembre 2023, n. 193, diritto all'oblio oncologico (Gazzetta Ufficiale)",https://www.gazzettaufficiale.it/eli/id/2023/12/18/23G00206/sg,2023-12-18
ITA,Italy,commercial,60,"Legge 23 settembre 2025, n. 132, disposizioni in materia di intelligenza artificiale (Gazzetta Ufficiale)",https://www.gazzettaufficiale.it/eli/id/2025/09/25/25G00143/SG,2025-09-25
ITA,Italy,clinical,50,"Decreto 7 settembre 2023, Fascicolo sanitario elettronico 2.0 (Gazzetta Ufficiale n. 249)",https://www.gazzettaufficiale.it/eli/id/2023/10/24/23A05829/sg,2023-10-24
ITA,Italy,clinical,50,I numeri del Fascicolo: utilizzo e documenti del FSE (Ministero della Salute monitoring site; consent data to 31 Aug 2026),https://monitopen.fse.salute.gov.it/usage,undated
ITA,Italy,research,50,"Codice in materia di protezione dei dati personali, testo coordinato V 12.0 (Garante Privacy)",https://www.garanteprivacy.it/documents/10160/0/Codice+in+materia+di+protezione+dei+dati+personali+%28Testo+coordinato%29,2026-04
ITA,Italy,research,50,"Legge 23 settembre 2025, n. 132, disposizioni in materia di intelligenza artificiale (Gazzetta Ufficiale)",https://www.gazzettaufficiale.it/eli/id/2025/09/25/25G00143/SG,2025-09-25
ITA,Italy,research,50,Fascicolo sanitario elettronico (FSE): FAQ (Garante Privacy),https://www.garanteprivacy.it/temi/fse,undated
ITA,Italy,research,50,"European Health Data Space Regulation (EHDS) (European Commission, DG SANTE)",https://health.ec.europa.eu/ehealth-digital-health-and-care/european-health-data-space-regulation-ehds_en,undated
ITA,Italy,ai,54,"Legge 23 settembre 2025, n. 132, disposizioni in materia di intelligenza artificiale (Gazzetta Ufficiale)",https://www.gazzettaufficiale.it/eli/id/2025/09/25/25G00143/SG,2025-09-25
ITA,Italy,ai,54,Assistenza primaria: al via la sperimentazione nazionale della Piattaforma di Intelligenza Artificiale (Panorama della Sanità),https://panoramadellasanita.it/site/assistenza-primaria-al-via-la-sperimentazione-nazionale-della-piattaforma-di-intelligenza-artificiale/,2025-11-17
ITA,Italy,ai,54,Digital Omnibus on AI has been published (Regulation (EU) 2026/1744) (Cuatrecasas),https://www.cuatrecasas.com/en/global/intellectual-property/art/digital-omnibus-ai-has-been-published,2026-07-24
TWN,Taiwan,access,68,"Medical Care Act, full text (Laws & Regulations Database)",https://law.moj.gov.tw/LawClass/LawAll.aspx?pcode=L0020021,2026-09-23
TWN,Taiwan,access,68,Use My Health Bank to care for your father (MOHW),https://www.mohw.gov.tw/cp-3797-43159-1.html,2018-08-06
TWN,Taiwan,access,68,My Health Bank queries pass 600 million at NHI's 31st anniversary (NHIA),https://www.nhi.gov.tw/ch/cp-19750-2913e-3255-1.html,2026-03-28
TWN,Taiwan,access,68,My Health Bank passes 600 million uses; to shift toward daily health behaviour (Liberty Times),https://health.ltn.com.tw/article/breakingnews/5385491,2026-03-28
TWN,Taiwan,control,52,NHI MediCloud: how does it help my care? Card password option (NHIA medical quality portal),https://med.nhi.gov.tw/ihqe0000/pepM1825_1.html,undated
TWN,Taiwan,control,52,Can I keep some test results from doctors? MediCloud FAQ 22 (NHIA),https://www.nhi.gov.tw/ch/cp-7638-9581a-2727-1.html,2023-11-29
TWN,Taiwan,control,52,Request to stop use of NHI data beyond its specified purpose (NHIA),https://www.nhi.gov.tw/ch/np-4049-1.html,2025-08-07
TWN,Taiwan,control,52,"National Health Insurance Data Management Act, full text (Laws & Regulations Database)",https://law.moj.gov.tw/LawClass/LawAll.aspx?pcode=L0060042,2025-12-19
TWN,Taiwan,privacy,50,"Personal Data Protection Act, version in force (amended 31 May 2023), Laws & Regulations Database",https://law.moj.gov.tw/LawClass/LawOldVer.aspx?pcode=I0050021,2023-05-31
TWN,Taiwan,privacy,50,PDPA amendment promulgated 11 November 2025; start date to be set by the Executive Yuan (PDPC Preparatory Office),https://www.pdpc.gov.tw/News_Content/20/1010/,2025-11-11
TWN,Taiwan,privacy,50,Which government bodies are being stalled? PDPC organic act frozen over 300 days (Watchout),https://watchout.tw/reports/DMubi9rCnYi0TRNXD2ZA,2026-08-05
TWN,Taiwan,privacy,50,Two charged for buying Mackay and Changhua Christian patient data from hackers (Mirror Media),https://www.mirrormedia.mg/story/20260615edi016,2026-06-15
TWN,Taiwan,journey,72,Taiwan Can Help: NHI's contribution in COVID-19 (NHIA),https://www.nhi.gov.tw/en/np-47-2.html,undated
TWN,Taiwan,journey,72,Introduction to NHI MediCloud (NHIA),https://www.nhi.gov.tw/ch/np-2722-1.html,2026-03-27
TWN,Taiwan,journey,72,"MOHW pushes FHIR, 'no penalties first', aims to link all medical centres this year (Storm Media)",https://www.storm.mg/article/11120658,2026-04-13
TWN,Taiwan,journey,72,"RxNorm Taiwan 2025, part 3: Taiwan's e-prescription plan (MOHW AI centres)",https://aicenter.mohw.gov.tw/AC/cp-7200-85622-208.html,2026-02-23
TWN,Taiwan,commercial,62,"National Health Insurance Data Management Act, full text (Laws & Regulations Database)",https://law.moj.gov.tw/LawClass/LawAll.aspx?pcode=L0060042,2025-12-19
TWN,Taiwan,commercial,62,"Personal Data Protection Act, version in force (amended 31 May 2023), Laws & Regulations Database",https://law.moj.gov.tw/LawClass/LawOldVer.aspx?pcode=I0050021,2023-05-31
TWN,Taiwan,commercial,62,Adequacy decisions (European Commission),https://commission.europa.eu/law/law-topic/data-protection/international-dimension-data-protection/adequacy-decisions_en,undated
TWN,Taiwan,clinical,78,Does viewing test results need the patient's signed consent? MediCloud FAQ 15 (NHIA),https://www.nhi.gov.tw/ch/cp-7631-ccbac-2727-1.html,2026-06-03
TWN,Taiwan,clinical,78,Can my 10 years of hospital tests be viewed elsewhere? MediCloud FAQ 10 (NHIA),https://www.nhi.gov.tw/ch/cp-7626-18210-2727-1.html,2026-06-03
TWN,Taiwan,clinical,78,Introduction to NHI MediCloud (NHIA),https://www.nhi.gov.tw/ch/np-2722-1.html,2026-03-27
TWN,Taiwan,clinical,78,Electronic record integration from May; no discs needed across hospitals (PTS),https://news.pts.org.tw/article/803567,2026-04-14
TWN,Taiwan,research,66,"National Health Insurance Data Management Act, full text (Laws & Regulations Database)",https://law.moj.gov.tw/LawClass/LawAll.aspx?pcode=L0060042,2025-12-19
TWN,Taiwan,research,66,Request to stop use of NHI data beyond its specified purpose (NHIA),https://www.nhi.gov.tw/ch/np-4049-1.html,2025-08-07
TWN,Taiwan,research,66,"MOHW: nearly 25,000 apply to opt out of NHI data secondary use (CNA)",https://www.cna.com.tw/news/ahel/202609160155.aspx,2026-09-16
TWN,Taiwan,research,66,"Human Subjects Research Act, full text (Laws & Regulations Database)",https://law.moj.gov.tw/LawClass/LawAll.aspx?pcode=L0020176,2019-01-02
TWN,Taiwan,ai,58,"Medical Devices Act, full text (Laws & Regulations Database)",https://law.moj.gov.tw/LawClass/LawAll.aspx?pcode=L0030106,2020-01-15
TWN,Taiwan,ai,58,Notice: predetermined change control plan guide for AI/ML medical device software (TFDA),https://www.fda.gov.tw/TC/siteListContent.aspx?sid=11652&id=47477,2024-09-25
TWN,Taiwan,ai,58,Notice: good machine learning practice for AI medical devices (TFDA),https://www.fda.gov.tw/TC/siteListContent.aspx?id=50868&sid=310,2026-06-08
TWN,Taiwan,ai,58,Guideline on generative AI in medical institutions (MOHW),https://www.mohw.gov.tw/dl-100614-c7d35394-0a6b-448e-9d90-295294596d98.html,2026-05-29
TUR,Turkey,access,74,Hasta Hakları Yönetmeliği (mevzuat.gov.tr),https://www.mevzuat.gov.tr/File/GeneratePdf?mevzuatNo=4847&mevzuatTur=KurumVeKurulusYonetmeligi&mevzuatTertip=5,1998-08-01
TUR,Turkey,access,74,e-Nabız Yardım (Sağlık Bakanlığı),https://enabiz.gov.tr/Yardim/Index,undated
TUR,Turkey,access,74,Bakan Memişoğlu'ndan sağlıkta dijital dönüşüm çalışmalarına ilişkin paylaşım (Hürriyet),https://www.hurriyet.com.tr/gundem/bakan-memisoglundan-saglikta-dijital-donusum-calismalarina-iliskin-paylasim-43070060,2025-12-28
TUR,Turkey,access,74,Milyonlarca kişiyi ilgilendiren güncelleme: e-Nabız yenilendi (Ekonomim),https://www.ekonomim.com/gundem/milyonlarca-kisiyi-ilgilendiren-guncelleme-e-nabiz-yenilendi-haberi-825172,2025-06-18
TUR,Turkey,control,62,e-Nabız Yardım (Sağlık Bakanlığı),https://enabiz.gov.tr/Yardim/Index,undated
TUR,Turkey,control,62,e-Nabız (Sağlık Bakanlığı),https://enabiz.gov.tr/,undated
TUR,Turkey,control,62,Kişisel Sağlık Verileri Hakkında Yönetmelik (Resmî Gazete),https://www.resmigazete.gov.tr/eskiler/2019/06/20190621-3.htm,2019-06-21
TUR,Turkey,control,62,Kişisel Sağlık Verileri Hakkında Yönetmelikte Değişiklik Yapılmasına Dair Yönetmelik (Resmî Gazete 33096),https://www.resmigazete.gov.tr/eskiler/2025/12/20251203-2.htm,2025-12-03
TUR,Turkey,privacy,50,Kişisel Verilerin Korunması Kanunu No. 6698 (mevzuat.gov.tr),https://www.mevzuat.gov.tr/mevzuatmetin/1.5.6698.pdf,2016-04-07
TUR,Turkey,privacy,50,KVKK Board decision 2023/695: unlawful access to e-Nabız by a private medical center,https://www.kvkk.gov.tr/Icerik/7754/2023-695,2023-05-02
TUR,Turkey,privacy,50,"Türkiye 2025 Report, SWD(2025) 756 (European Commission)",https://enlargement.ec.europa.eu/document/download/4bb4ddd1-4f20-4ee0-92db-926996ec8dd1_en?filename=t%C3%BCrkiye-report-2025.pdf,2025-11-04
TUR,Turkey,privacy,50,"Sağlık Verilerinin Güvenli Olarak Toplanması ve Paylaşımı Çalıştayı raporu (TÜSEB, İTÜ)",https://bm.itu.edu.tr/docs/librariesprovider92/default-document-library/svg-rapor.pdf?sfvrsn=1cb04587_2,2025-10
TUR,Turkey,journey,80,e-Nabız SGK (Medula) veri doğrulaması hk. (Sağlık Bakanlığı),"https://e-saglik.gov.tr/TR,53387/e-nabiz-sgk-medula-veri-dogrulamasi-hk.html",undated
TUR,Turkey,journey,80,"Sağlık Verilerinin Güvenli Olarak Toplanması ve Paylaşımı Çalıştayı raporu (TÜSEB, İTÜ)",https://bm.itu.edu.tr/docs/librariesprovider92/default-document-library/svg-rapor.pdf?sfvrsn=1cb04587_2,2025-10
TUR,Turkey,journey,80,Milyonlarca kişiyi ilgilendiren güncelleme: e-Nabız yenilendi (Ekonomim),https://www.ekonomim.com/gundem/milyonlarca-kisiyi-ilgilendiren-guncelleme-e-nabiz-yenilendi-haberi-825172,2025-06-18
TUR,Turkey,commercial,55,KVKK Board decision 2023/787: hospital advertising using patient health data,https://www.kvkk.gov.tr/Icerik/7692/2023-787,2023-05-11
TUR,Turkey,commercial,55,Kişisel Verilerin Korunması Kanunu No. 6698 (mevzuat.gov.tr),https://www.mevzuat.gov.tr/mevzuatmetin/1.5.6698.pdf,2016-04-07
TUR,Turkey,commercial,55,Kişisel Sağlık Verileri Hakkında Yönetmelik (Resmî Gazete),https://www.resmigazete.gov.tr/eskiler/2019/06/20190621-3.htm,2019-06-21
TUR,Turkey,clinical,64,Kişisel Sağlık Verileri Hakkında Yönetmelik (Resmî Gazete),https://www.resmigazete.gov.tr/eskiler/2019/06/20190621-3.htm,2019-06-21
TUR,Turkey,clinical,64,Kişisel Sağlık Verileri Hakkında Yönetmelikte Değişiklik Yapılmasına Dair Yönetmelik (Resmî Gazete 33096),https://www.resmigazete.gov.tr/eskiler/2025/12/20251203-2.htm,2025-12-03
TUR,Turkey,clinical,64,Kişisel Sağlık Verileri Hakkında Yönetmelik'te yapılan son değişiklikler (Acar Ergönen),https://acarergonen.av.tr/tr/yayinlar/duyurular/kisisel-saglik-verileri-hakkinda-yonetmelik-te-yapilan-son-degisiklikler,2025-12-24
TUR,Turkey,clinical,64,KVKK Board decision 2021/962: hospital doctor accessed e-Nabız without consent,https://www.kvkk.gov.tr/Icerik/7074/-Ilgili-kisinin-talebi-ya-da-rizasi-olmaksizin-ozel-bir-hastane-calisani-hekim-tarafindan-e-nabiz-sistemine-erisim-saglanmasi-hakkinda-Kisisel-Verileri-Koruma-Kurulunun-21-09-2021-tarihli-ve-2021-962-sayili-Karari,2021-09-21
TUR,Turkey,research,44,Kişisel Sağlık Verileri Hakkında Yönetmelik (Resmî Gazete),https://www.resmigazete.gov.tr/eskiler/2019/06/20190621-3.htm,2019-06-21
TUR,Turkey,research,44,Beşeri Tıbbi Ürünlerin Klinik Araştırmaları Hakkında Yönetmelik (Resmî Gazete),https://www.resmigazete.gov.tr/eskiler/2023/05/20230527-5.htm,2023-05-27
TUR,Turkey,research,44,"Türkiye 2025 Report, SWD(2025) 756 (European Commission)",https://enlargement.ec.europa.eu/document/download/4bb4ddd1-4f20-4ee0-92db-926996ec8dd1_en?filename=t%C3%BCrkiye-report-2025.pdf,2025-11-04
TUR,Turkey,ai,50,Tıbbi Cihaz Mevzuatı (TİTCK),https://www.titck.gov.tr/faaliyetalanlari/tibbicihaz/tibbi-cihaz-mevzuati,undated
TUR,Turkey,ai,50,"Türkiye 2025 Report, SWD(2025) 756 (European Commission)",https://enlargement.ec.europa.eu/document/download/4bb4ddd1-4f20-4ee0-92db-926996ec8dd1_en?filename=t%C3%BCrkiye-report-2025.pdf,2025-11-04
TUR,Turkey,ai,50,Türkiye Yapay Zeka Eylem Planı Genelgesi Resmi Gazete'de (Memurlar.net),https://www.memurlar.net/haber/1175670/turkiye-yapay-zeka-eylem-plani-genelgesi-resmi-gazete-de.html,2026-08-18
TUR,Turkey,ai,50,TBMM'nin Yapay Zekâ Komisyonu raporuna ilişkin TMMOB görüşü (BMO),https://www.bmo.org.tr/2026/04/01/tbmmnin-yapay-zeka-komisyonu-raporuna-iliskin-tmmob-gorusu/,2026-03-30
ISL,Iceland,access,62,Lög um sjúkraskrár nr. 55/2009 (Alþingi),https://www.althingi.is/lagas/nuna/2009055.html,2026-09-01
ISL,Iceland,access,62,Breytingar á lögum um sjúkraskrár samþykktar á Alþingi (Stjórnarráðið),https://www.stjornarradid.is/efst-a-baugi/frettir/stok-frett/2025/11/21/Breytingar-a-logum-um-sjukraskrar-samthykktar-a-Althingi/,2025-11-21
ISL,Iceland,access,62,Persónuverndarstefna Heilsuveru,https://www.heilsuvera.is/personuverndarstefna/,2025-06-03
ISL,Iceland,access,62,Aðgangur að sjúkraskrá (island.is),https://island.is/sjukraskra,undated
ISL,Iceland,control,55,Lög um sjúkraskrár nr. 55/2009 (Alþingi),https://www.althingi.is/lagas/nuna/2009055.html,2026-09-01
ISL,Iceland,control,55,Access to health records: FAQ (island.is),https://island.is/en/access-to-health-records/faq-health-records,undated
ISL,Iceland,control,55,Persónuverndarstefna Heilsuveru,https://www.heilsuvera.is/personuverndarstefna/,2025-06-03
ISL,Iceland,privacy,62,Sekt vegna öryggisveikleika í Heilsuveru (Persónuvernd),https://island.is/s/personuvernd/urskurdir-akvardanir-og-alit/sekt-vegna-oryggisveikleika-i-heilsuveru,2023-06-27
ISL,Iceland,privacy,62,Sekt á hendur Heilsugæslu höfuðborgarsvæðisins (Persónuvernd),https://island.is/s/personuvernd/urskurdir-akvardanir-og-alit/sekt-a-hendur-heilsugaeslu-hofudborgarsvaedisins-vegna-vinnslu-personuupplysinga-i-sameiginlegu-sjukraskrarkerfi,2025-02-17
ISL,Iceland,privacy,62,Lög um persónuvernd og vinnslu persónuupplýsinga nr. 90/2018 (Alþingi),https://www.althingi.is/lagas/nuna/2018090.html,undated
ISL,Iceland,journey,76,eHealth standardisation in the Nordic countries (TemaNord 2019:537),https://norden.diva-portal.org/smash/get/diva2:1340369/FULLTEXT01.pdf,2019
ISL,Iceland,journey,76,Breytingar á lögum um sjúkraskrár samþykktar á Alþingi (Stjórnarráðið),https://www.stjornarradid.is/efst-a-baugi/frettir/stok-frett/2025/11/21/Breytingar-a-logum-um-sjukraskrar-samthykktar-a-Althingi/,2025-11-21
ISL,Iceland,journey,76,Heilbrigðisþjónusta yfir landamæri (island.is),https://island.is/heilbrigdisthjonusta-yfir-landamaeri,undated
ISL,Iceland,commercial,58,Lög um sjúkraskrár nr. 55/2009 (Alþingi),https://www.althingi.is/lagas/nuna/2009055.html,2026-09-01
ISL,Iceland,commercial,58,Sekt á hendur Heilsugæslu höfuðborgarsvæðisins (Persónuvernd),https://island.is/s/personuvernd/urskurdir-akvardanir-og-alit/sekt-a-hendur-heilsugaeslu-hofudborgarsvaedisins-vegna-vinnslu-personuupplysinga-i-sameiginlegu-sjukraskrarkerfi,2025-02-17
ISL,Iceland,clinical,74,Lög um sjúkraskrár nr. 55/2009 (Alþingi),https://www.althingi.is/lagas/nuna/2009055.html,2026-09-01
ISL,Iceland,clinical,74,Aðgangur að lyfjagagnagrunni (island.is),https://island.is/adgangur-ad-lyfjagagnagrunni,2026-09-11
ISL,Iceland,research,50,Lög um vísindarannsóknir á heilbrigðissviði nr. 44/2014 (Alþingi),https://www.althingi.is/lagas/nuna/2014044.html,2026-09-01
ISL,Iceland,research,50,Lífsýni (island.is),https://island.is/lifsyni,undated
ISL,Iceland,research,50,Lög nr. 34/2025 um breytingu á lögum um landlækni og lýðheilsu og lögum um sjúkraskrár,https://www.althingi.is/altext/stjt/2025.034.html,2025-06-19
ISL,Iceland,ai,50,Lög um lækningatæki nr. 132/2020 (Alþingi),https://www.althingi.is/lagas/nuna/2020132.html,undated
ISL,Iceland,ai,50,Boðar fyrstu lögin og reglurnar gagnvart gervigreind (Vísir),https://www.visir.is/g/20262939826d/bodar-fyrstu-login-og-reglurnar-gagnvart-gervigreind,2026-09-27
ISR,Israel,access,66,"Chok Zchuyot HaCholeh, 1996 (Patient's Rights Act), sections 18 to 20, consolidated text (Hebrew Wikisource)",https://he.wikisource.org/wiki/%D7%97%D7%95%D7%A7_%D7%96%D7%9B%D7%95%D7%99%D7%95%D7%AA_%D7%94%D7%97%D7%95%D7%9C%D7%94,undated
ISR,Israel,access,66,"Takanot Zchuyot HaCholeh (maximum fee for a copy of a medical record or viewing it), 2019 (Hebrew Wikisource)",https://he.wikisource.org/wiki/%D7%AA%D7%A7%D7%A0%D7%95%D7%AA_%D7%96%D7%9B%D7%95%D7%99%D7%95%D7%AA_%D7%94%D7%97%D7%95%D7%9C%D7%94_(%D7%AA%D7%A9%D7%9C%D7%95%D7%9D_%D7%9E%D7%A8%D7%91%D7%99_%D7%91%D7%A2%D7%93_%D7%9E%D7%A1%D7%99%D7%A8%D7%AA_%D7%94%D7%A2%D7%AA%D7%A7_%D7%A8%D7%A9%D7%95%D7%9E%D7%94_%D7%A8%D7%A4%D7%95%D7%90%D7%99%D7%AA_%D7%90%D7%95_%D7%A2%D7%99%D7%95%D7%9F_%D7%91%D7%94),undated
ISR,Israel,access,66,"Director-General Circular 8/2019: giving patients access to personal health data, 'Health in the palm of your hand' (Ministry of Health)",https://www.gov.il/BlobFolder/policy/mk08-2019/he/files_circulars_mk_mk08_2019.pdf,2019-11-11
ISR,Israel,access,66,Clalit app: your medical information (Clalit Health Services),https://www.clalit.co.il/he/info/services/Pages/new_app.aspx,undated
ISR,Israel,control,50,"HaReshet HaLeumit LeShituf Meida Refui, Eitan (Ministry of Health)",https://www.gov.il/he/pages/shared-medical-info,2026-09-10
ISR,Israel,control,50,"Director-General Circular 8/2019: giving patients access to personal health data, 'Health in the palm of your hand' (Ministry of Health)",https://www.gov.il/BlobFolder/policy/mk08-2019/he/files_circulars_mk_mk08_2019.pdf,2019-11-11
ISR,Israel,control,50,"Chok Zchuyot HaCholeh, 1996 (Patient's Rights Act), sections 18 to 20, consolidated text (Hebrew Wikisource)",https://he.wikisource.org/wiki/%D7%97%D7%95%D7%A7_%D7%96%D7%9B%D7%95%D7%99%D7%95%D7%AA_%D7%94%D7%97%D7%95%D7%9C%D7%94,undated
ISR,Israel,control,50,"Chok Niyud Meida Refui, 2024 (Medical Information Portability Law), consolidated with Amendment 2 of 2025 (Hebrew Wikisource)",https://he.wikisource.org/wiki/%D7%97%D7%95%D7%A7_%D7%A0%D7%99%D7%95%D7%93_%D7%9E%D7%99%D7%93%D7%A2_%D7%A8%D7%A4%D7%95%D7%90%D7%99,undated
ISR,Israel,privacy,58,"Chok Haganat HaPratiut, 1981 (Protection of Privacy Law), consolidated with Amendment 13 (Hebrew Wikisource)",https://he.wikisource.org/wiki/%D7%97%D7%95%D7%A7_%D7%94%D7%92%D7%A0%D7%AA_%D7%94%D7%A4%D7%A8%D7%98%D7%99%D7%95%D7%AA,undated
ISR,Israel,privacy,58,Israel: Significant Amendment to the Privacy Law Takes Effect (Pearl Cohen),https://www.pearlcohen.com/israel-significant-amendment-to-the-privacy-law-takes-effect/,2025-09-03
ISR,Israel,privacy,58,"Meuhedet fined NIS 256,000, first fine since the privacy law amendment (NWS News)",https://nws.report/health-and-environment/151313/,2026-07-21
ISR,Israel,privacy,58,Clalit probes suspected cyberattack after Iranian-linked hackers leak patient files (Ynet News),https://www.ynetnews.com/health_science/article/ry0gesnobl,2026-02-25
ISR,Israel,journey,78,"HaReshet HaLeumit LeShituf Meida Refui, Eitan (Ministry of Health)",https://www.gov.il/he/pages/shared-medical-info,2026-09-10
ISR,Israel,journey,78,Digital prescriptions (Maccabi Healthcare Services),https://www.maccabi4u.co.il/31276/digital-services/medication/digital_prescriptions/,undated
ISR,Israel,journey,78,"Chok Niyud Meida Refui, 2024 (Medical Information Portability Law), consolidated with Amendment 2 of 2025 (Hebrew Wikisource)",https://he.wikisource.org/wiki/%D7%97%D7%95%D7%A7_%D7%A0%D7%99%D7%95%D7%93_%D7%9E%D7%99%D7%93%D7%A2_%D7%A8%D7%A4%D7%95%D7%90%D7%99,undated
ISR,Israel,journey,78,Publication of the National Health Registries Draft Bill (2025) for public comment (Gornitzky),https://www.gornitzky.com/publication-of-the-national-health-registries-draft-bill-2025-for-public-comment/,2025-12-28
ISR,Israel,commercial,56,Director-General Circular 2/2018: collaborations based on secondary use of health data (Ministry of Health),https://www.gov.il/BlobFolder/policy/mk02-2018/he/files_circulars_mk_MK02_2018.pdf,2018-01-17
ISR,Israel,commercial,56,Director-General Circular 1/2018: secondary uses of health data (Ministry of Health),https://www.gov.il/BlobFolder/policy/mk01-2018/he/files_circulars_mk_MK01_2018.pdf,2018-01-17
ISR,Israel,commercial,56,"Chok Meida Geneti, 2000 (Genetic Information Law), insurer provisions (Hebrew Wikisource)",https://he.wikisource.org/wiki/%D7%97%D7%95%D7%A7_%D7%9E%D7%99%D7%93%D7%A2_%D7%92%D7%A0%D7%98%D7%99,undated
ISR,Israel,commercial,56,"Chok Haganat HaPratiut, 1981 (Protection of Privacy Law), consolidated with Amendment 13 (Hebrew Wikisource)",https://he.wikisource.org/wiki/%D7%97%D7%95%D7%A7_%D7%94%D7%92%D7%A0%D7%AA_%D7%94%D7%A4%D7%A8%D7%98%D7%99%D7%95%D7%AA,undated
ISR,Israel,clinical,75,"HaReshet HaLeumit LeShituf Meida Refui, Eitan (Ministry of Health)",https://www.gov.il/he/pages/shared-medical-info,2026-09-10
ISR,Israel,clinical,75,"Chok Zchuyot HaCholeh, 1996 (Patient's Rights Act), sections 18 to 20, consolidated text (Hebrew Wikisource)",https://he.wikisource.org/wiki/%D7%97%D7%95%D7%A7_%D7%96%D7%9B%D7%95%D7%99%D7%95%D7%AA_%D7%94%D7%97%D7%95%D7%9C%D7%94,undated
ISR,Israel,clinical,75,"Director-General Circular 8/2019: giving patients access to personal health data, 'Health in the palm of your hand' (Ministry of Health)",https://www.gov.il/BlobFolder/policy/mk08-2019/he/files_circulars_mk_mk08_2019.pdf,2019-11-11
ISR,Israel,research,49,Director-General Circular 1/2018: secondary uses of health data (Ministry of Health),https://www.gov.il/BlobFolder/policy/mk01-2018/he/files_circulars_mk_MK01_2018.pdf,2018-01-17
ISR,Israel,research,49,"Chok Zchuyot HaCholeh, 1996 (Patient's Rights Act), sections 18 to 20, consolidated text (Hebrew Wikisource)",https://he.wikisource.org/wiki/%D7%97%D7%95%D7%A7_%D7%96%D7%9B%D7%95%D7%99%D7%95%D7%AA_%D7%94%D7%97%D7%95%D7%9C%D7%94,undated
ISR,Israel,research,49,Psifas: Israeli National Genomic Medicine Initiative,https://psifas.org.il/en/%D7%93%D7%A3-%D7%94%D7%91%D7%99%D7%AA-english/,undated
ISR,Israel,research,49,Israel's health ministry plans controversial genetic mega-database (Calcalist Ctech),https://www.calcalistech.com/ctechnews/article/kiutzefjf,2026-01-25
ISR,Israel,ai,50,"Chok Tziud Refui, 2012 (Medical Equipment Law), consolidated text (Hebrew Wikisource)",https://he.wikisource.org/wiki/%D7%97%D7%95%D7%A7_%D7%A6%D7%99%D7%95%D7%93_%D7%A8%D7%A4%D7%95%D7%90%D7%99,undated
ISR,Israel,ai,50,Key Principles for Evaluating AI-Driven Interventional Trials (Ministry of Health),https://www.gov.il/BlobFolder/rfp/key-principles-for-evaluating-ai-driven-interventional-trials/he/subjects_Digital_Medical_Technology_Key-Principles-for-Evaluating-AI-Driven-Interventional-Trials-en.pdf,undated
ISR,Israel,ai,50,"Israel Life Sciences & Healthcare: Regulatory Overview (2026) (Arnon, Tadmor-Levy)",https://arnontl.com/news/israel-life-sciences-healthcare-regulatory-overview-2026/,2026-04-21
ISR,Israel,ai,50,Israel blocks public AI tools on government hospital computers over data leak fears (Ynet News),https://www.ynetnews.com/health_science/article/bkqtty2fze,2026-06-26
LVA,Latvia,access,64,"Pacientu tiesību likums (Patient Rights Law), Article 9",https://likumi.lv/ta/id/203008-pacientu-tiesibu-likums,2009-12-17
LVA,Latvia,access,64,"Kādi dati pieejami E-veselības sistēmā, un kas tiem var piekļūt? (LV portāls)",https://lvportals.lv/skaidrojumi/388343-kadi-dati-pieejami-e-veselibas-sistema-un-kas-tiem-var-pieklut-2026,2026-04-17
LVA,Latvia,access,64,Latvijas Digitālās veselības centrs: pirmajā darbības gadā paveikts būtisks darbs,https://ldvc.lv/latvijas-digitalas-veselibas-centrs-pirmaja-darbibas-gada-paveikts-butisks-darbs-digitalas-veselibas-attistiba/,2026-02-02
LVA,Latvia,access,64,State of Health in the EU: Latvia Country Health Profile 2025 (OECD and European Commission),https://www.oecd.org/content/dam/oecd/en/publications/reports/2025/12/country-health-profile-2025-country-notes_7e72146d/latvia_49bcb16d/acdd6b03-en.pdf,2025-12
LVA,Latvia,control,62,Noteikumi par vienoto veselības nozares elektronisko informācijas sistēmu (Cabinet Regulation No. 134),https://likumi.lv/ta/id/264943,2014-03-11
LVA,Latvia,control,62,"Kādi dati pieejami E-veselības sistēmā, un kas tiem var piekļūt? (LV portāls)",https://lvportals.lv/skaidrojumi/388343-kadi-dati-pieejami-e-veselibas-sistema-un-kas-tiem-var-pieklut-2026,2026-04-17
LVA,Latvia,control,62,Doctor raises alarm over unauthorized patient data access (LSM),https://eng.lsm.lv/article/society/health/29.01.2024-doctor-raises-alarm-over-unauthorized-patient-data-access.a540705/,2024-01-29
LVA,Latvia,privacy,58,"Pacientu tiesību likums (Patient Rights Law), Article 10",https://likumi.lv/ta/id/203008-pacientu-tiesibu-likums,2009-12-17
LVA,Latvia,privacy,58,Fizisko personu datu apstrādes likums (Personal Data Processing Law),https://likumi.lv/ta/id/300099-fizisko-personu-datu-apstrades-likums,2018-06-21
LVA,Latvia,privacy,58,E-veselības dati skatīti bez iemesla: DVI atklāj pārkāpumus Latvijā (BNN),https://bnn.lv/e-veselibas-dati-skatiti-bez-iemesla-dvi-atklaj-parkapumus-latvija/,2026-03-20
LVA,Latvia,privacy,58,Damaged cable leaves patients without meds in Latvia (LSM),https://eng.lsm.lv/article/society/health/30.06.2026-damaged-cable-leaves-patients-without-meds-in-latvia.a653205/,2026-06-30
LVA,Latvia,journey,70,"E-veselības un e-vakcinācijas lietojuma pārskats, 2026 augusts (LDVC)",https://ldvc.lv/wp-content/uploads/2026/09/EVES_EVAK_2026_augusts.pdf,2026-09
LVA,Latvia,journey,70,Noteikumi par vienoto veselības nozares elektronisko informācijas sistēmu (Cabinet Regulation No. 134),https://likumi.lv/ta/id/264943,2014-03-11
LVA,Latvia,journey,70,Digital referrals now mandatory in Latvia's healthcare system (LSM),https://eng.lsm.lv/article/society/health/05.05.2026-digital-referrals-now-mandatory-in-latvias-healthcare-system.a645708/,2026-05-05
LVA,Latvia,journey,70,State of Health in the EU: Latvia Country Health Profile 2025 (OECD and European Commission),https://www.oecd.org/content/dam/oecd/en/publications/reports/2025/12/country-health-profile-2025-country-notes_7e72146d/latvia_49bcb16d/acdd6b03-en.pdf,2025-12
LVA,Latvia,commercial,55,"Pacientu tiesību likums (Patient Rights Law), Article 10",https://likumi.lv/ta/id/203008-pacientu-tiesibu-likums,2009-12-17
LVA,Latvia,commercial,55,"Kārtība, kādā atļauj izmantot pacienta datus konkrētā pētījumā (Cabinet Regulation No. 446)",https://likumi.lv/ta/id/275747-kartiba-kada-atlauj-izmantot-pacienta-datus-konkreta-petijuma,2015-08-04
LVA,Latvia,clinical,66,"Kādi dati pieejami E-veselības sistēmā, un kas tiem var piekļūt? (LV portāls)",https://lvportals.lv/skaidrojumi/388343-kadi-dati-pieejami-e-veselibas-sistema-un-kas-tiem-var-pieklut-2026,2026-04-17
LVA,Latvia,clinical,66,Noteikumi par vienoto veselības nozares elektronisko informācijas sistēmu (Cabinet Regulation No. 134),https://likumi.lv/ta/id/264943,2014-03-11
LVA,Latvia,clinical,66,"E-veselības un e-vakcinācijas lietojuma pārskats, 2026 augusts (LDVC)",https://ldvc.lv/wp-content/uploads/2026/09/EVES_EVAK_2026_augusts.pdf,2026-09
LVA,Latvia,clinical,66,Latvia will start exchanging laboratory data with other EU states (LSM),https://eng.lsm.lv/article/society/health/04.06.2026-latvia-will-start-exchanging-laboratory-data-with-other-eu-states.a650077/,2026-06-04
LVA,Latvia,research,50,"Pacientu tiesību likums (Patient Rights Law), Article 10(7) to 10(9)",https://likumi.lv/ta/id/203008-pacientu-tiesibu-likums,2009-12-17
LVA,Latvia,research,50,"Kārtība, kādā atļauj izmantot pacienta datus konkrētā pētījumā (Cabinet Regulation No. 446)",https://likumi.lv/ta/id/275747-kartiba-kada-atlauj-izmantot-pacienta-datus-konkreta-petijuma,2015-08-04
LVA,Latvia,research,50,European Health Data Space Regulation (European Commission),https://health.ec.europa.eu/ehealth-digital-health-and-care/european-health-data-space-regulation-ehds_en,2026-07-08
LVA,Latvia,ai,50,Latvija sper soli pretī drošam un atbildīgam mākslīgajam intelektam (VARAM),https://www.varam.gov.lv/lv/jaunums/latvija-sper-soli-preti-drosam-un-atbildigam-maksligajam-intelektam-valdiba-izskata-mi-akta-ieviesanas-planu,2025-02-25
LVA,Latvia,ai,50,Mākslīgā intelekta (MI) akts (VARAM),https://www.varam.gov.lv/lv/maksliga-intelekta-mi-akts,2026-09-29
SGP,Singapore,access,62,"NEHR FAQ (Synapxe, operator of the NEHR)",https://www.synapxe.sg/healthtech/national-programmes/national-electronic-health-record-nehr/faq,undated
SGP,Singapore,access,62,"Overview of the Health Information Act (HIA) (healthinfo.gov.sg, MOH)",https://www.healthinfo.gov.sg/hia/,undated
SGP,Singapore,access,62,"Advisory Guidelines for the Healthcare Sector, revised 20 September 2023 (PDPC)",https://www.pdpc.gov.sg/-/media/files/pdpc/pdf-files/advisory-guidelines/advisory-guidelines-for-the-healthcare-sector-sep-2023.pdf,2023-09-20
SGP,Singapore,access,62,"Personal Data Protection Act 2012, sections 4, 21, 26D and 48J (Singapore Statutes Online)",https://sso.agc.gov.sg/Act/PDPA2012,undated
SGP,Singapore,control,58,"Health Information Act 2026 (No. 1 of 2026), Singapore Statutes Online",https://sso.agc.gov.sg/Act/HIA2026/Uncommenced/20260624040946?DocDate=20260212,2026-02-13
SGP,Singapore,control,58,"Overview of the Health Information Act (HIA) (healthinfo.gov.sg, MOH)",https://www.healthinfo.gov.sg/hia/,undated
SGP,Singapore,control,58,"NEHR FAQ (Synapxe, operator of the NEHR)",https://www.synapxe.sg/healthtech/national-programmes/national-electronic-health-record-nehr/faq,undated
SGP,Singapore,control,58,Health Information Bill to support coordinated care across Singapore's healthcare ecosystem (MOH),https://www.moh.gov.sg/newsroom/health-information-bill-to-support-coordinated-care-across-singapore-s-healthcare-ecosystem/,2026-01-12
SGP,Singapore,privacy,62,Grounds of Decision: Singapore Health Services Pte Ltd and others (PDPC),https://www.pdpc.gov.sg/-/media/Files/PDPC/PDF-Files/Commissions-Decisions/Grounds-of-Decision---SingHealth-IHiS---150119.pdf,2019-01-14
SGP,Singapore,privacy,62,"Personal Data Protection Act 2012, sections 4, 21, 26D and 48J (Singapore Statutes Online)",https://sso.agc.gov.sg/Act/PDPA2012,undated
SGP,Singapore,privacy,62,"Health Information Act 2026 (No. 1 of 2026), Singapore Statutes Online",https://sso.agc.gov.sg/Act/HIA2026/Uncommenced/20260624040946?DocDate=20260212,2026-02-13
SGP,Singapore,privacy,62,Extra safeguards for more sensitive medical info like mental health conditions: MOH (The Straits Times),https://www.straitstimes.com/singapore/health/added-safeguards-for-medical-records-that-are-more-sensitive-such-as-mental-health-conditions-moh,2026-01-16
SGP,Singapore,journey,64,Health Information Bill to support coordinated care across Singapore's healthcare ecosystem (MOH),https://www.moh.gov.sg/newsroom/health-information-bill-to-support-coordinated-care-across-singapore-s-healthcare-ecosystem/,2026-01-12
SGP,Singapore,journey,64,All healthcare service providers must contribute and share patients' key health information (The Straits Times),https://www.straitstimes.com/singapore/politics/all-healthcare-service-providers-must-contribute-and-share-patients-key-health-information,2026-01-12
SGP,Singapore,journey,64,"Overview of the Health Information Act (HIA) (healthinfo.gov.sg, MOH)",https://www.healthinfo.gov.sg/hia/,undated
SGP,Singapore,commercial,62,Health Information Bill to support coordinated care across Singapore's healthcare ecosystem (MOH),https://www.moh.gov.sg/newsroom/health-information-bill-to-support-coordinated-care-across-singapore-s-healthcare-ecosystem/,2026-01-12
SGP,Singapore,commercial,62,"Patients must be notified, give consent for their health information to be shared with insurers (The Straits Times)",https://www.straitstimes.com/singapore/health/patients-need-to-be-notified-and-consent-sought-for-sharing-of-relevant-information-with-insurers,2026-01-26
SGP,Singapore,commercial,62,Moratorium on Genetic Testing and Insurance (MOH),https://www.moh.gov.sg/others/resources-and-statistics/moratorium-on-genetic-testing-and-insurance/,undated
SGP,Singapore,commercial,62,"Advisory Guidelines for the Healthcare Sector, revised 20 September 2023 (PDPC)",https://www.pdpc.gov.sg/-/media/files/pdpc/pdf-files/advisory-guidelines/advisory-guidelines-for-the-healthcare-sector-sep-2023.pdf,2023-09-20
SGP,Singapore,clinical,68,Health Information Bill to support coordinated care across Singapore's healthcare ecosystem (MOH),https://www.moh.gov.sg/newsroom/health-information-bill-to-support-coordinated-care-across-singapore-s-healthcare-ecosystem/,2026-01-12
SGP,Singapore,clinical,68,"Health Information Act 2026 (No. 1 of 2026), Singapore Statutes Online",https://sso.agc.gov.sg/Act/HIA2026/Uncommenced/20260624040946?DocDate=20260212,2026-02-13
SGP,Singapore,clinical,68,Extra safeguards for more sensitive medical info like mental health conditions: MOH (The Straits Times),https://www.straitstimes.com/singapore/health/added-safeguards-for-medical-records-that-are-more-sensitive-such-as-mental-health-conditions-moh,2026-01-16
SGP,Singapore,research,50,"Health Information Act 2026 (No. 1 of 2026), Singapore Statutes Online",https://sso.agc.gov.sg/Act/HIA2026/Uncommenced/20260624040946?DocDate=20260212,2026-02-13
SGP,Singapore,research,50,"NEHR FAQ (Synapxe, operator of the NEHR)",https://www.synapxe.sg/healthtech/national-programmes/national-electronic-health-record-nehr/faq,undated
SGP,Singapore,research,50,Regulation of human biomedical research (MOH),https://www.moh.gov.sg/others/health-regulation/regulation-of-human-biomedical-research/,undated
SGP,Singapore,research,50,How TRUST ensures data is safe (TRUST Platform),https://www.trustplatform.sg/about-us/how-trust-ensures-data-is-safe/,undated
SGP,Singapore,ai,62,GL-04 Revision 4: Regulatory Guidelines for Software Medical Devices including Machine Learning-Enabled Medical Devices (HSA),https://isomer-user-content.by.gov.sg/409/26808a93-6a7a-4551-8c66-13046c6124c5/gl-04-r4-regulatory-guidelines-for-software-medical-devices---a-life-cycle-approach-(2025-dec)-pub.pdf,2025-12
SGP,Singapore,ai,62,Artificial Intelligence in Healthcare Guidelines (AIHGle) Version 2.0 (MOH and HSA),https://isomer-user-content.by.gov.sg/3/23fb5b36-56b4-4abb-9370-75c9ddcaf3ed/AIHGle%202.0.pdf,2026-03
SGP,Singapore,ai,62,Singapore: MOH and HSA Launch Refreshed AI in Healthcare Guidelines (Baker McKenzie),https://www.bakermckenzie.com/en/insight/publications/2026/03/singapore-moh-and-hsa-launch-refreshed-ai-in-healthcare-guidelines,2026-03-31
SVN,Slovenia,access,66,41. clen ZPacP: Nacin seznanitve z zdravstveno dokumentacijo (zakonodaja.com),https://zakonodaja.com/zakon/zpacp/41-clen-nacin-seznanitve-z-zdravstveno-dokumentacijo,undated
SVN,Slovenia,access,66,Portal in mobilna aplikacija zVEM (NIJZ),https://nijz.si/informatika-v-zdravstvu/ezdravje/portal-in-mobilna-aplikacija-zvem-vase-zdravje-na-dosegu-roke/,2026-08-26
SVN,Slovenia,access,66,Kateri izvajalci zdravstvene dejavnosti posredujejo podatke v CRPP? (eZdravje podpora),https://podpora.ezdrav.si/faq/kateri-izvajalci-zdravstvene-dejavnosti-posredujejo-podatke-v-crpp/,undated
SVN,Slovenia,control,60,"Zakon o spremembah in dopolnitvah ZZPPZ (ZZPPZ-A), Uradni list RS 47/2015",https://www.uradni-list.si/glasilo-uradni-list-rs/vsebina/2015-01-1933?sop=2015-01-1933,2015-06-30
SVN,Slovenia,control,60,Na kaksen nacin lahko prepovem vpogled v svoj Povzetek podatkov o pacientu? (eZdravje podpora),https://podpora.ezdrav.si/faq/na-kaksen-nacin-lahko-prepovem-vpogled-v-svoj-povzetek-podatkov-o-pacientu/,undated
SVN,Slovenia,control,60,Na koga naj se obrnem za natancnejse podatke o vpogledih v svojo zdravstveno dokumentacijo? (eZdravje podpora),https://podpora.ezdrav.si/faq/na-koga-naj-se-obrnem-za-natancnejse-podatke-o-vpogledih-v-svojo-zdravstveno-dokumentacijo-ali-lahko-pridobim-poimenske-podatke-oseb-zdravstvenih-delavcev-ki-dostopajo-do-mojih-podatkov/,undated
SVN,Slovenia,control,60,Kateri zdravstveni delavci imajo vpogled v CRPP in pod kaksnimi pogoji? (eZdravje podpora),https://podpora.ezdrav.si/faq/kateri-zdravstveni-delavci-imajo-vpogled-v-crpp-in-pod-kaksnimi-pogoji/,undated
SVN,Slovenia,privacy,62,"Zakon o varstvu osebnih podatkov (ZVOP-2), Uradni list RS 163/2022",https://www.uradni-list.si/glasilo-uradni-list-rs/vsebina/2022-01-4187?sop=2022-01-4187,2022-12-27
SVN,Slovenia,privacy,62,Malomarno ravnanje: obcutljivi podatki bolnikov v smeteh (24ur),https://www.24ur.com/novice/slovenija/malomarno-ravnanje-obcutljivi-podatki-bolnikov-v-smeteh.html,2025-01-15
SVN,Slovenia,privacy,62,41. clen ZPacP: Nacin seznanitve z zdravstveno dokumentacijo (zakonodaja.com),https://zakonodaja.com/zakon/zpacp/41-clen-nacin-seznanitve-z-zdravstveno-dokumentacijo,undated
SVN,Slovenia,journey,66,eHealth (eZdravje),https://ezdrav.si/en/ehealth/,undated
SVN,Slovenia,journey,66,Kateri izvajalci zdravstvene dejavnosti posredujejo podatke v CRPP? (eZdravje podpora),https://podpora.ezdrav.si/faq/kateri-izvajalci-zdravstvene-dejavnosti-posredujejo-podatke-v-crpp/,undated
SVN,Slovenia,journey,66,Elektronska komunikacija z zdravnikom po novem: kaj moram storiti (N1),https://n1info.si/novice/slovenija/elektronska-komunikacija-z-zdravnikom-po-novem-kaj-moram-storiti/,2026-01-07
SVN,Slovenia,journey,66,Patient information notices: Slovenia (European Commission),https://health.ec.europa.eu/ehealth-digital-health-and-care/digital-health-and-care/electronic-cross-border-health-services/patient-information-notices-slovenia_en,undated
SVN,Slovenia,commercial,60,European Health Data Space Regulation (European Commission),https://health.ec.europa.eu/ehealth-digital-health-and-care/european-health-data-space-regulation-ehds_en,undated
SVN,Slovenia,commercial,60,Data protection (European Commission),https://commission.europa.eu/law/law-topic/data-protection_en,undated
SVN,Slovenia,commercial,60,"Zakon o varstvu osebnih podatkov (ZVOP-2), Uradni list RS 163/2022",https://www.uradni-list.si/glasilo-uradni-list-rs/vsebina/2022-01-4187?sop=2022-01-4187,2022-12-27
SVN,Slovenia,clinical,68,Kateri zdravstveni delavci imajo vpogled v CRPP in pod kaksnimi pogoji? (eZdravje podpora),https://podpora.ezdrav.si/faq/kateri-zdravstveni-delavci-imajo-vpogled-v-crpp-in-pod-kaksnimi-pogoji/,undated
SVN,Slovenia,clinical,68,Na kaksen nacin lahko zdravnik pridobi dostop do dokumentacije v izrednih primerih? (eZdravje podpora),https://podpora.ezdrav.si/faq/na-kaksen-nacin-lahko-zdravnik-pridobi-dostop-do-dokumentacije-v-izrednih-primerih/,undated
SVN,Slovenia,clinical,68,"Zakon o spremembah in dopolnitvah ZZPPZ (ZZPPZ-A), Uradni list RS 47/2015",https://www.uradni-list.si/glasilo-uradni-list-rs/vsebina/2015-01-1933?sop=2015-01-1933,2015-06-30
SVN,Slovenia,research,45,"Zakon o varstvu osebnih podatkov (ZVOP-2), Uradni list RS 163/2022",https://www.uradni-list.si/glasilo-uradni-list-rs/vsebina/2022-01-4187?sop=2022-01-4187,2022-12-27
SVN,Slovenia,research,45,Podpora institucijam za dostop do zdravstvenih podatkov v Sloveniji (NIJZ),https://nijz.si/projekti/podpora-institucijam-za-dostop-do-zdravstvenih-podatkov-v-sloveniji/,undated
SVN,Slovenia,research,45,European Health Data Space Regulation (European Commission),https://health.ec.europa.eu/ehealth-digital-health-and-care/european-health-data-space-regulation-ehds_en,undated
SVN,Slovenia,ai,50,"Zakon o izvajanju uredbe (EU) o dolocitvi harmoniziranih pravil o umetni inteligenci (ZIUDHPUI), Uradni list RS 85/2025",https://www.uradni-list.si/glasilo-uradni-list-rs/vsebina/2025-01-3035/zakon-o-izvajanju-uredbe-eu-o-dolocitvi-harmoniziranih-pravil-o-umetni-inteligenci-ziudhpui,2025-11-06
SVN,Slovenia,ai,50,Kaj prinasa Zakon o izvajanju Akta o umetni inteligenci? (Jadek & Pensa),https://www.jadek-pensa.si/kaj-prinasa-zakon-o-izvajanju-akta-o-umetni-inteligenci/,2025-12-05
SVN,Slovenia,ai,50,AI Act: regulatory framework for AI (European Commission),https://digital-strategy.ec.europa.eu/en/policies/regulatory-framework-ai,2026-08-03
LIE,Liechtenstein,access,64,"Gesetz über das elektronische Gesundheitsdossier (EGDG), Fassung 01.02.2026",https://www.gesetze.li/konso/pdf/2021213000?version=4,2026-02-01
LIE,Liechtenstein,access,64,Weiterentwicklung des elektronischen Gesundheitsdossiers (Regierung des Fürstentums Liechtenstein),https://www.regierung.li/medienportal-medium/16182/234283/0/medienmitteilung,2026-03-03
LIE,Liechtenstein,access,64,"Gesetz über die Ärzte (Ärztegesetz), Fassung 01.01.2026",https://www.gesetze.li/konso/pdf/2003239000?version=14,2026-01-01
LIE,Liechtenstein,access,64,eGD: Akzeptanz-Problem (lie:zeit),https://www.lie-zeit.li/2026/04/egd-akzeptanz-problem/,2026-04-19
LIE,Liechtenstein,control,74,"Gesetz über das elektronische Gesundheitsdossier (EGDG), Fassung 01.02.2026",https://www.gesetze.li/konso/pdf/2021213000?version=4,2026-02-01
LIE,Liechtenstein,control,74,"Verordnung über das elektronische Gesundheitsdossier (EGDV), Fassung 01.03.2024",https://www.gesetze.li/konso/pdf/2022365000?version=2,2024-03-01
LIE,Liechtenstein,control,74,Kleine Anfrage Elektronisches Gesundheitsdossier (eGD) (Landtag),https://www.landtag.li/printkleineanfrage/25139/?t=638267490026099788,2023-06-02
LIE,Liechtenstein,control,74,Volksabstimmungen zu den beiden Energievorlagen und dem E-Gesundheitsdossier vom 21. Januar 2024 (Liechtenstein-Institut),https://s3.eu-central-1.amazonaws.com/ext-linst-c5-web-liechtenstein-institut.li-2019/4717/0800/9706/LI_Aktuell_2024_1_Energie_eGD_final.pdf,2024
LIE,Liechtenstein,privacy,62,EEA-Lex factsheet: Regulation (EU) 2016/679 (EFTA),https://www.efta.int/eea-lex/32016r0679,undated
LIE,Liechtenstein,privacy,62,"Gesetz über das elektronische Gesundheitsdossier (EGDG), Fassung 01.02.2026",https://www.gesetze.li/konso/pdf/2021213000?version=4,2026-02-01
LIE,Liechtenstein,privacy,62,Tätigkeitsbericht 2025 (Datenschutzstelle Liechtenstein),https://www.datenschutzstelle.li/aktuelles/taetigkeitsbericht-2025,2026-09-04
LIE,Liechtenstein,privacy,62,IT-Sicherheit beim elektronischen Gesundheitsdossier im Fürstentum Liechtenstein (Pentagrid),https://www.pentagrid.ch/en/blog/it-sicherheit-beim-elektronischen-gesundheitsdossier-im-fuerstentum-liechtenstein/,2023-09-14
LIE,Liechtenstein,journey,54,"Gesetz über das elektronische Gesundheitsdossier (EGDG), Fassung 01.02.2026",https://www.gesetze.li/konso/pdf/2021213000?version=4,2026-02-01
LIE,Liechtenstein,journey,54,"Verordnung über das elektronische Gesundheitsdossier (EGDV), Fassung 01.03.2024",https://www.gesetze.li/konso/pdf/2022365000?version=2,2024-03-01
LIE,Liechtenstein,journey,54,Weiterentwicklung des elektronischen Gesundheitsdossiers (Regierung des Fürstentums Liechtenstein),https://www.regierung.li/medienportal-medium/16182/234283/0/medienmitteilung,2026-03-03
LIE,Liechtenstein,journey,54,Anbindung an das elektronische Gesundheitsdossier (eGD) des Fürstentums Liechtenstein (HOCH Health Ostschweiz),https://www.h-och.ch/ueber-uns/news/anbindung-an-das-elektronische-gesundheitsdossier-e-gd-des-fuerstentums-liechtenstein-2026-04-14/,2026-04-14
LIE,Liechtenstein,commercial,54,EEA-Lex factsheet: Regulation (EU) 2016/679 (EFTA),https://www.efta.int/eea-lex/32016r0679,undated
LIE,Liechtenstein,commercial,54,"EEA-Lex factsheet: Regulation (EU) 2025/327, European Health Data Space (EFTA)",https://www.efta.int/eea-lex/32025r0327,undated
LIE,Liechtenstein,commercial,54,"Gesetz über das elektronische Gesundheitsdossier (EGDG), Fassung 01.02.2026",https://www.gesetze.li/konso/pdf/2021213000?version=4,2026-02-01
LIE,Liechtenstein,clinical,63,"Verordnung über das elektronische Gesundheitsdossier (EGDV), Fassung 01.03.2024",https://www.gesetze.li/konso/pdf/2022365000?version=2,2024-03-01
LIE,Liechtenstein,clinical,63,"Gesetz über das elektronische Gesundheitsdossier (EGDG), Fassung 01.02.2026",https://www.gesetze.li/konso/pdf/2021213000?version=4,2026-02-01
LIE,Liechtenstein,research,42,Summary Report of the Coordination Office for Human Research (Kofam) 2021 (FOPH / swissethics),https://swissethics.ch/assets/swissethics/jahresberichte/bag_jahresbericht_2021_a4_en.pdf,undated
LIE,Liechtenstein,research,42,"Gesetz über das elektronische Gesundheitsdossier (EGDG), Fassung 01.02.2026",https://www.gesetze.li/konso/pdf/2021213000?version=4,2026-02-01
LIE,Liechtenstein,research,42,"EEA-Lex factsheet: Regulation (EU) 2025/327, European Health Data Space (EFTA)",https://www.efta.int/eea-lex/32025r0327,undated
LIE,Liechtenstein,research,42,Verwaltungsvereinbarung Amt für Gesundheit und Swissmedic (LGBl. 2024 Nr. 74),https://gesetze.li/konso/html/2024074000?search_loc=&search_text=&version=1,2024-02-27
LIE,Liechtenstein,ai,50,EEA-Lex factsheet: Regulation (EU) 2017/745 (EFTA),https://www.efta.int/eea-lex/32017r0745,undated
LIE,Liechtenstein,ai,50,"EEA-Lex factsheet: Regulation (EU) 2024/1689, AI Act (EFTA)",https://www.efta.int/eea-lex/32024r1689,undated
LIE,Liechtenstein,ai,50,Verwaltungsvereinbarung Amt für Gesundheit und Swissmedic (LGBl. 2024 Nr. 74),https://gesetze.li/konso/html/2024074000?search_loc=&search_text=&version=1,2024-02-27
LIE,Liechtenstein,ai,50,Der AI-Act ist gestaffelt anwendbar (digital-liechtenstein.li),https://digital-liechtenstein.li/der-ai-act-ist-gestaffelt-anwendbar/,2026-07-27
ESP,Spain,access,66,"Ley 41/2002, básica reguladora de la autonomía del paciente (BOE, texto consolidado)",https://www.boe.es/buscar/act.php?id=BOE-A-2002-22188,2002-11-15
ESP,Spain,access,66,Historia Clínica Digital del SNS: preguntas frecuentes (Ministerio de Sanidad),https://www.sanidad.gob.es/profesionales/hcdsns/Preguntas_frecuentes.htm,undated
ESP,Spain,access,66,"Digital Decade 2025 country report: Spain (European Commission, published by the Spanish government)",https://digital.gob.es/content/dam/portal-mtdfp/comunicacion/comunicacion_sedia/2025/06/16-06-2025/20250616InformeEspanaDecadaDigitalSDD25.pdf,2025-06-16
ESP,Spain,access,66,La AEPD sanciona a un centro médico por cobrar 30 euros por entregar una historia clínica (Iberley),https://www.iberley.es/noticias/la-aepd-sanciona-cobrar-30-euros-acceder-historia-clinica-36403,2026-04-30
ESP,Spain,control,64,Historia Clínica Digital del SNS: preguntas frecuentes (Ministerio de Sanidad),https://www.sanidad.gob.es/profesionales/hcdsns/Preguntas_frecuentes.htm,undated
ESP,Spain,control,64,Historia Clínica Digital del Sistema Nacional de Salud (Comunidad de Madrid),https://www.comunidad.madrid/salud/historia-clinica-digital-sistema-nacional-salud,2025-11-20
ESP,Spain,control,64,"Preguntas frecuentes, La Meva Salut (Generalitat de Catalunya)",https://lamevasalut.gencat.cat/es/web/cps/ajuda/preguntes-frequents,undated
ESP,Spain,control,64,Trazabilidad de los accesos a datos de salud: la AEPD anticipa el estándar del EHDS (Cuatrecasas),https://www.cuatrecasas.com/es/spain/farmaceutico-sanitario/art/trazabilidad-accesos-datos-salud,2026-07-13
ESP,Spain,privacy,56,"Ley Orgánica 3/2018 de Protección de Datos Personales y garantía de los derechos digitales (BOE, texto consolidado)",https://www.boe.es/buscar/act.php?id=BOE-A-2018-16673,2018-12-06
ESP,Spain,privacy,56,"Un hospital del Grupo Quirón recibe una multa de 1,2 millones de euros por perder el CD de un paciente (Infobae)",https://www.infobae.com/espana/2026/02/12/un-hospital-del-grupo-quiron-recibe-una-multa-de-12-millones-de-euros-por-perder-el-cd-de-un-paciente-que-aporto-resonancias-hechas-en-otros-centros/,2026-02-12
ESP,Spain,privacy,56,El software para psicólogos Eholo sufre una grave filtración de datos (Escudo Digital),https://www.escudodigital.com/ciberseguridad/eholo-startup-filtracion-datos-pacientes.html,2026-03-05
ESP,Spain,privacy,56,Un grupo de hackers asegura haber robado datos médicos y financieros de pacientes de Quirón en España (La Voz del Sur),https://www.lavozdelsur.es/actualidad/salud/un-grupo-de-hackers-asegura-haber-robado-datos-medicos-y-financieros-de-pacientes-de-quiron-en-espana.html,2026-08-11
ESP,Spain,journey,64,Historia Clínica Digital del SNS: preguntas frecuentes (Ministerio de Sanidad),https://www.sanidad.gob.es/profesionales/hcdsns/Preguntas_frecuentes.htm,undated
ESP,Spain,journey,64,Receta Electrónica del Sistema Nacional de Salud (RESNS) (Ministerio de Sanidad),https://www.sanidad.gob.es/areas/saludDigital/recetaElectronicaSNS/home.htm,undated
ESP,Spain,journey,64,"Recommendations for a national electronic health record in Spain: a Delphi study (The Lancet Digital Health, via University of Edinburgh)",https://www.research.ed.ac.uk/en/publications/recommendations-for-a-national-electronic-health-record-in-spain-/,2026-08-19
ESP,Spain,journey,64,Presentado el Espacio Nacional de Datos de Salud (Ministerio para la Transformación Digital y de la Función Pública),https://digital.gob.es/digitalizacion/la-economia-del-dato/actualidad/2026/01/presentado-el-espacio-nacional-de-datos-de-salud,2026-01-29
ESP,Spain,commercial,60,"Ley 41/2002, básica reguladora de la autonomía del paciente (BOE, texto consolidado)",https://www.boe.es/buscar/act.php?id=BOE-A-2002-22188,2002-11-15
ESP,Spain,commercial,60,"Real Decreto-ley 5/2023, art. 209: derecho al olvido oncológico en el contrato de seguro (BOE)",https://www.boe.es/buscar/act.php?id=BOE-A-2023-15135,2023-06-28
ESP,Spain,commercial,60,"Ley Orgánica 3/2018 de Protección de Datos Personales y garantía de los derechos digitales (BOE, texto consolidado)",https://www.boe.es/buscar/act.php?id=BOE-A-2018-16673,2018-12-06
ESP,Spain,commercial,60,Presentado el Espacio Nacional de Datos de Salud (Ministerio para la Transformación Digital y de la Función Pública),https://digital.gob.es/digitalizacion/la-economia-del-dato/actualidad/2026/01/presentado-el-espacio-nacional-de-datos-de-salud,2026-01-29
ESP,Spain,clinical,60,"Ley 41/2002, básica reguladora de la autonomía del paciente (BOE, texto consolidado)",https://www.boe.es/buscar/act.php?id=BOE-A-2002-22188,2002-11-15
ESP,Spain,clinical,60,"La història clínica compartida, present a tots els hospitals i els CAP de la xarxa sanitària pública (Govern de Catalunya)",https://govern.cat/gov/notes-premsa/275211/la-historia-clinica-compartida-present-a-tots-els-hospitals-i-els-cap-de-la-xarxa-sanitaria-publica,2014-09-01
ESP,Spain,clinical,60,Historia Clínica Digital del SNS: preguntas frecuentes (Ministerio de Sanidad),https://www.sanidad.gob.es/profesionales/hcdsns/Preguntas_frecuentes.htm,undated
ESP,Spain,research,50,"Ley Orgánica 3/2018 de Protección de Datos Personales y garantía de los derechos digitales (BOE, texto consolidado)",https://www.boe.es/buscar/act.php?id=BOE-A-2018-16673,2018-12-06
ESP,Spain,research,50,"Real Decreto 1090/2015, ensayos clínicos con medicamentos (BOE)",https://www.boe.es/buscar/act.php?id=BOE-A-2015-14082,2015-12-04
ESP,Spain,research,50,European Health Data Space Regulation (EHDS) (European Commission),https://health.ec.europa.eu/ehealth-digital-health-and-care/european-health-data-space-regulation-ehds_en,undated
ESP,Spain,research,50,Consulta pública previa sobre el Anteproyecto de Ley de Salud Digital (Ministerio de Sanidad),https://www.sanidad.gob.es/normativa/docs/2025.09.22_CPP_CPP_APL_Salud_Digital1_.pdf,2025-09-22
ESP,Spain,ai,50,¿Qué es la AESIA? (Agencia Española de Supervisión de Inteligencia Artificial),https://aesia.digital.gob.es/es,undated
ESP,Spain,ai,50,"El Gobierno regula la inteligencia artificial para asegurar un uso confiable, ético y garantista (La Moncloa, Consejo de Ministros 26.5.2026)",https://www.lamoncloa.gob.es/consejodeministros/resumenes/paginas/2026/260526-rueda-prensa-ministros.aspx,2026-05-26
ESP,Spain,ai,50,Consulta pública previa sobre el Anteproyecto de Ley de Salud Digital (Ministerio de Sanidad),https://www.sanidad.gob.es/normativa/docs/2025.09.22_CPP_CPP_APL_Salud_Digital1_.pdf,2025-09-22
ESP,Spain,ai,50,Digital Omnibus on AI has been published (Cuatrecasas),https://www.cuatrecasas.com/en/global/intellectual-property/art/digital-omnibus-ai-has-been-published,2026-07-24
HRV,Croatia,access,62,Zakon o zastiti prava pacijenata (NN 169/04),https://narodne-novine.nn.hr/clanci/sluzbeni/full/2004_12_169_2953.html,2004-12-03
HRV,Croatia,access,62,HZZO za e-Gradane,https://hzzo.hr/e-gradani/hzzo-za-e-gradane,undated
HRV,Croatia,access,62,Portal zdravlja dostupan i na mobilnim uredajima (gov.hr),https://gov.hr/hr/portal-zdravlja-dostupan-i-na-mobilnim-uredjajima/2340,undated
HRV,Croatia,access,62,Pravilnik o opsegu i sadrzaju podataka te nacinu vodenja e-Kartona (NN 74/2023),https://narodne-novine.nn.hr/clanci/sluzbeni/2023_07_74_1210.html,2023-07-06
HRV,Croatia,control,66,eKarton pravila privatnosti (Ministarstvo zdravstva),https://mobilne.portal.zdravlje.hr/ek/ekarton-pravila-privatnosti.html,2026-06-24
HRV,Croatia,control,66,Pravilnik o opsegu i sadrzaju podataka te nacinu vodenja e-Kartona (NN 74/2023),https://narodne-novine.nn.hr/clanci/sluzbeni/2023_07_74_1210.html,2023-07-06
HRV,Croatia,control,66,Zakon o podacima i informacijama u zdravstvu (NN 14/19),https://narodne-novine.nn.hr/clanci/sluzbeni/full/2019_02_14_269.html,2019-02-07
HRV,Croatia,control,66,HZZO za e-Gradane,https://hzzo.hr/e-gradani/hzzo-za-e-gradane,undated
HRV,Croatia,privacy,52,Zakon o provedbi Opce uredbe o zastiti podataka (NN 42/18),https://narodne-novine.nn.hr/clanci/sluzbeni/2018_05_42_805.html,2018-05-09
HRV,Croatia,privacy,52,Izdane nove upravne novcane kazne u ukupnom iznosu od 270.700 eura (AZOP),https://azop.hr/izdane-nove-upravne-novcane-kazne-u-ukupnom-iznosu-od-270-700-eura/,2024-09-13
HRV,Croatia,privacy,52,Izreceno novih sedam upravnih novcanih kazni u iznosu od 169.000 eura (AZOP),https://azop.hr/sedam-novih-upravnih-novcanih-kazni-u-iznosu-od-169-000-eura/,2025-03-24
HRV,Croatia,privacy,52,"KBC Zagreb je kontaktirao AZOP, ali pacijente i dalje nije obavijestio (Faktograf)",https://faktograf.hr/2024/07/08/kbc-zagreb-je-kontaktirao-azop-ali-pacijente-i-dalje-nije-obavijestio-o-mogucoj-kradi-podataka/,2024-07-08
HRV,Croatia,journey,68,"Zakon o podacima i informacijama u zdravstvu (NN 14/19, HLK copy)",https://www.hlk.hr/EasyEdit/UserFiles/propisi/zakon-o-podacima-i-informacijama-u-zdravstvu-nn-14-2019.pdf,2019-02-07
HRV,Croatia,journey,68,Developing an integrated e-health system in Croatia (WHO Europe),https://www.integratedcare4people.org/practices/327/developing-an-integrated-e-health-system-in-croatia-to-drive-care-improvements/,2016
HRV,Croatia,journey,68,Introduction of electronic health records in hospitals (WHO European Observatory),https://eurohealthobservatory.who.int/monitors/health-systems-monitor/updates/hspm/croatia-2022/introduction-of-electronic-health-records-in-hospitals,2022-10-21
HRV,Croatia,journey,68,Rok za prikljucivanje produljen (Glas Slavonije),https://www.glas-slavonije.hr/novosti/hrvatska/2026/08/13/rok-za-prikljucivanje-produljen-nalazi-privatnih-lijecnika-tek-od-1-sijecnja-iduce-godine-u-cezih-u-779594/,2026-08-13
HRV,Croatia,commercial,56,"Zakon o podacima i informacijama u zdravstvu (NN 14/19, HLK copy)",https://www.hlk.hr/EasyEdit/UserFiles/propisi/zakon-o-podacima-i-informacijama-u-zdravstvu-nn-14-2019.pdf,2019-02-07
HRV,Croatia,commercial,56,Regulation (EU) 2016/679 (GDPR),https://eur-lex.europa.eu/eli/reg/2016/679/oj/eng,2016-04-27
HRV,Croatia,commercial,56,European Health Data Space Regulation (European Commission),https://health.ec.europa.eu/ehealth-digital-health-and-care/european-health-data-space-regulation-ehds_en,undated
HRV,Croatia,clinical,64,Pravilnik o opsegu i sadrzaju podataka te nacinu vodenja e-Kartona (NN 74/2023),https://narodne-novine.nn.hr/clanci/sluzbeni/2023_07_74_1210.html,2023-07-06
HRV,Croatia,clinical,64,eKarton pravila privatnosti (Ministarstvo zdravstva),https://mobilne.portal.zdravlje.hr/ek/ekarton-pravila-privatnosti.html,2026-06-24
HRV,Croatia,clinical,64,Rok za prikljucivanje produljen (Glas Slavonije),https://www.glas-slavonije.hr/novosti/hrvatska/2026/08/13/rok-za-prikljucivanje-produljen-nalazi-privatnih-lijecnika-tek-od-1-sijecnja-iduce-godine-u-cezih-u-779594/,2026-08-13
HRV,Croatia,research,45,"Zakon o podacima i informacijama u zdravstvu (NN 14/19, HLK copy)",https://www.hlk.hr/EasyEdit/UserFiles/propisi/zakon-o-podacima-i-informacijama-u-zdravstvu-nn-14-2019.pdf,2019-02-07
HRV,Croatia,research,45,Hrvatski centar za zdravstvene podatke (CHDC) (HZJZ),https://www.hzjz.hr/en/projekti/hrvatski-centar-za-zdravstvene-podatke-eng-croatian-health-data-centre-chdc/,undated
HRV,Croatia,research,45,Zakon o zastiti prava pacijenata (NN 169/04),https://narodne-novine.nn.hr/clanci/sluzbeni/full/2004_12_169_2953.html,2004-12-03
HRV,Croatia,research,45,European Health Data Space Regulation (European Commission),https://health.ec.europa.eu/ehealth-digital-health-and-care/european-health-data-space-regulation-ehds_en,undated
HRV,Croatia,ai,50,Objavljen popis nadleznih tijela sukladno Uredbi o umjetnoj inteligenciji (MPUDT),https://mpudt.gov.hr/vijesti/objavljen-popis-nadleznih-tijela-sukladno-uredbi-o-umjetnoj-inteligenciji/29657?lang=hr,2024-12-05
HRV,Croatia,ai,50,Hrvatska priprema zakonski okvir za nadzor primjene umjetne inteligencije (financije.hr),https://financije.hr/hrvatska-priprema-zakonski-okvir-za-nadzor-primjene-umjetne-inteligencije/,2025-07-21
HRV,Croatia,ai,50,AI Act: regulatory framework for AI (European Commission),https://digital-strategy.ec.europa.eu/en/policies/regulatory-framework-ai,undated
LTU,Lithuania,access,67,Lietuvos Respublikos pacientų teisių ir žalos sveikatai atlyginimo įstatymas I-1562 (suvestinė redakcija nuo 2025-07-01),https://e-seimas.lrs.lt/portal/legalAct/lt/TAD/TAIS.31932/asr,2025-07-01
LTU,Lithuania,access,67,E. sveikata (E. sveikatos portalas),https://www.esveikata.lt/e-sveikata,2025-10-14
LTU,Lithuania,access,67,"2025 Digital Decade eHealth indicator study, final report (European Commission, DG CNECT)",http://espanadigital.gob.es/sites/espanadigital/files/2025-12/Estudio%20de%20Indicadores%20de%20eHealth%20de%20la%20D%C3%A9cada%20Digital%202025.pdf,2025
LTU,Lithuania,access,67,Pacientų laboratorinių tyrimų duomenys bus keliami į E. sveikatą,https://www.esveikata.lt/naujiena/259,2025-10-07
LTU,Lithuania,control,62,4.21 Peržiūrėti ESI įrašą (E. sveikatos paciento portalo pagalba),https://pacientas.esveikata.lt/help/pages/perzireti-esi-irasa.html,undated
LTU,Lithuania,control,62,Overview of the national laws on electronic health records in the EU Member States: Lithuania (European Commission),https://ec.europa.eu/health/system/files/2016-11/laws_lithuania_en_0.pdf,2016-11
LTU,Lithuania,control,62,Siurbiami ne tik Registrų centro duomenys: jūsų sveikatos duomenis gali perskaityti ir valytoja (15min),https://www.15min.lt/verslas/naujiena/bendroves/siurbiami-ne-tik-registru-centro-duomenys-jusu-sveikatos-duomenis-gali-perskaityti-ir-valytoja-663-2698800,2026-06-05
LTU,Lithuania,privacy,50,Lietuvos Respublikos pacientų teisių ir žalos sveikatai atlyginimo įstatymas I-1562 (suvestinė redakcija nuo 2025-07-01),https://e-seimas.lrs.lt/portal/legalAct/lt/TAD/TAIS.31932/asr,2025-07-01
LTU,Lithuania,privacy,50,Atsakas kibernetinėms grėsmėms: Seime registruoti strateginiai įstatymų pakeitimai E. sveikatos stiprinimui,https://www.esveikata.lt/naujiena/318,2026-06-10
LTU,Lithuania,privacy,50,Siurbiami ne tik Registrų centro duomenys: jūsų sveikatos duomenis gali perskaityti ir valytoja (15min),https://www.15min.lt/verslas/naujiena/bendroves/siurbiami-ne-tik-registru-centro-duomenys-jusu-sveikatos-duomenis-gali-perskaityti-ir-valytoja-663-2698800,2026-06-05
LTU,Lithuania,journey,68,Pacientų laboratorinių tyrimų duomenys bus keliami į E. sveikatą,https://www.esveikata.lt/naujiena/259,2025-10-07
LTU,Lithuania,journey,68,Lietuvoje išrašytus e. receptus pripažins daugiau ES valstybių,https://www.esveikata.lt/naujiena/210,2024-09-04
LTU,Lithuania,journey,68,Registrų centras tęsia E. sveikatos trikdžių šalinimą,https://www.esveikata.lt/naujiena/274,2025-11-10
LTU,Lithuania,journey,68,Data Resource Profile: The Lithuanian health data reuse pathway (International Journal of Epidemiology),https://academic.oup.com/ije/article/54/4/dyaf118/8186979,2025-07-06
LTU,Lithuania,commercial,54,Lietuvos Respublikos pakartotinio sveikatos duomenų naudojimo įstatymas XIV-789 (suvestinė redakcija nuo 2023-09-01),https://e-seimas.lrs.lt/portal/legalAct/lt/TAD/72c77a52626411ecb2fe9975f8a9e52e/asr,2023-09-01
LTU,Lithuania,clinical,64,4.21 Peržiūrėti ESI įrašą (E. sveikatos paciento portalo pagalba),https://pacientas.esveikata.lt/help/pages/perzireti-esi-irasa.html,undated
LTU,Lithuania,clinical,64,Pacientų laboratorinių tyrimų duomenys bus keliami į E. sveikatą,https://www.esveikata.lt/naujiena/259,2025-10-07
LTU,Lithuania,clinical,64,Registrų centras tęsia E. sveikatos trikdžių šalinimą,https://www.esveikata.lt/naujiena/274,2025-11-10
LTU,Lithuania,clinical,64,"Premjerė e.sveikatą vadina anekdotu, tikisi IT progreso viešajame sektoriuje (tv3.lt, BNS)",https://www.tv3.lt/naujiena/lietuva/premjere-e-sveikata-vadina-anekdotu-tikisi-it-progreso-viesajame-sektoriuje-n1468966,2025-11-12
LTU,Lithuania,research,48,Lietuvos Respublikos pakartotinio sveikatos duomenų naudojimo įstatymas XIV-789 (suvestinė redakcija nuo 2023-09-01),https://e-seimas.lrs.lt/portal/legalAct/lt/TAD/72c77a52626411ecb2fe9975f8a9e52e/asr,2023-09-01
LTU,Lithuania,research,48,Biomedicininių tyrimų etikos įstatymo Nr. VIII-1679 pakeitimo įstatymas XIII-2758,https://e-seimas.lrs.lt/portal/legalAct/lt/TAD/b34677de288611ea8f0dfdc2b5879561/asr,2019-12-20
LTU,Lithuania,research,48,Data Resource Profile: The Lithuanian health data reuse pathway (International Journal of Epidemiology),https://academic.oup.com/ije/article/54/4/dyaf118/8186979,2025-07-06
LTU,Lithuania,research,48,European Health Data Space Regulation (European Commission),https://health.ec.europa.eu/ehealth-digital-health-and-care/european-health-data-space-regulation-ehds_en,undated
LTU,Lithuania,ai,50,AI Act Service Desk: national resources (European Commission),https://ai-act-service-desk.ec.europa.eu/en/national-resources,undated
LTU,Lithuania,ai,50,"EU Digital Omnibus on AI enters into force (K&L Gates, Cyber Law Watch)",https://www.cyberlawwatch.com/2026/07/31/eu-digital-omnibus-on-ai-enters-into-force/,2026-07-31
NLD,Netherlands,access,55,"Burgerlijk Wetboek Boek 7, art. 7:454-7:458 (WGBO), geldende versie (wetten.overheid.nl)",https://wetten.overheid.nl/BWBR0005290/2026-01-01/0,2026-01-01
NLD,Netherlands,access,55,"Wet aanvullende bepalingen verwerking persoonsgegevens in de zorg (Wabvpz), art. 15a-15f (wetten.overheid.nl)",https://wetten.overheid.nl/BWBR0023864/2025-07-05/0,2025-07-05
NLD,Netherlands,access,55,"Digital Decade 2026 country report, the Netherlands, SWD(2026) 155 (European Commission)",https://ec.europa.eu/newsroom/dae/redirection/document/128656,2026-06-17
NLD,Netherlands,access,55,Ruim half miljoen Nederlanders haalden in 2024 via MedMij gegevens op (Stichting MedMij),https://medmij.nl/media/ruim-half-miljoen-nederlanders-haalden-in-2024-via-medmij-gegevens-op/,2025-02-13
NLD,Netherlands,control,72,"Wet aanvullende bepalingen verwerking persoonsgegevens in de zorg (Wabvpz), art. 15a-15f (wetten.overheid.nl)",https://wetten.overheid.nl/BWBR0023864/2025-07-05/0,2025-07-05
NLD,Netherlands,control,72,"Vragen & antwoorden (Mitz, Stichting GVvZ / VZVZ)",https://www.mitz-toestemming.nl/kennis-en-ondersteuning/vragen-antwoorden,undated
NLD,Netherlands,control,72,Volgjezorg: grip op je medische gegevens (VZVZ),https://www.volgjezorg.nl/,undated
NLD,Netherlands,control,72,MijnMitz: toestemmingskeuzes voor het delen van medische gegevens (Mitz),https://www.mijnmitz.nl,undated
NLD,Netherlands,privacy,52,Clinical Diagnostics voldeed niet aan wettelijke norm voor informatiebeveiliging (IGJ),https://www.igj.nl/actueel/nieuws/2026/05/13/clinical-diagnostics-voldeed-niet-aan-wettelijke-norm-voor-informatiebeveiliging,2026-05-13
NLD,Netherlands,privacy,52,AP gaat databeveiliging in de zorg controleren (Autoriteit Persoonsgegevens),https://www.autoriteitpersoonsgegevens.nl/actueel/ap-gaat-databeveiliging-in-de-zorg-controleren,2025-12-03
NLD,Netherlands,privacy,52,Boete OLVG (Autoriteit Persoonsgegevens),https://www.autoriteitpersoonsgegevens.nl/documenten/boete-olvg,2021-02-11
NLD,Netherlands,privacy,52,Hackers laboratorium hadden toegang tot gegevens 850.000 mensen (NOS),https://nos.nl/artikel/2580363-hackers-laboratorium-hadden-toegang-tot-gegevens-850-000-mensen,2025-08-29
NLD,Netherlands,journey,60,Jaarterugblik AORTA-LSP 2025 (VZVZ),https://www.vzvz.nl/nieuws/jaarterugblik-aorta-lsp-2025,2026-02-03
NLD,Netherlands,journey,60,"Wegiz: uitleg over de wet (Data voor gezondheid, ministerie van VWS)",https://www.datavoorgezondheid.nl/onderwerpen/w/wegiz/uitleg-over-de-wet,undated
NLD,Netherlands,journey,60,"Digital Decade 2026 country report, the Netherlands, SWD(2026) 155 (European Commission)",https://ec.europa.eu/newsroom/dae/redirection/document/128656,2026-06-17
NLD,Netherlands,journey,60,"European Health Data Space Regulation (EHDS) (European Commission, DG SANTE)",https://health.ec.europa.eu/ehealth-digital-health-and-care/european-health-data-space-regulation-ehds_en,undated
NLD,Netherlands,commercial,62,"Wet aanvullende bepalingen verwerking persoonsgegevens in de zorg (Wabvpz), art. 15a-15f (wetten.overheid.nl)",https://wetten.overheid.nl/BWBR0023864/2025-07-05/0,2025-07-05
NLD,Netherlands,commercial,62,"Wet op de medische keuringen, art. 5 (wetten.overheid.nl)",https://wetten.overheid.nl/BWBR0008819/2025-01-01/0,2025-01-01
NLD,Netherlands,commercial,62,Veelgestelde vragen van zorggebruikers (Stichting MedMij),https://medmij.nl/zorggebruikers/vragen-van-zorggebruikers/,undated
NLD,Netherlands,commercial,62,"European Health Data Space Regulation (EHDS) (European Commission, DG SANTE)",https://health.ec.europa.eu/ehealth-digital-health-and-care/european-health-data-space-regulation-ehds_en,undated
NLD,Netherlands,clinical,58,"Burgerlijk Wetboek Boek 7, art. 7:454-7:458 (WGBO), geldende versie (wetten.overheid.nl)",https://wetten.overheid.nl/BWBR0005290/2026-01-01/0,2026-01-01
NLD,Netherlands,clinical,58,"Vragen & antwoorden (Mitz, Stichting GVvZ / VZVZ)",https://www.mitz-toestemming.nl/kennis-en-ondersteuning/vragen-antwoorden,undated
NLD,Netherlands,clinical,58,"Landelijk Schakelpunt (LSP), dossier medicatieoverdracht (KNMP)",https://www.knmp.nl/dossiers/medicatieoverdracht/landelijk-schakelpunt-lsp,2026-07-31
NLD,Netherlands,clinical,58,Mijlpaal: 1 miljoen bezoekers op MijnMitz.nl (VZVZ),https://www.vzvz.nl/nieuws/mijlpaal-1-miljoen-bezoekers-op-mijnmitznl,2025-11-21
NLD,Netherlands,research,57,"Burgerlijk Wetboek Boek 7, art. 7:454-7:458 (WGBO), geldende versie (wetten.overheid.nl)",https://wetten.overheid.nl/BWBR0005290/2026-01-01/0,2026-01-01
NLD,Netherlands,research,57,Privacybescherming Nivel Zorgregistraties Eerste Lijn (Nivel),https://www.nivel.nl/nl/panels-en-registraties/nivel-zorgregistraties-eerste-lijn/deelnemen-en-deelnemers/privacybescherming,undated
NLD,Netherlands,research,57,"Internetconsultatie Wet op het Gezondheidsinformatiestelsel gestart (Data voor gezondheid, ministerie van VWS)",https://www.datavoorgezondheid.nl/actueel/nieuws/2026/06/09/internetconsultatie-wet-op-het-gezondheidsinformatiestelsel-gestart,2026-06-09
NLD,Netherlands,research,57,"Kamerbrief over de implementatie van de EHDS, Kamerstuk 27 529 nr. 356 (Minister van VWS)",https://www.tweedekamer.nl/downloads/document?id=2026D02216,2026-01-20
NLD,Netherlands,ai,50,"Leidraad kwaliteit AI in de zorg nader onderzocht (Data voor gezondheid, ministerie van VWS)",https://www.datavoorgezondheid.nl/actueel/nieuws/2025/09/08/leidraad-kwaliteit-ai-in-de-zorg-nader-onderzocht,2025-09-08
NLD,Netherlands,ai,50,"Digital Omnibus on AI, Regulation (EU) 2026/1744, text and dates (AI Act Explorer, artificialintelligenceact.eu)",https://artificialintelligenceact.eu/ai-act-explorer/digital-omnibus/,undated
NLD,Netherlands,ai,50,"Digital Decade 2026 country report, the Netherlands, SWD(2026) 155 (European Commission)",https://ec.europa.eu/newsroom/dae/redirection/document/128656,2026-06-17
KOR,South Korea,access,66,"Medical Service Act, current text (CaseNote mirror of Korean statute)",https://casenote.kr/%EB%B2%95%EB%A0%B9/%EC%9D%98%EB%A3%8C%EB%B2%95,2026-03-24
KOR,South Korea,access,66,"Standard on certificate fees of medical institutions (MOHW notice, hosted by HIRA)",https://www.hira.or.kr/cms/inform/01/__icsFiles/afieldfile/2017/09/19/1.pdf,2017-09-19
KOR,South Korea,access,66,All 47 tertiary hospitals now visible in My Health Record app (MOHW via korea.kr),https://www.korea.kr/news/policyNewsView.do?newsId=148948286,2025-08-27
KOR,South Korea,access,66,NHIS starts mobile issuance of 10 years of treatment history (Edaily via Daum),https://v.daum.net/v/20260511101017677,2026-05-11
KOR,South Korea,control,55,"Medical Service Act, current text (CaseNote mirror of Korean statute)",https://casenote.kr/%EB%B2%95%EB%A0%B9/%EC%9D%98%EB%A3%8C%EB%B2%95,2026-03-24
KOR,South Korea,control,55,What is the Health Information Highway service? (MOHW / KHIS portal),https://www.myhealthway.go.kr/portal/index?page=Individual/Portal/MediMyData/MydataService,undated
KOR,South Korea,control,55,Health-sector data transmitters expanded to general hospitals (PIPC press release),https://www.pipc.go.kr/np/cop/bbs/selectBoardArticle.do?bbsId=BS074&mCode=C020010000&nttId=11899,2026-03-18
KOR,South Korea,control,55,Even viewing an EMR will leave an access record from December (Korean Nurses Association news),https://www.nursenews.co.kr/news/articleView.html?idxno=44048,2026-09-09
KOR,South Korea,privacy,65,PIPC sanctions 17 general hospitals over patient data leak (PIPC press release),https://www.pipc.go.kr/np/cop/bbs/selectBoardArticle.do?bbsId=BS074&mCode=C020010000&nttId=9056,2023-07-27
KOR,South Korea,privacy,65,"Personal Information Protection Act, current text in force 11 Sep 2026 (CaseNote mirror of Korean statute)",https://casenote.kr/%EB%B2%95%EB%A0%B9/%EA%B0%9C%EC%9D%B8%EC%A0%95%EB%B3%B4_%EB%B3%B4%ED%98%B8%EB%B2%95,2026-03-10
KOR,South Korea,privacy,65,PIPC decides sanctions on Coupang and affiliates for leak and rights violations (PIPC press release),https://www.pipc.go.kr/np/cop/bbs/selectBoardArticle.do?bbsId=BS074&mCode=C020010000&nttId=12171,2026-06-11
KOR,South Korea,privacy,65,Adequacy decisions (European Commission),https://commission.europa.eu/law/law-topic/data-protection/international-dimension-data-protection/adequacy-decisions_en,2026-07-23
KOR,South Korea,journey,62,All 47 tertiary hospitals now visible in My Health Record app (MOHW via korea.kr),https://www.korea.kr/news/policyNewsView.do?newsId=148948286,2025-08-27
KOR,South Korea,journey,62,"Records follow you when you change hospitals: exchange passes 10,000 facilities (MOHW press release)",https://www.mohw.go.kr/board.es?mid=a10503010100&bid=0027&act=view&list_no=1489085&tag=&nPage=4,2026-02-12
KOR,South Korea,journey,62,Is DUR really checked by 99% of providers? (Medigate News),https://www.medigatenews.com/news/3461624456,2025-10-17
KOR,South Korea,journey,62,Government to merge exchange and Health Information Highway by 2029 (Electronic Times),https://www.etnews.com/20251020000130,2025-10-20
KOR,South Korea,commercial,55,"Medical Service Act, current text (CaseNote mirror of Korean statute)",https://casenote.kr/%EB%B2%95%EB%A0%B9/%EC%9D%98%EB%A3%8C%EB%B2%95,2026-03-24
KOR,South Korea,commercial,55,"Personal Information Protection Act, current text in force 11 Sep 2026 (CaseNote mirror of Korean statute)",https://casenote.kr/%EB%B2%95%EB%A0%B9/%EA%B0%9C%EC%9D%B8%EC%A0%95%EB%B3%B4_%EB%B3%B4%ED%98%B8%EB%B2%95,2026-03-10
KOR,South Korea,commercial,55,PIPC sanctions 17 general hospitals over patient data leak (PIPC press release),https://www.pipc.go.kr/np/cop/bbs/selectBoardArticle.do?bbsId=BS074&mCode=C020010000&nttId=9056,2023-07-27
KOR,South Korea,commercial,55,What is the Health Information Highway service? (MOHW / KHIS portal),https://www.myhealthway.go.kr/portal/index?page=Individual/Portal/MediMyData/MydataService,undated
KOR,South Korea,clinical,58,"Medical Service Act, current text (CaseNote mirror of Korean statute)",https://casenote.kr/%EB%B2%95%EB%A0%B9/%EC%9D%98%EB%A3%8C%EB%B2%95,2026-03-24
KOR,South Korea,clinical,58,"Records follow you when you change hospitals: exchange passes 10,000 facilities (MOHW press release)",https://www.mohw.go.kr/board.es?mid=a10503010100&bid=0027&act=view&list_no=1489085&tag=&nPage=4,2026-02-12
KOR,South Korea,clinical,58,Is DUR really checked by 99% of providers? (Medigate News),https://www.medigatenews.com/news/3461624456,2025-10-17
KOR,South Korea,research,50,"Personal Information Protection Act, current text in force 11 Sep 2026 (CaseNote mirror of Korean statute)",https://casenote.kr/%EB%B2%95%EB%A0%B9/%EA%B0%9C%EC%9D%B8%EC%A0%95%EB%B3%B4_%EB%B3%B4%ED%98%B8%EB%B2%95,2026-03-10
KOR,South Korea,research,50,MOHW revises Health and Medical Data Utilisation Guideline (Korea Medical & Pharmaceutical News),https://www.kmpnews.co.kr/news/articleView.html?idxno=68913,2026-01-01
KOR,South Korea,research,50,"Safe Use Centres for health data (K-CURE, MOHW)",https://k-cure.mohw.go.kr/portal/pfm/kif/use/viewPfmKifUse.do,undated
KOR,South Korea,research,50,What is the Health Information Highway service? (MOHW / KHIS portal),https://www.myhealthway.go.kr/portal/index?page=Individual/Portal/MediMyData/MydataService,undated
KOR,South Korea,ai,66,Digital Medical Products Act (CaseNote mirror of Korean statute),https://casenote.kr/%EB%B2%95%EB%A0%B9/%EB%94%94%EC%A7%80%ED%84%B8%EC%9D%98%EB%A3%8C%EC%A0%9C%ED%92%88%EB%B2%95,2024-01-23
KOR,South Korea,ai,66,"Framework Act on AI Development and Trust (AI Basic Act), current text (CaseNote mirror)",https://casenote.kr/%EB%B2%95%EB%A0%B9/%EC%9D%B8%EA%B3%B5%EC%A7%80%EB%8A%A5_%EB%B0%9C%EC%A0%84%EA%B3%BC_%EC%8B%A0%EB%A2%B0_%EA%B8%B0%EB%B0%98_%EC%A1%B0%EC%84%B1_%EB%93%B1%EC%97%90_%EA%B4%80%ED%95%9C_%EA%B8%B0%EB%B3%B8%EB%B2%95,2026-01-20
KOR,South Korea,ai,66,MFDS publishes world-first approval and review guideline for generative AI medical devices (MFDS press release),https://www.mfds.go.kr/brd/m_99/view.do?seq=48833,2025-01-24
KOR,South Korea,ai,66,MFDS approves Korea's first generative-AI digital medical device (MFDS press release),https://www.mfds.go.kr/brd/m_99/view.do?seq=49815,2026-04-01
BGR,Bulgaria,access,62,"Закон за здравето (consolidated text, Health Act)",https://asp.government.bg/uploaded/files/7032-zakon-za-zdraveto-28032025.pdf,2025-04-09
BGR,Bulgaria,access,62,Наредба № Н-6 от 21 декември 2022 г. за функционирането на НЗИС (Държавен вестник),https://dv.parliament.bg/DVWeb/showMaterialDV.jsp?idMat=182160,2022-12-24
BGR,Bulgaria,access,62,Личните лекари вече имат достъп до електронните здравни досиета на пациентите си (МЗ),https://www.mh.government.bg/bg/novini/aktualno/4340,2024-12-20
BGR,Bulgaria,access,62,Близо 500 000 граждани имат достъп до здравните си досиета чрез еЗдраве (БТА),https://www.bta.bg/bg/news/bulgaria/1065556-blizo-500-000-grazhdani-imat-dostap-do-zdravnite-si-dosieta-chrez-mobilnoto-pril,2026-02-17
BGR,Bulgaria,control,62,Наредба № Н-6 от 21 декември 2022 г. за функционирането на НЗИС (Държавен вестник),https://dv.parliament.bg/DVWeb/showMaterialDV.jsp?idMat=182160,2022-12-24
BGR,Bulgaria,control,62,Здравните досиета на близо 15 000 пациенти са били прегледани от личните им лекари за месец (НЗИС),https://his.bg/bg/news/89,2025-01-23
BGR,Bulgaria,control,62,"Закон за здравето (consolidated text, Health Act)",https://asp.government.bg/uploaded/files/7032-zakon-za-zdraveto-28032025.pdf,2025-04-09
BGR,Bulgaria,privacy,55,Годишен отчет на КЗЛД за 2025 г.,https://cpdp.bg/wp-content/uploads/2026/04/corrected-Annual-report_2025_CPDP-12.03.2026-%D1%84%D0%B8%D0%BD%D0%B0%D0%BB.pdf,2026-03-12
BGR,Bulgaria,privacy,55,Хакерска атака спря работата на онкоболницата в Хасково (Утро Русе),https://utroruse.com/article/987626/,2023-12-18
BGR,Bulgaria,privacy,55,Data protection in the EU (European Commission),https://commission.europa.eu/law/law-topic/data-protection/data-protection-eu_en,undated
BGR,Bulgaria,journey,70,"Закон за здравето (consolidated text, Health Act)",https://asp.government.bg/uploaded/files/7032-zakon-za-zdraveto-28032025.pdf,2025-04-09
BGR,Bulgaria,journey,70,Близо 29 млн. е-прегледа регистрирани в НЗИС от началото на 2025 г. (zdrave.net),"https://www.zdrave.net/%D0%9D%D0%BE%D0%B2%D0%B8%D0%BD%D0%B8/%D0%91%D0%BB%D0%B8%D0%B7%D0%BE-29-%D0%BC%D0%BB%D0%BD.-%D0%B5-%D0%BF%D1%80%D0%B5%D0%B3%D0%BB%D0%B5%D0%B4%D0%B0-%D1%80%D0%B5%D0%B3%D0%B8%D1%81%D1%82%D1%80%D0%B8%D1%80%D0%B0%D0%BD%D0%B8-%D0%B2-%D0%9D%D0%97%D0%98%D0%A1-%D0%BE%D1%82-%D0%BD%D0%B0%D1%87%D0%B0%D0%BB%D0%BE%D1%82%D0%BE-%D0%BD%D0%B0-2025-%D0%B3.,-%D0%BD%D0%B0%D0%B4-%D0%BF%D0%BE%D0%BB%D0%BE%D0%B2%D0%B8%D0%BD%D0%B0%D1%82%D0%B0-%D1%81%D0%B0-%D0%BF%D1%80%D0%B8-%D0%B4%D0%B6%D0%B8%D0%BF%D0%B8%D1%82%D0%B0/n34757",2025-07-25
BGR,Bulgaria,journey,70,План за развитие (НЗИС),https://his.bg/bg/info/roadmap,undated
BGR,Bulgaria,journey,70,Спешното пациентско досие влиза в Е-здраве (zdrave.to),https://zdrave.to/saveti-ot-spetsialisti/speshnoto-pacientsko-dosie-vliza-v-e-zdrave,2026-08-04
BGR,Bulgaria,commercial,50,"Закон за здравето (consolidated text, Health Act)",https://asp.government.bg/uploaded/files/7032-zakon-za-zdraveto-28032025.pdf,2025-04-09
BGR,Bulgaria,commercial,50,Наредба № Н-6 от 21 декември 2022 г. за функционирането на НЗИС (Държавен вестник),https://dv.parliament.bg/DVWeb/showMaterialDV.jsp?idMat=182160,2022-12-24
BGR,Bulgaria,clinical,62,Личните лекари вече имат достъп до електронните здравни досиета на пациентите си (МЗ),https://www.mh.government.bg/bg/novini/aktualno/4340,2024-12-20
BGR,Bulgaria,clinical,62,Наредба № Н-6 от 21 декември 2022 г. за функционирането на НЗИС (Държавен вестник),https://dv.parliament.bg/DVWeb/showMaterialDV.jsp?idMat=182160,2022-12-24
BGR,Bulgaria,clinical,62,Спешното пациентско досие влиза в Е-здраве (zdrave.to),https://zdrave.to/saveti-ot-spetsialisti/speshnoto-pacientsko-dosie-vliza-v-e-zdrave,2026-08-04
BGR,Bulgaria,research,44,"Закон за здравето (consolidated text, Health Act)",https://asp.government.bg/uploaded/files/7032-zakon-za-zdraveto-28032025.pdf,2025-04-09
BGR,Bulgaria,research,44,Наредба № Н-6 от 21 декември 2022 г. за функционирането на НЗИС (Държавен вестник),https://dv.parliament.bg/DVWeb/showMaterialDV.jsp?idMat=182160,2022-12-24
BGR,Bulgaria,research,44,European Health Data Space Regulation (European Commission),https://health.ec.europa.eu/ehealth-digital-health-and-care/european-health-data-space-regulation-ehds_en,undated
BGR,Bulgaria,ai,50,AI Act: regulatory framework for AI (European Commission),https://digital-strategy.ec.europa.eu/en/policies/regulatory-framework-ai,undated
BGR,Bulgaria,ai,50,България все още няма надзор над високорисковите системи с изкуствен интелект (Дебати),https://debati.bg/zakonodatelen-akt-za-izkustveniya-intelekt-balgariya-vse-osthe-nyama-nadzor-nad-visokoriskovite-sistemi/,2026-01-09
BGR,Bulgaria,ai,50,Нов Закон за използването и развитието на изкуствения интелект (novini247),https://novini247.com/novini/nov-zakon-za-izpolzvaneto-i-razvitieto-na-izkustveniya-intelekt-e_11238882.html,2026-09-26
LUX,Luxembourg,access,64,Loi du 24 juillet 2014 relative aux droits et obligations du patient (Journal officiel),https://data.legilux.public.lu/file/eli-etat-leg-loi-2014-07-24-n2-jo-fr-html.html,2014-07-24
LUX,Luxembourg,access,64,Activation du compte eSanté pour accéder au Dossier de Soins Partagé (Guichet.lu),https://guichet.public.lu/fr/citoyens/sante/droits-devoirs-patient/droits-devoirs-patient/dsp.html,2026-05-26
LUX,Luxembourg,access,64,Luxembourg's 2026 Digital Decade Country Report (European Commission),https://digital-strategy.ec.europa.eu/en/factpages/luxembourgs-2026-digital-decade-country-report,2026-08-28
LUX,Luxembourg,access,64,Santé numérique : l'année de l'accélération pour l'Agence eSanté (Le Quotidien),https://lequotidien.lu/politique-societe/sante-numerique-lannee-de-lacceleration-pour-lagence-esante/,2026-07-07
LUX,Luxembourg,control,70,"Règlement grand-ducal du 6 décembre 2019, dossier de soins partagé (Journal officiel)",https://data.legilux.public.lu/filestore/eli/etat/leg/rgd/2019/12/06/a909/jo/fr/html/eli-etat-leg-rgd-2019-12-06-a909-jo-fr-html.html,2019-12-06
LUX,Luxembourg,control,70,"Code de la sécurité sociale, Art. 60quater (SECU)",https://www.secu.lu/assurance-maladie/livre-i/chapitre-v-relations-avec-les-prestataires-de-soins/art-60quater/,undated
LUX,Luxembourg,control,70,Activation du compte eSanté pour accéder au Dossier de Soins Partagé (Guichet.lu),https://guichet.public.lu/fr/citoyens/sante/droits-devoirs-patient/droits-devoirs-patient/dsp.html,2026-05-26
LUX,Luxembourg,control,70,Accès facile au Dossier de soins partagé via MyGuichet.lu (Ministère de la Santé et de la Sécurité sociale),https://m3s.gouvernement.lu/fr/actualites.gouvernement2024%2Bfr%2Bactualites%2Btoutes_actualites%2Bcommuniques%2B2025%2B12-decembre%2B01-dsp-myguichet.html,2025-12-01
LUX,Luxembourg,privacy,54,Loi du 1er août 2018 portant organisation de la CNPD (Journal officiel),https://data.legilux.public.lu/file/eli-etat-leg-loi-2018-08-01-a686-jo-fr-html.html,2018-08-01
LUX,Luxembourg,privacy,54,Décisions (CNPD),https://cnpd.public.lu/fr/decisions-sanctions.html,undated
LUX,Luxembourg,privacy,54,Au Luxembourg: 80 cabinets médicaux auraient été touchés par une cyberattaque (L'essentiel),https://www.lessentiel.lu/fr/story/au-luxembourg-80-cabinets-medicaux-auraient-ete-touches-par-une-cyberattaque-103629329,2026-09-07
LUX,Luxembourg,privacy,54,Exclusif: Une cyberattaque qui fait paniquer les médecins (Reporter.lu),https://www.reporter.lu/fr/exclusif-sante-digitale-une-cyberattaque-qui-fait-paniquer-les-medecins/,2026-09-07
LUX,Luxembourg,journey,54,"Règlement grand-ducal du 6 décembre 2019, dossier de soins partagé (Journal officiel)",https://data.legilux.public.lu/filestore/eli/etat/leg/rgd/2019/12/06/a909/jo/fr/html/eli-etat-leg-rgd-2019-12-06-a909-jo-fr-html.html,2019-12-06
LUX,Luxembourg,journey,54,Patient Information Notices: Luxembourg (European Commission),https://health.ec.europa.eu/ehealth-digital-health-and-care/digital-health-and-care/electronic-cross-border-health-services/patient-information-notices-luxembourg_en,undated
LUX,Luxembourg,journey,54,Luxembourg's 2026 Digital Decade Country Report (European Commission),https://digital-strategy.ec.europa.eu/en/factpages/luxembourgs-2026-digital-decade-country-report,2026-08-28
LUX,Luxembourg,journey,54,Santé numérique : l'année de l'accélération pour l'Agence eSanté (Le Quotidien),https://lequotidien.lu/politique-societe/sante-numerique-lannee-de-lacceleration-pour-lagence-esante/,2026-07-07
LUX,Luxembourg,commercial,54,Loi du 1er août 2018 portant organisation de la CNPD (Journal officiel),https://data.legilux.public.lu/file/eli-etat-leg-loi-2018-08-01-a686-jo-fr-html.html,2018-08-01
LUX,Luxembourg,commercial,54,"Code de la sécurité sociale, Art. 60quater (SECU)",https://www.secu.lu/assurance-maladie/livre-i/chapitre-v-relations-avec-les-prestataires-de-soins/art-60quater/,undated
LUX,Luxembourg,clinical,56,"Code de la sécurité sociale, Art. 60quater (SECU)",https://www.secu.lu/assurance-maladie/livre-i/chapitre-v-relations-avec-les-prestataires-de-soins/art-60quater/,undated
LUX,Luxembourg,clinical,56,DSP (Dossier de Soins Partagé) (Agence eSanté),https://www.esante.lu/portal/en/e-sant-information/services-esante-pour-les-patients-406-574.html,undated
LUX,Luxembourg,clinical,56,Santé numérique : l'année de l'accélération pour l'Agence eSanté (Le Quotidien),https://lequotidien.lu/politique-societe/sante-numerique-lannee-de-lacceleration-pour-lagence-esante/,2026-07-07
LUX,Luxembourg,research,46,Statuts / Législation (Comité National d'Ethique de Recherche),https://cner.gouvernement.lu/fr/statuts-legislation.html,2025-11-05
LUX,Luxembourg,research,46,Project HDAB-LU (LNDS),https://www.lnds.lu/hdab-lu/,undated
LUX,Luxembourg,research,46,Loi du 1er août 2018 portant organisation de la CNPD (Journal officiel),https://data.legilux.public.lu/file/eli-etat-leg-loi-2018-08-01-a686-jo-fr-html.html,2018-08-01
LUX,Luxembourg,ai,50,Dossier parlementaire 8476 (Chambre des Députés),https://www.chd.lu/fr/dossier/8476,2026-07-10
LUX,Luxembourg,ai,50,L'AI Act en action (CNPD),https://cnpd.public.lu/fr/actualites/national/2026/01/ai-act-in-action-cp-jan2026.html,2026-01-20
MLT,Malta,access,72,"Digital Decade 2025 country report, Malta (European Commission, Council doc 10407/25 ADD 51)",https://data.consilium.europa.eu/doc/document/ST-10407-2025-ADD-51/en/pdf,2025-06-16
MLT,Malta,access,72,"myHealth (Ministry for Health, archived 1 Aug 2026)",https://web.archive.org/web/20260801073650/https://health.gov.mt/public-facing-services/myhealth/,undated
MLT,Malta,access,72,Digital Health and Health Data Strategy 2030 (Ministry for Health and Active Ageing),https://web.archive.org/web/20260727061320/https://health.gov.mt/wp-content/uploads/2025/11/Digital-Health-Health-Data-Strategy-Document.pdf,2025-11
MLT,Malta,control,50,myHealth User Guide for Patients v2.2 (Information Management Unit),https://web.archive.org/web/20250712071632/https://health.gov.mt/wp-content/uploads/2024/10/myHealth-User-Guide-for-Patients-v.2.2-19Aug19.pdf,2019-08-19
MLT,Malta,control,50,"myHealth: About, disclaimer and privacy policy (archived 1 Aug 2026)",https://web.archive.org/web/20260801073639/https://myhealth.gov.mt/home/about,undated
MLT,Malta,control,50,Digital Health and Health Data Strategy 2030 (Ministry for Health and Active Ageing),https://web.archive.org/web/20260727061320/https://health.gov.mt/wp-content/uploads/2025/11/Digital-Health-Health-Data-Strategy-Document.pdf,2025-11
MLT,Malta,privacy,62,"The Commissioner imposed an administrative fine of EUR 20,000 on a private clinic (IDPC)",https://idpc.org.mt/news-latest/the-commissioner-imposed-an-administrative-fine-of-e20000-on-a-private-clinic/,2025-04-07
MLT,Malta,privacy,62,Decisions (Information and Data Protection Commissioner),https://idpc.org.mt/decisions/,undated
MLT,Malta,privacy,62,"Data Protection Act, Cap. 586 (Legislation Malta)",https://legislation.mt/eli/cap/586/eng,2023-09-19
MLT,Malta,journey,60,"Digital Decade 2025 country report, Malta (European Commission, Council doc 10407/25 ADD 51)",https://data.consilium.europa.eu/doc/document/ST-10407-2025-ADD-51/en/pdf,2025-06-16
MLT,Malta,journey,60,Digital Health and Health Data Strategy 2030 (Ministry for Health and Active Ageing),https://web.archive.org/web/20260727061320/https://health.gov.mt/wp-content/uploads/2025/11/Digital-Health-Health-Data-Strategy-Document.pdf,2025-11
MLT,Malta,commercial,58,S.L. 528.10 Processing of Personal Data (Secondary Processing) (Health Sector) Regulations,https://legislation.mt/eli/sl/528.10/eng,2019-10-08
MLT,Malta,commercial,58,"myHealth: About, disclaimer and privacy policy (archived 1 Aug 2026)",https://web.archive.org/web/20260801073639/https://myhealth.gov.mt/home/about,undated
MLT,Malta,commercial,58,Decisions (Information and Data Protection Commissioner),https://idpc.org.mt/decisions/,undated
MLT,Malta,clinical,56,"myHealth (Ministry for Health, archived 1 Aug 2026)",https://web.archive.org/web/20260801073650/https://health.gov.mt/public-facing-services/myhealth/,undated
MLT,Malta,clinical,56,Digital Health and Health Data Strategy 2030 (Ministry for Health and Active Ageing),https://web.archive.org/web/20260727061320/https://health.gov.mt/wp-content/uploads/2025/11/Digital-Health-Health-Data-Strategy-Document.pdf,2025-11
MLT,Malta,clinical,56,myHealth User Guide for Patients v2.2 (Information Management Unit),https://web.archive.org/web/20250712071632/https://health.gov.mt/wp-content/uploads/2024/10/myHealth-User-Guide-for-Patients-v.2.2-19Aug19.pdf,2019-08-19
MLT,Malta,research,48,S.L. 528.10 Processing of Personal Data (Secondary Processing) (Health Sector) Regulations,https://legislation.mt/eli/sl/528.10/eng,2019-10-08
MLT,Malta,research,48,Digital Health and Health Data Strategy 2030 (Ministry for Health and Active Ageing),https://web.archive.org/web/20260727061320/https://health.gov.mt/wp-content/uploads/2025/11/Digital-Health-Health-Data-Strategy-Document.pdf,2025-11
MLT,Malta,research,48,European Health Data Space Regulation (EHDS) (European Commission),https://health.ec.europa.eu/ehealth-digital-health-and-care/european-health-data-space-regulation-ehds_en,undated
MLT,Malta,ai,50,"L.N. 226 of 2025, Artificial Intelligence Regulations, 2025 (Legislation Malta)",https://legislation.mt/eli/ln/2025/226/eng,2025-10-10
MLT,Malta,ai,50,Digital Health and Health Data Strategy 2030 (Ministry for Health and Active Ageing),https://web.archive.org/web/20260727061320/https://health.gov.mt/wp-content/uploads/2025/11/Digital-Health-Health-Data-Strategy-Document.pdf,2025-11
MLT,Malta,ai,50,Digital Omnibus on AI has been published (Cuatrecasas),https://www.cuatrecasas.com/en/global/intellectual-property/art/digital-omnibus-ai-has-been-published,2026-07
POL,Poland,access,70,"Ustawa o prawach pacjenta i Rzeczniku Praw Pacjenta, tekst jednolity Dz.U. 2024 poz. 581 (Sejm ELI)",https://api.sejm.gov.pl/eli/acts/DU/2024/581/text.pdf,2024-04-02
POL,Poland,access,70,"O IKP (pacjent.gov.pl, Ministerstwo Zdrowia i NFZ)",https://pacjent.gov.pl/internetowe-konto-pacjenta,2019-09-06
POL,Poland,access,70,"Czy Twoi pacjenci korzystaja z IKP? (ezdrowie.gov.pl, Centrum e-Zdrowia)",https://www.ezdrowie.gov.pl/portal/artykul/czy-twoi-pacjenci-korzystaja-z-ikp-ulatwia-to-prace-lekarzom,undated
POL,Poland,access,70,"2026 Digital Decade eHealth Indicator Study, final report (European Commission)",https://op.europa.eu/en/publication-detail/-/publication/7de84d62-66d1-11f1-9b18-01aa75ed71a1/language-en,2026-06-15
POL,Poland,control,55,"Ustawa o systemie informacji w ochronie zdrowia, tekst jednolity Dz.U. 2026 poz. 208 (Sejm ELI)",https://api.sejm.gov.pl/eli/acts/DU/2026/208/text.pdf,2026-02-13
POL,Poland,control,55,Twoje dane medyczne to Twoja wlasnosc (pacjent.gov.pl),https://pacjent.gov.pl/aktualnosc/twoje-dane-medyczne-twoja-wlasnosc,2025-03-10
POL,Poland,control,55,"O IKP (pacjent.gov.pl, Ministerstwo Zdrowia i NFZ)",https://pacjent.gov.pl/internetowe-konto-pacjenta,2019-09-06
POL,Poland,control,55,Kto ogladal nasze dane medyczne? Nocne wizyty na koncie pacjenta (Gazeta Prawna),"https://www.gazetaprawna.pl/biznes/zdrowie/artykuly/11153064,kto-ogladal-nasze-dane-medyczne-nocne-wizyty-na-koncie-pacjenta.html",2023-09-21
POL,Poland,privacy,46,Po nowym wycieku danych medycznych PUODO zapowiada kontrole (UODO),https://uodo.gov.pl/pl/138/4585,2026-09-25
POL,Poland,privacy,46,Dodatkowe kontrole UODO w podmiotach sektora ochrony zdrowia (UODO),https://uodo.gov.pl/pl/138/4570,2026-09-16
POL,Poland,privacy,46,Niepowiadomienie o blednym wyslaniu dokumentu: kara 40 tys. zl dla Gyncentrum (UODO),https://uodo.gov.pl/pl/138/3933,2025-10-27
POL,Poland,privacy,46,"Ustawa o ochronie danych osobowych, tekst jednolity Dz.U. 2019 poz. 1781 (Sejm ELI)",https://api.sejm.gov.pl/eli/acts/DU/2019/1781/text.pdf,2019-08-30
POL,Poland,journey,70,"Ustawa o systemie informacji w ochronie zdrowia, tekst jednolity Dz.U. 2026 poz. 208 (Sejm ELI)",https://api.sejm.gov.pl/eli/acts/DU/2026/208/text.pdf,2026-02-13
POL,Poland,journey,70,"Czy Twoi pacjenci korzystaja z IKP? (ezdrowie.gov.pl, Centrum e-Zdrowia)",https://www.ezdrowie.gov.pl/portal/artykul/czy-twoi-pacjenci-korzystaja-z-ikp-ulatwia-to-prace-lekarzom,undated
POL,Poland,journey,70,"2026 Digital Decade eHealth Indicator Study, final report (European Commission)",https://op.europa.eu/en/publication-detail/-/publication/7de84d62-66d1-11f1-9b18-01aa75ed71a1/language-en,2026-06-15
POL,Poland,journey,70,Od 1 sierpnia centralna e-rejestracja rozszerza sie o kolejne swiadczenia (ezdrowie.gov.pl),https://www.ezdrowie.gov.pl/portal/artykul/od-1-sierpnia-centralna-e-rejestracja-rozszerza-sie-o-kolejne-swiadczenia,undated
POL,Poland,commercial,54,"Pismo Prezesa UODO do Glownego Inspektora Farmaceutycznego, DKN.5101.480.2026 (UODO)",https://uodo.gov.pl/pl/file/8051,undated
POL,Poland,commercial,54,Ponad 900 milionow zlotych kar dla hurtowni farmaceutycznych (UOKiK),https://uokik.gov.pl/mniej-konkurencji-za-to-wiecej-do-zaplaty-za-leki-w-aptece-ponad-900-milionow-zlotych-kar-dla-hurtowni-farmaceutycznych,2026-09-21
POL,Poland,commercial,54,European Health Data Space Regulation (EHDS) (European Commission),https://health.ec.europa.eu/ehealth-digital-health-and-care/european-health-data-space-regulation-ehds_en,undated
POL,Poland,clinical,60,"Ustawa o systemie informacji w ochronie zdrowia, tekst jednolity Dz.U. 2026 poz. 208 (Sejm ELI)",https://api.sejm.gov.pl/eli/acts/DU/2026/208/text.pdf,2026-02-13
POL,Poland,clinical,60,Twoje dane medyczne to Twoja wlasnosc (pacjent.gov.pl),https://pacjent.gov.pl/aktualnosc/twoje-dane-medyczne-twoja-wlasnosc,2025-03-10
POL,Poland,clinical,60,Twoja dokumentacja medyczna w mojeIKP (pacjent.gov.pl),https://pacjent.gov.pl/aktualnosc/twoja-dokumentacja-medyczna-w-mojeikp,2026-03-11
POL,Poland,clinical,60,"2026 Digital Decade eHealth Indicator Study, final report (European Commission)",https://op.europa.eu/en/publication-detail/-/publication/7de84d62-66d1-11f1-9b18-01aa75ed71a1/language-en,2026-06-15
POL,Poland,research,46,"Ustawa o systemie informacji w ochronie zdrowia, tekst jednolity Dz.U. 2026 poz. 208 (Sejm ELI)",https://api.sejm.gov.pl/eli/acts/DU/2026/208/text.pdf,2026-02-13
POL,Poland,research,46,"Wystapienie Prezesa UODO do Ministra Zdrowia i Ministra Nauki, DPNT.413.39.2025 (UODO)",https://uodo.gov.pl/pl/file/6426,2025-09-01
POL,Poland,research,46,"Wdrozenie EHDS w Polsce i rola Ministerstwa Zdrowia (MZ Departament e-Zdrowia, via UODO)",https://uodo.gov.pl/pl/file/7458,2026-03-25
POL,Poland,research,46,"Ustawa o badaniach klinicznych produktow leczniczych stosowanych u ludzi, Dz.U. 2023 poz. 605 (Sejm ELI)",https://api.sejm.gov.pl/eli/acts/DU/2023/605/text.pdf,2023-03-09
POL,Poland,ai,54,"Ustawa z dnia 3 lipca 2026 r. o systemach sztucznej inteligencji, Dz.U. 2026 poz. 1003 (Sejm ELI)",https://api.sejm.gov.pl/eli/acts/DU/2026/1003/text.pdf,2026-07-27
POL,Poland,ai,54,"Nowelizacja Kodeksu Etyki Lekarskiej, tekst z art. 12 (Naczelna Izba Lekarska)",https://nil.org.pl/izba/krajowy-zjazd-lekarzy/nadzwyczajny-xvi-krajowy-zjazd-lekarzy/8487-nowelizacja-kodeksu-etyki-lekarskiej-kamien-milowy-dla-srodowiska-lekarskiego,undated
POL,Poland,ai,54,"Ustawa o izbach lekarskich, tekst jednolity Dz.U. 2021 poz. 1342 (Sejm ELI)",https://api.sejm.gov.pl/eli/acts/DU/2021/1342/text.pdf,2021-06-25
GBR,United Kingdom,access,66,Right of access: health information (ICO),https://ico.org.uk/for-organisations/uk-gdpr-guidance-and-resources/individual-rights/right-of-access/health-information/,2025-12-08
GBR,United Kingdom,access,66,"NHS App Management Information, August 2026 (NHS England Digital)",https://digital.nhs.uk/data-and-information/publications/statistical/nhs-app-statistics/august-2026,2026-09-25
GBR,United Kingdom,access,66,Online access to new GP health record information (NHS England),https://www.england.nhs.uk/long-read/online-access-to-new-gp-health-record-information/,2023-11-01
GBR,United Kingdom,access,66,"Health Bill: single patient record fact sheet (GOV.UK, DHSC)",https://www.gov.uk/government/publications/health-bill-single-patient-record-fact-sheet/health-bill-single-patient-record-fact-sheet,2026-05-19
GBR,United Kingdom,control,52,Summary Care Records (SCR): information for patients (NHS England Digital),https://digital.nhs.uk/services/summary-care-records-scr/summary-care-records-scr-information-for-patients,2025-05-28
GBR,United Kingdom,control,52,Information Governance Framework: Shared Care Records (NHS England Digital),https://digital.nhs.uk/data-and-information/information-governance/guidance/information-governance-framework-shared-care-records,2026-05-21
GBR,United Kingdom,control,52,Opt out of sharing your health records (NHS website),https://www.nhs.uk/using-the-nhs/about-the-nhs/opt-out-of-sharing-your-health-records/,2024-06-06
GBR,United Kingdom,control,52,"NHS patients can't opt out of Palantir's data platform, but their hospital can (The Register)",https://www.theregister.com/databases/2026/06/13/nhs-patients-cant-opt-out-of-palantirs-data-platform-but-their-hospital-can/5254766,2026-06-13
GBR,United Kingdom,privacy,56,"Advanced Computer Software Group Limited, monetary penalty (ICO)",https://ico.org.uk/action-weve-taken/enforcement/2025/03/advanced-computer-software-group-limited/,2025-03-26
GBR,United Kingdom,privacy,56,National Data Guardian statement on NHS Federated Data Platform data access (GOV.UK),https://www.gov.uk/government/news/national-data-guardian-statement-on-nhs-federated-data-platform-data-access-in-response-to-the-not-with-my-nhs-data-campaign,2026-06-03
GBR,United Kingdom,privacy,56,"UK Biobank health data listed for sale in China, government confirms (BBC News)",https://www.bbc.co.uk/news/articles/cpvxgl3n138o,2026-04-23
GBR,United Kingdom,privacy,56,Receiving personal information from the EEA: UK adequacy (ICO),https://ico.org.uk/for-organisations/uk-gdpr-guidance-and-resources/international-transfers/receiving-personal-information-from-the-eea/,2026-01-15
GBR,United Kingdom,journey,62,Electronic Prescription Service (NHS England Digital),https://digital.nhs.uk/services/electronic-prescription-service,2026-09-18
GBR,United Kingdom,journey,62,Summary Care Record (SCR) service page (NHS England Digital),https://digital.nhs.uk/services/summary-care-records-scr,2026-08-27
GBR,United Kingdom,journey,62,"Health Bill: single patient record fact sheet (GOV.UK, DHSC)",https://www.gov.uk/government/publications/health-bill-single-patient-record-fact-sheet/health-bill-single-patient-record-fact-sheet,2026-05-19
GBR,United Kingdom,journey,62,NHS Federated Data Platform uptake and benefits (NHS England),https://www.england.nhs.uk/digitaltechnology/nhs-federated-data-platform/solution-exchange/fdp-uptake-and-benefits/,2026-09-25
GBR,United Kingdom,commercial,60,"Health and Social Care Act 2012, section 261 (legislation.gov.uk)",https://www.legislation.gov.uk/ukpga/2012/7/section/261,undated
GBR,United Kingdom,commercial,60,Understanding the national data opt-out (NHS England Digital),https://digital.nhs.uk/services/national-data-opt-out/understanding-the-national-data-opt-out,2023-05-16
GBR,United Kingdom,commercial,60,Opt out of sharing your health records (NHS website),https://www.nhs.uk/using-the-nhs/about-the-nhs/opt-out-of-sharing-your-health-records/,2024-06-06
GBR,United Kingdom,commercial,60,"Palantir should not have significant role in NHS and other public services, say MPs (BMJ)",https://www.bmj.com/content/393/bmj-2026-035692,2026-06-04
GBR,United Kingdom,clinical,60,Summary Care Record (SCR) service page (NHS England Digital),https://digital.nhs.uk/services/summary-care-records-scr,2026-08-27
GBR,United Kingdom,clinical,60,Summary Care Records (SCR): information for patients (NHS England Digital),https://digital.nhs.uk/services/summary-care-records-scr/summary-care-records-scr-information-for-patients,2025-05-28
GBR,United Kingdom,clinical,60,The single patient record explained (The King's Fund),https://www.kingsfund.org.uk/insight-and-analysis/long-reads/the-single-patient-record-explained-what-could-it-mean-for-patients-and-the-health-and-care-system,2026-08-04
GBR,United Kingdom,clinical,60,"Health Bill: single patient record fact sheet (GOV.UK, DHSC)",https://www.gov.uk/government/publications/health-bill-single-patient-record-fact-sheet/health-bill-single-patient-record-fact-sheet,2026-05-19
GBR,United Kingdom,research,64,Understanding the national data opt-out (NHS England Digital),https://digital.nhs.uk/services/national-data-opt-out/understanding-the-national-data-opt-out,2023-05-16
GBR,United Kingdom,research,64,Opt out of sharing your health records (NHS website),https://www.nhs.uk/using-the-nhs/about-the-nhs/opt-out-of-sharing-your-health-records/,2024-06-06
GBR,United Kingdom,research,64,Using patient data for research: challenges and policy developments (House of Lords Library),https://lordslibrary.parliament.uk/using-patient-data-for-research-challenges-and-policy-developments/,2026-08-04
GBR,United Kingdom,research,64,"Launch of clinical trial reforms (MHRA and HRA, GOV.UK)",https://www.gov.uk/government/news/launch-of-clinical-trial-reforms,2026-04-27
GBR,United Kingdom,ai,55,"Medical Devices (Post-market Surveillance Requirements) (Amendment) (Great Britain) Regulations 2024, S.I. 2024/1368",https://www.legislation.gov.uk/uksi/2024/1368/made,2024-12-16
GBR,United Kingdom,ai,55,"Predetermined change control plans for machine learning-enabled medical devices: guiding principles (MHRA, FDA, Health Canada)",https://www.gov.uk/government/publications/predetermined-change-control-plans-for-machine-learning-enabled-medical-devices-guiding-principles/predetermined-change-control-plans-for-machine-learning-enabled-medical-devices-guiding-principles,2023-10-24
GBR,United Kingdom,ai,55,National Commission into the Regulation of AI in Healthcare: recommendations for a future regulatory framework (GOV.UK),https://www.gov.uk/government/publications/national-commission-into-the-regulation-of-ai-in-healthcare-recommendations-for-a-future-regulatory-framework/national-commission-into-the-regulation-of-ai-in-healthcare-recommendations-for-a-future-regulatory-framework,2026-09-10
GBR,United Kingdom,ai,55,Advancing AI regulation in healthcare: insights from AI Airlock phase 2 (MHRA MedRegs blog),https://medregs.blog.gov.uk/2026/06/09/advancing-ai-regulation-in-healthcare-insights-from-ai-airlock-phase-2/,2026-06-09
SVK,Slovakia,access,62,"Zakon c. 576/2004 Z. z. o zdravotnej starostlivosti, section 25 (Slov-Lex, version from 1 Aug 2026)",https://www.slov-lex.sk/ezbierky/pravne-predpisy/SK/ZZ/2004/576/,2026-08-01
SVK,Slovakia,access,62,"Zakon c. 153/2013 Z. z. o narodnom zdravotnickom informacnom systeme (Slov-Lex, version from 1 Aug 2026)",https://www.slov-lex.sk/ezbierky/pravne-predpisy/SK/ZZ/2013/153/,2026-08-01
SVK,Slovakia,access,62,"Pristup do elektronickej zdravotnej knizky (NCZI, ezdravotnictvo.sk)",https://www.ezdravotnictvo.sk/en/-/pristup-do-elektronickej-zdravotnej-knizky,undated
SVK,Slovakia,control,50,"Zakon c. 153/2013 Z. z., sections 5 and 5a (Slov-Lex)",https://www.slov-lex.sk/ezbierky/pravne-predpisy/SK/ZZ/2013/153/,2026-08-01
SVK,Slovakia,control,50,"Zakon c. 576/2004 Z. z., section 18 (Slov-Lex)",https://www.slov-lex.sk/ezbierky/pravne-predpisy/SK/ZZ/2004/576/,2026-08-01
SVK,Slovakia,control,50,Pristup do elektronickej zdravotnej knizky (NCZI),https://www.ezdravotnictvo.sk/en/-/pristup-do-elektronickej-zdravotnej-knizky,undated
SVK,Slovakia,control,50,Mozem ako pacient zakazat pristup do svojej zdravotnej dokumentacie? (nahradaskody.sk),https://www.nahradaskody.sk/clanky/zdravotna-dokumentacia/mozem-ako-pacient-zakazat-pristup-do-svojej-zdravotnej-dokumentacie/,2024-10-23
SVK,Slovakia,privacy,58,Sprava o stave ochrany osobnych udajov za rok 2025 (UOOU),https://dataprotection.gov.sk/files/annual-reports/uoou_sprava-stave-ochrany-osobnych-udajov_2025.pdf,2026
SVK,Slovakia,privacy,58,CEF 2026: spolocna dozorova akcia EDPB zamerana na transparentnost informovania (UOOU),https://dataprotection.gov.sk/sk/aktuality/cef-2026-spolocna-dozorova-akcia-edpb-zamerana-transparentnost-informovania-do-ktorej-urad-ochranu-osobnych-udajov-sl.html,2026-03-19
SVK,Slovakia,privacy,58,"Zakon c. 153/2013 Z. z., section 3a (Slov-Lex)",https://www.slov-lex.sk/ezbierky/pravne-predpisy/SK/ZZ/2013/153/,2026-08-01
SVK,Slovakia,privacy,58,"Zakon c. 576/2004 Z. z., section 24 (Slov-Lex)",https://www.slov-lex.sk/ezbierky/pravne-predpisy/SK/ZZ/2004/576/,2026-08-01
SVK,Slovakia,journey,66,Vyrocna sprava NCZI 2025,https://www.nczisk.sk/Documents/download/vyrocna_sprava_NCZI_2025.pdf,2026
SVK,Slovakia,journey,66,Zmena pravidiel vo vykazovani zdravotnej starostlivosti od 1. jula 2026 (NCZI),https://www.nczisk.sk/AKTUALITY/Pages/Zmena-pravidiel-vo-vykazovani-zdravotnej-starostlivosti-od-1-jula-2026.aspx,undated
SVK,Slovakia,journey,66,eSluzby: funkcie elektronickeho zdravotnictva (NCZI),https://www.ezdravotnictvo.sk/en/functions,undated
SVK,Slovakia,commercial,58,Regulation (EU) 2016/679 (GDPR),https://eur-lex.europa.eu/eli/reg/2016/679/oj/eng,2016-04-27
SVK,Slovakia,commercial,58,"Zakon c. 153/2013 Z. z., section 3a (Slov-Lex)",https://www.slov-lex.sk/ezbierky/pravne-predpisy/SK/ZZ/2013/153/,2026-08-01
SVK,Slovakia,commercial,58,European Health Data Space Regulation (European Commission),https://health.ec.europa.eu/ehealth-digital-health-and-care/european-health-data-space-regulation-ehds_en,undated
SVK,Slovakia,clinical,60,"Zakon c. 153/2013 Z. z., sections 5, 5a and 6 (Slov-Lex)",https://www.slov-lex.sk/ezbierky/pravne-predpisy/SK/ZZ/2013/153/,2026-08-01
SVK,Slovakia,clinical,60,Vyrocna sprava NCZI 2025,https://www.nczisk.sk/Documents/download/vyrocna_sprava_NCZI_2025.pdf,2026
SVK,Slovakia,research,45,"Zakon c. 153/2013 Z. z., section 3a and annexes (Slov-Lex)",https://www.slov-lex.sk/ezbierky/pravne-predpisy/SK/ZZ/2013/153/,2026-08-01
SVK,Slovakia,research,45,Vyrocna sprava NCZI 2025,https://www.nczisk.sk/Documents/download/vyrocna_sprava_NCZI_2025.pdf,2026
SVK,Slovakia,research,45,European Health Data Space Regulation (European Commission),https://health.ec.europa.eu/ehealth-digital-health-and-care/european-health-data-space-regulation-ehds_en,undated
SVK,Slovakia,ai,50,AI Act: regulatory framework for AI (European Commission),https://digital-strategy.ec.europa.eu/en/policies/regulatory-framework-ai,2026-08-03
SVK,Slovakia,ai,50,"Dohlad nad umelou inteligenciou preberie MIRRI (Zoznam, openiazoch)",https://openiazoch.zoznam.sk/technologie/dohlad-nad-umelou-inteligenciou-preberie-mirri-poslanci-posunuli-zakon-dalej/,2026-09-17
CZE,Czechia,access,60,Vykladove stanovisko k § 66 odst. 3 zakona o zdravotnich sluzbach (Ministerstvo zdravotnictvi),https://mzd.gov.cz/wp-content/uploads/2024/11/Vykladove-stanovisko-k-ustanoveni-%C2%A7-66-odst.-3-zakona-o-zdravotnich-sluzbach-ve-zneni-zakona-c.-240-2024-Sb.pdf,2024-11
CZE,Czechia,access,60,Ministerstvo zdravotnictvi spousti novou generaci EZKarty (MZ CR),https://mzd.gov.cz/tiskove-centrum-mz/ministerstvo-zdravotnictvi-spousti-novou-generaci-ezkarty-pripomene-preventivni-vysetreni-a-zpristupni-dulezite-zdravotni-informace/,2026-09-03
CZE,Czechia,access,60,Nova EZKarta zpristupni pacientum laboratorni vysledky (DigitalHealth.cz),https://www.digitalhealth.cz/nova-ezkarta-laboratorni-vysledky-prevence/,2026-09-03
CZE,Czechia,access,60,Zdravotnicka dokumentace (NZIP),https://www.nzip.cz/clanek/1074-zdravotnicka-dokumentace,2024-01-31
CZE,Czechia,control,64,"Zakon c. 325/2021 Sb., o elektronizaci zdravotnictvi (zneni od 1. 4. 2026)",https://www.zakonyprolidi.cz/cs/2021-325,2026-04-01
CZE,Czechia,control,64,Vyjadreni souhlasu/nesouhlasu s nahlizenim na lekovy zaznam (Portal verejne spravy),https://portal.gov.cz/sluzby-vs/vyjadreni-souhlasunesouhlasu-s-nahlizenim-na-lekovy-zaznam-S11085,undated
CZE,Czechia,control,64,System Sdileny zdravotni zaznam (NCEZ),https://ncez.mzcr.cz/cs/node/5545,undated
CZE,Czechia,control,64,"Zabezpeceni lekoveho zaznamu (SUKL, epreskripce.gov.cz)",https://epreskripce.gov.cz/zabezpeceni-lekoveho-zaznamu/,undated
CZE,Czechia,privacy,56,Vyrocni zprava UOOU za rok 2025,https://www.ochranaudaju.cz/aktuality/vyrocni-zprava-uoou-za-rok-2025,2026-03-20
CZE,Czechia,privacy,56,"Zakon c. 110/2019 Sb., o zpracovani osobnich udaju",https://www.zakonyprolidi.cz/cs/2019-110,2019-04-24
CZE,Czechia,privacy,56,Kamery v nemocnicich maji sva pravidla (Zdravotnicky denik),https://www.zdravotnickydenik.cz/2026/08/kamery-v-nemocnicich-maji-sva-pravidla-uoou-vymezil-kde-konci-ochrana-a-zacina-smirovani/,2026-08-18
CZE,Czechia,privacy,56,Kyberneticke incidenty v CR v srpnu (Feedit),https://feedit.cz/2026/09/14/kyberneticke-incidenty-v-cr-v-srpnu-ransomware-uderil-na-zdravotnictvi-vyrobu-i-it-sluzby-unikla-citliva-data-pacientu/,2026-09-14
CZE,Czechia,journey,55,"O eReceptu (SUKL, epreskripce.gov.cz)",https://epreskripce.gov.cz/o-ereceptu/,undated
CZE,Czechia,journey,55,Portal lekare a pacienta: spusteni novych digitalnich sluzeb (MZ CR),https://mzd.gov.cz/tiskove-centrum-mz/spusteni-nove-digitalni-sluzby-portal-lekare-a-pacienta/,2025-12-31
CZE,Czechia,journey,55,"Zakon c. 236/2025 Sb., novela zakona o elektronizaci zdravotnictvi",https://www.zakonyprolidi.cz/cs/2025-236,2025-06-12
CZE,Czechia,journey,55,Ministerstvo zdravotnictvi spousti novou generaci EZKarty (MZ CR),https://mzd.gov.cz/tiskove-centrum-mz/ministerstvo-zdravotnictvi-spousti-novou-generaci-ezkarty-pripomene-preventivni-vysetreni-a-zpristupni-dulezite-zdravotni-informace/,2026-09-03
CZE,Czechia,commercial,60,European Health Data Space Regulation (European Commission),https://health.ec.europa.eu/ehealth-digital-health-and-care/european-health-data-space-regulation-ehds_en,undated
CZE,Czechia,commercial,60,Vyrocni zprava UOOU za rok 2025,https://www.ochranaudaju.cz/aktuality/vyrocni-zprava-uoou-za-rok-2025,2026-03-20
CZE,Czechia,commercial,60,Art. 83 GDPR (gdpr-info.eu),https://gdpr-info.eu/art-83-gdpr/,undated
CZE,Czechia,clinical,52,"Zakon c. 325/2021 Sb., o elektronizaci zdravotnictvi (zneni od 1. 4. 2026)",https://www.zakonyprolidi.cz/cs/2021-325,2026-04-01
CZE,Czechia,clinical,52,System Sdileny zdravotni zaznam (NCEZ),https://ncez.mzcr.cz/cs/node/5545,undated
CZE,Czechia,clinical,52,"O eReceptu (SUKL, epreskripce.gov.cz)",https://epreskripce.gov.cz/o-ereceptu/,undated
CZE,Czechia,research,45,Vyhlaseni nalezu Ustavniho soudu sp. zn. Pl. US 33/16,https://www.usoud.cz/aktualne/vyhlaseni-nalezu-ustavniho-soudu-sp-zn-pl-us-33-16-dne-18-listopadu-2020-rozhodnuti-zverejnene-s-tiskovou-zpravou,2020-11-18
CZE,Czechia,research,45,Zadosti o vystupy NZIS (UZIS CR),https://www.uzis.cz/index.php?pg=kontakt--zadosti-vystupy-nzis,undated
CZE,Czechia,research,45,European Health Data Space Regulation (European Commission),https://health.ec.europa.eu/ehealth-digital-health-and-care/european-health-data-space-regulation-ehds_en,undated
CZE,Czechia,ai,50,2. srpna 2026 jako klicove datum pro pravidla transparentnosti podle Aktu o AI (CTU),https://ctu.gov.cz/tiskova-zprava-2.-srpna-2026-jako-klicove-datum-pro-pravidla-transparentnosti-podle-aktu-o-umele,2026-07-31
CZE,Czechia,ai,50,AI Act v praxi: cesky adaptacni zakon (LeitnerLaw),https://www.leitnerlaw.cz/novinky/ai-act-v-praxi-cesky-adaptacni-zakon-vymezuje-kompetence-postupy-a-sankce/,2026-02-26
GRC,Greece,access,66,Ο Εθνικός Ηλεκτρονικός Φάκελος Υγείας (EHFY overview),https://ehealthrecord.gov.gr/ehfy-overview-details,undated
GRC,Greece,access,66,Commencement of the new digital platform for the National Electronic Health Record (NEHR),https://www.ehealthrecord.gov.gr/en/press-releases/%CE%B7%CE%BC-%CE%B5%CE%B7%CF%86%CF%85-golive,2025-05
GRC,Greece,access,66,2025 Digital Decade eHealth indicator study (European Commission),https://op.europa.eu/en/publication-detail/-/publication/bb5838fe-4742-11f0-85ba-01aa75ed71a1/language-en,2025
GRC,Greece,access,66,"State of Health in the EU: Greece Country Health Profile 2025 (European Commission, OECD)",https://health.ec.europa.eu/document/download/b9b4092c-b357-4ae3-8d82-d9a252e7e159_en?filename=2025_chp_gr_english.pdf,2025
GRC,Greece,control,46,"Νόμος 4600/2019, Άρθρο 84: Ατομικός Ηλεκτρονικός Φάκελος Υγείας (Ministry of Health)",https://www.moh.gov.gr/articles/newspaper/nomothesia-kanonismoi/3246-nomothesia-hlektronikhs-ygeias?fdl=14732,2019-03-09
GRC,Greece,control,46,Ο Εθνικός Ηλεκτρονικός Φάκελος Υγείας (EHFY overview),https://ehealthrecord.gov.gr/ehfy-overview-details,undated
GRC,Greece,privacy,56,Πρόστιμο 25.000 ευρώ στο νοσοκομείο Γ. Γεννηματάς στη Θεσσαλονίκη (To Pontiki),https://www.topontiki.gr/2026/09/29/prostimo-25-000-evro-sto-nosokomio-g-gennimatas-sti-thessaloniki-gia-diarroi-prosopikon-stichion-2-820-asthenon/,2026-09-29
GRC,Greece,privacy,56,Δεδομένα υγείας: Συχνές ερωτήσεις (Αρχή Προστασίας Δεδομένων),https://www.dpa.gr/el/enimerwtiko/thematikes_enotites/eidikeskatigories/dedomenaugeias/faq_dedomena_ugeias,undated
GRC,Greece,privacy,56,"Νόμος 4600/2019, Άρθρο 84 (Ministry of Health)",https://www.moh.gov.gr/articles/newspaper/nomothesia-kanonismoi/3246-nomothesia-hlektronikhs-ygeias?fdl=14732,2019-03-09
GRC,Greece,journey,62,"Άρθρο 3, Νόμος 3892/2010 (Lawspot)",https://www.lawspot.gr/nomothesia/n3892-2010/arthro-3-nomos-3892-2010/,2010-11-04
GRC,Greece,journey,62,"Νόμος 4600/2019, Άρθρο 84 (Ministry of Health)",https://www.moh.gov.gr/articles/newspaper/nomothesia-kanonismoi/3246-nomothesia-hlektronikhs-ygeias?fdl=14732,2019-03-09
GRC,Greece,journey,62,Από τον Σεπτέμβριο οι απεικονιστικές εξετάσεις στο myHealth app (Iatronet),https://www.iatronet.gr/article/142194/apo-ton-septemvrio-oi-apeikonistikes-exetaseis-sto-myhealth-app-leitoyrgia-kai-prosvash,2026-08-14
GRC,Greece,journey,62,Άδωνις Γεωργιάδης: Αλλάζουν όλα στα νοσοκομεία και γίνονται ηλεκτρονικά μέχρι το καλοκαίρι του 2026 (Ethnos),https://www.ethnos.gr/health/article/401035/adonisgeorgiadhsallazoynolastanosokomeiakaiginontaihlektronikamexritokalokairitoy2026,2026-03-11
GRC,Greece,commercial,62,"Νόμος 4600/2019, Άρθρο 84 (Ministry of Health)",https://www.moh.gov.gr/articles/newspaper/nomothesia-kanonismoi/3246-nomothesia-hlektronikhs-ygeias?fdl=14732,2019-03-09
GRC,Greece,commercial,62,Η νέα πραγματικότητα της ψηφιακής υγείας: Ποιος θα έχει πρόσβαση στα δεδομένα (Iatropedia),https://www.iatropedia.gr/eidiseis/i-nea-pragmatikotita-tis-psifiakis-ygeias-poios-tha-echei-prosvasi-sta-dedomena-ekatommyrion-asthenon-kai-me-poious-orous/227674/,2026-07-31
GRC,Greece,commercial,62,Εγκρίθηκε από το υπουργικό συμβούλιο το νομοσχέδιο για ελεύθερη πρόσβαση στα δεδομένα υγείας (Ethnos),https://www.ethnos.gr/health/article/416159/egkrithhkeapotoypoyrgikosymboyliotonomosxediogiaeleytherhprosbashstadedomenaygeiastiallazei,2026-07-30
GRC,Greece,clinical,58,Commencement of the new digital platform for the National Electronic Health Record (NEHR),https://www.ehealthrecord.gov.gr/en/press-releases/%CE%B7%CE%BC-%CE%B5%CE%B7%CF%86%CF%85-golive,2025-05
GRC,Greece,clinical,58,Ο Εθνικός Ηλεκτρονικός Φάκελος Υγείας (EHFY overview),https://ehealthrecord.gov.gr/ehfy-overview-details,undated
GRC,Greece,clinical,58,Από τον Σεπτέμβριο οι απεικονιστικές εξετάσεις στο myHealth app (Iatronet),https://www.iatronet.gr/article/142194/apo-ton-septemvrio-oi-apeikonistikes-exetaseis-sto-myhealth-app-leitoyrgia-kai-prosvash,2026-08-14
GRC,Greece,clinical,58,Άδωνις Γεωργιάδης: Αλλάζουν όλα στα νοσοκομεία και γίνονται ηλεκτρονικά μέχρι το καλοκαίρι του 2026 (Ethnos),https://www.ethnos.gr/health/article/401035/adonisgeorgiadhsallazoynolastanosokomeiakaiginontaihlektronikamexritokalokairitoy2026,2026-03-11
GRC,Greece,research,44,Δεδομένα υγείας: Συχνές ερωτήσεις (Αρχή Προστασίας Δεδομένων),https://www.dpa.gr/el/enimerwtiko/thematikes_enotites/eidikeskatigories/dedomenaugeias/faq_dedomena_ugeias,undated
GRC,Greece,research,44,"Φορέας Πρόσβασης στα Δεδομένα Υγείας, GR-HDAB (Υπουργείο Υγείας)",https://www.moh.gov.gr/articles/ehealth/gr-hdab/14291-foreas-prosbashs-sta-dedomena-ygeias,undated
GRC,Greece,research,44,"Νόμος 4600/2019, Άρθρο 84 (Ministry of Health)",https://www.moh.gov.gr/articles/newspaper/nomothesia-kanonismoi/3246-nomothesia-hlektronikhs-ygeias?fdl=14732,2019-03-09
GRC,Greece,research,44,Εγκρίθηκε από το υπουργικό συμβούλιο το νομοσχέδιο για ελεύθερη πρόσβαση στα δεδομένα υγείας (Ethnos),https://www.ethnos.gr/health/article/416159/egkrithhkeapotoypoyrgikosymboyliotonomosxediogiaeleytherhprosbashstadedomenaygeiastiallazei,2026-07-30
GRC,Greece,ai,54,Νόμος 4961/2022 (Lawspot),https://www.lawspot.gr/nomothesia/nomos-4961-2022/,2022-07-27
GRC,Greece,ai,54,MyHealth Agent: Διαθέσιμος ο Προσωπικός Βοηθός Υγείας Πολίτη (Lawspot),https://www.lawspot.gr/nomika-nea/myhealth-agent-diathesimos-o-prosopikos-boethos-ugeias-polite-meso-tou-myhealth-app/,2025-12-12
JPN,Japan,access,62,"Act on the Protection of Personal Information (Act No. 57 of 2003), e-Gov law text",https://laws.e-gov.go.jp/law/415AC0000000057,undated
JPN,Japan,access,62,On the guideline for providing medical information: disclosure costs (MHLW notice),https://www.mhlw.go.jp/web/t_doc?dataId=00tc3511&dataType=1&pageNo=1,2018-07-20
JPN,Japan,access,62,How many years of treatment and medicine data can be viewed? (Mynaportal FAQ 4902),https://faq.myna.go.jp/faq/show/4902?category_id=107&site_domain=default,2026-05-12
JPN,Japan,access,62,Digital Agency at five years (Digital Agency),https://www.digital.go.jp/policies/report-2026,undated
JPN,Japan,control,62,Using the My Number card as a health insurance card (Digital Agency),https://www.digital.go.jp/policies/mynumber/insurance-card,undated
JPN,Japan,control,62,Medical insurance information provision history (Mynaportal),https://myna.go.jp/medical-info-sharing-histories,undated
JPN,Japan,control,62,Emergency medical information viewing: overview for hospitals (MHLW),https://www.mhlw.go.jp/content/10200000/001243478.pdf,2026-06
JPN,Japan,control,62,"Reference materials, 16th meeting of the review panel on use of medical information (Cabinet Office)",https://www8.cao.go.jp/iryou/studygloup/20260911/pdf/s-2.pdf,2026-09-11
JPN,Japan,privacy,58,"Act on the Protection of Personal Information (Act No. 57 of 2003), e-Gov law text",https://laws.e-gov.go.jp/law/415AC0000000057,undated
JPN,Japan,privacy,58,"Handling of breach reports, FY2025 Q3 (PPC)",https://www.ppc.go.jp/files/pdf/260311quarter-report_roueihoukoku.pdf,2026-03-11
JPN,Japan,privacy,58,"Report on personal data leak from cyberattack, 2nd report (Nippon Medical School Musashi Kosugi Hospital)",https://www.nms.ac.jp/kosugi-h/news/_28832.html,2026-02-14
JPN,Japan,privacy,58,Adequacy decisions (European Commission),https://commission.europa.eu/law/law-topic/data-protection/international-dimension-data-protection/adequacy-decisions_en,undated
JPN,Japan,journey,48,"Smooth use of the My Number insurance card, Medical Insurance Subcommittee material 3 (MHLW)",https://www.mhlw.go.jp/content/12401000/001712851.pdf,2026-06-18
JPN,Japan,journey,48,"Progress of electronic prescriptions, Medical Insurance Subcommittee material 4 (MHLW)",https://www.mhlw.go.jp/content/12401000/001742903.pdf,2026-08-27
JPN,Japan,journey,48,EHR Information Sharing Service overview v2.1 (MHLW),https://www.mhlw.go.jp/content/10800000/001457777.pdf,2026-07-21
JPN,Japan,journey,48,Report on passage of the Act amending the Medical Care Act (MHLW),https://www.mhlw.go.jp/content/10801000/001606327.pdf,2025-12-08
JPN,Japan,commercial,50,"Act on the Protection of Personal Information (Act No. 57 of 2003), e-Gov law text",https://laws.e-gov.go.jp/law/415AC0000000057,undated
JPN,Japan,commercial,50,"Material 4, 1st meeting of the review panel on use of medical information (Cabinet Office)",https://www8.cao.go.jp/iryou/studygloup/20250903/pdf/s-4.pdf,2025-09-03
JPN,Japan,commercial,50,Caution on use of claims data held by local governments (PPC),https://www.ppc.go.jp/files/pdf/260819_02_houdou.pdf,2026-08-19
JPN,Japan,commercial,50,Overview of the Act amending the APPI (PPC),https://www.ppc.go.jp/files/pdf/260717_kaiseihounitsuite.pdf,2026-07-17
JPN,Japan,clinical,52,Provision of treatment information including surgery in online eligibility checks (MHLW),https://www.mhlw.go.jp/content/10200000/000992343.pdf,2025-03
JPN,Japan,clinical,52,Emergency medical information viewing: overview for hospitals (MHLW),https://www.mhlw.go.jp/content/10200000/001243478.pdf,2026-06
JPN,Japan,clinical,52,"Reference materials, 16th meeting of the review panel on use of medical information (Cabinet Office)",https://www8.cao.go.jp/iryou/studygloup/20260911/pdf/s-2.pdf,2026-09-11
JPN,Japan,research,50,Use of the NDB claims database: third-party provision (MHLW),https://www.mhlw.go.jp/stf/seisakunitsuite/bunya/kenkou_iryou/iryouhoken/reseputo/index.html,undated
JPN,Japan,research,50,"Act on Anonymized and Pseudonymized Medical Data for Medical R&D (Act No. 28 of 2017), e-Gov law text",https://laws.e-gov.go.jp/law/429AC0000000028,undated
JPN,Japan,research,50,"Clinical Trials Act (Act No. 16 of 2017), e-Gov law text",https://laws.e-gov.go.jp/law/429AC0000000016,undated
JPN,Japan,research,50,Overview of the Act amending the APPI (PPC),https://www.ppc.go.jp/files/pdf/260717_kaiseihounitsuite.pdf,2026-07-17
JPN,Japan,ai,60,Regulation and approval of medical AI as SaMD in Japan (Global Health & Medicine),https://www.jstage.jst.go.jp/article/ghm/8/3/8_2026.01052/_article,2026-06-30
JPN,Japan,ai,60,Review of medical devices using machine learning (PMDA),https://www.pmda.go.jp/files/000265866.pdf,undated
JPN,Japan,ai,60,Use of AI diagnostic support programs and Article 17 of the Medical Practitioners Act (MHLW notice),https://www.pmda.go.jp/files/000227450.pdf,2018-12-19
JPN,Japan,ai,60,"Full enforcement of the AI Promotion Act (Government of Japan, Highlighting Japan)",https://www.gov-online.go.jp/hlj/ja/november_2025/november_2025-08.html,2025-11
ROU,Romania,access,60,"A fost lansat portalul eSanatateaMea (JURIDICE.ro, preluare comunicat CNAS)",https://www.juridice.ro/848816/a-fost-lansat-portalul-esanatateamea.html,2026-09-02
ROU,Romania,access,60,CNAS finalizeaza modernizarea platformei informatice: 100 de milioane de euro (Economedia),https://economedia.ro/cnas-finalizeaza-modernizarea-platformei-informatice-100-de-milioane-de-euro-pentru-un-sistem-care-gestioneaza-anual-sute-de-milioane-de-servicii-medicale.html,2026-09-01
ROU,Romania,access,60,Accesul pacientului la datele medicale (Spitalul Negresti Oas),https://spitalnegrestioas.ro/index.php/ro/pagina-pacientului/accesul-pacientului-la-datele-medicale,undated
ROU,Romania,access,60,Tu ai obtinut acces la dosarul electronic de sanatate pana acum? (Avocatnet.ro),https://www.avocatnet.ro/articol_68806/Tu-ai-ob%C8%9Binut-acces-la-dosarul-electronic-de-s%C4%83n%C4%83tate-pan%C4%83-acum-Tot-ce-trebuie-s%C4%83-%C8%99tii-despre-acesta-in-2025.html,2025-04-09
ROU,Romania,control,62,"Legea 95/2006, Titlul IX^1 Dosarul electronic de sanatate al pacientului (introdus prin Legea 45/2019), lege5.ro",https://lege5.ro/Gratuit/gmzdgmjygy2q/dupa-titlul-ix-cardul-european-si-cardul-national-de-asigurari-sociale-de-sanatate-se-introduce-un-nou-titlu-titlul-ix1-dosarul-electronic-de-sanatate-al-pacientului-continand-articolele-3461-34612-cu?dp=gi4dcmrxgaytgny,2019
ROU,Romania,control,62,"Din toamna, pacientii vor avea acces online la dosarul medical prin portalul e-Sanatatea Mea (Gazarul)",https://gazarul.ro/2026/07/16/din-toamna-pacientii-vor-avea-acces-online-la-dosarul-medical-si-isi-vor-putea-face-programari-prin-portalul-e-sanatatea-mea/,2026-07-16
ROU,Romania,control,62,Tu ai obtinut acces la dosarul electronic de sanatate pana acum? (Avocatnet.ro),https://www.avocatnet.ro/articol_68806/Tu-ai-ob%C8%9Binut-acces-la-dosarul-electronic-de-s%C4%83n%C4%83tate-pan%C4%83-acum-Tot-ce-trebuie-s%C4%83-%C8%99tii-despre-acesta-in-2025.html,2025-04-09
ROU,Romania,privacy,50,Legea 190/2018 privind masuri de punere in aplicare a GDPR (text publicat),https://www.spitalleordeni.ro/doc/date%20personale/Legea%20nr.%20190%20din%202018.pdf,2018-07-18
ROU,Romania,privacy,50,Ransomware Attack Knocks 100 Romanian Hospitals Offline (SecurityWeek),https://www.securityweek.com/ransomware-attack-knocks-100-romanian-hospitals-offline/,2024-02-13
ROU,Romania,privacy,50,ANSPDCP sanctioneaza un centru medical (JURIDICE.ro),https://www.juridice.ro/772254/anspdcp-sanctioneaza-un-centru-medical-2.html,2025-02-20
ROU,Romania,journey,60,CNAS finalizeaza modernizarea platformei informatice: 100 de milioane de euro (Economedia),https://economedia.ro/cnas-finalizeaza-modernizarea-platformei-informatice-100-de-milioane-de-euro-pentru-un-sistem-care-gestioneaza-anual-sute-de-milioane-de-servicii-medicale.html,2026-09-01
ROU,Romania,journey,60,Romania 2025 Digital Decade Country Report (European Commission),https://digital-strategy.ec.europa.eu/en/factpages/romania-2025-digital-decade-country-report,2025-06-18
ROU,Romania,journey,60,Electronic cross-border health services (European Commission),https://health.ec.europa.eu/ehealth-digital-health-and-care/digital-health-and-care/electronic-cross-border-health-services_en,undated
ROU,Romania,commercial,56,Legea 190/2018 privind masuri de punere in aplicare a GDPR (text publicat),https://www.spitalleordeni.ro/doc/date%20personale/Legea%20nr.%20190%20din%202018.pdf,2018-07-18
ROU,Romania,commercial,56,ANSPDCP a amendat Hilmi Medical Center (ANSPDCP),https://www.dataprotection.ro/index.jsp?lang=ro&page=ANSPDCP_a_amendat_Hilmi_Medical_Center,undated
ROU,Romania,clinical,50,"Legea 95/2006, Titlul IX^1 Dosarul electronic de sanatate al pacientului (introdus prin Legea 45/2019), lege5.ro",https://lege5.ro/Gratuit/gmzdgmjygy2q/dupa-titlul-ix-cardul-european-si-cardul-national-de-asigurari-sociale-de-sanatate-se-introduce-un-nou-titlu-titlul-ix1-dosarul-electronic-de-sanatate-al-pacientului-continand-articolele-3461-34612-cu?dp=gi4dcmrxgaytgny,2019
ROU,Romania,clinical,50,Tu ai obtinut acces la dosarul electronic de sanatate pana acum? (Avocatnet.ro),https://www.avocatnet.ro/articol_68806/Tu-ai-ob%C8%9Binut-acces-la-dosarul-electronic-de-s%C4%83n%C4%83tate-pan%C4%83-acum-Tot-ce-trebuie-s%C4%83-%C8%99tii-despre-acesta-in-2025.html,2025-04-09
ROU,Romania,clinical,50,Seful CNAS: Dosarul electronic de sanatate va fi disponibil pentru fiecare pacient (AGERPRES),https://agerpres.ro/sanatate/2026/03/31/seful-cnas-dosarul-electronic-de-sanatate-va-fi-disponibil-pentru-fiecare-pacient-incepand-cu-vara-a--1542731,2026-03-31
ROU,Romania,clinical,50,"Din toamna, pacientii vor avea acces online la dosarul medical prin portalul e-Sanatatea Mea (Gazarul)",https://gazarul.ro/2026/07/16/din-toamna-pacientii-vor-avea-acces-online-la-dosarul-medical-si-isi-vor-putea-face-programari-prin-portalul-e-sanatatea-mea/,2026-07-16
ROU,Romania,research,44,"Legea 95/2006, Titlul IX^1 Dosarul electronic de sanatate al pacientului (introdus prin Legea 45/2019), lege5.ro",https://lege5.ro/Gratuit/gmzdgmjygy2q/dupa-titlul-ix-cardul-european-si-cardul-national-de-asigurari-sociale-de-sanatate-se-introduce-un-nou-titlu-titlul-ix1-dosarul-electronic-de-sanatate-al-pacientului-continand-articolele-3461-34612-cu?dp=gi4dcmrxgaytgny,2019
ROU,Romania,research,44,Regulament Studii Clinice / Sistem Informatic pentru Studii Clinice (ANMDMR),https://www.anm.ro/regulament-studii-clinice-sistem-informatic-pentru-studii-clinice/,undated
ROU,Romania,research,44,Ce se intampla cu datele tale medicale dupa digitalizare (EVZ),https://evz.ro/ce-se-intampla-cu-datele-tale-medicale-dupa-digitalizare-frica-legitima-si-ce-spun-documentele-oficiale.html,2026-01-13
ROU,Romania,ai,50,Artificial Intelligence Act in Romania: current state of the implementation framework (ANCOM),https://www.ancom.ro/en/about-us/media-en/press-releases/artificial-intelligence-act-in-romania-current-state-of-the-implementation-framework/,2026-07-24
CYP,Cyprus,access,64,"Electronic Health Law of 2019, 59(I)/2019, consolidated with 176(I)/2025 (CyLaw)",http://www.cylaw.org/nomoi/enop/non-ind/2019_1_59/full.html,2019-04-19
CYP,Cyprus,access,64,"2025 Digital Decade eHealth indicator study, annex: country factsheets (European Commission)",https://data.europa.eu/doi/10.2759/8383998,2025-06-16
CYP,Cyprus,access,64,Cyprus's 2026 Digital Decade Country Report (European Commission),https://digital-strategy.ec.europa.eu/en/factpages/cypruss-2026-digital-decade-country-report,2026-08-24
CYP,Cyprus,access,64,"GeSY on your screen: everything you need to know (Offsite, via ink.com)",https://ink.com/articles/545626/gesy-stin-othoni-soy-ola-osa-prepei-na-xereis,2023-11-04
CYP,Cyprus,control,46,"Electronic Health Law of 2019, 59(I)/2019, consolidated with 176(I)/2025 (CyLaw)",http://www.cylaw.org/nomoi/enop/non-ind/2019_1_59/full.html,2019-04-19
CYP,Cyprus,control,46,eHealth4U: a pathway from the Cyprus eHealth law to a citizen-centred national EHR prototype (Digital Health),https://pmc.ncbi.nlm.nih.gov/articles/PMC13133457/,2026-04-27
CYP,Cyprus,control,46,GeSY: how we stay informed about our medical data (Ygeia Press),https://ygeia-press.com/%CE%B3%CE%B5%CF%83%CF%85%CF%80%CF%89%CF%82-%CE%B5%CE%BD%CE%B7%CE%BC%CE%B5%CF%81%CF%89%CE%BD%CF%8C%CE%BC%CE%B1%CF%83%CF%84%CE%B5-%CE%B3%CE%B9%CE%B1-%CF%84%CE%B1-%CE%B9%CE%B1%CF%84%CF%81%CE%B9%CE%BA/,2023-11-07
CYP,Cyprus,privacy,58,Law 125(I)/2018 on the protection of natural persons with regard to personal data (CyLaw),http://www.cylaw.org/nomoi/enop/non-ind/2018_1_125/full.html,2018-07-31
CYP,Cyprus,privacy,58,"Electronic Health Law of 2019, 59(I)/2019, consolidated with 176(I)/2025 (CyLaw)",http://www.cylaw.org/nomoi/enop/non-ind/2019_1_59/full.html,2019-04-19
CYP,Cyprus,privacy,58,"Commissioner's report: spam complaints, surveillance and fines on OKYpY (Dialogos)",https://dialogos.com.cy/ekthesi-epitropoy-parapona-gia-spam-kyklomata-parakoloythisis-kai-prostima-ston-okypy/,2025-09-26
CYP,Cyprus,journey,58,Launch of MyHealth@EU cross-border eHealth services (National eHealth Authority),https://neha.org.cy/enarksi-ilektronikwn-diasinoriakwn/,2025-05-16
CYP,Cyprus,journey,58,GHS Information Technology System (Health Insurance Organisation),https://www.gesy.org.cy/sites/Sites?d=Desktop&locale=el_GR&lookuphost=%2Fel-gr%2F&lookuppage=hioinformationtechnologysystemghs,undated
CYP,Cyprus,journey,58,eHealth4U: a pathway from the Cyprus eHealth law to a citizen-centred national EHR prototype (Digital Health),https://pmc.ncbi.nlm.nih.gov/articles/PMC13133457/,2026-04-27
CYP,Cyprus,journey,58,All your health history on one screen: when the digital record comes to Cyprus (Politis),https://www.politis.com.cy/cyprus/igeia/1033942/telos-ston-fakelo-me-ta-khartia-olo-to-istoriko-ighias-se-mia-othoni-pote-erkhetai-o-psifiakos-fakelos-stin-kypro,2026-09-18
CYP,Cyprus,commercial,54,Law 125(I)/2018 on the protection of natural persons with regard to personal data (CyLaw),http://www.cylaw.org/nomoi/enop/non-ind/2018_1_125/full.html,2018-07-31
CYP,Cyprus,commercial,54,"Electronic Health Law of 2019, 59(I)/2019, consolidated with 176(I)/2025 (CyLaw)",http://www.cylaw.org/nomoi/enop/non-ind/2019_1_59/full.html,2019-04-19
CYP,Cyprus,clinical,55,GeSY: how we stay informed about our medical data (Ygeia Press),https://ygeia-press.com/%CE%B3%CE%B5%CF%83%CF%85%CF%80%CF%89%CF%82-%CE%B5%CE%BD%CE%B7%CE%BC%CE%B5%CF%81%CF%89%CE%BD%CF%8C%CE%BC%CE%B1%CF%83%CF%84%CE%B5-%CE%B3%CE%B9%CE%B1-%CF%84%CE%B1-%CE%B9%CE%B1%CF%84%CF%81%CE%B9%CE%BA/,2023-11-07
CYP,Cyprus,clinical,55,"Electronic Health Law of 2019, 59(I)/2019, consolidated with 176(I)/2025 (CyLaw)",http://www.cylaw.org/nomoi/enop/non-ind/2019_1_59/full.html,2019-04-19
CYP,Cyprus,clinical,55,Launch of MyHealth@EU cross-border eHealth services (National eHealth Authority),https://neha.org.cy/enarksi-ilektronikwn-diasinoriakwn/,2025-05-16
CYP,Cyprus,clinical,55,"2025 Digital Decade eHealth indicator study, annex: country factsheets (European Commission)",https://data.europa.eu/doi/10.2759/8383998,2025-06-16
CYP,Cyprus,research,45,"Electronic Health Law of 2019, 59(I)/2019, consolidated with 176(I)/2025 (CyLaw)",http://www.cylaw.org/nomoi/enop/non-ind/2019_1_59/full.html,2019-04-19
CYP,Cyprus,research,45,Bioethics (Establishment and Operation of National Committee) Law 150(I)/2001 (CyLaw),http://www.cylaw.org/nomoi/enop/non-ind/2001_1_150/full.html,2001
CYP,Cyprus,research,45,"Reliable health data and AI the basis of a new era, e-Health Authority head says (CBN)",https://www.cbn.com.cy/article/128614/reliable-health-data-and-ai-the-basis-of-a-new-era-e-health-authority-head-says,2026-04-30
CYP,Cyprus,ai,50,AI Act Service Desk: national resources (European Commission),https://ai-act-service-desk.ec.europa.eu/en/national-resources,undated
CYP,Cyprus,ai,50,"Digital Omnibus on AI has been published, Regulation (EU) 2026/1744 (Cuatrecasas)",https://www.cuatrecasas.com/en/global/intellectual-property/art/digital-omnibus-ai-has-been-published,2026-07-24
CYP,Cyprus,ai,50,"Reliable health data and AI the basis of a new era, e-Health Authority head says (CBN)",https://www.cbn.com.cy/article/128614/reliable-health-data-and-ai-the-basis-of-a-new-era-e-health-authority-head-says,2026-04-30
ARE,United Arab Emirates,access,35,"DOH Standard on Patient Healthcare Data Privacy (Department of Health Abu Dhabi, hosted by Malaffi)",https://staticcdn.malaffi.ae/wpblobe9e5523f25/2021/02/2020-09-15-DOH-Standard-on-Patient-Healthcare-Data-Privacy-for-publication-2.pdf,2020-09-16
ARE,United Arab Emirates,access,35,Policy for Data and Health Information Protection and Confidentiality (Dubai Health Authority),https://dha.gov.ae/uploads/082022/Health%20Data%20Protection%20and%20Confidentiality%20Policy_EN2022810559.pdf,2022-08-10
ARE,United Arab Emirates,access,35,Sahatna App FAQ (Department of Health Abu Dhabi),https://sahatna-app.doh.gov.ae/en/faqs/,undated
ARE,United Arab Emirates,access,35,"Smart Patient Portal (MOHAP, Internet Archive copy of 22 Jan 2026)",https://web.archive.org/web/20260122171056/https://mohap.gov.ae/en/w/smart-patient-portal,undated
ARE,United Arab Emirates,control,48,"Riayati Healthcare Data Confidentiality and Privacy Policy RYT-PGM-POL-003 v1.2 (MOHAP, Internet Archive copy of 15 Apr 2025)",https://web.archive.org/web/20250415110215/https://mohap.gov.ae/documents/20117/590019/Riayati_Confidentiality_and_data_privacy_policy_V1.2.pdf/114cf9a6-69d8-32a1-53e7-6ef447d1a7f8,2020-06-11
ARE,United Arab Emirates,control,48,Standards for Health Information Consent and Access Control (Dubai Health Authority),https://dha.gov.ae/uploads/012025/Standards%20for%20Consnet%20and%20Access%20Control2025129762.pdf,2025-01-02
ARE,United Arab Emirates,control,48,DOH Policy on the Abu Dhabi Health Information Exchange (Department of Health Abu Dhabi),https://www.doh.gov.ae/-/media/A78104416DF2440E89AC90FB75F11055.ashx,2020-04-16
ARE,United Arab Emirates,control,48,"DOH Standard on Patient Healthcare Data Privacy (Department of Health Abu Dhabi, hosted by Malaffi)",https://staticcdn.malaffi.ae/wpblobe9e5523f25/2021/02/2020-09-15-DOH-Standard-on-Patient-Healthcare-Data-Privacy-for-publication-2.pdf,2020-09-16
ARE,United Arab Emirates,privacy,50,"Federal Law No. 2 of 2019 on ICT in Health Fields (UAE Legislation portal, Internet Archive copy of 26 Nov 2025)",https://web.archive.org/web/20251126033721/https://uaelegislation.gov.ae/en/legislations/1209/download,2019-02-06
ARE,United Arab Emirates,privacy,50,"Federal Decree-Law No. 45 of 2021 on the Protection of Personal Data (UAE Legislation portal, Internet Archive copy of 7 Sep 2026)",https://web.archive.org/web/20260907034008/https://www.uaelegislation.gov.ae/en/legislations/1972/download,2021-09-20
ARE,United Arab Emirates,privacy,50,UAE Establishes Federal Authority for Artificial Intelligence and Data (Morgan Lewis),https://www.morganlewis.com/pubs/2026/06/uae-establishes-federal-authority-for-artificial-intelligence-and-data,2026-06-15
ARE,United Arab Emirates,privacy,50,Millions of patient records hacked in Dubai (Semafor),https://www.semafor.com/article/06/11/2025/millions-of-dubai-patient-records-hacked,2025-06-11
ARE,United Arab Emirates,journey,80,"Malaffi Progress Report, June 2026 (Malaffi)",https://www.malaffi.ae/malaffi-progress-report/,2026-06
ARE,United Arab Emirates,journey,80,"Dubai Health Authority: enabling a future-ready health sector, interview (Economy Middle East)",https://economymiddleeast.com/news/dubai-health-authority-enabling-a-future-ready-health-sector-interview/,2026-02-09
ARE,United Arab Emirates,journey,80,DoH's Malaffi and MOHAP announce completion of latest phase of Riayati integration (Malaffi),https://www.malaffi.ae/dohs-malaffi-and-mohap-announce-the-completion-of-the-latest-phase-of-riayati-integration/,2023-10
ARE,United Arab Emirates,journey,80,"Malaffi FAQ for end users: General (Malaffi, operated by M42's Abu Dhabi Health Data Services)",https://www.malaffi.ae/faq-end-users/general/,undated
ARE,United Arab Emirates,commercial,56,"Federal Law No. 2 of 2019 on ICT in Health Fields (UAE Legislation portal, Internet Archive copy of 26 Nov 2025)",https://web.archive.org/web/20251126033721/https://uaelegislation.gov.ae/en/legislations/1209/download,2019-02-06
ARE,United Arab Emirates,commercial,56,DOH Policy on the Abu Dhabi Health Information Exchange (Department of Health Abu Dhabi),https://www.doh.gov.ae/-/media/A78104416DF2440E89AC90FB75F11055.ashx,2020-04-16
ARE,United Arab Emirates,commercial,56,"Data protection laws (The Official Platform of the UAE Government, u.ae)",https://u.ae/en/about-the-uae/digital-uae/data/data-protection-laws,undated
ARE,United Arab Emirates,commercial,56,Malaffi reaches 3.5 billion clinical records (Malaffi),https://www.malaffi.ae/malaffi-reaches-3-5-billion-clinical-records-setting-a-new-standard-for-healthcare-innovation-in-abu-dhabi/,2025-08-14
ARE,United Arab Emirates,clinical,76,"Malaffi FAQ for end users: General (Malaffi, operated by M42's Abu Dhabi Health Data Services)",https://www.malaffi.ae/faq-end-users/general/,undated
ARE,United Arab Emirates,clinical,76,Malaffi Media Center (Malaffi),https://www.malaffi.ae/media-center/,undated
ARE,United Arab Emirates,clinical,76,Standards for Health Information Consent and Access Control (Dubai Health Authority),https://dha.gov.ae/uploads/012025/Standards%20for%20Consnet%20and%20Access%20Control2025129762.pdf,2025-01-02
ARE,United Arab Emirates,clinical,76,"Riayati Healthcare Data Confidentiality and Privacy Policy RYT-PGM-POL-003 v1.2 (MOHAP, Internet Archive copy of 15 Apr 2025)",https://web.archive.org/web/20250415110215/https://mohap.gov.ae/documents/20117/590019/Riayati_Confidentiality_and_data_privacy_policy_V1.2.pdf/114cf9a6-69d8-32a1-53e7-6ef447d1a7f8,2020-06-11
ARE,United Arab Emirates,research,46,"Federal Law No. 2 of 2019 on ICT in Health Fields (UAE Legislation portal, Internet Archive copy of 26 Nov 2025)",https://web.archive.org/web/20251126033721/https://uaelegislation.gov.ae/en/legislations/1209/download,2019-02-06
ARE,United Arab Emirates,research,46,"Riayati Healthcare Data Confidentiality and Privacy Policy RYT-PGM-POL-003 v1.2 (MOHAP, Internet Archive copy of 15 Apr 2025)",https://web.archive.org/web/20250415110215/https://mohap.gov.ae/documents/20117/590019/Riayati_Confidentiality_and_data_privacy_policy_V1.2.pdf/114cf9a6-69d8-32a1-53e7-6ef447d1a7f8,2020-06-11
ARE,United Arab Emirates,research,46,DOH Standard on Human Subject Research (Department of Health Abu Dhabi),https://www.doh.gov.ae/-/media/C07A10ADB6504312A601E3A514D43084.ashx,2020-01
ARE,United Arab Emirates,research,46,New regulation on the use of ICT in healthcare in the UAE (Simmons & Simmons),https://www.simmons-simmons.com/en/publications/ckcbolcc9l9s90a791x94jrz0/new-regulation-on-the-use-of-ict-in-healthcare-in-the-uae,2020-07-07
ARE,United Arab Emirates,ai,64,"Federal Decree-Law No. 38 of 2024 Governing Medical Products, Pharmacists and Pharmaceutical Establishments (UAE Legislation portal, Internet Archive copy of 7 Jan 2026)",https://web.archive.org/web/20260107203406/https://uaelegislation.gov.ae/en/legislations/2751/download,2024-10-01
ARE,United Arab Emirates,ai,64,Responsible Artificial Intelligence (AI) Standard V1 (Department of Health Abu Dhabi),https://www.doh.gov.ae/-/media/Feature/Resources/Standards/2025/Responsible-AI-Standard-V1.ashx,2025-10
ARE,United Arab Emirates,ai,64,How is AI in healthcare being regulated in the UAE? (International Bar Association),https://www.ibanet.org/ai-healthcare-regulation-uae,2026-05-11
CRI,Costa Rica,access,64,"Ley 8239, Derechos y deberes de las personas usuarias de los servicios de salud publicos y privados (IAFA copy)",https://iafa.go.cr/wp-content/uploads/2025/01/Derechos-y-deberes-de-las-personas-usuarias-de-los-servicios-de-salud-publicos-y-privados.pdf,2002
CRI,Costa Rica,access,64,"Reglamento del Expediente Digital Unico en Salud (CCSS, SINALEVI)",https://sinalevi.go.cr/ResultadosNormativa/Informacion?param1=85915&param2=111286&param3=1&param4=,2018-01-29
CRI,Costa Rica,access,64,"EDUS app, App Store Costa Rica",https://apps.apple.com/cr/app/edus/id1042094805,undated
CRI,Costa Rica,access,64,El Expediente Digital Unico en Salud de la CCSS (Conferencia Interamericana de Seguridad Social),https://archivos.juridicas.unam.mx/www/bjv/libros/13/6338/1.pdf,2020-03
CRI,Costa Rica,control,48,"Reglamento del Expediente Digital Unico en Salud (CCSS, SINALEVI)",https://sinalevi.go.cr/ResultadosNormativa/Informacion?param1=85915&param2=111286&param3=1&param4=,2018-01-29
CRI,Costa Rica,control,48,Como saber si alguien reviso su expediente en EDUS (CRHoy),https://crhoy.com/nacionales/como-saber-si-alguien-reviso-su-expediente-en-edus-asi-puede-solicitar-el-registro-de-accesos/,2026-03-17
CRI,Costa Rica,control,48,Nueva funcion en aplicacion EDUS permite compartir expediente medico con personal de salud privado (Monumental),https://www.monumental.co.cr/2025/08/07/nueva-funcion-en-aplicacion-edus-permite-compartir-expediente-medico-con-personal-de-salud-privado/,2025-08-07
CRI,Costa Rica,privacy,40,"Ley 9162, Expediente Digital Unico de Salud (SINALEVI)",https://sinalevi.go.cr/ResultadosNormativa/Informacion?param1=75700&param2=93998&param3=1&param4=,2013-08-26
CRI,Costa Rica,privacy,40,"Ley 8968, Proteccion de la Persona frente al tratamiento de sus datos personales (MICITT)",https://micitt.go.cr/sites/default/files/marco_juridico_legal/08.%20Ley%20n.%C2%B0%208968%20Ley%20de%20Protecci%C3%B3n%20de%20la%20Persona%20frente%20al%20tratamiento%20de%20sus%20datos%20personales..pdf,2011-07-07
CRI,Costa Rica,privacy,40,"Pensionados y personas fuera de planilla de la CCSS tienen acceso a datos de EDUS, revela CGR (AmeliaRueda.com)",https://ameliarueda.com/nota/pensionados-personas-fuera-planilla-tienen-acceso-edus-noticias-costa-rica,2022-04-25
CRI,Costa Rica,privacy,40,Hackeo a la CCSS obliga a pacientes a volver a centros medicos (La Teja),https://www.lateja.cr/nacional/hackeo-a-la-ccss-obliga-a-pacientes-a-volver-a/OBKTUUCXTRHX5KOIAAFXHCUWFY/story/,2022-05-31
CRI,Costa Rica,journey,68,El Expediente Digital Unico en Salud de la CCSS (Conferencia Interamericana de Seguridad Social),https://archivos.juridicas.unam.mx/www/bjv/libros/13/6338/1.pdf,2020-03
CRI,Costa Rica,journey,68,IAFA avanza en implementacion del EDUS (Ministerio de Salud),https://www.ministeriodesalud.go.cr/index.php/prensa/67-noticias-2026/2406-iafa-avanza-en-implementacion-del-edus-para-mejorar-la-atencion-en-salud-a-nivel-nacional,2026-04-14
CRI,Costa Rica,journey,68,Editorial: El EDUS necesita atencion urgente de la CCSS (La Nacion),https://www.nacion.com/opinion/editorial/editorial-el-edus-necesita-atencion-urgente-de-la/IPGZZZCK4BEV5ERMQCBXCB2UJA/story/,2025-06-18
CRI,Costa Rica,journey,68,Costa Rica lleva el EDUS a dos carceles (Infobae),https://www.infobae.com/costa-rica/2026/09/15/costa-rica-lleva-el-expediente-digital-unico-en-salud-a-dos-carceles-y-prepara-su-expansion-a-21-centros-mas/,2026-09-15
CRI,Costa Rica,commercial,52,"Ley 8968, Proteccion de la Persona frente al tratamiento de sus datos personales (MICITT)",https://micitt.go.cr/sites/default/files/marco_juridico_legal/08.%20Ley%20n.%C2%B0%208968%20Ley%20de%20Protecci%C3%B3n%20de%20la%20Persona%20frente%20al%20tratamiento%20de%20sus%20datos%20personales..pdf,2011-07-07
CRI,Costa Rica,commercial,52,"Reglamento del Expediente Digital Unico en Salud (CCSS, SINALEVI)",https://sinalevi.go.cr/ResultadosNormativa/Informacion?param1=85915&param2=111286&param3=1&param4=,2018-01-29
CRI,Costa Rica,clinical,65,"Reglamento del Expediente Digital Unico en Salud (CCSS, SINALEVI)",https://sinalevi.go.cr/ResultadosNormativa/Informacion?param1=85915&param2=111286&param3=1&param4=,2018-01-29
CRI,Costa Rica,clinical,65,IAFA avanza en implementacion del EDUS (Ministerio de Salud),https://www.ministeriodesalud.go.cr/index.php/prensa/67-noticias-2026/2406-iafa-avanza-en-implementacion-del-edus-para-mejorar-la-atencion-en-salud-a-nivel-nacional,2026-04-14
CRI,Costa Rica,clinical,65,EDUS ya le permite compartir su expediente con su medico privado (La Nacion),https://www.nacion.com/el-pais/edus-ya-le-permite-compartir-su-expediente-con-su/LOHIOEVWN5DYPGT4YT6KKDWLBM/story/,2025-08-06
CRI,Costa Rica,research,45,Ley Reguladora de Investigacion Biomedica N 9234 (text copy),https://clsanagustin.com/wp-content/uploads/2017/09/Ley-Investigacion-Biomedica-No9234.pdf,2014-04-22
CRI,Costa Rica,research,45,"Ley 8239, Derechos y deberes de las personas usuarias de los servicios de salud publicos y privados (IAFA copy)",https://iafa.go.cr/wp-content/uploads/2025/01/Derechos-y-deberes-de-las-personas-usuarias-de-los-servicios-de-salud-publicos-y-privados.pdf,2002
CRI,Costa Rica,ai,30,"Decreto 34482-S, Reglamento para registro, clasificacion, importacion y control de equipo y material biomedico (La Gaceta)",https://www.imprentanacional.go.cr/pub/2008/04/25/ALCA19_25_04_2008.html,2008-04-25
CRI,Costa Rica,ai,30,Legislacion de IA en Costa Rica (Observatorio IA),https://www.observatorioia.org/es/legislacion/,2026-08
CRI,Costa Rica,ai,30,CCSS incorpora inteligencia artificial para depuracion de listas de espera (Infobae),https://www.infobae.com/costa-rica/2026/05/08/caja-costarricense-de-seguro-social-incorpora-inteligencia-artificial-para-depuracion-de-listas-de-espera/,2026-05-07
CHE,Switzerland,access,55,"Bundesgesetz über den Datenschutz (DSG), SR 235.1, Stand 7. Juli 2025",https://fedlex.data.admin.ch/filestore/fedlex.data.admin.ch/eli/cc/2022/491/20250707/de/html/fedlex-data-admin-ch-eli-cc-2022-491-20250707-de-html-1.html,2025-07-07
CHE,Switzerland,access,55,Recht auf Einsicht in das Patientendossier (BAG),https://www.bag.admin.ch/de/recht-auf-einsicht-in-das-patientendossier,undated
CHE,Switzerland,access,55,Aktueller Stand des EPD in der Schweiz (eHealth Suisse),https://www.e-health-suisse.ch/koordination/elektronisches-patientendossier/aktueller-stand,undated
CHE,Switzerland,access,55,"Einsicht, Aufbewahrung und Löschung von Patientendaten (EDÖB)",https://www.edoeb.admin.ch/de/einsicht-aufbewahrung-und-loeschung-von-patientendaten,undated
CHE,Switzerland,control,60,"Bundesgesetz über das elektronische Patientendossier (EPDG), SR 816.1, Stand 1. Oktober 2024",https://fedlex.data.admin.ch/filestore/fedlex.data.admin.ch/eli/cc/2017/203/20241001/de/html/fedlex-data-admin-ch-eli-cc-2017-203-20241001-de-html-2.html,2024-10-01
CHE,Switzerland,control,60,"Verordnung über das elektronische Patientendossier (EPDV), SR 816.11, Stand 1. Oktober 2024",https://fedlex.data.admin.ch/filestore/fedlex.data.admin.ch/eli/cc/2017/204/20241001/de/html/fedlex-data-admin-ch-eli-cc-2017-204-20241001-de-html-2.html,2024-10-01
CHE,Switzerland,control,60,"Schweizerisches Strafgesetzbuch (StGB), SR 311.0, Art. 321, Stand 1. Oktober 2026",https://fedlex.data.admin.ch/filestore/fedlex.data.admin.ch/eli/cc/54/757_781_799/20261001/de/html/fedlex-data-admin-ch-eli-cc-54-757_781_799-20261001-de-html.html,2026-10-01
CHE,Switzerland,control,60,Aktueller Stand des EPD in der Schweiz (eHealth Suisse),https://www.e-health-suisse.ch/koordination/elektronisches-patientendossier/aktueller-stand,undated
CHE,Switzerland,privacy,60,"Bundesgesetz über den Datenschutz (DSG), SR 235.1, Stand 7. Juli 2025",https://fedlex.data.admin.ch/filestore/fedlex.data.admin.ch/eli/cc/2022/491/20250707/de/html/fedlex-data-admin-ch-eli-cc-2022-491-20250707-de-html-1.html,2025-07-07
CHE,Switzerland,privacy,60,33. Tätigkeitsbericht 2025/2026 (EDÖB),https://www.edoeb.admin.ch/dam/de/sd-web/ZgZZm5CLxIFF/33_T%C3%A4tigkeitsbericht%202025-2026%20DE_Web.pdf,2026-06-30
CHE,Switzerland,privacy,60,Update: Westschweizer Radiologienetzwerk bestätigt Datendiebstahl nach Cyberangriff (SwissCybersecurity.net),https://www.swisscybersecurity.net/news/2026-05-07/cyberangriff-legt-westschweizer-radiologie-netzwerk-erneut-lahm,2026-05-07
CHE,Switzerland,journey,40,Faktenblatt: Das elektronische Patientendossier in Zahlen (BAG),https://www.bag.admin.ch/dam/de/sd-web/KMR8cp6wryyN/Faktenblatt%20EPD%20in%20Zahlen%20(Stand%20Oktober%202025).pdf,2025-11-05
CHE,Switzerland,journey,40,Ende 2026 ist Schluss mit der EPD-Plattform der Post (Netzwoche),https://www.netzwoche.ch/news/2026-06-25/ende-2026-ist-schluss-mit-der-epd-plattform-der-post,2026-06-25
CHE,Switzerland,journey,40,Bundesrat beschliesst Neuausrichtung: Elektronisches Gesundheitsdossier E-GD löst EPD ab (EDI),https://www.edi.admin.ch/de/bundesrat-beschliesst-neuausrichtung-elektronisches-gesundheitsdossier-e-gd-loest-epd-ab,2025-11-05
CHE,Switzerland,journey,40,Pflicht für elektronische Arztrezepte nimmt erste Hürde (Parlamentsdienste),https://www.parlament.ch/de/services/news/Seiten/2026/20260312115534601194158159026_bsd085.aspx,2026-03-12
CHE,Switzerland,commercial,58,"Bundesgesetz über den Datenschutz (DSG), SR 235.1, Stand 7. Juli 2025",https://fedlex.data.admin.ch/filestore/fedlex.data.admin.ch/eli/cc/2022/491/20250707/de/html/fedlex-data-admin-ch-eli-cc-2022-491-20250707-de-html-1.html,2025-07-07
CHE,Switzerland,commercial,58,"Schweizerisches Strafgesetzbuch (StGB), SR 311.0, Art. 321, Stand 1. Oktober 2026",https://fedlex.data.admin.ch/filestore/fedlex.data.admin.ch/eli/cc/54/757_781_799/20261001/de/html/fedlex-data-admin-ch-eli-cc-54-757_781_799-20261001-de-html.html,2026-10-01
CHE,Switzerland,commercial,58,Le PFPDT alerte sur les risques des objets connectés (ICTjournal),https://www.ictjournal.ch/news/2026-04-21/le-pfpdt-alerte-sur-les-risques-des-objets-connectes,2026-04-21
CHE,Switzerland,commercial,58,European Health Data Space Regulation (EHDS) (European Commission),https://health.ec.europa.eu/ehealth-digital-health-and-care/european-health-data-space-regulation-ehds_en,undated
CHE,Switzerland,clinical,38,"Verordnung über das elektronische Patientendossier (EPDV), SR 816.11, Stand 1. Oktober 2024",https://fedlex.data.admin.ch/filestore/fedlex.data.admin.ch/eli/cc/2017/204/20241001/de/html/fedlex-data-admin-ch-eli-cc-2017-204-20241001-de-html-2.html,2024-10-01
CHE,Switzerland,clinical,38,"Bundesgesetz über das elektronische Patientendossier (EPDG), SR 816.1, Stand 1. Oktober 2024",https://fedlex.data.admin.ch/filestore/fedlex.data.admin.ch/eli/cc/2017/203/20241001/de/html/fedlex-data-admin-ch-eli-cc-2017-203-20241001-de-html-2.html,2024-10-01
CHE,Switzerland,clinical,38,Faktenblatt: Das elektronische Patientendossier in Zahlen (BAG),https://www.bag.admin.ch/dam/de/sd-web/KMR8cp6wryyN/Faktenblatt%20EPD%20in%20Zahlen%20(Stand%20Oktober%202025).pdf,2025-11-05
CHE,Switzerland,clinical,38,Aktueller Stand des EPD in der Schweiz (eHealth Suisse),https://www.e-health-suisse.ch/koordination/elektronisches-patientendossier/aktueller-stand,undated
CHE,Switzerland,research,66,"Bundesgesetz über die Forschung am Menschen (HFG), SR 810.30, Stand 1. September 2023",https://fedlex.data.admin.ch/filestore/fedlex.data.admin.ch/eli/cc/2013/617/20230901/de/html/fedlex-data-admin-ch-eli-cc-2013-617-20230901-de-html-10.html,2023-09-01
CHE,Switzerland,research,66,"Bundesgesetz über die Registrierung von Krebserkrankungen (KRG), SR 818.33, Stand 1. September 2023",https://fedlex.data.admin.ch/filestore/fedlex.data.admin.ch/eli/cc/2018/289/20230901/de/html/fedlex-data-admin-ch-eli-cc-2018-289-20230901-de-html-9.html,2023-09-01
CHE,Switzerland,research,66,Generalkonsent (swissethics),https://swissethics.ch/documents/generalkonsent,undated
CHE,Switzerland,research,66,Revision des Humanforschungsgesetzes und des Stammzellenforschungsgesetzes (BAG),https://www.bag.admin.ch/de/humanforschung-revision-hfg-stfg,undated
CHE,Switzerland,ai,56,"Medizinprodukteverordnung (MepV), SR 812.213, Stand 1. Juli 2026",https://fedlex.data.admin.ch/filestore/fedlex.data.admin.ch/eli/cc/2020/552/20260701/de/html/fedlex-data-admin-ch-eli-cc-2020-552-20260701-de-html-2.html,2026-07-01
CHE,Switzerland,ai,56,Rahmenbedingungen für KI in Arzneimittelentwicklung und regulatorischem Prozess (Swissmedic),https://www.swissmedic.ch/swissmedic/de/home/humanarzneimittel/authorisations/artificiel-intelligence.html,undated
CHE,Switzerland,ai,56,Bundesrat will KI-Konvention des Europarats ratifizieren (Bundesrat),https://www.admin.ch/gov/de/start/dokumentation/medienmitteilungen.msg-id-104110.html,2025-02-12
SAU,Saudi Arabia,access,64,"Personal Data Protection Law, Royal Decree M/19 as amended by M/148 (SDAIA Data Governance Platform, Arabic)",https://dgp.sdaia.gov.sa/wps/portal/pdp/knowledgecenter/details/PDPL,undated
SAU,Saudi Arabia,access,64,"Implementing Regulation of the Personal Data Protection Law (Umm Al-Qura official gazette, Arabic)",https://www.uqn.gov.sa/details?p=23595,2023-09-07
SAU,Saudi Arabia,access,64,"Sehhaty Privacy Policy, issue 3.26 (Sehhaty platform, Ministry of Health)",https://sehhaty.sa/pages/privacy-policy-en.html,2025-07-23
SAU,Saudi Arabia,access,64,"Health Sector Transformation Program 2025 report highlights (Ministry of Health news, Arabic)",https://www.moh.gov.sa/ministry/mediacenter/news/pages/news-2026-06-20-001.aspx,2026-06-20
SAU,Saudi Arabia,control,32,"IS0303 Saudi Health Information Exchange Policies v1.0 (Ministry of Health, National eHealth Strategy and Change Management Office)",https://www.moh.gov.sa/en/Ministry/ehealthstd/Documents/eHealth%20Standards%20Files/Policies/IS0303%20Saudi%20Health%20Information%20Exchange%20Policies%20v1.0.pdf,2015-02-22
SAU,Saudi Arabia,control,32,"Sehhaty Privacy Policy, issue 3.26 (Sehhaty platform, Ministry of Health)",https://sehhaty.sa/pages/privacy-policy-en.html,2025-07-23
SAU,Saudi Arabia,control,32,"Implementing Regulation of the Personal Data Protection Law (Umm Al-Qura official gazette, Arabic)",https://www.uqn.gov.sa/details?p=23595,2023-09-07
SAU,Saudi Arabia,privacy,50,"Personal Data Protection Law, Royal Decree M/19 as amended by M/148 (SDAIA Data Governance Platform, Arabic)",https://dgp.sdaia.gov.sa/wps/portal/pdp/knowledgecenter/details/PDPL,undated
SAU,Saudi Arabia,privacy,50,"SDAIA: penalties on entities that violated the Personal Data Protection Law (Okaz, Arabic)",https://www.okaz.com.sa/local/na/2254837,2026-06-30
SAU,Saudi Arabia,privacy,50,"About SDAIA (Saudi Data and AI Authority, Arabic)",https://sdaia.gov.sa/ar/SDAIA/about/Pages/About.aspx,undated
SAU,Saudi Arabia,privacy,50,Adequacy decisions (European Commission),https://commission.europa.eu/law/law-topic/data-protection/international-dimension-data-protection/adequacy-decisions_en,undated
SAU,Saudi Arabia,journey,70,"Health system achievements in 2024 (Ministry of Health news, Arabic)",https://www.moh.gov.sa/ministry/mediacenter/news/pages/news-2025-01-26-001.aspx,2025-01-26
SAU,Saudi Arabia,journey,70,"nphies home page with platform phases (nphies, Internet Archive copy of 10 Jul 2025, Arabic)",https://web.archive.org/web/20250710005755/https://nphies.sa/,undated
SAU,Saudi Arabia,journey,70,"1.1 billion transactions support health transformation: Saudi Health Council 2025 report (Al Watan, Arabic)",https://www.alwatan.com.sa/article/1183044,2026-07-15
SAU,Saudi Arabia,journey,70,"Health Sector Transformation Program 2025 report highlights (Ministry of Health news, Arabic)",https://www.moh.gov.sa/ministry/mediacenter/news/pages/news-2026-06-20-001.aspx,2026-06-20
SAU,Saudi Arabia,commercial,54,"Personal Data Protection Law, Royal Decree M/19 as amended by M/148 (SDAIA Data Governance Platform, Arabic)",https://dgp.sdaia.gov.sa/wps/portal/pdp/knowledgecenter/details/PDPL,undated
SAU,Saudi Arabia,commercial,54,"IS0303 Saudi Health Information Exchange Policies v1.0 (Ministry of Health, National eHealth Strategy and Change Management Office)",https://www.moh.gov.sa/en/Ministry/ehealthstd/Documents/eHealth%20Standards%20Files/Policies/IS0303%20Saudi%20Health%20Information%20Exchange%20Policies%20v1.0.pdf,2015-02-22
SAU,Saudi Arabia,commercial,54,"SDAIA: penalties on entities that violated the Personal Data Protection Law (Okaz, Arabic)",https://www.okaz.com.sa/local/na/2254837,2026-06-30
SAU,Saudi Arabia,commercial,54,"Sehhaty Privacy Policy, issue 3.26 (Sehhaty platform, Ministry of Health)",https://sehhaty.sa/pages/privacy-policy-en.html,2025-07-23
SAU,Saudi Arabia,clinical,54,"IS0303 Saudi Health Information Exchange Policies v1.0 (Ministry of Health, National eHealth Strategy and Change Management Office)",https://www.moh.gov.sa/en/Ministry/ehealthstd/Documents/eHealth%20Standards%20Files/Policies/IS0303%20Saudi%20Health%20Information%20Exchange%20Policies%20v1.0.pdf,2015-02-22
SAU,Saudi Arabia,clinical,54,"Sehhaty Privacy Policy, issue 3.26 (Sehhaty platform, Ministry of Health)",https://sehhaty.sa/pages/privacy-policy-en.html,2025-07-23
SAU,Saudi Arabia,clinical,54,"nphies home page with platform phases (nphies, Internet Archive copy of 10 Jul 2025, Arabic)",https://web.archive.org/web/20250710005755/https://nphies.sa/,undated
SAU,Saudi Arabia,research,46,"Personal Data Protection Law, Royal Decree M/19 as amended by M/148 (SDAIA Data Governance Platform, Arabic)",https://dgp.sdaia.gov.sa/wps/portal/pdp/knowledgecenter/details/PDPL,undated
SAU,Saudi Arabia,research,46,"IS0303 Saudi Health Information Exchange Policies v1.0 (Ministry of Health, National eHealth Strategy and Change Management Office)",https://www.moh.gov.sa/en/Ministry/ehealthstd/Documents/eHealth%20Standards%20Files/Policies/IS0303%20Saudi%20Health%20Information%20Exchange%20Policies%20v1.0.pdf,2015-02-22
SAU,Saudi Arabia,research,46,"Implementing Regulation of the Law of Ethics of Research on Living Creatures, 3rd edition (National Committee of Bioethics; copy hosted by Prince Sattam bin Abdulaziz University, Arabic)",https://www.psau.edu.sa/drgs//sitesuploads/drgs/2025-10/%D8%A7%D9%84%D9%84%D8%A7%D8%A6%D8%AD%D8%A9%20%D8%A7%D9%84%D8%AA%D9%86%D9%81%D9%8A%D8%B0%D9%8A%D8%A9%20%D9%84%D9%86%D8%B8%D8%A7%D9%85%20%D8%A3%D8%AE%D9%84%D8%A7%D9%82%D9%8A%D8%A7%D8%AA%20%D8%A7%D9%84%D8%A8%D8%AD%D9%88%D8%AB%20%D8%B9%D9%84%D9%89%20%D8%A7%D9%84%D9%85%D8%AE%D9%84%D9%88%D9%82%D8%A7%D8%AA%20%D8%A7%D9%84%D8%AD%D9%8A%D8%A9.pdf,2022
SAU,Saudi Arabia,research,46,"Sehhaty Privacy Policy, issue 3.26 (Sehhaty platform, Ministry of Health)",https://sehhaty.sa/pages/privacy-policy-en.html,2025-07-23
SAU,Saudi Arabia,ai,58,MDS-G010 Guidance on AI and Machine Learning based Medical Devices (Saudi Food and Drug Authority),https://www.sfda.gov.sa/sites/default/files/2023-01/MDS-G010ML.pdf,2022-11-29
SAU,Saudi Arabia,ai,58,MDS-G27 Guidance on Digital Health Products (Saudi Food and Drug Authority),https://sfda.gov.sa/sites/default/files/2026-08/MDS-G027_0.pdf,2025-08-10
SAU,Saudi Arabia,ai,58,"SFDA grants marketing authorization for AI-powered medical app (Arab News, via SPA)",https://www.arabnews.com/node/2648143/saudi-arabia,2026-06-22
SAU,Saudi Arabia,ai,58,AI Ethics Principles (SDAIA),https://sdaia.gov.sa/en/SDAIA/about/Documents/ai-principles.pdf,undated
BRA,Brazil,access,62,"Meu SUS Digital: perguntas e respostas, cidadão (Ministério da Saúde)",https://www.gov.br/saude/pt-br/composicao/seidigi/meususdigital/perguntas-e-respostas/cidadao,undated
BRA,Brazil,access,62,"Lei 13.709/2018, Lei Geral de Proteção de Dados (texto compilado, Planalto)",https://www.planalto.gov.br/ccivil_03/_ato2015-2018/2018/lei/l13709compilado.htm,2018-08-14
BRA,Brazil,access,62,"Código de Ética Médica, Resolução CFM 2.217/2018 (CFM)",https://portal.cfm.org.br/images/PDF/cem2019.pdf,undated
BRA,Brazil,access,62,Ministério da Saúde inicia jornada para a Nuvem Soberana do SUS (Ministério da Saúde),https://www.gov.br/saude/pt-br/assuntos/noticias-ms/2026/agosto/ministerio-da-saude-inicia-jornada-para-a-nuvem-soberana-do-sus,2026-08-11
BRA,Brazil,control,35,"Decreto nº 12.560, de 23 de julho de 2025 (RNDS e Plataformas SUS Digital, Planalto)",https://www.planalto.gov.br/ccivil_03/_ato2023-2026/2025/decreto/D12560.htm,2025-07-23
BRA,Brazil,control,35,"Implementação de requisitos de privacidade da LGPD e ISO no Conecte SUS (UnB, trabalho de conclusão, reproduz a Nota Informativa)",https://bdm.unb.br/bitstream/10483/39153/1/2023_LucasLopesXavier_tcc.pdf,2023
BRA,Brazil,control,35,"Dimensões da privacidade das informações em saúde no Brasil (Direitos Fundamentais & Justiça, n. 47)",https://dfj.emnuvens.com.br/dfj/article/download/1203/1096/5184,2022-12
BRA,Brazil,control,35,Rede Nacional de Dados em Saúde (Ministério da Saúde),https://www.gov.br/saude/pt-br/composicao/seidigi/rnds,undated
BRA,Brazil,privacy,58,ANPD instaura processo de sanção contra OS por falha na proteção de dados de 500 mil pacientes (ANPD),https://www.gov.br/anpd/pt-br/assuntos/noticias/anpd-instaura-processo-de-sancao-contra-organizacao-social-por-falha-na-protecao-de-dados-de-500-mil-pacientes-de-unidades-publicas-de-saude,2026-07-08
BRA,Brazil,privacy,58,"Processo 00261.001882/2022-73, votos do Conselho Diretor sobre recurso do Ministério da Saúde (ANPD, CD 37/2025)",https://www.gov.br/anpd/pt-br/assuntos/deliberacoes-do-conselho-diretor/circuitos-deliberativos-ano-2025/cd-37-2025-votos.pdf/@@display-file/file,2025-12-24
BRA,Brazil,privacy,58,"Lei 13.709/2018, Lei Geral de Proteção de Dados (texto compilado, Planalto)",https://www.planalto.gov.br/ccivil_03/_ato2015-2018/2018/lei/l13709compilado.htm,2018-08-14
BRA,Brazil,privacy,58,Data protection adequacy for non-EU countries (European Commission),https://commission.europa.eu/law/law-topic/data-protection/international-dimension-data-protection/adequacy-decisions_en,undated
BRA,Brazil,journey,55,"Decreto nº 12.560, de 23 de julho de 2025 (RNDS e Plataformas SUS Digital, Planalto)",https://www.planalto.gov.br/ccivil_03/_ato2023-2026/2025/decreto/D12560.htm,2025-07-23
BRA,Brazil,journey,55,"Resumo executivo, 1ª Reunião Ordinária da Comissão Intergestores Tripartite 2026 (Ministério da Saúde, Conass, Conasems)",https://www.gov.br/saude/pt-br/acesso-a-informacao/gestao-do-sus/articulacao-interfederativa/cit/pautas-de-reunioes-e-resumos/2026/janeiro/resumo-executivo-1a-reuniao-ordinaria-cit.pdf,2026-01-29
BRA,Brazil,journey,55,Ministério da Saúde inicia jornada para a Nuvem Soberana do SUS (Ministério da Saúde),https://www.gov.br/saude/pt-br/assuntos/noticias-ms/2026/agosto/ministerio-da-saude-inicia-jornada-para-a-nuvem-soberana-do-sus,2026-08-11
BRA,Brazil,journey,55,Saúde digital no SUS avança com aumento de telessaúde e registros na RNDS (Futuro da Saúde),https://futurodasaude.com.br/saude-digital-no-sus-telessaude-rnds/,2026-01-30
BRA,Brazil,commercial,55,"Lei 13.709/2018, Lei Geral de Proteção de Dados (texto compilado, Planalto)",https://www.planalto.gov.br/ccivil_03/_ato2015-2018/2018/lei/l13709compilado.htm,2018-08-14
BRA,Brazil,commercial,55,"Decreto nº 12.560, de 23 de julho de 2025 (RNDS e Plataformas SUS Digital, Planalto)",https://www.planalto.gov.br/ccivil_03/_ato2023-2026/2025/decreto/D12560.htm,2025-07-23
BRA,Brazil,commercial,55,"Compartilhamento de Dados Pessoais (Ministério da Saúde, LGPD)",https://www.gov.br/saude/pt-br/acesso-a-informacao/lgpd/compartilhamento-de-dados-pessoais,undated
BRA,Brazil,commercial,55,Juiz proíbe Drogasil de exigir CPF de clientes para dar descontos (Conjur),https://conjur.com.br/2026-jun-02/farmacias-nao-podem-exigir-dados-pessoais-de-clientes-na-oferta-de-descontos/,2026-06-02
BRA,Brazil,clinical,50,"Decreto nº 12.560, de 23 de julho de 2025 (RNDS e Plataformas SUS Digital, Planalto)",https://www.planalto.gov.br/ccivil_03/_ato2023-2026/2025/decreto/D12560.htm,2025-07-23
BRA,Brazil,clinical,50,Profissionais do SUS terão acesso a prontuário unificado de pacientes (Agência Brasil),https://agenciabrasil.ebc.com.br/saude/noticia/2024-07/profissionais-do-sus-terao-acesso-a-prontuario-unificado-de-pacientes,2024-07-16
BRA,Brazil,clinical,50,"Resumo executivo, 1ª Reunião Ordinária da Comissão Intergestores Tripartite 2026 (Ministério da Saúde, Conass, Conasems)",https://www.gov.br/saude/pt-br/acesso-a-informacao/gestao-do-sus/articulacao-interfederativa/cit/pautas-de-reunioes-e-resumos/2026/janeiro/resumo-executivo-1a-reuniao-ordinaria-cit.pdf,2026-01-29
BRA,Brazil,clinical,50,SUS Digital recebeu da saúde suplementar 2 bilhões de dados (Mobile Time),https://www.mobiletime.com.br/noticias/28/01/2026/saude-sus-dados-enviados/,2026-01-28
BRA,Brazil,research,50,"Lei 13.709/2018, Lei Geral de Proteção de Dados (texto compilado, Planalto)",https://www.planalto.gov.br/ccivil_03/_ato2015-2018/2018/lei/l13709compilado.htm,2018-08-14
BRA,Brazil,research,50,"Lei nº 14.874, de 28 de maio de 2024, pesquisa com seres humanos (Planalto)",https://www.planalto.gov.br/ccivil_03/_ato2023-2026/2024/lei/L14874.htm,2024-05-28
BRA,Brazil,research,50,"Decreto nº 12.651, de 7 de outubro de 2025, regulamenta a Lei 14.874 (Planalto)",https://www.planalto.gov.br/ccivil_03/_ato2023-2026/2025/decreto/D12651.htm,2025-10-07
BRA,Brazil,research,50,"Compartilhamento de Dados Pessoais (Ministério da Saúde, LGPD)",https://www.gov.br/saude/pt-br/acesso-a-informacao/lgpd/compartilhamento-de-dados-pessoais,undated
BRA,Brazil,ai,57,Software como Dispositivo Médico: perguntas e respostas sobre a RDC 657/2022 (Anvisa),https://www.gov.br/anvisa/pt-br/centraisdeconteudo/publicacoes/produtos-para-a-saude/manuais/software-como-dispositivo-medico-perguntas-e-respostas/@@download/file,2022-09-01
BRA,Brazil,ai,57,"Resolução CFM nº 2.454/2026, normatiza o uso da inteligência artificial na medicina (CFM)",https://sistemas.cfm.org.br/normas/arquivos/resolucoes/BR/2026/2454_2026.pdf,2026-02-27
BRA,Brazil,ai,57,Norma de IA do CFM chega cercada de dúvidas e desafios de implementação (Futuro da Saúde),https://futurodasaude.com.br/resolucao-cfm-inteligencia-artificial/,2026-08-19
BRA,Brazil,ai,57,UE avança na regulação de IA enquanto projeto brasileiro segue parado na Câmara (*desinformante),https://desinformante.com.br/ue-avanca-regulacao-ia-projeto-brasileiro-parado/,2026-08-12
CAN,Canada,access,50,"Personal Health Information Protection Act, 2004 (Ontario e-Laws)",https://www.ontario.ca/laws/statute/04p03,undated
CAN,Canada,access,50,"Comment les Canadiens accèdent-ils aux services de santé numériques? (How Canadians access digital health services, CIHI)",https://www.cihi.ca/fr/information-numerique-sur-la-sante-au-canada-mesure-de-lacces-et-de-lutilisation/le-point-de-vue-des-canadiens,2026-07-23
CAN,Canada,access,50,Health Gateway (Government of British Columbia),https://www2.gov.bc.ca/gov/content/health/managing-your-health/health-gateway,undated
CAN,Canada,access,50,"Québec poursuivi pour son Carnet santé (Quebec sued over its Carnet santé, La Presse)",https://www.lapresse.ca/actualites/2026-03-02/quebec-poursuivi-pour-son-carnet-sante.php,2026-03-02
CAN,Canada,control,55,"Limiter l'accès aux renseignements de santé et de services sociaux (Limiting access to health information, Gouvernement du Québec)",https://www.quebec.ca/sante/vos-informations-de-sante/loi-renseignements-sante-services-sociaux,2024-07-01
CAN,Canada,control,55,Carnet santé Québec (Gouvernement du Québec),https://www.quebec.ca/sante/vos-informations-de-sante/carnet-sante-quebec,2026-01-28
CAN,Canada,control,55,Memo: Important Changes to Consent Management in the Electronic Health Record (Ontario Health),https://www.ontariohealth.ca/news/memo-changes-consent-management-electronic-health-record.html,2026-02-25
CAN,Canada,control,55,Electronic Health Record Request for Access to Personal Health Information policy (Ontario Health),https://ontariohealth.ca/about/privacy/resources/ehr-request-access-phi.html,2026-08-10
CAN,Canada,privacy,58,2025 Annual Report: Statistics (IPC Ontario),https://www.ipc.on.ca/en/2025-annual-report/statistics,2026
CAN,Canada,privacy,58,IPC issues third administrative monetary penalty under Ontario's health privacy law (IPC Ontario),https://www.ipc.on.ca/en/decisions/ipc-issues-third-administrative-monetary-penalty-under-ontarios-health-privacy-law,2026-08-26
CAN,Canada,privacy,58,Third Time's the Charm? Canada's Latest Approach to Reform the Federal Private-Sector Privacy Framework (Blakes),https://www.blakes.com/insights/third-time-s-the-charm-canada-s-latest-approach-to-reform-the-federal-private-sector-privacy-framew/,2026-09-25
CAN,Canada,privacy,58,Adequacy decisions (European Commission),https://commission.europa.eu/law/law-topic/data-protection/international-dimension-data-protection/adequacy-decisions_en,undated
CAN,Canada,journey,50,"Enquête sur l'utilisation des technologies numériques par les fournisseurs de soins de santé, 2025 (Survey on health providers' use of digital technology, Statistics Canada)",https://www150.statcan.gc.ca/n1/daily-quotidien/260330/dq260330b-fra.htm,2026-03-30
CAN,Canada,journey,50,Patient Access to Digital Health Services (Ontario Health),https://ontariohealth.ca/digital/programs-services/patient-access-digital-health.html,2026-06-04
CAN,Canada,journey,50,"Le point de vue des dispensateurs de soins de santé (The providers' perspective, CIHI)",https://www.cihi.ca/fr/information-numerique-sur-la-sante-au-canada-mesure-de-lacces-et-de-lutilisation/le-point-de-vue-des-dispensateurs-de-soins-de-sante,2026-07-23
CAN,Canada,journey,50,"S-5 (45-1), Connected Care for Canadians Act, LEGISinfo (Parliament of Canada)",https://www.parl.ca/legisinfo/en/bill/45-1/s-5,undated
CAN,Canada,commercial,45,"Personal Health Information Protection Act, 2004 (Ontario e-Laws)",https://www.ontario.ca/laws/statute/04p03,undated
CAN,Canada,commercial,45,"Millions of Canadians' health data available for sale to pharmaceutical industry, study shows (CBC News)",https://www.cbc.ca/news/health/health-data-records-pharmaceutical-private-clinics-1.7529955,2025-05-09
CAN,Canada,commercial,45,The quiet commercialization of primary care records (Healthy Debate),https://healthydebate.ca/2026/01/topic/the-quiet-commercialization-of-primary-care-records/,2026-01-20
CAN,Canada,commercial,45,"Résumé de l'enquête conjointe sur l'atteinte chez 23andMe (Joint 23andMe breach investigation summary, OPC)",https://www.priv.gc.ca/fr/nouvelles-du-commissariat/nouvelles-et-annonces/2025/info_23andme_250617/,2025-06-17
CAN,Canada,clinical,55,What's an EHR? (eHealth Ontario / Ontario Health),https://ehealthontario.on.ca/en/patients-and-families/ehrs-explained,undated
CAN,Canada,clinical,55,"Enquête sur l'utilisation des technologies numériques par les fournisseurs de soins de santé, 2025 (Survey on health providers' use of digital technology, Statistics Canada)",https://www150.statcan.gc.ca/n1/daily-quotidien/260330/dq260330b-fra.htm,2026-03-30
CAN,Canada,clinical,55,"Le point de vue des dispensateurs de soins de santé (The providers' perspective, CIHI)",https://www.cihi.ca/fr/information-numerique-sur-la-sante-au-canada-mesure-de-lacces-et-de-lutilisation/le-point-de-vue-des-dispensateurs-de-soins-de-sante,2026-07-23
CAN,Canada,clinical,55,"Dossier santé numérique: un départ chaotique lundi matin (Digital health record: a chaotic Monday start, La Presse)",https://www.lapresse.ca/actualites/sante/2026-05-11/dossier-sante-numerique/un-depart-chaotique-lundi-matin.php,2026-05-11
CAN,Canada,research,49,"Personal Health Information Protection Act, 2004 (Ontario e-Laws)",https://www.ontario.ca/laws/statute/04p03,undated
CAN,Canada,research,49,"EPTC 2 (2022), chapitre 5: Vie privée et confidentialité (TCPS 2 Chapter 5, Panel on Research Ethics)",https://ethics.gc.ca/fra/tcps2-eptc2_2022_chapter5-chapitre5.html,2022
CAN,Canada,research,49,"Accès aux renseignements de santé et de services sociaux par les chercheurs (Researcher access to health information, Gouvernement du Québec)",https://www.quebec.ca/sante/professionnels/encadrement-recherche-participants-humains/acces-renseignements-sante-services-sociaux-chercheurs-recherche,2026-01-27
CAN,Canada,research,49,"Limiter l'accès aux renseignements de santé et de services sociaux (Limiting access to health information, Gouvernement du Québec)",https://www.quebec.ca/sante/vos-informations-de-sante/loi-renseignements-sante-services-sociaux,2024-07-01
CAN,Canada,ai,56,Pre-market guidance for machine learning-enabled medical devices (Health Canada),https://www.canada.ca/en/health-canada/services/drugs-health-products/medical-devices/application-information/guidance-documents/pre-market-guidance-machine-learning-enabled-medical-devices.html,2026-04-01
CAN,Canada,ai,56,Bill C-36: A Third Attempt at Federal Private-Sector Privacy Reform (Fasken),https://www.fasken.com/en/knowledge/2026/06/bill-c-36,2026-06-18
CAN,Canada,ai,56,Enhancing Digital Security and Trust Act (Government of Ontario),http://www.ontario.ca/page/enhancing-digital-security-and-trust-act,2026-05-07
CAN,Canada,ai,56,IPC releases new guidance on AI scribes to help protect patient privacy (IPC Ontario),https://www.ipc.on.ca/en/media-centre/news-releases/ipc-releases-new-guidance-ai-scribes-help-protect-patient-privacy,2026-01-28
THA,Thailand,access,50,"Personal Data Protection Act B.E. 2562 (2019), unofficial translation (Ministry of Digital Economy and Society)",https://www.mdes.go.th/law/detail/3577-Personal-Data-Protection-Act-B-E--2562--2019-,2019-05-27
THA,Thailand,access,50,"BDI, NHSO and DGA sign MOU to upgrade Health Link nationwide (Thansettakij)",https://www.thansettakij.com/health-wellness/657666,2026-04-27
THA,Thailand,access,50,BDI says Tang Rat and Health Link only display data and never edit it (Thansettakij),https://www.thansettakij.com/health-wellness/665340,2026-07-31
THA,Thailand,access,50,"Requesting copies of medical records and service fees (Ramathibodi Hospital, Mahidol University)",https://www.rama.mahidol.ac.th/medicalrecord/th/prepare_doc_for_copy,undated
THA,Thailand,control,50,Health Link: Thailand's health data linking system (Government Public Relations Department),https://itcenter.prd.go.th/th/content/article/detail/id/8/iid/335512,2024-10-29
THA,Thailand,control,50,Health Link: getting to know the health data link on Paotang (Government Public Relations Department),https://www.prd.go.th/th/content/category/detail/id/31/iid/505311,2026-05-21
THA,Thailand,control,50,"Personal Data Protection Act B.E. 2562 (2019), unofficial translation (Ministry of Digital Economy and Society)",https://www.mdes.go.th/law/detail/3577-Personal-Data-Protection-Act-B-E--2562--2019-,2019-05-27
THA,Thailand,control,50,Mor Prom revived: from vaccine app to national health Super App (Thai PBS Policy Watch),https://policywatch.thaipbs.or.th/article/life-243,2026-01-11
THA,Thailand,privacy,55,"Personal Data Protection Act B.E. 2562 (2019), unofficial translation (Ministry of Digital Economy and Society)",https://www.mdes.go.th/law/detail/3577-Personal-Data-Protection-Act-B-E--2562--2019-,2019-05-27
THA,Thailand,privacy,55,PDPC fines a large private hospital 1.2 million baht over leaked medical records (Thai PBS),https://www.thaipbs.or.th/news/content/354970,2025-08-01
THA,Thailand,privacy,55,Key takeaways from Thailand's Data Privacy Day 2026 (Tilleke & Gibbins),https://www.tilleke.com/insights/key-takeaways-from-thailands-data-privacy-day-2026/,2026-01-30
THA,Thailand,privacy,55,Adequacy decisions (European Commission),https://commission.europa.eu/law/law-topic/data-protection/international-dimension-data-protection/adequacy-decisions_en,undated
THA,Thailand,journey,57,Health Link: Thailand's health data linking system (Government Public Relations Department),https://itcenter.prd.go.th/th/content/article/detail/id/8/iid/335512,2024-10-29
THA,Thailand,journey,57,"BDI puts Health Link, linking about 20,000 facilities, on the Tang Rat app (MGR Online)",https://mgronline.com/cyberbiz/detail/9690000039578,2026-04-27
THA,Thailand,journey,57,Mor Prom revived: from vaccine app to national health Super App (Thai PBS Policy Watch),https://policywatch.thaipbs.or.th/article/life-243,2026-01-11
THA,Thailand,journey,57,"NHCO briefs parliament on health data, Section 7 and digital health governance (National Health Commission Office)",https://www.nationalhealth.or.th/public/index.php/NHCO/367,2026-09-24
THA,Thailand,commercial,45,"Personal Data Protection Act B.E. 2562 (2019), unofficial translation (Ministry of Digital Economy and Society)",https://www.mdes.go.th/law/detail/3577-Personal-Data-Protection-Act-B-E--2562--2019-,2019-05-27
THA,Thailand,commercial,45,Key takeaways from Thailand's Data Privacy Day 2026 (Tilleke & Gibbins),https://www.tilleke.com/insights/key-takeaways-from-thailands-data-privacy-day-2026/,2026-01-30
THA,Thailand,commercial,45,"Health ministry pushes Mor Prom as national health data hub; 18,052 record complaints (Bangkok Biz News)",https://www.bangkokbiznews.com/health/public-health/1247304,2026-08-14
THA,Thailand,clinical,50,Health Link: Thailand's health data linking system (Government Public Relations Department),https://itcenter.prd.go.th/th/content/article/detail/id/8/iid/335512,2024-10-29
THA,Thailand,clinical,50,Health Link: getting to know the health data link on Paotang (Government Public Relations Department),https://www.prd.go.th/th/content/category/detail/id/31/iid/505311,2026-05-21
THA,Thailand,clinical,50,"BDI, NHSO and DGA sign MOU to upgrade Health Link nationwide (Thansettakij)",https://www.thansettakij.com/health-wellness/657666,2026-04-27
THA,Thailand,clinical,50,"Health ministry pushes Mor Prom as national health data hub; 18,052 record complaints (Bangkok Biz News)",https://www.bangkokbiznews.com/health/public-health/1247304,2026-08-14
THA,Thailand,research,50,"Personal Data Protection Act B.E. 2562 (2019), unofficial translation (Ministry of Digital Economy and Society)",https://www.mdes.go.th/law/detail/3577-Personal-Data-Protection-Act-B-E--2562--2019-,2019-05-27
THA,Thailand,research,50,"National Health Act B.E. 2550 (2007), Thai text (Department of Medical Services)",https://www.dms.go.th/backend/Content/Content_File/Information_Center/Attach/25621124013609AM_17.pdf,undated
THA,Thailand,research,50,"PDPC Notification on safeguards for research and statistics under sections 24(1) and 26(5)(d), B.E. 2566 (text mirror, SiData)",https://pdpa.sidata.plus/reference-article-26-5,undated
THA,Thailand,research,50,"PDPA subordinate laws list, including the PDPC research safeguards notification (Chiang Mai University)",https://privacy.cmu.ac.th/%E0%B8%9E%E0%B8%A3%E0%B8%B0%E0%B8%A3%E0%B8%B2%E0%B8%8A%E0%B8%9A%E0%B8%B1%E0%B8%8D%E0%B8%8D%E0%B8%B1%E0%B8%95%E0%B8%B4%E0%B9%81%E0%B8%A5%E0%B8%B0%E0%B8%81%E0%B8%8E%E0%B8%AB%E0%B8%A1%E0%B8%B2%E0%B8%A2/,2025-06-13
THA,Thailand,ai,55,Guidance manual on regulating software and AI as medical devices (Thai FDA Medical Device Control Division),https://medical.fda.moph.go.th/media.php?id=616254428592349184&name=Non-IVD_G_SMD_01_Guidance_SaMD.pdf,2024-10
THA,Thailand,ai,55,Regulation of software and AI as medical devices (Thai FDA Medical Device Control Division),https://medical.fda.moph.go.th/samd-head,undated
THA,Thailand,ai,55,AI push for the economy; business watches new AI law (Thairath),https://www.thairath.co.th/money/economics/thai_economics/2958310,2026-09-09
KEN,Kenya,access,55,"Data Protection (General) Regulations 2021, Legal Notice 263 (Kenya Law)",https://new.kenyalaw.org/akn/ke/act/ln/2021/263/eng@2022-01-14,2022-01-14
KEN,Kenya,access,55,Digital Health Act No. 15 of 2023 (Digital Health Agency copy),https://nhts.dha.go.ke/api/file-download/?filename=Digital%20Health%20Act%2015%20of%202023.pdf,2023
KEN,Kenya,access,55,"Digital Health (Health Information Management Procedures) Regulations 2025, Legal Notice 76 (Kenya Law)",https://new.kenyalaw.org/akn/ke/act/ln/2025/76/eng@2025-04-11,2025-04-11
KEN,Kenya,access,55,National Shared Health Record (Digital Health Agency),https://p360-preauth-lookup.dha.go.ke/,undated
KEN,Kenya,control,44,"Digital Health (Data Exchange Component) Regulations 2025, Legal Notice 77 (Kenya Law)",https://new.kenyalaw.org/akn/ke/act/ln/2025/77/eng@2025-04-11,2025-04-11
KEN,Kenya,control,44,"Digital Health (Health Information Management Procedures) Regulations 2025, Legal Notice 76 (Kenya Law)",https://new.kenyalaw.org/akn/ke/act/ln/2025/76/eng@2025-04-11,2025-04-11
KEN,Kenya,control,44,Afyangu app listing by the Digital Health Agency (Google Play),https://play.google.com/store/apps/details?id=ke.go.dha.afyangu&hl=en,2026-09-09
KEN,Kenya,control,44,SHA patient data safety questioned after Nairobi man's records show treatment in Garissa (Citizen Digital),https://citizen.digital/article/sha-patient-data-safety-questioned-after-nairobi-mans-records-show-treatment-in-garissa-n382392,2026-05-09
KEN,Kenya,privacy,55,Data Protection Act No. 24 of 2019 (Kenya Law),https://new.kenyalaw.org/akn/ke/act/2019/24/eng@2022-12-31,2022-12-31
KEN,Kenya,privacy,55,"ODPC determination, Merceline v St. Luke Orthopaedic and Trauma Hospital",https://www.odpc.go.ke/wp-content/uploads/2026/04/MERCELINE-VS-ST.-LUKE.pdf,2026-03-16
KEN,Kenya,privacy,55,Govt cleared to proceed with Kenya-US Health Cooperation Framework (Kenyans.co.ke),https://www.kenyans.co.ke/news/123350-govt-cleared-proceed-ksh322-billion-kenya-us-health-cooperation-framework,2026-05-13
KEN,Kenya,privacy,55,Adequacy decisions (European Commission),https://commission.europa.eu/law/law-topic/data-protection/international-dimension-data-protection/adequacy-decisions_en,undated
KEN,Kenya,journey,45,"Digital Health (Data Exchange Component) Regulations 2025, Legal Notice 77 (Kenya Law)",https://new.kenyalaw.org/akn/ke/act/ln/2025/77/eng@2025-04-11,2025-04-11
KEN,Kenya,journey,45,National Shared Health Record (Digital Health Agency),https://p360-preauth-lookup.dha.go.ke/,undated
KEN,Kenya,journey,45,SHA makes accredited HMIS mandatory for all healthcare providers (Kenyans.co.ke),https://www.kenyans.co.ke/news/124812-sha-makes-accredited-hmis-mandatory-all-healthcare-providers,2026-06-30
KEN,Kenya,journey,45,SHA rolls out Taifa Care HMIS for Level 4 public hospitals (The Star),https://www.the-star.co.ke/news/2026-07-01-sha-shifts-level-4-public-hospitals-to-taifa-care-hmis,2026-07-01
KEN,Kenya,commercial,52,Data Protection Act No. 24 of 2019 (Kenya Law),https://new.kenyalaw.org/akn/ke/act/2019/24/eng@2022-12-31,2022-12-31
KEN,Kenya,commercial,52,"Data Protection (General) Regulations 2021, Legal Notice 263 (Kenya Law)",https://new.kenyalaw.org/akn/ke/act/ln/2021/263/eng@2022-01-14,2022-01-14
KEN,Kenya,commercial,52,"Digital Health (Health Information Management Procedures) Regulations 2025, Legal Notice 76 (Kenya Law)",https://new.kenyalaw.org/akn/ke/act/ln/2025/76/eng@2025-04-11,2025-04-11
KEN,Kenya,commercial,52,ODPC Guidance Note on the Processing of Health Data,https://www.odpc.go.ke/wp-content/uploads/2024/02/ODPC-Guidance-Note-on-Processing-of-Health-Data.pdf,2023-12
KEN,Kenya,clinical,42,"Digital Health (Data Exchange Component) Regulations 2025, Legal Notice 77 (Kenya Law)",https://new.kenyalaw.org/akn/ke/act/ln/2025/77/eng@2025-04-11,2025-04-11
KEN,Kenya,clinical,42,"Digital Health (Health Information Management Procedures) Regulations 2025, Legal Notice 76 (Kenya Law)",https://new.kenyalaw.org/akn/ke/act/ln/2025/76/eng@2025-04-11,2025-04-11
KEN,Kenya,clinical,42,Digital Health Act No. 15 of 2023 (Digital Health Agency copy),https://nhts.dha.go.ke/api/file-download/?filename=Digital%20Health%20Act%2015%20of%202023.pdf,2023
KEN,Kenya,clinical,42,Digitising Care: How Kenya's Afya Yangu platform is shaping the road to UHC (Talk Africa),https://www.talkafrica.co.ke/digitising-care-how-kenyas-afya-yangu-platform-is-shaping-the-road-to-universal-health-coverage/,2025-12-04
KEN,Kenya,research,50,Data Protection Act No. 24 of 2019 (Kenya Law),https://new.kenyalaw.org/akn/ke/act/2019/24/eng@2022-12-31,2022-12-31
KEN,Kenya,research,50,"Digital Health (Health Information Management Procedures) Regulations 2025, Legal Notice 76 (Kenya Law)",https://new.kenyalaw.org/akn/ke/act/ln/2025/76/eng@2025-04-11,2025-04-11
KEN,Kenya,research,50,ODPC Guidance Notes: Processing for Research Purposes,https://www.odpc.go.ke/wp-content/uploads/2025/11/ODPC-%E2%80%93-GUIDANCE-NOTES-Processing-for-Research-Purpose.pdf,2025
KEN,Kenya,ai,48,"Guideline on Regulation of Medical Device Software in Kenya (Pharmacy and Poisons Board, Revision 0)",https://web.pharmacyboardkenya.org/download/guideline-on-regulation-of-medical-device-software-in-kenya-mdsw/,2026-02
KEN,Kenya,ai,48,Kenya tightens oversight of medical device software (Health Business),https://healthbusiness.co.ke/10137/kenya-tightens-oversight-of-medical-device-software/,2026-04-16
KEN,Kenya,ai,48,"The Artificial Intelligence Bill, Senate Bill No. 4 of 2026 (Mzalendo Bill Tracker)",https://mzalendo.com/legislative-trends/bills/senate/560/,2026-08-10
KEN,Kenya,ai,48,Data Protection Act No. 24 of 2019 (Kenya Law),https://new.kenyalaw.org/akn/ke/act/2019/24/eng@2022-12-31,2022-12-31
UKR,Ukraine,access,46,"Osnovy zakonodavstva Ukrainy pro okhoronu zdorovia (Fundamentals of Health Legislation), Art. 39",https://zakon.rada.gov.ua/laws/show/2801-12,2026-02-11
UKR,Ukraine,access,46,"De ya mozhu perehlianuty svoi medychni dani v ESOZ? (Patient cabinet FAQ, NSZU)",https://pis.esoz.gov.ua/faq/de-ya-mozhu-perehlyanuty-svoyi-medychni-dani-e-napravlennya-e-retsepty-toshcho-yaki-zberihayutsya-v-esoz/,undated
UKR,Ukraine,access,46,Kabinet patsiienta: podannia deklaratsii likariu onlain (eHealth),https://ehealth.gov.ua/2026/02/11/kabinet-patsiyenta-dlya-ukrayintsiv-teper-dostupna-mozhlyvist-podannya-deklaratsiyi-likaryu-onlajn/,2026-02-11
UKR,Ukraine,access,46,"Zakon Ukrainy pro zakhyst personalnykh danykh (Personal Data Protection Law), Art. 8",https://zakon.rada.gov.ua/laws/show/2297-17,undated
UKR,Ukraine,control,50,"Fundamentals of Health Legislation, Art. 24-2 (electronic health system)",https://zakon.rada.gov.ua/laws/show/2801-12,2026-02-11
UKR,Ukraine,control,50,Khto maie dostup do danykh patsiienta v ESOZ? (eHealth),https://ehealth.gov.ua/2024/02/29/hto-maye-dostup-do-danyh-patsiyenta-v-esoz/,2024-02-29
UKR,Ukraine,control,50,Medychni dani ukraintsiv: khto mozhe dyvytysia vashu istoriiu khvorob (RBC-Ukraine),https://www.rbc.ua/rus/news/medichni-dani-ukrayintsiv-hto-mozhe-divitisya-1764940793.html,2025-12-09
UKR,Ukraine,privacy,42,"Zakon Ukrainy pro zakhyst personalnykh danykh, Arts. 7, 22, 23",https://zakon.rada.gov.ua/laws/show/2297-17,undated
UKR,Ukraine,privacy,42,Bill 8153 card: Pro zakhyst personalnykh danykh (Verkhovna Rada),https://itd.rada.gov.ua/billinfo/Bills/Card/40707,2022-10-25
UKR,Ukraine,privacy,42,"Oprylyudnyly perelik medychnykh onlain-system, yaki vidkliuchat vid ESOZ (LB.ua)",https://lb.ua/health/2026/04/23/734385_oprilyudnili_perelik_medichnih.html,2026-04-23
UKR,Ukraine,privacy,42,Medychni dani ukraintsiv: khto mozhe dyvytysia vashu istoriiu khvorob (RBC-Ukraine),https://www.rbc.ua/rus/news/medichni-dani-ukrayintsiv-hto-mozhe-divitisya-1764940793.html,2025-12-09
UKR,Ukraine,journey,62,"Reiestr patsiientiv ESOZ nalichuie ponad 34,5 miljony aktyvnykh zapysiv (eHealth)",https://ehealth.gov.ua/2026/03/13/reyestr-patsiyentiv-esoz-nalichuye-ponad-34-5-miljony-aktyvnyh-zapysiv-yaki-mozhlyvosti-dostupni-dlya-patsiyenta/,2026-03-13
UKR,Ukraine,journey,62,V ESOZ stvoreno ponad 111 miljoniv e-Retseptiv (eHealth),https://ehealth.gov.ua/2026/05/14/v-esoz-stvoreno-ponad-111-miljoniv-e-retseptiv/,2026-05-14
UKR,Ukraine,journey,62,Khto maie dostup do danykh patsiienta v ESOZ? (eHealth),https://ehealth.gov.ua/2024/02/29/hto-maye-dostup-do-danyh-patsiyenta-v-esoz/,2024-02-29
UKR,Ukraine,journey,62,"Oprylyudnyly perelik medychnykh onlain-system, yaki vidkliuchat vid ESOZ (LB.ua)",https://lb.ua/health/2026/04/23/734385_oprilyudnili_perelik_medichnih.html,2026-04-23
UKR,Ukraine,commercial,40,"Zakon Ukrainy pro zakhyst personalnykh danykh, Art. 7",https://zakon.rada.gov.ua/laws/show/2297-17,undated
UKR,Ukraine,commercial,40,Platni funktsii Helsi: navishcho servis vvodyt pidpysku (Forbes Ukraine),https://forbes.ua/innovations/peretvoriti-patsientiv-na-pidpisnikiv-medichniy-servis-helsi-robit-platnoyu-shi-rozshifrovku-analiziv-u-rozrobku-yakoi-vklala-400-000-yak-kompaniya-monetizue-29-mln-koristuvachiv-04072025-31016,2025-07-04
UKR,Ukraine,clinical,58,Khto maie dostup do danykh patsiienta v ESOZ? (eHealth),https://ehealth.gov.ua/2024/02/29/hto-maye-dostup-do-danyh-patsiyenta-v-esoz/,2024-02-29
UKR,Ukraine,clinical,58,"Fundamentals of Health Legislation, Art. 24-2",https://zakon.rada.gov.ua/laws/show/2801-12,2026-02-11
UKR,Ukraine,research,44,"Fundamentals of Health Legislation, Arts. 40 and 45",https://zakon.rada.gov.ua/laws/show/2801-12,2026-02-11
UKR,Ukraine,research,44,Khto maie dostup do danykh patsiienta v ESOZ? (eHealth),https://ehealth.gov.ua/2024/02/29/hto-maye-dostup-do-danyh-patsiyenta-v-esoz/,2024-02-29
UKR,Ukraine,research,44,European Health Data Space Regulation (European Commission),https://health.ec.europa.eu/ehealth-digital-health-and-care/european-health-data-space-regulation-ehds_en,undated
UKR,Ukraine,ai,40,Postanova KMU No. 759 vid 10.06.2026 pro zatverdzhennia Tekhnichnoho rehlamentu shchodo medychnykh vyrobiv,https://zakon.rada.gov.ua/laws/show/759-2026-%D0%BF,2026-06-10
UKR,Ukraine,ai,40,Zatverdzhennia novykh Tekhnichnykh rehlamentiv shchodo medychnykh vyrobiv (State Service on Medicines and Drugs Control),https://www.dls.gov.ua/for_subject/%D0%B7%D0%B0%D1%82%D0%B2%D0%B5%D1%80%D0%B4%D0%B6%D0%B5%D0%BD%D0%BD%D1%8F-%D0%BD%D0%BE%D0%B2%D0%B8%D1%85-%D1%82%D0%B5%D1%85%D0%BD%D1%96%D1%87%D0%BD%D0%B8%D1%85-%D1%80%D0%B5%D0%B3%D0%BB%D0%B0%D0%BC/,2026-06-16
UKR,Ukraine,ai,40,"MOZ: 80,5% opytanykh medykiv uzhe vykorystovuiut ShI u roboti (7eminar)",https://7eminar.ua/news/23759-moz-805-opitanix-medikiv-uze-vikoristovuyut-si-u-roboti,2026-08-28
ARG,Argentina,access,60,"Ley 26.529, derechos del paciente, texto actualizado (Infoleg)",https://servicios.infoleg.gob.ar/infolegInternet/anexos/160000-164999/160432/texact.htm,2009-10-21
ARG,Argentina,access,60,"Decreto 1089/2012, reglamentacion de la Ley 26.529 (Infoleg)",https://servicios.infoleg.gob.ar/infolegInternet/anexos/195000-199999/199296/norma.htm,2012-07
ARG,Argentina,access,60,Preguntas frecuentes: Mi Salud en Mi Argentina (Ministerio de Salud),https://www.argentina.gob.ar/salud/frecuentes,undated
ARG,Argentina,access,60,La Receta Electronica se incorpora a la app Mi Argentina (Ministerio de Salud),https://www.argentina.gob.ar/noticias/la-receta-electronica-se-incorpora-la-app-mi-argentina,2026-05-14
ARG,Argentina,control,48,Red Nacional de Salud Digital: configuracion de privacidad (Mi Argentina),https://www.argentina.gob.ar/miargentina/configuracion-de-privacidad,undated
ARG,Argentina,control,48,Preguntas frecuentes: Mi Salud en Mi Argentina (Ministerio de Salud),https://www.argentina.gob.ar/salud/frecuentes,undated
ARG,Argentina,control,48,Red Nacional de Salud Digital (Ministerio de Salud),https://www.argentina.gob.ar/salud/digital/red,undated
ARG,Argentina,control,48,"Ley 25.326, proteccion de los datos personales, texto actualizado (Infoleg)",https://servicios.infoleg.gob.ar/infolegInternet/anexos/60000-64999/64790/texact.htm,2000-10-04
ARG,Argentina,privacy,42,"Ley 25.326, proteccion de los datos personales, texto actualizado (Infoleg)",https://servicios.infoleg.gob.ar/infolegInternet/anexos/60000-64999/64790/texact.htm,2000-10-04
ARG,Argentina,privacy,42,"Resolucion AAIP 126/2024, infracciones y sanciones (Infoleg)",https://servicios.infoleg.gob.ar/infolegInternet/anexos/395000-399999/399750/norma.htm,2024-05-24
ARG,Argentina,privacy,42,La AAIP inicio una investigacion de oficio ante presunta filtracion masiva de datos personales,https://www.argentina.gob.ar/noticias/la-aaip-inicio-una-investigacion-de-oficio-ante-presunta-filtracion-masiva-de-datos,2025-12-23
ARG,Argentina,privacy,42,Adequacy decisions (European Commission),https://commission.europa.eu/law/law-topic/data-protection/international-dimension-data-protection/adequacy-decisions_en,undated
ARG,Argentina,journey,45,Salud impulsa la interoperabilidad para consolidar un sistema de salud digital integrado (Ministerio de Salud),https://www.argentina.gob.ar/noticias/salud-impulsa-la-interoperabilidad-para-consolidar-un-sistema-de-salud-digital-integrado,2026-06-04
ARG,Argentina,journey,45,El Ministerio de Salud completa la implementacion de la receta electronica (Resolucion 2214/2025),https://www.argentina.gob.ar/noticias/el-ministerio-de-salud-completa-la-implementacion-de-la-receta-electronica-ahora-tambien,2025-07-21
ARG,Argentina,journey,45,Integracion sanitaria digital en Tucuman impulsa la atencion federal de pacientes (Ministerio de Salud Publica de Tucuman),https://msptucuman.gov.ar/integracion-sanitaria-digital-en-tucuman-impulsa-la-atencion-federal-de-pacientes/,2026-05-19
ARG,Argentina,journey,45,La plataforma Historia de Salud Integrada ya alcanza a ocho provincias y mas de 1.600 establecimientos (Convergencia),https://www.convergencia.com/a-diario-convergencia/la-plataforma-historia-de-salud-integrada-ya-alcanza-a-ocho-provincias-y-mas-de-1-600-establecimientos-5786/,2026-05-29
ARG,Argentina,commercial,45,"Ley 25.326, proteccion de los datos personales, texto actualizado (Infoleg)",https://servicios.infoleg.gob.ar/infolegInternet/anexos/60000-64999/64790/texact.htm,2000-10-04
ARG,Argentina,commercial,45,"Condiciones de uso, intercambio y confidencialidad de salud digital (Ministerio de Salud)",https://www.argentina.gob.ar/salud/digital/condiciones-de-uso,undated
ARG,Argentina,commercial,45,"Resolucion AAIP 126/2024, infracciones y sanciones (Infoleg)",https://servicios.infoleg.gob.ar/infolegInternet/anexos/395000-399999/399750/norma.htm,2024-05-24
ARG,Argentina,clinical,42,Red Nacional de Salud Digital (Ministerio de Salud),https://www.argentina.gob.ar/salud/digital/red,undated
ARG,Argentina,clinical,42,Preguntas frecuentes: Mi Salud en Mi Argentina (Ministerio de Salud),https://www.argentina.gob.ar/salud/frecuentes,undated
ARG,Argentina,clinical,42,"Ley 27.706, Programa Federal Unico de Informatizacion y Digitalizacion de Historias Clinicas (Infoleg)",https://servicios.infoleg.gob.ar/infolegInternet/anexos/380000-384999/380710/norma.htm,2023-03
ARG,Argentina,clinical,42,Integracion sanitaria digital en Tucuman impulsa la atencion federal de pacientes (Ministerio de Salud Publica de Tucuman),https://msptucuman.gov.ar/integracion-sanitaria-digital-en-tucuman-impulsa-la-atencion-federal-de-pacientes/,2026-05-19
ARG,Argentina,research,49,"Resolucion 1480/2011, Guia para Investigaciones en Salud Humana, texto actualizado (Argentina.gob.ar)",https://www.argentina.gob.ar/normativa/nacional/norma-187206/actualizacion,2011-09-13
ARG,Argentina,research,49,"Ley 25.326, proteccion de los datos personales, texto actualizado (Infoleg)",https://servicios.infoleg.gob.ar/infolegInternet/anexos/60000-64999/64790/texact.htm,2000-10-04
ARG,Argentina,research,49,Nueva normativa sobre Buenas Practicas Clinicas para estudios de farmacologia clinica (ANMAT),https://www.argentina.gob.ar/noticias/nueva-normativa-sobre-buenas-practicas-clinicas-para-estudios-de-farmacologia-clinica,2025-10-09
ARG,Argentina,ai,40,ANMAT actualiza los criterios regulatorios para software como dispositivo medico (SaMD),https://www.argentina.gob.ar/noticias/anmat-actualiza-los-criterios-regulatorios-para-software-como-dispositivo-medico-samd,2026-09-10
ARG,Argentina,ai,40,"Disposicion ANMAT 64/2025, Reglamento Tecnico Mercosur de Registro de Productos Medicos (Infoleg)",https://servicios.infoleg.gob.ar/infolegInternet/anexos/405000-409999/408309/norma.htm,2025-01-13
ARG,Argentina,ai,40,"Inteligencia artificial y software medico en Argentina: desafios regulatorios (Abogados.com.ar, Allende & Brea)",https://abogados.com.ar/inteligencia-artificial-y-software-medico-en-argentina-desafios-regulatorios-para-el-regimen-de-productos-medicos/40131,2026-09-24
NZL,New Zealand,access,55,Ask for your information (Office of the Privacy Commissioner),https://www.privacy.org.nz/your-rights/ask-for-your-information/,undated
NZL,New Zealand,access,55,Charging for access to personal information (Office of the Privacy Commissioner),https://www.privacy.org.nz/responsibilities/charging-for-access-to-personal-information/,undated
NZL,New Zealand,access,55,About My Health Account (Health New Zealand),https://www.healthnz.govt.nz/websites-and-apps/my-health-account/about-my-health-account,2026-07-22
NZL,New Zealand,access,55,Manage My Health data breach: a timeline of what happened (RNZ),https://www.rnz.co.nz/news/crime-and-justice/584053/manage-my-health-data-breach-a-timeline-of-what-happened-and-everything-we-know-so-far,2026-01-14
NZL,New Zealand,control,47,Privacy: Shared Digital Health Record (Health New Zealand),https://www.healthnz.govt.nz/privacy/wider-sharing-of-your-health-information/privacy-shared-digital-health-record,2026-08-07
NZL,New Zealand,control,47,Restricted access to records in the AIR (Health New Zealand),https://www.healthnz.govt.nz/health-professionals/guidance-standards/topic/immunisation/aotearoa-immunisation-register-air/restricted-access-to-records-air,2026-05-21
NZL,New Zealand,control,47,"Shared Electronic Health Record: frequently asked questions (sehr.org.nz, operator not stated)",https://sehr.org.nz/frequently-asked-questions/,undated
NZL,New Zealand,control,47,Supporting your care with shared health information (Health New Zealand),https://www.healthnz.govt.nz/privacy/wider-sharing-of-your-health-information,undated
NZL,New Zealand,privacy,50,Privacy Commissioner releases Phase 1 Inquiry into Manage My Health cyber incident (Office of the Privacy Commissioner),https://www.privacy.org.nz/tuhono-connect/statements-media-releases/privacy-commissioner-finds-manage-my-health-and-health-nz-breached-privacy-act/,2026-05-27
NZL,New Zealand,privacy,50,Privacy Commissioner issues Compliance Notices to Manage My Health and Health NZ (Office of the Privacy Commissioner),https://www.privacy.org.nz/tuhono-connect/statements-media-releases/privacy-commissioner-issues-compliance-notices-to-manage-my-health-and-health-nz/,2026-09-23
NZL,New Zealand,privacy,50,NotifyUs: evaluate a privacy breach (Office of the Privacy Commissioner),https://www.privacy.org.nz/responsibilities/privacy-breaches/notify-us/evaluate,undated
NZL,New Zealand,privacy,50,Calls to strengthen New Zealand's Privacy Act grow amid an increasing number of major breaches (IAPP),https://iapp.org/news/a/calls-to-strengthen-new-zealand-s-privacy-act-grow-amid-an-increasing-number-of-major-breaches,2026-03-05
NZL,New Zealand,journey,40,Shared Digital Health Record update: July 2026 (Health New Zealand),https://www.healthnz.govt.nz/news-and-updates/shared-digital-health-record-update-july-2026,2026-07-09
NZL,New Zealand,journey,40,Privacy: Shared Digital Health Record (Health New Zealand),https://www.healthnz.govt.nz/privacy/wider-sharing-of-your-health-information/privacy-shared-digital-health-record,2026-08-07
NZL,New Zealand,journey,40,e-Medicines programme (Health New Zealand),https://www.healthnz.govt.nz/about-us/what-we-do/programmes-and-initiatives/e-medicines-programme,undated
NZL,New Zealand,journey,40,Pharmaceutical collection (Health New Zealand),https://www.healthnz.govt.nz/about-us/health-data/data-sets-and-collections/national-collections/pharmaceutical-collection,2026-07-22
NZL,New Zealand,commercial,52,"Health Information Privacy Code 2020 (Privacy Commissioner, consolidated website version)",https://www.privacy.org.nz/assets/Codes-of-Practice-2020/Health-Information-Privacy-Code-2020-website-version.pdf,undated
NZL,New Zealand,commercial,52,Privacy Commissioner releases Phase 1 Inquiry into Manage My Health cyber incident (Office of the Privacy Commissioner),https://www.privacy.org.nz/tuhono-connect/statements-media-releases/privacy-commissioner-finds-manage-my-health-and-health-nz-breached-privacy-act/,2026-05-27
NZL,New Zealand,commercial,52,Calls to strengthen New Zealand's Privacy Act grow amid an increasing number of major breaches (IAPP),https://iapp.org/news/a/calls-to-strengthen-new-zealand-s-privacy-act-grow-amid-an-increasing-number-of-major-breaches,2026-03-05
NZL,New Zealand,clinical,40,Supporting your care with shared health information (Health New Zealand),https://www.healthnz.govt.nz/privacy/wider-sharing-of-your-health-information,undated
NZL,New Zealand,clinical,40,Privacy: Shared Digital Health Record (Health New Zealand),https://www.healthnz.govt.nz/privacy/wider-sharing-of-your-health-information/privacy-shared-digital-health-record,2026-08-07
NZL,New Zealand,clinical,40,"Shared Electronic Health Record: frequently asked questions (sehr.org.nz, operator not stated)",https://sehr.org.nz/frequently-asked-questions/,undated
NZL,New Zealand,clinical,40,"Health Information Privacy Code 2020 (Privacy Commissioner, consolidated website version)",https://www.privacy.org.nz/assets/Codes-of-Practice-2020/Health-Information-Privacy-Code-2020-website-version.pdf,undated
NZL,New Zealand,research,50,"Health Information Privacy Code 2020 (Privacy Commissioner, consolidated website version)",https://www.privacy.org.nz/assets/Codes-of-Practice-2020/Health-Information-Privacy-Code-2020-website-version.pdf,undated
NZL,New Zealand,research,50,"National Ethical Standards, 7. Informed consent (National Ethics Advisory Committee)",https://neac.health.govt.nz/national-ethical-standards/part-two/7-informed-consent/,2026-03-30
NZL,New Zealand,research,50,How we keep integrated data safe (Stats NZ),https://www.stats.govt.nz/integrated-data/how-we-keep-integrated-data-safe/,2022-08-23
NZL,New Zealand,research,50,Restricted access to records in the AIR (Health New Zealand),https://www.healthnz.govt.nz/health-professionals/guidance-standards/topic/immunisation/aotearoa-immunisation-register-air/restricted-access-to-records-air,2026-05-21
NZL,New Zealand,ai,40,Explanation of the WAND database (Medsafe),https://www.medsafe.govt.nz/regulatory/devicesnew/3-2Explanation.asp,2011-05-10
NZL,New Zealand,ai,40,Using generative AI and large language models (Health New Zealand),https://www.healthnz.govt.nz/health-professionals/guidance-standards/topic/digital-technologies/using-generative-ai-and-large-language-models,2026-05-21
NZL,New Zealand,ai,40,Artificial Intelligence and Algorithm Expert Advisory Group (Health New Zealand),https://www.healthnz.govt.nz/about-us/who-we-are/expert-groups-and-networks/expert-groups/artificial-intelligence-and-algorithm-expert-advisory-group,undated
NZL,New Zealand,ai,40,"Medical Products Bill to introduce risk-based framework for software and AI regulation (eHealthNews.nz, HiNZ)",https://www.hinz.org.nz/news/727150/Medical-Products-Bill-to-introduce-risk-based-framework-for-software-and-AI-regulation-.htm,2026-05-12
USA,United States,access,50,45 CFR 164.524 Access of individuals to protected health information (eCFR),https://www.ecfr.gov/current/title-45/subtitle-A/subchapter-C/part-164/subpart-E/section-164.524,undated
USA,United States,access,50,HHS OCR settles HIPAA Right of Access investigation with Azul Vision (HHS),https://www.hhs.gov/press-room/hhs-ocr-settles-hipaa-investigation-with-azul-vision.html,2026-08-27
USA,United States,access,50,"Individuals' Access and Use of Patient Portals and Smartphone Health Apps, 2024, Data Brief 77 (ASTP/ONC)",https://healthit.gov/data/data-briefs/individuals-access-and-use-patient-portals-and-smartphone-health-apps-2024/,2025-07
USA,United States,access,50,"OCR Director Says Carry On: July sees news of Security delay, surprise access reg (HCCA via JD Supra)",https://www.jdsupra.com/legalnews/ocr-director-says-carry-on-usually-6479185/,2026-08-06
USA,United States,control,35,"45 CFR 164.506 Uses and disclosures to carry out treatment, payment, or health care operations (eCFR)",https://www.ecfr.gov/current/title-45/subtitle-A/subchapter-C/part-164/subpart-E/section-164.506,undated
USA,United States,control,35,45 CFR 164.522 Rights to request privacy protection (eCFR),https://www.ecfr.gov/current/title-45/subtitle-A/subchapter-C/part-164/subpart-E/section-164.522,undated
USA,United States,control,35,45 CFR 164.528 Accounting of disclosures (eCFR),https://www.ecfr.gov/current/title-45/subtitle-A/subchapter-C/part-164/subpart-E/section-164.528,undated
USA,United States,control,35,"Confidentiality of Substance Use Disorder Patient Records, final rule (Federal Register)",https://www.federalregister.gov/documents/2024/02/16/2024-02544/confidentiality-of-substance-use-disorder-ud-patient-records,2024-02-16
USA,United States,privacy,50,H1 2026 Healthcare Data Breach Report (HIPAA Journal),https://www.hipaajournal.com/h1-2026-healthcare-data-breach-report/,2026-09-30
USA,United States,privacy,50,"Unified Agenda: HIPAA Security Rule, RIN 0945-AA22 (OIRA, reginfo.gov)",https://www.reginfo.gov/public/do/eAgendaViewRule?pubId=202510&RIN=0945-AA22,undated
USA,United States,privacy,50,HIPAA and Reproductive Health (HHS OCR),https://www.hhs.gov/hipaa/for-professionals/special-topics/reproductive-health/index.html,2025-06-27
USA,United States,privacy,50,"Texas SB 1188, enrolled text (Texas Legislature)",https://capitol.texas.gov/tlodocs/89R/billtext/html/SB01188F.htm,2025
USA,United States,journey,60,"HHS expands secure access to health records through TEFCA, one billion records exchanged (HHS)",https://www.hhs.gov/press-room/onc-strengthens-tefca-one-billion-health-records-exchanged.html,2026-06-26
USA,United States,journey,60,"Electronic Health Information Exchange by Hospitals, Quick Stat (ASTP/ONC)",https://healthit.gov/data/quickstats/electronic-health-information-exchange-hospitals/,2026-02
USA,United States,journey,60,"Electronic Public Health Reporting Among Non-Federal Acute Care Hospitals, 2024, Data Brief 78 (ASTP/ONC)",https://healthit.gov/data/data-briefs/electronic-public-health-reporting-among-non-federal-acute-care-hospitals-2024/,2025-07
USA,United States,journey,60,CMS Interoperability and Prior Authorization Final Rule CMS-0057-F (CMS),https://www.cms.gov/newsroom/fact-sheets/cms-interoperability-prior-authorization-final-rule-cms-0057-f,2024-01-17
USA,United States,commercial,38,45 CFR 164.508 Uses and disclosures for which an authorization is required (eCFR),https://www.ecfr.gov/current/title-45/subtitle-A/subchapter-C/part-164/subpart-E/section-164.508,undated
USA,United States,commercial,38,45 CFR 164.514 De-identification of protected health information (eCFR),https://www.ecfr.gov/current/title-45/subtitle-A/subchapter-C/part-164/subpart-E/section-164.514,undated
USA,United States,commercial,38,FTC Finalizes Changes to the Health Breach Notification Rule (FTC),https://www.ftc.gov/news-events/news/press-releases/2024/04/ftc-finalizes-changes-health-breach-notification-rule,2024-04-26
USA,United States,commercial,38,RCW 19.373.070 Valid authorization to sell consumer health data (Washington Legislature),https://app.leg.wa.gov/RCW/default.aspx?cite=19.373.070,undated
USA,United States,clinical,55,"Interoperable Exchange of Patient Health Information Among U.S. Hospitals: 2023, Data Brief 71 (ASTP/ONC)",https://healthit.gov/data/data-briefs/interoperable-exchange-patient-health-information-among-us-hospitals-2023/,2024-05
USA,United States,clinical,55,A Decade of Data Examined: The Evolution of Electronic Prescribing (ASTP/ONC),https://healthit.gov/blog/health-data/a-decade-of-data-examined-the-evolution-of-electronic-prescribing/,2024-07-15
USA,United States,clinical,55,HHS Announces Crackdown on Health Data Blocking (HHS),https://www.hhs.gov/press-room/hhs-crackdown-health-data-blocking.html,2025-09-03
USA,United States,clinical,55,The Wait Is Over: Information Blocking Enforcement Is Officially Here (Holland & Knight),https://www.hklaw.com/en/insights/publications/2026/02/the-wait-is-over-information-blocking-enforcement-is-officially-here,2026-02
USA,United States,research,49,45 CFR 164.512 Uses and disclosures for which authorization is not required (eCFR),https://www.ecfr.gov/current/title-45/subtitle-A/subchapter-C/part-164/subpart-E/section-164.512,undated
USA,United States,research,49,45 CFR 164.514 De-identification of protected health information (eCFR),https://www.ecfr.gov/current/title-45/subtitle-A/subchapter-C/part-164/subpart-E/section-164.514,undated
USA,United States,research,49,45 CFR 46.116 General requirements for informed consent (eCFR),https://www.ecfr.gov/current/title-45/subtitle-A/subchapter-A/part-46/subpart-A/section-46.116,undated
USA,United States,research,49,Certificates of Confidentiality (NIH),https://grants.nih.gov/policy-and-compliance/policy-topics/human-subjects/coc,undated
USA,United States,ai,56,Artificial Intelligence-Enabled Medical Devices (FDA),https://www.fda.gov/medical-devices/software-medical-device-samd/artificial-intelligence-enabled-medical-devices,2026-09-04
USA,United States,ai,56,Marketing Submission Recommendations for a Predetermined Change Control Plan for AI-Enabled Device Software Functions (FDA),https://www.fda.gov/regulatory-information/search-fda-guidance-documents/marketing-submission-recommendations-predetermined-change-control-plan-artificial-intelligence,2025-08
USA,United States,ai,56,HTI-5 proposed rule: ASTP/ONC deregulatory actions (Federal Register),https://www.federalregister.gov/documents/2025/12/29/2025-23896/health-data-technology-and-interoperability-astponc-deregulatory-actions-to-unleash-prosperity,2025-12-29
USA,United States,ai,56,"California AB 3030, health care services: artificial intelligence (California Legislature)",https://leginfo.legislature.ca.gov/faces/billTextClient.xhtml?bill_id=202320240AB3030,2024
IDN,Indonesia,access,55,"Undang-Undang 17 Tahun 2023 tentang Kesehatan, annotated text (Mahkamah Konstitusi, Anotasi 2025)",https://s.mkri.id/public/content/infoumum/undang/pdf/Anotasi_180_ANOTASI%20UU%2017%20TAHUN%202023.pdf,2025
IDN,Indonesia,access,55,Undang-Undang 27 Tahun 2022 tentang Pelindungan Data Pribadi (BPK JDIH),https://peraturan.bpk.go.id/Download/224884/UU%20Nomor%2027%20Tahun%202022.pdf,2022-10-17
IDN,Indonesia,access,55,"Kemenkes Luncurkan SATUSEHAT RME, Rekam Medis Pasien Terintegrasi Secara Nasional",https://www.kemkes.go.id/id/kemenkes-luncurkan-satusehat-rme-rekam-medis-pasien-terintegrasi-secara-nasional,2026-09-01
IDN,Indonesia,access,55,Kemenkes Pastikan SatuSehat RME Bisa Diakses dalam Kondisi Darurat (Beritasatu),https://www.beritasatu.com/lifestyle/3023896/kemenkes-pastikan-satusehat-rme-bisa-diakses-dalam-kondisi-darurat,2026-09-02
IDN,Indonesia,control,42,Peraturan Menteri Kesehatan 24 Tahun 2022 tentang Rekam Medis,https://keslan.kemkes.go.id/unduhan/fileunduhan_1662611251_882318.pdf,2022
IDN,Indonesia,control,42,"Kemenkes Luncurkan SATUSEHAT RME, Rekam Medis Pasien Terintegrasi Secara Nasional",https://www.kemkes.go.id/id/kemenkes-luncurkan-satusehat-rme-rekam-medis-pasien-terintegrasi-secara-nasional,2026-09-01
IDN,Indonesia,control,42,Undang-Undang 27 Tahun 2022 tentang Pelindungan Data Pribadi (BPK JDIH),https://peraturan.bpk.go.id/Download/224884/UU%20Nomor%2027%20Tahun%202022.pdf,2022-10-17
IDN,Indonesia,control,42,"Peraturan Pemerintah 28 Tahun 2024, pelaksanaan UU Kesehatan (JDIH Kemenkes)",https://jdih.kemkes.go.id/storage/documents/pdfs/2024pp028.pdf,2024-07-26
IDN,Indonesia,privacy,38,Undang-Undang 27 Tahun 2022 tentang Pelindungan Data Pribadi (BPK JDIH),https://peraturan.bpk.go.id/Download/224884/UU%20Nomor%2027%20Tahun%202022.pdf,2022-10-17
IDN,Indonesia,privacy,38,"Dua Tahun UU PDP Tanpa Lembaga Pengawas, Pemerintah Bantah Ada Kekosongan Hukum (Hukumonline)",https://www.hukumonline.com/berita/a/dua-tahun-uu-pdp-tanpa-lembaga-pengawas--pemerintah-bantah-ada-kekosongan-hukum-lt6a69d92f6fce4/,2026-07-29
IDN,Indonesia,privacy,38,Ministry to issue decision on BPJS data leak soon (ANTARA),https://en.antaranews.com/news/195925/ministry-to-issue-decision-on-bpjs-data-leak-soon,2021
IDN,Indonesia,privacy,38,Adequacy decisions (European Commission),https://commission.europa.eu/law/law-topic/data-protection/international-dimension-data-protection/adequacy-decisions_en,undated
IDN,Indonesia,journey,57,Kemenkes RI Raih Penghargaan Nasional dan Global Sekaligus untuk SATUSEHAT,https://kemkes.go.id/id/kemenkes-ri-raih-penghargaan-nasional-dan-global-sekaligus-untuk-satusehat,2026-09-24
IDN,Indonesia,journey,57,"Wajib Integrasi Satu Sehat, Kemenkes Desak Percepatan RME di Fasyankes (BKPK Kemenkes)",https://www.badankebijakan.kemkes.go.id/wajib-integrasi-satu-sehat-kemenkes-desak-percepatan-rme-di-fasyankes/,2025-10-28
IDN,Indonesia,journey,57,"Dukcapil Perkuat Validasi Identitas, Dukung Integrasi Rekam Medis Elektronik dengan SATUSEHAT",https://dukcapil.kemendagri.go.id/blog/read/dukcapil-perkuat-validasi-identitas-dukung-integrasi-rekam-medis-elektronik-dengan-satusehat,2026-08-01
IDN,Indonesia,journey,57,"Peraturan Pemerintah 28 Tahun 2024, pelaksanaan UU Kesehatan (JDIH Kemenkes)",https://jdih.kemkes.go.id/storage/documents/pdfs/2024pp028.pdf,2024-07-26
IDN,Indonesia,commercial,42,"Undang-Undang 17 Tahun 2023 tentang Kesehatan, annotated text (Mahkamah Konstitusi, Anotasi 2025)",https://s.mkri.id/public/content/infoumum/undang/pdf/Anotasi_180_ANOTASI%20UU%2017%20TAHUN%202023.pdf,2025
IDN,Indonesia,commercial,42,Undang-Undang 27 Tahun 2022 tentang Pelindungan Data Pribadi (BPK JDIH),https://peraturan.bpk.go.id/Download/224884/UU%20Nomor%2027%20Tahun%202022.pdf,2022-10-17
IDN,Indonesia,commercial,42,"Dua Tahun UU PDP Tanpa Lembaga Pengawas, Pemerintah Bantah Ada Kekosongan Hukum (Hukumonline)",https://www.hukumonline.com/berita/a/dua-tahun-uu-pdp-tanpa-lembaga-pengawas--pemerintah-bantah-ada-kekosongan-hukum-lt6a69d92f6fce4/,2026-07-29
IDN,Indonesia,clinical,40,"Kemenkes Luncurkan SATUSEHAT RME, Rekam Medis Pasien Terintegrasi Secara Nasional",https://www.kemkes.go.id/id/kemenkes-luncurkan-satusehat-rme-rekam-medis-pasien-terintegrasi-secara-nasional,2026-09-01
IDN,Indonesia,clinical,40,Kemenkes Pastikan SatuSehat RME Bisa Diakses dalam Kondisi Darurat (Beritasatu),https://www.beritasatu.com/lifestyle/3023896/kemenkes-pastikan-satusehat-rme-bisa-diakses-dalam-kondisi-darurat,2026-09-02
IDN,Indonesia,clinical,40,Peraturan Menteri Kesehatan 24 Tahun 2022 tentang Rekam Medis,https://keslan.kemkes.go.id/unduhan/fileunduhan_1662611251_882318.pdf,2022
IDN,Indonesia,research,49,Peraturan Menteri Kesehatan 24 Tahun 2022 tentang Rekam Medis,https://keslan.kemkes.go.id/unduhan/fileunduhan_1662611251_882318.pdf,2022
IDN,Indonesia,research,49,"Undang-Undang 17 Tahun 2023 tentang Kesehatan, annotated text (Mahkamah Konstitusi, Anotasi 2025)",https://s.mkri.id/public/content/infoumum/undang/pdf/Anotasi_180_ANOTASI%20UU%2017%20TAHUN%202023.pdf,2025
IDN,Indonesia,research,49,"Komite Etik Penelitian dan Pengembangan Kesehatan Nasional (KEPPKN, Kemenkes)",https://kepkn.kemkes.go.id/,undated
IDN,Indonesia,ai,56,"Keputusan Menteri Kesehatan HK.01.07/MENKES/951/2026, Pedoman Izin Edar Alat Kesehatan Berbasis Perangkat Lunak",https://jdih.kemkes.go.id/storage/documents/pdfs/2026kepmenkes951.pdf,2026-09-07
IDN,Indonesia,ai,56,"Kemenkes Dorong Pengembangan Ekosistem AI Kesehatan yang Aman, Adil, dan Bertanggung Jawab",https://keslan.kemkes.go.id/read/3798/kemenkes-dorong-pengembangan-ekosistem-ai-kesehatan-yang-aman-adil-dan-bertanggung-jawab,2026-06
IDN,Indonesia,ai,56,AFTECH Akui Masih Tunggu Dua Perpres AI untuk Perkuat Tata Kelola Digital (Investortrust),https://investortrust.id/national/109712/aftech-akui-masih-tunggu-dua-perpres-ai-untuk-perkuat-tata-kelola-digital,2026-07-16
IRL,Ireland,access,55,Access to medical records in the public healthcare system (Citizens Information),https://www.citizensinformation.ie/en/health/legal-matters-and-health/access-to-medical-records/,undated
IRL,Ireland,access,55,"Minister for Health welcomes increase in HSE Health app usage as registrations pass 125,000 (Department of Health)",https://www.gov.ie/en/department-of-health/press-releases/minister-for-health-welcomes-increase-in-hse-health-app-usage-as-registrations-pass-125000/,2026-01-05
IRL,Ireland,access,55,"Ireland confirmed as one of the EU's strongest digital performers (Department of Enterprise, Tourism and Employment)",https://enterprise.gov.ie/en/news-and-events/department-news/2026/august/ireland-confirmed-as-one-of-the-eus-strongest-digital-performers.html,2026-08-06
IRL,Ireland,access,55,"2026 Digital Decade eHealth Indicator Study, executive summary (European Commission)",https://data.europa.eu/doi/10.2759/8560168,2026-06
IRL,Ireland,control,30,Data Protection Impact Assessment summary: Shared Care Record (HSE),https://about.hse.ie/publications/national-shared-care-record-dpia/,2026-03
IRL,Ireland,control,30,HSE Privacy Notice for patients and service users (HSE),https://about.hse.ie/publications/hse-privacy-notice-service-users/,2024-12
IRL,Ireland,control,30,"Health Information Act 2026, No. 10 of 2026 (Irish Statute Book)",https://www.irishstatutebook.ie/eli/2026/act/10/enacted/en/index.html,2026-04-30
IRL,Ireland,control,30,Health Information Act 2026: commencement table (Irish Statute Book),https://www.irishstatutebook.ie/eli/isbc/2026_10.html,undated
IRL,Ireland,privacy,56,DPC announces final decision following inquiry into the HSE (paper records storage),https://www.dataprotection.ie/en/news-media/latest-news/data-protection-commission-announces-final-decision-following-inquiry-health-service-executive-hse,2026-09-02
IRL,Ireland,privacy,56,Inquiry into Midlands Regional Hospital Tullamore (Data Protection Commission decision),https://www.dataprotection.ie/en/dpc-guidance/decisions/inquiry-midlands-regional-hospital-tullamore,2026-06-10
IRL,Ireland,privacy,56,DPC publishes final decision following inquiry into Children's Health Ireland,https://www.dataprotection.ie/en/news-media/latest-news/data-protection-commission-publishes-final-decision-following-inquiry-childrens-health-ireland-chi,2026-10-01
IRL,Ireland,privacy,56,"Data Protection Act 2018, section 141 (Irish Statute Book)",https://www.irishstatutebook.ie/eli/2018/act/7/section/141/enacted/en/html,2018
IRL,Ireland,journey,38,HSE Shared Care Record (HSE),https://about.hse.ie/our-work/technology/shared-care-record/,undated
IRL,Ireland,journey,38,Shared Care Record continues to grow with expanded datasets and nationwide rollout (HSE),https://about.hse.ie/news/national-shared-care-record-nscr-continues-to-grow-with-expanded-datasets-and-nationwide-rollout/,2026-06-19
IRL,Ireland,journey,38,Minister announces Government approval to commence procurement for a National Electronic Health Record (Department of Health),https://www.gov.ie/en/department-of-health/press-releases/minister-announces-government-approval-to-commence-procurement-for-a-national-electronic-health-record/,2026-02-05
IRL,Ireland,journey,38,HSE Laboratory Information System (MedLIS) (HSE),https://about.hse.ie/our-work/technology/national-laboratory-information-system-medlis/,undated
IRL,Ireland,commercial,58,"Data Protection Act 2018 (Section 36(2)) (Health Research) Regulations 2018, S.I. No. 314 of 2018 (Irish Statute Book)",https://www.irishstatutebook.ie/eli/2018/si/314/made/en/print,2018
IRL,Ireland,commercial,58,Who we are (Health Research Consent Declaration Committee),https://hrcdc.ie/who-we-are/,undated
IRL,Ireland,commercial,58,"Health Information Act 2026, No. 10 of 2026 (Irish Statute Book)",https://www.irishstatutebook.ie/eli/2026/act/10/enacted/en/index.html,2026-04-30
IRL,Ireland,commercial,58,Health Information Act 2026: commencement table (Irish Statute Book),https://www.irishstatutebook.ie/eli/isbc/2026_10.html,undated
IRL,Ireland,clinical,36,HSE Shared Care Record (HSE),https://about.hse.ie/our-work/technology/shared-care-record/,undated
IRL,Ireland,clinical,36,Data Protection Impact Assessment summary: Shared Care Record (HSE),https://about.hse.ie/publications/national-shared-care-record-dpia/,2026-03
IRL,Ireland,clinical,36,Almost 100k patient record requests amid lack of online system (RTÉ),https://www.rte.ie/news/2026/0513/1573052-hse-medical-records/,2026-05-13
IRL,Ireland,clinical,36,Health Information Act 2026: commencement table (Irish Statute Book),https://www.irishstatutebook.ie/eli/isbc/2026_10.html,undated
IRL,Ireland,research,70,"Data Protection Act 2018 (Section 36(2)) (Health Research) Regulations 2018, S.I. No. 314 of 2018 (Irish Statute Book)",https://www.irishstatutebook.ie/eli/2018/si/314/made/en/print,2018
IRL,Ireland,research,70,Who we are (Health Research Consent Declaration Committee),https://hrcdc.ie/who-we-are/,undated
IRL,Ireland,research,70,Decisions: public application log and meeting minutes (HRCDC),https://hrcdc.ie/decisions/,undated
IRL,Ireland,research,70,HealthData@IE: national project implementing EHDS (Department of Health),https://www.gov.ie/en/department-of-health/collections/healthdataie-national-project-implementing-ehds/,2026-09-09
IRL,Ireland,ai,50,AI Office of Ireland established under the Regulation of Artificial Intelligence Act 2026 (DETE),https://www.gov.ie/en/department-of-enterprise-tourism-and-employment/press-releases/ai-office-of-ireland-established-under-the-ai-regulation-bill-2026-paul-byrne-appointed-as-ceo/,2026-07-30
IRL,Ireland,ai,50,HIQA publishes first National Guidance on Responsible and Safe Use of AI in Health and Social Care (HIQA),https://www.hiqa.ie/hiqa-news-updates/hiqa-publishes-first-national-guidance-responsible-and-safe-use-ai-health-and,2026-07-29
VNM,Vietnam,access,60,"Luật Khám bệnh, chữa bệnh số 15/2023/QH15, toàn văn (Xây dựng chính sách, Cổng TTĐT Chính phủ)",https://xaydungchinhsach.chinhphu.vn/toan-van-luat-15-2023-qh15-kham-benh-chua-benh-119231127164453959.htm,2023-11-27
VNM,Vietnam,access,60,Nghị định 356/2025/NĐ-CP quy định chi tiết Luật Bảo vệ dữ liệu cá nhân (LuatVietnam),https://luatvietnam.vn/dan-su/nghi-dinh-356-2025-nd-cp-quy-dinh-chi-tiet-luat-bao-ve-du-lieu-ca-nhan-422896-d1.html,2025-12-31
VNM,Vietnam,access,60,Sổ sức khỏe điện tử trên VNeID có thể thay sổ giấy (Báo Điện tử Chính phủ),https://baochinhphu.vn/so-suc-khoe-dien-tu-tren-vneid-co-the-thay-so-giay-102260108162952758.htm,2026-01-08
VNM,Vietnam,access,60,Hơn 34 triệu người đã có Sổ sức khỏe điện tử trên VNeID (VOV),https://vov.gov.vn/hon-34-trieu-nguoi-da-co-so-suc-khoe-dien-tu-tren-vneid-mobiledtnew-1165910,2026-09-21
VNM,Vietnam,control,30,"Decree 102/2025/ND-CP on health data management, English text (LuatVietnam)",https://english.luatvietnam.vn/y-te/decree-102-2025-nd-cp-health-data-management-400071-d1.html,2025-05-13
VNM,Vietnam,control,30,"Luật Bảo vệ dữ liệu cá nhân 2025, số 91/2025/QH15 (LuatVietnam)",https://luatvietnam.vn/dan-su/luat-bao-ve-du-lieu-ca-nhan-2025-so-91-2025-qh15-405135-d1.html,2025-06-26
VNM,Vietnam,control,30,Nghị định 356/2025/NĐ-CP quy định chi tiết Luật Bảo vệ dữ liệu cá nhân (LuatVietnam),https://luatvietnam.vn/dan-su/nghi-dinh-356-2025-nd-cp-quy-dinh-chi-tiet-luat-bao-ve-du-lieu-ca-nhan-422896-d1.html,2025-12-31
VNM,Vietnam,privacy,42,"Luật Bảo vệ dữ liệu cá nhân 2025, số 91/2025/QH15 (LuatVietnam)",https://luatvietnam.vn/dan-su/luat-bao-ve-du-lieu-ca-nhan-2025-so-91-2025-qh15-405135-d1.html,2025-06-26
VNM,Vietnam,privacy,42,Nghị định 356/2025/NĐ-CP quy định chi tiết Luật Bảo vệ dữ liệu cá nhân (LuatVietnam),https://luatvietnam.vn/dan-su/nghi-dinh-356-2025-nd-cp-quy-dinh-chi-tiet-luat-bao-ve-du-lieu-ca-nhan-422896-d1.html,2025-12-31
VNM,Vietnam,privacy,42,Mức xử phạt vi phạm hành chính đối với hành vi vi phạm về bảo vệ dữ liệu cá nhân (Báo Điện tử Chính phủ),https://baochinhphu.vn/muc-xu-phat-vi-pham-hanh-chinh-doi-voi-hanh-vi-vi-pham-ve-bao-ve-du-lieu-ca-nhan-102260822154959691.htm,2026-08-22
VNM,Vietnam,privacy,42,Cảnh báo rò rỉ dữ liệu y tế do hacker (Thanh Niên),https://thanhnien.vn/canh-bao-ro-ri-du-lieu-y-te-do-hacker-185260524204547959.htm,2026-05-25
VNM,Vietnam,journey,55,"Số cơ sở y tế tham gia bệnh án điện tử tiếp tục tăng (Sức khỏe & Đời sống, Bộ Y tế)",https://suckhoedoisong.vn/so-co-so-y-te-tham-gia-benh-an-dien-tu-tiep-tuc-tang-169260919154315649.htm,2026-09-19
VNM,Vietnam,journey,55,"Cổng thông tin Bệnh án điện tử, danh sách cơ sở tham gia (Bộ Y tế)",https://benhandientu.moh.gov.vn/,undated
VNM,Vietnam,journey,55,"Hơn 75% bệnh viện triển khai bệnh án điện tử, tiến tới bỏ bệnh án giấy từ năm 2027 (Báo Đầu tư)",https://baodautu.vn/hon-75-benh-vien-trien-khai-benh-an-dien-tu-tien-toi-bo-benh-an-giay-tu-nam-2027-d701953.html,2026-09-14
VNM,Vietnam,journey,55,"Cơ sở bán buôn, bán lẻ thuốc phải liên thông dữ liệu từ 01/01/2026 lên Hệ thống Cơ sở dữ liệu về dược (LuatVietnam)",https://luatvietnam.vn/tin-van-ban-moi/co-so-ban-buon-ban-le-thuoc-phai-lien-thong-du-lieu-tu-01-01-2026-len-he-thong-co-so-du-lieu-ve-duoc-186-111475-article.html,2026-08-14
VNM,Vietnam,commercial,55,"Luật Bảo vệ dữ liệu cá nhân 2025, số 91/2025/QH15 (LuatVietnam)",https://luatvietnam.vn/dan-su/luat-bao-ve-du-lieu-ca-nhan-2025-so-91-2025-qh15-405135-d1.html,2025-06-26
VNM,Vietnam,commercial,55,"Những quy định đáng chú ý trong Luật Bảo vệ dữ liệu cá nhân 2025 (Xây dựng chính sách, Cổng TTĐT Chính phủ)",https://xaydungchinhsach.chinhphu.vn/nhung-quy-dinh-dang-chu-y-trong-luat-bao-ve-du-lieu-ca-nhan-2025-119251225084154179.htm,2025-12-25
VNM,Vietnam,commercial,55,Công an TP Hà Nội khởi tố 3 người điều hành sàn mua bán dữ liệu cá nhân (VietNamNet),https://vietnamnet.vn/cong-an-tp-ha-noi-khoi-to-3-nguoi-dieu-hanh-san-mua-ban-du-lieu-ca-nhan-2534474.html,2026-07-10
VNM,Vietnam,clinical,44,"Luật Khám bệnh, chữa bệnh số 15/2023/QH15, toàn văn (Xây dựng chính sách, Cổng TTĐT Chính phủ)",https://xaydungchinhsach.chinhphu.vn/toan-van-luat-15-2023-qh15-kham-benh-chua-benh-119231127164453959.htm,2023-11-27
VNM,Vietnam,clinical,44,"Giảm xét nghiệm trùng lặp, đưa dịch vụ đến gần người dân (Báo Đầu tư)",https://baodautu.vn/giam-xet-nghiem-trung-lap-dua-dich-vu-den-gan-nguoi-dan-d710899.html,2026-10-01
VNM,Vietnam,clinical,44,"Bộ Y tế đề xuất hơn 400 xét nghiệm, điện quang có thể dùng lại khi chuyển viện khám, chữa bệnh BHYT (Bảo hiểm xã hội Việt Nam)",https://baohiemxahoi.gov.vn/tintuc/Pages/cai-cach-thu-tuc-hanh-chinh.aspx?CateID=0&ItemID=27035,2026-08-25
VNM,Vietnam,clinical,44,Sổ sức khỏe điện tử trên VNeID có thể thay sổ giấy (Báo Điện tử Chính phủ),https://baochinhphu.vn/so-suc-khoe-dien-tu-tren-vneid-co-the-thay-so-giay-102260108162952758.htm,2026-01-08
VNM,Vietnam,research,50,"Luật Khám bệnh, chữa bệnh số 15/2023/QH15, toàn văn (Xây dựng chính sách, Cổng TTĐT Chính phủ)",https://xaydungchinhsach.chinhphu.vn/toan-van-luat-15-2023-qh15-kham-benh-chua-benh-119231127164453959.htm,2023-11-27
VNM,Vietnam,research,50,Thông tư 50/2025/TT-BYT quy định về thử thuốc trên lâm sàng (LuatVietnam),https://luatvietnam.vn/y-te/thong-tu-50-2025-tt-byt-quy-dinh-thu-thuoc-tren-lam-sang-hieu-luc-tu-27-02-2026-422988-d1.html,2025-12-31
VNM,Vietnam,research,50,"Decree 102/2025/ND-CP on health data management, English text (LuatVietnam)",https://english.luatvietnam.vn/y-te/decree-102-2025-nd-cp-health-data-management-400071-d1.html,2025-05-13
VNM,Vietnam,ai,50,"Luật Trí tuệ nhân tạo 2025, số 134/2025/QH15 (LuatVietnam)",https://luatvietnam.vn/khoa-hoc/luat-tri-tue-nhan-tao-2025-so-134-2025-qh15-422299-d1.html,2025-12-10
VNM,Vietnam,ai,50,Các điểm mới quan trọng của nghị định hướng dẫn Luật Trí tuệ nhân tạo (Atsumi & Sakai),https://www.aplawjapan.com/en/newsletter/20260528-2,2026-05-28
VNM,Vietnam,ai,50,Danh mục hệ thống trí tuệ nhân tạo có rủi ro cao từ 15/8/2026 (LuatVietnam),https://luatvietnam.vn/tin-van-ban-moi/danh-muc-he-thong-tri-tue-nhan-tao-co-rui-ro-cao-tu-15-8-2026-186-110045-article.html,2026-07-02
VNM,Vietnam,ai,50,Bộ Y tế chuẩn bị ban hành quy định về AI trong y tế (Người Lao Động),https://tuoitre.vn/nld/bo-y-te-chuan-bi-ban-hanh-quy-dinh-ve-ai-trong-y-te-196251211145240185.htm,2025-12-11
IND,India,access,55,"Code of Medical Ethics Regulations, 2002 (NMC)",https://nmc.org.in/page/rules-regulations-rules-regulations-of-erstwhile-mci-code-of-medical-ethics-regulations-2002,2002
IND,India,access,55,"The Digital Personal Data Protection Act, 2023 (Gazette text, MeitY)",https://www.meity.gov.in/static/uploads/2024/06/2bf1f0e9f04e6fb4f8fef35e82c42aa5.pdf,2023-08-11
IND,India,access,55,G.S.R. 843(E): commencement dates of the DPDP Act (MeitY),https://www.meity.gov.in/static/uploads/2025/11/c56ceae6c383460ca69577428d36828b.pdf,2025-11-13
IND,India,access,55,Affordable and Accessible Healthcare for All (PIB fact sheet),https://www.pib.gov.in/FactsheetDetails.aspx?id=150834&ModuleId=16&reg=%203&lang=1,2026-08-12
IND,India,control,50,Ayushman Bharat Digital Mission: India's Digital Health Backbone (PIB),https://static.pib.gov.in/WriteReadData/specificdocs/documents/2026/jul/doc202676912801.pdf,2026-07-06
IND,India,control,50,National Digital Health Mission: Health Data Management Policy (archived copy of abdm.gov.in PDF),https://web.archive.org/web/2025id_/https://abdm.gov.in/strapicms/uploads/health_management_policy_bac9429a79.pdf,undated
IND,India,control,50,"ABHA ID now mandatory for OPD, emergency registration (Times of India)",https://timesofindia.indiatimes.com/city/jaipur/abha-id-now-mandatory-for-opd-emergency-registration/articleshow/127727998.cms,2026-01-29
IND,India,control,50,G.S.R. 843(E): commencement dates of the DPDP Act (MeitY),https://www.meity.gov.in/static/uploads/2025/11/c56ceae6c383460ca69577428d36828b.pdf,2025-11-13
IND,India,privacy,35,"IT (Reasonable Security Practices and Procedures and Sensitive Personal Data or Information) Rules, 2011",https://prsindia.org/files/bills_acts/bills_parliament/2011/IT_Rules_2011.pdf,2011-04-11
IND,India,privacy,35,"The Digital Personal Data Protection Act, 2023 (Gazette text, MeitY)",https://www.meity.gov.in/static/uploads/2024/06/2bf1f0e9f04e6fb4f8fef35e82c42aa5.pdf,2023-08-11
IND,India,privacy,35,"Hackers target Ernakulam hospital, steal 800GB data (New Indian Express)",https://www.newindianexpress.com/states/kerala/2026/Jun/10/hackers-target-ernakulam-hospital-steal-800gb-data,2026-06-10
IND,India,privacy,35,Adequacy decisions (European Commission),https://commission.europa.eu/law/law-topic/data-protection/international-dimension-data-protection/adequacy-decisions_en,undated
IND,India,journey,45,100 crore health records linked with ABHA under ABDM (PIB),https://www.pib.gov.in/PressReleasePage.aspx?PRID=2264241&reg=3&lang=1,2026-05-22
IND,India,journey,45,Ayushman Bharat Digital Mission: India's Digital Health Backbone (PIB),https://static.pib.gov.in/WriteReadData/specificdocs/documents/2026/jul/doc202676912801.pdf,2026-07-06
IND,India,journey,45,Affordable and Accessible Healthcare for All (PIB fact sheet),https://www.pib.gov.in/FactsheetDetails.aspx?id=150834&ModuleId=16&reg=%203&lang=1,2026-08-12
IND,India,commercial,35,"IT (Reasonable Security Practices and Procedures and Sensitive Personal Data or Information) Rules, 2011",https://prsindia.org/files/bills_acts/bills_parliament/2011/IT_Rules_2011.pdf,2011-04-11
IND,India,commercial,35,"The Digital Personal Data Protection Act, 2023 (Gazette text, MeitY)",https://www.meity.gov.in/static/uploads/2024/06/2bf1f0e9f04e6fb4f8fef35e82c42aa5.pdf,2023-08-11
IND,India,commercial,35,National Digital Health Mission: Health Data Management Policy (archived copy of abdm.gov.in PDF),https://web.archive.org/web/2025id_/https://abdm.gov.in/strapicms/uploads/health_management_policy_bac9429a79.pdf,undated
IND,India,commercial,35,"STAR Hospitals alleges patient data was leaked, FIR registered (The South First)",https://thesouthfirst.com/health/hyderabads-star-hospitals-alleges-confidential-patient-data-was-leaked-published-online-fir-registered/,2026-08-03
IND,India,clinical,35,Ayushman Bharat Digital Mission: India's Digital Health Backbone (PIB),https://static.pib.gov.in/WriteReadData/specificdocs/documents/2026/jul/doc202676912801.pdf,2026-07-06
IND,India,clinical,35,National Digital Health Mission: Health Data Management Policy (archived copy of abdm.gov.in PDF),https://web.archive.org/web/2025id_/https://abdm.gov.in/strapicms/uploads/health_management_policy_bac9429a79.pdf,undated
IND,India,clinical,35,Affordable and Accessible Healthcare for All (PIB fact sheet),https://www.pib.gov.in/FactsheetDetails.aspx?id=150834&ModuleId=16&reg=%203&lang=1,2026-08-12
IND,India,research,46,"The Digital Personal Data Protection Act, 2023 (Gazette text, MeitY)",https://www.meity.gov.in/static/uploads/2024/06/2bf1f0e9f04e6fb4f8fef35e82c42aa5.pdf,2023-08-11
IND,India,research,46,"ICMR National Ethical Guidelines for Biomedical and Health Research Involving Human Participants, 2017",https://ethics.ncdirindia.org/asset/pdf/ICMR_National_Ethical_Guidelines.pdf,2017
IND,India,research,46,"New Drugs and Clinical Trials Rules, 2019 (CDSCO)","https://cdsco.gov.in/opencms/resources/UploadCDSCOWeb/2022/new_DC_rules/NEW%20DRUGS%20ANDctrS%20RULE,%202019.pdf",2019-03-19
IND,India,research,46,Ayushman Bharat Digital Mission: India's Digital Health Backbone (PIB),https://static.pib.gov.in/WriteReadData/specificdocs/documents/2026/jul/doc202676912801.pdf,2026-07-06
IND,India,ai,55,"Guidance Document on Medical Device Software, CDSCO/MD/GD/MDSW/01/2026",https://cdsco.gov.in/opencms/export/sites/CDSCO_WEB/Pdf-documents/Guidance-document-on-Medical-Device-Software-under-MDR-2017.pdf,2026-07
IND,India,ai,55,CDSCO releases final guidance document on Medical Device Software (Pharmabiz),https://www.pharmabiz.com/NewsDetails.aspx?aid=187330&sid=1,2026-07-23
IND,India,ai,55,Ayushman Bharat Digital Mission: India's Digital Health Backbone (PIB),https://static.pib.gov.in/WriteReadData/specificdocs/documents/2026/jul/doc202676912801.pdf,2026-07-06
RUS,Russia,access,60,"Article 22. Information about state of health, Federal Law 323-FZ (ConsultantPlus)",https://www.consultant.ru/document/cons_doc_LAW_121895/d2872d82b3b26ca307971f590ce02dd37f71cafc/,undated
RUS,Russia,access,60,32 types of electronic medical documents now shown on Gosuslugi (Kholmsk Central District Hospital),https://kholmskcrb.gosuslugi.ru/novosti/vyvedeny-32-vida-elektronnyh-meditsinskih-dokumentov.html,2025-12-25
RUS,Russia,access,60,New procedure and deadlines for providing medical documents approved (ConsultantPlus),https://www.consultant.ru/law/hotdocs/64775.html,2020-09-25
RUS,Russia,access,60,Health Ministry prepares new procedure for keeping medical documentation (Medvestnik),https://medvestnik.ru/content/news/minzdrav-rf-podgotovil-proekt-novogo-poryadka-vedeniya-medicinskoi-dokumentacii.html,2026-02-19
RUS,Russia,control,30,"Article 13. Medical secrecy, Federal Law 323-FZ (SudAct)",https://sudact.ru/law/federalnyi-zakon-ot-21112011-n-323-fz-ob/glava-2/statia-13/,undated
RUS,Russia,control,30,Is it legal to take a patient's refusal to send data to EGISZ? Roszdravnadzor's answer (Medrate),https://medrate.ru/posts/zakonno-li-brat-s-pacienta-otkaz-ot-peredachi-dannyh-v-egisz-otvet-roszdravnadzora.html,2025-06-03
RUS,Russia,control,30,How to limit transfer of paid doctor visit data to EGISZ (Klerk),https://www.klerk.ru/buh/news/696717/,2026-06-23
RUS,Russia,privacy,34,"Article 10. Special categories of personal data, Federal Law 152-FZ (Klerk legal database)",https://www.klerk.ru/cdoc/view/3b8e926083fc0bd01959f782189eeea9/stata-10-specialnye-kategorii-personalnyh-dannyh/,undated
RUS,Russia,privacy,34,Personal data: new fines from 30 May 2025 (ConsultantPlus),https://www.consultant.ru/legalnews/28492/,2025-05-30
RUS,Russia,privacy,34,"Article 13. Medical secrecy, Federal Law 323-FZ (SudAct)",https://sudact.ru/law/federalnyi-zakon-ot-21112011-n-323-fz-ob/glava-2/statia-13/,undated
RUS,Russia,privacy,34,Fraudsters keep publishing leaked medical data (CNews),https://safe.cnews.ru/news/line/2026-07-03_perspektivnyj_monitoring,2026-07-03
RUS,Russia,journey,55,Government Decree No. 140 of 9 February 2022 on EGISZ (Rossiyskaya Gazeta),https://rg.ru/documents/2022/02/15/pravitelstvo-post140-site-dok.html,2022-02-15
RUS,Russia,journey,55,Health Ministry prepares new procedure for keeping medical documentation (Medvestnik),https://medvestnik.ru/content/news/minzdrav-rf-podgotovil-proekt-novogo-poryadka-vedeniya-medicinskoi-dokumentacii.html,2026-02-19
RUS,Russia,journey,55,Health Ministry proposes experiment on central accounting of e-prescriptions (Vademecum),https://www.vademec.ru/news/2026/07/27/minzdrav-predlozhil-eksperiment-po-tsentralizovannomu-uchetu-elektronnykh-retseptov/,2026-07-27
RUS,Russia,commercial,40,"Article 10. Special categories of personal data, Federal Law 152-FZ (Klerk legal database)",https://www.klerk.ru/cdoc/view/3b8e926083fc0bd01959f782189eeea9/stata-10-specialnye-kategorii-personalnyh-dannyh/,undated
RUS,Russia,commercial,40,Law 233-FZ and new de-identification rules from 1 September 2025 (Anti-Malware),https://www.anti-malware.ru/analytics/Technology_Analysis/Depersonalization-of-personal-data-in-Russia-2025,2025-06-02
RUS,Russia,commercial,40,Pharma business proposes using Russians' de-identified medical data for new drugs (GxP News),https://gxpnews.net/2026/09/farmbiznes-predlozhil-ispolzovat-obezlichennye-meddannye-rossiyan-radi-novyh-lekarstv/,2026-09-09
RUS,Russia,commercial,40,Fraudsters keep publishing leaked medical data (CNews),https://safe.cnews.ru/news/line/2026-07-03_perspektivnyj_monitoring,2026-07-03
RUS,Russia,clinical,45,"Article 13. Medical secrecy, Federal Law 323-FZ (SudAct)",https://sudact.ru/law/federalnyi-zakon-ot-21112011-n-323-fz-ob/glava-2/statia-13/,undated
RUS,Russia,clinical,45,Government Decree No. 140 of 9 February 2022 on EGISZ (Rossiyskaya Gazeta),https://rg.ru/documents/2022/02/15/pravitelstvo-post140-site-dok.html,2022-02-15
RUS,Russia,research,42,"Article 43. Rights of patients in clinical trials, Federal Law 61-FZ (ConsultantPlus)",https://www.consultant.ru/document/cons_doc_LAW_99350/9570de6d7195a78722b0b5efdcf4fa9a90c54557/,undated
RUS,Russia,research,42,Health Ministry opens AI developers' access to datasets from electronic medical records (Medvestnik),https://medvestnik.ru/content/news/Minzdrav-otkryl-razrabotchikam-iskusstvennogo-intellekta-dostup-k-datasetam-iz-elektronnyh-medkart.html,2022-11-25
RUS,Russia,ai,55,AI law 243-FZ signed (ConsultantPlus),https://www.consultant.ru/law/hotdocs/95007.html,2026-07-27
RUS,Russia,ai,55,Developer of AI medical devices asks not to class them automatically as risk class 3 (ComNews),https://www.comnews.ru/content/247569/2026-09-28/2026-w40/1007/razrabotchik-medizdeliy-iskusstvennym-intellektom-poprosil-ne-prichislyat-ikh-avtomaticheski-k-tretemu-klassu-riska,2026-09-28
RUS,Russia,ai,55,Procedure approved for automatic transfer of AI medical device data to Roszdravnadzor (Meditex),https://meditex.ru/news_all/UtverzhdenporyadokavtomaticheskoyperedachidannykhomedizdeliyakhsIIvinformatsionnuyusistemuRoszdravna/,2025-10-23
RUS,Russia,ai,55,Russia has registered 59 AI medical devices (Vedomosti),https://www.vedomosti.ru/technology/news/2026/08/18/1221917-rossii-zaregistrirovali,2026-08-18
RWA,Rwanda,access,50,"Law n° 026/2025 of 17/09/2025 regulating healthcare services (Official Gazette n° Special of 18/09/2025, Ministry of Justice)",https://www.minijust.gov.rw/index.php?eID=dumpFile&f=144155&t=f&token=75e63fc504481c93e1ed017130c13b4c35f3935e,2025-09-18
RWA,Rwanda,access,50,Law n° 058/2021 relating to the protection of personal data and privacy (RwandaLII),https://rwandalii.org/akn/rw/act/law/2021/58/eng@2021-10-15,2021-10-15
RWA,Rwanda,access,50,"Health Sector Strategic Plan V, July 2024 to June 2029 (Ministry of Health)",https://www.moh.gov.rw/index.php?eID=dumpFile&t=f&f=117507&token=f2a527e089201f73bec29f8ce6d6c4dc55ed241e,2024
RWA,Rwanda,access,50,"Five Years On, Rwanda Is Leading the Edge of Digital Health in Africa (KT Press)",https://www.ktpress.rw/2026/09/five-years-on-rwanda-is-leading-the-edge-of-digital-health-in-africa/,2026-09-30
RWA,Rwanda,control,30,Law n° 058/2021 relating to the protection of personal data and privacy (RwandaLII),https://rwandalii.org/akn/rw/act/law/2021/58/eng@2021-10-15,2021-10-15
RWA,Rwanda,control,30,"Law n° 026/2025 of 17/09/2025 regulating healthcare services (Official Gazette n° Special of 18/09/2025, Ministry of Justice)",https://www.minijust.gov.rw/index.php?eID=dumpFile&f=144155&t=f&token=75e63fc504481c93e1ed017130c13b4c35f3935e,2025-09-18
RWA,Rwanda,control,30,"Rwanda Health Information Exchange (RHIE): achievements over the last three years, full report (CIIC-HIN, implementing partner)",https://ciichin.org/wp-content/uploads/2025/01/Rwanda-Health-Information-System-Ecosystem-RHIE-Achievement-over-last-Three-years-Full-Report.pdf,2025-01
RWA,Rwanda,privacy,52,Law n° 058/2021 relating to the protection of personal data and privacy (RwandaLII),https://rwandalii.org/akn/rw/act/law/2021/58/eng@2021-10-15,2021-10-15
RWA,Rwanda,privacy,52,"Law n° 026/2025 of 17/09/2025 regulating healthcare services (Official Gazette n° Special of 18/09/2025, Ministry of Justice)",https://www.minijust.gov.rw/index.php?eID=dumpFile&f=144155&t=f&token=75e63fc504481c93e1ed017130c13b4c35f3935e,2025-09-18
RWA,Rwanda,privacy,52,What to do after you register with NCSA (Data Protection and Privacy Office),https://dpo.gov.rw/news-and-updates/news/article/what-to-do-after-you-register-with-ncsa,2026-01-26
RWA,Rwanda,privacy,52,Adequacy decisions (European Commission),https://commission.europa.eu/law/law-topic/data-protection/international-dimension-data-protection/adequacy-decisions_en,undated
RWA,Rwanda,journey,46,"Health Sector Strategic Plan V, July 2024 to June 2029 (Ministry of Health)",https://www.moh.gov.rw/index.php?eID=dumpFile&t=f&f=117507&token=f2a527e089201f73bec29f8ce6d6c4dc55ed241e,2024
RWA,Rwanda,journey,46,Ikoranabuhanga rya E-Ubuzima riratangira gukoreshwa hose bitarenze 2025 (Voice of Africa),https://voiceofafrica.rw/2025/05/08/ikoranabuhanga-rya-e-ubuzima-riratangira-gukoreshwa-hose-bitarenze-2025/,2025-05-08
RWA,Rwanda,journey,46,CBHI / Mutuelle de Santé scheme page (Rwanda Social Security Board),https://rssb.rw/schemes/cbhi-scheme,undated
RWA,Rwanda,journey,46,"New Health Intelligence Center to drive real-time, evidence-based decisions (Ministry of Health)",https://www.moh.gov.rw/news-detail/new-health-intelligence-center-to-drive-real-time-evidence-based-decisions,2025-04-03
RWA,Rwanda,commercial,50,Law n° 058/2021 relating to the protection of personal data and privacy (RwandaLII),https://rwandalii.org/akn/rw/act/law/2021/58/eng@2021-10-15,2021-10-15
RWA,Rwanda,commercial,50,"Law n° 026/2025 of 17/09/2025 regulating healthcare services (Official Gazette n° Special of 18/09/2025, Ministry of Justice)",https://www.minijust.gov.rw/index.php?eID=dumpFile&f=144155&t=f&token=75e63fc504481c93e1ed017130c13b4c35f3935e,2025-09-18
RWA,Rwanda,clinical,34,"Rwanda Health Information Exchange (RHIE): achievements over the last three years, full report (CIIC-HIN, implementing partner)",https://ciichin.org/wp-content/uploads/2025/01/Rwanda-Health-Information-System-Ecosystem-RHIE-Achievement-over-last-Three-years-Full-Report.pdf,2025-01
RWA,Rwanda,clinical,34,"Rwanda: Bill Gates in Rwanda to Explore Health, AI Progress (The New Times via allAfrica)",https://allafrica.com/stories/202607210078.html,2026-07-20
RWA,Rwanda,clinical,34,"Health Sector Strategic Plan V, July 2024 to June 2029 (Ministry of Health)",https://www.moh.gov.rw/index.php?eID=dumpFile&t=f&f=117507&token=f2a527e089201f73bec29f8ce6d6c4dc55ed241e,2024
RWA,Rwanda,research,50,Law n° 015/2022 relating to research on a human being (RwandaLII),https://rwandalii.org/akn/rw/act/law/2022/15/eng@2022-08-12,2022-08-12
RWA,Rwanda,research,50,"Law n° 026/2025 of 17/09/2025 regulating healthcare services (Official Gazette n° Special of 18/09/2025, Ministry of Justice)",https://www.minijust.gov.rw/index.php?eID=dumpFile&f=144155&t=f&token=75e63fc504481c93e1ed017130c13b4c35f3935e,2025-09-18
RWA,Rwanda,research,50,Law n° 058/2021 relating to the protection of personal data and privacy (RwandaLII),https://rwandalii.org/akn/rw/act/law/2021/58/eng@2021-10-15,2021-10-15
RWA,Rwanda,research,50,"New Health Intelligence Center to drive real-time, evidence-based decisions (Ministry of Health)",https://www.moh.gov.rw/news-detail/new-health-intelligence-center-to-drive-real-time-evidence-based-decisions,2025-04-03
RWA,Rwanda,ai,55,"Guidelines for Review and Approval of Software as Medical Devices (SaMD), Version 1 (Rwanda FDA; Internet Archive copy of 7 Jan 2026, live link returned 404 on 2 Oct 2026)",https://web.archive.org/web/20260107064605/https://rwandafda.gov.rw/monitoring-tool/documents-management/uploads/1/Guidelines/1767694227_Guidelines%20for%20Review%20and%20Approval%20of%20Software%20as%20Medical%20Devices%20(SaMD)_December%202025.pdf,2025-06-11
RWA,Rwanda,ai,55,"Stakeholders documents: Guidelines for review and approval of software as medical devices (SaMD), listed 17/12/2025 (Rwanda FDA)",https://monitoring.rwandafda.gov.rw/stakeholders/,2025-12-17
RWA,Rwanda,ai,55,The National AI Policy (Ministry of ICT and Innovation),https://www.minict.gov.rw/fileadmin/user_upload/minict_user_upload/Documents/Policies/Artificial_Intelligence_Policy.pdf,2022
RWA,Rwanda,ai,55,"Rwanda: Bill Gates in Rwanda to Explore Health, AI Progress (The New Times via allAfrica)",https://allafrica.com/stories/202607210078.html,2026-07-20
CHN,China,access,35,Civil Code of the People's Republic of China (Xinhua text on Ministry of National Defense site),http://www.mod.gov.cn/gfbw/qwfb/yw_214049/4866121.html,2020-06-02
CHN,China,access,35,"Medical Record Management Rules for Medical Institutions (2013), full text (Tongji University School of Medicine)",https://med.tongji.edu.cn/info/1607/11324.htm,undated
CHN,China,access,35,"Notice on 2026 basic public health services (NHC and three agencies, Shenzhen Health Commission copy)",https://wjw.sz.gov.cn/xxgk/zcfggfxwj/mybh_5/content/post_12991931.html,2026-07-28
CHN,China,access,35,Personal Information Protection Law of the People's Republic of China (Cyberspace Administration of China),https://www.cac.gov.cn/2021-08/20/c_1631050028355286.htm,2021-08-20
CHN,China,control,30,Personal Information Protection Law of the People's Republic of China (Cyberspace Administration of China),https://www.cac.gov.cn/2021-08/20/c_1631050028355286.htm,2021-08-20
CHN,China,control,30,Shenzhen Health Data Management Measures (Shenzhen Health Commission),https://wjw.sz.gov.cn/xxgk/zcfggfxwj/mybh_5/content/post_11009298.html,2023-11-16
CHN,China,control,30,"China's health services: digital intelligence (Health News, reposted by WFCMS)",https://www.wfcms.org/show/22/8567.html,2026-05-21
CHN,China,control,30,"Measures on Data Security and Personal Information Protection in Medical and Health Institutions (Trial), full text (Digital Elite reprint)",https://www.digitalelite.cn/h-nd-10024.html,2026-04-21
CHN,China,privacy,45,"Measures on Data Security and Personal Information Protection in Medical and Health Institutions (Trial), full text (Digital Elite reprint)",https://www.digitalelite.cn/h-nd-10024.html,2026-04-21
CHN,China,privacy,45,"CAC, MIIT and MPS announcement on the 2026 personal information protection campaigns",https://www.cac.gov.cn/2026-04/02/c_1776867645836849.htm,2026-04-02
CHN,China,privacy,45,Supreme People's Court typical cases on crimes infringing citizens' personal information (Xinhua),https://www.news.cn/legal/20260508/6d75070dddf44834adfbe5734b20af3e/c.html,2026-05-08
CHN,China,privacy,45,Medical data security enters a year of special governance (Yicai),https://www.yicai.com/news/103232118.html,2026-06-16
CHN,China,journey,60,Hubei Medical Insurance Bureau notice on regulating externally dispensed insurance prescriptions (Wuhan Medical Insurance Bureau copy),https://ybj.wuhan.gov.cn/zwgk_52/zcfgyjd/qtzdgkwj/202502/t20250225_2539139.shtml,2024-12-03
CHN,China,journey,60,"China's health services: digital intelligence (Health News, reposted by WFCMS)",https://www.wfcms.org/show/22/8567.html,2026-05-21
CHN,China,journey,60,"National unified medical insurance information platform fully built, covering 1.36 billion insured (Xinhua)",http://www.news.cn/2022-05/16/c_1128655718.htm,2022-05-16
CHN,China,journey,60,NHC director: 98% of prefecture cities recognise over 300 test results (Beijing News via Tencent),https://news.qq.com/rain/a/20260914A08U5D00,2026-09-14
CHN,China,commercial,38,Personal Information Protection Law of the People's Republic of China (Cyberspace Administration of China),https://www.cac.gov.cn/2021-08/20/c_1631050028355286.htm,2021-08-20
CHN,China,commercial,38,Shanghai opens hospital data for 'pre-existing condition' insurance products (Yicai via Tencent News),https://news.qq.com/rain/a/20260920A0C4MZ00,2026-09-20
CHN,China,commercial,38,Medical data security enters a year of special governance (Yicai),https://www.yicai.com/news/103232118.html,2026-06-16
CHN,China,commercial,38,"Implementation opinion on promoting and regulating AI plus healthcare, Guo Wei Ban Gui Hua Fa [2025] No. 30 (MOFCOM law database)",https://policy.mofcom.gov.cn/claw/clawContent.shtml?id=104035,2025-10-20
CHN,China,clinical,50,"Implementation opinion on promoting and regulating AI plus healthcare, Guo Wei Ban Gui Hua Fa [2025] No. 30 (MOFCOM law database)",https://policy.mofcom.gov.cn/claw/clawContent.shtml?id=104035,2025-10-20
CHN,China,clinical,50,Shenzhen Health Data Management Measures (Shenzhen Health Commission),https://wjw.sz.gov.cn/xxgk/zcfggfxwj/mybh_5/content/post_11009298.html,2023-11-16
CHN,China,clinical,50,"China's health services: digital intelligence (Health News, reposted by WFCMS)",https://www.wfcms.org/show/22/8567.html,2026-05-21
CHN,China,research,49,"Measures for Ethical Review of Life Science and Medical Research Involving Humans, Guo Wei Ke Jiao Fa [2023] No. 4 (Peking University Health Science Center copy)",https://research.bjmu.edu.cn/llwyh/llwyh_fgwj/98685712020c4ae1a670bfe0adbfa905.htm,2023-02-18
CHN,China,research,49,Shanghai opens hospital data for 'pre-existing condition' insurance products (Yicai via Tencent News),https://news.qq.com/rain/a/20260920A0C4MZ00,2026-09-20
CHN,China,research,49,Medical data security enters a year of special governance (Yicai),https://www.yicai.com/news/103232118.html,2026-06-16
CHN,China,research,49,Supreme People's Court typical cases on crimes infringing citizens' personal information (Xinhua),https://www.news.cn/legal/20260508/6d75070dddf44834adfbe5734b20af3e/c.html,2026-05-08
CHN,China,ai,62,Consultation on the AI Medical Device Registration Review Guideline (2026 revision draft) (CMDE Yangtze River Delta branch),https://www.ydcmdei.org.cn/article/975,2026-09-14
CHN,China,ai,62,"Internet diagnosis and treatment supervision rules issued (Health News, Ankang Health Commission)",https://wjw.ankang.gov.cn/Content-2416375.html,2022-06-17
CHN,China,ai,62,"Implementation opinion on promoting and regulating AI plus healthcare, Guo Wei Ban Gui Hua Fa [2025] No. 30 (MOFCOM law database)",https://policy.mofcom.gov.cn/claw/clawContent.shtml?id=104035,2025-10-20
CHN,China,ai,62,Sandbox regulation for autonomous surgical robots: China vs abroad (China Pharmaceutical News),https://bk.cnpharm.com/zgyyb/2026/04/30/app_324606.html,2026-04-30
COL,Colombia,access,45,"Ley Estatutaria 1751 de 2015, articulo 10 (Secretaria del Senado)",http://www.secretariasenado.gov.co/senado/basedoc/ley_1751_2015.html,2015
COL,Colombia,access,45,"Ley 2015 de 2020, historia clinica electronica interoperable (Funcion Publica)",https://www.funcionpublica.gov.co/eva/gestornormativo/norma.php?i=105472,2020-01-31
COL,Colombia,access,45,"Resolucion 1995 de 1999, manejo de la historia clinica (Minsalud)",https://www.minsalud.gov.co/Normatividad_Nuevo/RESOLUCI%C3%93N%201995%20DE%201999.pdf,1999
COL,Colombia,access,45,"Resumen Digitales de Atencion (RDA), micrositio IHCE (Minsalud)",https://www.minsalud.gov.co/ihce/Paginas/resumen-digitales-de-atencion.aspx,undated
COL,Colombia,control,27,"Ley 2015 de 2020, historia clinica electronica interoperable (Funcion Publica)",https://www.funcionpublica.gov.co/eva/gestornormativo/norma.php?i=105472,2020-01-31
COL,Colombia,control,27,"Resolucion 1888 de 2025, Resumen Digital de Atencion en Salud (Minsalud)",https://www.minsalud.gov.co/Normatividad_Nuevo/Resolucion%20No%201888%20de%202025.pdf,2025-09-15
COL,Colombia,control,27,Informe especial: implementacion de la interoperabilidad de la historia clinica electronica (Minsalud),https://www.minsalud.gov.co/sites/rid/Lists/BibliotecaDigital/RIDE/DE/OT/informe-especial-ihce.pdf,2026-08
COL,Colombia,privacy,50,"Ley 1581 de 2012, proteccion de datos personales (Secretaria del Senado)",http://www.secretariasenado.gov.co/senado/basedoc/ley_1581_2012.html,2012
COL,Colombia,privacy,50,Sanciones proteccion de datos personales 2025 (SIC),https://www.sic.gov.co/sanciones-proteccion-datos-personales-2025,undated
COL,Colombia,privacy,50,SIC sanciona a EPS SOS por divulgar historia clinica de paciente con VIH,https://consultorsalud.com/sic-sanciona-eps-sos-historia-clinica-vih/,2025-08-25
COL,Colombia,privacy,50,Supersalud confirma filtracion masiva de datos sensibles de su archivo documental,https://www.eltiempo.com/datos/supersalud-confirma-filtracion-masiva-de-datos-sensibles-de-su-archivo-documental-en-ciberataque-3544641,2026-04-01
COL,Colombia,journey,50,Informe especial: implementacion de la interoperabilidad de la historia clinica electronica (Minsalud),https://www.minsalud.gov.co/sites/rid/Lists/BibliotecaDigital/RIDE/DE/OT/informe-especial-ihce.pdf,2026-08
COL,Colombia,journey,50,"Resolucion 1888 de 2025, Resumen Digital de Atencion en Salud (Minsalud)",https://www.minsalud.gov.co/Normatividad_Nuevo/Resolucion%20No%201888%20de%202025.pdf,2025-09-15
COL,Colombia,journey,50,"Resolucion 1799 de 2026, RDA de dispensacion de medicamentos (Minsalud)",https://www.minsalud.gov.co/sites/rid/Lists/BibliotecaDigital/RIDE/DE/DIJ/resolucion-1799-de-2026.pdf,2026-08-05
COL,Colombia,journey,50,"Ley 2015 de 2020, historia clinica electronica interoperable (Funcion Publica)",https://www.funcionpublica.gov.co/eva/gestornormativo/norma.php?i=105472,2020-01-31
COL,Colombia,commercial,50,"Ley 1581 de 2012, proteccion de datos personales (Secretaria del Senado)",http://www.secretariasenado.gov.co/senado/basedoc/ley_1581_2012.html,2012
COL,Colombia,commercial,50,"Ley 2015 de 2020, historia clinica electronica interoperable (Funcion Publica)",https://www.funcionpublica.gov.co/eva/gestornormativo/norma.php?i=105472,2020-01-31
COL,Colombia,commercial,50,Sanciones proteccion de datos personales 2025 (SIC),https://www.sic.gov.co/sanciones-proteccion-datos-personales-2025,undated
COL,Colombia,clinical,50,"Resolucion 1888 de 2025, Resumen Digital de Atencion en Salud (Minsalud)",https://www.minsalud.gov.co/Normatividad_Nuevo/Resolucion%20No%201888%20de%202025.pdf,2025-09-15
COL,Colombia,clinical,50,Informe especial: implementacion de la interoperabilidad de la historia clinica electronica (Minsalud),https://www.minsalud.gov.co/sites/rid/Lists/BibliotecaDigital/RIDE/DE/OT/informe-especial-ihce.pdf,2026-08
COL,Colombia,research,45,"Resolucion 8430 de 1993, normas para la investigacion en salud (Minsalud)",https://www.minsalud.gov.co/sites/rid/Lists/BibliotecaDigital/RIDE/DE/DIJ/RESOLUCION-8430-DE-1993.PDF,1993
COL,Colombia,research,45,"Ley 1581 de 2012, proteccion de datos personales (Secretaria del Senado)",http://www.secretariasenado.gov.co/senado/basedoc/ley_1581_2012.html,2012
COL,Colombia,ai,35,"Decreto 4725 de 2005, dispositivos medicos (normograma INVIMA)",https://normograma.invima.gov.co/compilacion/docs/decreto_4725_2005.htm,2005
COL,Colombia,ai,35,CONPES 4144: hoja de ruta de Colombia en inteligencia artificial (DNP),https://www.dnp.gov.co/publicaciones/Planeacion/Paginas/conpes-4144-hoja-de-ruta-colombia-inteligencia-artificial-retos-actuales-transformacion-futura.aspx,2025-05-16
COL,Colombia,ai,35,Informe especial: implementacion de la interoperabilidad de la historia clinica electronica (Minsalud),https://www.minsalud.gov.co/sites/rid/Lists/BibliotecaDigital/RIDE/DE/OT/informe-especial-ihce.pdf,2026-08
COL,Colombia,ai,35,"Proyecto de Ley 025 de 2026 Camara, regula la inteligencia artificial",https://www.camara.gov.co/wp-content/uploads/2026/07/proyectos-ley/documentos/proyecto-36127/P.L.025-2026SC-INTELIGENCIA-ARTIFICIAL.pdf,2026-07-21
ZAF,South Africa,access,40,Protection of Personal Information Act 4 of 2013 (Government Gazette 37067),https://www.gov.za/sites/default/files/gcis_document/201409/3706726-11act4of2013protectionofpersonalinforcorrect.pdf,2013-11-26
ZAF,South Africa,access,40,Promotion of Access to Information Act 2 of 2000 (Department of Justice consolidated copy),https://www.justice.gov.za/legislation/acts/2000-002.pdf,undated
ZAF,South Africa,access,40,"HPCSA Guidelines on the Keeping of Patient Records, Booklet 9 (mirror copy)",https://www.hpcsa-blogs.co.za/wp-content/uploads/2022/08/Booklet-9-Guidelines-on-Patient-Records.pdf,2016-09
ZAF,South Africa,access,40,NHI Chief Directorate: Health Systems Digital Information (National Department of Health),https://www.health.gov.za/nhi-cd-hs/,undated
ZAF,South Africa,control,42,National Health Act 61 of 2003 (Government Gazette 26595),https://www.gov.za/sites/default/files/gcis_document/201409/a61-03.pdf,2004-07-23
ZAF,South Africa,control,42,Protection of Personal Information Act 4 of 2013 (Government Gazette 37067),https://www.gov.za/sites/default/files/gcis_document/201409/3706726-11act4of2013protectionofpersonalinforcorrect.pdf,2013-11-26
ZAF,South Africa,control,42,Discovery Health: Permission to make certain information available to a third party (HealthID consent form),https://discoveryhealthmedicalscheme.co.za/wcm/discoverycoza/assets/medical-aid/application-forms/2024/permission-to-make-certain-information-available-to-a-third-party.pdf,2024-10-01
ZAF,South Africa,privacy,60,Protection of Personal Information Act 4 of 2013 (Government Gazette 37067),https://www.gov.za/sites/default/files/gcis_document/201409/3706726-11act4of2013protectionofpersonalinforcorrect.pdf,2013-11-26
ZAF,South Africa,privacy,60,"Regulations relating to the Processing of Data Subjects' Health Information by Certain Responsible Parties, 2026 (Gazette 54268, Notice 7198)",https://www.gov.za/sites/default/files/gcis_document/202603/54268gon7198.pdf,2026-03-06
ZAF,South Africa,privacy,60,Information Regulator: Enforcement notice issued to Dis-Chem due to contravention of POPIA,https://inforegulator.org.za/wp-content/uploads/2020/07/FINAL-MEDIA-STATEMENT-ENFORCEMENT-NOTICE-ISSUED-TO-DISCHEM-PHARMACIES-LTD.pdf,2023-09-01
ZAF,South Africa,privacy,60,Information Regulator refers National Department of Health to the Enforcement Committee over COVID-19 data,https://inforegulator.org.za/wp-content/uploads/2020/07/Media-Statement_Information-Regulator-Refers-NDOH-to-the-Enforcement-Committee.pdf,2023-02-20
ZAF,South Africa,journey,33,National Department of Health Annual Report 2024/25,https://www.health.gov.za/wp-content/uploads/2025/11/NDoH-2024-25-Annual-Report-_-19-September-2025.pdf,2025-09-19
ZAF,South Africa,journey,33,Minister of Health reply to question NW2014 on hospital and PHC electronic records (PMG),https://pmg.org.za/committee-question/37900/,2026-05-28
ZAF,South Africa,journey,33,Minister of Health reply to question NW4495 on EHR use in public hospitals and clinics (PMG),https://pmg.org.za/committee-question/31734/,2025-08-01
ZAF,South Africa,journey,33,The 2024 CMS Industry Report is now available (Council for Medical Schemes),https://www.medicalschemes.co.za/the-2024-cms-industry-report-is-now-available/,2025-12-04
ZAF,South Africa,commercial,50,Protection of Personal Information Act 4 of 2013 (Government Gazette 37067),https://www.gov.za/sites/default/files/gcis_document/201409/3706726-11act4of2013protectionofpersonalinforcorrect.pdf,2013-11-26
ZAF,South Africa,commercial,50,National Health Act 61 of 2003 (Government Gazette 26595),https://www.gov.za/sites/default/files/gcis_document/201409/a61-03.pdf,2004-07-23
ZAF,South Africa,commercial,50,Regulatory challenges of digital health: mental health applications and personal data in South Africa (Frontiers in Pharmacology),https://www.frontiersin.org/journals/pharmacology/articles/10.3389/fphar.2025.1498600/full,2025-04-30
ZAF,South Africa,commercial,50,Adequacy decisions (European Commission),https://commission.europa.eu/law/law-topic/data-protection/international-dimension-data-protection/adequacy-decisions_en,undated
ZAF,South Africa,clinical,32,National Health Act 61 of 2003 (Government Gazette 26595),https://www.gov.za/sites/default/files/gcis_document/201409/a61-03.pdf,2004-07-23
ZAF,South Africa,clinical,32,About the National Health Laboratory Service,https://www.nhls.ac.za/about-us/,undated
ZAF,South Africa,clinical,32,NHLS TrakCare Lab WebView results viewer,https://trakcarelabwebview.nhls.ac.za/trakcarelab/RDdefault.htm,undated
ZAF,South Africa,clinical,32,Discovery Health: Permission to make certain information available to a third party (HealthID consent form),https://discoveryhealthmedicalscheme.co.za/wcm/discoverycoza/assets/medical-aid/application-forms/2024/permission-to-make-certain-information-available-to-a-third-party.pdf,2024-10-01
ZAF,South Africa,research,50,National Health Act 61 of 2003 (Government Gazette 26595),https://www.gov.za/sites/default/files/gcis_document/201409/a61-03.pdf,2004-07-23
ZAF,South Africa,research,50,Protection of Personal Information Act 4 of 2013 (Government Gazette 37067),https://www.gov.za/sites/default/files/gcis_document/201409/3706726-11act4of2013protectionofpersonalinforcorrect.pdf,2013-11-26
ZAF,South Africa,research,50,"South African Ethics in Health Research Guidelines, 3rd edition v3.2 (NHREC, National Department of Health)",https://knowledgehub.health.gov.za/system/files/elibdownloads/2026-08/NDoH-2024-v3.2-master-signed.pdf,2024
ZAF,South Africa,research,50,ASSAf POPIA Compliance Framework for Researchers and Research Institutions,https://www.univen.ac.za/wp-content/uploads/2026/09/2025_ASSAf_POPIACompliance-Framework.pdf,2025-05-01
ZAF,South Africa,ai,48,SAHPRA Communication to Stakeholders MD08-2025/2026: Regulatory requirements of AI/ML-enabled medical devices,https://www.sahpra.org.za/wp-content/uploads/2025/09/MD08-20252026_-SAHPRA-Communication-to-Industry-AI-Medical-devices_Acknowledgements.pdf,2025-09-26
ZAF,South Africa,ai,48,Cabinet approves withdrawal of AI policy (SAnews),https://www.sanews.gov.za/south-africa/cabinet-approves-withdrawal-ai-policy,2026-06-05
ZAF,South Africa,ai,48,Minister of Health reply to question NW3043 on AI and digital health (PMG),https://pmg.org.za/committee-question/39322/,2026-07-09
MEX,Mexico,access,55,"Ley General de Proteccion de Datos Personales en Posesion de Sujetos Obligados (Camara de Diputados, texto vigente)",https://www.diputados.gob.mx/LeyesBiblio/pdf/LGPDPPSO.pdf,2025-03-20
MEX,Mexico,access,55,"Ley Federal de Proteccion de Datos Personales en Posesion de los Particulares (Camara de Diputados, texto vigente)",https://www.diputados.gob.mx/LeyesBiblio/pdf/LFPDPPP.pdf,2025-03-20
MEX,Mexico,access,55,"NOM-004-SSA3-2012, Del expediente clinico (DOF)",https://dof.gob.mx/nota_detalle.php?codigo=5272787&fecha=15/10/2012,2012-10-15
MEX,Mexico,access,55,IMSS Boletin 542/2025: Cedula Digital de Salud,https://www.imss.gob.mx/sites/all/statics/i2f_news/IMSS.%20Boletin.%20542.pdf,2025-10-24
MEX,Mexico,control,35,"Decreto por el que se crea el Servicio Universal de Salud (DOF, 17 abril 2026)",https://sidof.segob.gob.mx/notas/5785257,2026-04-17
MEX,Mexico,control,35,"Ley General de Proteccion de Datos Personales en Posesion de Sujetos Obligados (Camara de Diputados, texto vigente)",https://www.diputados.gob.mx/LeyesBiblio/pdf/LGPDPPSO.pdf,2025-03-20
MEX,Mexico,control,35,"Ley Federal de Proteccion de Datos Personales en Posesion de los Particulares (Camara de Diputados, texto vigente)",https://www.diputados.gob.mx/LeyesBiblio/pdf/LFPDPPP.pdf,2025-03-20
MEX,Mexico,control,35,"NOM-024-SSA3-2012, Sistemas de informacion de registro electronico para la salud (DOF)",https://dof.gob.mx/nota_detalle.php?codigo=5280847&fecha=30/11/2012,2012-11-30
MEX,Mexico,privacy,40,"Ley General de Proteccion de Datos Personales en Posesion de Sujetos Obligados (Camara de Diputados, texto vigente)",https://www.diputados.gob.mx/LeyesBiblio/pdf/LGPDPPSO.pdf,2025-03-20
MEX,Mexico,privacy,40,"Ley Federal de Proteccion de Datos Personales en Posesion de los Particulares (Camara de Diputados, texto vigente)",https://www.diputados.gob.mx/LeyesBiblio/pdf/LFPDPPP.pdf,2025-03-20
MEX,Mexico,privacy,40,Filtracion de 20 millones de datos de pensionados del IMSS (Infobae),https://www.infobae.com/mexico/2025/10/08/filtracion-de-20-millones-de-datos-de-pensionados-del-imss-primer-gran-reto-de-la-nueva-unidad-de-proteccion-de-datos/,2025-10-08
MEX,Mexico,privacy,40,"Ciberataque a SAT, IMSS y Morena expone datos de 36 millones (El Universal via Yahoo)",https://es-us.finanzas.yahoo.com/noticias/ciberataque-sat-imss-morena-expone-201520425.html,2026-02-10
MEX,Mexico,journey,38,"Decreto por el que se crea el Servicio Universal de Salud (DOF, 17 abril 2026)",https://sidof.segob.gob.mx/notas/5785257,2026-04-17
MEX,Mexico,journey,38,"Ley General de Salud, texto vigente con reforma de salud digital del 15 enero 2026 (Camara de Diputados)",https://www.diputados.gob.mx/LeyesBiblio/pdf/LGS.pdf,2026-01-15
MEX,Mexico,journey,38,"NOM-024-SSA3-2012, Sistemas de informacion de registro electronico para la salud (DOF)",https://dof.gob.mx/nota_detalle.php?codigo=5280847&fecha=30/11/2012,2012-11-30
MEX,Mexico,journey,38,Salud e IMSS firman convenio para la interoperabilidad del expediente clinico electronico (ConsultorSalud),https://consultorsalud.com.mx/expediente-clinico-electronico-salud-imss/,2026-08-10
MEX,Mexico,commercial,45,"Ley Federal de Proteccion de Datos Personales en Posesion de los Particulares (Camara de Diputados, texto vigente)",https://www.diputados.gob.mx/LeyesBiblio/pdf/LFPDPPP.pdf,2025-03-20
MEX,Mexico,commercial,45,Primeros criterios publicos de la SABG tras el caso FAN ID (Ritch Mueller),https://www.ritch.com.mx/prensa/alerta-para-clientes-primeros-criterios-publicos-de-la-sabg-en-materia-de-proteccion-de-datos-personales-tras-la-resolucion-del-caso-fan-id,2026-07-29
MEX,Mexico,clinical,35,"Decreto por el que se crea el Servicio Universal de Salud (DOF, 17 abril 2026)",https://sidof.segob.gob.mx/notas/5785257,2026-04-17
MEX,Mexico,clinical,35,Salud e IMSS firman convenio para la interoperabilidad del expediente clinico electronico (ConsultorSalud),https://consultorsalud.com.mx/expediente-clinico-electronico-salud-imss/,2026-08-10
MEX,Mexico,clinical,35,El IMSS planea IA en su expediente clinico e interoperabilidad con ISSSTE e IMSS-Bienestar para 2027 (El Imparcial),https://www.elimparcial.com/mexico/2026/06/04/el-imss-planea-aplicar-inteligencia-artificial-en-su-expediente-clinico-electronico-mientras-desarrolla-la-interoperabilidad-total-de-datos-de-salud-con-el-issste-e-imss-bienestar-para-inicios-de-2027/,2026-06-04
MEX,Mexico,clinical,35,"Ley General de Proteccion de Datos Personales en Posesion de Sujetos Obligados (Camara de Diputados, texto vigente)",https://www.diputados.gob.mx/LeyesBiblio/pdf/LGPDPPSO.pdf,2025-03-20
MEX,Mexico,research,50,"Ley General de Salud, texto vigente con reforma de salud digital del 15 enero 2026 (Camara de Diputados)",https://www.diputados.gob.mx/LeyesBiblio/pdf/LGS.pdf,2026-01-15
MEX,Mexico,research,50,Reglamento de la Ley General de Salud en Materia de Investigacion para la Salud (Camara de Diputados),https://www.diputados.gob.mx/LeyesBiblio/regley/Reg_LGS_MIS.pdf,2014-04-02
MEX,Mexico,research,50,"Ley General de Proteccion de Datos Personales en Posesion de Sujetos Obligados (Camara de Diputados, texto vigente)",https://www.diputados.gob.mx/LeyesBiblio/pdf/LGPDPPSO.pdf,2025-03-20
MEX,Mexico,research,50,"NOM-004-SSA3-2012, Del expediente clinico (DOF)",https://dof.gob.mx/nota_detalle.php?codigo=5272787&fecha=15/10/2012,2012-10-15
MEX,Mexico,ai,38,COFEPRIS: Guia para la obtencion del Registro Sanitario de Dispositivos Medicos,https://www.gob.mx/cofepris/documentos/guia-para-la-obtencion-del-registro-sanitario-de-dispositivos-medicos,2023-12-12
MEX,Mexico,ai,38,Mexico regula la inteligencia artificial por sectores mientras aplaza la ley general (El Economista),https://www.eleconomista.com.mx/tecnologia/mexico-regula-inteligencia-artificial-sectores-aplaza-ley-general-20260723-824716.html,2026-07-23
MEX,Mexico,ai,38,El IMSS planea IA en su expediente clinico e interoperabilidad con ISSSTE e IMSS-Bienestar para 2027 (El Imparcial),https://www.elimparcial.com/mexico/2026/06/04/el-imss-planea-aplicar-inteligencia-artificial-en-su-expediente-clinico-electronico-mientras-desarrolla-la-interoperabilidad-total-de-datos-de-salud-con-el-issste-e-imss-bienestar-para-inicios-de-2027/,2026-06-04
ALB,Albania,access,50,Ligji nr. 124/2024 Për mbrojtjen e të dhënave personale (IDP copy),https://idp.al/wp-content/uploads/2025/07/ligj-2024-12-19-124.pdf,2024-12-19
ALB,Albania,access,50,"Ligji nr. 10 107, datë 30.3.2009 Për kujdesin shëndetësor në Republikën e Shqipërisë (ISHP copy)",https://www.ishp.gov.al/wp-content/uploads/2015/ligjet/Per-kujdesin-shendetesor-ne-Republiken-e-Shqiperise.pdf,2009-03-30
ALB,Albania,access,50,"Kartela dhe rezervimi për bërjen e vaksinave për fëmijët 0-7 vjeç, online tek e-Albania (RTSH)",https://rtsh.al/kartela-dhe-rezervimi-per-berjen-e-vaksinave-per-femijet-0-7-vjec-online-tek-e-albania/,2024-06-11
ALB,Albania,access,50,"Gjendja e sistemit spitalor, PD kërkon interpelancë urgjente me Ministren Sala (RTSH)",https://rtsh.al/gjendja-e-sistemit-spitalor-pd-kerkon-interpelance-urgjente-me-ministren-sala/,2026-06-15
ALB,Albania,control,30,Ligji nr. 124/2024 Për mbrojtjen e të dhënave personale (IDP copy),https://idp.al/wp-content/uploads/2025/07/ligj-2024-12-19-124.pdf,2024-12-19
ALB,Albania,control,30,"Ligji nr. 10 107, datë 30.3.2009 Për kujdesin shëndetësor në Republikën e Shqipërisë (ISHP copy)",https://www.ishp.gov.al/wp-content/uploads/2015/ligjet/Per-kujdesin-shendetesor-ne-Republiken-e-Shqiperise.pdf,2009-03-30
ALB,Albania,privacy,55,Ligji nr. 124/2024 Për mbrojtjen e të dhënave personale (IDP copy),https://idp.al/wp-content/uploads/2025/07/ligj-2024-12-19-124.pdf,2024-12-19
ALB,Albania,privacy,55,"Albania 2025 Report, SWD(2025) (European Commission)",https://enlargement.ec.europa.eu/document/download/fe9138b7-90fe-4277-a12c-3a03f6d1957f_en?filename=albania-report-2025.pdf,2025-11-04
ALB,Albania,privacy,55,"900 ankesa për cenim të të dhënave personale, ligji i ri ka shtrënguar masat (RTSH)",https://rtsh.al/900-ankesa-per-cenim-te-te-dhenave-personale-ligji-i-ri-ka-shtrenguar-masat/,2026-06-28
ALB,Albania,journey,34,"Albania 2025 Report, SWD(2025) (European Commission)",https://enlargement.ec.europa.eu/document/download/fe9138b7-90fe-4277-a12c-3a03f6d1957f_en?filename=albania-report-2025.pdf,2025-11-04
ALB,Albania,journey,34,"Nënshkrimi elektronik, një tjetër element dhe standard i rëndësishëm i Shëndetësisë Elektronike (FSDKSH)",https://fsdksh.gov.al/nenshkrimi-elektronik-nje-tjeter-element-dhe-standard-i-rendesishem-i-shendetesise-elektronike/,2019-01-08
ALB,Albania,journey,34,"Sala: Nis konsultimi publik për krijimin e Institutit Onkologjik Kombëtar. Nga 1 gushti, spitalet publike funksionojnë elektronikisht (RTSH)",https://rtsh.al/sala-nis-konsultimi-publik-per-krijimin-e-institutit-onkologjik-kombetar-nga-1-gushti-spitalet-publike-funksionojne-elektronikisht/,2026-06-15
ALB,Albania,journey,34,"Gjendja e sistemit spitalor, PD kërkon interpelancë urgjente me Ministren Sala (RTSH)",https://rtsh.al/gjendja-e-sistemit-spitalor-pd-kerkon-interpelance-urgjente-me-ministren-sala/,2026-06-15
ALB,Albania,commercial,50,Ligji nr. 124/2024 Për mbrojtjen e të dhënave personale (IDP copy),https://idp.al/wp-content/uploads/2025/07/ligj-2024-12-19-124.pdf,2024-12-19
ALB,Albania,clinical,30,"Ligji nr. 10 107, datë 30.3.2009 Për kujdesin shëndetësor në Republikën e Shqipërisë (ISHP copy)",https://www.ishp.gov.al/wp-content/uploads/2015/ligjet/Per-kujdesin-shendetesor-ne-Republiken-e-Shqiperise.pdf,2009-03-30
ALB,Albania,clinical,30,"Gjendja e sistemit spitalor, PD kërkon interpelancë urgjente me Ministren Sala (RTSH)",https://rtsh.al/gjendja-e-sistemit-spitalor-pd-kerkon-interpelance-urgjente-me-ministren-sala/,2026-06-15
ALB,Albania,clinical,30,"Sala: Nis konsultimi publik për krijimin e Institutit Onkologjik Kombëtar. Nga 1 gushti, spitalet publike funksionojnë elektronikisht (RTSH)",https://rtsh.al/sala-nis-konsultimi-publik-per-krijimin-e-institutit-onkologjik-kombetar-nga-1-gushti-spitalet-publike-funksionojne-elektronikisht/,2026-06-15
ALB,Albania,research,43,Ligji nr. 124/2024 Për mbrojtjen e të dhënave personale (IDP copy),https://idp.al/wp-content/uploads/2025/07/ligj-2024-12-19-124.pdf,2024-12-19
ALB,Albania,ai,30,"Albania 2025 Report, SWD(2025) (European Commission)",https://enlargement.ec.europa.eu/document/download/fe9138b7-90fe-4277-a12c-3a03f6d1957f_en?filename=albania-report-2025.pdf,2025-11-04
ALB,Albania,ai,30,Projektligji i ri përcakton rregulla të rrepta për pajisjet mjekësore diagnostikuese in vitro (RTSH),https://rtsh.al/projektligji-i-ri-percakton-rregulla-te-rrepta-per-pajisjet-mjekesore-diagnostikuese-in-vitro/,2026-07-20
ALB,Albania,ai,30,"Rama: 1 mld euro për Shëndetësinë... 2026, viti i AI në mjekësi (RTSH)",https://rtsh.al/rama-1-mld-euro-per-shendetesine-15-mln-euro-ekstra-per-pacientet-e-onkologjikut-2026-viti-i-ai-ne-mjekesi/,2025-11-08
CHL,Chile,access,45,"Ley 20.584, derechos y deberes de los pacientes, texto vigente (BCN Ley Chile)",https://www.bcn.cl/leychile/navegar?idNorma=1039348,2012-04-24
CHL,Chile,access,45,"Decreto 41 de 2012, reglamento sobre fichas clinicas (BCN Ley Chile)",https://www.bcn.cl/leychile/navegar?idNorma=1046753,2012-12-15
CHL,Chile,access,45,"Portal Paciente, Ministerio de Salud",https://portalpaciente.minsal.cl/,undated
CHL,Chile,access,45,Avances y desafios de la Receta Electronica del Minsal (Ehealth Reporter),https://ehealthreporter.com/avances-y-desafios-de-la-receta-electronica-del-minsal/,2025-12-10
CHL,Chile,control,35,"Ley 20.584, derechos y deberes de los pacientes, texto vigente (BCN Ley Chile)",https://www.bcn.cl/leychile/navegar?idNorma=1039348,2012-04-24
CHL,Chile,control,35,"Ley 21.668, interoperabilidad de las fichas clinicas (BCN Ley Chile)",https://www.bcn.cl/leychile/navegar?idNorma=1203827,2024-05-28
CHL,Chile,control,35,"Decreto 41 de 2012, reglamento sobre fichas clinicas (BCN Ley Chile)",https://www.bcn.cl/leychile/navegar?idNorma=1046753,2012-12-15
CHL,Chile,control,35,"Ley 19.628, proteccion de la vida privada, texto vigente (BCN Ley Chile)",https://www.bcn.cl/leychile/navegar?idNorma=141599,1999-08-28
CHL,Chile,privacy,40,"Ley 19.628, proteccion de la vida privada, texto vigente (BCN Ley Chile)",https://www.bcn.cl/leychile/navegar?idNorma=141599,1999-08-28
CHL,Chile,privacy,40,"Ley 19.628, version que rige desde el 1 de diciembre de 2026 (BCN Ley Chile)",https://www.bcn.cl/leychile/navegar?idNorma=141599&idVersion=2026-12-01,2024-12-13
CHL,Chile,privacy,40,Prorroga de la Ley de Datos abre un ano clave para que empresas preparen su cumplimiento (Publimetro),https://www.publimetro.cl/tecnologia/2026/09/15/prorroga-de-la-ley-de-datos-abre-un-ano-clave-para-que-empresas-preparen-su-cumplimiento/,2026-09-15
CHL,Chile,privacy,40,SERNAC oficia a Clinica Davila tras incidente de ciberseguridad,https://www.sernac.cl/portal/604/w3-article-87923.html,2025-12-24
CHL,Chile,journey,38,"Ley 21.668, interoperabilidad de las fichas clinicas (BCN Ley Chile)",https://www.bcn.cl/leychile/navegar?idNorma=1203827,2024-05-28
CHL,Chile,journey,38,Un portal ciudadano e historia clinica compartida: los siete proyectos de la ministra Chomali (The Clinic),https://www.theclinic.cl/2026/09/02/un-portal-ciudadano-e-historia-clinica-compartida-los-siete-proyectos-con-los-que-la-ministra-chomali-busca-modernizar-el-sistema-de-salud-publico/,2026-09-02
CHL,Chile,journey,38,Avances y desafios de la Receta Electronica del Minsal (Ehealth Reporter),https://ehealthreporter.com/avances-y-desafios-de-la-receta-electronica-del-minsal/,2025-12-10
CHL,Chile,journey,38,Los cambios digitales que prepara el Minsal para la atencion primaria (Meganoticias),https://www.meganoticias.cl/nacional/532436-filas-consultorio-5-de-la-manana-cambios-digitales-minsal-atencion-primaria.html,2026-09-24
CHL,Chile,commercial,42,"Ley 19.628, proteccion de la vida privada, texto vigente (BCN Ley Chile)",https://www.bcn.cl/leychile/navegar?idNorma=141599,1999-08-28
CHL,Chile,commercial,42,"Ley 20.584, derechos y deberes de los pacientes, texto vigente (BCN Ley Chile)",https://www.bcn.cl/leychile/navegar?idNorma=1039348,2012-04-24
CHL,Chile,commercial,42,"Ley 21.719, proteccion y tratamiento de datos personales (BCN Ley Chile)",https://www.bcn.cl/leychile/navegar?idNorma=1209272,2024-12-13
CHL,Chile,commercial,42,SERNAC oficia a Clinica Davila tras incidente de ciberseguridad,https://www.sernac.cl/portal/604/w3-article-87923.html,2025-12-24
CHL,Chile,clinical,35,"Ley 20.584, derechos y deberes de los pacientes, texto vigente (BCN Ley Chile)",https://www.bcn.cl/leychile/navegar?idNorma=1039348,2012-04-24
CHL,Chile,clinical,35,"Ley 21.668, interoperabilidad de las fichas clinicas (BCN Ley Chile)",https://www.bcn.cl/leychile/navegar?idNorma=1203827,2024-05-28
CHL,Chile,clinical,35,Minsal fija hoja de ruta 2026-2030 con foco en acceso y digitalizacion (El Periodista),https://www.elperiodista.cl/2026/07/minsal-fija-hoja-de-ruta-2026-2030-con-foco-en-acceso-digitalizacion-y-fortalecimiento-de-red-publica/,2026-07-29
CHL,Chile,clinical,35,Los cambios digitales que prepara el Minsal para la atencion primaria (Meganoticias),https://www.meganoticias.cl/nacional/532436-filas-consultorio-5-de-la-manana-cambios-digitales-minsal-atencion-primaria.html,2026-09-24
CHL,Chile,research,50,"Ley 20.120, investigacion cientifica en el ser humano (BCN Ley Chile)",https://www.bcn.cl/leychile/navegar?idNorma=253478,2006-09-22
CHL,Chile,research,50,"Decreto 114 de 2011, reglamento de la Ley 20.120 (BCN Ley Chile)",https://www.bcn.cl/leychile/navegar?idNorma=1032919,2011-11-19
CHL,Chile,research,50,"Ley 20.584, derechos y deberes de los pacientes, texto vigente (BCN Ley Chile)",https://www.bcn.cl/leychile/navegar?idNorma=1039348,2012-04-24
CHL,Chile,research,50,"Ley 21.719, proteccion y tratamiento de datos personales (BCN Ley Chile)",https://www.bcn.cl/leychile/navegar?idNorma=1209272,2024-12-13
CHL,Chile,ai,30,ISP informa sobre nueva normativa que regula 39 dispositivos medicos (Instituto de Salud Publica),https://www.ispch.gob.cl/noticia/isp-informa-sobre-nueva-normativa-que-regula-39-dispositivos-medicos-incluidos-dispositivos-medicos-de-diagnostico-in-vitro/,2026-03-20
CHL,Chile,ai,30,MINSAL incorpora nuevos dispositivos medicos al regimen de control sanitario (Carey),https://www.carey.cl/minsal-incorpora-nuevos-dispositivos-medicos-al-regimen-de-control-sanitario,2026-03-20
CHL,Chile,ai,30,Inteligencia Artificial: especialistas debaten sobre nueva legislacion (Senado de Chile),https://www.senado.cl/comunicaciones/noticias/inteligencia-artificial-especialistas-de-la-industria-la-academia-y-sector,2026-04-24
CHL,Chile,ai,30,"Ley 21.719, proteccion y tratamiento de datos personales (BCN Ley Chile)",https://www.bcn.cl/leychile/navegar?idNorma=1209272,2024-12-13
PHL,Philippines,access,40,"Republic Act No. 10173, Data Privacy Act of 2012 (Lawphil)",https://lawphil.net/statutes/repacts/ra2012/ra_10173_2012.html,2012
PHL,Philippines,access,40,NPC Draft Circular on Data Subject Rights (for public consultation),https://privacy.gov.ph/wp-content/uploads/2026/09/For-Publication-DPCJ-18Sep2026-Draft-Circular-Data-Subjects-Rights.pdf,2026-09-18
PHL,Philippines,access,40,"Patients Rights and Safety: The right to the medical record (J.R. Borja General Hospital, Cagayan de Oro)",https://jrbgh.cagayandeoro.gov.ph/index.php/patients-visitors/patients-safety,undated
PHL,Philippines,access,40,"Patient's Rights (Adela Serra Ty Memorial Medical Center, DOH)",https://astmmc.doh.gov.ph/patients-rights/,undated
PHL,Philippines,control,40,"Republic Act No. 10173, Data Privacy Act of 2012 (Lawphil)",https://lawphil.net/statutes/repacts/ra2012/ra_10173_2012.html,2012
PHL,Philippines,control,40,DOH Administrative Order No. 2020-0030: Data Privacy Guidelines on the Processing of Health Information (UP Law copy),https://law.upd.edu.ph/wp-content/uploads/2020/07/DOH-AO-No-2020-0030.pdf,2020-07-09
PHL,Philippines,control,40,"Republic Act No. 11223, Universal Health Care Act (Lawphil)",https://lawphil.net/statutes/repacts/ra2019/ra_11223_2019.html,2019
PHL,Philippines,privacy,45,"Republic Act No. 10173, Data Privacy Act of 2012 (Lawphil)",https://lawphil.net/statutes/repacts/ra2012/ra_10173_2012.html,2012
PHL,Philippines,privacy,45,Breach Reporting (National Privacy Commission),https://privacy.gov.ph/pips-and-pics/breach-reporting/,undated
PHL,Philippines,privacy,45,"2023 PhilHealth data breach affected 42M individuals, NPC (GMA News)",https://www.gmanetwork.com/news/topstories/nation/912661/2023-philhealth-data-breach-affected-42m-individuals-official/story/,2024-07-08
PHL,Philippines,privacy,45,GenSan hospital admits 'data breach' after ransomware group's claims (MindaNews),https://mindanews.com/top-stories/2026/09/gensan-hospital-admits-data-breach-after-ransomware-groups-claims/,2026-09-25
PHL,Philippines,journey,32,"Republic Act No. 11223, Universal Health Care Act (Lawphil)",https://lawphil.net/statutes/repacts/ra2019/ra_11223_2019.html,2019
PHL,Philippines,journey,32,PhilHealth Advisory No. 2026-0040: Final deadline to migrate to eClaims 3.0,https://www.philhealth.gov.ph/advisories/2026/PA2026-0040.pdf,2026-07-01
PHL,Philippines,journey,32,PhilHealth Advisory No. 2026-0038: YAKAP digitalization requirements,https://www.philhealth.gov.ph/advisories/2026/PA2026-0038.pdf,2026-06-30
PHL,Philippines,journey,32,Philippine EMR systems achieve live health data exchange at June 2026 FHIR Connectathon in Aklan (UP Manila),https://www.upm.edu.ph/cpt_news/philippine-emr-systems-achieve-live-health-data-exchange-at-june-2026-fhir-connectathon-in-aklan/,2026-07-03
PHL,Philippines,commercial,45,"Republic Act No. 10173, Data Privacy Act of 2012 (Lawphil)",https://lawphil.net/statutes/repacts/ra2012/ra_10173_2012.html,2012
PHL,Philippines,commercial,45,NPC Circular No. 2023-04: Guidelines on Consent,https://privacy.gov.ph/wp-content/uploads/2023/11/NPC-Circular-No.-2023-04_Guidelines-on-Consent_07Nov2023.pdf,2023-11-07
PHL,Philippines,clinical,27,"Republic Act No. 10173, Data Privacy Act of 2012 (Lawphil)",https://lawphil.net/statutes/repacts/ra2012/ra_10173_2012.html,2012
PHL,Philippines,clinical,27,DOH Administrative Order No. 2020-0030: Data Privacy Guidelines on the Processing of Health Information (UP Law copy),https://law.upd.edu.ph/wp-content/uploads/2020/07/DOH-AO-No-2020-0030.pdf,2020-07-09
PHL,Philippines,clinical,27,Philippine EMR systems achieve live health data exchange at June 2026 FHIR Connectathon in Aklan (UP Manila),https://www.upm.edu.ph/cpt_news/philippine-emr-systems-achieve-live-health-data-exchange-at-june-2026-fhir-connectathon-in-aklan/,2026-07-03
PHL,Philippines,research,46,"Republic Act No. 10173, Data Privacy Act of 2012 (Lawphil)",https://lawphil.net/statutes/repacts/ra2012/ra_10173_2012.html,2012
PHL,Philippines,research,46,"Republic Act No. 10532, Philippine National Health Research System Act of 2013 (Supreme Court E-Library)",https://elibrary.judiciary.gov.ph/thebookshelf/showdocs/2/55630,2013-05-07
PHL,Philippines,research,46,PHREB Accredited RECs (Philippine Health Research Ethics Board),https://ethics-accreditation.healthresearch.ph/accredited-rec/0/0,undated
PHL,Philippines,research,46,"Republic Act No. 11223, Universal Health Care Act (Lawphil)",https://lawphil.net/statutes/repacts/ra2019/ra_11223_2019.html,2019
PHL,Philippines,ai,42,Draft for Comments: Guidelines on the Regulation of Medical Device Software (FDA Philippines),https://www.fda.gov.ph/draft-for-comments-guidelines-on-the-regulation-of-medical-device-software-mdsw-by-the-food-and-drug-administration-fda/,2025-05-21
PHL,Philippines,ai,42,"Philippines new medical device software regulation draft (Asia Actual, updated after the August 2026 consultation)",https://asiaactual.com/blog/philippines-medical-device-software-regulation/,2025-05-23
PHL,Philippines,ai,42,NPC Advisory No. 2024-04: Guidelines on the application of the DPA to artificial intelligence systems processing personal data,https://privacy.gov.ph/wp-content/uploads/2025/02/Advisory-2024.12.19-Guidelines-on-Artificial-Intelligence-w-SGD.pdf,2024-12-19
GHA,Ghana,access,40,"Data Protection Act, 2012 (Act 843), full text (WHO Compendium of Public Health Legislation copy)",https://extranet.who.int/cpcd/sites/default/files/public_file_repository/GHA_Ghana_Data-Protection-Act_2012.pdf,2012
GHA,Ghana,access,40,"MyNHIS app listing, National Health Insurance Authority (Google Play)",https://play.google.com/store/apps/details?id=gh.gov.nhis.android.nma&hl=en,undated
GHA,Ghana,access,40,Patients' access to medical records: is it a privilege or a right? (Advances in Applied Sociology),https://file.scirp.org/Html/1-2290290_61714.htm,2015-12
GHA,Ghana,control,30,"Data Protection Act, 2012 (Act 843), full text (WHO Compendium of Public Health Legislation copy)",https://extranet.who.int/cpcd/sites/default/files/public_file_repository/GHA_Ghana_Data-Protection-Act_2012.pdf,2012
GHA,Ghana,control,30,"The GHS Patients Charter (Ghana Health Service, posted by Nandom Municipal Health Directorate)",https://www.nandomdistrict.gov.gh/wp-content/uploads/2026/07/Ghana-Health-Service-Patients-Charter_Nandom-MHD.pdf,undated
GHA,Ghana,control,30,"GHIMS gives state ownership of Ghanaian medical records, Health Minister (Information Services Department)",https://www.isd.gov.gh/ghims-gives-state-ownership-of-ghanaian-medical-records-health-minister/,2025-10-29
GHA,Ghana,privacy,45,"Data Protection Act, 2012 (Act 843), full text (WHO Compendium of Public Health Legislation copy)",https://extranet.who.int/cpcd/sites/default/files/public_file_repository/GHA_Ghana_Data-Protection-Act_2012.pdf,2012
GHA,Ghana,privacy,45,"2026 will be a year of enforcement, Data Protection Commission warns (Ghana News Agency)",https://gna.org.gh/2026/01/2026-will-be-a-year-of-enforcement-data-protection-commission-warns/,2026-01-31
GHA,Ghana,privacy,45,Data Protection Commission steps up enforcement with new vehicles (Graphic Online),https://www.graphic.com.gh/news/general-news/data-protection-commission-steps-up-enforcement-with-new-vehicles.html,2026-08-22
GHA,Ghana,privacy,45,Adequacy decisions (European Commission),https://commission.europa.eu/law/law-topic/data-protection/international-dimension-data-protection/adequacy-decisions_en,undated
GHA,Ghana,journey,35,"GHIMS gives state ownership of Ghanaian medical records, Health Minister (Information Services Department)",https://www.isd.gov.gh/ghims-gives-state-ownership-of-ghanaian-medical-records-health-minister/,2025-10-29
GHA,Ghana,journey,35,GHIMS rollout begins at Tamale Teaching Hospital (Tamale Teaching Hospital),https://www.tth.gov.gh/blog/ghims-rollout-begins-at-tamale-teaching-hospital,2025-11-08
GHA,Ghana,journey,35,NHIA's electronic claims system enhances efficiency in healthcare reimbursement (National Health Insurance Authority),https://www.nhis.gov.gh/News/nhia%E2%80%99s-electronic-claims-system-enhances-efficiency-in-healthcare-reimbursement-5656,2025-02-28
GHA,Ghana,journey,35,"Beyond a single system: lessons from Ghana's discontinued national EHR (Ghana Medical Journal, PMC)",https://pmc.ncbi.nlm.nih.gov/articles/PMC12877703/,2025-12
GHA,Ghana,commercial,48,"Data Protection Act, 2012 (Act 843), full text (WHO Compendium of Public Health Legislation copy)",https://extranet.who.int/cpcd/sites/default/files/public_file_repository/GHA_Ghana_Data-Protection-Act_2012.pdf,2012
GHA,Ghana,commercial,48,"2026 will be a year of enforcement, Data Protection Commission warns (Ghana News Agency)",https://gna.org.gh/2026/01/2026-will-be-a-year-of-enforcement-data-protection-commission-warns/,2026-01-31
GHA,Ghana,commercial,48,"Electronic Pharmacy Policy (Pharmacy Council, Ghana)",https://pcghana.org/newwebsite/wp-content/uploads/2024/08/EPHARMACY-POLICY.pdf,undated
GHA,Ghana,clinical,28,"GHIMS gives state ownership of Ghanaian medical records, Health Minister (Information Services Department)",https://www.isd.gov.gh/ghims-gives-state-ownership-of-ghanaian-medical-records-health-minister/,2025-10-29
GHA,Ghana,clinical,28,Ghana Health Service and JICA launch National Teleconsultation Center project (Ghana Health Service),https://ghs.gov.gh/news-and-events/ghana-health-service-and-jica-launch-national-teleconsultation-center-project-to-drive-universal-health-coverage,2026-07-24
GHA,Ghana,clinical,28,"We don't own patient data; it belongs to the MOH, LHIMS Project Manager (MyJoyOnline)",https://www.myjoyonline.com/we-dont-own-patient-data-it-belongs-to-the-moh-lhims-project-manager/,2025-10-27
GHA,Ghana,clinical,28,"Beyond a single system: lessons from Ghana's discontinued national EHR (Ghana Medical Journal, PMC)",https://pmc.ncbi.nlm.nih.gov/articles/PMC12877703/,2025-12
GHA,Ghana,research,49,"Public Health Act, 2012 (Act 851), full text (Ministry of Health)",https://www.moh.gov.gh/wp-content/uploads/2016/02/Public-Health-Act-851.pdf,2012
GHA,Ghana,research,49,"Guideline for Authorization of Clinical Trials of Medicines, Food Supplements, Vaccines and Medical Devices in Ghana (Food and Drugs Authority)",https://fdaghana.gov.gh/guideline-for-authorization-of-clinical-trials-of-medicines-food-supplements-vaccines-and-medical-devices-in-ghana/,2024-01-15
GHA,Ghana,research,49,"Data Protection Act, 2012 (Act 843), full text (WHO Compendium of Public Health Legislation copy)",https://extranet.who.int/cpcd/sites/default/files/public_file_repository/GHA_Ghana_Data-Protection-Act_2012.pdf,2012
GHA,Ghana,research,49,"The GHS Patients Charter (Ghana Health Service, posted by Nandom Municipal Health Directorate)",https://www.nandomdistrict.gov.gh/wp-content/uploads/2026/07/Ghana-Health-Service-Patients-Charter_Nandom-MHD.pdf,undated
GHA,Ghana,ai,40,"Guideline for Registration of Software as a Medical Device, FDA/MCH/MDD/GL-RSAMD/2017/03 (Food and Drugs Authority)",https://fdaghana.gov.gh/guideline-for-registration-of-software-as-medical-device-3/,2017-12-01
GHA,Ghana,ai,40,Ghana launches AI-driven health programme to strengthen systems and safeguard communities (WHO Regional Office for Africa),https://www.afro.who.int/countries/ghana/news/ghana-launches-artificial-intelligence-driven-health-programme-strengthen-systems-and-safeguard,2026-05-17
GHA,Ghana,ai,40,Health Ministry develops AI policy to guide safe use of artificial intelligence in Ghana's healthcare system (MyJoyOnline),https://www.myjoyonline.com/health-ministry-develops-ai-policy-to-guide-safe-use-of-artificial-intelligence-in-ghanas-healthcare-system/,2026-08-06
GHA,Ghana,ai,40,"Govt to introduce new Data Protection Bill to regulate AI, cross-border data flows (Ghana News Agency)",https://gna.org.gh/2026/03/govt-to-introduce-new-data-protection-bill-to-regulate-ai-cross-border-data-flows/,2026-03-02
NGA,Nigeria,access,40,"Nigeria Data Protection Act, 2023 (Official Gazette copy, NDPC)",https://ndpc.gov.ng/wp-content/uploads/2024/03/Nigeria_Data_Protection_Act_2023.pdf,2023-07-01
NGA,Nigeria,access,40,NDP Act General Application and Implementation Directive (GAID) 2025 (NDPC),https://ndpc.gov.ng/wp-content/uploads/2025/07/NDP-ACT-GAID-2025-MARCH-20TH.pdf,2025-03-20
NGA,Nigeria,access,40,"National Health Act, 2014 (Official Gazette, FAOLEX copy)",https://faolex.fao.org/docs/pdf/nig162642.pdf,2014
NGA,Nigeria,access,40,Patients' Bill of Rights (Consumer Protection Council and Federal Ministry of Health; copy hosted by Infusion Lawyers),https://infusionlawyers.com/wp-content/uploads/2018/08/Patients-Bill-of-Rights-PBoR-Long-version.pdf,2018
NGA,Nigeria,control,28,"National Health Act, 2014 (Official Gazette, FAOLEX copy)",https://faolex.fao.org/docs/pdf/nig162642.pdf,2014
NGA,Nigeria,control,28,"Nigeria Data Protection Act, 2023 (Official Gazette copy, NDPC)",https://ndpc.gov.ng/wp-content/uploads/2024/03/Nigeria_Data_Protection_Act_2023.pdf,2023-07-01
NGA,Nigeria,control,28,NDP Act General Application and Implementation Directive (GAID) 2025 (NDPC),https://ndpc.gov.ng/wp-content/uploads/2025/07/NDP-ACT-GAID-2025-MARCH-20TH.pdf,2025-03-20
NGA,Nigeria,control,28,"Nigerian govt sued over deal to share citizens' health data with US (Daily Trust, from Premium Times)",https://dailytrust.com/nigerian-govt-sued-over-deal-to-share-citizens-health-data-with-us/,2026-03-20
NGA,Nigeria,privacy,45,"Nigeria Data Protection Act, 2023 (Official Gazette copy, NDPC)",https://ndpc.gov.ng/wp-content/uploads/2024/03/Nigeria_Data_Protection_Act_2023.pdf,2023-07-01
NGA,Nigeria,privacy,45,"National Health Act, 2014 (Official Gazette, FAOLEX copy)",https://faolex.fao.org/docs/pdf/nig162642.pdf,2014
NGA,Nigeria,privacy,45,Inside Nigeria's deal to write off $32.8 million fine against Meta (Premium Times),https://www.premiumtimesng.com/news/headlines/873350-exclusive-inside-nigerias-deal-to-write-off-32-8-million-fine-against-meta.html,2026-04-26
NGA,Nigeria,privacy,45,"Airlines, hospitals... major data controllers not registered under NDPC (FIJ)",https://fij.ng/article/alert-airlines-hospitals-major-data-controllers-not-registered-under-ndpc/,2026-05-30
NGA,Nigeria,journey,28,Nigeria needs N500 billion to scale digital health infrastructure over five years (Premium Times),https://www.premiumtimesng.com/health/health-news/890930-nigeria-needs-%E2%82%A6500-billion-to-scale-digital-health-infrastructure-over-five-years-official.html,2026-06-26
NGA,Nigeria,journey,28,Nigeria Digital in Health Initiative (Federal Ministry of Health and Social Welfare),https://www.digitalhealth.gov.ng/,undated
NGA,Nigeria,journey,28,"FG records major gains in health sector renewal, approves N32.8 billion BHCPF disbursement (Federal Ministry of Information)",https://fmino.gov.ng/fg-records-major-gains-in-health-sector-renewal-approves-n32-8-billion-bhcpf-disbursement-to-states/,2026-06-27
NGA,Nigeria,journey,28,Federal Govt expands electronic medical records deployment across health facilities (Leadership),https://leadership.ng/federal-govt-expands-electronic-medical-records-deployment-across-health-facilities/,2026-06-17
NGA,Nigeria,commercial,42,NDP Act General Application and Implementation Directive (GAID) 2025 (NDPC),https://ndpc.gov.ng/wp-content/uploads/2025/07/NDP-ACT-GAID-2025-MARCH-20TH.pdf,2025-03-20
NGA,Nigeria,commercial,42,"Nigeria Data Protection Act, 2023 (Official Gazette copy, NDPC)",https://ndpc.gov.ng/wp-content/uploads/2024/03/Nigeria_Data_Protection_Act_2023.pdf,2023-07-01
NGA,Nigeria,commercial,42,Inside Nigeria's deal to write off $32.8 million fine against Meta (Premium Times),https://www.premiumtimesng.com/news/headlines/873350-exclusive-inside-nigerias-deal-to-write-off-32-8-million-fine-against-meta.html,2026-04-26
NGA,Nigeria,commercial,42,"Review of Nigeria's Digital Health Services Bill, 2025 (Tech Hive Advisory)",https://www.techhiveadvisory.africa/insights/review-of-nigerias-digital-health-services-bill-2025,2025-11-10
NGA,Nigeria,clinical,22,"National Health Act, 2014 (Official Gazette, FAOLEX copy)",https://faolex.fao.org/docs/pdf/nig162642.pdf,2014
NGA,Nigeria,clinical,22,Senate advances bill to integrate e-health services in Nigeria (Vanguard),https://www.vanguardngr.com/2026/07/senate-advances-bill-to-integrate-e-health-services-in-nigeria/,2026-07-08
NGA,Nigeria,clinical,22,"Nigerian govt unveils blueprint for secure, interoperable digital health system (Premium Times)",https://www.premiumtimesng.com/news/top-news/898831-nigerian-govt-unveils-blueprint-for-secure-interoperable-digital-health-system.html,2026-07-28
NGA,Nigeria,research,50,"National Health Act, 2014 (Official Gazette, FAOLEX copy)",https://faolex.fao.org/docs/pdf/nig162642.pdf,2014
NGA,Nigeria,research,50,"National Code of Health Research Ethics (NHREC, Federal Ministry of Health)",https://healthresearchwebafrica.org.za/files/NCHRECurrentVersion.pdf,2007-08-13
NGA,Nigeria,research,50,"Nigeria Data Protection Act, 2023 (Official Gazette copy, NDPC)",https://ndpc.gov.ng/wp-content/uploads/2024/03/Nigeria_Data_Protection_Act_2023.pdf,2023-07-01
NGA,Nigeria,ai,38,"Guidelines for Registration of Software as a Medical Device (SaMD) in Nigeria, DR&R-GDL-036-00 (NAFDAC)",https://nafdac.gov.ng/wp-content/uploads/Files/Resources/Guidelines/DR_And_R_Guidelines/Guidelines-for-Registration-of-Software-as-a-Medical-Device-SaMD-in-Nigeria.pdf,2024-07-01
NGA,Nigeria,ai,38,NDP Act General Application and Implementation Directive (GAID) 2025 (NDPC),https://ndpc.gov.ng/wp-content/uploads/2025/07/NDP-ACT-GAID-2025-MARCH-20TH.pdf,2025-03-20
NGA,Nigeria,ai,38,"Senate begins consideration of bill to regulate AI diagnostics, IVF and emerging health technologies (National Assembly Library Trust Fund)",https://naltf.gov.ng/senate-begins-consideration-of-landmark-bill-to-regulate-ai-diagnostics-ivf-and-emerging-health-technologies/,2026-07-24
NGA,Nigeria,ai,38,"Nigerian govt unveils blueprint for secure, interoperable digital health system (Premium Times)",https://www.premiumtimesng.com/news/top-news/898831-nigerian-govt-unveils-blueprint-for-secure-interoperable-digital-health-system.html,2026-07-28
EGY,Egypt,access,30,"Law No. 151 of 2020, Personal Data Protection Law (English translation, Andersen Egypt)",https://eg.andersen.com/wp-content/uploads/2025/06/Law-No.-151-OF-2020.pdf,undated
EGY,Egypt,access,30,"Executive Regulations of the Personal Data Protection Law: a legal commentary (Masaar and EIPR, Arabic)",https://eipr.org/sites/default/files/reports/pdf/_-_hmy_lbynt-2.pdf,2026-02
EGY,Egypt,access,30,"Hospital policy on patient rights (newborns and families), Egyptian Health Council training portal (Arabic)",https://lms.ehc.gov.eg/lms/mod/book/view.php?id=457&chapterid=2491&lang=ar,undated
EGY,Egypt,access,30,"Prime Minister reviews Egypt Healthcare Authority results for H1 2025/2026 (Youm7, Arabic)",https://www.youm7.com/story/2026/9/5/%D9%85%D8%AF%D8%A8%D9%88%D9%84%D9%89-%D9%8A%D8%B3%D8%AA%D8%B9%D8%B1%D8%B6-%D8%AA%D9%82%D8%B1%D9%8A%D8%B1%D9%8B%D8%A7-%D8%AD%D9%88%D9%84-%D8%A5%D9%86%D8%AC%D8%A7%D8%B2%D8%A7%D8%AA-%D8%A7%D9%84%D8%B1%D8%B9%D8%A7%D9%8A%D8%A9-%D8%A7%D9%84%D8%B5%D8%AD%D9%8A%D8%A9-%D8%A8%D8%A7%D9%84%D9%86%D8%B5%D9%81-%D8%A7%D9%84%D8%A3%D9%88%D9%84-%D9%85%D9%86/7536515,2026-09-05
EGY,Egypt,control,25,"Universal Health Insurance Law No. 2 of 2018, full text (Manshurat legal archive, Arabic)",https://manshurat.org/node/63712,2018
EGY,Egypt,control,25,Universal Health Insurance Authority home page: registration steps (Arabic),https://uhia.gov.eg/,undated
EGY,Egypt,control,25,"Law No. 151 of 2020, Personal Data Protection Law (English translation, Andersen Egypt)",https://eg.andersen.com/wp-content/uploads/2025/06/Law-No.-151-OF-2020.pdf,undated
EGY,Egypt,control,25,"Hospital policy on patient rights (newborns and families), Egyptian Health Council training portal (Arabic)",https://lms.ehc.gov.eg/lms/mod/book/view.php?id=457&chapterid=2491&lang=ar,undated
EGY,Egypt,privacy,36,"Law No. 151 of 2020, Personal Data Protection Law (English translation, Andersen Egypt)",https://eg.andersen.com/wp-content/uploads/2025/06/Law-No.-151-OF-2020.pdf,undated
EGY,Egypt,privacy,36,"President ratifies the Personal Data Protection Law (State Information Service, Arabic)",https://sis.gov.eg/ar/%D8%A7%D9%84%D8%B1%D8%A6%D8%A7%D8%B3%D8%A9/%D8%B4%D8%A6%D9%88%D9%86-%D8%AF%D8%A7%D8%AE%D9%84%D9%8A%D8%A9/%D8%A7%D9%84%D9%82%D8%B1%D8%A7%D8%B1%D8%A7%D8%AA-%D8%A7%D9%84%D8%B1%D8%A6%D8%A7%D8%B3%D9%8A%D8%A9/%D8%A7%D9%84%D8%B1%D8%A6%D9%8A%D8%B3-%D8%A7%D9%84%D8%B3%D9%8A%D8%B3%D9%89%D9%8A-%D9%8A-%D8%B5%D8%AF-%D9%82-%D8%B9%D9%84%D9%89-%D9%82%D8%A7%D9%86%D9%88%D9%86-%D8%AD%D9%85%D8%A7%D9%8A%D8%A9-%D8%A7%D9%84%D8%A8%D9%8A%D8%A7%D9%86%D8%A7%D8%AA-%D8%A7%D9%84%D8%B4%D8%AE%D8%B5%D9%8A%D8%A9/,2020-07-15
EGY,Egypt,privacy,36,"Executive Regulations of the Personal Data Protection Law: a legal commentary (Masaar and EIPR, Arabic)",https://eipr.org/sites/default/files/reports/pdf/_-_hmy_lbynt-2.pdf,2026-02
EGY,Egypt,privacy,36,"Law No. 13 of 2025 on Medical Liability and Patient Safety, Official Gazette No. 17 bis (Ministry of Justice, Arabic)",https://moj.gov.eg:73/Doc/001/70640132025.pdf,2025-04-28
EGY,Egypt,journey,35,"Health ministry: universal insurance delivered 117 million services to 6 million people (Youm7, Arabic)",https://www.youm7.com/story/2026/7/6/%D9%88%D8%B2%D8%A7%D8%B1%D8%A9-%D8%A7%D9%84%D8%B5%D8%AD%D8%A9-%D8%A7%D9%84%D8%AA%D8%A3%D9%85%D9%8A%D9%86-%D8%A7%D9%84%D8%B5%D8%AD%D9%89-%D8%A7%D9%84%D8%B4%D8%A7%D9%85%D9%84-%D9%82%D8%AF%D9%85-%D8%A3%D9%83%D8%AB%D8%B1-%D9%85%D9%86-117-%D9%85%D9%84%D9%8A%D9%88%D9%86/7471635,2026-07-06
EGY,Egypt,journey,35,"Prime Minister reviews Egypt Healthcare Authority results for H1 2025/2026 (Youm7, Arabic)",https://www.youm7.com/story/2026/9/5/%D9%85%D8%AF%D8%A8%D9%88%D9%84%D9%89-%D9%8A%D8%B3%D8%AA%D8%B9%D8%B1%D8%B6-%D8%AA%D9%82%D8%B1%D9%8A%D8%B1%D9%8B%D8%A7-%D8%AD%D9%88%D9%84-%D8%A5%D9%86%D8%AC%D8%A7%D8%B2%D8%A7%D8%AA-%D8%A7%D9%84%D8%B1%D8%B9%D8%A7%D9%8A%D8%A9-%D8%A7%D9%84%D8%B5%D8%AD%D9%8A%D8%A9-%D8%A8%D8%A7%D9%84%D9%86%D8%B5%D9%81-%D8%A7%D9%84%D8%A3%D9%88%D9%84-%D9%85%D9%86/7536515,2026-09-05
EGY,Egypt,journey,35,"National Digital Health Strategy 2025-2029 (State Information Service, Arabic)",https://sis.gov.eg/ar/%D8%A7%D9%84%D9%85%D8%B1%D9%83%D8%B2-%D8%A7%D9%84%D8%A5%D8%B9%D9%84%D8%A7%D9%85%D9%8A/%D8%A7%D8%B3%D8%AA%D8%B1%D8%A7%D8%AA%D9%8A%D8%AC%D9%8A%D8%A7%D8%AA/%D8%A7%D9%84%D8%A7%D8%B3%D8%AA%D8%B1%D8%A7%D8%AA%D9%8A%D8%AC%D9%8A%D8%A9-%D8%A7%D9%84%D9%88%D8%B7%D9%86%D9%8A%D8%A9-%D9%84%D9%84%D8%B5%D8%AD%D8%A9-%D8%A7%D9%84%D8%B1%D9%82%D9%85%D9%8A%D8%A9-2025-2029/,2025-11-15
EGY,Egypt,journey,35,Egypt plans unified digital platform to link patient records across health facilities (Daily News Egypt),https://www.dailynewsegypt.com/2026/09/14/egypt-plans-unified-digital-platform-to-link-patient-records-across-health-facilities/,2026-09-14
EGY,Egypt,commercial,40,"Law No. 151 of 2020, Personal Data Protection Law (English translation, Andersen Egypt)",https://eg.andersen.com/wp-content/uploads/2025/06/Law-No.-151-OF-2020.pdf,undated
EGY,Egypt,commercial,40,"Executive Regulations of the Data Protection Law and the Data Protection Centre (Soliman, Hashish & Partners)",https://www.shandpartners.com/insights/briefings/telecoms-media-technology/the-issuance-of-the-executive-regulations-of-the-data-protection-law-and-the-establishment-of-the-data-protection-centre/,2026-01-11
EGY,Egypt,commercial,40,"Law No. 214 of 2020 on Clinical Medical Research, Official Gazette No. 51 bis (f) (Arabic)",https://nrc-mrec.online/?jet_download=c70bfcea951063cca1a77b849268a5dca8fe1356,2020-12-23
EGY,Egypt,commercial,40,"Law No. 13 of 2025 on Medical Liability and Patient Safety, Official Gazette No. 17 bis (Ministry of Justice, Arabic)",https://moj.gov.eg:73/Doc/001/70640132025.pdf,2025-04-28
EGY,Egypt,clinical,30,"Prime Minister reviews Egypt Healthcare Authority results for H1 2025/2026 (Youm7, Arabic)",https://www.youm7.com/story/2026/9/5/%D9%85%D8%AF%D8%A8%D9%88%D9%84%D9%89-%D9%8A%D8%B3%D8%AA%D8%B9%D8%B1%D8%B6-%D8%AA%D9%82%D8%B1%D9%8A%D8%B1%D9%8B%D8%A7-%D8%AD%D9%88%D9%84-%D8%A5%D9%86%D8%AC%D8%A7%D8%B2%D8%A7%D8%AA-%D8%A7%D9%84%D8%B1%D8%B9%D8%A7%D9%8A%D8%A9-%D8%A7%D9%84%D8%B5%D8%AD%D9%8A%D8%A9-%D8%A8%D8%A7%D9%84%D9%86%D8%B5%D9%81-%D8%A7%D9%84%D8%A3%D9%88%D9%84-%D9%85%D9%86/7536515,2026-09-05
EGY,Egypt,clinical,30,"Hospital policy on patient rights (newborns and families), Egyptian Health Council training portal (Arabic)",https://lms.ehc.gov.eg/lms/mod/book/view.php?id=457&chapterid=2491&lang=ar,undated
EGY,Egypt,clinical,30,"Law No. 13 of 2025 on Medical Liability and Patient Safety, Official Gazette No. 17 bis (Ministry of Justice, Arabic)",https://moj.gov.eg:73/Doc/001/70640132025.pdf,2025-04-28
EGY,Egypt,clinical,30,Egypt plans unified digital platform to link patient records across health facilities (Daily News Egypt),https://www.dailynewsegypt.com/2026/09/14/egypt-plans-unified-digital-platform-to-link-patient-records-across-health-facilities/,2026-09-14
EGY,Egypt,research,50,"Law No. 214 of 2020 on Clinical Medical Research, Official Gazette No. 51 bis (f) (Arabic)",https://nrc-mrec.online/?jet_download=c70bfcea951063cca1a77b849268a5dca8fe1356,2020-12-23
EGY,Egypt,research,50,"Hospital policy on patient rights (newborns and families), Egyptian Health Council training portal (Arabic)",https://lms.ehc.gov.eg/lms/mod/book/view.php?id=457&chapterid=2491&lang=ar,undated
EGY,Egypt,research,50,Egypt plans to establish first national center for health data science (State Information Service),https://sis.gov.eg/en/media-center/news/egypt-plans-to-establish-first-national-center-for-health-data-science/,2026-05-16
EGY,Egypt,ai,40,Egyptian Charter for Responsible AI (National Council for AI),https://ai.gov.eg/SynchedFiles/en/Resources/Egyptian%20Charter%20for%20Responsible%20AI.pdf,2023
EGY,Egypt,ai,40,Egypt National Artificial Intelligence Strategy 2025-2030 (OECD.AI Policy Navigator),https://oecd.ai/en/dashboards/policy-initiatives/egypt-national-artificial-intelligence-strategy,2026-02-10
EGY,Egypt,ai,40,"Regulatory guideline on changes to a registered medical device, version 3 (Egyptian Drug Authority)",https://www.edaegypt.gov.eg/media/jf2cxmo4/3-regulatory-guideline-of-the-procedures-and-rules-organizing-the-changes-done-to-a-registration-license-data-of-a-medical-device_gd.pdf,2025-09-01
EGY,Egypt,ai,40,"Four ICT bills before parliament, from AI to child protection (El Watan, Arabic)",https://www.elwatannews.com/news/details/8341286,2026-08-17
